method,category,seed,subset,condition,severity,family,defect_type,image_path,score
M1_uniform,cable,0,val,none,,,good,026.png,28.025705337524414
M1_uniform,cable,0,val,none,,,good,040.png,28.998783111572266
M1_uniform,cable,0,val,none,,,good,044.png,28.5457820892334
M1_uniform,cable,0,val,none,,,good,049.png,29.50850486755371
M1_uniform,cable,0,val,none,,,good,051.png,27.90153694152832
M1_uniform,cable,0,val,none,,,good,060.png,28.154359817504883
M1_uniform,cable,0,val,none,,,good,070.png,28.42696762084961
M1_uniform,cable,0,val,none,,,good,076.png,29.784337997436523
M1_uniform,cable,0,val,none,,,good,094.png,29.256433486938477
M1_uniform,cable,0,val,none,,,good,097.png,29.5694637298584
M1_uniform,cable,0,val,none,,,good,108.png,29.774648666381836
M1_uniform,cable,0,val,none,,,good,127.png,28.391883850097656
M1_uniform,cable,0,val,none,,,good,169.png,29.02642250061035
M1_uniform,cable,0,val,none,,,good,170.png,28.227073669433594
M1_uniform,cable,0,val,none,,,good,179.png,28.0863094329834
M1_uniform,cable,0,val,none,,,good,185.png,28.178760528564453
M1_uniform,cable,0,val,none,,,good,196.png,29.168331146240234
M1_uniform,cable,0,val,none,,,good,197.png,28.731891632080078
M1_uniform,cable,0,val,none,,,good,210.png,28.09578514099121
M1_uniform,cable,0,val,none,,,good,214.png,28.228382110595703
M1_uniform,cable,0,clean_good,none,,,good,/root/autodl-tmp/research-experiments/industrial-anomaly-detection/data/mvtec_ad/cable/test/good/000.png,34.60464096069336
M1_uniform,cable,0,clean_good,none,,,good,/root/autodl-tmp/research-experiments/industrial-anomaly-detection/data/mvtec_ad/cable/test/good/001.png,39.18168258666992
M1_uniform,cable,0,clean_good,none,,,good,/root/autodl-tmp/research-experiments/industrial-anomaly-detection/data/mvtec_ad/cable/test/good/002.png,36.99836349487305
M1_uniform,cable,0,clean_good,none,,,good,/root/autodl-tmp/research-experiments/industrial-anomaly-detection/data/mvtec_ad/cable/test/good/003.png,34.506961822509766
M1_uniform,cable,0,clean_good,none,,,good,/root/autodl-tmp/research-experiments/industrial-anomaly-detection/data/mvtec_ad/cable/test/good/004.png,34.96253967285156
M1_uniform,cable,0,clean_good,none,,,good,/root/autodl-tmp/research-experiments/industrial-anomaly-detection/data/mvtec_ad/cable/test/good/005.png,34.933467864990234
M1_uniform,cable,0,clean_good,none,,,good,/root/autodl-tmp/research-experiments/industrial-anomaly-detection/data/mvtec_ad/cable/test/good/006.png,36.32108688354492
M1_uniform,cable,0,clean_good,none,,,good,/root/autodl-tmp/research-experiments/industrial-anomaly-detection/data/mvtec_ad/cable/test/good/007.png,36.902626037597656
M1_uniform,cable,0,clean_good,none,,,good,/root/autodl-tmp/research-experiments/industrial-anomaly-detection/data/mvtec_ad/cable/test/good/008.png,36.8438835144043
M1_uniform,cable,0,clean_good,none,,,good,/root/autodl-tmp/research-experiments/industrial-anomaly-detection/data/mvtec_ad/cable/test/good/009.png,36.09885787963867
M1_uniform,cable,0,clean_good,none,,,good,/root/autodl-tmp/research-experiments/industrial-anomaly-detection/data/mvtec_ad/cable/test/good/010.png,34.61313247680664
M1_uniform,cable,0,clean_good,none,,,good,/root/autodl-tmp/research-experiments/industrial-anomaly-detection/data/mvtec_ad/cable/test/good/011.png,37.86757278442383
M1_uniform,cable,0,clean_good,none,,,good,/root/autodl-tmp/research-experiments/industrial-anomaly-detection/data/mvtec_ad/cable/test/good/012.png,37.190555572509766
M1_uniform,cable,0,clean_good,none,,,good,/root/autodl-tmp/research-experiments/industrial-anomaly-detection/data/mvtec_ad/cable/test/good/013.png,40.43870162963867
M1_uniform,cable,0,clean_good,none,,,good,/root/autodl-tmp/research-experiments/industrial-anomaly-detection/data/mvtec_ad/cable/test/good/014.png,37.08908462524414
M1_uniform,cable,0,clean_good,none,,,good,/root/autodl-tmp/research-experiments/industrial-anomaly-detection/data/mvtec_ad/cable/test/good/015.png,37.02783203125
M1_uniform,cable,0,clean_good,none,,,good,/root/autodl-tmp/research-experiments/industrial-anomaly-detection/data/mvtec_ad/cable/test/good/016.png,37.60833740234375
M1_uniform,cable,0,clean_good,none,,,good,/root/autodl-tmp/research-experiments/industrial-anomaly-detection/data/mvtec_ad/cable/test/good/017.png,35.401493072509766
M1_uniform,cable,0,clean_good,none,,,good,/root/autodl-tmp/research-experiments/industrial-anomaly-detection/data/mvtec_ad/cable/test/good/018.png,38.39763259887695
M1_uniform,cable,0,clean_good,none,,,good,/root/autodl-tmp/research-experiments/industrial-anomaly-detection/data/mvtec_ad/cable/test/good/019.png,39.323455810546875
M1_uniform,cable,0,clean_good,none,,,good,/root/autodl-tmp/research-experiments/industrial-anomaly-detection/data/mvtec_ad/cable/test/good/020.png,35.192752838134766
M1_uniform,cable,0,clean_good,none,,,good,/root/autodl-tmp/research-experiments/industrial-anomaly-detection/data/mvtec_ad/cable/test/good/021.png,36.431793212890625
M1_uniform,cable,0,clean_good,none,,,good,/root/autodl-tmp/research-experiments/industrial-anomaly-detection/data/mvtec_ad/cable/test/good/022.png,37.32057571411133
M1_uniform,cable,0,clean_good,none,,,good,/root/autodl-tmp/research-experiments/industrial-anomaly-detection/data/mvtec_ad/cable/test/good/023.png,35.9086799621582
M1_uniform,cable,0,clean_good,none,,,good,/root/autodl-tmp/research-experiments/industrial-anomaly-detection/data/mvtec_ad/cable/test/good/024.png,37.102596282958984
M1_uniform,cable,0,clean_good,none,,,good,/root/autodl-tmp/research-experiments/industrial-anomaly-detection/data/mvtec_ad/cable/test/good/025.png,35.484378814697266
M1_uniform,cable,0,clean_good,none,,,good,/root/autodl-tmp/research-experiments/industrial-anomaly-detection/data/mvtec_ad/cable/test/good/026.png,35.2212028503418
M1_uniform,cable,0,clean_good,none,,,good,/root/autodl-tmp/research-experiments/industrial-anomaly-detection/data/mvtec_ad/cable/test/good/027.png,36.238365173339844
M1_uniform,cable,0,clean_good,none,,,good,/root/autodl-tmp/research-experiments/industrial-anomaly-detection/data/mvtec_ad/cable/test/good/028.png,35.18447494506836
M1_uniform,cable,0,clean_good,none,,,good,/root/autodl-tmp/research-experiments/industrial-anomaly-detection/data/mvtec_ad/cable/test/good/029.png,35.334815979003906
M1_uniform,cable,0,clean_good,none,,,good,/root/autodl-tmp/research-experiments/industrial-anomaly-detection/data/mvtec_ad/cable/test/good/030.png,41.29656982421875
M1_uniform,cable,0,clean_good,none,,,good,/root/autodl-tmp/research-experiments/industrial-anomaly-detection/data/mvtec_ad/cable/test/good/031.png,38.68345642089844
M1_uniform,cable,0,clean_good,none,,,good,/root/autodl-tmp/research-experiments/industrial-anomaly-detection/data/mvtec_ad/cable/test/good/032.png,38.19044494628906
M1_uniform,cable,0,clean_good,none,,,good,/root/autodl-tmp/research-experiments/industrial-anomaly-detection/data/mvtec_ad/cable/test/good/033.png,36.03876495361328
M1_uniform,cable,0,clean_good,none,,,good,/root/autodl-tmp/research-experiments/industrial-anomaly-detection/data/mvtec_ad/cable/test/good/034.png,38.7985954284668
M1_uniform,cable,0,clean_good,none,,,good,/root/autodl-tmp/research-experiments/industrial-anomaly-detection/data/mvtec_ad/cable/test/good/035.png,36.013893127441406
M1_uniform,cable,0,clean_good,none,,,good,/root/autodl-tmp/research-experiments/industrial-anomaly-detection/data/mvtec_ad/cable/test/good/036.png,37.37276077270508
M1_uniform,cable,0,clean_good,none,,,good,/root/autodl-tmp/research-experiments/industrial-anomaly-detection/data/mvtec_ad/cable/test/good/037.png,37.03493881225586
M1_uniform,cable,0,clean_good,none,,,good,/root/autodl-tmp/research-experiments/industrial-anomaly-detection/data/mvtec_ad/cable/test/good/038.png,39.67506790161133
M1_uniform,cable,0,clean_good,none,,,good,/root/autodl-tmp/research-experiments/industrial-anomaly-detection/data/mvtec_ad/cable/test/good/039.png,38.23698043823242
M1_uniform,cable,0,clean_good,none,,,good,/root/autodl-tmp/research-experiments/industrial-anomaly-detection/data/mvtec_ad/cable/test/good/040.png,35.52878189086914
M1_uniform,cable,0,clean_good,none,,,good,/root/autodl-tmp/research-experiments/industrial-anomaly-detection/data/mvtec_ad/cable/test/good/041.png,39.44561004638672
M1_uniform,cable,0,clean_good,none,,,good,/root/autodl-tmp/research-experiments/industrial-anomaly-detection/data/mvtec_ad/cable/test/good/042.png,38.825557708740234
M1_uniform,cable,0,clean_good,none,,,good,/root/autodl-tmp/research-experiments/industrial-anomaly-detection/data/mvtec_ad/cable/test/good/043.png,36.418209075927734
M1_uniform,cable,0,clean_good,none,,,good,/root/autodl-tmp/research-experiments/industrial-anomaly-detection/data/mvtec_ad/cable/test/good/044.png,37.76091384887695
M1_uniform,cable,0,clean_good,none,,,good,/root/autodl-tmp/research-experiments/industrial-anomaly-detection/data/mvtec_ad/cable/test/good/045.png,37.29666519165039
M1_uniform,cable,0,clean_good,none,,,good,/root/autodl-tmp/research-experiments/industrial-anomaly-detection/data/mvtec_ad/cable/test/good/046.png,35.425167083740234
M1_uniform,cable,0,clean_good,none,,,good,/root/autodl-tmp/research-experiments/industrial-anomaly-detection/data/mvtec_ad/cable/test/good/047.png,36.783935546875
M1_uniform,cable,0,clean_good,none,,,good,/root/autodl-tmp/research-experiments/industrial-anomaly-detection/data/mvtec_ad/cable/test/good/048.png,37.91445541381836
M1_uniform,cable,0,clean_good,none,,,good,/root/autodl-tmp/research-experiments/industrial-anomaly-detection/data/mvtec_ad/cable/test/good/049.png,37.49553680419922
M1_uniform,cable,0,clean_good,none,,,good,/root/autodl-tmp/research-experiments/industrial-anomaly-detection/data/mvtec_ad/cable/test/good/050.png,36.771480560302734
M1_uniform,cable,0,clean_good,none,,,good,/root/autodl-tmp/research-experiments/industrial-anomaly-detection/data/mvtec_ad/cable/test/good/051.png,38.15024948120117
M1_uniform,cable,0,clean_good,none,,,good,/root/autodl-tmp/research-experiments/industrial-anomaly-detection/data/mvtec_ad/cable/test/good/052.png,34.332149505615234
M1_uniform,cable,0,clean_good,none,,,good,/root/autodl-tmp/research-experiments/industrial-anomaly-detection/data/mvtec_ad/cable/test/good/053.png,37.699012756347656
M1_uniform,cable,0,clean_good,none,,,good,/root/autodl-tmp/research-experiments/industrial-anomaly-detection/data/mvtec_ad/cable/test/good/054.png,36.93385314941406
M1_uniform,cable,0,clean_good,none,,,good,/root/autodl-tmp/research-experiments/industrial-anomaly-detection/data/mvtec_ad/cable/test/good/055.png,39.63269805908203
M1_uniform,cable,0,clean_good,none,,,good,/root/autodl-tmp/research-experiments/industrial-anomaly-detection/data/mvtec_ad/cable/test/good/056.png,35.828834533691406
M1_uniform,cable,0,clean_good,none,,,good,/root/autodl-tmp/research-experiments/industrial-anomaly-detection/data/mvtec_ad/cable/test/good/057.png,44.14657211303711
M1_uniform,cable,0,clean_defect,none,,,bent_wire,/root/autodl-tmp/research-experiments/industrial-anomaly-detection/data/mvtec_ad/cable/test/bent_wire/000.png,56.77735900878906
M1_uniform,cable,0,clean_defect,none,,,bent_wire,/root/autodl-tmp/research-experiments/industrial-anomaly-detection/data/mvtec_ad/cable/test/bent_wire/001.png,60.15435028076172
M1_uniform,cable,0,clean_defect,none,,,bent_wire,/root/autodl-tmp/research-experiments/industrial-anomaly-detection/data/mvtec_ad/cable/test/bent_wire/002.png,62.59778594970703
M1_uniform,cable,0,clean_defect,none,,,bent_wire,/root/autodl-tmp/research-experiments/industrial-anomaly-detection/data/mvtec_ad/cable/test/bent_wire/003.png,57.97488021850586
M1_uniform,cable,0,clean_defect,none,,,bent_wire,/root/autodl-tmp/research-experiments/industrial-anomaly-detection/data/mvtec_ad/cable/test/bent_wire/004.png,62.26199722290039
M1_uniform,cable,0,clean_defect,none,,,bent_wire,/root/autodl-tmp/research-experiments/industrial-anomaly-detection/data/mvtec_ad/cable/test/bent_wire/005.png,61.69011688232422
M1_uniform,cable,0,clean_defect,none,,,bent_wire,/root/autodl-tmp/research-experiments/industrial-anomaly-detection/data/mvtec_ad/cable/test/bent_wire/006.png,59.262481689453125
M1_uniform,cable,0,clean_defect,none,,,bent_wire,/root/autodl-tmp/research-experiments/industrial-anomaly-detection/data/mvtec_ad/cable/test/bent_wire/007.png,56.9053955078125
M1_uniform,cable,0,clean_defect,none,,,bent_wire,/root/autodl-tmp/research-experiments/industrial-anomaly-detection/data/mvtec_ad/cable/test/bent_wire/008.png,48.59792709350586
M1_uniform,cable,0,clean_defect,none,,,bent_wire,/root/autodl-tmp/research-experiments/industrial-anomaly-detection/data/mvtec_ad/cable/test/bent_wire/009.png,66.1568832397461
M1_uniform,cable,0,clean_defect,none,,,bent_wire,/root/autodl-tmp/research-experiments/industrial-anomaly-detection/data/mvtec_ad/cable/test/bent_wire/010.png,59.76958084106445
M1_uniform,cable,0,clean_defect,none,,,bent_wire,/root/autodl-tmp/research-experiments/industrial-anomaly-detection/data/mvtec_ad/cable/test/bent_wire/011.png,69.0580825805664
M1_uniform,cable,0,clean_defect,none,,,bent_wire,/root/autodl-tmp/research-experiments/industrial-anomaly-detection/data/mvtec_ad/cable/test/bent_wire/012.png,58.96246337890625
M1_uniform,cable,0,clean_defect,none,,,cable_swap,/root/autodl-tmp/research-experiments/industrial-anomaly-detection/data/mvtec_ad/cable/test/cable_swap/000.png,39.98365783691406
M1_uniform,cable,0,clean_defect,none,,,cable_swap,/root/autodl-tmp/research-experiments/industrial-anomaly-detection/data/mvtec_ad/cable/test/cable_swap/001.png,43.36533737182617
M1_uniform,cable,0,clean_defect,none,,,cable_swap,/root/autodl-tmp/research-experiments/industrial-anomaly-detection/data/mvtec_ad/cable/test/cable_swap/002.png,42.10527038574219
M1_uniform,cable,0,clean_defect,none,,,cable_swap,/root/autodl-tmp/research-experiments/industrial-anomaly-detection/data/mvtec_ad/cable/test/cable_swap/003.png,41.23123550415039
M1_uniform,cable,0,clean_defect,none,,,cable_swap,/root/autodl-tmp/research-experiments/industrial-anomaly-detection/data/mvtec_ad/cable/test/cable_swap/004.png,41.62417221069336
M1_uniform,cable,0,clean_defect,none,,,cable_swap,/root/autodl-tmp/research-experiments/industrial-anomaly-detection/data/mvtec_ad/cable/test/cable_swap/005.png,40.242008209228516
M1_uniform,cable,0,clean_defect,none,,,cable_swap,/root/autodl-tmp/research-experiments/industrial-anomaly-detection/data/mvtec_ad/cable/test/cable_swap/006.png,37.088260650634766
M1_uniform,cable,0,clean_defect,none,,,cable_swap,/root/autodl-tmp/research-experiments/industrial-anomaly-detection/data/mvtec_ad/cable/test/cable_swap/007.png,40.02316665649414
M1_uniform,cable,0,clean_defect,none,,,cable_swap,/root/autodl-tmp/research-experiments/industrial-anomaly-detection/data/mvtec_ad/cable/test/cable_swap/008.png,41.27855682373047
M1_uniform,cable,0,clean_defect,none,,,cable_swap,/root/autodl-tmp/research-experiments/industrial-anomaly-detection/data/mvtec_ad/cable/test/cable_swap/009.png,40.63531494140625
M1_uniform,cable,0,clean_defect,none,,,cable_swap,/root/autodl-tmp/research-experiments/industrial-anomaly-detection/data/mvtec_ad/cable/test/cable_swap/010.png,40.07086944580078
M1_uniform,cable,0,clean_defect,none,,,cable_swap,/root/autodl-tmp/research-experiments/industrial-anomaly-detection/data/mvtec_ad/cable/test/cable_swap/011.png,42.141929626464844
M1_uniform,cable,0,clean_defect,none,,,combined,/root/autodl-tmp/research-experiments/industrial-anomaly-detection/data/mvtec_ad/cable/test/combined/000.png,63.3651008605957
M1_uniform,cable,0,clean_defect,none,,,combined,/root/autodl-tmp/research-experiments/industrial-anomaly-detection/data/mvtec_ad/cable/test/combined/001.png,60.37843704223633
M1_uniform,cable,0,clean_defect,none,,,combined,/root/autodl-tmp/research-experiments/industrial-anomaly-detection/data/mvtec_ad/cable/test/combined/002.png,54.39131164550781
M1_uniform,cable,0,clean_defect,none,,,combined,/root/autodl-tmp/research-experiments/industrial-anomaly-detection/data/mvtec_ad/cable/test/combined/003.png,56.113094329833984
M1_uniform,cable,0,clean_defect,none,,,combined,/root/autodl-tmp/research-experiments/industrial-anomaly-detection/data/mvtec_ad/cable/test/combined/004.png,49.64973831176758
M1_uniform,cable,0,clean_defect,none,,,combined,/root/autodl-tmp/research-experiments/industrial-anomaly-detection/data/mvtec_ad/cable/test/combined/005.png,58.81504440307617
M1_uniform,cable,0,clean_defect,none,,,combined,/root/autodl-tmp/research-experiments/industrial-anomaly-detection/data/mvtec_ad/cable/test/combined/006.png,59.059017181396484
M1_uniform,cable,0,clean_defect,none,,,combined,/root/autodl-tmp/research-experiments/industrial-anomaly-detection/data/mvtec_ad/cable/test/combined/007.png,51.676025390625
M1_uniform,cable,0,clean_defect,none,,,combined,/root/autodl-tmp/research-experiments/industrial-anomaly-detection/data/mvtec_ad/cable/test/combined/008.png,67.19133758544922
M1_uniform,cable,0,clean_defect,none,,,combined,/root/autodl-tmp/research-experiments/industrial-anomaly-detection/data/mvtec_ad/cable/test/combined/009.png,49.76256561279297
M1_uniform,cable,0,clean_defect,none,,,combined,/root/autodl-tmp/research-experiments/industrial-anomaly-detection/data/mvtec_ad/cable/test/combined/010.png,58.39284896850586
M1_uniform,cable,0,clean_defect,none,,,cut_inner_insulation,/root/autodl-tmp/research-experiments/industrial-anomaly-detection/data/mvtec_ad/cable/test/cut_inner_insulation/000.png,44.86086654663086
M1_uniform,cable,0,clean_defect,none,,,cut_inner_insulation,/root/autodl-tmp/research-experiments/industrial-anomaly-detection/data/mvtec_ad/cable/test/cut_inner_insulation/001.png,51.131832122802734
M1_uniform,cable,0,clean_defect,none,,,cut_inner_insulation,/root/autodl-tmp/research-experiments/industrial-anomaly-detection/data/mvtec_ad/cable/test/cut_inner_insulation/002.png,43.907291412353516
M1_uniform,cable,0,clean_defect,none,,,cut_inner_insulation,/root/autodl-tmp/research-experiments/industrial-anomaly-detection/data/mvtec_ad/cable/test/cut_inner_insulation/003.png,49.48826599121094
M1_uniform,cable,0,clean_defect,none,,,cut_inner_insulation,/root/autodl-tmp/research-experiments/industrial-anomaly-detection/data/mvtec_ad/cable/test/cut_inner_insulation/004.png,56.61715316772461
M1_uniform,cable,0,clean_defect,none,,,cut_inner_insulation,/root/autodl-tmp/research-experiments/industrial-anomaly-detection/data/mvtec_ad/cable/test/cut_inner_insulation/005.png,47.32032775878906
M1_uniform,cable,0,clean_defect,none,,,cut_inner_insulation,/root/autodl-tmp/research-experiments/industrial-anomaly-detection/data/mvtec_ad/cable/test/cut_inner_insulation/006.png,46.02060317993164
M1_uniform,cable,0,clean_defect,none,,,cut_inner_insulation,/root/autodl-tmp/research-experiments/industrial-anomaly-detection/data/mvtec_ad/cable/test/cut_inner_insulation/007.png,51.57038879394531
M1_uniform,cable,0,clean_defect,none,,,cut_inner_insulation,/root/autodl-tmp/research-experiments/industrial-anomaly-detection/data/mvtec_ad/cable/test/cut_inner_insulation/008.png,42.43901824951172
M1_uniform,cable,0,clean_defect,none,,,cut_inner_insulation,/root/autodl-tmp/research-experiments/industrial-anomaly-detection/data/mvtec_ad/cable/test/cut_inner_insulation/009.png,48.09803771972656
M1_uniform,cable,0,clean_defect,none,,,cut_inner_insulation,/root/autodl-tmp/research-experiments/industrial-anomaly-detection/data/mvtec_ad/cable/test/cut_inner_insulation/010.png,50.99224853515625
M1_uniform,cable,0,clean_defect,none,,,cut_inner_insulation,/root/autodl-tmp/research-experiments/industrial-anomaly-detection/data/mvtec_ad/cable/test/cut_inner_insulation/011.png,53.36332702636719
M1_uniform,cable,0,clean_defect,none,,,cut_inner_insulation,/root/autodl-tmp/research-experiments/industrial-anomaly-detection/data/mvtec_ad/cable/test/cut_inner_insulation/012.png,46.87069320678711
M1_uniform,cable,0,clean_defect,none,,,cut_inner_insulation,/root/autodl-tmp/research-experiments/industrial-anomaly-detection/data/mvtec_ad/cable/test/cut_inner_insulation/013.png,52.04071044921875
M1_uniform,cable,0,clean_defect,none,,,cut_outer_insulation,/root/autodl-tmp/research-experiments/industrial-anomaly-detection/data/mvtec_ad/cable/test/cut_outer_insulation/000.png,53.05619430541992
M1_uniform,cable,0,clean_defect,none,,,cut_outer_insulation,/root/autodl-tmp/research-experiments/industrial-anomaly-detection/data/mvtec_ad/cable/test/cut_outer_insulation/001.png,52.56930923461914
M1_uniform,cable,0,clean_defect,none,,,cut_outer_insulation,/root/autodl-tmp/research-experiments/industrial-anomaly-detection/data/mvtec_ad/cable/test/cut_outer_insulation/002.png,47.82607650756836
M1_uniform,cable,0,clean_defect,none,,,cut_outer_insulation,/root/autodl-tmp/research-experiments/industrial-anomaly-detection/data/mvtec_ad/cable/test/cut_outer_insulation/003.png,43.39915084838867
M1_uniform,cable,0,clean_defect,none,,,cut_outer_insulation,/root/autodl-tmp/research-experiments/industrial-anomaly-detection/data/mvtec_ad/cable/test/cut_outer_insulation/004.png,42.34086608886719
M1_uniform,cable,0,clean_defect,none,,,cut_outer_insulation,/root/autodl-tmp/research-experiments/industrial-anomaly-detection/data/mvtec_ad/cable/test/cut_outer_insulation/005.png,53.49717330932617
M1_uniform,cable,0,clean_defect,none,,,cut_outer_insulation,/root/autodl-tmp/research-experiments/industrial-anomaly-detection/data/mvtec_ad/cable/test/cut_outer_insulation/006.png,49.80251693725586
M1_uniform,cable,0,clean_defect,none,,,cut_outer_insulation,/root/autodl-tmp/research-experiments/industrial-anomaly-detection/data/mvtec_ad/cable/test/cut_outer_insulation/007.png,46.745723724365234
M1_uniform,cable,0,clean_defect,none,,,cut_outer_insulation,/root/autodl-tmp/research-experiments/industrial-anomaly-detection/data/mvtec_ad/cable/test/cut_outer_insulation/008.png,44.115726470947266
M1_uniform,cable,0,clean_defect,none,,,cut_outer_insulation,/root/autodl-tmp/research-experiments/industrial-anomaly-detection/data/mvtec_ad/cable/test/cut_outer_insulation/009.png,47.685977935791016
M1_uniform,cable,0,clean_defect,none,,,missing_cable,/root/autodl-tmp/research-experiments/industrial-anomaly-detection/data/mvtec_ad/cable/test/missing_cable/000.png,59.473751068115234
M1_uniform,cable,0,clean_defect,none,,,missing_cable,/root/autodl-tmp/research-experiments/industrial-anomaly-detection/data/mvtec_ad/cable/test/missing_cable/001.png,58.51567077636719
M1_uniform,cable,0,clean_defect,none,,,missing_cable,/root/autodl-tmp/research-experiments/industrial-anomaly-detection/data/mvtec_ad/cable/test/missing_cable/002.png,59.134742736816406
M1_uniform,cable,0,clean_defect,none,,,missing_cable,/root/autodl-tmp/research-experiments/industrial-anomaly-detection/data/mvtec_ad/cable/test/missing_cable/003.png,59.28612518310547
M1_uniform,cable,0,clean_defect,none,,,missing_cable,/root/autodl-tmp/research-experiments/industrial-anomaly-detection/data/mvtec_ad/cable/test/missing_cable/004.png,57.647743225097656
M1_uniform,cable,0,clean_defect,none,,,missing_cable,/root/autodl-tmp/research-experiments/industrial-anomaly-detection/data/mvtec_ad/cable/test/missing_cable/005.png,60.95912170410156
M1_uniform,cable,0,clean_defect,none,,,missing_cable,/root/autodl-tmp/research-experiments/industrial-anomaly-detection/data/mvtec_ad/cable/test/missing_cable/006.png,56.29903030395508
M1_uniform,cable,0,clean_defect,none,,,missing_cable,/root/autodl-tmp/research-experiments/industrial-anomaly-detection/data/mvtec_ad/cable/test/missing_cable/007.png,57.62434768676758
M1_uniform,cable,0,clean_defect,none,,,missing_cable,/root/autodl-tmp/research-experiments/industrial-anomaly-detection/data/mvtec_ad/cable/test/missing_cable/008.png,56.54442596435547
M1_uniform,cable,0,clean_defect,none,,,missing_cable,/root/autodl-tmp/research-experiments/industrial-anomaly-detection/data/mvtec_ad/cable/test/missing_cable/009.png,56.96357727050781
M1_uniform,cable,0,clean_defect,none,,,missing_cable,/root/autodl-tmp/research-experiments/industrial-anomaly-detection/data/mvtec_ad/cable/test/missing_cable/010.png,60.820220947265625
M1_uniform,cable,0,clean_defect,none,,,missing_cable,/root/autodl-tmp/research-experiments/industrial-anomaly-detection/data/mvtec_ad/cable/test/missing_cable/011.png,59.27597427368164
M1_uniform,cable,0,clean_defect,none,,,missing_wire,/root/autodl-tmp/research-experiments/industrial-anomaly-detection/data/mvtec_ad/cable/test/missing_wire/000.png,44.75031280517578
M1_uniform,cable,0,clean_defect,none,,,missing_wire,/root/autodl-tmp/research-experiments/industrial-anomaly-detection/data/mvtec_ad/cable/test/missing_wire/001.png,51.26308822631836
M1_uniform,cable,0,clean_defect,none,,,missing_wire,/root/autodl-tmp/research-experiments/industrial-anomaly-detection/data/mvtec_ad/cable/test/missing_wire/002.png,48.15354537963867
M1_uniform,cable,0,clean_defect,none,,,missing_wire,/root/autodl-tmp/research-experiments/industrial-anomaly-detection/data/mvtec_ad/cable/test/missing_wire/003.png,54.73162078857422
M1_uniform,cable,0,clean_defect,none,,,missing_wire,/root/autodl-tmp/research-experiments/industrial-anomaly-detection/data/mvtec_ad/cable/test/missing_wire/004.png,55.86771774291992
M1_uniform,cable,0,clean_defect,none,,,missing_wire,/root/autodl-tmp/research-experiments/industrial-anomaly-detection/data/mvtec_ad/cable/test/missing_wire/005.png,53.04081726074219
M1_uniform,cable,0,clean_defect,none,,,missing_wire,/root/autodl-tmp/research-experiments/industrial-anomaly-detection/data/mvtec_ad/cable/test/missing_wire/006.png,50.52997970581055
M1_uniform,cable,0,clean_defect,none,,,missing_wire,/root/autodl-tmp/research-experiments/industrial-anomaly-detection/data/mvtec_ad/cable/test/missing_wire/007.png,47.59861373901367
M1_uniform,cable,0,clean_defect,none,,,missing_wire,/root/autodl-tmp/research-experiments/industrial-anomaly-detection/data/mvtec_ad/cable/test/missing_wire/008.png,48.963050842285156
M1_uniform,cable,0,clean_defect,none,,,missing_wire,/root/autodl-tmp/research-experiments/industrial-anomaly-detection/data/mvtec_ad/cable/test/missing_wire/009.png,55.546878814697266
M1_uniform,cable,0,clean_defect,none,,,poke_insulation,/root/autodl-tmp/research-experiments/industrial-anomaly-detection/data/mvtec_ad/cable/test/poke_insulation/000.png,43.466033935546875
M1_uniform,cable,0,clean_defect,none,,,poke_insulation,/root/autodl-tmp/research-experiments/industrial-anomaly-detection/data/mvtec_ad/cable/test/poke_insulation/001.png,46.0182991027832
M1_uniform,cable,0,clean_defect,none,,,poke_insulation,/root/autodl-tmp/research-experiments/industrial-anomaly-detection/data/mvtec_ad/cable/test/poke_insulation/002.png,38.562042236328125
M1_uniform,cable,0,clean_defect,none,,,poke_insulation,/root/autodl-tmp/research-experiments/industrial-anomaly-detection/data/mvtec_ad/cable/test/poke_insulation/003.png,41.4705696105957
M1_uniform,cable,0,clean_defect,none,,,poke_insulation,/root/autodl-tmp/research-experiments/industrial-anomaly-detection/data/mvtec_ad/cable/test/poke_insulation/004.png,40.86474609375
M1_uniform,cable,0,clean_defect,none,,,poke_insulation,/root/autodl-tmp/research-experiments/industrial-anomaly-detection/data/mvtec_ad/cable/test/poke_insulation/005.png,48.18492126464844
M1_uniform,cable,0,clean_defect,none,,,poke_insulation,/root/autodl-tmp/research-experiments/industrial-anomaly-detection/data/mvtec_ad/cable/test/poke_insulation/006.png,42.51691436767578
M1_uniform,cable,0,clean_defect,none,,,poke_insulation,/root/autodl-tmp/research-experiments/industrial-anomaly-detection/data/mvtec_ad/cable/test/poke_insulation/007.png,43.42055130004883
M1_uniform,cable,0,clean_defect,none,,,poke_insulation,/root/autodl-tmp/research-experiments/industrial-anomaly-detection/data/mvtec_ad/cable/test/poke_insulation/008.png,46.71424865722656
M1_uniform,cable,0,clean_defect,none,,,poke_insulation,/root/autodl-tmp/research-experiments/industrial-anomaly-detection/data/mvtec_ad/cable/test/poke_insulation/009.png,43.303951263427734
M1_uniform,cable,0,shift_good,brightness_0.9,mild,brightness,good,/root/autodl-tmp/research-experiments/industrial-anomaly-detection/data/mvtec_ad/cable/test/good/000.png,34.236080169677734
M1_uniform,cable,0,shift_good,brightness_0.9,mild,brightness,good,/root/autodl-tmp/research-experiments/industrial-anomaly-detection/data/mvtec_ad/cable/test/good/001.png,38.846282958984375
M1_uniform,cable,0,shift_good,brightness_0.9,mild,brightness,good,/root/autodl-tmp/research-experiments/industrial-anomaly-detection/data/mvtec_ad/cable/test/good/002.png,36.88349533081055
M1_uniform,cable,0,shift_good,brightness_0.9,mild,brightness,good,/root/autodl-tmp/research-experiments/industrial-anomaly-detection/data/mvtec_ad/cable/test/good/003.png,34.496280670166016
M1_uniform,cable,0,shift_good,brightness_0.9,mild,brightness,good,/root/autodl-tmp/research-experiments/industrial-anomaly-detection/data/mvtec_ad/cable/test/good/004.png,34.65260314941406
M1_uniform,cable,0,shift_good,brightness_0.9,mild,brightness,good,/root/autodl-tmp/research-experiments/industrial-anomaly-detection/data/mvtec_ad/cable/test/good/005.png,34.620697021484375
M1_uniform,cable,0,shift_good,brightness_0.9,mild,brightness,good,/root/autodl-tmp/research-experiments/industrial-anomaly-detection/data/mvtec_ad/cable/test/good/006.png,36.32200241088867
M1_uniform,cable,0,shift_good,brightness_0.9,mild,brightness,good,/root/autodl-tmp/research-experiments/industrial-anomaly-detection/data/mvtec_ad/cable/test/good/007.png,36.81488037109375
M1_uniform,cable,0,shift_good,brightness_0.9,mild,brightness,good,/root/autodl-tmp/research-experiments/industrial-anomaly-detection/data/mvtec_ad/cable/test/good/008.png,36.776634216308594
M1_uniform,cable,0,shift_good,brightness_0.9,mild,brightness,good,/root/autodl-tmp/research-experiments/industrial-anomaly-detection/data/mvtec_ad/cable/test/good/009.png,35.58686447143555
M1_uniform,cable,0,shift_good,brightness_0.9,mild,brightness,good,/root/autodl-tmp/research-experiments/industrial-anomaly-detection/data/mvtec_ad/cable/test/good/010.png,34.5278205871582
M1_uniform,cable,0,shift_good,brightness_0.9,mild,brightness,good,/root/autodl-tmp/research-experiments/industrial-anomaly-detection/data/mvtec_ad/cable/test/good/011.png,38.068763732910156
M1_uniform,cable,0,shift_good,brightness_0.9,mild,brightness,good,/root/autodl-tmp/research-experiments/industrial-anomaly-detection/data/mvtec_ad/cable/test/good/012.png,37.20787811279297
M1_uniform,cable,0,shift_good,brightness_0.9,mild,brightness,good,/root/autodl-tmp/research-experiments/industrial-anomaly-detection/data/mvtec_ad/cable/test/good/013.png,40.69040298461914
M1_uniform,cable,0,shift_good,brightness_0.9,mild,brightness,good,/root/autodl-tmp/research-experiments/industrial-anomaly-detection/data/mvtec_ad/cable/test/good/014.png,36.88368225097656
M1_uniform,cable,0,shift_good,brightness_0.9,mild,brightness,good,/root/autodl-tmp/research-experiments/industrial-anomaly-detection/data/mvtec_ad/cable/test/good/015.png,36.90353012084961
M1_uniform,cable,0,shift_good,brightness_0.9,mild,brightness,good,/root/autodl-tmp/research-experiments/industrial-anomaly-detection/data/mvtec_ad/cable/test/good/016.png,37.53779220581055
M1_uniform,cable,0,shift_good,brightness_0.9,mild,brightness,good,/root/autodl-tmp/research-experiments/industrial-anomaly-detection/data/mvtec_ad/cable/test/good/017.png,35.025177001953125
M1_uniform,cable,0,shift_good,brightness_0.9,mild,brightness,good,/root/autodl-tmp/research-experiments/industrial-anomaly-detection/data/mvtec_ad/cable/test/good/018.png,38.95102310180664
M1_uniform,cable,0,shift_good,brightness_0.9,mild,brightness,good,/root/autodl-tmp/research-experiments/industrial-anomaly-detection/data/mvtec_ad/cable/test/good/019.png,39.88405990600586
M1_uniform,cable,0,shift_good,brightness_0.9,mild,brightness,good,/root/autodl-tmp/research-experiments/industrial-anomaly-detection/data/mvtec_ad/cable/test/good/020.png,35.3764762878418
M1_uniform,cable,0,shift_good,brightness_0.9,mild,brightness,good,/root/autodl-tmp/research-experiments/industrial-anomaly-detection/data/mvtec_ad/cable/test/good/021.png,36.649654388427734
M1_uniform,cable,0,shift_good,brightness_0.9,mild,brightness,good,/root/autodl-tmp/research-experiments/industrial-anomaly-detection/data/mvtec_ad/cable/test/good/022.png,36.9741325378418
M1_uniform,cable,0,shift_good,brightness_0.9,mild,brightness,good,/root/autodl-tmp/research-experiments/industrial-anomaly-detection/data/mvtec_ad/cable/test/good/023.png,35.78692626953125
M1_uniform,cable,0,shift_good,brightness_0.9,mild,brightness,good,/root/autodl-tmp/research-experiments/industrial-anomaly-detection/data/mvtec_ad/cable/test/good/024.png,37.27533721923828
M1_uniform,cable,0,shift_good,brightness_0.9,mild,brightness,good,/root/autodl-tmp/research-experiments/industrial-anomaly-detection/data/mvtec_ad/cable/test/good/025.png,35.669647216796875
M1_uniform,cable,0,shift_good,brightness_0.9,mild,brightness,good,/root/autodl-tmp/research-experiments/industrial-anomaly-detection/data/mvtec_ad/cable/test/good/026.png,35.471702575683594
M1_uniform,cable,0,shift_good,brightness_0.9,mild,brightness,good,/root/autodl-tmp/research-experiments/industrial-anomaly-detection/data/mvtec_ad/cable/test/good/027.png,35.96025848388672
M1_uniform,cable,0,shift_good,brightness_0.9,mild,brightness,good,/root/autodl-tmp/research-experiments/industrial-anomaly-detection/data/mvtec_ad/cable/test/good/028.png,35.935001373291016
M1_uniform,cable,0,shift_good,brightness_0.9,mild,brightness,good,/root/autodl-tmp/research-experiments/industrial-anomaly-detection/data/mvtec_ad/cable/test/good/029.png,35.13294219970703
M1_uniform,cable,0,shift_good,brightness_0.9,mild,brightness,good,/root/autodl-tmp/research-experiments/industrial-anomaly-detection/data/mvtec_ad/cable/test/good/030.png,41.117313385009766
M1_uniform,cable,0,shift_good,brightness_0.9,mild,brightness,good,/root/autodl-tmp/research-experiments/industrial-anomaly-detection/data/mvtec_ad/cable/test/good/031.png,37.9655647277832
M1_uniform,cable,0,shift_good,brightness_0.9,mild,brightness,good,/root/autodl-tmp/research-experiments/industrial-anomaly-detection/data/mvtec_ad/cable/test/good/032.png,37.745243072509766
M1_uniform,cable,0,shift_good,brightness_0.9,mild,brightness,good,/root/autodl-tmp/research-experiments/industrial-anomaly-detection/data/mvtec_ad/cable/test/good/033.png,36.51685333251953
M1_uniform,cable,0,shift_good,brightness_0.9,mild,brightness,good,/root/autodl-tmp/research-experiments/industrial-anomaly-detection/data/mvtec_ad/cable/test/good/034.png,38.85132598876953
M1_uniform,cable,0,shift_good,brightness_0.9,mild,brightness,good,/root/autodl-tmp/research-experiments/industrial-anomaly-detection/data/mvtec_ad/cable/test/good/035.png,35.52481460571289
M1_uniform,cable,0,shift_good,brightness_0.9,mild,brightness,good,/root/autodl-tmp/research-experiments/industrial-anomaly-detection/data/mvtec_ad/cable/test/good/036.png,38.04641342163086
M1_uniform,cable,0,shift_good,brightness_0.9,mild,brightness,good,/root/autodl-tmp/research-experiments/industrial-anomaly-detection/data/mvtec_ad/cable/test/good/037.png,37.30772399902344
M1_uniform,cable,0,shift_good,brightness_0.9,mild,brightness,good,/root/autodl-tmp/research-experiments/industrial-anomaly-detection/data/mvtec_ad/cable/test/good/038.png,39.54540252685547
M1_uniform,cable,0,shift_good,brightness_0.9,mild,brightness,good,/root/autodl-tmp/research-experiments/industrial-anomaly-detection/data/mvtec_ad/cable/test/good/039.png,38.47334671020508
M1_uniform,cable,0,shift_good,brightness_0.9,mild,brightness,good,/root/autodl-tmp/research-experiments/industrial-anomaly-detection/data/mvtec_ad/cable/test/good/040.png,35.29409408569336
M1_uniform,cable,0,shift_good,brightness_0.9,mild,brightness,good,/root/autodl-tmp/research-experiments/industrial-anomaly-detection/data/mvtec_ad/cable/test/good/041.png,39.14365005493164
M1_uniform,cable,0,shift_good,brightness_0.9,mild,brightness,good,/root/autodl-tmp/research-experiments/industrial-anomaly-detection/data/mvtec_ad/cable/test/good/042.png,38.9340934753418
M1_uniform,cable,0,shift_good,brightness_0.9,mild,brightness,good,/root/autodl-tmp/research-experiments/industrial-anomaly-detection/data/mvtec_ad/cable/test/good/043.png,36.35965347290039
M1_uniform,cable,0,shift_good,brightness_0.9,mild,brightness,good,/root/autodl-tmp/research-experiments/industrial-anomaly-detection/data/mvtec_ad/cable/test/good/044.png,36.95368957519531
M1_uniform,cable,0,shift_good,brightness_0.9,mild,brightness,good,/root/autodl-tmp/research-experiments/industrial-anomaly-detection/data/mvtec_ad/cable/test/good/045.png,37.230369567871094
M1_uniform,cable,0,shift_good,brightness_0.9,mild,brightness,good,/root/autodl-tmp/research-experiments/industrial-anomaly-detection/data/mvtec_ad/cable/test/good/046.png,35.63350296020508
M1_uniform,cable,0,shift_good,brightness_0.9,mild,brightness,good,/root/autodl-tmp/research-experiments/industrial-anomaly-detection/data/mvtec_ad/cable/test/good/047.png,37.0924186706543
M1_uniform,cable,0,shift_good,brightness_0.9,mild,brightness,good,/root/autodl-tmp/research-experiments/industrial-anomaly-detection/data/mvtec_ad/cable/test/good/048.png,38.26640319824219
M1_uniform,cable,0,shift_good,brightness_0.9,mild,brightness,good,/root/autodl-tmp/research-experiments/industrial-anomaly-detection/data/mvtec_ad/cable/test/good/049.png,37.73798370361328
M1_uniform,cable,0,shift_good,brightness_0.9,mild,brightness,good,/root/autodl-tmp/research-experiments/industrial-anomaly-detection/data/mvtec_ad/cable/test/good/050.png,36.6153564453125
M1_uniform,cable,0,shift_good,brightness_0.9,mild,brightness,good,/root/autodl-tmp/research-experiments/industrial-anomaly-detection/data/mvtec_ad/cable/test/good/051.png,37.93968963623047
M1_uniform,cable,0,shift_good,brightness_0.9,mild,brightness,good,/root/autodl-tmp/research-experiments/industrial-anomaly-detection/data/mvtec_ad/cable/test/good/052.png,34.2745475769043
M1_uniform,cable,0,shift_good,brightness_0.9,mild,brightness,good,/root/autodl-tmp/research-experiments/industrial-anomaly-detection/data/mvtec_ad/cable/test/good/053.png,36.7758674621582
M1_uniform,cable,0,shift_good,brightness_0.9,mild,brightness,good,/root/autodl-tmp/research-experiments/industrial-anomaly-detection/data/mvtec_ad/cable/test/good/054.png,37.11029052734375
M1_uniform,cable,0,shift_good,brightness_0.9,mild,brightness,good,/root/autodl-tmp/research-experiments/industrial-anomaly-detection/data/mvtec_ad/cable/test/good/055.png,40.1218147277832
M1_uniform,cable,0,shift_good,brightness_0.9,mild,brightness,good,/root/autodl-tmp/research-experiments/industrial-anomaly-detection/data/mvtec_ad/cable/test/good/056.png,36.21211624145508
M1_uniform,cable,0,shift_good,brightness_0.9,mild,brightness,good,/root/autodl-tmp/research-experiments/industrial-anomaly-detection/data/mvtec_ad/cable/test/good/057.png,43.8759651184082
M1_uniform,cable,0,shift_good,brightness_1.1,mild,brightness,good,/root/autodl-tmp/research-experiments/industrial-anomaly-detection/data/mvtec_ad/cable/test/good/000.png,34.22686004638672
M1_uniform,cable,0,shift_good,brightness_1.1,mild,brightness,good,/root/autodl-tmp/research-experiments/industrial-anomaly-detection/data/mvtec_ad/cable/test/good/001.png,39.178871154785156
M1_uniform,cable,0,shift_good,brightness_1.1,mild,brightness,good,/root/autodl-tmp/research-experiments/industrial-anomaly-detection/data/mvtec_ad/cable/test/good/002.png,37.014347076416016
M1_uniform,cable,0,shift_good,brightness_1.1,mild,brightness,good,/root/autodl-tmp/research-experiments/industrial-anomaly-detection/data/mvtec_ad/cable/test/good/003.png,34.585811614990234
M1_uniform,cable,0,shift_good,brightness_1.1,mild,brightness,good,/root/autodl-tmp/research-experiments/industrial-anomaly-detection/data/mvtec_ad/cable/test/good/004.png,34.96271896362305
M1_uniform,cable,0,shift_good,brightness_1.1,mild,brightness,good,/root/autodl-tmp/research-experiments/industrial-anomaly-detection/data/mvtec_ad/cable/test/good/005.png,34.8982048034668
M1_uniform,cable,0,shift_good,brightness_1.1,mild,brightness,good,/root/autodl-tmp/research-experiments/industrial-anomaly-detection/data/mvtec_ad/cable/test/good/006.png,36.021724700927734
M1_uniform,cable,0,shift_good,brightness_1.1,mild,brightness,good,/root/autodl-tmp/research-experiments/industrial-anomaly-detection/data/mvtec_ad/cable/test/good/007.png,36.7873420715332
M1_uniform,cable,0,shift_good,brightness_1.1,mild,brightness,good,/root/autodl-tmp/research-experiments/industrial-anomaly-detection/data/mvtec_ad/cable/test/good/008.png,36.41011428833008
M1_uniform,cable,0,shift_good,brightness_1.1,mild,brightness,good,/root/autodl-tmp/research-experiments/industrial-anomaly-detection/data/mvtec_ad/cable/test/good/009.png,36.32597732543945
M1_uniform,cable,0,shift_good,brightness_1.1,mild,brightness,good,/root/autodl-tmp/research-experiments/industrial-anomaly-detection/data/mvtec_ad/cable/test/good/010.png,34.36170959472656
M1_uniform,cable,0,shift_good,brightness_1.1,mild,brightness,good,/root/autodl-tmp/research-experiments/industrial-anomaly-detection/data/mvtec_ad/cable/test/good/011.png,37.80934143066406
M1_uniform,cable,0,shift_good,brightness_1.1,mild,brightness,good,/root/autodl-tmp/research-experiments/industrial-anomaly-detection/data/mvtec_ad/cable/test/good/012.png,37.495445251464844
M1_uniform,cable,0,shift_good,brightness_1.1,mild,brightness,good,/root/autodl-tmp/research-experiments/industrial-anomaly-detection/data/mvtec_ad/cable/test/good/013.png,40.3068733215332
M1_uniform,cable,0,shift_good,brightness_1.1,mild,brightness,good,/root/autodl-tmp/research-experiments/industrial-anomaly-detection/data/mvtec_ad/cable/test/good/014.png,36.94793701171875
M1_uniform,cable,0,shift_good,brightness_1.1,mild,brightness,good,/root/autodl-tmp/research-experiments/industrial-anomaly-detection/data/mvtec_ad/cable/test/good/015.png,37.31919860839844
M1_uniform,cable,0,shift_good,brightness_1.1,mild,brightness,good,/root/autodl-tmp/research-experiments/industrial-anomaly-detection/data/mvtec_ad/cable/test/good/016.png,37.333011627197266
M1_uniform,cable,0,shift_good,brightness_1.1,mild,brightness,good,/root/autodl-tmp/research-experiments/industrial-anomaly-detection/data/mvtec_ad/cable/test/good/017.png,35.91091537475586
M1_uniform,cable,0,shift_good,brightness_1.1,mild,brightness,good,/root/autodl-tmp/research-experiments/industrial-anomaly-detection/data/mvtec_ad/cable/test/good/018.png,38.647911071777344
M1_uniform,cable,0,shift_good,brightness_1.1,mild,brightness,good,/root/autodl-tmp/research-experiments/industrial-anomaly-detection/data/mvtec_ad/cable/test/good/019.png,39.23588180541992
M1_uniform,cable,0,shift_good,brightness_1.1,mild,brightness,good,/root/autodl-tmp/research-experiments/industrial-anomaly-detection/data/mvtec_ad/cable/test/good/020.png,35.583656311035156
M1_uniform,cable,0,shift_good,brightness_1.1,mild,brightness,good,/root/autodl-tmp/research-experiments/industrial-anomaly-detection/data/mvtec_ad/cable/test/good/021.png,35.55259323120117
M1_uniform,cable,0,shift_good,brightness_1.1,mild,brightness,good,/root/autodl-tmp/research-experiments/industrial-anomaly-detection/data/mvtec_ad/cable/test/good/022.png,37.57514190673828
M1_uniform,cable,0,shift_good,brightness_1.1,mild,brightness,good,/root/autodl-tmp/research-experiments/industrial-anomaly-detection/data/mvtec_ad/cable/test/good/023.png,35.91093826293945
M1_uniform,cable,0,shift_good,brightness_1.1,mild,brightness,good,/root/autodl-tmp/research-experiments/industrial-anomaly-detection/data/mvtec_ad/cable/test/good/024.png,36.909423828125
M1_uniform,cable,0,shift_good,brightness_1.1,mild,brightness,good,/root/autodl-tmp/research-experiments/industrial-anomaly-detection/data/mvtec_ad/cable/test/good/025.png,35.423980712890625
M1_uniform,cable,0,shift_good,brightness_1.1,mild,brightness,good,/root/autodl-tmp/research-experiments/industrial-anomaly-detection/data/mvtec_ad/cable/test/good/026.png,35.34331512451172
M1_uniform,cable,0,shift_good,brightness_1.1,mild,brightness,good,/root/autodl-tmp/research-experiments/industrial-anomaly-detection/data/mvtec_ad/cable/test/good/027.png,36.126304626464844
M1_uniform,cable,0,shift_good,brightness_1.1,mild,brightness,good,/root/autodl-tmp/research-experiments/industrial-anomaly-detection/data/mvtec_ad/cable/test/good/028.png,35.19614028930664
M1_uniform,cable,0,shift_good,brightness_1.1,mild,brightness,good,/root/autodl-tmp/research-experiments/industrial-anomaly-detection/data/mvtec_ad/cable/test/good/029.png,35.626686096191406
M1_uniform,cable,0,shift_good,brightness_1.1,mild,brightness,good,/root/autodl-tmp/research-experiments/industrial-anomaly-detection/data/mvtec_ad/cable/test/good/030.png,41.63478469848633
M1_uniform,cable,0,shift_good,brightness_1.1,mild,brightness,good,/root/autodl-tmp/research-experiments/industrial-anomaly-detection/data/mvtec_ad/cable/test/good/031.png,38.4025993347168
M1_uniform,cable,0,shift_good,brightness_1.1,mild,brightness,good,/root/autodl-tmp/research-experiments/industrial-anomaly-detection/data/mvtec_ad/cable/test/good/032.png,38.45195770263672
M1_uniform,cable,0,shift_good,brightness_1.1,mild,brightness,good,/root/autodl-tmp/research-experiments/industrial-anomaly-detection/data/mvtec_ad/cable/test/good/033.png,37.3332405090332
M1_uniform,cable,0,shift_good,brightness_1.1,mild,brightness,good,/root/autodl-tmp/research-experiments/industrial-anomaly-detection/data/mvtec_ad/cable/test/good/034.png,38.6673583984375
M1_uniform,cable,0,shift_good,brightness_1.1,mild,brightness,good,/root/autodl-tmp/research-experiments/industrial-anomaly-detection/data/mvtec_ad/cable/test/good/035.png,35.75947952270508
M1_uniform,cable,0,shift_good,brightness_1.1,mild,brightness,good,/root/autodl-tmp/research-experiments/industrial-anomaly-detection/data/mvtec_ad/cable/test/good/036.png,37.82007598876953
M1_uniform,cable,0,shift_good,brightness_1.1,mild,brightness,good,/root/autodl-tmp/research-experiments/industrial-anomaly-detection/data/mvtec_ad/cable/test/good/037.png,36.28083801269531
M1_uniform,cable,0,shift_good,brightness_1.1,mild,brightness,good,/root/autodl-tmp/research-experiments/industrial-anomaly-detection/data/mvtec_ad/cable/test/good/038.png,39.69587326049805
M1_uniform,cable,0,shift_good,brightness_1.1,mild,brightness,good,/root/autodl-tmp/research-experiments/industrial-anomaly-detection/data/mvtec_ad/cable/test/good/039.png,38.36605453491211
M1_uniform,cable,0,shift_good,brightness_1.1,mild,brightness,good,/root/autodl-tmp/research-experiments/industrial-anomaly-detection/data/mvtec_ad/cable/test/good/040.png,35.755645751953125
M1_uniform,cable,0,shift_good,brightness_1.1,mild,brightness,good,/root/autodl-tmp/research-experiments/industrial-anomaly-detection/data/mvtec_ad/cable/test/good/041.png,39.57029724121094
M1_uniform,cable,0,shift_good,brightness_1.1,mild,brightness,good,/root/autodl-tmp/research-experiments/industrial-anomaly-detection/data/mvtec_ad/cable/test/good/042.png,39.09828567504883
M1_uniform,cable,0,shift_good,brightness_1.1,mild,brightness,good,/root/autodl-tmp/research-experiments/industrial-anomaly-detection/data/mvtec_ad/cable/test/good/043.png,36.47825241088867
M1_uniform,cable,0,shift_good,brightness_1.1,mild,brightness,good,/root/autodl-tmp/research-experiments/industrial-anomaly-detection/data/mvtec_ad/cable/test/good/044.png,37.0129280090332
M1_uniform,cable,0,shift_good,brightness_1.1,mild,brightness,good,/root/autodl-tmp/research-experiments/industrial-anomaly-detection/data/mvtec_ad/cable/test/good/045.png,36.94962692260742
M1_uniform,cable,0,shift_good,brightness_1.1,mild,brightness,good,/root/autodl-tmp/research-experiments/industrial-anomaly-detection/data/mvtec_ad/cable/test/good/046.png,35.40911102294922
M1_uniform,cable,0,shift_good,brightness_1.1,mild,brightness,good,/root/autodl-tmp/research-experiments/industrial-anomaly-detection/data/mvtec_ad/cable/test/good/047.png,36.77957534790039
M1_uniform,cable,0,shift_good,brightness_1.1,mild,brightness,good,/root/autodl-tmp/research-experiments/industrial-anomaly-detection/data/mvtec_ad/cable/test/good/048.png,37.665771484375
M1_uniform,cable,0,shift_good,brightness_1.1,mild,brightness,good,/root/autodl-tmp/research-experiments/industrial-anomaly-detection/data/mvtec_ad/cable/test/good/049.png,37.50672912597656
M1_uniform,cable,0,shift_good,brightness_1.1,mild,brightness,good,/root/autodl-tmp/research-experiments/industrial-anomaly-detection/data/mvtec_ad/cable/test/good/050.png,37.08375549316406
M1_uniform,cable,0,shift_good,brightness_1.1,mild,brightness,good,/root/autodl-tmp/research-experiments/industrial-anomaly-detection/data/mvtec_ad/cable/test/good/051.png,38.12172317504883
M1_uniform,cable,0,shift_good,brightness_1.1,mild,brightness,good,/root/autodl-tmp/research-experiments/industrial-anomaly-detection/data/mvtec_ad/cable/test/good/052.png,35.5487174987793
M1_uniform,cable,0,shift_good,brightness_1.1,mild,brightness,good,/root/autodl-tmp/research-experiments/industrial-anomaly-detection/data/mvtec_ad/cable/test/good/053.png,37.54899978637695
M1_uniform,cable,0,shift_good,brightness_1.1,mild,brightness,good,/root/autodl-tmp/research-experiments/industrial-anomaly-detection/data/mvtec_ad/cable/test/good/054.png,36.503074645996094
M1_uniform,cable,0,shift_good,brightness_1.1,mild,brightness,good,/root/autodl-tmp/research-experiments/industrial-anomaly-detection/data/mvtec_ad/cable/test/good/055.png,40.00361633300781
M1_uniform,cable,0,shift_good,brightness_1.1,mild,brightness,good,/root/autodl-tmp/research-experiments/industrial-anomaly-detection/data/mvtec_ad/cable/test/good/056.png,35.98673629760742
M1_uniform,cable,0,shift_good,brightness_1.1,mild,brightness,good,/root/autodl-tmp/research-experiments/industrial-anomaly-detection/data/mvtec_ad/cable/test/good/057.png,43.716339111328125
M1_uniform,cable,0,shift_good,brightness_0.7,medium,brightness,good,/root/autodl-tmp/research-experiments/industrial-anomaly-detection/data/mvtec_ad/cable/test/good/000.png,35.48245620727539
M1_uniform,cable,0,shift_good,brightness_0.7,medium,brightness,good,/root/autodl-tmp/research-experiments/industrial-anomaly-detection/data/mvtec_ad/cable/test/good/001.png,39.44029998779297
M1_uniform,cable,0,shift_good,brightness_0.7,medium,brightness,good,/root/autodl-tmp/research-experiments/industrial-anomaly-detection/data/mvtec_ad/cable/test/good/002.png,38.66661071777344
M1_uniform,cable,0,shift_good,brightness_0.7,medium,brightness,good,/root/autodl-tmp/research-experiments/industrial-anomaly-detection/data/mvtec_ad/cable/test/good/003.png,34.697410583496094
M1_uniform,cable,0,shift_good,brightness_0.7,medium,brightness,good,/root/autodl-tmp/research-experiments/industrial-anomaly-detection/data/mvtec_ad/cable/test/good/004.png,34.48976516723633
M1_uniform,cable,0,shift_good,brightness_0.7,medium,brightness,good,/root/autodl-tmp/research-experiments/industrial-anomaly-detection/data/mvtec_ad/cable/test/good/005.png,35.347251892089844
M1_uniform,cable,0,shift_good,brightness_0.7,medium,brightness,good,/root/autodl-tmp/research-experiments/industrial-anomaly-detection/data/mvtec_ad/cable/test/good/006.png,36.12440872192383
M1_uniform,cable,0,shift_good,brightness_0.7,medium,brightness,good,/root/autodl-tmp/research-experiments/industrial-anomaly-detection/data/mvtec_ad/cable/test/good/007.png,37.944576263427734
M1_uniform,cable,0,shift_good,brightness_0.7,medium,brightness,good,/root/autodl-tmp/research-experiments/industrial-anomaly-detection/data/mvtec_ad/cable/test/good/008.png,37.089752197265625
M1_uniform,cable,0,shift_good,brightness_0.7,medium,brightness,good,/root/autodl-tmp/research-experiments/industrial-anomaly-detection/data/mvtec_ad/cable/test/good/009.png,36.46160125732422
M1_uniform,cable,0,shift_good,brightness_0.7,medium,brightness,good,/root/autodl-tmp/research-experiments/industrial-anomaly-detection/data/mvtec_ad/cable/test/good/010.png,36.07558059692383
M1_uniform,cable,0,shift_good,brightness_0.7,medium,brightness,good,/root/autodl-tmp/research-experiments/industrial-anomaly-detection/data/mvtec_ad/cable/test/good/011.png,38.999141693115234
M1_uniform,cable,0,shift_good,brightness_0.7,medium,brightness,good,/root/autodl-tmp/research-experiments/industrial-anomaly-detection/data/mvtec_ad/cable/test/good/012.png,37.38872146606445
M1_uniform,cable,0,shift_good,brightness_0.7,medium,brightness,good,/root/autodl-tmp/research-experiments/industrial-anomaly-detection/data/mvtec_ad/cable/test/good/013.png,42.538063049316406
M1_uniform,cable,0,shift_good,brightness_0.7,medium,brightness,good,/root/autodl-tmp/research-experiments/industrial-anomaly-detection/data/mvtec_ad/cable/test/good/014.png,36.87973403930664
M1_uniform,cable,0,shift_good,brightness_0.7,medium,brightness,good,/root/autodl-tmp/research-experiments/industrial-anomaly-detection/data/mvtec_ad/cable/test/good/015.png,36.93721389770508
M1_uniform,cable,0,shift_good,brightness_0.7,medium,brightness,good,/root/autodl-tmp/research-experiments/industrial-anomaly-detection/data/mvtec_ad/cable/test/good/016.png,37.974082946777344
M1_uniform,cable,0,shift_good,brightness_0.7,medium,brightness,good,/root/autodl-tmp/research-experiments/industrial-anomaly-detection/data/mvtec_ad/cable/test/good/017.png,35.457008361816406
M1_uniform,cable,0,shift_good,brightness_0.7,medium,brightness,good,/root/autodl-tmp/research-experiments/industrial-anomaly-detection/data/mvtec_ad/cable/test/good/018.png,39.80092239379883
M1_uniform,cable,0,shift_good,brightness_0.7,medium,brightness,good,/root/autodl-tmp/research-experiments/industrial-anomaly-detection/data/mvtec_ad/cable/test/good/019.png,40.930641174316406
M1_uniform,cable,0,shift_good,brightness_0.7,medium,brightness,good,/root/autodl-tmp/research-experiments/industrial-anomaly-detection/data/mvtec_ad/cable/test/good/020.png,37.23983383178711
M1_uniform,cable,0,shift_good,brightness_0.7,medium,brightness,good,/root/autodl-tmp/research-experiments/industrial-anomaly-detection/data/mvtec_ad/cable/test/good/021.png,37.726871490478516
M1_uniform,cable,0,shift_good,brightness_0.7,medium,brightness,good,/root/autodl-tmp/research-experiments/industrial-anomaly-detection/data/mvtec_ad/cable/test/good/022.png,37.4408073425293
M1_uniform,cable,0,shift_good,brightness_0.7,medium,brightness,good,/root/autodl-tmp/research-experiments/industrial-anomaly-detection/data/mvtec_ad/cable/test/good/023.png,35.548946380615234
M1_uniform,cable,0,shift_good,brightness_0.7,medium,brightness,good,/root/autodl-tmp/research-experiments/industrial-anomaly-detection/data/mvtec_ad/cable/test/good/024.png,37.69135284423828
M1_uniform,cable,0,shift_good,brightness_0.7,medium,brightness,good,/root/autodl-tmp/research-experiments/industrial-anomaly-detection/data/mvtec_ad/cable/test/good/025.png,35.91435623168945
M1_uniform,cable,0,shift_good,brightness_0.7,medium,brightness,good,/root/autodl-tmp/research-experiments/industrial-anomaly-detection/data/mvtec_ad/cable/test/good/026.png,37.419960021972656
M1_uniform,cable,0,shift_good,brightness_0.7,medium,brightness,good,/root/autodl-tmp/research-experiments/industrial-anomaly-detection/data/mvtec_ad/cable/test/good/027.png,36.710262298583984
M1_uniform,cable,0,shift_good,brightness_0.7,medium,brightness,good,/root/autodl-tmp/research-experiments/industrial-anomaly-detection/data/mvtec_ad/cable/test/good/028.png,36.967689514160156
M1_uniform,cable,0,shift_good,brightness_0.7,medium,brightness,good,/root/autodl-tmp/research-experiments/industrial-anomaly-detection/data/mvtec_ad/cable/test/good/029.png,35.21161651611328
M1_uniform,cable,0,shift_good,brightness_0.7,medium,brightness,good,/root/autodl-tmp/research-experiments/industrial-anomaly-detection/data/mvtec_ad/cable/test/good/030.png,41.82188415527344
M1_uniform,cable,0,shift_good,brightness_0.7,medium,brightness,good,/root/autodl-tmp/research-experiments/industrial-anomaly-detection/data/mvtec_ad/cable/test/good/031.png,37.38240051269531
M1_uniform,cable,0,shift_good,brightness_0.7,medium,brightness,good,/root/autodl-tmp/research-experiments/industrial-anomaly-detection/data/mvtec_ad/cable/test/good/032.png,38.132633209228516
M1_uniform,cable,0,shift_good,brightness_0.7,medium,brightness,good,/root/autodl-tmp/research-experiments/industrial-anomaly-detection/data/mvtec_ad/cable/test/good/033.png,38.53715133666992
M1_uniform,cable,0,shift_good,brightness_0.7,medium,brightness,good,/root/autodl-tmp/research-experiments/industrial-anomaly-detection/data/mvtec_ad/cable/test/good/034.png,39.24918746948242
M1_uniform,cable,0,shift_good,brightness_0.7,medium,brightness,good,/root/autodl-tmp/research-experiments/industrial-anomaly-detection/data/mvtec_ad/cable/test/good/035.png,36.352115631103516
M1_uniform,cable,0,shift_good,brightness_0.7,medium,brightness,good,/root/autodl-tmp/research-experiments/industrial-anomaly-detection/data/mvtec_ad/cable/test/good/036.png,40.210418701171875
M1_uniform,cable,0,shift_good,brightness_0.7,medium,brightness,good,/root/autodl-tmp/research-experiments/industrial-anomaly-detection/data/mvtec_ad/cable/test/good/037.png,39.642127990722656
M1_uniform,cable,0,shift_good,brightness_0.7,medium,brightness,good,/root/autodl-tmp/research-experiments/industrial-anomaly-detection/data/mvtec_ad/cable/test/good/038.png,40.08860778808594
M1_uniform,cable,0,shift_good,brightness_0.7,medium,brightness,good,/root/autodl-tmp/research-experiments/industrial-anomaly-detection/data/mvtec_ad/cable/test/good/039.png,39.307373046875
M1_uniform,cable,0,shift_good,brightness_0.7,medium,brightness,good,/root/autodl-tmp/research-experiments/industrial-anomaly-detection/data/mvtec_ad/cable/test/good/040.png,35.66946792602539
M1_uniform,cable,0,shift_good,brightness_0.7,medium,brightness,good,/root/autodl-tmp/research-experiments/industrial-anomaly-detection/data/mvtec_ad/cable/test/good/041.png,39.06615447998047
M1_uniform,cable,0,shift_good,brightness_0.7,medium,brightness,good,/root/autodl-tmp/research-experiments/industrial-anomaly-detection/data/mvtec_ad/cable/test/good/042.png,41.053855895996094
M1_uniform,cable,0,shift_good,brightness_0.7,medium,brightness,good,/root/autodl-tmp/research-experiments/industrial-anomaly-detection/data/mvtec_ad/cable/test/good/043.png,36.58100509643555
M1_uniform,cable,0,shift_good,brightness_0.7,medium,brightness,good,/root/autodl-tmp/research-experiments/industrial-anomaly-detection/data/mvtec_ad/cable/test/good/044.png,37.83434295654297
M1_uniform,cable,0,shift_good,brightness_0.7,medium,brightness,good,/root/autodl-tmp/research-experiments/industrial-anomaly-detection/data/mvtec_ad/cable/test/good/045.png,38.43558883666992
M1_uniform,cable,0,shift_good,brightness_0.7,medium,brightness,good,/root/autodl-tmp/research-experiments/industrial-anomaly-detection/data/mvtec_ad/cable/test/good/046.png,36.413902282714844
M1_uniform,cable,0,shift_good,brightness_0.7,medium,brightness,good,/root/autodl-tmp/research-experiments/industrial-anomaly-detection/data/mvtec_ad/cable/test/good/047.png,38.52198791503906
M1_uniform,cable,0,shift_good,brightness_0.7,medium,brightness,good,/root/autodl-tmp/research-experiments/industrial-anomaly-detection/data/mvtec_ad/cable/test/good/048.png,38.665306091308594
M1_uniform,cable,0,shift_good,brightness_0.7,medium,brightness,good,/root/autodl-tmp/research-experiments/industrial-anomaly-detection/data/mvtec_ad/cable/test/good/049.png,38.58826446533203
M1_uniform,cable,0,shift_good,brightness_0.7,medium,brightness,good,/root/autodl-tmp/research-experiments/industrial-anomaly-detection/data/mvtec_ad/cable/test/good/050.png,37.01845169067383
M1_uniform,cable,0,shift_good,brightness_0.7,medium,brightness,good,/root/autodl-tmp/research-experiments/industrial-anomaly-detection/data/mvtec_ad/cable/test/good/051.png,37.924835205078125
M1_uniform,cable,0,shift_good,brightness_0.7,medium,brightness,good,/root/autodl-tmp/research-experiments/industrial-anomaly-detection/data/mvtec_ad/cable/test/good/052.png,35.46982192993164
M1_uniform,cable,0,shift_good,brightness_0.7,medium,brightness,good,/root/autodl-tmp/research-experiments/industrial-anomaly-detection/data/mvtec_ad/cable/test/good/053.png,37.29492950439453
M1_uniform,cable,0,shift_good,brightness_0.7,medium,brightness,good,/root/autodl-tmp/research-experiments/industrial-anomaly-detection/data/mvtec_ad/cable/test/good/054.png,37.74201583862305
M1_uniform,cable,0,shift_good,brightness_0.7,medium,brightness,good,/root/autodl-tmp/research-experiments/industrial-anomaly-detection/data/mvtec_ad/cable/test/good/055.png,41.8034782409668
M1_uniform,cable,0,shift_good,brightness_0.7,medium,brightness,good,/root/autodl-tmp/research-experiments/industrial-anomaly-detection/data/mvtec_ad/cable/test/good/056.png,37.589073181152344
M1_uniform,cable,0,shift_good,brightness_0.7,medium,brightness,good,/root/autodl-tmp/research-experiments/industrial-anomaly-detection/data/mvtec_ad/cable/test/good/057.png,43.79325485229492
M1_uniform,cable,0,shift_good,brightness_1.3,medium,brightness,good,/root/autodl-tmp/research-experiments/industrial-anomaly-detection/data/mvtec_ad/cable/test/good/000.png,34.612144470214844
M1_uniform,cable,0,shift_good,brightness_1.3,medium,brightness,good,/root/autodl-tmp/research-experiments/industrial-anomaly-detection/data/mvtec_ad/cable/test/good/001.png,39.325416564941406
M1_uniform,cable,0,shift_good,brightness_1.3,medium,brightness,good,/root/autodl-tmp/research-experiments/industrial-anomaly-detection/data/mvtec_ad/cable/test/good/002.png,37.470603942871094
M1_uniform,cable,0,shift_good,brightness_1.3,medium,brightness,good,/root/autodl-tmp/research-experiments/industrial-anomaly-detection/data/mvtec_ad/cable/test/good/003.png,35.210384368896484
M1_uniform,cable,0,shift_good,brightness_1.3,medium,brightness,good,/root/autodl-tmp/research-experiments/industrial-anomaly-detection/data/mvtec_ad/cable/test/good/004.png,34.9713020324707
M1_uniform,cable,0,shift_good,brightness_1.3,medium,brightness,good,/root/autodl-tmp/research-experiments/industrial-anomaly-detection/data/mvtec_ad/cable/test/good/005.png,35.12992858886719
M1_uniform,cable,0,shift_good,brightness_1.3,medium,brightness,good,/root/autodl-tmp/research-experiments/industrial-anomaly-detection/data/mvtec_ad/cable/test/good/006.png,35.64145278930664
M1_uniform,cable,0,shift_good,brightness_1.3,medium,brightness,good,/root/autodl-tmp/research-experiments/industrial-anomaly-detection/data/mvtec_ad/cable/test/good/007.png,36.802059173583984
M1_uniform,cable,0,shift_good,brightness_1.3,medium,brightness,good,/root/autodl-tmp/research-experiments/industrial-anomaly-detection/data/mvtec_ad/cable/test/good/008.png,36.225093841552734
M1_uniform,cable,0,shift_good,brightness_1.3,medium,brightness,good,/root/autodl-tmp/research-experiments/industrial-anomaly-detection/data/mvtec_ad/cable/test/good/009.png,36.453548431396484
M1_uniform,cable,0,shift_good,brightness_1.3,medium,brightness,good,/root/autodl-tmp/research-experiments/industrial-anomaly-detection/data/mvtec_ad/cable/test/good/010.png,35.41547775268555
M1_uniform,cable,0,shift_good,brightness_1.3,medium,brightness,good,/root/autodl-tmp/research-experiments/industrial-anomaly-detection/data/mvtec_ad/cable/test/good/011.png,37.838951110839844
M1_uniform,cable,0,shift_good,brightness_1.3,medium,brightness,good,/root/autodl-tmp/research-experiments/industrial-anomaly-detection/data/mvtec_ad/cable/test/good/012.png,38.318077087402344
M1_uniform,cable,0,shift_good,brightness_1.3,medium,brightness,good,/root/autodl-tmp/research-experiments/industrial-anomaly-detection/data/mvtec_ad/cable/test/good/013.png,39.84931945800781
M1_uniform,cable,0,shift_good,brightness_1.3,medium,brightness,good,/root/autodl-tmp/research-experiments/industrial-anomaly-detection/data/mvtec_ad/cable/test/good/014.png,37.1082878112793
M1_uniform,cable,0,shift_good,brightness_1.3,medium,brightness,good,/root/autodl-tmp/research-experiments/industrial-anomaly-detection/data/mvtec_ad/cable/test/good/015.png,37.64009475708008
M1_uniform,cable,0,shift_good,brightness_1.3,medium,brightness,good,/root/autodl-tmp/research-experiments/industrial-anomaly-detection/data/mvtec_ad/cable/test/good/016.png,36.68954849243164
M1_uniform,cable,0,shift_good,brightness_1.3,medium,brightness,good,/root/autodl-tmp/research-experiments/industrial-anomaly-detection/data/mvtec_ad/cable/test/good/017.png,36.58586502075195
M1_uniform,cable,0,shift_good,brightness_1.3,medium,brightness,good,/root/autodl-tmp/research-experiments/industrial-anomaly-detection/data/mvtec_ad/cable/test/good/018.png,39.356597900390625
M1_uniform,cable,0,shift_good,brightness_1.3,medium,brightness,good,/root/autodl-tmp/research-experiments/industrial-anomaly-detection/data/mvtec_ad/cable/test/good/019.png,39.57920837402344
M1_uniform,cable,0,shift_good,brightness_1.3,medium,brightness,good,/root/autodl-tmp/research-experiments/industrial-anomaly-detection/data/mvtec_ad/cable/test/good/020.png,36.31260299682617
M1_uniform,cable,0,shift_good,brightness_1.3,medium,brightness,good,/root/autodl-tmp/research-experiments/industrial-anomaly-detection/data/mvtec_ad/cable/test/good/021.png,35.56584167480469
M1_uniform,cable,0,shift_good,brightness_1.3,medium,brightness,good,/root/autodl-tmp/research-experiments/industrial-anomaly-detection/data/mvtec_ad/cable/test/good/022.png,38.10891342163086
M1_uniform,cable,0,shift_good,brightness_1.3,medium,brightness,good,/root/autodl-tmp/research-experiments/industrial-anomaly-detection/data/mvtec_ad/cable/test/good/023.png,35.80636978149414
M1_uniform,cable,0,shift_good,brightness_1.3,medium,brightness,good,/root/autodl-tmp/research-experiments/industrial-anomaly-detection/data/mvtec_ad/cable/test/good/024.png,37.47040939331055
M1_uniform,cable,0,shift_good,brightness_1.3,medium,brightness,good,/root/autodl-tmp/research-experiments/industrial-anomaly-detection/data/mvtec_ad/cable/test/good/025.png,35.73750305175781
M1_uniform,cable,0,shift_good,brightness_1.3,medium,brightness,good,/root/autodl-tmp/research-experiments/industrial-anomaly-detection/data/mvtec_ad/cable/test/good/026.png,36.549278259277344
M1_uniform,cable,0,shift_good,brightness_1.3,medium,brightness,good,/root/autodl-tmp/research-experiments/industrial-anomaly-detection/data/mvtec_ad/cable/test/good/027.png,36.31092071533203
M1_uniform,cable,0,shift_good,brightness_1.3,medium,brightness,good,/root/autodl-tmp/research-experiments/industrial-anomaly-detection/data/mvtec_ad/cable/test/good/028.png,37.51448059082031
M1_uniform,cable,0,shift_good,brightness_1.3,medium,brightness,good,/root/autodl-tmp/research-experiments/industrial-anomaly-detection/data/mvtec_ad/cable/test/good/029.png,36.08623504638672
M1_uniform,cable,0,shift_good,brightness_1.3,medium,brightness,good,/root/autodl-tmp/research-experiments/industrial-anomaly-detection/data/mvtec_ad/cable/test/good/030.png,42.40285110473633
M1_uniform,cable,0,shift_good,brightness_1.3,medium,brightness,good,/root/autodl-tmp/research-experiments/industrial-anomaly-detection/data/mvtec_ad/cable/test/good/031.png,38.065303802490234
M1_uniform,cable,0,shift_good,brightness_1.3,medium,brightness,good,/root/autodl-tmp/research-experiments/industrial-anomaly-detection/data/mvtec_ad/cable/test/good/032.png,38.48823547363281
M1_uniform,cable,0,shift_good,brightness_1.3,medium,brightness,good,/root/autodl-tmp/research-experiments/industrial-anomaly-detection/data/mvtec_ad/cable/test/good/033.png,37.81626892089844
M1_uniform,cable,0,shift_good,brightness_1.3,medium,brightness,good,/root/autodl-tmp/research-experiments/industrial-anomaly-detection/data/mvtec_ad/cable/test/good/034.png,38.861412048339844
M1_uniform,cable,0,shift_good,brightness_1.3,medium,brightness,good,/root/autodl-tmp/research-experiments/industrial-anomaly-detection/data/mvtec_ad/cable/test/good/035.png,37.2073974609375
M1_uniform,cable,0,shift_good,brightness_1.3,medium,brightness,good,/root/autodl-tmp/research-experiments/industrial-anomaly-detection/data/mvtec_ad/cable/test/good/036.png,38.42899703979492
M1_uniform,cable,0,shift_good,brightness_1.3,medium,brightness,good,/root/autodl-tmp/research-experiments/industrial-anomaly-detection/data/mvtec_ad/cable/test/good/037.png,36.21175003051758
M1_uniform,cable,0,shift_good,brightness_1.3,medium,brightness,good,/root/autodl-tmp/research-experiments/industrial-anomaly-detection/data/mvtec_ad/cable/test/good/038.png,40.14044952392578
M1_uniform,cable,0,shift_good,brightness_1.3,medium,brightness,good,/root/autodl-tmp/research-experiments/industrial-anomaly-detection/data/mvtec_ad/cable/test/good/039.png,38.87211608886719
M1_uniform,cable,0,shift_good,brightness_1.3,medium,brightness,good,/root/autodl-tmp/research-experiments/industrial-anomaly-detection/data/mvtec_ad/cable/test/good/040.png,36.42204284667969
M1_uniform,cable,0,shift_good,brightness_1.3,medium,brightness,good,/root/autodl-tmp/research-experiments/industrial-anomaly-detection/data/mvtec_ad/cable/test/good/041.png,39.73775863647461
M1_uniform,cable,0,shift_good,brightness_1.3,medium,brightness,good,/root/autodl-tmp/research-experiments/industrial-anomaly-detection/data/mvtec_ad/cable/test/good/042.png,41.0484733581543
M1_uniform,cable,0,shift_good,brightness_1.3,medium,brightness,good,/root/autodl-tmp/research-experiments/industrial-anomaly-detection/data/mvtec_ad/cable/test/good/043.png,38.03075408935547
M1_uniform,cable,0,shift_good,brightness_1.3,medium,brightness,good,/root/autodl-tmp/research-experiments/industrial-anomaly-detection/data/mvtec_ad/cable/test/good/044.png,37.314781188964844
M1_uniform,cable,0,shift_good,brightness_1.3,medium,brightness,good,/root/autodl-tmp/research-experiments/industrial-anomaly-detection/data/mvtec_ad/cable/test/good/045.png,37.38855743408203
M1_uniform,cable,0,shift_good,brightness_1.3,medium,brightness,good,/root/autodl-tmp/research-experiments/industrial-anomaly-detection/data/mvtec_ad/cable/test/good/046.png,35.73952865600586
M1_uniform,cable,0,shift_good,brightness_1.3,medium,brightness,good,/root/autodl-tmp/research-experiments/industrial-anomaly-detection/data/mvtec_ad/cable/test/good/047.png,37.016357421875
M1_uniform,cable,0,shift_good,brightness_1.3,medium,brightness,good,/root/autodl-tmp/research-experiments/industrial-anomaly-detection/data/mvtec_ad/cable/test/good/048.png,37.283180236816406
M1_uniform,cable,0,shift_good,brightness_1.3,medium,brightness,good,/root/autodl-tmp/research-experiments/industrial-anomaly-detection/data/mvtec_ad/cable/test/good/049.png,37.49196243286133
M1_uniform,cable,0,shift_good,brightness_1.3,medium,brightness,good,/root/autodl-tmp/research-experiments/industrial-anomaly-detection/data/mvtec_ad/cable/test/good/050.png,37.446693420410156
M1_uniform,cable,0,shift_good,brightness_1.3,medium,brightness,good,/root/autodl-tmp/research-experiments/industrial-anomaly-detection/data/mvtec_ad/cable/test/good/051.png,38.30012512207031
M1_uniform,cable,0,shift_good,brightness_1.3,medium,brightness,good,/root/autodl-tmp/research-experiments/industrial-anomaly-detection/data/mvtec_ad/cable/test/good/052.png,36.020484924316406
M1_uniform,cable,0,shift_good,brightness_1.3,medium,brightness,good,/root/autodl-tmp/research-experiments/industrial-anomaly-detection/data/mvtec_ad/cable/test/good/053.png,37.97233963012695
M1_uniform,cable,0,shift_good,brightness_1.3,medium,brightness,good,/root/autodl-tmp/research-experiments/industrial-anomaly-detection/data/mvtec_ad/cable/test/good/054.png,36.781585693359375
M1_uniform,cable,0,shift_good,brightness_1.3,medium,brightness,good,/root/autodl-tmp/research-experiments/industrial-anomaly-detection/data/mvtec_ad/cable/test/good/055.png,40.30968475341797
M1_uniform,cable,0,shift_good,brightness_1.3,medium,brightness,good,/root/autodl-tmp/research-experiments/industrial-anomaly-detection/data/mvtec_ad/cable/test/good/056.png,38.499874114990234
M1_uniform,cable,0,shift_good,brightness_1.3,medium,brightness,good,/root/autodl-tmp/research-experiments/industrial-anomaly-detection/data/mvtec_ad/cable/test/good/057.png,42.868316650390625
M1_uniform,cable,0,shift_good,brightness_0.5,strong,brightness,good,/root/autodl-tmp/research-experiments/industrial-anomaly-detection/data/mvtec_ad/cable/test/good/000.png,37.55348205566406
M1_uniform,cable,0,shift_good,brightness_0.5,strong,brightness,good,/root/autodl-tmp/research-experiments/industrial-anomaly-detection/data/mvtec_ad/cable/test/good/001.png,39.86085510253906
M1_uniform,cable,0,shift_good,brightness_0.5,strong,brightness,good,/root/autodl-tmp/research-experiments/industrial-anomaly-detection/data/mvtec_ad/cable/test/good/002.png,38.43941116333008
M1_uniform,cable,0,shift_good,brightness_0.5,strong,brightness,good,/root/autodl-tmp/research-experiments/industrial-anomaly-detection/data/mvtec_ad/cable/test/good/003.png,35.69514083862305
M1_uniform,cable,0,shift_good,brightness_0.5,strong,brightness,good,/root/autodl-tmp/research-experiments/industrial-anomaly-detection/data/mvtec_ad/cable/test/good/004.png,35.45176696777344
M1_uniform,cable,0,shift_good,brightness_0.5,strong,brightness,good,/root/autodl-tmp/research-experiments/industrial-anomaly-detection/data/mvtec_ad/cable/test/good/005.png,37.31501007080078
M1_uniform,cable,0,shift_good,brightness_0.5,strong,brightness,good,/root/autodl-tmp/research-experiments/industrial-anomaly-detection/data/mvtec_ad/cable/test/good/006.png,36.25318908691406
M1_uniform,cable,0,shift_good,brightness_0.5,strong,brightness,good,/root/autodl-tmp/research-experiments/industrial-anomaly-detection/data/mvtec_ad/cable/test/good/007.png,38.83757781982422
M1_uniform,cable,0,shift_good,brightness_0.5,strong,brightness,good,/root/autodl-tmp/research-experiments/industrial-anomaly-detection/data/mvtec_ad/cable/test/good/008.png,37.856040954589844
M1_uniform,cable,0,shift_good,brightness_0.5,strong,brightness,good,/root/autodl-tmp/research-experiments/industrial-anomaly-detection/data/mvtec_ad/cable/test/good/009.png,36.71937561035156
M1_uniform,cable,0,shift_good,brightness_0.5,strong,brightness,good,/root/autodl-tmp/research-experiments/industrial-anomaly-detection/data/mvtec_ad/cable/test/good/010.png,37.18281555175781
M1_uniform,cable,0,shift_good,brightness_0.5,strong,brightness,good,/root/autodl-tmp/research-experiments/industrial-anomaly-detection/data/mvtec_ad/cable/test/good/011.png,39.817161560058594
M1_uniform,cable,0,shift_good,brightness_0.5,strong,brightness,good,/root/autodl-tmp/research-experiments/industrial-anomaly-detection/data/mvtec_ad/cable/test/good/012.png,37.997257232666016
M1_uniform,cable,0,shift_good,brightness_0.5,strong,brightness,good,/root/autodl-tmp/research-experiments/industrial-anomaly-detection/data/mvtec_ad/cable/test/good/013.png,44.3404541015625
M1_uniform,cable,0,shift_good,brightness_0.5,strong,brightness,good,/root/autodl-tmp/research-experiments/industrial-anomaly-detection/data/mvtec_ad/cable/test/good/014.png,37.748775482177734
M1_uniform,cable,0,shift_good,brightness_0.5,strong,brightness,good,/root/autodl-tmp/research-experiments/industrial-anomaly-detection/data/mvtec_ad/cable/test/good/015.png,38.30051040649414
M1_uniform,cable,0,shift_good,brightness_0.5,strong,brightness,good,/root/autodl-tmp/research-experiments/industrial-anomaly-detection/data/mvtec_ad/cable/test/good/016.png,39.27541732788086
M1_uniform,cable,0,shift_good,brightness_0.5,strong,brightness,good,/root/autodl-tmp/research-experiments/industrial-anomaly-detection/data/mvtec_ad/cable/test/good/017.png,37.614723205566406
M1_uniform,cable,0,shift_good,brightness_0.5,strong,brightness,good,/root/autodl-tmp/research-experiments/industrial-anomaly-detection/data/mvtec_ad/cable/test/good/018.png,41.47942352294922
M1_uniform,cable,0,shift_good,brightness_0.5,strong,brightness,good,/root/autodl-tmp/research-experiments/industrial-anomaly-detection/data/mvtec_ad/cable/test/good/019.png,41.04719543457031
M1_uniform,cable,0,shift_good,brightness_0.5,strong,brightness,good,/root/autodl-tmp/research-experiments/industrial-anomaly-detection/data/mvtec_ad/cable/test/good/020.png,39.029014587402344
M1_uniform,cable,0,shift_good,brightness_0.5,strong,brightness,good,/root/autodl-tmp/research-experiments/industrial-anomaly-detection/data/mvtec_ad/cable/test/good/021.png,39.309146881103516
M1_uniform,cable,0,shift_good,brightness_0.5,strong,brightness,good,/root/autodl-tmp/research-experiments/industrial-anomaly-detection/data/mvtec_ad/cable/test/good/022.png,38.64142608642578
M1_uniform,cable,0,shift_good,brightness_0.5,strong,brightness,good,/root/autodl-tmp/research-experiments/industrial-anomaly-detection/data/mvtec_ad/cable/test/good/023.png,35.86427307128906
M1_uniform,cable,0,shift_good,brightness_0.5,strong,brightness,good,/root/autodl-tmp/research-experiments/industrial-anomaly-detection/data/mvtec_ad/cable/test/good/024.png,38.10116195678711
M1_uniform,cable,0,shift_good,brightness_0.5,strong,brightness,good,/root/autodl-tmp/research-experiments/industrial-anomaly-detection/data/mvtec_ad/cable/test/good/025.png,35.451168060302734
M1_uniform,cable,0,shift_good,brightness_0.5,strong,brightness,good,/root/autodl-tmp/research-experiments/industrial-anomaly-detection/data/mvtec_ad/cable/test/good/026.png,38.53177261352539
M1_uniform,cable,0,shift_good,brightness_0.5,strong,brightness,good,/root/autodl-tmp/research-experiments/industrial-anomaly-detection/data/mvtec_ad/cable/test/good/027.png,37.73031997680664
M1_uniform,cable,0,shift_good,brightness_0.5,strong,brightness,good,/root/autodl-tmp/research-experiments/industrial-anomaly-detection/data/mvtec_ad/cable/test/good/028.png,38.087799072265625
M1_uniform,cable,0,shift_good,brightness_0.5,strong,brightness,good,/root/autodl-tmp/research-experiments/industrial-anomaly-detection/data/mvtec_ad/cable/test/good/029.png,36.79602813720703
M1_uniform,cable,0,shift_good,brightness_0.5,strong,brightness,good,/root/autodl-tmp/research-experiments/industrial-anomaly-detection/data/mvtec_ad/cable/test/good/030.png,42.81721878051758
M1_uniform,cable,0,shift_good,brightness_0.5,strong,brightness,good,/root/autodl-tmp/research-experiments/industrial-anomaly-detection/data/mvtec_ad/cable/test/good/031.png,39.45032501220703
M1_uniform,cable,0,shift_good,brightness_0.5,strong,brightness,good,/root/autodl-tmp/research-experiments/industrial-anomaly-detection/data/mvtec_ad/cable/test/good/032.png,38.94101333618164
M1_uniform,cable,0,shift_good,brightness_0.5,strong,brightness,good,/root/autodl-tmp/research-experiments/industrial-anomaly-detection/data/mvtec_ad/cable/test/good/033.png,40.04127883911133
M1_uniform,cable,0,shift_good,brightness_0.5,strong,brightness,good,/root/autodl-tmp/research-experiments/industrial-anomaly-detection/data/mvtec_ad/cable/test/good/034.png,39.84331130981445
M1_uniform,cable,0,shift_good,brightness_0.5,strong,brightness,good,/root/autodl-tmp/research-experiments/industrial-anomaly-detection/data/mvtec_ad/cable/test/good/035.png,36.53495788574219
M1_uniform,cable,0,shift_good,brightness_0.5,strong,brightness,good,/root/autodl-tmp/research-experiments/industrial-anomaly-detection/data/mvtec_ad/cable/test/good/036.png,40.83287811279297
M1_uniform,cable,0,shift_good,brightness_0.5,strong,brightness,good,/root/autodl-tmp/research-experiments/industrial-anomaly-detection/data/mvtec_ad/cable/test/good/037.png,40.82745361328125
M1_uniform,cable,0,shift_good,brightness_0.5,strong,brightness,good,/root/autodl-tmp/research-experiments/industrial-anomaly-detection/data/mvtec_ad/cable/test/good/038.png,41.100975036621094
M1_uniform,cable,0,shift_good,brightness_0.5,strong,brightness,good,/root/autodl-tmp/research-experiments/industrial-anomaly-detection/data/mvtec_ad/cable/test/good/039.png,40.1204833984375
M1_uniform,cable,0,shift_good,brightness_0.5,strong,brightness,good,/root/autodl-tmp/research-experiments/industrial-anomaly-detection/data/mvtec_ad/cable/test/good/040.png,36.89532470703125
M1_uniform,cable,0,shift_good,brightness_0.5,strong,brightness,good,/root/autodl-tmp/research-experiments/industrial-anomaly-detection/data/mvtec_ad/cable/test/good/041.png,39.136924743652344
M1_uniform,cable,0,shift_good,brightness_0.5,strong,brightness,good,/root/autodl-tmp/research-experiments/industrial-anomaly-detection/data/mvtec_ad/cable/test/good/042.png,43.07408905029297
M1_uniform,cable,0,shift_good,brightness_0.5,strong,brightness,good,/root/autodl-tmp/research-experiments/industrial-anomaly-detection/data/mvtec_ad/cable/test/good/043.png,36.83310317993164
M1_uniform,cable,0,shift_good,brightness_0.5,strong,brightness,good,/root/autodl-tmp/research-experiments/industrial-anomaly-detection/data/mvtec_ad/cable/test/good/044.png,38.37262725830078
M1_uniform,cable,0,shift_good,brightness_0.5,strong,brightness,good,/root/autodl-tmp/research-experiments/industrial-anomaly-detection/data/mvtec_ad/cable/test/good/045.png,39.89818572998047
M1_uniform,cable,0,shift_good,brightness_0.5,strong,brightness,good,/root/autodl-tmp/research-experiments/industrial-anomaly-detection/data/mvtec_ad/cable/test/good/046.png,37.6921501159668
M1_uniform,cable,0,shift_good,brightness_0.5,strong,brightness,good,/root/autodl-tmp/research-experiments/industrial-anomaly-detection/data/mvtec_ad/cable/test/good/047.png,40.35271072387695
M1_uniform,cable,0,shift_good,brightness_0.5,strong,brightness,good,/root/autodl-tmp/research-experiments/industrial-anomaly-detection/data/mvtec_ad/cable/test/good/048.png,39.07386016845703
M1_uniform,cable,0,shift_good,brightness_0.5,strong,brightness,good,/root/autodl-tmp/research-experiments/industrial-anomaly-detection/data/mvtec_ad/cable/test/good/049.png,39.42633819580078
M1_uniform,cable,0,shift_good,brightness_0.5,strong,brightness,good,/root/autodl-tmp/research-experiments/industrial-anomaly-detection/data/mvtec_ad/cable/test/good/050.png,37.9088134765625
M1_uniform,cable,0,shift_good,brightness_0.5,strong,brightness,good,/root/autodl-tmp/research-experiments/industrial-anomaly-detection/data/mvtec_ad/cable/test/good/051.png,38.49964141845703
M1_uniform,cable,0,shift_good,brightness_0.5,strong,brightness,good,/root/autodl-tmp/research-experiments/industrial-anomaly-detection/data/mvtec_ad/cable/test/good/052.png,36.275245666503906
M1_uniform,cable,0,shift_good,brightness_0.5,strong,brightness,good,/root/autodl-tmp/research-experiments/industrial-anomaly-detection/data/mvtec_ad/cable/test/good/053.png,37.840904235839844
M1_uniform,cable,0,shift_good,brightness_0.5,strong,brightness,good,/root/autodl-tmp/research-experiments/industrial-anomaly-detection/data/mvtec_ad/cable/test/good/054.png,37.836883544921875
M1_uniform,cable,0,shift_good,brightness_0.5,strong,brightness,good,/root/autodl-tmp/research-experiments/industrial-anomaly-detection/data/mvtec_ad/cable/test/good/055.png,42.40549850463867
M1_uniform,cable,0,shift_good,brightness_0.5,strong,brightness,good,/root/autodl-tmp/research-experiments/industrial-anomaly-detection/data/mvtec_ad/cable/test/good/056.png,39.68899154663086
M1_uniform,cable,0,shift_good,brightness_0.5,strong,brightness,good,/root/autodl-tmp/research-experiments/industrial-anomaly-detection/data/mvtec_ad/cable/test/good/057.png,43.93595504760742
M1_uniform,cable,0,shift_good,brightness_1.5,strong,brightness,good,/root/autodl-tmp/research-experiments/industrial-anomaly-detection/data/mvtec_ad/cable/test/good/000.png,36.88785934448242
M1_uniform,cable,0,shift_good,brightness_1.5,strong,brightness,good,/root/autodl-tmp/research-experiments/industrial-anomaly-detection/data/mvtec_ad/cable/test/good/001.png,39.36076354980469
M1_uniform,cable,0,shift_good,brightness_1.5,strong,brightness,good,/root/autodl-tmp/research-experiments/industrial-anomaly-detection/data/mvtec_ad/cable/test/good/002.png,38.692596435546875
M1_uniform,cable,0,shift_good,brightness_1.5,strong,brightness,good,/root/autodl-tmp/research-experiments/industrial-anomaly-detection/data/mvtec_ad/cable/test/good/003.png,37.55913543701172
M1_uniform,cable,0,shift_good,brightness_1.5,strong,brightness,good,/root/autodl-tmp/research-experiments/industrial-anomaly-detection/data/mvtec_ad/cable/test/good/004.png,35.48274230957031
M1_uniform,cable,0,shift_good,brightness_1.5,strong,brightness,good,/root/autodl-tmp/research-experiments/industrial-anomaly-detection/data/mvtec_ad/cable/test/good/005.png,36.250648498535156
M1_uniform,cable,0,shift_good,brightness_1.5,strong,brightness,good,/root/autodl-tmp/research-experiments/industrial-anomaly-detection/data/mvtec_ad/cable/test/good/006.png,36.0494499206543
M1_uniform,cable,0,shift_good,brightness_1.5,strong,brightness,good,/root/autodl-tmp/research-experiments/industrial-anomaly-detection/data/mvtec_ad/cable/test/good/007.png,37.37728500366211
M1_uniform,cable,0,shift_good,brightness_1.5,strong,brightness,good,/root/autodl-tmp/research-experiments/industrial-anomaly-detection/data/mvtec_ad/cable/test/good/008.png,36.61372756958008
M1_uniform,cable,0,shift_good,brightness_1.5,strong,brightness,good,/root/autodl-tmp/research-experiments/industrial-anomaly-detection/data/mvtec_ad/cable/test/good/009.png,37.169944763183594
M1_uniform,cable,0,shift_good,brightness_1.5,strong,brightness,good,/root/autodl-tmp/research-experiments/industrial-anomaly-detection/data/mvtec_ad/cable/test/good/010.png,36.78107452392578
M1_uniform,cable,0,shift_good,brightness_1.5,strong,brightness,good,/root/autodl-tmp/research-experiments/industrial-anomaly-detection/data/mvtec_ad/cable/test/good/011.png,38.51417541503906
M1_uniform,cable,0,shift_good,brightness_1.5,strong,brightness,good,/root/autodl-tmp/research-experiments/industrial-anomaly-detection/data/mvtec_ad/cable/test/good/012.png,39.2121467590332
M1_uniform,cable,0,shift_good,brightness_1.5,strong,brightness,good,/root/autodl-tmp/research-experiments/industrial-anomaly-detection/data/mvtec_ad/cable/test/good/013.png,40.44765090942383
M1_uniform,cable,0,shift_good,brightness_1.5,strong,brightness,good,/root/autodl-tmp/research-experiments/industrial-anomaly-detection/data/mvtec_ad/cable/test/good/014.png,37.217952728271484
M1_uniform,cable,0,shift_good,brightness_1.5,strong,brightness,good,/root/autodl-tmp/research-experiments/industrial-anomaly-detection/data/mvtec_ad/cable/test/good/015.png,37.80082702636719
M1_uniform,cable,0,shift_good,brightness_1.5,strong,brightness,good,/root/autodl-tmp/research-experiments/industrial-anomaly-detection/data/mvtec_ad/cable/test/good/016.png,37.120384216308594
M1_uniform,cable,0,shift_good,brightness_1.5,strong,brightness,good,/root/autodl-tmp/research-experiments/industrial-anomaly-detection/data/mvtec_ad/cable/test/good/017.png,36.939971923828125
M1_uniform,cable,0,shift_good,brightness_1.5,strong,brightness,good,/root/autodl-tmp/research-experiments/industrial-anomaly-detection/data/mvtec_ad/cable/test/good/018.png,41.01032638549805
M1_uniform,cable,0,shift_good,brightness_1.5,strong,brightness,good,/root/autodl-tmp/research-experiments/industrial-anomaly-detection/data/mvtec_ad/cable/test/good/019.png,39.82219314575195
M1_uniform,cable,0,shift_good,brightness_1.5,strong,brightness,good,/root/autodl-tmp/research-experiments/industrial-anomaly-detection/data/mvtec_ad/cable/test/good/020.png,37.56355667114258
M1_uniform,cable,0,shift_good,brightness_1.5,strong,brightness,good,/root/autodl-tmp/research-experiments/industrial-anomaly-detection/data/mvtec_ad/cable/test/good/021.png,38.085506439208984
M1_uniform,cable,0,shift_good,brightness_1.5,strong,brightness,good,/root/autodl-tmp/research-experiments/industrial-anomaly-detection/data/mvtec_ad/cable/test/good/022.png,39.128116607666016
M1_uniform,cable,0,shift_good,brightness_1.5,strong,brightness,good,/root/autodl-tmp/research-experiments/industrial-anomaly-detection/data/mvtec_ad/cable/test/good/023.png,39.321022033691406
M1_uniform,cable,0,shift_good,brightness_1.5,strong,brightness,good,/root/autodl-tmp/research-experiments/industrial-anomaly-detection/data/mvtec_ad/cable/test/good/024.png,38.39768600463867
M1_uniform,cable,0,shift_good,brightness_1.5,strong,brightness,good,/root/autodl-tmp/research-experiments/industrial-anomaly-detection/data/mvtec_ad/cable/test/good/025.png,36.761810302734375
M1_uniform,cable,0,shift_good,brightness_1.5,strong,brightness,good,/root/autodl-tmp/research-experiments/industrial-anomaly-detection/data/mvtec_ad/cable/test/good/026.png,37.678565979003906
M1_uniform,cable,0,shift_good,brightness_1.5,strong,brightness,good,/root/autodl-tmp/research-experiments/industrial-anomaly-detection/data/mvtec_ad/cable/test/good/027.png,37.28070068359375
M1_uniform,cable,0,shift_good,brightness_1.5,strong,brightness,good,/root/autodl-tmp/research-experiments/industrial-anomaly-detection/data/mvtec_ad/cable/test/good/028.png,38.65762710571289
M1_uniform,cable,0,shift_good,brightness_1.5,strong,brightness,good,/root/autodl-tmp/research-experiments/industrial-anomaly-detection/data/mvtec_ad/cable/test/good/029.png,37.93173599243164
M1_uniform,cable,0,shift_good,brightness_1.5,strong,brightness,good,/root/autodl-tmp/research-experiments/industrial-anomaly-detection/data/mvtec_ad/cable/test/good/030.png,43.292076110839844
M1_uniform,cable,0,shift_good,brightness_1.5,strong,brightness,good,/root/autodl-tmp/research-experiments/industrial-anomaly-detection/data/mvtec_ad/cable/test/good/031.png,38.12889862060547
M1_uniform,cable,0,shift_good,brightness_1.5,strong,brightness,good,/root/autodl-tmp/research-experiments/industrial-anomaly-detection/data/mvtec_ad/cable/test/good/032.png,38.444583892822266
M1_uniform,cable,0,shift_good,brightness_1.5,strong,brightness,good,/root/autodl-tmp/research-experiments/industrial-anomaly-detection/data/mvtec_ad/cable/test/good/033.png,40.35102844238281
M1_uniform,cable,0,shift_good,brightness_1.5,strong,brightness,good,/root/autodl-tmp/research-experiments/industrial-anomaly-detection/data/mvtec_ad/cable/test/good/034.png,41.96879959106445
M1_uniform,cable,0,shift_good,brightness_1.5,strong,brightness,good,/root/autodl-tmp/research-experiments/industrial-anomaly-detection/data/mvtec_ad/cable/test/good/035.png,40.93593215942383
M1_uniform,cable,0,shift_good,brightness_1.5,strong,brightness,good,/root/autodl-tmp/research-experiments/industrial-anomaly-detection/data/mvtec_ad/cable/test/good/036.png,41.36342239379883
M1_uniform,cable,0,shift_good,brightness_1.5,strong,brightness,good,/root/autodl-tmp/research-experiments/industrial-anomaly-detection/data/mvtec_ad/cable/test/good/037.png,38.66609573364258
M1_uniform,cable,0,shift_good,brightness_1.5,strong,brightness,good,/root/autodl-tmp/research-experiments/industrial-anomaly-detection/data/mvtec_ad/cable/test/good/038.png,40.79110336303711
M1_uniform,cable,0,shift_good,brightness_1.5,strong,brightness,good,/root/autodl-tmp/research-experiments/industrial-anomaly-detection/data/mvtec_ad/cable/test/good/039.png,39.848663330078125
M1_uniform,cable,0,shift_good,brightness_1.5,strong,brightness,good,/root/autodl-tmp/research-experiments/industrial-anomaly-detection/data/mvtec_ad/cable/test/good/040.png,39.78738021850586
M1_uniform,cable,0,shift_good,brightness_1.5,strong,brightness,good,/root/autodl-tmp/research-experiments/industrial-anomaly-detection/data/mvtec_ad/cable/test/good/041.png,40.44898223876953
M1_uniform,cable,0,shift_good,brightness_1.5,strong,brightness,good,/root/autodl-tmp/research-experiments/industrial-anomaly-detection/data/mvtec_ad/cable/test/good/042.png,43.51231002807617
M1_uniform,cable,0,shift_good,brightness_1.5,strong,brightness,good,/root/autodl-tmp/research-experiments/industrial-anomaly-detection/data/mvtec_ad/cable/test/good/043.png,40.983131408691406
M1_uniform,cable,0,shift_good,brightness_1.5,strong,brightness,good,/root/autodl-tmp/research-experiments/industrial-anomaly-detection/data/mvtec_ad/cable/test/good/044.png,38.07870101928711
M1_uniform,cable,0,shift_good,brightness_1.5,strong,brightness,good,/root/autodl-tmp/research-experiments/industrial-anomaly-detection/data/mvtec_ad/cable/test/good/045.png,38.25918197631836
M1_uniform,cable,0,shift_good,brightness_1.5,strong,brightness,good,/root/autodl-tmp/research-experiments/industrial-anomaly-detection/data/mvtec_ad/cable/test/good/046.png,36.88603210449219
M1_uniform,cable,0,shift_good,brightness_1.5,strong,brightness,good,/root/autodl-tmp/research-experiments/industrial-anomaly-detection/data/mvtec_ad/cable/test/good/047.png,37.337554931640625
M1_uniform,cable,0,shift_good,brightness_1.5,strong,brightness,good,/root/autodl-tmp/research-experiments/industrial-anomaly-detection/data/mvtec_ad/cable/test/good/048.png,37.39960479736328
M1_uniform,cable,0,shift_good,brightness_1.5,strong,brightness,good,/root/autodl-tmp/research-experiments/industrial-anomaly-detection/data/mvtec_ad/cable/test/good/049.png,38.4897346496582
M1_uniform,cable,0,shift_good,brightness_1.5,strong,brightness,good,/root/autodl-tmp/research-experiments/industrial-anomaly-detection/data/mvtec_ad/cable/test/good/050.png,37.828697204589844
M1_uniform,cable,0,shift_good,brightness_1.5,strong,brightness,good,/root/autodl-tmp/research-experiments/industrial-anomaly-detection/data/mvtec_ad/cable/test/good/051.png,39.109130859375
M1_uniform,cable,0,shift_good,brightness_1.5,strong,brightness,good,/root/autodl-tmp/research-experiments/industrial-anomaly-detection/data/mvtec_ad/cable/test/good/052.png,36.889522552490234
M1_uniform,cable,0,shift_good,brightness_1.5,strong,brightness,good,/root/autodl-tmp/research-experiments/industrial-anomaly-detection/data/mvtec_ad/cable/test/good/053.png,37.87407302856445
M1_uniform,cable,0,shift_good,brightness_1.5,strong,brightness,good,/root/autodl-tmp/research-experiments/industrial-anomaly-detection/data/mvtec_ad/cable/test/good/054.png,36.64376449584961
M1_uniform,cable,0,shift_good,brightness_1.5,strong,brightness,good,/root/autodl-tmp/research-experiments/industrial-anomaly-detection/data/mvtec_ad/cable/test/good/055.png,41.13557434082031
M1_uniform,cable,0,shift_good,brightness_1.5,strong,brightness,good,/root/autodl-tmp/research-experiments/industrial-anomaly-detection/data/mvtec_ad/cable/test/good/056.png,38.85254669189453
M1_uniform,cable,0,shift_good,brightness_1.5,strong,brightness,good,/root/autodl-tmp/research-experiments/industrial-anomaly-detection/data/mvtec_ad/cable/test/good/057.png,42.441829681396484
M1_uniform,cable,0,shift_good,gamma_0.9,mild,gamma,good,/root/autodl-tmp/research-experiments/industrial-anomaly-detection/data/mvtec_ad/cable/test/good/000.png,34.95012664794922
M1_uniform,cable,0,shift_good,gamma_0.9,mild,gamma,good,/root/autodl-tmp/research-experiments/industrial-anomaly-detection/data/mvtec_ad/cable/test/good/001.png,39.243858337402344
M1_uniform,cable,0,shift_good,gamma_0.9,mild,gamma,good,/root/autodl-tmp/research-experiments/industrial-anomaly-detection/data/mvtec_ad/cable/test/good/002.png,37.38692855834961
M1_uniform,cable,0,shift_good,gamma_0.9,mild,gamma,good,/root/autodl-tmp/research-experiments/industrial-anomaly-detection/data/mvtec_ad/cable/test/good/003.png,34.37110137939453
M1_uniform,cable,0,shift_good,gamma_0.9,mild,gamma,good,/root/autodl-tmp/research-experiments/industrial-anomaly-detection/data/mvtec_ad/cable/test/good/004.png,35.11837387084961
M1_uniform,cable,0,shift_good,gamma_0.9,mild,gamma,good,/root/autodl-tmp/research-experiments/industrial-anomaly-detection/data/mvtec_ad/cable/test/good/005.png,35.168025970458984
M1_uniform,cable,0,shift_good,gamma_0.9,mild,gamma,good,/root/autodl-tmp/research-experiments/industrial-anomaly-detection/data/mvtec_ad/cable/test/good/006.png,36.47441101074219
M1_uniform,cable,0,shift_good,gamma_0.9,mild,gamma,good,/root/autodl-tmp/research-experiments/industrial-anomaly-detection/data/mvtec_ad/cable/test/good/007.png,36.887168884277344
M1_uniform,cable,0,shift_good,gamma_0.9,mild,gamma,good,/root/autodl-tmp/research-experiments/industrial-anomaly-detection/data/mvtec_ad/cable/test/good/008.png,36.996883392333984
M1_uniform,cable,0,shift_good,gamma_0.9,mild,gamma,good,/root/autodl-tmp/research-experiments/industrial-anomaly-detection/data/mvtec_ad/cable/test/good/009.png,36.28078842163086
M1_uniform,cable,0,shift_good,gamma_0.9,mild,gamma,good,/root/autodl-tmp/research-experiments/industrial-anomaly-detection/data/mvtec_ad/cable/test/good/010.png,34.57285690307617
M1_uniform,cable,0,shift_good,gamma_0.9,mild,gamma,good,/root/autodl-tmp/research-experiments/industrial-anomaly-detection/data/mvtec_ad/cable/test/good/011.png,37.44649887084961
M1_uniform,cable,0,shift_good,gamma_0.9,mild,gamma,good,/root/autodl-tmp/research-experiments/industrial-anomaly-detection/data/mvtec_ad/cable/test/good/012.png,37.0670166015625
M1_uniform,cable,0,shift_good,gamma_0.9,mild,gamma,good,/root/autodl-tmp/research-experiments/industrial-anomaly-detection/data/mvtec_ad/cable/test/good/013.png,40.53669738769531
M1_uniform,cable,0,shift_good,gamma_0.9,mild,gamma,good,/root/autodl-tmp/research-experiments/industrial-anomaly-detection/data/mvtec_ad/cable/test/good/014.png,37.32828140258789
M1_uniform,cable,0,shift_good,gamma_0.9,mild,gamma,good,/root/autodl-tmp/research-experiments/industrial-anomaly-detection/data/mvtec_ad/cable/test/good/015.png,37.021827697753906
M1_uniform,cable,0,shift_good,gamma_0.9,mild,gamma,good,/root/autodl-tmp/research-experiments/industrial-anomaly-detection/data/mvtec_ad/cable/test/good/016.png,38.17316818237305
M1_uniform,cable,0,shift_good,gamma_0.9,mild,gamma,good,/root/autodl-tmp/research-experiments/industrial-anomaly-detection/data/mvtec_ad/cable/test/good/017.png,35.65778350830078
M1_uniform,cable,0,shift_good,gamma_0.9,mild,gamma,good,/root/autodl-tmp/research-experiments/industrial-anomaly-detection/data/mvtec_ad/cable/test/good/018.png,38.30559539794922
M1_uniform,cable,0,shift_good,gamma_0.9,mild,gamma,good,/root/autodl-tmp/research-experiments/industrial-anomaly-detection/data/mvtec_ad/cable/test/good/019.png,39.439537048339844
M1_uniform,cable,0,shift_good,gamma_0.9,mild,gamma,good,/root/autodl-tmp/research-experiments/industrial-anomaly-detection/data/mvtec_ad/cable/test/good/020.png,35.30442810058594
M1_uniform,cable,0,shift_good,gamma_0.9,mild,gamma,good,/root/autodl-tmp/research-experiments/industrial-anomaly-detection/data/mvtec_ad/cable/test/good/021.png,36.773929595947266
M1_uniform,cable,0,shift_good,gamma_0.9,mild,gamma,good,/root/autodl-tmp/research-experiments/industrial-anomaly-detection/data/mvtec_ad/cable/test/good/022.png,37.423892974853516
M1_uniform,cable,0,shift_good,gamma_0.9,mild,gamma,good,/root/autodl-tmp/research-experiments/industrial-anomaly-detection/data/mvtec_ad/cable/test/good/023.png,35.77472686767578
M1_uniform,cable,0,shift_good,gamma_0.9,mild,gamma,good,/root/autodl-tmp/research-experiments/industrial-anomaly-detection/data/mvtec_ad/cable/test/good/024.png,36.99688720703125
M1_uniform,cable,0,shift_good,gamma_0.9,mild,gamma,good,/root/autodl-tmp/research-experiments/industrial-anomaly-detection/data/mvtec_ad/cable/test/good/025.png,35.389366149902344
M1_uniform,cable,0,shift_good,gamma_0.9,mild,gamma,good,/root/autodl-tmp/research-experiments/industrial-anomaly-detection/data/mvtec_ad/cable/test/good/026.png,35.41130828857422
M1_uniform,cable,0,shift_good,gamma_0.9,mild,gamma,good,/root/autodl-tmp/research-experiments/industrial-anomaly-detection/data/mvtec_ad/cable/test/good/027.png,36.531246185302734
M1_uniform,cable,0,shift_good,gamma_0.9,mild,gamma,good,/root/autodl-tmp/research-experiments/industrial-anomaly-detection/data/mvtec_ad/cable/test/good/028.png,35.2358512878418
M1_uniform,cable,0,shift_good,gamma_0.9,mild,gamma,good,/root/autodl-tmp/research-experiments/industrial-anomaly-detection/data/mvtec_ad/cable/test/good/029.png,35.59242248535156
M1_uniform,cable,0,shift_good,gamma_0.9,mild,gamma,good,/root/autodl-tmp/research-experiments/industrial-anomaly-detection/data/mvtec_ad/cable/test/good/030.png,41.39912414550781
M1_uniform,cable,0,shift_good,gamma_0.9,mild,gamma,good,/root/autodl-tmp/research-experiments/industrial-anomaly-detection/data/mvtec_ad/cable/test/good/031.png,39.2401123046875
M1_uniform,cable,0,shift_good,gamma_0.9,mild,gamma,good,/root/autodl-tmp/research-experiments/industrial-anomaly-detection/data/mvtec_ad/cable/test/good/032.png,38.33250427246094
M1_uniform,cable,0,shift_good,gamma_0.9,mild,gamma,good,/root/autodl-tmp/research-experiments/industrial-anomaly-detection/data/mvtec_ad/cable/test/good/033.png,36.009674072265625
M1_uniform,cable,0,shift_good,gamma_0.9,mild,gamma,good,/root/autodl-tmp/research-experiments/industrial-anomaly-detection/data/mvtec_ad/cable/test/good/034.png,39.09461975097656
M1_uniform,cable,0,shift_good,gamma_0.9,mild,gamma,good,/root/autodl-tmp/research-experiments/industrial-anomaly-detection/data/mvtec_ad/cable/test/good/035.png,36.163814544677734
M1_uniform,cable,0,shift_good,gamma_0.9,mild,gamma,good,/root/autodl-tmp/research-experiments/industrial-anomaly-detection/data/mvtec_ad/cable/test/good/036.png,37.34406280517578
M1_uniform,cable,0,shift_good,gamma_0.9,mild,gamma,good,/root/autodl-tmp/research-experiments/industrial-anomaly-detection/data/mvtec_ad/cable/test/good/037.png,37.18836212158203
M1_uniform,cable,0,shift_good,gamma_0.9,mild,gamma,good,/root/autodl-tmp/research-experiments/industrial-anomaly-detection/data/mvtec_ad/cable/test/good/038.png,39.69808578491211
M1_uniform,cable,0,shift_good,gamma_0.9,mild,gamma,good,/root/autodl-tmp/research-experiments/industrial-anomaly-detection/data/mvtec_ad/cable/test/good/039.png,38.66402816772461
M1_uniform,cable,0,shift_good,gamma_0.9,mild,gamma,good,/root/autodl-tmp/research-experiments/industrial-anomaly-detection/data/mvtec_ad/cable/test/good/040.png,35.698272705078125
M1_uniform,cable,0,shift_good,gamma_0.9,mild,gamma,good,/root/autodl-tmp/research-experiments/industrial-anomaly-detection/data/mvtec_ad/cable/test/good/041.png,39.35308074951172
M1_uniform,cable,0,shift_good,gamma_0.9,mild,gamma,good,/root/autodl-tmp/research-experiments/industrial-anomaly-detection/data/mvtec_ad/cable/test/good/042.png,39.0134391784668
M1_uniform,cable,0,shift_good,gamma_0.9,mild,gamma,good,/root/autodl-tmp/research-experiments/industrial-anomaly-detection/data/mvtec_ad/cable/test/good/043.png,36.37913131713867
M1_uniform,cable,0,shift_good,gamma_0.9,mild,gamma,good,/root/autodl-tmp/research-experiments/industrial-anomaly-detection/data/mvtec_ad/cable/test/good/044.png,37.87498092651367
M1_uniform,cable,0,shift_good,gamma_0.9,mild,gamma,good,/root/autodl-tmp/research-experiments/industrial-anomaly-detection/data/mvtec_ad/cable/test/good/045.png,37.44725799560547
M1_uniform,cable,0,shift_good,gamma_0.9,mild,gamma,good,/root/autodl-tmp/research-experiments/industrial-anomaly-detection/data/mvtec_ad/cable/test/good/046.png,35.544677734375
M1_uniform,cable,0,shift_good,gamma_0.9,mild,gamma,good,/root/autodl-tmp/research-experiments/industrial-anomaly-detection/data/mvtec_ad/cable/test/good/047.png,37.08726119995117
M1_uniform,cable,0,shift_good,gamma_0.9,mild,gamma,good,/root/autodl-tmp/research-experiments/industrial-anomaly-detection/data/mvtec_ad/cable/test/good/048.png,38.202789306640625
M1_uniform,cable,0,shift_good,gamma_0.9,mild,gamma,good,/root/autodl-tmp/research-experiments/industrial-anomaly-detection/data/mvtec_ad/cable/test/good/049.png,37.576847076416016
M1_uniform,cable,0,shift_good,gamma_0.9,mild,gamma,good,/root/autodl-tmp/research-experiments/industrial-anomaly-detection/data/mvtec_ad/cable/test/good/050.png,36.9972038269043
M1_uniform,cable,0,shift_good,gamma_0.9,mild,gamma,good,/root/autodl-tmp/research-experiments/industrial-anomaly-detection/data/mvtec_ad/cable/test/good/051.png,38.30744171142578
M1_uniform,cable,0,shift_good,gamma_0.9,mild,gamma,good,/root/autodl-tmp/research-experiments/industrial-anomaly-detection/data/mvtec_ad/cable/test/good/052.png,34.779056549072266
M1_uniform,cable,0,shift_good,gamma_0.9,mild,gamma,good,/root/autodl-tmp/research-experiments/industrial-anomaly-detection/data/mvtec_ad/cable/test/good/053.png,37.91523361206055
M1_uniform,cable,0,shift_good,gamma_0.9,mild,gamma,good,/root/autodl-tmp/research-experiments/industrial-anomaly-detection/data/mvtec_ad/cable/test/good/054.png,37.3715934753418
M1_uniform,cable,0,shift_good,gamma_0.9,mild,gamma,good,/root/autodl-tmp/research-experiments/industrial-anomaly-detection/data/mvtec_ad/cable/test/good/055.png,39.74087142944336
M1_uniform,cable,0,shift_good,gamma_0.9,mild,gamma,good,/root/autodl-tmp/research-experiments/industrial-anomaly-detection/data/mvtec_ad/cable/test/good/056.png,35.76578903198242
M1_uniform,cable,0,shift_good,gamma_0.9,mild,gamma,good,/root/autodl-tmp/research-experiments/industrial-anomaly-detection/data/mvtec_ad/cable/test/good/057.png,44.82533264160156
M1_uniform,cable,0,shift_good,gamma_1.1,mild,gamma,good,/root/autodl-tmp/research-experiments/industrial-anomaly-detection/data/mvtec_ad/cable/test/good/000.png,34.29561233520508
M1_uniform,cable,0,shift_good,gamma_1.1,mild,gamma,good,/root/autodl-tmp/research-experiments/industrial-anomaly-detection/data/mvtec_ad/cable/test/good/001.png,39.24219512939453
M1_uniform,cable,0,shift_good,gamma_1.1,mild,gamma,good,/root/autodl-tmp/research-experiments/industrial-anomaly-detection/data/mvtec_ad/cable/test/good/002.png,37.034915924072266
M1_uniform,cable,0,shift_good,gamma_1.1,mild,gamma,good,/root/autodl-tmp/research-experiments/industrial-anomaly-detection/data/mvtec_ad/cable/test/good/003.png,34.71425247192383
M1_uniform,cable,0,shift_good,gamma_1.1,mild,gamma,good,/root/autodl-tmp/research-experiments/industrial-anomaly-detection/data/mvtec_ad/cable/test/good/004.png,35.0386848449707
M1_uniform,cable,0,shift_good,gamma_1.1,mild,gamma,good,/root/autodl-tmp/research-experiments/industrial-anomaly-detection/data/mvtec_ad/cable/test/good/005.png,34.90620422363281
M1_uniform,cable,0,shift_good,gamma_1.1,mild,gamma,good,/root/autodl-tmp/research-experiments/industrial-anomaly-detection/data/mvtec_ad/cable/test/good/006.png,36.23952865600586
M1_uniform,cable,0,shift_good,gamma_1.1,mild,gamma,good,/root/autodl-tmp/research-experiments/industrial-anomaly-detection/data/mvtec_ad/cable/test/good/007.png,37.01520919799805
M1_uniform,cable,0,shift_good,gamma_1.1,mild,gamma,good,/root/autodl-tmp/research-experiments/industrial-anomaly-detection/data/mvtec_ad/cable/test/good/008.png,36.73484420776367
M1_uniform,cable,0,shift_good,gamma_1.1,mild,gamma,good,/root/autodl-tmp/research-experiments/industrial-anomaly-detection/data/mvtec_ad/cable/test/good/009.png,36.01216506958008
M1_uniform,cable,0,shift_good,gamma_1.1,mild,gamma,good,/root/autodl-tmp/research-experiments/industrial-anomaly-detection/data/mvtec_ad/cable/test/good/010.png,34.51066589355469
M1_uniform,cable,0,shift_good,gamma_1.1,mild,gamma,good,/root/autodl-tmp/research-experiments/industrial-anomaly-detection/data/mvtec_ad/cable/test/good/011.png,37.73467254638672
M1_uniform,cable,0,shift_good,gamma_1.1,mild,gamma,good,/root/autodl-tmp/research-experiments/industrial-anomaly-detection/data/mvtec_ad/cable/test/good/012.png,37.28939437866211
M1_uniform,cable,0,shift_good,gamma_1.1,mild,gamma,good,/root/autodl-tmp/research-experiments/industrial-anomaly-detection/data/mvtec_ad/cable/test/good/013.png,40.338104248046875
M1_uniform,cable,0,shift_good,gamma_1.1,mild,gamma,good,/root/autodl-tmp/research-experiments/industrial-anomaly-detection/data/mvtec_ad/cable/test/good/014.png,37.06622314453125
M1_uniform,cable,0,shift_good,gamma_1.1,mild,gamma,good,/root/autodl-tmp/research-experiments/industrial-anomaly-detection/data/mvtec_ad/cable/test/good/015.png,37.02316665649414
M1_uniform,cable,0,shift_good,gamma_1.1,mild,gamma,good,/root/autodl-tmp/research-experiments/industrial-anomaly-detection/data/mvtec_ad/cable/test/good/016.png,37.240623474121094
M1_uniform,cable,0,shift_good,gamma_1.1,mild,gamma,good,/root/autodl-tmp/research-experiments/industrial-anomaly-detection/data/mvtec_ad/cable/test/good/017.png,35.23394775390625
M1_uniform,cable,0,shift_good,gamma_1.1,mild,gamma,good,/root/autodl-tmp/research-experiments/industrial-anomaly-detection/data/mvtec_ad/cable/test/good/018.png,38.505401611328125
M1_uniform,cable,0,shift_good,gamma_1.1,mild,gamma,good,/root/autodl-tmp/research-experiments/industrial-anomaly-detection/data/mvtec_ad/cable/test/good/019.png,39.38214111328125
M1_uniform,cable,0,shift_good,gamma_1.1,mild,gamma,good,/root/autodl-tmp/research-experiments/industrial-anomaly-detection/data/mvtec_ad/cable/test/good/020.png,35.15435791015625
M1_uniform,cable,0,shift_good,gamma_1.1,mild,gamma,good,/root/autodl-tmp/research-experiments/industrial-anomaly-detection/data/mvtec_ad/cable/test/good/021.png,36.000003814697266
M1_uniform,cable,0,shift_good,gamma_1.1,mild,gamma,good,/root/autodl-tmp/research-experiments/industrial-anomaly-detection/data/mvtec_ad/cable/test/good/022.png,37.258689880371094
M1_uniform,cable,0,shift_good,gamma_1.1,mild,gamma,good,/root/autodl-tmp/research-experiments/industrial-anomaly-detection/data/mvtec_ad/cable/test/good/023.png,36.002193450927734
M1_uniform,cable,0,shift_good,gamma_1.1,mild,gamma,good,/root/autodl-tmp/research-experiments/industrial-anomaly-detection/data/mvtec_ad/cable/test/good/024.png,37.15034103393555
M1_uniform,cable,0,shift_good,gamma_1.1,mild,gamma,good,/root/autodl-tmp/research-experiments/industrial-anomaly-detection/data/mvtec_ad/cable/test/good/025.png,35.63445281982422
M1_uniform,cable,0,shift_good,gamma_1.1,mild,gamma,good,/root/autodl-tmp/research-experiments/industrial-anomaly-detection/data/mvtec_ad/cable/test/good/026.png,35.05215072631836
M1_uniform,cable,0,shift_good,gamma_1.1,mild,gamma,good,/root/autodl-tmp/research-experiments/industrial-anomaly-detection/data/mvtec_ad/cable/test/good/027.png,36.140655517578125
M1_uniform,cable,0,shift_good,gamma_1.1,mild,gamma,good,/root/autodl-tmp/research-experiments/industrial-anomaly-detection/data/mvtec_ad/cable/test/good/028.png,35.229515075683594
M1_uniform,cable,0,shift_good,gamma_1.1,mild,gamma,good,/root/autodl-tmp/research-experiments/industrial-anomaly-detection/data/mvtec_ad/cable/test/good/029.png,35.289615631103516
M1_uniform,cable,0,shift_good,gamma_1.1,mild,gamma,good,/root/autodl-tmp/research-experiments/industrial-anomaly-detection/data/mvtec_ad/cable/test/good/030.png,41.30397033691406
M1_uniform,cable,0,shift_good,gamma_1.1,mild,gamma,good,/root/autodl-tmp/research-experiments/industrial-anomaly-detection/data/mvtec_ad/cable/test/good/031.png,38.235145568847656
M1_uniform,cable,0,shift_good,gamma_1.1,mild,gamma,good,/root/autodl-tmp/research-experiments/industrial-anomaly-detection/data/mvtec_ad/cable/test/good/032.png,38.094886779785156
M1_uniform,cable,0,shift_good,gamma_1.1,mild,gamma,good,/root/autodl-tmp/research-experiments/industrial-anomaly-detection/data/mvtec_ad/cable/test/good/033.png,36.06110382080078
M1_uniform,cable,0,shift_good,gamma_1.1,mild,gamma,good,/root/autodl-tmp/research-experiments/industrial-anomaly-detection/data/mvtec_ad/cable/test/good/034.png,38.678977966308594
M1_uniform,cable,0,shift_good,gamma_1.1,mild,gamma,good,/root/autodl-tmp/research-experiments/industrial-anomaly-detection/data/mvtec_ad/cable/test/good/035.png,36.00539016723633
M1_uniform,cable,0,shift_good,gamma_1.1,mild,gamma,good,/root/autodl-tmp/research-experiments/industrial-anomaly-detection/data/mvtec_ad/cable/test/good/036.png,37.46575927734375
M1_uniform,cable,0,shift_good,gamma_1.1,mild,gamma,good,/root/autodl-tmp/research-experiments/industrial-anomaly-detection/data/mvtec_ad/cable/test/good/037.png,36.76078414916992
M1_uniform,cable,0,shift_good,gamma_1.1,mild,gamma,good,/root/autodl-tmp/research-experiments/industrial-anomaly-detection/data/mvtec_ad/cable/test/good/038.png,39.63509750366211
M1_uniform,cable,0,shift_good,gamma_1.1,mild,gamma,good,/root/autodl-tmp/research-experiments/industrial-anomaly-detection/data/mvtec_ad/cable/test/good/039.png,38.097633361816406
M1_uniform,cable,0,shift_good,gamma_1.1,mild,gamma,good,/root/autodl-tmp/research-experiments/industrial-anomaly-detection/data/mvtec_ad/cable/test/good/040.png,36.06276321411133
M1_uniform,cable,0,shift_good,gamma_1.1,mild,gamma,good,/root/autodl-tmp/research-experiments/industrial-anomaly-detection/data/mvtec_ad/cable/test/good/041.png,39.28559875488281
M1_uniform,cable,0,shift_good,gamma_1.1,mild,gamma,good,/root/autodl-tmp/research-experiments/industrial-anomaly-detection/data/mvtec_ad/cable/test/good/042.png,38.86491012573242
M1_uniform,cable,0,shift_good,gamma_1.1,mild,gamma,good,/root/autodl-tmp/research-experiments/industrial-anomaly-detection/data/mvtec_ad/cable/test/good/043.png,36.34600830078125
M1_uniform,cable,0,shift_good,gamma_1.1,mild,gamma,good,/root/autodl-tmp/research-experiments/industrial-anomaly-detection/data/mvtec_ad/cable/test/good/044.png,37.540470123291016
M1_uniform,cable,0,shift_good,gamma_1.1,mild,gamma,good,/root/autodl-tmp/research-experiments/industrial-anomaly-detection/data/mvtec_ad/cable/test/good/045.png,37.090824127197266
M1_uniform,cable,0,shift_good,gamma_1.1,mild,gamma,good,/root/autodl-tmp/research-experiments/industrial-anomaly-detection/data/mvtec_ad/cable/test/good/046.png,35.30767822265625
M1_uniform,cable,0,shift_good,gamma_1.1,mild,gamma,good,/root/autodl-tmp/research-experiments/industrial-anomaly-detection/data/mvtec_ad/cable/test/good/047.png,36.75254440307617
M1_uniform,cable,0,shift_good,gamma_1.1,mild,gamma,good,/root/autodl-tmp/research-experiments/industrial-anomaly-detection/data/mvtec_ad/cable/test/good/048.png,37.68169403076172
M1_uniform,cable,0,shift_good,gamma_1.1,mild,gamma,good,/root/autodl-tmp/research-experiments/industrial-anomaly-detection/data/mvtec_ad/cable/test/good/049.png,37.55267333984375
M1_uniform,cable,0,shift_good,gamma_1.1,mild,gamma,good,/root/autodl-tmp/research-experiments/industrial-anomaly-detection/data/mvtec_ad/cable/test/good/050.png,36.96221923828125
M1_uniform,cable,0,shift_good,gamma_1.1,mild,gamma,good,/root/autodl-tmp/research-experiments/industrial-anomaly-detection/data/mvtec_ad/cable/test/good/051.png,37.95000076293945
M1_uniform,cable,0,shift_good,gamma_1.1,mild,gamma,good,/root/autodl-tmp/research-experiments/industrial-anomaly-detection/data/mvtec_ad/cable/test/good/052.png,34.55253601074219
M1_uniform,cable,0,shift_good,gamma_1.1,mild,gamma,good,/root/autodl-tmp/research-experiments/industrial-anomaly-detection/data/mvtec_ad/cable/test/good/053.png,37.54500961303711
M1_uniform,cable,0,shift_good,gamma_1.1,mild,gamma,good,/root/autodl-tmp/research-experiments/industrial-anomaly-detection/data/mvtec_ad/cable/test/good/054.png,36.53521728515625
M1_uniform,cable,0,shift_good,gamma_1.1,mild,gamma,good,/root/autodl-tmp/research-experiments/industrial-anomaly-detection/data/mvtec_ad/cable/test/good/055.png,39.49951171875
M1_uniform,cable,0,shift_good,gamma_1.1,mild,gamma,good,/root/autodl-tmp/research-experiments/industrial-anomaly-detection/data/mvtec_ad/cable/test/good/056.png,36.02629852294922
M1_uniform,cable,0,shift_good,gamma_1.1,mild,gamma,good,/root/autodl-tmp/research-experiments/industrial-anomaly-detection/data/mvtec_ad/cable/test/good/057.png,43.64997482299805
M1_uniform,cable,0,shift_good,gamma_0.7,medium,gamma,good,/root/autodl-tmp/research-experiments/industrial-anomaly-detection/data/mvtec_ad/cable/test/good/000.png,35.89347839355469
M1_uniform,cable,0,shift_good,gamma_0.7,medium,gamma,good,/root/autodl-tmp/research-experiments/industrial-anomaly-detection/data/mvtec_ad/cable/test/good/001.png,39.59674835205078
M1_uniform,cable,0,shift_good,gamma_0.7,medium,gamma,good,/root/autodl-tmp/research-experiments/industrial-anomaly-detection/data/mvtec_ad/cable/test/good/002.png,38.57849884033203
M1_uniform,cable,0,shift_good,gamma_0.7,medium,gamma,good,/root/autodl-tmp/research-experiments/industrial-anomaly-detection/data/mvtec_ad/cable/test/good/003.png,35.8853759765625
M1_uniform,cable,0,shift_good,gamma_0.7,medium,gamma,good,/root/autodl-tmp/research-experiments/industrial-anomaly-detection/data/mvtec_ad/cable/test/good/004.png,36.088199615478516
M1_uniform,cable,0,shift_good,gamma_0.7,medium,gamma,good,/root/autodl-tmp/research-experiments/industrial-anomaly-detection/data/mvtec_ad/cable/test/good/005.png,35.953121185302734
M1_uniform,cable,0,shift_good,gamma_0.7,medium,gamma,good,/root/autodl-tmp/research-experiments/industrial-anomaly-detection/data/mvtec_ad/cable/test/good/006.png,37.131317138671875
M1_uniform,cable,0,shift_good,gamma_0.7,medium,gamma,good,/root/autodl-tmp/research-experiments/industrial-anomaly-detection/data/mvtec_ad/cable/test/good/007.png,36.79480743408203
M1_uniform,cable,0,shift_good,gamma_0.7,medium,gamma,good,/root/autodl-tmp/research-experiments/industrial-anomaly-detection/data/mvtec_ad/cable/test/good/008.png,37.29161834716797
M1_uniform,cable,0,shift_good,gamma_0.7,medium,gamma,good,/root/autodl-tmp/research-experiments/industrial-anomaly-detection/data/mvtec_ad/cable/test/good/009.png,36.53767776489258
M1_uniform,cable,0,shift_good,gamma_0.7,medium,gamma,good,/root/autodl-tmp/research-experiments/industrial-anomaly-detection/data/mvtec_ad/cable/test/good/010.png,34.947818756103516
M1_uniform,cable,0,shift_good,gamma_0.7,medium,gamma,good,/root/autodl-tmp/research-experiments/industrial-anomaly-detection/data/mvtec_ad/cable/test/good/011.png,37.08262252807617
M1_uniform,cable,0,shift_good,gamma_0.7,medium,gamma,good,/root/autodl-tmp/research-experiments/industrial-anomaly-detection/data/mvtec_ad/cable/test/good/012.png,37.50925064086914
M1_uniform,cable,0,shift_good,gamma_0.7,medium,gamma,good,/root/autodl-tmp/research-experiments/industrial-anomaly-detection/data/mvtec_ad/cable/test/good/013.png,41.30054473876953
M1_uniform,cable,0,shift_good,gamma_0.7,medium,gamma,good,/root/autodl-tmp/research-experiments/industrial-anomaly-detection/data/mvtec_ad/cable/test/good/014.png,38.66474533081055
M1_uniform,cable,0,shift_good,gamma_0.7,medium,gamma,good,/root/autodl-tmp/research-experiments/industrial-anomaly-detection/data/mvtec_ad/cable/test/good/015.png,36.87892532348633
M1_uniform,cable,0,shift_good,gamma_0.7,medium,gamma,good,/root/autodl-tmp/research-experiments/industrial-anomaly-detection/data/mvtec_ad/cable/test/good/016.png,39.88193893432617
M1_uniform,cable,0,shift_good,gamma_0.7,medium,gamma,good,/root/autodl-tmp/research-experiments/industrial-anomaly-detection/data/mvtec_ad/cable/test/good/017.png,35.80516052246094
M1_uniform,cable,0,shift_good,gamma_0.7,medium,gamma,good,/root/autodl-tmp/research-experiments/industrial-anomaly-detection/data/mvtec_ad/cable/test/good/018.png,38.44310760498047
M1_uniform,cable,0,shift_good,gamma_0.7,medium,gamma,good,/root/autodl-tmp/research-experiments/industrial-anomaly-detection/data/mvtec_ad/cable/test/good/019.png,39.74074935913086
M1_uniform,cable,0,shift_good,gamma_0.7,medium,gamma,good,/root/autodl-tmp/research-experiments/industrial-anomaly-detection/data/mvtec_ad/cable/test/good/020.png,35.44406509399414
M1_uniform,cable,0,shift_good,gamma_0.7,medium,gamma,good,/root/autodl-tmp/research-experiments/industrial-anomaly-detection/data/mvtec_ad/cable/test/good/021.png,37.71124267578125
M1_uniform,cable,0,shift_good,gamma_0.7,medium,gamma,good,/root/autodl-tmp/research-experiments/industrial-anomaly-detection/data/mvtec_ad/cable/test/good/022.png,37.53840255737305
M1_uniform,cable,0,shift_good,gamma_0.7,medium,gamma,good,/root/autodl-tmp/research-experiments/industrial-anomaly-detection/data/mvtec_ad/cable/test/good/023.png,35.601558685302734
M1_uniform,cable,0,shift_good,gamma_0.7,medium,gamma,good,/root/autodl-tmp/research-experiments/industrial-anomaly-detection/data/mvtec_ad/cable/test/good/024.png,37.25016403198242
M1_uniform,cable,0,shift_good,gamma_0.7,medium,gamma,good,/root/autodl-tmp/research-experiments/industrial-anomaly-detection/data/mvtec_ad/cable/test/good/025.png,35.8197021484375
M1_uniform,cable,0,shift_good,gamma_0.7,medium,gamma,good,/root/autodl-tmp/research-experiments/industrial-anomaly-detection/data/mvtec_ad/cable/test/good/026.png,35.775508880615234
M1_uniform,cable,0,shift_good,gamma_0.7,medium,gamma,good,/root/autodl-tmp/research-experiments/industrial-anomaly-detection/data/mvtec_ad/cable/test/good/027.png,37.26565933227539
M1_uniform,cable,0,shift_good,gamma_0.7,medium,gamma,good,/root/autodl-tmp/research-experiments/industrial-anomaly-detection/data/mvtec_ad/cable/test/good/028.png,36.39091110229492
M1_uniform,cable,0,shift_good,gamma_0.7,medium,gamma,good,/root/autodl-tmp/research-experiments/industrial-anomaly-detection/data/mvtec_ad/cable/test/good/029.png,36.11077880859375
M1_uniform,cable,0,shift_good,gamma_0.7,medium,gamma,good,/root/autodl-tmp/research-experiments/industrial-anomaly-detection/data/mvtec_ad/cable/test/good/030.png,41.62672424316406
M1_uniform,cable,0,shift_good,gamma_0.7,medium,gamma,good,/root/autodl-tmp/research-experiments/industrial-anomaly-detection/data/mvtec_ad/cable/test/good/031.png,40.7389030456543
M1_uniform,cable,0,shift_good,gamma_0.7,medium,gamma,good,/root/autodl-tmp/research-experiments/industrial-anomaly-detection/data/mvtec_ad/cable/test/good/032.png,39.139957427978516
M1_uniform,cable,0,shift_good,gamma_0.7,medium,gamma,good,/root/autodl-tmp/research-experiments/industrial-anomaly-detection/data/mvtec_ad/cable/test/good/033.png,36.53131103515625
M1_uniform,cable,0,shift_good,gamma_0.7,medium,gamma,good,/root/autodl-tmp/research-experiments/industrial-anomaly-detection/data/mvtec_ad/cable/test/good/034.png,40.24639892578125
M1_uniform,cable,0,shift_good,gamma_0.7,medium,gamma,good,/root/autodl-tmp/research-experiments/industrial-anomaly-detection/data/mvtec_ad/cable/test/good/035.png,37.54228591918945
M1_uniform,cable,0,shift_good,gamma_0.7,medium,gamma,good,/root/autodl-tmp/research-experiments/industrial-anomaly-detection/data/mvtec_ad/cable/test/good/036.png,36.99888610839844
M1_uniform,cable,0,shift_good,gamma_0.7,medium,gamma,good,/root/autodl-tmp/research-experiments/industrial-anomaly-detection/data/mvtec_ad/cable/test/good/037.png,37.75054168701172
M1_uniform,cable,0,shift_good,gamma_0.7,medium,gamma,good,/root/autodl-tmp/research-experiments/industrial-anomaly-detection/data/mvtec_ad/cable/test/good/038.png,40.02914047241211
M1_uniform,cable,0,shift_good,gamma_0.7,medium,gamma,good,/root/autodl-tmp/research-experiments/industrial-anomaly-detection/data/mvtec_ad/cable/test/good/039.png,39.91966247558594
M1_uniform,cable,0,shift_good,gamma_0.7,medium,gamma,good,/root/autodl-tmp/research-experiments/industrial-anomaly-detection/data/mvtec_ad/cable/test/good/040.png,36.43476104736328
M1_uniform,cable,0,shift_good,gamma_0.7,medium,gamma,good,/root/autodl-tmp/research-experiments/industrial-anomaly-detection/data/mvtec_ad/cable/test/good/041.png,39.7534294128418
M1_uniform,cable,0,shift_good,gamma_0.7,medium,gamma,good,/root/autodl-tmp/research-experiments/industrial-anomaly-detection/data/mvtec_ad/cable/test/good/042.png,39.94820785522461
M1_uniform,cable,0,shift_good,gamma_0.7,medium,gamma,good,/root/autodl-tmp/research-experiments/industrial-anomaly-detection/data/mvtec_ad/cable/test/good/043.png,37.49231719970703
M1_uniform,cable,0,shift_good,gamma_0.7,medium,gamma,good,/root/autodl-tmp/research-experiments/industrial-anomaly-detection/data/mvtec_ad/cable/test/good/044.png,38.46488952636719
M1_uniform,cable,0,shift_good,gamma_0.7,medium,gamma,good,/root/autodl-tmp/research-experiments/industrial-anomaly-detection/data/mvtec_ad/cable/test/good/045.png,37.99253845214844
M1_uniform,cable,0,shift_good,gamma_0.7,medium,gamma,good,/root/autodl-tmp/research-experiments/industrial-anomaly-detection/data/mvtec_ad/cable/test/good/046.png,36.37924575805664
M1_uniform,cable,0,shift_good,gamma_0.7,medium,gamma,good,/root/autodl-tmp/research-experiments/industrial-anomaly-detection/data/mvtec_ad/cable/test/good/047.png,38.189979553222656
M1_uniform,cable,0,shift_good,gamma_0.7,medium,gamma,good,/root/autodl-tmp/research-experiments/industrial-anomaly-detection/data/mvtec_ad/cable/test/good/048.png,38.950321197509766
M1_uniform,cable,0,shift_good,gamma_0.7,medium,gamma,good,/root/autodl-tmp/research-experiments/industrial-anomaly-detection/data/mvtec_ad/cable/test/good/049.png,38.32665252685547
M1_uniform,cable,0,shift_good,gamma_0.7,medium,gamma,good,/root/autodl-tmp/research-experiments/industrial-anomaly-detection/data/mvtec_ad/cable/test/good/050.png,38.22482681274414
M1_uniform,cable,0,shift_good,gamma_0.7,medium,gamma,good,/root/autodl-tmp/research-experiments/industrial-anomaly-detection/data/mvtec_ad/cable/test/good/051.png,38.646034240722656
M1_uniform,cable,0,shift_good,gamma_0.7,medium,gamma,good,/root/autodl-tmp/research-experiments/industrial-anomaly-detection/data/mvtec_ad/cable/test/good/052.png,36.35531997680664
M1_uniform,cable,0,shift_good,gamma_0.7,medium,gamma,good,/root/autodl-tmp/research-experiments/industrial-anomaly-detection/data/mvtec_ad/cable/test/good/053.png,38.58309555053711
M1_uniform,cable,0,shift_good,gamma_0.7,medium,gamma,good,/root/autodl-tmp/research-experiments/industrial-anomaly-detection/data/mvtec_ad/cable/test/good/054.png,38.28304672241211
M1_uniform,cable,0,shift_good,gamma_0.7,medium,gamma,good,/root/autodl-tmp/research-experiments/industrial-anomaly-detection/data/mvtec_ad/cable/test/good/055.png,39.32821273803711
M1_uniform,cable,0,shift_good,gamma_0.7,medium,gamma,good,/root/autodl-tmp/research-experiments/industrial-anomaly-detection/data/mvtec_ad/cable/test/good/056.png,35.465023040771484
M1_uniform,cable,0,shift_good,gamma_0.7,medium,gamma,good,/root/autodl-tmp/research-experiments/industrial-anomaly-detection/data/mvtec_ad/cable/test/good/057.png,45.925472259521484
M1_uniform,cable,0,shift_good,gamma_1.3,medium,gamma,good,/root/autodl-tmp/research-experiments/industrial-anomaly-detection/data/mvtec_ad/cable/test/good/000.png,34.63981246948242
M1_uniform,cable,0,shift_good,gamma_1.3,medium,gamma,good,/root/autodl-tmp/research-experiments/industrial-anomaly-detection/data/mvtec_ad/cable/test/good/001.png,39.63185119628906
M1_uniform,cable,0,shift_good,gamma_1.3,medium,gamma,good,/root/autodl-tmp/research-experiments/industrial-anomaly-detection/data/mvtec_ad/cable/test/good/002.png,37.2940788269043
M1_uniform,cable,0,shift_good,gamma_1.3,medium,gamma,good,/root/autodl-tmp/research-experiments/industrial-anomaly-detection/data/mvtec_ad/cable/test/good/003.png,35.1348991394043
M1_uniform,cable,0,shift_good,gamma_1.3,medium,gamma,good,/root/autodl-tmp/research-experiments/industrial-anomaly-detection/data/mvtec_ad/cable/test/good/004.png,35.27687454223633
M1_uniform,cable,0,shift_good,gamma_1.3,medium,gamma,good,/root/autodl-tmp/research-experiments/industrial-anomaly-detection/data/mvtec_ad/cable/test/good/005.png,35.14955139160156
M1_uniform,cable,0,shift_good,gamma_1.3,medium,gamma,good,/root/autodl-tmp/research-experiments/industrial-anomaly-detection/data/mvtec_ad/cable/test/good/006.png,36.495872497558594
M1_uniform,cable,0,shift_good,gamma_1.3,medium,gamma,good,/root/autodl-tmp/research-experiments/industrial-anomaly-detection/data/mvtec_ad/cable/test/good/007.png,37.16604232788086
M1_uniform,cable,0,shift_good,gamma_1.3,medium,gamma,good,/root/autodl-tmp/research-experiments/industrial-anomaly-detection/data/mvtec_ad/cable/test/good/008.png,36.6735954284668
M1_uniform,cable,0,shift_good,gamma_1.3,medium,gamma,good,/root/autodl-tmp/research-experiments/industrial-anomaly-detection/data/mvtec_ad/cable/test/good/009.png,35.64141845703125
M1_uniform,cable,0,shift_good,gamma_1.3,medium,gamma,good,/root/autodl-tmp/research-experiments/industrial-anomaly-detection/data/mvtec_ad/cable/test/good/010.png,34.466888427734375
M1_uniform,cable,0,shift_good,gamma_1.3,medium,gamma,good,/root/autodl-tmp/research-experiments/industrial-anomaly-detection/data/mvtec_ad/cable/test/good/011.png,37.80295944213867
M1_uniform,cable,0,shift_good,gamma_1.3,medium,gamma,good,/root/autodl-tmp/research-experiments/industrial-anomaly-detection/data/mvtec_ad/cable/test/good/012.png,37.64362716674805
M1_uniform,cable,0,shift_good,gamma_1.3,medium,gamma,good,/root/autodl-tmp/research-experiments/industrial-anomaly-detection/data/mvtec_ad/cable/test/good/013.png,40.35564422607422
M1_uniform,cable,0,shift_good,gamma_1.3,medium,gamma,good,/root/autodl-tmp/research-experiments/industrial-anomaly-detection/data/mvtec_ad/cable/test/good/014.png,37.33625411987305
M1_uniform,cable,0,shift_good,gamma_1.3,medium,gamma,good,/root/autodl-tmp/research-experiments/industrial-anomaly-detection/data/mvtec_ad/cable/test/good/015.png,37.027957916259766
M1_uniform,cable,0,shift_good,gamma_1.3,medium,gamma,good,/root/autodl-tmp/research-experiments/industrial-anomaly-detection/data/mvtec_ad/cable/test/good/016.png,37.08721923828125
M1_uniform,cable,0,shift_good,gamma_1.3,medium,gamma,good,/root/autodl-tmp/research-experiments/industrial-anomaly-detection/data/mvtec_ad/cable/test/good/017.png,35.172401428222656
M1_uniform,cable,0,shift_good,gamma_1.3,medium,gamma,good,/root/autodl-tmp/research-experiments/industrial-anomaly-detection/data/mvtec_ad/cable/test/good/018.png,38.77021408081055
M1_uniform,cable,0,shift_good,gamma_1.3,medium,gamma,good,/root/autodl-tmp/research-experiments/industrial-anomaly-detection/data/mvtec_ad/cable/test/good/019.png,39.64174270629883
M1_uniform,cable,0,shift_good,gamma_1.3,medium,gamma,good,/root/autodl-tmp/research-experiments/industrial-anomaly-detection/data/mvtec_ad/cable/test/good/020.png,35.24097442626953
M1_uniform,cable,0,shift_good,gamma_1.3,medium,gamma,good,/root/autodl-tmp/research-experiments/industrial-anomaly-detection/data/mvtec_ad/cable/test/good/021.png,35.518192291259766
M1_uniform,cable,0,shift_good,gamma_1.3,medium,gamma,good,/root/autodl-tmp/research-experiments/industrial-anomaly-detection/data/mvtec_ad/cable/test/good/022.png,37.22182846069336
M1_uniform,cable,0,shift_good,gamma_1.3,medium,gamma,good,/root/autodl-tmp/research-experiments/industrial-anomaly-detection/data/mvtec_ad/cable/test/good/023.png,36.09711837768555
M1_uniform,cable,0,shift_good,gamma_1.3,medium,gamma,good,/root/autodl-tmp/research-experiments/industrial-anomaly-detection/data/mvtec_ad/cable/test/good/024.png,37.41633605957031
M1_uniform,cable,0,shift_good,gamma_1.3,medium,gamma,good,/root/autodl-tmp/research-experiments/industrial-anomaly-detection/data/mvtec_ad/cable/test/good/025.png,36.13408279418945
M1_uniform,cable,0,shift_good,gamma_1.3,medium,gamma,good,/root/autodl-tmp/research-experiments/industrial-anomaly-detection/data/mvtec_ad/cable/test/good/026.png,35.20478057861328
M1_uniform,cable,0,shift_good,gamma_1.3,medium,gamma,good,/root/autodl-tmp/research-experiments/industrial-anomaly-detection/data/mvtec_ad/cable/test/good/027.png,36.03188705444336
M1_uniform,cable,0,shift_good,gamma_1.3,medium,gamma,good,/root/autodl-tmp/research-experiments/industrial-anomaly-detection/data/mvtec_ad/cable/test/good/028.png,35.7223014831543
M1_uniform,cable,0,shift_good,gamma_1.3,medium,gamma,good,/root/autodl-tmp/research-experiments/industrial-anomaly-detection/data/mvtec_ad/cable/test/good/029.png,35.23807144165039
M1_uniform,cable,0,shift_good,gamma_1.3,medium,gamma,good,/root/autodl-tmp/research-experiments/industrial-anomaly-detection/data/mvtec_ad/cable/test/good/030.png,41.37047576904297
M1_uniform,cable,0,shift_good,gamma_1.3,medium,gamma,good,/root/autodl-tmp/research-experiments/industrial-anomaly-detection/data/mvtec_ad/cable/test/good/031.png,37.643638610839844
M1_uniform,cable,0,shift_good,gamma_1.3,medium,gamma,good,/root/autodl-tmp/research-experiments/industrial-anomaly-detection/data/mvtec_ad/cable/test/good/032.png,38.05503463745117
M1_uniform,cable,0,shift_good,gamma_1.3,medium,gamma,good,/root/autodl-tmp/research-experiments/industrial-anomaly-detection/data/mvtec_ad/cable/test/good/033.png,36.18708038330078
M1_uniform,cable,0,shift_good,gamma_1.3,medium,gamma,good,/root/autodl-tmp/research-experiments/industrial-anomaly-detection/data/mvtec_ad/cable/test/good/034.png,38.971378326416016
M1_uniform,cable,0,shift_good,gamma_1.3,medium,gamma,good,/root/autodl-tmp/research-experiments/industrial-anomaly-detection/data/mvtec_ad/cable/test/good/035.png,36.06944274902344
M1_uniform,cable,0,shift_good,gamma_1.3,medium,gamma,good,/root/autodl-tmp/research-experiments/industrial-anomaly-detection/data/mvtec_ad/cable/test/good/036.png,37.625858306884766
M1_uniform,cable,0,shift_good,gamma_1.3,medium,gamma,good,/root/autodl-tmp/research-experiments/industrial-anomaly-detection/data/mvtec_ad/cable/test/good/037.png,35.98626708984375
M1_uniform,cable,0,shift_good,gamma_1.3,medium,gamma,good,/root/autodl-tmp/research-experiments/industrial-anomaly-detection/data/mvtec_ad/cable/test/good/038.png,39.44253921508789
M1_uniform,cable,0,shift_good,gamma_1.3,medium,gamma,good,/root/autodl-tmp/research-experiments/industrial-anomaly-detection/data/mvtec_ad/cable/test/good/039.png,37.806541442871094
M1_uniform,cable,0,shift_good,gamma_1.3,medium,gamma,good,/root/autodl-tmp/research-experiments/industrial-anomaly-detection/data/mvtec_ad/cable/test/good/040.png,36.14175796508789
M1_uniform,cable,0,shift_good,gamma_1.3,medium,gamma,good,/root/autodl-tmp/research-experiments/industrial-anomaly-detection/data/mvtec_ad/cable/test/good/041.png,39.208919525146484
M1_uniform,cable,0,shift_good,gamma_1.3,medium,gamma,good,/root/autodl-tmp/research-experiments/industrial-anomaly-detection/data/mvtec_ad/cable/test/good/042.png,38.93408966064453
M1_uniform,cable,0,shift_good,gamma_1.3,medium,gamma,good,/root/autodl-tmp/research-experiments/industrial-anomaly-detection/data/mvtec_ad/cable/test/good/043.png,36.43173599243164
M1_uniform,cable,0,shift_good,gamma_1.3,medium,gamma,good,/root/autodl-tmp/research-experiments/industrial-anomaly-detection/data/mvtec_ad/cable/test/good/044.png,37.31317901611328
M1_uniform,cable,0,shift_good,gamma_1.3,medium,gamma,good,/root/autodl-tmp/research-experiments/industrial-anomaly-detection/data/mvtec_ad/cable/test/good/045.png,37.30372619628906
M1_uniform,cable,0,shift_good,gamma_1.3,medium,gamma,good,/root/autodl-tmp/research-experiments/industrial-anomaly-detection/data/mvtec_ad/cable/test/good/046.png,34.86979675292969
M1_uniform,cable,0,shift_good,gamma_1.3,medium,gamma,good,/root/autodl-tmp/research-experiments/industrial-anomaly-detection/data/mvtec_ad/cable/test/good/047.png,36.78772735595703
M1_uniform,cable,0,shift_good,gamma_1.3,medium,gamma,good,/root/autodl-tmp/research-experiments/industrial-anomaly-detection/data/mvtec_ad/cable/test/good/048.png,37.546356201171875
M1_uniform,cable,0,shift_good,gamma_1.3,medium,gamma,good,/root/autodl-tmp/research-experiments/industrial-anomaly-detection/data/mvtec_ad/cable/test/good/049.png,37.547706604003906
M1_uniform,cable,0,shift_good,gamma_1.3,medium,gamma,good,/root/autodl-tmp/research-experiments/industrial-anomaly-detection/data/mvtec_ad/cable/test/good/050.png,37.51394271850586
M1_uniform,cable,0,shift_good,gamma_1.3,medium,gamma,good,/root/autodl-tmp/research-experiments/industrial-anomaly-detection/data/mvtec_ad/cable/test/good/051.png,37.75640106201172
M1_uniform,cable,0,shift_good,gamma_1.3,medium,gamma,good,/root/autodl-tmp/research-experiments/industrial-anomaly-detection/data/mvtec_ad/cable/test/good/052.png,35.27301788330078
M1_uniform,cable,0,shift_good,gamma_1.3,medium,gamma,good,/root/autodl-tmp/research-experiments/industrial-anomaly-detection/data/mvtec_ad/cable/test/good/053.png,37.5545654296875
M1_uniform,cable,0,shift_good,gamma_1.3,medium,gamma,good,/root/autodl-tmp/research-experiments/industrial-anomaly-detection/data/mvtec_ad/cable/test/good/054.png,36.52976989746094
M1_uniform,cable,0,shift_good,gamma_1.3,medium,gamma,good,/root/autodl-tmp/research-experiments/industrial-anomaly-detection/data/mvtec_ad/cable/test/good/055.png,39.41885757446289
M1_uniform,cable,0,shift_good,gamma_1.3,medium,gamma,good,/root/autodl-tmp/research-experiments/industrial-anomaly-detection/data/mvtec_ad/cable/test/good/056.png,36.64132308959961
M1_uniform,cable,0,shift_good,gamma_1.3,medium,gamma,good,/root/autodl-tmp/research-experiments/industrial-anomaly-detection/data/mvtec_ad/cable/test/good/057.png,43.23093032836914
M1_uniform,cable,0,shift_good,gamma_0.5,strong,gamma,good,/root/autodl-tmp/research-experiments/industrial-anomaly-detection/data/mvtec_ad/cable/test/good/000.png,39.357383728027344
M1_uniform,cable,0,shift_good,gamma_0.5,strong,gamma,good,/root/autodl-tmp/research-experiments/industrial-anomaly-detection/data/mvtec_ad/cable/test/good/001.png,41.22808074951172
M1_uniform,cable,0,shift_good,gamma_0.5,strong,gamma,good,/root/autodl-tmp/research-experiments/industrial-anomaly-detection/data/mvtec_ad/cable/test/good/002.png,39.59482955932617
M1_uniform,cable,0,shift_good,gamma_0.5,strong,gamma,good,/root/autodl-tmp/research-experiments/industrial-anomaly-detection/data/mvtec_ad/cable/test/good/003.png,36.12934875488281
M1_uniform,cable,0,shift_good,gamma_0.5,strong,gamma,good,/root/autodl-tmp/research-experiments/industrial-anomaly-detection/data/mvtec_ad/cable/test/good/004.png,38.56604766845703
M1_uniform,cable,0,shift_good,gamma_0.5,strong,gamma,good,/root/autodl-tmp/research-experiments/industrial-anomaly-detection/data/mvtec_ad/cable/test/good/005.png,38.21761703491211
M1_uniform,cable,0,shift_good,gamma_0.5,strong,gamma,good,/root/autodl-tmp/research-experiments/industrial-anomaly-detection/data/mvtec_ad/cable/test/good/006.png,39.21610641479492
M1_uniform,cable,0,shift_good,gamma_0.5,strong,gamma,good,/root/autodl-tmp/research-experiments/industrial-anomaly-detection/data/mvtec_ad/cable/test/good/007.png,37.691959381103516
M1_uniform,cable,0,shift_good,gamma_0.5,strong,gamma,good,/root/autodl-tmp/research-experiments/industrial-anomaly-detection/data/mvtec_ad/cable/test/good/008.png,39.758663177490234
M1_uniform,cable,0,shift_good,gamma_0.5,strong,gamma,good,/root/autodl-tmp/research-experiments/industrial-anomaly-detection/data/mvtec_ad/cable/test/good/009.png,38.376888275146484
M1_uniform,cable,0,shift_good,gamma_0.5,strong,gamma,good,/root/autodl-tmp/research-experiments/industrial-anomaly-detection/data/mvtec_ad/cable/test/good/010.png,37.02298355102539
M1_uniform,cable,0,shift_good,gamma_0.5,strong,gamma,good,/root/autodl-tmp/research-experiments/industrial-anomaly-detection/data/mvtec_ad/cable/test/good/011.png,39.04886245727539
M1_uniform,cable,0,shift_good,gamma_0.5,strong,gamma,good,/root/autodl-tmp/research-experiments/industrial-anomaly-detection/data/mvtec_ad/cable/test/good/012.png,40.772159576416016
M1_uniform,cable,0,shift_good,gamma_0.5,strong,gamma,good,/root/autodl-tmp/research-experiments/industrial-anomaly-detection/data/mvtec_ad/cable/test/good/013.png,42.839576721191406
M1_uniform,cable,0,shift_good,gamma_0.5,strong,gamma,good,/root/autodl-tmp/research-experiments/industrial-anomaly-detection/data/mvtec_ad/cable/test/good/014.png,39.45665740966797
M1_uniform,cable,0,shift_good,gamma_0.5,strong,gamma,good,/root/autodl-tmp/research-experiments/industrial-anomaly-detection/data/mvtec_ad/cable/test/good/015.png,37.881256103515625
M1_uniform,cable,0,shift_good,gamma_0.5,strong,gamma,good,/root/autodl-tmp/research-experiments/industrial-anomaly-detection/data/mvtec_ad/cable/test/good/016.png,41.65074157714844
M1_uniform,cable,0,shift_good,gamma_0.5,strong,gamma,good,/root/autodl-tmp/research-experiments/industrial-anomaly-detection/data/mvtec_ad/cable/test/good/017.png,38.26798629760742
M1_uniform,cable,0,shift_good,gamma_0.5,strong,gamma,good,/root/autodl-tmp/research-experiments/industrial-anomaly-detection/data/mvtec_ad/cable/test/good/018.png,39.119300842285156
M1_uniform,cable,0,shift_good,gamma_0.5,strong,gamma,good,/root/autodl-tmp/research-experiments/industrial-anomaly-detection/data/mvtec_ad/cable/test/good/019.png,40.45016098022461
M1_uniform,cable,0,shift_good,gamma_0.5,strong,gamma,good,/root/autodl-tmp/research-experiments/industrial-anomaly-detection/data/mvtec_ad/cable/test/good/020.png,37.44365692138672
M1_uniform,cable,0,shift_good,gamma_0.5,strong,gamma,good,/root/autodl-tmp/research-experiments/industrial-anomaly-detection/data/mvtec_ad/cable/test/good/021.png,39.38252258300781
M1_uniform,cable,0,shift_good,gamma_0.5,strong,gamma,good,/root/autodl-tmp/research-experiments/industrial-anomaly-detection/data/mvtec_ad/cable/test/good/022.png,39.222434997558594
M1_uniform,cable,0,shift_good,gamma_0.5,strong,gamma,good,/root/autodl-tmp/research-experiments/industrial-anomaly-detection/data/mvtec_ad/cable/test/good/023.png,38.01742172241211
M1_uniform,cable,0,shift_good,gamma_0.5,strong,gamma,good,/root/autodl-tmp/research-experiments/industrial-anomaly-detection/data/mvtec_ad/cable/test/good/024.png,39.187129974365234
M1_uniform,cable,0,shift_good,gamma_0.5,strong,gamma,good,/root/autodl-tmp/research-experiments/industrial-anomaly-detection/data/mvtec_ad/cable/test/good/025.png,38.32168197631836
M1_uniform,cable,0,shift_good,gamma_0.5,strong,gamma,good,/root/autodl-tmp/research-experiments/industrial-anomaly-detection/data/mvtec_ad/cable/test/good/026.png,37.752967834472656
M1_uniform,cable,0,shift_good,gamma_0.5,strong,gamma,good,/root/autodl-tmp/research-experiments/industrial-anomaly-detection/data/mvtec_ad/cable/test/good/027.png,38.38985061645508
M1_uniform,cable,0,shift_good,gamma_0.5,strong,gamma,good,/root/autodl-tmp/research-experiments/industrial-anomaly-detection/data/mvtec_ad/cable/test/good/028.png,38.29650115966797
M1_uniform,cable,0,shift_good,gamma_0.5,strong,gamma,good,/root/autodl-tmp/research-experiments/industrial-anomaly-detection/data/mvtec_ad/cable/test/good/029.png,38.81373977661133
M1_uniform,cable,0,shift_good,gamma_0.5,strong,gamma,good,/root/autodl-tmp/research-experiments/industrial-anomaly-detection/data/mvtec_ad/cable/test/good/030.png,41.86122131347656
M1_uniform,cable,0,shift_good,gamma_0.5,strong,gamma,good,/root/autodl-tmp/research-experiments/industrial-anomaly-detection/data/mvtec_ad/cable/test/good/031.png,41.82815170288086
M1_uniform,cable,0,shift_good,gamma_0.5,strong,gamma,good,/root/autodl-tmp/research-experiments/industrial-anomaly-detection/data/mvtec_ad/cable/test/good/032.png,40.78807067871094
M1_uniform,cable,0,shift_good,gamma_0.5,strong,gamma,good,/root/autodl-tmp/research-experiments/industrial-anomaly-detection/data/mvtec_ad/cable/test/good/033.png,37.88374328613281
M1_uniform,cable,0,shift_good,gamma_0.5,strong,gamma,good,/root/autodl-tmp/research-experiments/industrial-anomaly-detection/data/mvtec_ad/cable/test/good/034.png,42.2840461730957
M1_uniform,cable,0,shift_good,gamma_0.5,strong,gamma,good,/root/autodl-tmp/research-experiments/industrial-anomaly-detection/data/mvtec_ad/cable/test/good/035.png,40.01106262207031
M1_uniform,cable,0,shift_good,gamma_0.5,strong,gamma,good,/root/autodl-tmp/research-experiments/industrial-anomaly-detection/data/mvtec_ad/cable/test/good/036.png,39.01749038696289
M1_uniform,cable,0,shift_good,gamma_0.5,strong,gamma,good,/root/autodl-tmp/research-experiments/industrial-anomaly-detection/data/mvtec_ad/cable/test/good/037.png,39.45608139038086
M1_uniform,cable,0,shift_good,gamma_0.5,strong,gamma,good,/root/autodl-tmp/research-experiments/industrial-anomaly-detection/data/mvtec_ad/cable/test/good/038.png,40.41691589355469
M1_uniform,cable,0,shift_good,gamma_0.5,strong,gamma,good,/root/autodl-tmp/research-experiments/industrial-anomaly-detection/data/mvtec_ad/cable/test/good/039.png,41.947452545166016
M1_uniform,cable,0,shift_good,gamma_0.5,strong,gamma,good,/root/autodl-tmp/research-experiments/industrial-anomaly-detection/data/mvtec_ad/cable/test/good/040.png,38.50258255004883
M1_uniform,cable,0,shift_good,gamma_0.5,strong,gamma,good,/root/autodl-tmp/research-experiments/industrial-anomaly-detection/data/mvtec_ad/cable/test/good/041.png,41.3687858581543
M1_uniform,cable,0,shift_good,gamma_0.5,strong,gamma,good,/root/autodl-tmp/research-experiments/industrial-anomaly-detection/data/mvtec_ad/cable/test/good/042.png,41.10820007324219
M1_uniform,cable,0,shift_good,gamma_0.5,strong,gamma,good,/root/autodl-tmp/research-experiments/industrial-anomaly-detection/data/mvtec_ad/cable/test/good/043.png,42.04914474487305
M1_uniform,cable,0,shift_good,gamma_0.5,strong,gamma,good,/root/autodl-tmp/research-experiments/industrial-anomaly-detection/data/mvtec_ad/cable/test/good/044.png,39.75448226928711
M1_uniform,cable,0,shift_good,gamma_0.5,strong,gamma,good,/root/autodl-tmp/research-experiments/industrial-anomaly-detection/data/mvtec_ad/cable/test/good/045.png,40.05565643310547
M1_uniform,cable,0,shift_good,gamma_0.5,strong,gamma,good,/root/autodl-tmp/research-experiments/industrial-anomaly-detection/data/mvtec_ad/cable/test/good/046.png,37.4986686706543
M1_uniform,cable,0,shift_good,gamma_0.5,strong,gamma,good,/root/autodl-tmp/research-experiments/industrial-anomaly-detection/data/mvtec_ad/cable/test/good/047.png,39.57078552246094
M1_uniform,cable,0,shift_good,gamma_0.5,strong,gamma,good,/root/autodl-tmp/research-experiments/industrial-anomaly-detection/data/mvtec_ad/cable/test/good/048.png,39.740604400634766
M1_uniform,cable,0,shift_good,gamma_0.5,strong,gamma,good,/root/autodl-tmp/research-experiments/industrial-anomaly-detection/data/mvtec_ad/cable/test/good/049.png,39.86361312866211
M1_uniform,cable,0,shift_good,gamma_0.5,strong,gamma,good,/root/autodl-tmp/research-experiments/industrial-anomaly-detection/data/mvtec_ad/cable/test/good/050.png,40.13844299316406
M1_uniform,cable,0,shift_good,gamma_0.5,strong,gamma,good,/root/autodl-tmp/research-experiments/industrial-anomaly-detection/data/mvtec_ad/cable/test/good/051.png,41.63998031616211
M1_uniform,cable,0,shift_good,gamma_0.5,strong,gamma,good,/root/autodl-tmp/research-experiments/industrial-anomaly-detection/data/mvtec_ad/cable/test/good/052.png,39.02466583251953
M1_uniform,cable,0,shift_good,gamma_0.5,strong,gamma,good,/root/autodl-tmp/research-experiments/industrial-anomaly-detection/data/mvtec_ad/cable/test/good/053.png,40.47203063964844
M1_uniform,cable,0,shift_good,gamma_0.5,strong,gamma,good,/root/autodl-tmp/research-experiments/industrial-anomaly-detection/data/mvtec_ad/cable/test/good/054.png,39.84516143798828
M1_uniform,cable,0,shift_good,gamma_0.5,strong,gamma,good,/root/autodl-tmp/research-experiments/industrial-anomaly-detection/data/mvtec_ad/cable/test/good/055.png,41.97869873046875
M1_uniform,cable,0,shift_good,gamma_0.5,strong,gamma,good,/root/autodl-tmp/research-experiments/industrial-anomaly-detection/data/mvtec_ad/cable/test/good/056.png,37.250282287597656
M1_uniform,cable,0,shift_good,gamma_0.5,strong,gamma,good,/root/autodl-tmp/research-experiments/industrial-anomaly-detection/data/mvtec_ad/cable/test/good/057.png,47.73330307006836
M1_uniform,cable,0,shift_good,gamma_1.5,strong,gamma,good,/root/autodl-tmp/research-experiments/industrial-anomaly-detection/data/mvtec_ad/cable/test/good/000.png,35.03003692626953
M1_uniform,cable,0,shift_good,gamma_1.5,strong,gamma,good,/root/autodl-tmp/research-experiments/industrial-anomaly-detection/data/mvtec_ad/cable/test/good/001.png,40.0205192565918
M1_uniform,cable,0,shift_good,gamma_1.5,strong,gamma,good,/root/autodl-tmp/research-experiments/industrial-anomaly-detection/data/mvtec_ad/cable/test/good/002.png,37.798912048339844
M1_uniform,cable,0,shift_good,gamma_1.5,strong,gamma,good,/root/autodl-tmp/research-experiments/industrial-anomaly-detection/data/mvtec_ad/cable/test/good/003.png,35.61485290527344
M1_uniform,cable,0,shift_good,gamma_1.5,strong,gamma,good,/root/autodl-tmp/research-experiments/industrial-anomaly-detection/data/mvtec_ad/cable/test/good/004.png,35.58329391479492
M1_uniform,cable,0,shift_good,gamma_1.5,strong,gamma,good,/root/autodl-tmp/research-experiments/industrial-anomaly-detection/data/mvtec_ad/cable/test/good/005.png,35.37491226196289
M1_uniform,cable,0,shift_good,gamma_1.5,strong,gamma,good,/root/autodl-tmp/research-experiments/industrial-anomaly-detection/data/mvtec_ad/cable/test/good/006.png,36.70633316040039
M1_uniform,cable,0,shift_good,gamma_1.5,strong,gamma,good,/root/autodl-tmp/research-experiments/industrial-anomaly-detection/data/mvtec_ad/cable/test/good/007.png,37.531490325927734
M1_uniform,cable,0,shift_good,gamma_1.5,strong,gamma,good,/root/autodl-tmp/research-experiments/industrial-anomaly-detection/data/mvtec_ad/cable/test/good/008.png,36.8899040222168
M1_uniform,cable,0,shift_good,gamma_1.5,strong,gamma,good,/root/autodl-tmp/research-experiments/industrial-anomaly-detection/data/mvtec_ad/cable/test/good/009.png,35.52690505981445
M1_uniform,cable,0,shift_good,gamma_1.5,strong,gamma,good,/root/autodl-tmp/research-experiments/industrial-anomaly-detection/data/mvtec_ad/cable/test/good/010.png,34.70063400268555
M1_uniform,cable,0,shift_good,gamma_1.5,strong,gamma,good,/root/autodl-tmp/research-experiments/industrial-anomaly-detection/data/mvtec_ad/cable/test/good/011.png,38.06003189086914
M1_uniform,cable,0,shift_good,gamma_1.5,strong,gamma,good,/root/autodl-tmp/research-experiments/industrial-anomaly-detection/data/mvtec_ad/cable/test/good/012.png,38.082096099853516
M1_uniform,cable,0,shift_good,gamma_1.5,strong,gamma,good,/root/autodl-tmp/research-experiments/industrial-anomaly-detection/data/mvtec_ad/cable/test/good/013.png,40.54418182373047
M1_uniform,cable,0,shift_good,gamma_1.5,strong,gamma,good,/root/autodl-tmp/research-experiments/industrial-anomaly-detection/data/mvtec_ad/cable/test/good/014.png,37.40351104736328
M1_uniform,cable,0,shift_good,gamma_1.5,strong,gamma,good,/root/autodl-tmp/research-experiments/industrial-anomaly-detection/data/mvtec_ad/cable/test/good/015.png,37.17974853515625
M1_uniform,cable,0,shift_good,gamma_1.5,strong,gamma,good,/root/autodl-tmp/research-experiments/industrial-anomaly-detection/data/mvtec_ad/cable/test/good/016.png,37.152252197265625
M1_uniform,cable,0,shift_good,gamma_1.5,strong,gamma,good,/root/autodl-tmp/research-experiments/industrial-anomaly-detection/data/mvtec_ad/cable/test/good/017.png,35.187076568603516
M1_uniform,cable,0,shift_good,gamma_1.5,strong,gamma,good,/root/autodl-tmp/research-experiments/industrial-anomaly-detection/data/mvtec_ad/cable/test/good/018.png,39.075340270996094
M1_uniform,cable,0,shift_good,gamma_1.5,strong,gamma,good,/root/autodl-tmp/research-experiments/industrial-anomaly-detection/data/mvtec_ad/cable/test/good/019.png,39.75086975097656
M1_uniform,cable,0,shift_good,gamma_1.5,strong,gamma,good,/root/autodl-tmp/research-experiments/industrial-anomaly-detection/data/mvtec_ad/cable/test/good/020.png,35.41339874267578
M1_uniform,cable,0,shift_good,gamma_1.5,strong,gamma,good,/root/autodl-tmp/research-experiments/industrial-anomaly-detection/data/mvtec_ad/cable/test/good/021.png,35.42387390136719
M1_uniform,cable,0,shift_good,gamma_1.5,strong,gamma,good,/root/autodl-tmp/research-experiments/industrial-anomaly-detection/data/mvtec_ad/cable/test/good/022.png,37.19648361206055
M1_uniform,cable,0,shift_good,gamma_1.5,strong,gamma,good,/root/autodl-tmp/research-experiments/industrial-anomaly-detection/data/mvtec_ad/cable/test/good/023.png,36.38801956176758
M1_uniform,cable,0,shift_good,gamma_1.5,strong,gamma,good,/root/autodl-tmp/research-experiments/industrial-anomaly-detection/data/mvtec_ad/cable/test/good/024.png,37.84467697143555
M1_uniform,cable,0,shift_good,gamma_1.5,strong,gamma,good,/root/autodl-tmp/research-experiments/industrial-anomaly-detection/data/mvtec_ad/cable/test/good/025.png,36.61072540283203
M1_uniform,cable,0,shift_good,gamma_1.5,strong,gamma,good,/root/autodl-tmp/research-experiments/industrial-anomaly-detection/data/mvtec_ad/cable/test/good/026.png,35.532440185546875
M1_uniform,cable,0,shift_good,gamma_1.5,strong,gamma,good,/root/autodl-tmp/research-experiments/industrial-anomaly-detection/data/mvtec_ad/cable/test/good/027.png,36.07552719116211
M1_uniform,cable,0,shift_good,gamma_1.5,strong,gamma,good,/root/autodl-tmp/research-experiments/industrial-anomaly-detection/data/mvtec_ad/cable/test/good/028.png,36.00775909423828
M1_uniform,cable,0,shift_good,gamma_1.5,strong,gamma,good,/root/autodl-tmp/research-experiments/industrial-anomaly-detection/data/mvtec_ad/cable/test/good/029.png,35.39436721801758
M1_uniform,cable,0,shift_good,gamma_1.5,strong,gamma,good,/root/autodl-tmp/research-experiments/industrial-anomaly-detection/data/mvtec_ad/cable/test/good/030.png,41.414424896240234
M1_uniform,cable,0,shift_good,gamma_1.5,strong,gamma,good,/root/autodl-tmp/research-experiments/industrial-anomaly-detection/data/mvtec_ad/cable/test/good/031.png,37.20215606689453
M1_uniform,cable,0,shift_good,gamma_1.5,strong,gamma,good,/root/autodl-tmp/research-experiments/industrial-anomaly-detection/data/mvtec_ad/cable/test/good/032.png,38.17390823364258
M1_uniform,cable,0,shift_good,gamma_1.5,strong,gamma,good,/root/autodl-tmp/research-experiments/industrial-anomaly-detection/data/mvtec_ad/cable/test/good/033.png,36.475074768066406
M1_uniform,cable,0,shift_good,gamma_1.5,strong,gamma,good,/root/autodl-tmp/research-experiments/industrial-anomaly-detection/data/mvtec_ad/cable/test/good/034.png,39.38509750366211
M1_uniform,cable,0,shift_good,gamma_1.5,strong,gamma,good,/root/autodl-tmp/research-experiments/industrial-anomaly-detection/data/mvtec_ad/cable/test/good/035.png,36.18006134033203
M1_uniform,cable,0,shift_good,gamma_1.5,strong,gamma,good,/root/autodl-tmp/research-experiments/industrial-anomaly-detection/data/mvtec_ad/cable/test/good/036.png,37.8711051940918
M1_uniform,cable,0,shift_good,gamma_1.5,strong,gamma,good,/root/autodl-tmp/research-experiments/industrial-anomaly-detection/data/mvtec_ad/cable/test/good/037.png,35.7911376953125
M1_uniform,cable,0,shift_good,gamma_1.5,strong,gamma,good,/root/autodl-tmp/research-experiments/industrial-anomaly-detection/data/mvtec_ad/cable/test/good/038.png,39.47771072387695
M1_uniform,cable,0,shift_good,gamma_1.5,strong,gamma,good,/root/autodl-tmp/research-experiments/industrial-anomaly-detection/data/mvtec_ad/cable/test/good/039.png,37.91943359375
M1_uniform,cable,0,shift_good,gamma_1.5,strong,gamma,good,/root/autodl-tmp/research-experiments/industrial-anomaly-detection/data/mvtec_ad/cable/test/good/040.png,36.312232971191406
M1_uniform,cable,0,shift_good,gamma_1.5,strong,gamma,good,/root/autodl-tmp/research-experiments/industrial-anomaly-detection/data/mvtec_ad/cable/test/good/041.png,39.13161087036133
M1_uniform,cable,0,shift_good,gamma_1.5,strong,gamma,good,/root/autodl-tmp/research-experiments/industrial-anomaly-detection/data/mvtec_ad/cable/test/good/042.png,39.10734176635742
M1_uniform,cable,0,shift_good,gamma_1.5,strong,gamma,good,/root/autodl-tmp/research-experiments/industrial-anomaly-detection/data/mvtec_ad/cable/test/good/043.png,36.84002685546875
M1_uniform,cable,0,shift_good,gamma_1.5,strong,gamma,good,/root/autodl-tmp/research-experiments/industrial-anomaly-detection/data/mvtec_ad/cable/test/good/044.png,37.32740020751953
M1_uniform,cable,0,shift_good,gamma_1.5,strong,gamma,good,/root/autodl-tmp/research-experiments/industrial-anomaly-detection/data/mvtec_ad/cable/test/good/045.png,38.031944274902344
M1_uniform,cable,0,shift_good,gamma_1.5,strong,gamma,good,/root/autodl-tmp/research-experiments/industrial-anomaly-detection/data/mvtec_ad/cable/test/good/046.png,34.99282455444336
M1_uniform,cable,0,shift_good,gamma_1.5,strong,gamma,good,/root/autodl-tmp/research-experiments/industrial-anomaly-detection/data/mvtec_ad/cable/test/good/047.png,37.24797439575195
M1_uniform,cable,0,shift_good,gamma_1.5,strong,gamma,good,/root/autodl-tmp/research-experiments/industrial-anomaly-detection/data/mvtec_ad/cable/test/good/048.png,37.40327072143555
M1_uniform,cable,0,shift_good,gamma_1.5,strong,gamma,good,/root/autodl-tmp/research-experiments/industrial-anomaly-detection/data/mvtec_ad/cable/test/good/049.png,37.54072570800781
M1_uniform,cable,0,shift_good,gamma_1.5,strong,gamma,good,/root/autodl-tmp/research-experiments/industrial-anomaly-detection/data/mvtec_ad/cable/test/good/050.png,37.93342590332031
M1_uniform,cable,0,shift_good,gamma_1.5,strong,gamma,good,/root/autodl-tmp/research-experiments/industrial-anomaly-detection/data/mvtec_ad/cable/test/good/051.png,37.550636291503906
M1_uniform,cable,0,shift_good,gamma_1.5,strong,gamma,good,/root/autodl-tmp/research-experiments/industrial-anomaly-detection/data/mvtec_ad/cable/test/good/052.png,35.71852111816406
M1_uniform,cable,0,shift_good,gamma_1.5,strong,gamma,good,/root/autodl-tmp/research-experiments/industrial-anomaly-detection/data/mvtec_ad/cable/test/good/053.png,37.781463623046875
M1_uniform,cable,0,shift_good,gamma_1.5,strong,gamma,good,/root/autodl-tmp/research-experiments/industrial-anomaly-detection/data/mvtec_ad/cable/test/good/054.png,36.88314437866211
M1_uniform,cable,0,shift_good,gamma_1.5,strong,gamma,good,/root/autodl-tmp/research-experiments/industrial-anomaly-detection/data/mvtec_ad/cable/test/good/055.png,39.426246643066406
M1_uniform,cable,0,shift_good,gamma_1.5,strong,gamma,good,/root/autodl-tmp/research-experiments/industrial-anomaly-detection/data/mvtec_ad/cable/test/good/056.png,37.397369384765625
M1_uniform,cable,0,shift_good,gamma_1.5,strong,gamma,good,/root/autodl-tmp/research-experiments/industrial-anomaly-detection/data/mvtec_ad/cable/test/good/057.png,42.982505798339844
