category,defect_type,image_path,seed,location,alpha,is_good,gt_label,anomaly_score,good_mean,good_std,z_score,mask_path,area_pixels,area_ratio,log_area_ratio
cable,good,D:\Research\research-experiments\industrial-anomaly-detection\data\mvtec_ad\cable\test\good\000.png,2,layer3,0.0,1,0,37.28451156616211,39.43023418558055,2.209321835307748,-0.9712132406999698,,,,
cable,good,D:\Research\research-experiments\industrial-anomaly-detection\data\mvtec_ad\cable\test\good\001.png,2,layer3,0.0,1,0,41.02684783935547,39.43023418558055,2.209321835307748,0.7226713773697511,,,,
cable,good,D:\Research\research-experiments\industrial-anomaly-detection\data\mvtec_ad\cable\test\good\002.png,2,layer3,0.0,1,0,39.9747428894043,39.43023418558055,2.209321835307748,0.24645965794652872,,,,
cable,good,D:\Research\research-experiments\industrial-anomaly-detection\data\mvtec_ad\cable\test\good\003.png,2,layer3,0.0,1,0,37.26498031616211,39.43023418558055,2.209321835307748,-0.980053623159359,,,,
cable,good,D:\Research\research-experiments\industrial-anomaly-detection\data\mvtec_ad\cable\test\good\004.png,2,layer3,0.0,1,0,36.3596305847168,39.43023418558055,2.209321835307748,-1.3898398828960268,,,,
cable,good,D:\Research\research-experiments\industrial-anomaly-detection\data\mvtec_ad\cable\test\good\005.png,2,layer3,0.0,1,0,37.80088806152344,39.43023418558055,2.209321835307748,-0.7374869962438744,,,,
cable,good,D:\Research\research-experiments\industrial-anomaly-detection\data\mvtec_ad\cable\test\good\006.png,2,layer3,0.0,1,0,38.44748306274414,39.43023418558055,2.209321835307748,-0.44482026435932054,,,,
cable,good,D:\Research\research-experiments\industrial-anomaly-detection\data\mvtec_ad\cable\test\good\007.png,2,layer3,0.0,1,0,39.13479232788086,39.43023418558055,2.209321835307748,-0.13372513364877836,,,,
cable,good,D:\Research\research-experiments\industrial-anomaly-detection\data\mvtec_ad\cable\test\good\008.png,2,layer3,0.0,1,0,39.707237243652344,39.43023418558055,2.209321835307748,0.12537922435968063,,,,
cable,good,D:\Research\research-experiments\industrial-anomaly-detection\data\mvtec_ad\cable\test\good\009.png,2,layer3,0.0,1,0,37.38201141357422,39.43023418558055,2.209321835307748,-0.9270821205281873,,,,
cable,good,D:\Research\research-experiments\industrial-anomaly-detection\data\mvtec_ad\cable\test\good\010.png,2,layer3,0.0,1,0,35.753753662109375,39.43023418558055,2.209321835307748,-1.6640764893173932,,,,
cable,good,D:\Research\research-experiments\industrial-anomaly-detection\data\mvtec_ad\cable\test\good\011.png,2,layer3,0.0,1,0,39.47370529174805,39.43023418558055,2.209321835307748,0.01967622166801212,,,,
cable,good,D:\Research\research-experiments\industrial-anomaly-detection\data\mvtec_ad\cable\test\good\012.png,2,layer3,0.0,1,0,39.60106658935547,39.43023418558055,2.209321835307748,0.07732345783434506,,,,
cable,good,D:\Research\research-experiments\industrial-anomaly-detection\data\mvtec_ad\cable\test\good\013.png,2,layer3,0.0,1,0,44.26034927368164,39.43023418558055,2.209321835307748,2.186243312725996,,,,
cable,good,D:\Research\research-experiments\industrial-anomaly-detection\data\mvtec_ad\cable\test\good\014.png,2,layer3,0.0,1,0,38.901390075683594,39.43023418558055,2.209321835307748,-0.23936943067567748,,,,
cable,good,D:\Research\research-experiments\industrial-anomaly-detection\data\mvtec_ad\cable\test\good\015.png,2,layer3,0.0,1,0,38.96075439453125,39.43023418558055,2.209321835307748,-0.21249950258329203,,,,
cable,good,D:\Research\research-experiments\industrial-anomaly-detection\data\mvtec_ad\cable\test\good\016.png,2,layer3,0.0,1,0,40.11006164550781,39.43023418558055,2.209321835307748,0.3077086593101831,,,,
cable,good,D:\Research\research-experiments\industrial-anomaly-detection\data\mvtec_ad\cable\test\good\017.png,2,layer3,0.0,1,0,37.77421569824219,39.43023418558055,2.209321835307748,-0.7495596435399776,,,,
cable,good,D:\Research\research-experiments\industrial-anomaly-detection\data\mvtec_ad\cable\test\good\018.png,2,layer3,0.0,1,0,40.96291732788086,39.43023418558055,2.209321835307748,0.6937346645500435,,,,
cable,good,D:\Research\research-experiments\industrial-anomaly-detection\data\mvtec_ad\cable\test\good\019.png,2,layer3,0.0,1,0,39.79600524902344,39.43023418558055,2.209321835307748,0.16555807198272454,,,,
cable,good,D:\Research\research-experiments\industrial-anomaly-detection\data\mvtec_ad\cable\test\good\020.png,2,layer3,0.0,1,0,37.320655822753906,39.43023418558055,2.209321835307748,-0.9548533532385026,,,,
cable,good,D:\Research\research-experiments\industrial-anomaly-detection\data\mvtec_ad\cable\test\good\021.png,2,layer3,0.0,1,0,37.47121047973633,39.43023418558055,2.209321835307748,-0.8867081629016451,,,,
cable,good,D:\Research\research-experiments\industrial-anomaly-detection\data\mvtec_ad\cable\test\good\022.png,2,layer3,0.0,1,0,38.894508361816406,39.43023418558055,2.209321835307748,-0.24248428418285287,,,,
cable,good,D:\Research\research-experiments\industrial-anomaly-detection\data\mvtec_ad\cable\test\good\023.png,2,layer3,0.0,1,0,37.09117126464844,39.43023418558055,2.209321835307748,-1.0587243938619266,,,,
cable,good,D:\Research\research-experiments\industrial-anomaly-detection\data\mvtec_ad\cable\test\good\024.png,2,layer3,0.0,1,0,38.465606689453125,39.43023418558055,2.209321835307748,-0.4366170110263991,,,,
cable,good,D:\Research\research-experiments\industrial-anomaly-detection\data\mvtec_ad\cable\test\good\025.png,2,layer3,0.0,1,0,37.23587417602539,39.43023418558055,2.209321835307748,-0.9932278649884877,,,,
cable,good,D:\Research\research-experiments\industrial-anomaly-detection\data\mvtec_ad\cable\test\good\026.png,2,layer3,0.0,1,0,37.72771072387695,39.43023418558055,2.209321835307748,-0.770609077634199,,,,
cable,good,D:\Research\research-experiments\industrial-anomaly-detection\data\mvtec_ad\cable\test\good\027.png,2,layer3,0.0,1,0,38.90937805175781,39.43023418558055,2.209321835307748,-0.23575385238076327,,,,
cable,good,D:\Research\research-experiments\industrial-anomaly-detection\data\mvtec_ad\cable\test\good\028.png,2,layer3,0.0,1,0,38.650203704833984,39.43023418558055,2.209321835307748,-0.35306331032477817,,,,
cable,good,D:\Research\research-experiments\industrial-anomaly-detection\data\mvtec_ad\cable\test\good\029.png,2,layer3,0.0,1,0,37.7349853515625,39.43023418558055,2.209321835307748,-0.7673163804955163,,,,
cable,good,D:\Research\research-experiments\industrial-anomaly-detection\data\mvtec_ad\cable\test\good\030.png,2,layer3,0.0,1,0,44.7898063659668,39.43023418558055,2.209321835307748,2.4258901961378037,,,,
cable,good,D:\Research\research-experiments\industrial-anomaly-detection\data\mvtec_ad\cable\test\good\031.png,2,layer3,0.0,1,0,38.04206466674805,39.43023418558055,2.209321835307748,-0.6283238126052106,,,,
cable,good,D:\Research\research-experiments\industrial-anomaly-detection\data\mvtec_ad\cable\test\good\032.png,2,layer3,0.0,1,0,39.351863861083984,39.43023418558055,2.209321835307748,-0.03547257047122394,,,,
cable,good,D:\Research\research-experiments\industrial-anomaly-detection\data\mvtec_ad\cable\test\good\033.png,2,layer3,0.0,1,0,39.59449768066406,39.43023418558055,2.209321835307748,0.07435018857749583,,,,
cable,good,D:\Research\research-experiments\industrial-anomaly-detection\data\mvtec_ad\cable\test\good\034.png,2,layer3,0.0,1,0,40.528953552246094,39.43023418558055,2.209321835307748,0.4973106901432924,,,,
cable,good,D:\Research\research-experiments\industrial-anomaly-detection\data\mvtec_ad\cable\test\good\035.png,2,layer3,0.0,1,0,37.81060791015625,39.43023418558055,2.209321835307748,-0.733087524660569,,,,
cable,good,D:\Research\research-experiments\industrial-anomaly-detection\data\mvtec_ad\cable\test\good\036.png,2,layer3,0.0,1,0,39.10335922241211,39.43023418558055,2.209321835307748,-0.14795262416935773,,,,
cable,good,D:\Research\research-experiments\industrial-anomaly-detection\data\mvtec_ad\cable\test\good\037.png,2,layer3,0.0,1,0,38.87443923950195,39.43023418558055,2.209321835307748,-0.251568122487315,,,,
cable,good,D:\Research\research-experiments\industrial-anomaly-detection\data\mvtec_ad\cable\test\good\038.png,2,layer3,0.0,1,0,40.03219223022461,39.43023418558055,2.209321835307748,0.27246281416496626,,,,
cable,good,D:\Research\research-experiments\industrial-anomaly-detection\data\mvtec_ad\cable\test\good\039.png,2,layer3,0.0,1,0,44.53133010864258,39.43023418558055,2.209321835307748,2.3088967128012237,,,,
cable,good,D:\Research\research-experiments\industrial-anomaly-detection\data\mvtec_ad\cable\test\good\040.png,2,layer3,0.0,1,0,36.13930892944336,39.43023418558055,2.209321835307748,-1.4895635409672139,,,,
cable,good,D:\Research\research-experiments\industrial-anomaly-detection\data\mvtec_ad\cable\test\good\041.png,2,layer3,0.0,1,0,42.98313522338867,39.43023418558055,2.209321835307748,1.6081410055467167,,,,
cable,good,D:\Research\research-experiments\industrial-anomaly-detection\data\mvtec_ad\cable\test\good\042.png,2,layer3,0.0,1,0,41.03269958496094,39.43023418558055,2.209321835307748,0.7253200388331695,,,,
cable,good,D:\Research\research-experiments\industrial-anomaly-detection\data\mvtec_ad\cable\test\good\043.png,2,layer3,0.0,1,0,39.06532669067383,39.43023418558055,2.209321835307748,-0.16516719704437913,,,,
cable,good,D:\Research\research-experiments\industrial-anomaly-detection\data\mvtec_ad\cable\test\good\044.png,2,layer3,0.0,1,0,40.44378662109375,39.43023418558055,2.209321835307748,0.4587617880361983,,,,
cable,good,D:\Research\research-experiments\industrial-anomaly-detection\data\mvtec_ad\cable\test\good\045.png,2,layer3,0.0,1,0,40.714786529541016,39.43023418558055,2.209321835307748,0.5814238212974215,,,,
cable,good,D:\Research\research-experiments\industrial-anomaly-detection\data\mvtec_ad\cable\test\good\046.png,2,layer3,0.0,1,0,38.35551452636719,39.43023418558055,2.209321835307748,-0.48644776059240885,,,,
cable,good,D:\Research\research-experiments\industrial-anomaly-detection\data\mvtec_ad\cable\test\good\047.png,2,layer3,0.0,1,0,39.66771697998047,39.43023418558055,2.209321835307748,0.10749126297701043,,,,
cable,good,D:\Research\research-experiments\industrial-anomaly-detection\data\mvtec_ad\cable\test\good\048.png,2,layer3,0.0,1,0,40.29205322265625,39.43023418558055,2.209321835307748,0.3900830668048191,,,,
cable,good,D:\Research\research-experiments\industrial-anomaly-detection\data\mvtec_ad\cable\test\good\049.png,2,layer3,0.0,1,0,40.226417541503906,39.43023418558055,2.209321835307748,0.36037454715711414,,,,
cable,good,D:\Research\research-experiments\industrial-anomaly-detection\data\mvtec_ad\cable\test\good\050.png,2,layer3,0.0,1,0,38.85138702392578,39.43023418558055,2.209321835307748,-0.26200219108147293,,,,
cable,good,D:\Research\research-experiments\industrial-anomaly-detection\data\mvtec_ad\cable\test\good\051.png,2,layer3,0.0,1,0,39.85700607299805,39.43023418558055,2.209321835307748,0.19316872743352365,,,,
cable,good,D:\Research\research-experiments\industrial-anomaly-detection\data\mvtec_ad\cable\test\good\052.png,2,layer3,0.0,1,0,39.9802131652832,39.43023418558055,2.209321835307748,0.2489356556900373,,,,
cable,good,D:\Research\research-experiments\industrial-anomaly-detection\data\mvtec_ad\cable\test\good\053.png,2,layer3,0.0,1,0,39.68061828613281,39.43023418558055,2.209321835307748,0.11333074998436474,,,,
cable,good,D:\Research\research-experiments\industrial-anomaly-detection\data\mvtec_ad\cable\test\good\054.png,2,layer3,0.0,1,0,38.3527946472168,39.43023418558055,2.209321835307748,-0.4876788529153668,,,,
cable,good,D:\Research\research-experiments\industrial-anomaly-detection\data\mvtec_ad\cable\test\good\055.png,2,layer3,0.0,1,0,40.82274627685547,39.43023418558055,2.209321835307748,0.6302893806691348,,,,
cable,good,D:\Research\research-experiments\industrial-anomaly-detection\data\mvtec_ad\cable\test\good\056.png,2,layer3,0.0,1,0,39.84955978393555,39.43023418558055,2.209321835307748,0.18979833162088156,,,,
cable,good,D:\Research\research-experiments\industrial-anomaly-detection\data\mvtec_ad\cable\test\good\057.png,2,layer3,0.0,1,0,48.50074768066406,39.43023418558055,2.209321835307748,4.105564590058936,,,,
cable,bent_wire,D:\Research\research-experiments\industrial-anomaly-detection\data\mvtec_ad\cable\test\bent_wire\000.png,2,layer3,0.0,0,1,62.0699348449707,39.43023418558055,2.209321835307748,10.247352964868764,D:\Research\research-experiments\industrial-anomaly-detection\data\mvtec_ad\cable\ground_truth\bent_wire\000_mask.png,23162,0.022089004516601562,-3.8126752821831915
cable,bent_wire,D:\Research\research-experiments\industrial-anomaly-detection\data\mvtec_ad\cable\test\bent_wire\001.png,2,layer3,0.0,0,1,64.84611511230469,39.43023418558055,2.209321835307748,11.503928726248173,D:\Research\research-experiments\industrial-anomaly-detection\data\mvtec_ad\cable\ground_truth\bent_wire\001_mask.png,15206,0.014501571655273438,-4.233498176452484
cable,bent_wire,D:\Research\research-experiments\industrial-anomaly-detection\data\mvtec_ad\cable\test\bent_wire\002.png,2,layer3,0.0,0,1,67.89122772216797,39.43023418558055,2.209321835307748,12.882230683526892,D:\Research\research-experiments\industrial-anomaly-detection\data\mvtec_ad\cable\ground_truth\bent_wire\002_mask.png,37083,0.03536510467529297,-3.3420296603665127
cable,bent_wire,D:\Research\research-experiments\industrial-anomaly-detection\data\mvtec_ad\cable\test\bent_wire\003.png,2,layer3,0.0,0,1,61.228004455566406,39.43023418558055,2.209321835307748,9.866272048567124,D:\Research\research-experiments\industrial-anomaly-detection\data\mvtec_ad\cable\ground_truth\bent_wire\003_mask.png,12881,0.012284278869628906,-4.399434893397962
cable,bent_wire,D:\Research\research-experiments\industrial-anomaly-detection\data\mvtec_ad\cable\test\bent_wire\004.png,2,layer3,0.0,0,1,70.42046356201172,39.43023418558055,2.209321835307748,14.027032585822598,D:\Research\research-experiments\industrial-anomaly-detection\data\mvtec_ad\cable\ground_truth\bent_wire\004_mask.png,32843,0.03132152557373047,-3.463449667868214
cable,bent_wire,D:\Research\research-experiments\industrial-anomaly-detection\data\mvtec_ad\cable\test\bent_wire\005.png,2,layer3,0.0,0,1,66.59136199951172,39.43023418558055,2.209321835307748,12.29387560465936,D:\Research\research-experiments\industrial-anomaly-detection\data\mvtec_ad\cable\ground_truth\bent_wire\005_mask.png,37738,0.03598976135253906,-3.324520760065567
cable,bent_wire,D:\Research\research-experiments\industrial-anomaly-detection\data\mvtec_ad\cable\test\bent_wire\006.png,2,layer3,0.0,0,1,64.49215698242188,39.43023418558055,2.209321835307748,11.343717513818135,D:\Research\research-experiments\industrial-anomaly-detection\data\mvtec_ad\cable\ground_truth\bent_wire\006_mask.png,40784,0.0388946533203125,-3.2468984588725354
cable,bent_wire,D:\Research\research-experiments\industrial-anomaly-detection\data\mvtec_ad\cable\test\bent_wire\007.png,2,layer3,0.0,0,1,62.83906936645508,39.43023418558055,2.209321835307748,10.59548446349999,D:\Research\research-experiments\industrial-anomaly-detection\data\mvtec_ad\cable\ground_truth\bent_wire\007_mask.png,38552,0.03676605224609375,-3.303180325679734
cable,bent_wire,D:\Research\research-experiments\industrial-anomaly-detection\data\mvtec_ad\cable\test\bent_wire\008.png,2,layer3,0.0,0,1,51.11007308959961,39.43023418558055,2.209321835307748,5.2866172403497345,D:\Research\research-experiments\industrial-anomaly-detection\data\mvtec_ad\cable\ground_truth\bent_wire\008_mask.png,19659,0.01874828338623047,-3.9766530301530847
cable,bent_wire,D:\Research\research-experiments\industrial-anomaly-detection\data\mvtec_ad\cable\test\bent_wire\009.png,2,layer3,0.0,0,1,71.59280395507812,39.43023418558055,2.209321835307748,14.557666183124235,D:\Research\research-experiments\industrial-anomaly-detection\data\mvtec_ad\cable\ground_truth\bent_wire\009_mask.png,38202,0.03643226623535156,-3.3123004345056297
cable,bent_wire,D:\Research\research-experiments\industrial-anomaly-detection\data\mvtec_ad\cable\test\bent_wire\010.png,2,layer3,0.0,0,1,64.92852783203125,39.43023418558055,2.209321835307748,11.541230996297516,D:\Research\research-experiments\industrial-anomaly-detection\data\mvtec_ad\cable\ground_truth\bent_wire\010_mask.png,38102,0.03633689880371094,-3.314921530503291
cable,bent_wire,D:\Research\research-experiments\industrial-anomaly-detection\data\mvtec_ad\cable\test\bent_wire\011.png,2,layer3,0.0,0,1,81.30194854736328,39.43023418558055,2.209321835307748,18.952292822448932,D:\Research\research-experiments\industrial-anomaly-detection\data\mvtec_ad\cable\ground_truth\bent_wire\011_mask.png,119231,0.1137075424194336,-2.1741255354885243
cable,bent_wire,D:\Research\research-experiments\industrial-anomaly-detection\data\mvtec_ad\cable\test\bent_wire\012.png,2,layer3,0.0,0,1,65.76467895507812,39.43023418558055,2.209321835307748,11.91969605724252,D:\Research\research-experiments\industrial-anomaly-detection\data\mvtec_ad\cable\ground_truth\bent_wire\012_mask.png,72366,0.06901359558105469,-2.67345174189771
cable,cable_swap,D:\Research\research-experiments\industrial-anomaly-detection\data\mvtec_ad\cable\test\cable_swap\000.png,2,layer3,0.0,0,1,43.80031204223633,39.43023418558055,2.209321835307748,1.9780177730634003,D:\Research\research-experiments\industrial-anomaly-detection\data\mvtec_ad\cable\ground_truth\cable_swap\000_mask.png,67133,0.06402301788330078,-2.7485125902366585
cable,cable_swap,D:\Research\research-experiments\industrial-anomaly-detection\data\mvtec_ad\cable\test\cable_swap\001.png,2,layer3,0.0,0,1,45.7968864440918,39.43023418558055,2.209321835307748,2.8817224167000552,D:\Research\research-experiments\industrial-anomaly-detection\data\mvtec_ad\cable\ground_truth\cable_swap\001_mask.png,61514,0.05866432189941406,-2.83592352398831
cable,cable_swap,D:\Research\research-experiments\industrial-anomaly-detection\data\mvtec_ad\cable\test\cable_swap\002.png,2,layer3,0.0,0,1,44.65119171142578,39.43023418558055,2.209321835307748,2.3631493802341272,D:\Research\research-experiments\industrial-anomaly-detection\data\mvtec_ad\cable\ground_truth\cable_swap\002_mask.png,57103,0.054457664489746094,-2.9103316591675092
cable,cable_swap,D:\Research\research-experiments\industrial-anomaly-detection\data\mvtec_ad\cable\test\cable_swap\003.png,2,layer3,0.0,0,1,44.676876068115234,39.43023418558055,2.209321835307748,2.3747748284956636,D:\Research\research-experiments\industrial-anomaly-detection\data\mvtec_ad\cable\ground_truth\cable_swap\003_mask.png,59063,0.056326866149902344,-2.876583643636658
cable,cable_swap,D:\Research\research-experiments\industrial-anomaly-detection\data\mvtec_ad\cable\test\cable_swap\004.png,2,layer3,0.0,0,1,44.49375534057617,39.43023418558055,2.209321835307748,2.2918893363900943,D:\Research\research-experiments\industrial-anomaly-detection\data\mvtec_ad\cable\ground_truth\cable_swap\004_mask.png,55036,0.052486419677734375,-2.947200796598652
cable,cable_swap,D:\Research\research-experiments\industrial-anomaly-detection\data\mvtec_ad\cable\test\cable_swap\005.png,2,layer3,0.0,0,1,43.937713623046875,39.43023418558055,2.209321835307748,2.040209518337763,D:\Research\research-experiments\industrial-anomaly-detection\data\mvtec_ad\cable\ground_truth\cable_swap\005_mask.png,65474,0.06244087219238281,-2.77353519892944
cable,cable_swap,D:\Research\research-experiments\industrial-anomaly-detection\data\mvtec_ad\cable\test\cable_swap\006.png,2,layer3,0.0,0,1,39.916534423828125,39.43023418558055,2.209321835307748,0.2201129009254704,D:\Research\research-experiments\industrial-anomaly-detection\data\mvtec_ad\cable\ground_truth\cable_swap\006_mask.png,67894,0.06474876403808594,-2.737240651355251
cable,cable_swap,D:\Research\research-experiments\industrial-anomaly-detection\data\mvtec_ad\cable\test\cable_swap\007.png,2,layer3,0.0,0,1,44.22490310668945,39.43023418558055,2.209321835307748,2.170199399871964,D:\Research\research-experiments\industrial-anomaly-detection\data\mvtec_ad\cable\ground_truth\cable_swap\007_mask.png,63705,0.060753822326660156,-2.8009252633235553
cable,cable_swap,D:\Research\research-experiments\industrial-anomaly-detection\data\mvtec_ad\cable\test\cable_swap\008.png,2,layer3,0.0,0,1,44.286766052246094,39.43023418558055,2.209321835307748,2.19820027532976,D:\Research\research-experiments\industrial-anomaly-detection\data\mvtec_ad\cable\ground_truth\cable_swap\008_mask.png,61687,0.058829307556152344,-2.833115103427395
cable,cable_swap,D:\Research\research-experiments\industrial-anomaly-detection\data\mvtec_ad\cable\test\cable_swap\009.png,2,layer3,0.0,0,1,42.96537780761719,39.43023418558055,2.209321835307748,1.600103509384909,D:\Research\research-experiments\industrial-anomaly-detection\data\mvtec_ad\cable\ground_truth\cable_swap\009_mask.png,58211,0.05551433563232422,-2.8911139738884852
cable,cable_swap,D:\Research\research-experiments\industrial-anomaly-detection\data\mvtec_ad\cable\test\cable_swap\010.png,2,layer3,0.0,0,1,43.70246887207031,39.43023418558055,2.209321835307748,1.9337312555436987,D:\Research\research-experiments\industrial-anomaly-detection\data\mvtec_ad\cable\ground_truth\cable_swap\010_mask.png,60502,0.05769920349121094,-2.8525118925438706
cable,cable_swap,D:\Research\research-experiments\industrial-anomaly-detection\data\mvtec_ad\cable\test\cable_swap\011.png,2,layer3,0.0,0,1,43.81153869628906,39.43023418558055,2.209321835307748,1.98309926634035,D:\Research\research-experiments\industrial-anomaly-detection\data\mvtec_ad\cable\ground_truth\cable_swap\011_mask.png,51956,0.049549102783203125,-3.0047911054897316
cable,combined,D:\Research\research-experiments\industrial-anomaly-detection\data\mvtec_ad\cable\test\combined\000.png,2,layer3,0.0,0,1,69.9760971069336,39.43023418558055,2.209321835307748,13.825900071773901,D:\Research\research-experiments\industrial-anomaly-detection\data\mvtec_ad\cable\ground_truth\combined\000_mask.png,42321,0.040360450744628906,-3.209904890679564
cable,combined,D:\Research\research-experiments\industrial-anomaly-detection\data\mvtec_ad\cable\test\combined\001.png,2,layer3,0.0,0,1,63.78081130981445,39.43023418558055,2.209321835307748,11.021742842116065,D:\Research\research-experiments\industrial-anomaly-detection\data\mvtec_ad\cable\ground_truth\combined\001_mask.png,41285,0.03937244415283203,-3.2346890689489034
cable,combined,D:\Research\research-experiments\industrial-anomaly-detection\data\mvtec_ad\cable\test\combined\002.png,2,layer3,0.0,0,1,60.261905670166016,39.43023418558055,2.209321835307748,9.428989091434799,D:\Research\research-experiments\industrial-anomaly-detection\data\mvtec_ad\cable\ground_truth\combined\002_mask.png,23893,0.02278614044189453,-3.78160275932205
cable,combined,D:\Research\research-experiments\industrial-anomaly-detection\data\mvtec_ad\cable\test\combined\003.png,2,layer3,0.0,0,1,61.12984085083008,39.43023418558055,2.209321835307748,9.821840493522698,D:\Research\research-experiments\industrial-anomaly-detection\data\mvtec_ad\cable\ground_truth\combined\003_mask.png,32849,0.031327247619628906,-3.46326699722871
cable,combined,D:\Research\research-experiments\industrial-anomaly-detection\data\mvtec_ad\cable\test\combined\004.png,2,layer3,0.0,0,1,53.181331634521484,39.43023418558055,2.209321835307748,6.224125987070358,D:\Research\research-experiments\industrial-anomaly-detection\data\mvtec_ad\cable\ground_truth\combined\004_mask.png,49977,0.047661781311035156,-3.0436254116399084
cable,combined,D:\Research\research-experiments\industrial-anomaly-detection\data\mvtec_ad\cable\test\combined\005.png,2,layer3,0.0,0,1,64.47470092773438,39.43023418558055,2.209321835307748,11.335816421995055,D:\Research\research-experiments\industrial-anomaly-detection\data\mvtec_ad\cable\ground_truth\combined\005_mask.png,148557,0.14167499542236328,-1.9542196021788751
cable,combined,D:\Research\research-experiments\industrial-anomaly-detection\data\mvtec_ad\cable\test\combined\006.png,2,layer3,0.0,0,1,63.89262771606445,39.43023418558055,2.209321835307748,11.072354031696069,D:\Research\research-experiments\industrial-anomaly-detection\data\mvtec_ad\cable\ground_truth\combined\006_mask.png,94011,0.08965587615966797,-2.4117765243628666
cable,combined,D:\Research\research-experiments\industrial-anomaly-detection\data\mvtec_ad\cable\test\combined\007.png,2,layer3,0.0,0,1,55.62983322143555,39.43023418558055,2.209321835307748,7.332385339684324,D:\Research\research-experiments\industrial-anomaly-detection\data\mvtec_ad\cable\ground_truth\combined\007_mask.png,77899,0.07429027557373047,-2.599775202932224
cable,combined,D:\Research\research-experiments\industrial-anomaly-detection\data\mvtec_ad\cable\test\combined\008.png,2,layer3,0.0,0,1,75.77652740478516,39.43023418558055,2.209321835307748,16.451334811590154,D:\Research\research-experiments\industrial-anomaly-detection\data\mvtec_ad\cable\ground_truth\combined\008_mask.png,48510,0.04626274108886719,-3.0734183483439774
cable,combined,D:\Research\research-experiments\industrial-anomaly-detection\data\mvtec_ad\cable\test\combined\009.png,2,layer3,0.0,0,1,54.042327880859375,39.43023418558055,2.209321835307748,6.6138366360930965,D:\Research\research-experiments\industrial-anomaly-detection\data\mvtec_ad\cable\ground_truth\combined\009_mask.png,92936,0.08863067626953125,-2.42327723672282
cable,combined,D:\Research\research-experiments\industrial-anomaly-detection\data\mvtec_ad\cable\test\combined\010.png,2,layer3,0.0,0,1,64.46495056152344,39.43023418558055,2.209321835307748,11.331403137314156,D:\Research\research-experiments\industrial-anomaly-detection\data\mvtec_ad\cable\ground_truth\combined\010_mask.png,78276,0.07464981079101562,-2.594947276218929
cable,cut_inner_insulation,D:\Research\research-experiments\industrial-anomaly-detection\data\mvtec_ad\cable\test\cut_inner_insulation\000.png,2,layer3,0.0,0,1,47.07852554321289,39.43023418558055,2.209321835307748,3.4618276230302896,D:\Research\research-experiments\industrial-anomaly-detection\data\mvtec_ad\cable\ground_truth\cut_inner_insulation\000_mask.png,33306,0.03176307678222656,-3.4494507397975944
cable,cut_inner_insulation,D:\Research\research-experiments\industrial-anomaly-detection\data\mvtec_ad\cable\test\cut_inner_insulation\001.png,2,layer3,0.0,0,1,54.33479690551758,39.43023418558055,2.209321835307748,6.746216183510851,D:\Research\research-experiments\industrial-anomaly-detection\data\mvtec_ad\cable\ground_truth\cut_inner_insulation\001_mask.png,30558,0.029142379760742188,-3.5355617807719595
cable,cut_inner_insulation,D:\Research\research-experiments\industrial-anomaly-detection\data\mvtec_ad\cable\test\cut_inner_insulation\002.png,2,layer3,0.0,0,1,46.980682373046875,39.43023418558055,2.209321835307748,3.417541105510588,D:\Research\research-experiments\industrial-anomaly-detection\data\mvtec_ad\cable\ground_truth\cut_inner_insulation\002_mask.png,26929,0.025681495666503906,-3.6619845204527564
cable,cut_inner_insulation,D:\Research\research-experiments\industrial-anomaly-detection\data\mvtec_ad\cable\test\cut_inner_insulation\003.png,2,layer3,0.0,0,1,53.3243522644043,39.43023418558055,2.209321835307748,6.288861068938995,D:\Research\research-experiments\industrial-anomaly-detection\data\mvtec_ad\cable\ground_truth\cut_inner_insulation\003_mask.png,62868,0.059955596923828125,-2.8141510253236763
cable,cut_inner_insulation,D:\Research\research-experiments\industrial-anomaly-detection\data\mvtec_ad\cable\test\cut_inner_insulation\004.png,2,layer3,0.0,0,1,58.65065383911133,39.43023418558055,2.209321835307748,8.699692071279177,D:\Research\research-experiments\industrial-anomaly-detection\data\mvtec_ad\cable\ground_truth\cut_inner_insulation\004_mask.png,44383,0.042326927185058594,-3.162331795354217
cable,cut_inner_insulation,D:\Research\research-experiments\industrial-anomaly-detection\data\mvtec_ad\cable\test\cut_inner_insulation\005.png,2,layer3,0.0,0,1,48.928672790527344,39.43023418558055,2.209321835307748,4.299255297779513,D:\Research\research-experiments\industrial-anomaly-detection\data\mvtec_ad\cable\ground_truth\cut_inner_insulation\005_mask.png,27373,0.02610492706298828,-3.645631167802856
cable,cut_inner_insulation,D:\Research\research-experiments\industrial-anomaly-detection\data\mvtec_ad\cable\test\cut_inner_insulation\006.png,2,layer3,0.0,0,1,48.497825622558594,39.43023418558055,2.209321835307748,4.104241985964426,D:\Research\research-experiments\industrial-anomaly-detection\data\mvtec_ad\cable\ground_truth\cut_inner_insulation\006_mask.png,19775,0.018858909606933594,-3.970769765537718
cable,cut_inner_insulation,D:\Research\research-experiments\industrial-anomaly-detection\data\mvtec_ad\cable\test\cut_inner_insulation\007.png,2,layer3,0.0,0,1,54.966819763183594,39.43023418558055,2.209321835307748,7.032287161294846,D:\Research\research-experiments\industrial-anomaly-detection\data\mvtec_ad\cable\ground_truth\cut_inner_insulation\007_mask.png,41070,0.03916740417480469,-3.239910378716868
cable,cut_inner_insulation,D:\Research\research-experiments\industrial-anomaly-detection\data\mvtec_ad\cable\test\cut_inner_insulation\008.png,2,layer3,0.0,0,1,44.22732162475586,39.43023418558055,2.209321835307748,2.171294087856193,D:\Research\research-experiments\industrial-anomaly-detection\data\mvtec_ad\cable\ground_truth\cut_inner_insulation\008_mask.png,26265,0.025048255920410156,-3.686951037887906
cable,cut_inner_insulation,D:\Research\research-experiments\industrial-anomaly-detection\data\mvtec_ad\cable\test\cut_inner_insulation\009.png,2,layer3,0.0,0,1,51.8182373046875,39.43023418558055,2.209321835307748,5.607151896627753,D:\Research\research-experiments\industrial-anomaly-detection\data\mvtec_ad\cable\ground_truth\cut_inner_insulation\009_mask.png,61146,0.05831336975097656,-2.8419238679934318
cable,cut_inner_insulation,D:\Research\research-experiments\industrial-anomaly-detection\data\mvtec_ad\cable\test\cut_inner_insulation\010.png,2,layer3,0.0,0,1,53.75315856933594,39.43023418558055,2.209321835307748,6.482950629852563,D:\Research\research-experiments\industrial-anomaly-detection\data\mvtec_ad\cable\ground_truth\cut_inner_insulation\010_mask.png,31665,0.030198097229003906,-3.4999763291337067
cable,cut_inner_insulation,D:\Research\research-experiments\industrial-anomaly-detection\data\mvtec_ad\cable\test\cut_inner_insulation\011.png,2,layer3,0.0,0,1,56.83971405029297,39.43023418558055,2.209321835307748,7.880010773662299,D:\Research\research-experiments\industrial-anomaly-detection\data\mvtec_ad\cable\ground_truth\cut_inner_insulation\011_mask.png,56332,0.053722381591796875,-2.9239255562667497
cable,cut_inner_insulation,D:\Research\research-experiments\industrial-anomaly-detection\data\mvtec_ad\cable\test\cut_inner_insulation\012.png,2,layer3,0.0,0,1,51.34275436401367,39.43023418558055,2.209321835307748,5.391935202946004,D:\Research\research-experiments\industrial-anomaly-detection\data\mvtec_ad\cable\ground_truth\cut_inner_insulation\012_mask.png,103750,0.09894371032714844,-2.313204162999205
cable,cut_inner_insulation,D:\Research\research-experiments\industrial-anomaly-detection\data\mvtec_ad\cable\test\cut_inner_insulation\013.png,2,layer3,0.0,0,1,56.572174072265625,39.43023418558055,2.209321835307748,7.7589148003406585,D:\Research\research-experiments\industrial-anomaly-detection\data\mvtec_ad\cable\ground_truth\cut_inner_insulation\013_mask.png,29743,0.028365135192871094,-3.5625944867742345
cable,cut_outer_insulation,D:\Research\research-experiments\industrial-anomaly-detection\data\mvtec_ad\cable\test\cut_outer_insulation\000.png,2,layer3,0.0,0,1,57.04566192626953,39.43023418558055,2.209321835307748,7.973228462767279,D:\Research\research-experiments\industrial-anomaly-detection\data\mvtec_ad\cable\ground_truth\cut_outer_insulation\000_mask.png,23454,0.022367477416992188,-3.800147231470129
cable,cut_outer_insulation,D:\Research\research-experiments\industrial-anomaly-detection\data\mvtec_ad\cable\test\cut_outer_insulation\001.png,2,layer3,0.0,0,1,57.203216552734375,39.43023418558055,2.209321835307748,8.044542032364484,D:\Research\research-experiments\industrial-anomaly-detection\data\mvtec_ad\cable\ground_truth\cut_outer_insulation\001_mask.png,7513,0.007164955139160156,-4.93855333926154
cable,cut_outer_insulation,D:\Research\research-experiments\industrial-anomaly-detection\data\mvtec_ad\cable\test\cut_outer_insulation\002.png,2,layer3,0.0,0,1,52.904762268066406,39.43023418558055,2.209321835307748,6.09894306349845,D:\Research\research-experiments\industrial-anomaly-detection\data\mvtec_ad\cable\ground_truth\cut_outer_insulation\002_mask.png,14604,0.013927459716796875,-4.273892796622778
cable,cut_outer_insulation,D:\Research\research-experiments\industrial-anomaly-detection\data\mvtec_ad\cable\test\cut_outer_insulation\003.png,2,layer3,0.0,0,1,47.69236373901367,39.43023418558055,2.209321835307748,3.739667721286177,D:\Research\research-experiments\industrial-anomaly-detection\data\mvtec_ad\cable\ground_truth\cut_outer_insulation\003_mask.png,7697,0.007340431213378906,-4.914357553432819
cable,cut_outer_insulation,D:\Research\research-experiments\industrial-anomaly-detection\data\mvtec_ad\cable\test\cut_outer_insulation\004.png,2,layer3,0.0,0,1,47.903804779052734,39.43023418558055,2.209321835307748,3.8353717679578603,D:\Research\research-experiments\industrial-anomaly-detection\data\mvtec_ad\cable\ground_truth\cut_outer_insulation\004_mask.png,24050,0.022935867309570312,-3.775053292065166
cable,cut_outer_insulation,D:\Research\research-experiments\industrial-anomaly-detection\data\mvtec_ad\cable\test\cut_outer_insulation\005.png,2,layer3,0.0,0,1,58.35636901855469,39.43023418558055,2.209321835307748,8.566490644554651,D:\Research\research-experiments\industrial-anomaly-detection\data\mvtec_ad\cable\ground_truth\cut_outer_insulation\005_mask.png,4647,0.004431724548339844,-5.418966256468161
cable,cut_outer_insulation,D:\Research\research-experiments\industrial-anomaly-detection\data\mvtec_ad\cable\test\cut_outer_insulation\006.png,2,layer3,0.0,0,1,55.28597640991211,39.43023418558055,2.209321835307748,7.1767462625575,D:\Research\research-experiments\industrial-anomaly-detection\data\mvtec_ad\cable\ground_truth\cut_outer_insulation\006_mask.png,11710,0.011167526245117188,-4.494745065061801
cable,cut_outer_insulation,D:\Research\research-experiments\industrial-anomaly-detection\data\mvtec_ad\cable\test\cut_outer_insulation\007.png,2,layer3,0.0,0,1,51.285072326660156,39.43023418558055,2.209321835307748,5.365826721858421,D:\Research\research-experiments\industrial-anomaly-detection\data\mvtec_ad\cable\ground_truth\cut_outer_insulation\007_mask.png,21941,0.02092456817626953,-3.866831251766246
cable,cut_outer_insulation,D:\Research\research-experiments\industrial-anomaly-detection\data\mvtec_ad\cable\test\cut_outer_insulation\008.png,2,layer3,0.0,0,1,48.076881408691406,39.43023418558055,2.209321835307748,3.913711024318201,D:\Research\research-experiments\industrial-anomaly-detection\data\mvtec_ad\cable\ground_truth\cut_outer_insulation\008_mask.png,35537,0.033890724182128906,-3.3846138954767726
cable,cut_outer_insulation,D:\Research\research-experiments\industrial-anomaly-detection\data\mvtec_ad\cable\test\cut_outer_insulation\009.png,2,layer3,0.0,0,1,52.573585510253906,39.43023418558055,2.209321835307748,5.949043328421433,D:\Research\research-experiments\industrial-anomaly-detection\data\mvtec_ad\cable\ground_truth\cut_outer_insulation\009_mask.png,10318,0.009840011596679688,-4.62129828776842
cable,missing_cable,D:\Research\research-experiments\industrial-anomaly-detection\data\mvtec_ad\cable\test\missing_cable\000.png,2,layer3,0.0,0,1,65.39301300048828,39.43023418558055,2.209321835307748,11.751469794934263,D:\Research\research-experiments\industrial-anomaly-detection\data\mvtec_ad\cable\ground_truth\missing_cable\000_mask.png,74489,0.07103824615478516,-2.6445368546625256
cable,missing_cable,D:\Research\research-experiments\industrial-anomaly-detection\data\mvtec_ad\cable\test\missing_cable\001.png,2,layer3,0.0,0,1,63.97724151611328,39.43023418558055,2.209321835307748,11.110652571409293,D:\Research\research-experiments\industrial-anomaly-detection\data\mvtec_ad\cable\ground_truth\missing_cable\001_mask.png,71763,0.06843852996826172,-2.681819294708357
cable,missing_cable,D:\Research\research-experiments\industrial-anomaly-detection\data\mvtec_ad\cable\test\missing_cable\002.png,2,layer3,0.0,0,1,63.57691955566406,39.43023418558055,2.209321835307748,10.9294558104614,D:\Research\research-experiments\industrial-anomaly-detection\data\mvtec_ad\cable\ground_truth\missing_cable\002_mask.png,69188,0.06598281860351562,-2.718360879879632
cable,missing_cable,D:\Research\research-experiments\industrial-anomaly-detection\data\mvtec_ad\cable\test\missing_cable\003.png,2,layer3,0.0,0,1,64.54997253417969,39.43023418558055,2.209321835307748,11.369886427207685,D:\Research\research-experiments\industrial-anomaly-detection\data\mvtec_ad\cable\ground_truth\missing_cable\003_mask.png,74858,0.07139015197753906,-2.639595332627382
cable,missing_cable,D:\Research\research-experiments\industrial-anomaly-detection\data\mvtec_ad\cable\test\missing_cable\004.png,2,layer3,0.0,0,1,63.752742767333984,39.43023418558055,2.209321835307748,11.009038245605092,D:\Research\research-experiments\industrial-anomaly-detection\data\mvtec_ad\cable\ground_truth\missing_cable\004_mask.png,77885,0.07427692413330078,-2.5999549389750687
cable,missing_cable,D:\Research\research-experiments\industrial-anomaly-detection\data\mvtec_ad\cable\test\missing_cable\005.png,2,layer3,0.0,0,1,66.3125,39.43023418558055,2.209321835307748,12.167654972130793,D:\Research\research-experiments\industrial-anomaly-detection\data\mvtec_ad\cable\ground_truth\missing_cable\005_mask.png,70780,0.06750106811523438,-2.6956118424848716
cable,missing_cable,D:\Research\research-experiments\industrial-anomaly-detection\data\mvtec_ad\cable\test\missing_cable\006.png,2,layer3,0.0,0,1,65.59294891357422,39.43023418558055,2.209321835307748,11.841966303813463,D:\Research\research-experiments\industrial-anomaly-detection\data\mvtec_ad\cable\ground_truth\missing_cable\006_mask.png,236776,0.22580718994140625,-1.4880737812661082
cable,missing_cable,D:\Research\research-experiments\industrial-anomaly-detection\data\mvtec_ad\cable\test\missing_cable\007.png,2,layer3,0.0,0,1,66.52516174316406,39.43023418558055,2.209321835307748,12.263911542706188,D:\Research\research-experiments\industrial-anomaly-detection\data\mvtec_ad\cable\ground_truth\missing_cable\007_mask.png,158927,0.1515645980834961,-1.8867433483231728
cable,missing_cable,D:\Research\research-experiments\industrial-anomaly-detection\data\mvtec_ad\cable\test\missing_cable\008.png,2,layer3,0.0,0,1,63.47264099121094,39.43023418558055,2.209321835307748,10.882256455986818,D:\Research\research-experiments\industrial-anomaly-detection\data\mvtec_ad\cable\ground_truth\missing_cable\008_mask.png,144175,0.1374959945678711,-1.9841604854423538
cable,missing_cable,D:\Research\research-experiments\industrial-anomaly-detection\data\mvtec_ad\cable\test\missing_cable\009.png,2,layer3,0.0,0,1,64.98307800292969,39.43023418558055,2.209321835307748,11.565921908244638,D:\Research\research-experiments\industrial-anomaly-detection\data\mvtec_ad\cable\ground_truth\missing_cable\009_mask.png,151277,0.14426898956298828,-1.9360757319090696
cable,missing_cable,D:\Research\research-experiments\industrial-anomaly-detection\data\mvtec_ad\cable\test\missing_cable\010.png,2,layer3,0.0,0,1,66.60066986083984,39.43023418558055,2.209321835307748,12.298088599425162,D:\Research\research-experiments\industrial-anomaly-detection\data\mvtec_ad\cable\ground_truth\missing_cable\010_mask.png,84372,0.08046340942382812,-2.5199527267837354
cable,missing_cable,D:\Research\research-experiments\industrial-anomaly-detection\data\mvtec_ad\cable\test\missing_cable\011.png,2,layer3,0.0,0,1,64.42472076416016,39.43023418558055,2.209321835307748,11.313194021412453,D:\Research\research-experiments\industrial-anomaly-detection\data\mvtec_ad\cable\ground_truth\missing_cable\011_mask.png,77245,0.07366657257080078,-2.608206129878078
cable,missing_wire,D:\Research\research-experiments\industrial-anomaly-detection\data\mvtec_ad\cable\test\missing_wire\000.png,2,layer3,0.0,0,1,48.70244216918945,39.43023418558055,2.209321835307748,4.196857078686921,D:\Research\research-experiments\industrial-anomaly-detection\data\mvtec_ad\cable\ground_truth\missing_wire\000_mask.png,24951,0.023795127868652344,-3.7382743886367003
cable,missing_wire,D:\Research\research-experiments\industrial-anomaly-detection\data\mvtec_ad\cable\test\missing_wire\001.png,2,layer3,0.0,0,1,53.72268295288086,39.43023418558055,2.209321835307748,6.469156525268958,D:\Research\research-experiments\industrial-anomaly-detection\data\mvtec_ad\cable\ground_truth\missing_wire\001_mask.png,16616,0.01584625244140625,-4.144822182536556
cable,missing_wire,D:\Research\research-experiments\industrial-anomaly-detection\data\mvtec_ad\cable\test\missing_wire\002.png,2,layer3,0.0,0,1,51.45711898803711,39.43023418558055,2.209321835307748,5.443699786175005,D:\Research\research-experiments\industrial-anomaly-detection\data\mvtec_ad\cable\ground_truth\missing_wire\002_mask.png,15156,0.014453887939453125,-4.2367917698748805
cable,missing_wire,D:\Research\research-experiments\industrial-anomaly-detection\data\mvtec_ad\cable\test\missing_wire\003.png,2,layer3,0.0,0,1,58.006290435791016,39.43023418558055,2.209321835307748,8.408035422156097,D:\Research\research-experiments\industrial-anomaly-detection\data\mvtec_ad\cable\ground_truth\missing_wire\003_mask.png,40701,0.03881549835205078,-3.248935644282583
cable,missing_wire,D:\Research\research-experiments\industrial-anomaly-detection\data\mvtec_ad\cable\test\missing_wire\004.png,2,layer3,0.0,0,1,60.58494567871094,39.43023418558055,2.209321835307748,9.575205909366137,D:\Research\research-experiments\industrial-anomaly-detection\data\mvtec_ad\cable\ground_truth\missing_wire\004_mask.png,38640,0.0368499755859375,-3.300900295735392
cable,missing_wire,D:\Research\research-experiments\industrial-anomaly-detection\data\mvtec_ad\cable\test\missing_wire\005.png,2,layer3,0.0,0,1,56.12873840332031,39.43023418558055,2.209321835307748,7.558203585768544,D:\Research\research-experiments\industrial-anomaly-detection\data\mvtec_ad\cable\ground_truth\missing_wire\005_mask.png,18712,0.01784515380859375,-4.02602324689727
cable,missing_wire,D:\Research\research-experiments\industrial-anomaly-detection\data\mvtec_ad\cable\test\missing_wire\006.png,2,layer3,0.0,0,1,53.588077545166016,39.43023418558055,2.209321835307748,6.408230405061535,D:\Research\research-experiments\industrial-anomaly-detection\data\mvtec_ad\cable\ground_truth\missing_wire\006_mask.png,18399,0.017546653747558594,-4.042891959913891
cable,missing_wire,D:\Research\research-experiments\industrial-anomaly-detection\data\mvtec_ad\cable\test\missing_wire\007.png,2,layer3,0.0,0,1,49.40139389038086,39.43023418558055,2.209321835307748,4.513221906129115,D:\Research\research-experiments\industrial-anomaly-detection\data\mvtec_ad\cable\ground_truth\missing_wire\007_mask.png,18838,0.017965316772460938,-4.019312170153336
cable,missing_wire,D:\Research\research-experiments\industrial-anomaly-detection\data\mvtec_ad\cable\test\missing_wire\008.png,2,layer3,0.0,0,1,50.4691162109375,39.43023418558055,2.209321835307748,4.99650247824545,D:\Research\research-experiments\industrial-anomaly-detection\data\mvtec_ad\cable\ground_truth\missing_wire\008_mask.png,18820,0.017948150634765625,-4.0202681423434905
cable,missing_wire,D:\Research\research-experiments\industrial-anomaly-detection\data\mvtec_ad\cable\test\missing_wire\009.png,2,layer3,0.0,0,1,60.43305206298828,39.43023418558055,2.209321835307748,9.506454669372394,D:\Research\research-experiments\industrial-anomaly-detection\data\mvtec_ad\cable\ground_truth\missing_wire\009_mask.png,20485,0.01953601837158203,-3.935495370030433
cable,poke_insulation,D:\Research\research-experiments\industrial-anomaly-detection\data\mvtec_ad\cable\test\poke_insulation\000.png,2,layer3,0.0,0,1,46.566043853759766,39.43023418558055,2.209321835307748,3.229864275154475,D:\Research\research-experiments\industrial-anomaly-detection\data\mvtec_ad\cable\ground_truth\poke_insulation\000_mask.png,8620,0.008220672607421875,-4.801103125896628
cable,poke_insulation,D:\Research\research-experiments\industrial-anomaly-detection\data\mvtec_ad\cable\test\poke_insulation\001.png,2,layer3,0.0,0,1,48.809120178222656,39.43023418558055,2.209321835307748,4.245142487959736,D:\Research\research-experiments\industrial-anomaly-detection\data\mvtec_ad\cable\ground_truth\poke_insulation\001_mask.png,31427,0.02997112274169922,-3.507520902804313
cable,poke_insulation,D:\Research\research-experiments\industrial-anomaly-detection\data\mvtec_ad\cable\test\poke_insulation\002.png,2,layer3,0.0,0,1,41.30445098876953,39.43023418558055,2.209321835307748,0.8483222196226153,D:\Research\research-experiments\industrial-anomaly-detection\data\mvtec_ad\cable\ground_truth\poke_insulation\002_mask.png,1506,0.0014362335205078125,-6.5457305065737055
cable,poke_insulation,D:\Research\research-experiments\industrial-anomaly-detection\data\mvtec_ad\cable\test\poke_insulation\003.png,2,layer3,0.0,0,1,43.10195541381836,39.43023418558055,2.209321835307748,1.661922301024266,D:\Research\research-experiments\industrial-anomaly-detection\data\mvtec_ad\cable\ground_truth\poke_insulation\003_mask.png,13376,0.01275634765625,-4.361726197482082
cable,poke_insulation,D:\Research\research-experiments\industrial-anomaly-detection\data\mvtec_ad\cable\test\poke_insulation\004.png,2,layer3,0.0,0,1,44.2930793762207,39.43023418558055,2.209321835307748,2.201057859894269,D:\Research\research-experiments\industrial-anomaly-detection\data\mvtec_ad\cable\ground_truth\poke_insulation\004_mask.png,31573,0.03011035919189453,-3.502885974026185
cable,poke_insulation,D:\Research\research-experiments\industrial-anomaly-detection\data\mvtec_ad\cable\test\poke_insulation\005.png,2,layer3,0.0,0,1,50.623905181884766,39.43023418558055,2.209321835307748,5.066564235873307,D:\Research\research-experiments\industrial-anomaly-detection\data\mvtec_ad\cable\ground_truth\poke_insulation\005_mask.png,6611,0.006304740905761719,-5.06645324525454
cable,poke_insulation,D:\Research\research-experiments\industrial-anomaly-detection\data\mvtec_ad\cable\test\poke_insulation\006.png,2,layer3,0.0,0,1,44.720741271972656,39.43023418558055,2.209321835307748,2.3946294296481083,D:\Research\research-experiments\industrial-anomaly-detection\data\mvtec_ad\cable\ground_truth\poke_insulation\006_mask.png,27740,0.026454925537109375,-3.63231287952994
cable,poke_insulation,D:\Research\research-experiments\industrial-anomaly-detection\data\mvtec_ad\cable\test\poke_insulation\007.png,2,layer3,0.0,0,1,45.52320861816406,39.43023418558055,2.209321835307748,2.757848284125064,D:\Research\research-experiments\industrial-anomaly-detection\data\mvtec_ad\cable\ground_truth\poke_insulation\007_mask.png,51028,0.048664093017578125,-3.022813809991694
cable,poke_insulation,D:\Research\research-experiments\industrial-anomaly-detection\data\mvtec_ad\cable\test\poke_insulation\008.png,2,layer3,0.0,0,1,50.12553405761719,39.43023418558055,2.209321835307748,4.840987718996962,D:\Research\research-experiments\industrial-anomaly-detection\data\mvtec_ad\cable\ground_truth\poke_insulation\008_mask.png,41654,0.03972434997558594,-3.2257909046264683
cable,poke_insulation,D:\Research\research-experiments\industrial-anomaly-detection\data\mvtec_ad\cable\test\poke_insulation\009.png,2,layer3,0.0,0,1,46.706539154052734,39.43023418558055,2.209321835307748,3.293456323197307,D:\Research\research-experiments\industrial-anomaly-detection\data\mvtec_ad\cable\ground_truth\poke_insulation\009_mask.png,37053,0.03533649444580078,-3.3428389837934276
cable,good,D:\Research\research-experiments\industrial-anomaly-detection\data\mvtec_ad\cable\test\good\000.png,2,layer3,0.25,1,0,37.17586135864258,39.192974748282595,1.9595096688955282,-1.0293970076590417,,,,
cable,good,D:\Research\research-experiments\industrial-anomaly-detection\data\mvtec_ad\cable\test\good\001.png,2,layer3,0.25,1,0,40.660396575927734,39.192974748282595,1.9595096688955282,0.7488719504365844,,,,
cable,good,D:\Research\research-experiments\industrial-anomaly-detection\data\mvtec_ad\cable\test\good\002.png,2,layer3,0.25,1,0,39.39718246459961,39.192974748282595,1.9595096688955282,0.10421368139107776,,,,
cable,good,D:\Research\research-experiments\industrial-anomaly-detection\data\mvtec_ad\cable\test\good\003.png,2,layer3,0.25,1,0,36.64153289794922,39.192974748282595,1.9595096688955282,-1.3020817864968681,,,,
cable,good,D:\Research\research-experiments\industrial-anomaly-detection\data\mvtec_ad\cable\test\good\004.png,2,layer3,0.25,1,0,37.24522399902344,39.192974748282595,1.9595096688955282,-0.9939990499546761,,,,
cable,good,D:\Research\research-experiments\industrial-anomaly-detection\data\mvtec_ad\cable\test\good\005.png,2,layer3,0.25,1,0,37.82046127319336,39.192974748282595,1.9595096688955282,-0.7004372047129771,,,,
cable,good,D:\Research\research-experiments\industrial-anomaly-detection\data\mvtec_ad\cable\test\good\006.png,2,layer3,0.25,1,0,38.65716552734375,39.192974748282595,1.9595096688955282,-0.2734404578063918,,,,
cable,good,D:\Research\research-experiments\industrial-anomaly-detection\data\mvtec_ad\cable\test\good\007.png,2,layer3,0.25,1,0,38.39692687988281,39.192974748282595,1.9595096688955282,-0.4062485023860444,,,,
cable,good,D:\Research\research-experiments\industrial-anomaly-detection\data\mvtec_ad\cable\test\good\008.png,2,layer3,0.25,1,0,39.03499984741211,39.192974748282595,1.9595096688955282,-0.08061960774070956,,,,
cable,good,D:\Research\research-experiments\industrial-anomaly-detection\data\mvtec_ad\cable\test\good\009.png,2,layer3,0.25,1,0,37.3004264831543,39.192974748282595,1.9595096688955282,-0.9658274695807073,,,,
cable,good,D:\Research\research-experiments\industrial-anomaly-detection\data\mvtec_ad\cable\test\good\010.png,2,layer3,0.25,1,0,35.91095733642578,39.192974748282595,1.9595096688955282,-1.6749176918870283,,,,
cable,good,D:\Research\research-experiments\industrial-anomaly-detection\data\mvtec_ad\cable\test\good\011.png,2,layer3,0.25,1,0,37.31332015991211,39.192974748282595,1.9595096688955282,-0.959247416946887,,,,
cable,good,D:\Research\research-experiments\industrial-anomaly-detection\data\mvtec_ad\cable\test\good\012.png,2,layer3,0.25,1,0,39.130340576171875,39.192974748282595,1.9595096688955282,-0.03196420671198989,,,,
cable,good,D:\Research\research-experiments\industrial-anomaly-detection\data\mvtec_ad\cable\test\good\013.png,2,layer3,0.25,1,0,42.41435241699219,39.192974748282595,1.9595096688955282,1.6439713055997895,,,,
cable,good,D:\Research\research-experiments\industrial-anomaly-detection\data\mvtec_ad\cable\test\good\014.png,2,layer3,0.25,1,0,39.72756576538086,39.192974748282595,1.9595096688955282,0.27281876970762053,,,,
cable,good,D:\Research\research-experiments\industrial-anomaly-detection\data\mvtec_ad\cable\test\good\015.png,2,layer3,0.25,1,0,39.679168701171875,39.192974748282595,1.9595096688955282,0.24812021119718294,,,,
cable,good,D:\Research\research-experiments\industrial-anomaly-detection\data\mvtec_ad\cable\test\good\016.png,2,layer3,0.25,1,0,39.83841323852539,39.192974748282595,1.9595096688955282,0.329387754747133,,,,
cable,good,D:\Research\research-experiments\industrial-anomaly-detection\data\mvtec_ad\cable\test\good\017.png,2,layer3,0.25,1,0,36.86140823364258,39.192974748282595,1.9595096688955282,-1.189872421478888,,,,
cable,good,D:\Research\research-experiments\industrial-anomaly-detection\data\mvtec_ad\cable\test\good\018.png,2,layer3,0.25,1,0,41.780948638916016,39.192974748282595,1.9595096688955282,1.3207252465827968,,,,
cable,good,D:\Research\research-experiments\industrial-anomaly-detection\data\mvtec_ad\cable\test\good\019.png,2,layer3,0.25,1,0,41.37384033203125,39.192974748282595,1.9595096688955282,1.1129649515727544,,,,
cable,good,D:\Research\research-experiments\industrial-anomaly-detection\data\mvtec_ad\cable\test\good\020.png,2,layer3,0.25,1,0,37.37697982788086,39.192974748282595,1.9595096688955282,-0.9267598671382495,,,,
cable,good,D:\Research\research-experiments\industrial-anomaly-detection\data\mvtec_ad\cable\test\good\021.png,2,layer3,0.25,1,0,38.260704040527344,39.192974748282595,1.9595096688955282,-0.47576734249069685,,,,
cable,good,D:\Research\research-experiments\industrial-anomaly-detection\data\mvtec_ad\cable\test\good\022.png,2,layer3,0.25,1,0,40.214229583740234,39.192974748282595,1.9595096688955282,0.5211787681727884,,,,
cable,good,D:\Research\research-experiments\industrial-anomaly-detection\data\mvtec_ad\cable\test\good\023.png,2,layer3,0.25,1,0,37.74857711791992,39.192974748282595,1.9595096688955282,-0.7371219715270928,,,,
cable,good,D:\Research\research-experiments\industrial-anomaly-detection\data\mvtec_ad\cable\test\good\024.png,2,layer3,0.25,1,0,38.19685745239258,39.192974748282595,1.9595096688955282,-0.5083502835949133,,,,
cable,good,D:\Research\research-experiments\industrial-anomaly-detection\data\mvtec_ad\cable\test\good\025.png,2,layer3,0.25,1,0,37.500370025634766,39.192974748282595,1.9595096688955282,-0.8637899314892692,,,,
cable,good,D:\Research\research-experiments\industrial-anomaly-detection\data\mvtec_ad\cable\test\good\026.png,2,layer3,0.25,1,0,38.32606887817383,39.192974748282595,1.9595096688955282,-0.4424095904550424,,,,
cable,good,D:\Research\research-experiments\industrial-anomaly-detection\data\mvtec_ad\cable\test\good\027.png,2,layer3,0.25,1,0,38.058753967285156,39.192974748282595,1.9595096688955282,-0.5788288769387591,,,,
cable,good,D:\Research\research-experiments\industrial-anomaly-detection\data\mvtec_ad\cable\test\good\028.png,2,layer3,0.25,1,0,37.37955856323242,39.192974748282595,1.9595096688955282,-0.9254438566114855,,,,
cable,good,D:\Research\research-experiments\industrial-anomaly-detection\data\mvtec_ad\cable\test\good\029.png,2,layer3,0.25,1,0,37.25216293334961,39.192974748282595,1.9595096688955282,-0.9904578914514456,,,,
cable,good,D:\Research\research-experiments\industrial-anomaly-detection\data\mvtec_ad\cable\test\good\030.png,2,layer3,0.25,1,0,43.39951705932617,39.192974748282595,1.9595096688955282,2.146732102329754,,,,
cable,good,D:\Research\research-experiments\industrial-anomaly-detection\data\mvtec_ad\cable\test\good\031.png,2,layer3,0.25,1,0,39.137081146240234,39.192974748282595,1.9595096688955282,-0.028524279787741195,,,,
cable,good,D:\Research\research-experiments\industrial-anomaly-detection\data\mvtec_ad\cable\test\good\032.png,2,layer3,0.25,1,0,40.13640594482422,39.192974748282595,1.9595096688955282,0.48146289427261996,,,,
cable,good,D:\Research\research-experiments\industrial-anomaly-detection\data\mvtec_ad\cable\test\good\033.png,2,layer3,0.25,1,0,39.273502349853516,39.192974748282595,1.9595096688955282,0.04109579189589314,,,,
cable,good,D:\Research\research-experiments\industrial-anomaly-detection\data\mvtec_ad\cable\test\good\034.png,2,layer3,0.25,1,0,39.913368225097656,39.192974748282595,1.9595096688955282,0.36763966427433314,,,,
cable,good,D:\Research\research-experiments\industrial-anomaly-detection\data\mvtec_ad\cable\test\good\035.png,2,layer3,0.25,1,0,36.944969177246094,39.192974748282595,1.9595096688955282,-1.147228618832783,,,,
cable,good,D:\Research\research-experiments\industrial-anomaly-detection\data\mvtec_ad\cable\test\good\036.png,2,layer3,0.25,1,0,38.85881042480469,39.192974748282595,1.9595096688955282,-0.1705346642490709,,,,
cable,good,D:\Research\research-experiments\industrial-anomaly-detection\data\mvtec_ad\cable\test\good\037.png,2,layer3,0.25,1,0,39.124996185302734,39.192974748282595,1.9595096688955282,-0.03469161906109709,,,,
cable,good,D:\Research\research-experiments\industrial-anomaly-detection\data\mvtec_ad\cable\test\good\038.png,2,layer3,0.25,1,0,40.012290954589844,39.192974748282595,1.9595096688955282,0.418123074008129,,,,
cable,good,D:\Research\research-experiments\industrial-anomaly-detection\data\mvtec_ad\cable\test\good\039.png,2,layer3,0.25,1,0,41.94457244873047,39.192974748282595,1.9595096688955282,1.4042276719148847,,,,
cable,good,D:\Research\research-experiments\industrial-anomaly-detection\data\mvtec_ad\cable\test\good\040.png,2,layer3,0.25,1,0,37.27820587158203,39.192974748282595,1.9595096688955282,-0.977167353187809,,,,
cable,good,D:\Research\research-experiments\industrial-anomaly-detection\data\mvtec_ad\cable\test\good\041.png,2,layer3,0.25,1,0,42.078956604003906,39.192974748282595,1.9595096688955282,1.4728081731528209,,,,
cable,good,D:\Research\research-experiments\industrial-anomaly-detection\data\mvtec_ad\cable\test\good\042.png,2,layer3,0.25,1,0,40.78828430175781,39.192974748282595,1.9595096688955282,0.8141371174628648,,,,
cable,good,D:\Research\research-experiments\industrial-anomaly-detection\data\mvtec_ad\cable\test\good\043.png,2,layer3,0.25,1,0,37.897274017333984,39.192974748282595,1.9595096688955282,-0.6612372225133892,,,,
cable,good,D:\Research\research-experiments\industrial-anomaly-detection\data\mvtec_ad\cable\test\good\044.png,2,layer3,0.25,1,0,39.230587005615234,39.192974748282595,1.9595096688955282,0.019194729135396344,,,,
cable,good,D:\Research\research-experiments\industrial-anomaly-detection\data\mvtec_ad\cable\test\good\045.png,2,layer3,0.25,1,0,40.61912155151367,39.192974748282595,1.9595096688955282,0.7278079949638221,,,,
cable,good,D:\Research\research-experiments\industrial-anomaly-detection\data\mvtec_ad\cable\test\good\046.png,2,layer3,0.25,1,0,37.4342041015625,39.192974748282595,1.9595096688955282,-0.8975565033631195,,,,
cable,good,D:\Research\research-experiments\industrial-anomaly-detection\data\mvtec_ad\cable\test\good\047.png,2,layer3,0.25,1,0,39.013771057128906,39.192974748282595,1.9595096688955282,-0.09145333345290198,,,,
cable,good,D:\Research\research-experiments\industrial-anomaly-detection\data\mvtec_ad\cable\test\good\048.png,2,layer3,0.25,1,0,39.90345764160156,39.192974748282595,1.9595096688955282,0.3625819788475091,,,,
cable,good,D:\Research\research-experiments\industrial-anomaly-detection\data\mvtec_ad\cable\test\good\049.png,2,layer3,0.25,1,0,39.38753128051758,39.192974748282595,1.9595096688955282,0.09928837572138381,,,,
cable,good,D:\Research\research-experiments\industrial-anomaly-detection\data\mvtec_ad\cable\test\good\050.png,2,layer3,0.25,1,0,39.229156494140625,39.192974748282595,1.9595096688955282,0.018464693710046453,,,,
cable,good,D:\Research\research-experiments\industrial-anomaly-detection\data\mvtec_ad\cable\test\good\051.png,2,layer3,0.25,1,0,40.3845329284668,39.192974748282595,1.9595096688955282,0.6080899722509767,,,,
cable,good,D:\Research\research-experiments\industrial-anomaly-detection\data\mvtec_ad\cable\test\good\052.png,2,layer3,0.25,1,0,38.23261642456055,39.192974748282595,1.9595096688955282,-0.4901013447223002,,,,
cable,good,D:\Research\research-experiments\industrial-anomaly-detection\data\mvtec_ad\cable\test\good\053.png,2,layer3,0.25,1,0,39.22808074951172,39.192974748282595,1.9595096688955282,0.017915707070183334,,,,
cable,good,D:\Research\research-experiments\industrial-anomaly-detection\data\mvtec_ad\cable\test\good\054.png,2,layer3,0.25,1,0,38.28913879394531,39.192974748282595,1.9595096688955282,-0.46125618499587523,,,,
cable,good,D:\Research\research-experiments\industrial-anomaly-detection\data\mvtec_ad\cable\test\good\055.png,2,layer3,0.25,1,0,41.68967819213867,39.192974748282595,1.9595096688955282,1.2741470396843393,,,,
cable,good,D:\Research\research-experiments\industrial-anomaly-detection\data\mvtec_ad\cable\test\good\056.png,2,layer3,0.25,1,0,39.580360412597656,39.192974748282595,1.9595096688955282,0.19769520429741513,,,,
cable,good,D:\Research\research-experiments\industrial-anomaly-detection\data\mvtec_ad\cable\test\good\057.png,2,layer3,0.25,1,0,47.50730895996094,39.192974748282595,1.9595096688955282,4.243068734825224,,,,
cable,bent_wire,D:\Research\research-experiments\industrial-anomaly-detection\data\mvtec_ad\cable\test\bent_wire\000.png,2,layer3,0.25,0,1,61.130340576171875,39.192974748282595,1.9595096688955282,11.195334310472788,D:\Research\research-experiments\industrial-anomaly-detection\data\mvtec_ad\cable\ground_truth\bent_wire\000_mask.png,23162,0.022089004516601562,-3.8126752821831915
cable,bent_wire,D:\Research\research-experiments\industrial-anomaly-detection\data\mvtec_ad\cable\test\bent_wire\001.png,2,layer3,0.25,0,1,63.859840393066406,39.192974748282595,1.9595096688955282,12.588284730785338,D:\Research\research-experiments\industrial-anomaly-detection\data\mvtec_ad\cable\ground_truth\bent_wire\001_mask.png,15206,0.014501571655273438,-4.233498176452484
cable,bent_wire,D:\Research\research-experiments\industrial-anomaly-detection\data\mvtec_ad\cable\test\bent_wire\002.png,2,layer3,0.25,0,1,66.23526000976562,39.192974748282595,1.9595096688955282,13.800536782615282,D:\Research\research-experiments\industrial-anomaly-detection\data\mvtec_ad\cable\ground_truth\bent_wire\002_mask.png,37083,0.03536510467529297,-3.3420296603665127
cable,bent_wire,D:\Research\research-experiments\industrial-anomaly-detection\data\mvtec_ad\cable\test\bent_wire\003.png,2,layer3,0.25,0,1,61.333274841308594,39.192974748282595,1.9595096688955282,11.298898109293491,D:\Research\research-experiments\industrial-anomaly-detection\data\mvtec_ad\cable\ground_truth\bent_wire\003_mask.png,12881,0.012284278869628906,-4.399434893397962
cable,bent_wire,D:\Research\research-experiments\industrial-anomaly-detection\data\mvtec_ad\cable\test\bent_wire\004.png,2,layer3,0.25,0,1,67.09329986572266,39.192974748282595,1.9595096688955282,14.23842176454582,D:\Research\research-experiments\industrial-anomaly-detection\data\mvtec_ad\cable\ground_truth\bent_wire\004_mask.png,32843,0.03132152557373047,-3.463449667868214
cable,bent_wire,D:\Research\research-experiments\industrial-anomaly-detection\data\mvtec_ad\cable\test\bent_wire\005.png,2,layer3,0.25,0,1,66.7026138305664,39.192974748282595,1.9595096688955282,14.039042276218794,D:\Research\research-experiments\industrial-anomaly-detection\data\mvtec_ad\cable\ground_truth\bent_wire\005_mask.png,37738,0.03598976135253906,-3.324520760065567
cable,bent_wire,D:\Research\research-experiments\industrial-anomaly-detection\data\mvtec_ad\cable\test\bent_wire\006.png,2,layer3,0.25,0,1,63.43538284301758,39.192974748282595,1.9595096688955282,12.371670566136652,D:\Research\research-experiments\industrial-anomaly-detection\data\mvtec_ad\cable\ground_truth\bent_wire\006_mask.png,40784,0.0388946533203125,-3.2468984588725354
cable,bent_wire,D:\Research\research-experiments\industrial-anomaly-detection\data\mvtec_ad\cable\test\bent_wire\007.png,2,layer3,0.25,0,1,60.70539474487305,39.192974748282595,1.9595096688955282,10.978470960398916,D:\Research\research-experiments\industrial-anomaly-detection\data\mvtec_ad\cable\ground_truth\bent_wire\007_mask.png,38552,0.03676605224609375,-3.303180325679734
cable,bent_wire,D:\Research\research-experiments\industrial-anomaly-detection\data\mvtec_ad\cable\test\bent_wire\008.png,2,layer3,0.25,0,1,51.52402877807617,39.192974748282595,1.9595096688955282,6.292928392001219,D:\Research\research-experiments\industrial-anomaly-detection\data\mvtec_ad\cable\ground_truth\bent_wire\008_mask.png,19659,0.01874828338623047,-3.9766530301530847
cable,bent_wire,D:\Research\research-experiments\industrial-anomaly-detection\data\mvtec_ad\cable\test\bent_wire\009.png,2,layer3,0.25,0,1,70.6394271850586,39.192974748282595,1.9595096688955282,16.04812312791531,D:\Research\research-experiments\industrial-anomaly-detection\data\mvtec_ad\cable\ground_truth\bent_wire\009_mask.png,38202,0.03643226623535156,-3.3123004345056297
cable,bent_wire,D:\Research\research-experiments\industrial-anomaly-detection\data\mvtec_ad\cable\test\bent_wire\010.png,2,layer3,0.25,0,1,63.63348388671875,39.192974748282595,1.9595096688955282,12.47276781860024,D:\Research\research-experiments\industrial-anomaly-detection\data\mvtec_ad\cable\ground_truth\bent_wire\010_mask.png,38102,0.03633689880371094,-3.314921530503291
cable,bent_wire,D:\Research\research-experiments\industrial-anomaly-detection\data\mvtec_ad\cable\test\bent_wire\011.png,2,layer3,0.25,0,1,78.21340942382812,39.192974748282595,1.9595096688955282,19.91336674421172,D:\Research\research-experiments\industrial-anomaly-detection\data\mvtec_ad\cable\ground_truth\bent_wire\011_mask.png,119231,0.1137075424194336,-2.1741255354885243
cable,bent_wire,D:\Research\research-experiments\industrial-anomaly-detection\data\mvtec_ad\cable\test\bent_wire\012.png,2,layer3,0.25,0,1,64.37024688720703,39.192974748282595,1.9595096688955282,12.84876137055018,D:\Research\research-experiments\industrial-anomaly-detection\data\mvtec_ad\cable\ground_truth\bent_wire\012_mask.png,72366,0.06901359558105469,-2.67345174189771
cable,cable_swap,D:\Research\research-experiments\industrial-anomaly-detection\data\mvtec_ad\cable\test\cable_swap\000.png,2,layer3,0.25,0,1,43.11919403076172,39.192974748282595,1.9595096688955282,2.003674360378189,D:\Research\research-experiments\industrial-anomaly-detection\data\mvtec_ad\cable\ground_truth\cable_swap\000_mask.png,67133,0.06402301788330078,-2.7485125902366585
cable,cable_swap,D:\Research\research-experiments\industrial-anomaly-detection\data\mvtec_ad\cable\test\cable_swap\001.png,2,layer3,0.25,0,1,45.78834533691406,39.192974748282595,1.9595096688955282,3.3658270195466446,D:\Research\research-experiments\industrial-anomaly-detection\data\mvtec_ad\cable\ground_truth\cable_swap\001_mask.png,61514,0.05866432189941406,-2.83592352398831
cable,cable_swap,D:\Research\research-experiments\industrial-anomaly-detection\data\mvtec_ad\cable\test\cable_swap\002.png,2,layer3,0.25,0,1,44.60115432739258,39.192974748282595,1.9595096688955282,2.7599657531459325,D:\Research\research-experiments\industrial-anomaly-detection\data\mvtec_ad\cable\ground_truth\cable_swap\002_mask.png,57103,0.054457664489746094,-2.9103316591675092
cable,cable_swap,D:\Research\research-experiments\industrial-anomaly-detection\data\mvtec_ad\cable\test\cable_swap\003.png,2,layer3,0.25,0,1,43.31623458862305,39.192974748282595,1.9595096688955282,2.10423041324645,D:\Research\research-experiments\industrial-anomaly-detection\data\mvtec_ad\cable\ground_truth\cable_swap\003_mask.png,59063,0.056326866149902344,-2.876583643636658
cable,cable_swap,D:\Research\research-experiments\industrial-anomaly-detection\data\mvtec_ad\cable\test\cable_swap\004.png,2,layer3,0.25,0,1,43.97761917114258,39.192974748282595,1.9595096688955282,2.4417559651832867,D:\Research\research-experiments\industrial-anomaly-detection\data\mvtec_ad\cable\ground_truth\cable_swap\004_mask.png,55036,0.052486419677734375,-2.947200796598652
cable,cable_swap,D:\Research\research-experiments\industrial-anomaly-detection\data\mvtec_ad\cable\test\cable_swap\005.png,2,layer3,0.25,0,1,43.43890380859375,39.192974748282595,1.9595096688955282,2.1668324110410544,D:\Research\research-experiments\industrial-anomaly-detection\data\mvtec_ad\cable\ground_truth\cable_swap\005_mask.png,65474,0.06244087219238281,-2.77353519892944
cable,cable_swap,D:\Research\research-experiments\industrial-anomaly-detection\data\mvtec_ad\cable\test\cable_swap\006.png,2,layer3,0.25,0,1,39.75725555419922,39.192974748282595,1.9595096688955282,0.28797041161561576,D:\Research\research-experiments\industrial-anomaly-detection\data\mvtec_ad\cable\ground_truth\cable_swap\006_mask.png,67894,0.06474876403808594,-2.737240651355251
cable,cable_swap,D:\Research\research-experiments\industrial-anomaly-detection\data\mvtec_ad\cable\test\cable_swap\007.png,2,layer3,0.25,0,1,43.99201583862305,39.192974748282595,1.9595096688955282,2.4491030417040083,D:\Research\research-experiments\industrial-anomaly-detection\data\mvtec_ad\cable\ground_truth\cable_swap\007_mask.png,63705,0.060753822326660156,-2.8009252633235553
cable,cable_swap,D:\Research\research-experiments\industrial-anomaly-detection\data\mvtec_ad\cable\test\cable_swap\008.png,2,layer3,0.25,0,1,44.73788070678711,39.192974748282595,1.9595096688955282,2.829741565720308,D:\Research\research-experiments\industrial-anomaly-detection\data\mvtec_ad\cable\ground_truth\cable_swap\008_mask.png,61687,0.058829307556152344,-2.833115103427395
cable,cable_swap,D:\Research\research-experiments\industrial-anomaly-detection\data\mvtec_ad\cable\test\cable_swap\009.png,2,layer3,0.25,0,1,42.6413688659668,39.192974748282595,1.9595096688955282,1.7598250074611161,D:\Research\research-experiments\industrial-anomaly-detection\data\mvtec_ad\cable\ground_truth\cable_swap\009_mask.png,58211,0.05551433563232422,-2.8911139738884852
cable,cable_swap,D:\Research\research-experiments\industrial-anomaly-detection\data\mvtec_ad\cable\test\cable_swap\010.png,2,layer3,0.25,0,1,43.48914337158203,39.192974748282595,1.9595096688955282,2.1924712551793424,D:\Research\research-experiments\industrial-anomaly-detection\data\mvtec_ad\cable\ground_truth\cable_swap\010_mask.png,60502,0.05769920349121094,-2.8525118925438706
cable,cable_swap,D:\Research\research-experiments\industrial-anomaly-detection\data\mvtec_ad\cable\test\cable_swap\011.png,2,layer3,0.25,0,1,42.80109405517578,39.192974748282595,1.9595096688955282,1.841337842913984,D:\Research\research-experiments\industrial-anomaly-detection\data\mvtec_ad\cable\ground_truth\cable_swap\011_mask.png,51956,0.049549102783203125,-3.0047911054897316
cable,combined,D:\Research\research-experiments\industrial-anomaly-detection\data\mvtec_ad\cable\test\combined\000.png,2,layer3,0.25,0,1,67.80461883544922,39.192974748282595,1.9595096688955282,14.601430419730203,D:\Research\research-experiments\industrial-anomaly-detection\data\mvtec_ad\cable\ground_truth\combined\000_mask.png,42321,0.040360450744628906,-3.209904890679564
cable,combined,D:\Research\research-experiments\industrial-anomaly-detection\data\mvtec_ad\cable\test\combined\001.png,2,layer3,0.25,0,1,62.64147186279297,39.192974748282595,1.9595096688955282,11.966512585634266,D:\Research\research-experiments\industrial-anomaly-detection\data\mvtec_ad\cable\ground_truth\combined\001_mask.png,41285,0.03937244415283203,-3.2346890689489034
cable,combined,D:\Research\research-experiments\industrial-anomaly-detection\data\mvtec_ad\cable\test\combined\002.png,2,layer3,0.25,0,1,58.69914627075195,39.192974748282595,1.9595096688955282,9.954618664098735,D:\Research\research-experiments\industrial-anomaly-detection\data\mvtec_ad\cable\ground_truth\combined\002_mask.png,23893,0.02278614044189453,-3.78160275932205
cable,combined,D:\Research\research-experiments\industrial-anomaly-detection\data\mvtec_ad\cable\test\combined\003.png,2,layer3,0.25,0,1,58.734779357910156,39.192974748282595,1.9595096688955282,9.972803359853918,D:\Research\research-experiments\industrial-anomaly-detection\data\mvtec_ad\cable\ground_truth\combined\003_mask.png,32849,0.031327247619628906,-3.46326699722871
cable,combined,D:\Research\research-experiments\industrial-anomaly-detection\data\mvtec_ad\cable\test\combined\004.png,2,layer3,0.25,0,1,53.66020202636719,39.192974748282595,1.9595096688955282,7.383085425773379,D:\Research\research-experiments\industrial-anomaly-detection\data\mvtec_ad\cable\ground_truth\combined\004_mask.png,49977,0.047661781311035156,-3.0436254116399084
cable,combined,D:\Research\research-experiments\industrial-anomaly-detection\data\mvtec_ad\cable\test\combined\005.png,2,layer3,0.25,0,1,63.256961822509766,39.192974748282595,1.9595096688955282,12.280616654364746,D:\Research\research-experiments\industrial-anomaly-detection\data\mvtec_ad\cable\ground_truth\combined\005_mask.png,148557,0.14167499542236328,-1.9542196021788751
cable,combined,D:\Research\research-experiments\industrial-anomaly-detection\data\mvtec_ad\cable\test\combined\006.png,2,layer3,0.25,0,1,62.78697204589844,39.192974748282595,1.9595096688955282,12.040765948817455,D:\Research\research-experiments\industrial-anomaly-detection\data\mvtec_ad\cable\ground_truth\combined\006_mask.png,94011,0.08965587615966797,-2.4117765243628666
cable,combined,D:\Research\research-experiments\industrial-anomaly-detection\data\mvtec_ad\cable\test\combined\007.png,2,layer3,0.25,0,1,53.837947845458984,39.192974748282595,1.9595096688955282,7.4737947608245205,D:\Research\research-experiments\industrial-anomaly-detection\data\mvtec_ad\cable\ground_truth\combined\007_mask.png,77899,0.07429027557373047,-2.599775202932224
cable,combined,D:\Research\research-experiments\industrial-anomaly-detection\data\mvtec_ad\cable\test\combined\008.png,2,layer3,0.25,0,1,73.57080841064453,39.192974748282595,1.9595096688955282,17.544100040975504,D:\Research\research-experiments\industrial-anomaly-detection\data\mvtec_ad\cable\ground_truth\combined\008_mask.png,48510,0.04626274108886719,-3.0734183483439774
cable,combined,D:\Research\research-experiments\industrial-anomaly-detection\data\mvtec_ad\cable\test\combined\009.png,2,layer3,0.25,0,1,51.90596389770508,39.192974748282595,1.9595096688955282,6.487842010286237,D:\Research\research-experiments\industrial-anomaly-detection\data\mvtec_ad\cable\ground_truth\combined\009_mask.png,92936,0.08863067626953125,-2.42327723672282
cable,combined,D:\Research\research-experiments\industrial-anomaly-detection\data\mvtec_ad\cable\test\combined\010.png,2,layer3,0.25,0,1,62.77659225463867,39.192974748282595,1.9595096688955282,12.035468811771116,D:\Research\research-experiments\industrial-anomaly-detection\data\mvtec_ad\cable\ground_truth\combined\010_mask.png,78276,0.07464981079101562,-2.594947276218929
cable,cut_inner_insulation,D:\Research\research-experiments\industrial-anomaly-detection\data\mvtec_ad\cable\test\cut_inner_insulation\000.png,2,layer3,0.25,0,1,48.52682113647461,39.192974748282595,1.9595096688955282,4.763358168808123,D:\Research\research-experiments\industrial-anomaly-detection\data\mvtec_ad\cable\ground_truth\cut_inner_insulation\000_mask.png,33306,0.03176307678222656,-3.4494507397975944
cable,cut_inner_insulation,D:\Research\research-experiments\industrial-anomaly-detection\data\mvtec_ad\cable\test\cut_inner_insulation\001.png,2,layer3,0.25,0,1,54.03107452392578,39.192974748282595,1.9595096688955282,7.572353436769024,D:\Research\research-experiments\industrial-anomaly-detection\data\mvtec_ad\cable\ground_truth\cut_inner_insulation\001_mask.png,30558,0.029142379760742188,-3.5355617807719595
cable,cut_inner_insulation,D:\Research\research-experiments\industrial-anomaly-detection\data\mvtec_ad\cable\test\cut_inner_insulation\002.png,2,layer3,0.25,0,1,46.26993942260742,39.192974748282595,1.9595096688955282,3.6115997724643725,D:\Research\research-experiments\industrial-anomaly-detection\data\mvtec_ad\cable\ground_truth\cut_inner_insulation\002_mask.png,26929,0.025681495666503906,-3.6619845204527564
cable,cut_inner_insulation,D:\Research\research-experiments\industrial-anomaly-detection\data\mvtec_ad\cable\test\cut_inner_insulation\003.png,2,layer3,0.25,0,1,53.02034378051758,39.192974748282595,1.9595096688955282,7.056545446917207,D:\Research\research-experiments\industrial-anomaly-detection\data\mvtec_ad\cable\ground_truth\cut_inner_insulation\003_mask.png,62868,0.059955596923828125,-2.8141510253236763
cable,cut_inner_insulation,D:\Research\research-experiments\industrial-anomaly-detection\data\mvtec_ad\cable\test\cut_inner_insulation\004.png,2,layer3,0.25,0,1,58.76494598388672,39.192974748282595,1.9595096688955282,9.988198346903696,D:\Research\research-experiments\industrial-anomaly-detection\data\mvtec_ad\cable\ground_truth\cut_inner_insulation\004_mask.png,44383,0.042326927185058594,-3.162331795354217
cable,cut_inner_insulation,D:\Research\research-experiments\industrial-anomaly-detection\data\mvtec_ad\cable\test\cut_inner_insulation\005.png,2,layer3,0.25,0,1,50.1374626159668,39.192974748282595,1.9595096688955282,5.585319654918075,D:\Research\research-experiments\industrial-anomaly-detection\data\mvtec_ad\cable\ground_truth\cut_inner_insulation\005_mask.png,27373,0.02610492706298828,-3.645631167802856
cable,cut_inner_insulation,D:\Research\research-experiments\industrial-anomaly-detection\data\mvtec_ad\cable\test\cut_inner_insulation\006.png,2,layer3,0.25,0,1,47.915138244628906,39.192974748282595,1.9595096688955282,4.4511969676896435,D:\Research\research-experiments\industrial-anomaly-detection\data\mvtec_ad\cable\ground_truth\cut_inner_insulation\006_mask.png,19775,0.018858909606933594,-3.970769765537718
cable,cut_inner_insulation,D:\Research\research-experiments\industrial-anomaly-detection\data\mvtec_ad\cable\test\cut_inner_insulation\007.png,2,layer3,0.25,0,1,54.28106689453125,39.192974748282595,1.9595096688955282,7.699932480942038,D:\Research\research-experiments\industrial-anomaly-detection\data\mvtec_ad\cable\ground_truth\cut_inner_insulation\007_mask.png,41070,0.03916740417480469,-3.239910378716868
cable,cut_inner_insulation,D:\Research\research-experiments\industrial-anomaly-detection\data\mvtec_ad\cable\test\cut_inner_insulation\008.png,2,layer3,0.25,0,1,43.49860382080078,39.192974748282595,1.9595096688955282,2.1972992227923234,D:\Research\research-experiments\industrial-anomaly-detection\data\mvtec_ad\cable\ground_truth\cut_inner_insulation\008_mask.png,26265,0.025048255920410156,-3.686951037887906
cable,cut_inner_insulation,D:\Research\research-experiments\industrial-anomaly-detection\data\mvtec_ad\cable\test\cut_inner_insulation\009.png,2,layer3,0.25,0,1,51.467002868652344,39.192974748282595,1.9595096688955282,6.263826259805071,D:\Research\research-experiments\industrial-anomaly-detection\data\mvtec_ad\cable\ground_truth\cut_inner_insulation\009_mask.png,61146,0.05831336975097656,-2.8419238679934318
cable,cut_inner_insulation,D:\Research\research-experiments\industrial-anomaly-detection\data\mvtec_ad\cable\test\cut_inner_insulation\010.png,2,layer3,0.25,0,1,54.23005294799805,39.192974748282595,1.9595096688955282,7.673898444293493,D:\Research\research-experiments\industrial-anomaly-detection\data\mvtec_ad\cable\ground_truth\cut_inner_insulation\010_mask.png,31665,0.030198097229003906,-3.4999763291337067
cable,cut_inner_insulation,D:\Research\research-experiments\industrial-anomaly-detection\data\mvtec_ad\cable\test\cut_inner_insulation\011.png,2,layer3,0.25,0,1,56.87579345703125,39.192974748282595,1.9595096688955282,9.024103830380955,D:\Research\research-experiments\industrial-anomaly-detection\data\mvtec_ad\cable\ground_truth\cut_inner_insulation\011_mask.png,56332,0.053722381591796875,-2.9239255562667497
cable,cut_inner_insulation,D:\Research\research-experiments\industrial-anomaly-detection\data\mvtec_ad\cable\test\cut_inner_insulation\012.png,2,layer3,0.25,0,1,48.735565185546875,39.192974748282595,1.9595096688955282,4.869886884836314,D:\Research\research-experiments\industrial-anomaly-detection\data\mvtec_ad\cable\ground_truth\cut_inner_insulation\012_mask.png,103750,0.09894371032714844,-2.313204162999205
cable,cut_inner_insulation,D:\Research\research-experiments\industrial-anomaly-detection\data\mvtec_ad\cable\test\cut_inner_insulation\013.png,2,layer3,0.25,0,1,56.67071533203125,39.192974748282595,1.9595096688955282,8.919445951802796,D:\Research\research-experiments\industrial-anomaly-detection\data\mvtec_ad\cable\ground_truth\cut_inner_insulation\013_mask.png,29743,0.028365135192871094,-3.5625944867742345
cable,cut_outer_insulation,D:\Research\research-experiments\industrial-anomaly-detection\data\mvtec_ad\cable\test\cut_outer_insulation\000.png,2,layer3,0.25,0,1,56.41434097290039,39.192974748282595,1.9595096688955282,8.788609976252154,D:\Research\research-experiments\industrial-anomaly-detection\data\mvtec_ad\cable\ground_truth\cut_outer_insulation\000_mask.png,23454,0.022367477416992188,-3.800147231470129
cable,cut_outer_insulation,D:\Research\research-experiments\industrial-anomaly-detection\data\mvtec_ad\cable\test\cut_outer_insulation\001.png,2,layer3,0.25,0,1,55.299617767333984,39.192974748282595,1.9595096688955282,8.219731331119101,D:\Research\research-experiments\industrial-anomaly-detection\data\mvtec_ad\cable\ground_truth\cut_outer_insulation\001_mask.png,7513,0.007164955139160156,-4.93855333926154
cable,cut_outer_insulation,D:\Research\research-experiments\industrial-anomaly-detection\data\mvtec_ad\cable\test\cut_outer_insulation\002.png,2,layer3,0.25,0,1,50.81976318359375,39.192974748282595,1.9595096688955282,5.933519298154094,D:\Research\research-experiments\industrial-anomaly-detection\data\mvtec_ad\cable\ground_truth\cut_outer_insulation\002_mask.png,14604,0.013927459716796875,-4.273892796622778
cable,cut_outer_insulation,D:\Research\research-experiments\industrial-anomaly-detection\data\mvtec_ad\cable\test\cut_outer_insulation\003.png,2,layer3,0.25,0,1,46.937782287597656,39.192974748282595,1.9595096688955282,3.952421191001522,D:\Research\research-experiments\industrial-anomaly-detection\data\mvtec_ad\cable\ground_truth\cut_outer_insulation\003_mask.png,7697,0.007340431213378906,-4.914357553432819
cable,cut_outer_insulation,D:\Research\research-experiments\industrial-anomaly-detection\data\mvtec_ad\cable\test\cut_outer_insulation\004.png,2,layer3,0.25,0,1,44.911346435546875,39.192974748282595,1.9595096688955282,2.9182666347788033,D:\Research\research-experiments\industrial-anomaly-detection\data\mvtec_ad\cable\ground_truth\cut_outer_insulation\004_mask.png,24050,0.022935867309570312,-3.775053292065166
cable,cut_outer_insulation,D:\Research\research-experiments\industrial-anomaly-detection\data\mvtec_ad\cable\test\cut_outer_insulation\005.png,2,layer3,0.25,0,1,57.19367980957031,39.192974748282595,1.9595096688955282,9.186331329221643,D:\Research\research-experiments\industrial-anomaly-detection\data\mvtec_ad\cable\ground_truth\cut_outer_insulation\005_mask.png,4647,0.004431724548339844,-5.418966256468161
cable,cut_outer_insulation,D:\Research\research-experiments\industrial-anomaly-detection\data\mvtec_ad\cable\test\cut_outer_insulation\006.png,2,layer3,0.25,0,1,54.244075775146484,39.192974748282595,1.9595096688955282,7.6810547382230565,D:\Research\research-experiments\industrial-anomaly-detection\data\mvtec_ad\cable\ground_truth\cut_outer_insulation\006_mask.png,11710,0.011167526245117188,-4.494745065061801
cable,cut_outer_insulation,D:\Research\research-experiments\industrial-anomaly-detection\data\mvtec_ad\cable\test\cut_outer_insulation\007.png,2,layer3,0.25,0,1,50.09362030029297,39.192974748282595,1.9595096688955282,5.562945529201951,D:\Research\research-experiments\industrial-anomaly-detection\data\mvtec_ad\cable\ground_truth\cut_outer_insulation\007_mask.png,21941,0.02092456817626953,-3.866831251766246
cable,cut_outer_insulation,D:\Research\research-experiments\industrial-anomaly-detection\data\mvtec_ad\cable\test\cut_outer_insulation\008.png,2,layer3,0.25,0,1,47.75739288330078,39.192974748282595,1.9595096688955282,4.37069450126546,D:\Research\research-experiments\industrial-anomaly-detection\data\mvtec_ad\cable\ground_truth\cut_outer_insulation\008_mask.png,35537,0.033890724182128906,-3.3846138954767726
cable,cut_outer_insulation,D:\Research\research-experiments\industrial-anomaly-detection\data\mvtec_ad\cable\test\cut_outer_insulation\009.png,2,layer3,0.25,0,1,51.816062927246094,39.192974748282595,1.9595096688955282,6.441962690634981,D:\Research\research-experiments\industrial-anomaly-detection\data\mvtec_ad\cable\ground_truth\cut_outer_insulation\009_mask.png,10318,0.009840011596679688,-4.62129828776842
cable,missing_cable,D:\Research\research-experiments\industrial-anomaly-detection\data\mvtec_ad\cable\test\missing_cable\000.png,2,layer3,0.25,0,1,64.01819610595703,39.192974748282595,1.9595096688955282,12.669098678991004,D:\Research\research-experiments\industrial-anomaly-detection\data\mvtec_ad\cable\ground_truth\missing_cable\000_mask.png,74489,0.07103824615478516,-2.6445368546625256
cable,missing_cable,D:\Research\research-experiments\industrial-anomaly-detection\data\mvtec_ad\cable\test\missing_cable\001.png,2,layer3,0.25,0,1,63.00924301147461,39.192974748282595,1.9595096688955282,12.154197879827755,D:\Research\research-experiments\industrial-anomaly-detection\data\mvtec_ad\cable\ground_truth\missing_cable\001_mask.png,71763,0.06843852996826172,-2.681819294708357
cable,missing_cable,D:\Research\research-experiments\industrial-anomaly-detection\data\mvtec_ad\cable\test\missing_cable\002.png,2,layer3,0.25,0,1,62.53572082519531,39.192974748282595,1.9595096688955282,11.912544473470135,D:\Research\research-experiments\industrial-anomaly-detection\data\mvtec_ad\cable\ground_truth\missing_cable\002_mask.png,69188,0.06598281860351562,-2.718360879879632
cable,missing_cable,D:\Research\research-experiments\industrial-anomaly-detection\data\mvtec_ad\cable\test\missing_cable\003.png,2,layer3,0.25,0,1,63.21084976196289,39.192974748282595,1.9595096688955282,12.257084205773733,D:\Research\research-experiments\industrial-anomaly-detection\data\mvtec_ad\cable\ground_truth\missing_cable\003_mask.png,74858,0.07139015197753906,-2.639595332627382
cable,missing_cable,D:\Research\research-experiments\industrial-anomaly-detection\data\mvtec_ad\cable\test\missing_cable\004.png,2,layer3,0.25,0,1,63.37447738647461,39.192974748282595,1.9595096688955282,12.340588577866955,D:\Research\research-experiments\industrial-anomaly-detection\data\mvtec_ad\cable\ground_truth\missing_cable\004_mask.png,77885,0.07427692413330078,-2.5999549389750687
cable,missing_cable,D:\Research\research-experiments\industrial-anomaly-detection\data\mvtec_ad\cable\test\missing_cable\005.png,2,layer3,0.25,0,1,64.68101501464844,39.192974748282595,1.9595096688955282,13.007356213114324,D:\Research\research-experiments\industrial-anomaly-detection\data\mvtec_ad\cable\ground_truth\missing_cable\005_mask.png,70780,0.06750106811523438,-2.6956118424848716
cable,missing_cable,D:\Research\research-experiments\industrial-anomaly-detection\data\mvtec_ad\cable\test\missing_cable\006.png,2,layer3,0.25,0,1,62.30007553100586,39.192974748282595,1.9595096688955282,11.792287197923097,D:\Research\research-experiments\industrial-anomaly-detection\data\mvtec_ad\cable\ground_truth\missing_cable\006_mask.png,236776,0.22580718994140625,-1.4880737812661082
cable,missing_cable,D:\Research\research-experiments\industrial-anomaly-detection\data\mvtec_ad\cable\test\missing_cable\007.png,2,layer3,0.25,0,1,64.23479461669922,39.192974748282595,1.9595096688955282,12.779635776194649,D:\Research\research-experiments\industrial-anomaly-detection\data\mvtec_ad\cable\ground_truth\missing_cable\007_mask.png,158927,0.1515645980834961,-1.8867433483231728
cable,missing_cable,D:\Research\research-experiments\industrial-anomaly-detection\data\mvtec_ad\cable\test\missing_cable\008.png,2,layer3,0.25,0,1,61.99689865112305,39.192974748282595,1.9595096688955282,11.637566410016142,D:\Research\research-experiments\industrial-anomaly-detection\data\mvtec_ad\cable\ground_truth\missing_cable\008_mask.png,144175,0.1374959945678711,-1.9841604854423538
cable,missing_cable,D:\Research\research-experiments\industrial-anomaly-detection\data\mvtec_ad\cable\test\missing_cable\009.png,2,layer3,0.25,0,1,62.696834564208984,39.192974748282595,1.9595096688955282,11.994765929975875,D:\Research\research-experiments\industrial-anomaly-detection\data\mvtec_ad\cable\ground_truth\missing_cable\009_mask.png,151277,0.14426898956298828,-1.9360757319090696
cable,missing_cable,D:\Research\research-experiments\industrial-anomaly-detection\data\mvtec_ad\cable\test\missing_cable\010.png,2,layer3,0.25,0,1,65.30049133300781,39.192974748282595,1.9595096688955282,13.323494647230111,D:\Research\research-experiments\industrial-anomaly-detection\data\mvtec_ad\cable\ground_truth\missing_cable\010_mask.png,84372,0.08046340942382812,-2.5199527267837354
cable,missing_cable,D:\Research\research-experiments\industrial-anomaly-detection\data\mvtec_ad\cable\test\missing_cable\011.png,2,layer3,0.25,0,1,63.23514938354492,39.192974748282595,1.9595096688955282,12.26948507419901,D:\Research\research-experiments\industrial-anomaly-detection\data\mvtec_ad\cable\ground_truth\missing_cable\011_mask.png,77245,0.07366657257080078,-2.608206129878078
cable,missing_wire,D:\Research\research-experiments\industrial-anomaly-detection\data\mvtec_ad\cable\test\missing_wire\000.png,2,layer3,0.25,0,1,47.231689453125,39.192974748282595,1.9595096688955282,4.102411349352209,D:\Research\research-experiments\industrial-anomaly-detection\data\mvtec_ad\cable\ground_truth\missing_wire\000_mask.png,24951,0.023795127868652344,-3.7382743886367003
cable,missing_wire,D:\Research\research-experiments\industrial-anomaly-detection\data\mvtec_ad\cable\test\missing_wire\001.png,2,layer3,0.25,0,1,52.7385139465332,39.192974748282595,1.9595096688955282,6.912718734317607,D:\Research\research-experiments\industrial-anomaly-detection\data\mvtec_ad\cable\ground_truth\missing_wire\001_mask.png,16616,0.01584625244140625,-4.144822182536556
cable,missing_wire,D:\Research\research-experiments\industrial-anomaly-detection\data\mvtec_ad\cable\test\missing_wire\002.png,2,layer3,0.25,0,1,50.30528259277344,39.192974748282595,1.9595096688955282,5.670963517497856,D:\Research\research-experiments\industrial-anomaly-detection\data\mvtec_ad\cable\ground_truth\missing_wire\002_mask.png,15156,0.014453887939453125,-4.2367917698748805
cable,missing_wire,D:\Research\research-experiments\industrial-anomaly-detection\data\mvtec_ad\cable\test\missing_wire\003.png,2,layer3,0.25,0,1,57.86309051513672,39.192974748282595,1.9595096688955282,9.527952866584975,D:\Research\research-experiments\industrial-anomaly-detection\data\mvtec_ad\cable\ground_truth\missing_wire\003_mask.png,40701,0.03881549835205078,-3.248935644282583
cable,missing_wire,D:\Research\research-experiments\industrial-anomaly-detection\data\mvtec_ad\cable\test\missing_wire\004.png,2,layer3,0.25,0,1,59.696189880371094,39.192974748282595,1.9595096688955282,10.463441675000805,D:\Research\research-experiments\industrial-anomaly-detection\data\mvtec_ad\cable\ground_truth\missing_wire\004_mask.png,38640,0.0368499755859375,-3.300900295735392
cable,missing_wire,D:\Research\research-experiments\industrial-anomaly-detection\data\mvtec_ad\cable\test\missing_wire\005.png,2,layer3,0.25,0,1,55.9797248840332,39.192974748282595,1.9595096688955282,8.566811586702917,D:\Research\research-experiments\industrial-anomaly-detection\data\mvtec_ad\cable\ground_truth\missing_wire\005_mask.png,18712,0.01784515380859375,-4.02602324689727
cable,missing_wire,D:\Research\research-experiments\industrial-anomaly-detection\data\mvtec_ad\cable\test\missing_wire\006.png,2,layer3,0.25,0,1,53.08345031738281,39.192974748282595,1.9595096688955282,7.088750716361376,D:\Research\research-experiments\industrial-anomaly-detection\data\mvtec_ad\cable\ground_truth\missing_wire\006_mask.png,18399,0.017546653747558594,-4.042891959913891
cable,missing_wire,D:\Research\research-experiments\industrial-anomaly-detection\data\mvtec_ad\cable\test\missing_wire\007.png,2,layer3,0.25,0,1,50.21501159667969,39.192974748282595,1.9595096688955282,5.624895362016576,D:\Research\research-experiments\industrial-anomaly-detection\data\mvtec_ad\cable\ground_truth\missing_wire\007_mask.png,18838,0.017965316772460938,-4.019312170153336
cable,missing_wire,D:\Research\research-experiments\industrial-anomaly-detection\data\mvtec_ad\cable\test\missing_wire\008.png,2,layer3,0.25,0,1,51.863525390625,39.192974748282595,1.9595096688955282,6.466184292667524,D:\Research\research-experiments\industrial-anomaly-detection\data\mvtec_ad\cable\ground_truth\missing_wire\008_mask.png,18820,0.017948150634765625,-4.0202681423434905
cable,missing_wire,D:\Research\research-experiments\industrial-anomaly-detection\data\mvtec_ad\cable\test\missing_wire\009.png,2,layer3,0.25,0,1,58.10103225708008,39.192974748282595,1.9595096688955282,9.649382092334841,D:\Research\research-experiments\industrial-anomaly-detection\data\mvtec_ad\cable\ground_truth\missing_wire\009_mask.png,20485,0.01953601837158203,-3.935495370030433
cable,poke_insulation,D:\Research\research-experiments\industrial-anomaly-detection\data\mvtec_ad\cable\test\poke_insulation\000.png,2,layer3,0.25,0,1,46.34523010253906,39.192974748282595,1.9595096688955282,3.650022996971388,D:\Research\research-experiments\industrial-anomaly-detection\data\mvtec_ad\cable\ground_truth\poke_insulation\000_mask.png,8620,0.008220672607421875,-4.801103125896628
cable,poke_insulation,D:\Research\research-experiments\industrial-anomaly-detection\data\mvtec_ad\cable\test\poke_insulation\001.png,2,layer3,0.25,0,1,50.31928253173828,39.192974748282595,1.9595096688955282,5.678108130860613,D:\Research\research-experiments\industrial-anomaly-detection\data\mvtec_ad\cable\ground_truth\poke_insulation\001_mask.png,31427,0.02997112274169922,-3.507520902804313
cable,poke_insulation,D:\Research\research-experiments\industrial-anomaly-detection\data\mvtec_ad\cable\test\poke_insulation\002.png,2,layer3,0.25,0,1,40.19358825683594,39.192974748282595,1.9595096688955282,0.510644843675273,D:\Research\research-experiments\industrial-anomaly-detection\data\mvtec_ad\cable\ground_truth\poke_insulation\002_mask.png,1506,0.0014362335205078125,-6.5457305065737055
cable,poke_insulation,D:\Research\research-experiments\industrial-anomaly-detection\data\mvtec_ad\cable\test\poke_insulation\003.png,2,layer3,0.25,0,1,43.8970832824707,39.192974748282595,1.9595096688955282,2.400655944116655,D:\Research\research-experiments\industrial-anomaly-detection\data\mvtec_ad\cable\ground_truth\poke_insulation\003_mask.png,13376,0.01275634765625,-4.361726197482082
cable,poke_insulation,D:\Research\research-experiments\industrial-anomaly-detection\data\mvtec_ad\cable\test\poke_insulation\004.png,2,layer3,0.25,0,1,44.39038848876953,39.192974748282595,1.9595096688955282,2.6524052537165805,D:\Research\research-experiments\industrial-anomaly-detection\data\mvtec_ad\cable\ground_truth\poke_insulation\004_mask.png,31573,0.03011035919189453,-3.502885974026185
cable,poke_insulation,D:\Research\research-experiments\industrial-anomaly-detection\data\mvtec_ad\cable\test\poke_insulation\005.png,2,layer3,0.25,0,1,50.98093032836914,39.192974748282595,1.9595096688955282,6.015768009315714,D:\Research\research-experiments\industrial-anomaly-detection\data\mvtec_ad\cable\ground_truth\poke_insulation\005_mask.png,6611,0.006304740905761719,-5.06645324525454
cable,poke_insulation,D:\Research\research-experiments\industrial-anomaly-detection\data\mvtec_ad\cable\test\poke_insulation\006.png,2,layer3,0.25,0,1,44.49505615234375,39.192974748282595,1.9595096688955282,2.705820485718582,D:\Research\research-experiments\industrial-anomaly-detection\data\mvtec_ad\cable\ground_truth\poke_insulation\006_mask.png,27740,0.026454925537109375,-3.63231287952994
cable,poke_insulation,D:\Research\research-experiments\industrial-anomaly-detection\data\mvtec_ad\cable\test\poke_insulation\007.png,2,layer3,0.25,0,1,45.21392822265625,39.192974748282595,1.9595096688955282,3.072683727948813,D:\Research\research-experiments\industrial-anomaly-detection\data\mvtec_ad\cable\ground_truth\poke_insulation\007_mask.png,51028,0.048664093017578125,-3.022813809991694
cable,poke_insulation,D:\Research\research-experiments\industrial-anomaly-detection\data\mvtec_ad\cable\test\poke_insulation\008.png,2,layer3,0.25,0,1,50.90748596191406,39.192974748282595,1.9595096688955282,5.978287017197683,D:\Research\research-experiments\industrial-anomaly-detection\data\mvtec_ad\cable\ground_truth\poke_insulation\008_mask.png,41654,0.03972434997558594,-3.2257909046264683
cable,poke_insulation,D:\Research\research-experiments\industrial-anomaly-detection\data\mvtec_ad\cable\test\poke_insulation\009.png,2,layer3,0.25,0,1,46.00923538208008,39.192974748282595,1.9595096688955282,3.478554223026339,D:\Research\research-experiments\industrial-anomaly-detection\data\mvtec_ad\cable\ground_truth\poke_insulation\009_mask.png,37053,0.03533649444580078,-3.3428389837934276
cable,good,D:\Research\research-experiments\industrial-anomaly-detection\data\mvtec_ad\cable\test\good\000.png,2,layer3,0.5,1,0,38.14537811279297,40.277306589586985,2.1828392671456713,-0.9766768029520436,,,,
cable,good,D:\Research\research-experiments\industrial-anomaly-detection\data\mvtec_ad\cable\test\good\001.png,2,layer3,0.5,1,0,42.34748077392578,40.277306589586985,2.1828392671456713,0.9483859922704257,,,,
cable,good,D:\Research\research-experiments\industrial-anomaly-detection\data\mvtec_ad\cable\test\good\002.png,2,layer3,0.5,1,0,39.63396072387695,40.277306589586985,2.1828392671456713,-0.2947289227352433,,,,
cable,good,D:\Research\research-experiments\industrial-anomaly-detection\data\mvtec_ad\cable\test\good\003.png,2,layer3,0.5,1,0,37.36012268066406,40.277306589586985,2.1828392671456713,-1.3364171850992475,,,,
cable,good,D:\Research\research-experiments\industrial-anomaly-detection\data\mvtec_ad\cable\test\good\004.png,2,layer3,0.5,1,0,37.48040008544922,40.277306589586985,2.1828392671456713,-1.2813158285332948,,,,
cable,good,D:\Research\research-experiments\industrial-anomaly-detection\data\mvtec_ad\cable\test\good\005.png,2,layer3,0.5,1,0,38.472015380859375,40.277306589586985,2.1828392671456713,-0.8270380856251722,,,,
cable,good,D:\Research\research-experiments\industrial-anomaly-detection\data\mvtec_ad\cable\test\good\006.png,2,layer3,0.5,1,0,39.283180236816406,40.277306589586985,2.1828392671456713,-0.4554281058314111,,,,
cable,good,D:\Research\research-experiments\industrial-anomaly-detection\data\mvtec_ad\cable\test\good\007.png,2,layer3,0.5,1,0,38.969200134277344,40.277306589586985,2.1828392671456713,-0.5992683359687541,,,,
cable,good,D:\Research\research-experiments\industrial-anomaly-detection\data\mvtec_ad\cable\test\good\008.png,2,layer3,0.5,1,0,39.820255279541016,40.277306589586985,2.1828392671456713,-0.20938385932722364,,,,
cable,good,D:\Research\research-experiments\industrial-anomaly-detection\data\mvtec_ad\cable\test\good\009.png,2,layer3,0.5,1,0,37.804012298583984,40.277306589586985,2.1828392671456713,-1.1330629461495507,,,,
cable,good,D:\Research\research-experiments\industrial-anomaly-detection\data\mvtec_ad\cable\test\good\010.png,2,layer3,0.5,1,0,38.20997619628906,40.277306589586985,2.1828392671456713,-0.9470831977478622,,,,
cable,good,D:\Research\research-experiments\industrial-anomaly-detection\data\mvtec_ad\cable\test\good\011.png,2,layer3,0.5,1,0,38.80036163330078,40.277306589586985,2.1828392671456713,-0.6766164501967611,,,,
cable,good,D:\Research\research-experiments\industrial-anomaly-detection\data\mvtec_ad\cable\test\good\012.png,2,layer3,0.5,1,0,40.150291442871094,40.277306589586985,2.1828392671456713,-0.058188043722513245,,,,
cable,good,D:\Research\research-experiments\industrial-anomaly-detection\data\mvtec_ad\cable\test\good\013.png,2,layer3,0.5,1,0,44.23355484008789,40.277306589586985,2.1828392671456713,1.8124322344971295,,,,
cable,good,D:\Research\research-experiments\industrial-anomaly-detection\data\mvtec_ad\cable\test\good\014.png,2,layer3,0.5,1,0,40.44041442871094,40.277306589586985,2.1828392671456713,0.07472278952413938,,,,
cable,good,D:\Research\research-experiments\industrial-anomaly-detection\data\mvtec_ad\cable\test\good\015.png,2,layer3,0.5,1,0,39.34421920776367,40.277306589586985,2.1828392671456713,-0.427464997477088,,,,
cable,good,D:\Research\research-experiments\industrial-anomaly-detection\data\mvtec_ad\cable\test\good\016.png,2,layer3,0.5,1,0,39.507102966308594,40.277306589586985,2.1828392671456713,-0.35284486350913336,,,,
cable,good,D:\Research\research-experiments\industrial-anomaly-detection\data\mvtec_ad\cable\test\good\017.png,2,layer3,0.5,1,0,37.99257278442383,40.277306589586985,2.1828392671456713,-1.0466798172229717,,,,
cable,good,D:\Research\research-experiments\industrial-anomaly-detection\data\mvtec_ad\cable\test\good\018.png,2,layer3,0.5,1,0,41.89040756225586,40.277306589586985,2.1828392671456713,0.7389920993945656,,,,
cable,good,D:\Research\research-experiments\industrial-anomaly-detection\data\mvtec_ad\cable\test\good\019.png,2,layer3,0.5,1,0,40.89118194580078,40.277306589586985,2.1828392671456713,0.28122792431552385,,,,
cable,good,D:\Research\research-experiments\industrial-anomaly-detection\data\mvtec_ad\cable\test\good\020.png,2,layer3,0.5,1,0,37.598236083984375,40.277306589586985,2.1828392671456713,-1.2273329263981134,,,,
cable,good,D:\Research\research-experiments\industrial-anomaly-detection\data\mvtec_ad\cable\test\good\021.png,2,layer3,0.5,1,0,38.4350471496582,40.277306589586985,2.1828392671456713,-0.8439739323261124,,,,
cable,good,D:\Research\research-experiments\industrial-anomaly-detection\data\mvtec_ad\cable\test\good\022.png,2,layer3,0.5,1,0,40.780540466308594,40.277306589586985,2.1828392671456713,0.23054096758102058,,,,
cable,good,D:\Research\research-experiments\industrial-anomaly-detection\data\mvtec_ad\cable\test\good\023.png,2,layer3,0.5,1,0,38.31081008911133,40.277306589586985,2.1828392671456713,-0.9008892821719717,,,,
cable,good,D:\Research\research-experiments\industrial-anomaly-detection\data\mvtec_ad\cable\test\good\024.png,2,layer3,0.5,1,0,40.506683349609375,40.277306589586985,2.1828392671456713,0.10508183697937973,,,,
cable,good,D:\Research\research-experiments\industrial-anomaly-detection\data\mvtec_ad\cable\test\good\025.png,2,layer3,0.5,1,0,38.21293258666992,40.277306589586985,2.1828392671456713,-0.9457288193356004,,,,
cable,good,D:\Research\research-experiments\industrial-anomaly-detection\data\mvtec_ad\cable\test\good\026.png,2,layer3,0.5,1,0,39.683292388916016,40.277306589586985,2.1828392671456713,-0.2721291528934768,,,,
cable,good,D:\Research\research-experiments\industrial-anomaly-detection\data\mvtec_ad\cable\test\good\027.png,2,layer3,0.5,1,0,39.15897750854492,40.277306589586985,2.1828392671456713,-0.5123277274118376,,,,
cable,good,D:\Research\research-experiments\industrial-anomaly-detection\data\mvtec_ad\cable\test\good\028.png,2,layer3,0.5,1,0,38.731689453125,40.277306589586985,2.1828392671456713,-0.7080764762322916,,,,
cable,good,D:\Research\research-experiments\industrial-anomaly-detection\data\mvtec_ad\cable\test\good\029.png,2,layer3,0.5,1,0,38.486419677734375,40.277306589586985,2.1828392671456713,-0.8204392044836233,,,,
cable,good,D:\Research\research-experiments\industrial-anomaly-detection\data\mvtec_ad\cable\test\good\030.png,2,layer3,0.5,1,0,45.341224670410156,40.277306589586985,2.1828392671456713,2.3198767573229806,,,,
cable,good,D:\Research\research-experiments\industrial-anomaly-detection\data\mvtec_ad\cable\test\good\031.png,2,layer3,0.5,1,0,40.11940002441406,40.277306589586985,2.1828392671456713,-0.07233998744186255,,,,
cable,good,D:\Research\research-experiments\industrial-anomaly-detection\data\mvtec_ad\cable\test\good\032.png,2,layer3,0.5,1,0,41.40937042236328,40.277306589586985,2.1828392671456713,0.5186198772466687,,,,
cable,good,D:\Research\research-experiments\industrial-anomaly-detection\data\mvtec_ad\cable\test\good\033.png,2,layer3,0.5,1,0,40.19377136230469,40.277306589586985,2.1828392671456713,-0.03826906934450096,,,,
cable,good,D:\Research\research-experiments\industrial-anomaly-detection\data\mvtec_ad\cable\test\good\034.png,2,layer3,0.5,1,0,40.738189697265625,40.277306589586985,2.1828392671456713,0.21113927837723986,,,,
cable,good,D:\Research\research-experiments\industrial-anomaly-detection\data\mvtec_ad\cable\test\good\035.png,2,layer3,0.5,1,0,38.82229995727539,40.277306589586985,2.1828392671456713,-0.6665660885852548,,,,
cable,good,D:\Research\research-experiments\industrial-anomaly-detection\data\mvtec_ad\cable\test\good\036.png,2,layer3,0.5,1,0,39.748695373535156,40.277306589586985,2.1828392671456713,-0.24216680724415052,,,,
cable,good,D:\Research\research-experiments\industrial-anomaly-detection\data\mvtec_ad\cable\test\good\037.png,2,layer3,0.5,1,0,39.92509078979492,40.277306589586985,2.1828392671456713,-0.16135672703589765,,,,
cable,good,D:\Research\research-experiments\industrial-anomaly-detection\data\mvtec_ad\cable\test\good\038.png,2,layer3,0.5,1,0,40.8850212097168,40.277306589586985,2.1828392671456713,0.27840557446287517,,,,
cable,good,D:\Research\research-experiments\industrial-anomaly-detection\data\mvtec_ad\cable\test\good\039.png,2,layer3,0.5,1,0,44.38166046142578,40.277306589586985,2.1828392671456713,1.8802822239888235,,,,
cable,good,D:\Research\research-experiments\industrial-anomaly-detection\data\mvtec_ad\cable\test\good\040.png,2,layer3,0.5,1,0,39.59642791748047,40.277306589586985,2.1828392671456713,-0.3119234120232994,,,,
cable,good,D:\Research\research-experiments\industrial-anomaly-detection\data\mvtec_ad\cable\test\good\041.png,2,layer3,0.5,1,0,43.586143493652344,40.277306589586985,2.1828392671456713,1.5158408380622852,,,,
cable,good,D:\Research\research-experiments\industrial-anomaly-detection\data\mvtec_ad\cable\test\good\042.png,2,layer3,0.5,1,0,44.93010711669922,40.277306589586985,2.1828392671456713,2.1315360215213364,,,,
cable,good,D:\Research\research-experiments\industrial-anomaly-detection\data\mvtec_ad\cable\test\good\043.png,2,layer3,0.5,1,0,38.578163146972656,40.277306589586985,2.1828392671456713,-0.7784097840773068,,,,
cable,good,D:\Research\research-experiments\industrial-anomaly-detection\data\mvtec_ad\cable\test\good\044.png,2,layer3,0.5,1,0,40.93256759643555,40.277306589586985,2.1828392671456713,0.3001874745021404,,,,
cable,good,D:\Research\research-experiments\industrial-anomaly-detection\data\mvtec_ad\cable\test\good\045.png,2,layer3,0.5,1,0,41.11101531982422,40.277306589586985,2.1828392671456713,0.38193775546626013,,,,
cable,good,D:\Research\research-experiments\industrial-anomaly-detection\data\mvtec_ad\cable\test\good\046.png,2,layer3,0.5,1,0,39.65675735473633,40.277306589586985,2.1828392671456713,-0.2842853544879191,,,,
cable,good,D:\Research\research-experiments\industrial-anomaly-detection\data\mvtec_ad\cable\test\good\047.png,2,layer3,0.5,1,0,40.219417572021484,40.277306589586985,2.1828392671456713,-0.02652005506626121,,,,
cable,good,D:\Research\research-experiments\industrial-anomaly-detection\data\mvtec_ad\cable\test\good\048.png,2,layer3,0.5,1,0,41.23638153076172,40.277306589586985,2.1828392671456713,0.439370390486351,,,,
cable,good,D:\Research\research-experiments\industrial-anomaly-detection\data\mvtec_ad\cable\test\good\049.png,2,layer3,0.5,1,0,40.49091339111328,40.277306589586985,2.1828392671456713,0.0978573203906183,,,,
cable,good,D:\Research\research-experiments\industrial-anomaly-detection\data\mvtec_ad\cable\test\good\050.png,2,layer3,0.5,1,0,39.97098922729492,40.277306589586985,2.1828392671456713,-0.14032978373740285,,,,
cable,good,D:\Research\research-experiments\industrial-anomaly-detection\data\mvtec_ad\cable\test\good\051.png,2,layer3,0.5,1,0,41.89303970336914,40.277306589586985,2.1828392671456713,0.7401979330777405,,,,
cable,good,D:\Research\research-experiments\industrial-anomaly-detection\data\mvtec_ad\cable\test\good\052.png,2,layer3,0.5,1,0,38.782623291015625,40.277306589586985,2.1828392671456713,-0.6847427206703316,,,,
cable,good,D:\Research\research-experiments\industrial-anomaly-detection\data\mvtec_ad\cable\test\good\053.png,2,layer3,0.5,1,0,41.5019416809082,40.277306589586985,2.1828392671456713,0.5610285236084185,,,,
cable,good,D:\Research\research-experiments\industrial-anomaly-detection\data\mvtec_ad\cable\test\good\054.png,2,layer3,0.5,1,0,39.580623626708984,40.277306589586985,2.1828392671456713,-0.31916365687749354,,,,
cable,good,D:\Research\research-experiments\industrial-anomaly-detection\data\mvtec_ad\cable\test\good\055.png,2,layer3,0.5,1,0,43.51625061035156,40.277306589586985,2.1828392671456713,1.4838215848113692,,,,
cable,good,D:\Research\research-experiments\industrial-anomaly-detection\data\mvtec_ad\cable\test\good\056.png,2,layer3,0.5,1,0,39.47346878051758,40.277306589586985,2.1828392671456713,-0.36825332087805196,,,,
cable,good,D:\Research\research-experiments\industrial-anomaly-detection\data\mvtec_ad\cable\test\good\057.png,2,layer3,0.5,1,0,48.78150939941406,40.277306589586985,2.1828392671456713,3.8959363329336476,,,,
cable,bent_wire,D:\Research\research-experiments\industrial-anomaly-detection\data\mvtec_ad\cable\test\bent_wire\000.png,2,layer3,0.5,0,1,60.696128845214844,40.277306589586985,2.1828392671456713,9.354249102513151,D:\Research\research-experiments\industrial-anomaly-detection\data\mvtec_ad\cable\ground_truth\bent_wire\000_mask.png,23162,0.022089004516601562,-3.8126752821831915
cable,bent_wire,D:\Research\research-experiments\industrial-anomaly-detection\data\mvtec_ad\cable\test\bent_wire\001.png,2,layer3,0.5,0,1,64.45010375976562,40.277306589586985,2.1828392671456713,11.074016091797507,D:\Research\research-experiments\industrial-anomaly-detection\data\mvtec_ad\cable\ground_truth\bent_wire\001_mask.png,15206,0.014501571655273438,-4.233498176452484
cable,bent_wire,D:\Research\research-experiments\industrial-anomaly-detection\data\mvtec_ad\cable\test\bent_wire\002.png,2,layer3,0.5,0,1,66.49555969238281,40.277306589586985,2.1828392671456713,12.011078184918027,D:\Research\research-experiments\industrial-anomaly-detection\data\mvtec_ad\cable\ground_truth\bent_wire\002_mask.png,37083,0.03536510467529297,-3.3420296603665127
cable,bent_wire,D:\Research\research-experiments\industrial-anomaly-detection\data\mvtec_ad\cable\test\bent_wire\003.png,2,layer3,0.5,0,1,60.850494384765625,40.277306589586985,2.1828392671456713,9.424966879068743,D:\Research\research-experiments\industrial-anomaly-detection\data\mvtec_ad\cable\ground_truth\bent_wire\003_mask.png,12881,0.012284278869628906,-4.399434893397962
cable,bent_wire,D:\Research\research-experiments\industrial-anomaly-detection\data\mvtec_ad\cable\test\bent_wire\004.png,2,layer3,0.5,0,1,65.66203308105469,40.277306589586985,2.1828392671456713,11.629223861572424,D:\Research\research-experiments\industrial-anomaly-detection\data\mvtec_ad\cable\ground_truth\bent_wire\004_mask.png,32843,0.03132152557373047,-3.463449667868214
cable,bent_wire,D:\Research\research-experiments\industrial-anomaly-detection\data\mvtec_ad\cable\test\bent_wire\005.png,2,layer3,0.5,0,1,65.58991241455078,40.277306589586985,2.1828392671456713,11.596184018653428,D:\Research\research-experiments\industrial-anomaly-detection\data\mvtec_ad\cable\ground_truth\bent_wire\005_mask.png,37738,0.03598976135253906,-3.324520760065567
cable,bent_wire,D:\Research\research-experiments\industrial-anomaly-detection\data\mvtec_ad\cable\test\bent_wire\006.png,2,layer3,0.5,0,1,63.42738723754883,40.277306589586985,2.1828392671456713,10.60549028799239,D:\Research\research-experiments\industrial-anomaly-detection\data\mvtec_ad\cable\ground_truth\bent_wire\006_mask.png,40784,0.0388946533203125,-3.2468984588725354
cable,bent_wire,D:\Research\research-experiments\industrial-anomaly-detection\data\mvtec_ad\cable\test\bent_wire\007.png,2,layer3,0.5,0,1,63.156280517578125,40.277306589586985,2.1828392671456713,10.481291166210415,D:\Research\research-experiments\industrial-anomaly-detection\data\mvtec_ad\cable\ground_truth\bent_wire\007_mask.png,38552,0.03676605224609375,-3.303180325679734
cable,bent_wire,D:\Research\research-experiments\industrial-anomaly-detection\data\mvtec_ad\cable\test\bent_wire\008.png,2,layer3,0.5,0,1,52.662296295166016,40.277306589586985,2.1828392671456713,5.673798291971317,D:\Research\research-experiments\industrial-anomaly-detection\data\mvtec_ad\cable\ground_truth\bent_wire\008_mask.png,19659,0.01874828338623047,-3.9766530301530847
cable,bent_wire,D:\Research\research-experiments\industrial-anomaly-detection\data\mvtec_ad\cable\test\bent_wire\009.png,2,layer3,0.5,0,1,69.72554016113281,40.277306589586985,2.1828392671456713,13.490793396828062,D:\Research\research-experiments\industrial-anomaly-detection\data\mvtec_ad\cable\ground_truth\bent_wire\009_mask.png,38202,0.03643226623535156,-3.3123004345056297
cable,bent_wire,D:\Research\research-experiments\industrial-anomaly-detection\data\mvtec_ad\cable\test\bent_wire\010.png,2,layer3,0.5,0,1,63.524803161621094,40.277306589586985,2.1828392671456713,10.6501183673652,D:\Research\research-experiments\industrial-anomaly-detection\data\mvtec_ad\cable\ground_truth\bent_wire\010_mask.png,38102,0.03633689880371094,-3.314921530503291
cable,bent_wire,D:\Research\research-experiments\industrial-anomaly-detection\data\mvtec_ad\cable\test\bent_wire\011.png,2,layer3,0.5,0,1,75.94657897949219,40.277306589586985,2.1828392671456713,16.340769073916803,D:\Research\research-experiments\industrial-anomaly-detection\data\mvtec_ad\cable\ground_truth\bent_wire\011_mask.png,119231,0.1137075424194336,-2.1741255354885243
cable,bent_wire,D:\Research\research-experiments\industrial-anomaly-detection\data\mvtec_ad\cable\test\bent_wire\012.png,2,layer3,0.5,0,1,63.471492767333984,40.277306589586985,2.1828392671456713,10.625695866318287,D:\Research\research-experiments\industrial-anomaly-detection\data\mvtec_ad\cable\ground_truth\bent_wire\012_mask.png,72366,0.06901359558105469,-2.67345174189771
cable,cable_swap,D:\Research\research-experiments\industrial-anomaly-detection\data\mvtec_ad\cable\test\cable_swap\000.png,2,layer3,0.5,0,1,42.94514083862305,40.277306589586985,2.1828392671456713,1.2221853845082147,D:\Research\research-experiments\industrial-anomaly-detection\data\mvtec_ad\cable\ground_truth\cable_swap\000_mask.png,67133,0.06402301788330078,-2.7485125902366585
cable,cable_swap,D:\Research\research-experiments\industrial-anomaly-detection\data\mvtec_ad\cable\test\cable_swap\001.png,2,layer3,0.5,0,1,46.1702766418457,40.277306589586985,2.1828392671456713,2.6996811634071873,D:\Research\research-experiments\industrial-anomaly-detection\data\mvtec_ad\cable\ground_truth\cable_swap\001_mask.png,61514,0.05866432189941406,-2.83592352398831
cable,cable_swap,D:\Research\research-experiments\industrial-anomaly-detection\data\mvtec_ad\cable\test\cable_swap\002.png,2,layer3,0.5,0,1,44.14012145996094,40.277306589586985,2.1828392671456713,1.7696286339145137,D:\Research\research-experiments\industrial-anomaly-detection\data\mvtec_ad\cable\ground_truth\cable_swap\002_mask.png,57103,0.054457664489746094,-2.9103316591675092
cable,cable_swap,D:\Research\research-experiments\industrial-anomaly-detection\data\mvtec_ad\cable\test\cable_swap\003.png,2,layer3,0.5,0,1,43.64512252807617,40.277306589586985,2.1828392671456713,1.5428602504906452,D:\Research\research-experiments\industrial-anomaly-detection\data\mvtec_ad\cable\ground_truth\cable_swap\003_mask.png,59063,0.056326866149902344,-2.876583643636658
cable,cable_swap,D:\Research\research-experiments\industrial-anomaly-detection\data\mvtec_ad\cable\test\cable_swap\004.png,2,layer3,0.5,0,1,44.685970306396484,40.277306589586985,2.1828392671456713,2.0196923260292845,D:\Research\research-experiments\industrial-anomaly-detection\data\mvtec_ad\cable\ground_truth\cable_swap\004_mask.png,55036,0.052486419677734375,-2.947200796598652
cable,cable_swap,D:\Research\research-experiments\industrial-anomaly-detection\data\mvtec_ad\cable\test\cable_swap\005.png,2,layer3,0.5,0,1,43.18565368652344,40.277306589586985,2.1828392671456713,1.332368874204591,D:\Research\research-experiments\industrial-anomaly-detection\data\mvtec_ad\cable\ground_truth\cable_swap\005_mask.png,65474,0.06244087219238281,-2.77353519892944
cable,cable_swap,D:\Research\research-experiments\industrial-anomaly-detection\data\mvtec_ad\cable\test\cable_swap\006.png,2,layer3,0.5,0,1,39.282569885253906,40.277306589586985,2.1828392671456713,-0.4557077194391038,D:\Research\research-experiments\industrial-anomaly-detection\data\mvtec_ad\cable\ground_truth\cable_swap\006_mask.png,67894,0.06474876403808594,-2.737240651355251
cable,cable_swap,D:\Research\research-experiments\industrial-anomaly-detection\data\mvtec_ad\cable\test\cable_swap\007.png,2,layer3,0.5,0,1,43.61602020263672,40.277306589586985,2.1828392671456713,1.5295279241588453,D:\Research\research-experiments\industrial-anomaly-detection\data\mvtec_ad\cable\ground_truth\cable_swap\007_mask.png,63705,0.060753822326660156,-2.8009252633235553
cable,cable_swap,D:\Research\research-experiments\industrial-anomaly-detection\data\mvtec_ad\cable\test\cable_swap\008.png,2,layer3,0.5,0,1,45.78154754638672,40.277306589586985,2.1828392671456713,2.521597004252723,D:\Research\research-experiments\industrial-anomaly-detection\data\mvtec_ad\cable\ground_truth\cable_swap\008_mask.png,61687,0.058829307556152344,-2.833115103427395
cable,cable_swap,D:\Research\research-experiments\industrial-anomaly-detection\data\mvtec_ad\cable\test\cable_swap\009.png,2,layer3,0.5,0,1,45.55147933959961,40.277306589586985,2.1828392671456713,2.4161984024179888,D:\Research\research-experiments\industrial-anomaly-detection\data\mvtec_ad\cable\ground_truth\cable_swap\009_mask.png,58211,0.05551433563232422,-2.8911139738884852
cable,cable_swap,D:\Research\research-experiments\industrial-anomaly-detection\data\mvtec_ad\cable\test\cable_swap\010.png,2,layer3,0.5,0,1,43.4610595703125,40.277306589586985,2.1828392671456713,1.4585375243357521,D:\Research\research-experiments\industrial-anomaly-detection\data\mvtec_ad\cable\ground_truth\cable_swap\010_mask.png,60502,0.05769920349121094,-2.8525118925438706
cable,cable_swap,D:\Research\research-experiments\industrial-anomaly-detection\data\mvtec_ad\cable\test\cable_swap\011.png,2,layer3,0.5,0,1,43.95619201660156,40.277306589586985,2.1828392671456713,1.6853670732363035,D:\Research\research-experiments\industrial-anomaly-detection\data\mvtec_ad\cable\ground_truth\cable_swap\011_mask.png,51956,0.049549102783203125,-3.0047911054897316
cable,combined,D:\Research\research-experiments\industrial-anomaly-detection\data\mvtec_ad\cable\test\combined\000.png,2,layer3,0.5,0,1,67.88848876953125,40.277306589586985,2.1828392671456713,12.64920537005423,D:\Research\research-experiments\industrial-anomaly-detection\data\mvtec_ad\cable\ground_truth\combined\000_mask.png,42321,0.040360450744628906,-3.209904890679564
cable,combined,D:\Research\research-experiments\industrial-anomaly-detection\data\mvtec_ad\cable\test\combined\001.png,2,layer3,0.5,0,1,62.614192962646484,40.277306589586985,2.1828392671456713,10.23295059295305,D:\Research\research-experiments\industrial-anomaly-detection\data\mvtec_ad\cable\ground_truth\combined\001_mask.png,41285,0.03937244415283203,-3.2346890689489034
cable,combined,D:\Research\research-experiments\industrial-anomaly-detection\data\mvtec_ad\cable\test\combined\002.png,2,layer3,0.5,0,1,58.241703033447266,40.277306589586985,2.1828392671456713,8.229830163973054,D:\Research\research-experiments\industrial-anomaly-detection\data\mvtec_ad\cable\ground_truth\combined\002_mask.png,23893,0.02278614044189453,-3.78160275932205
cable,combined,D:\Research\research-experiments\industrial-anomaly-detection\data\mvtec_ad\cable\test\combined\003.png,2,layer3,0.5,0,1,56.87189483642578,40.277306589586985,2.1828392671456713,7.602295091813263,D:\Research\research-experiments\industrial-anomaly-detection\data\mvtec_ad\cable\ground_truth\combined\003_mask.png,32849,0.031327247619628906,-3.46326699722871
cable,combined,D:\Research\research-experiments\industrial-anomaly-detection\data\mvtec_ad\cable\test\combined\004.png,2,layer3,0.5,0,1,54.209476470947266,40.277306589586985,2.1828392671456713,6.382590826111669,D:\Research\research-experiments\industrial-anomaly-detection\data\mvtec_ad\cable\ground_truth\combined\004_mask.png,49977,0.047661781311035156,-3.0436254116399084
cable,combined,D:\Research\research-experiments\industrial-anomaly-detection\data\mvtec_ad\cable\test\combined\005.png,2,layer3,0.5,0,1,61.32231521606445,40.277306589586985,2.1828392671456713,9.64111693574048,D:\Research\research-experiments\industrial-anomaly-detection\data\mvtec_ad\cable\ground_truth\combined\005_mask.png,148557,0.14167499542236328,-1.9542196021788751
cable,combined,D:\Research\research-experiments\industrial-anomaly-detection\data\mvtec_ad\cable\test\combined\006.png,2,layer3,0.5,0,1,61.4640007019043,40.277306589586985,2.1828392671456713,9.706025739596255,D:\Research\research-experiments\industrial-anomaly-detection\data\mvtec_ad\cable\ground_truth\combined\006_mask.png,94011,0.08965587615966797,-2.4117765243628666
cable,combined,D:\Research\research-experiments\industrial-anomaly-detection\data\mvtec_ad\cable\test\combined\007.png,2,layer3,0.5,0,1,54.22745895385742,40.277306589586985,2.1828392671456713,6.390828942028317,D:\Research\research-experiments\industrial-anomaly-detection\data\mvtec_ad\cable\ground_truth\combined\007_mask.png,77899,0.07429027557373047,-2.599775202932224
cable,combined,D:\Research\research-experiments\industrial-anomaly-detection\data\mvtec_ad\cable\test\combined\008.png,2,layer3,0.5,0,1,73.30672454833984,40.277306589586985,2.1828392671456713,15.1314017737746,D:\Research\research-experiments\industrial-anomaly-detection\data\mvtec_ad\cable\ground_truth\combined\008_mask.png,48510,0.04626274108886719,-3.0734183483439774
cable,combined,D:\Research\research-experiments\industrial-anomaly-detection\data\mvtec_ad\cable\test\combined\009.png,2,layer3,0.5,0,1,52.298431396484375,40.277306589586985,2.1828392671456713,5.5071048921602355,D:\Research\research-experiments\industrial-anomaly-detection\data\mvtec_ad\cable\ground_truth\combined\009_mask.png,92936,0.08863067626953125,-2.42327723672282
cable,combined,D:\Research\research-experiments\industrial-anomaly-detection\data\mvtec_ad\cable\test\combined\010.png,2,layer3,0.5,0,1,62.047794342041016,40.277306589586985,2.1828392671456713,9.973472660184274,D:\Research\research-experiments\industrial-anomaly-detection\data\mvtec_ad\cable\ground_truth\combined\010_mask.png,78276,0.07464981079101562,-2.594947276218929
cable,cut_inner_insulation,D:\Research\research-experiments\industrial-anomaly-detection\data\mvtec_ad\cable\test\cut_inner_insulation\000.png,2,layer3,0.5,0,1,49.15884017944336,40.277306589586985,2.1828392671456713,4.06879870796445,D:\Research\research-experiments\industrial-anomaly-detection\data\mvtec_ad\cable\ground_truth\cut_inner_insulation\000_mask.png,33306,0.03176307678222656,-3.4494507397975944
cable,cut_inner_insulation,D:\Research\research-experiments\industrial-anomaly-detection\data\mvtec_ad\cable\test\cut_inner_insulation\001.png,2,layer3,0.5,0,1,55.01094436645508,40.277306589586985,2.1828392671456713,6.749758444713212,D:\Research\research-experiments\industrial-anomaly-detection\data\mvtec_ad\cable\ground_truth\cut_inner_insulation\001_mask.png,30558,0.029142379760742188,-3.5355617807719595
cable,cut_inner_insulation,D:\Research\research-experiments\industrial-anomaly-detection\data\mvtec_ad\cable\test\cut_inner_insulation\002.png,2,layer3,0.5,0,1,46.472259521484375,40.277306589586985,2.1828392671456713,2.83802523856832,D:\Research\research-experiments\industrial-anomaly-detection\data\mvtec_ad\cable\ground_truth\cut_inner_insulation\002_mask.png,26929,0.025681495666503906,-3.6619845204527564
cable,cut_inner_insulation,D:\Research\research-experiments\industrial-anomaly-detection\data\mvtec_ad\cable\test\cut_inner_insulation\003.png,2,layer3,0.5,0,1,52.317317962646484,40.277306589586985,2.1828392671456713,5.515757185733278,D:\Research\research-experiments\industrial-anomaly-detection\data\mvtec_ad\cable\ground_truth\cut_inner_insulation\003_mask.png,62868,0.059955596923828125,-2.8141510253236763
cable,cut_inner_insulation,D:\Research\research-experiments\industrial-anomaly-detection\data\mvtec_ad\cable\test\cut_inner_insulation\004.png,2,layer3,0.5,0,1,60.25859069824219,40.277306589586985,2.1828392671456713,9.153804592668505,D:\Research\research-experiments\industrial-anomaly-detection\data\mvtec_ad\cable\ground_truth\cut_inner_insulation\004_mask.png,44383,0.042326927185058594,-3.162331795354217
cable,cut_inner_insulation,D:\Research\research-experiments\industrial-anomaly-detection\data\mvtec_ad\cable\test\cut_inner_insulation\005.png,2,layer3,0.5,0,1,49.866451263427734,40.277306589586985,2.1828392671456713,4.39296874404304,D:\Research\research-experiments\industrial-anomaly-detection\data\mvtec_ad\cable\ground_truth\cut_inner_insulation\005_mask.png,27373,0.02610492706298828,-3.645631167802856
cable,cut_inner_insulation,D:\Research\research-experiments\industrial-anomaly-detection\data\mvtec_ad\cable\test\cut_inner_insulation\006.png,2,layer3,0.5,0,1,49.061397552490234,40.277306589586985,2.1828392671456713,4.024158395496302,D:\Research\research-experiments\industrial-anomaly-detection\data\mvtec_ad\cable\ground_truth\cut_inner_insulation\006_mask.png,19775,0.018858909606933594,-3.970769765537718
cable,cut_inner_insulation,D:\Research\research-experiments\industrial-anomaly-detection\data\mvtec_ad\cable\test\cut_inner_insulation\007.png,2,layer3,0.5,0,1,55.14292526245117,40.277306589586985,2.1828392671456713,6.810221392206673,D:\Research\research-experiments\industrial-anomaly-detection\data\mvtec_ad\cable\ground_truth\cut_inner_insulation\007_mask.png,41070,0.03916740417480469,-3.239910378716868
cable,cut_inner_insulation,D:\Research\research-experiments\industrial-anomaly-detection\data\mvtec_ad\cable\test\cut_inner_insulation\008.png,2,layer3,0.5,0,1,45.515953063964844,40.277306589586985,2.1828392671456713,2.3999231428652226,D:\Research\research-experiments\industrial-anomaly-detection\data\mvtec_ad\cable\ground_truth\cut_inner_insulation\008_mask.png,26265,0.025048255920410156,-3.686951037887906
cable,cut_inner_insulation,D:\Research\research-experiments\industrial-anomaly-detection\data\mvtec_ad\cable\test\cut_inner_insulation\009.png,2,layer3,0.5,0,1,51.564701080322266,40.277306589586985,2.1828392671456713,5.170969141257444,D:\Research\research-experiments\industrial-anomaly-detection\data\mvtec_ad\cable\ground_truth\cut_inner_insulation\009_mask.png,61146,0.05831336975097656,-2.8419238679934318
cable,cut_inner_insulation,D:\Research\research-experiments\industrial-anomaly-detection\data\mvtec_ad\cable\test\cut_inner_insulation\010.png,2,layer3,0.5,0,1,54.342071533203125,40.277306589586985,2.1828392671456713,6.443335134797871,D:\Research\research-experiments\industrial-anomaly-detection\data\mvtec_ad\cable\ground_truth\cut_inner_insulation\010_mask.png,31665,0.030198097229003906,-3.4999763291337067
cable,cut_inner_insulation,D:\Research\research-experiments\industrial-anomaly-detection\data\mvtec_ad\cable\test\cut_inner_insulation\011.png,2,layer3,0.5,0,1,56.86529541015625,40.277306589586985,2.1828392671456713,7.599271769680085,D:\Research\research-experiments\industrial-anomaly-detection\data\mvtec_ad\cable\ground_truth\cut_inner_insulation\011_mask.png,56332,0.053722381591796875,-2.9239255562667497
cable,cut_inner_insulation,D:\Research\research-experiments\industrial-anomaly-detection\data\mvtec_ad\cable\test\cut_inner_insulation\012.png,2,layer3,0.5,0,1,49.93510818481445,40.277306589586985,2.1828392671456713,4.4244217797383785,D:\Research\research-experiments\industrial-anomaly-detection\data\mvtec_ad\cable\ground_truth\cut_inner_insulation\012_mask.png,103750,0.09894371032714844,-2.313204162999205
cable,cut_inner_insulation,D:\Research\research-experiments\industrial-anomaly-detection\data\mvtec_ad\cable\test\cut_inner_insulation\013.png,2,layer3,0.5,0,1,57.25092697143555,40.277306589586985,2.1828392671456713,7.775936889775509,D:\Research\research-experiments\industrial-anomaly-detection\data\mvtec_ad\cable\ground_truth\cut_inner_insulation\013_mask.png,29743,0.028365135192871094,-3.5625944867742345
cable,cut_outer_insulation,D:\Research\research-experiments\industrial-anomaly-detection\data\mvtec_ad\cable\test\cut_outer_insulation\000.png,2,layer3,0.5,0,1,56.037620544433594,40.277306589586985,2.1828392671456713,7.220098241798235,D:\Research\research-experiments\industrial-anomaly-detection\data\mvtec_ad\cable\ground_truth\cut_outer_insulation\000_mask.png,23454,0.022367477416992188,-3.800147231470129
cable,cut_outer_insulation,D:\Research\research-experiments\industrial-anomaly-detection\data\mvtec_ad\cable\test\cut_outer_insulation\001.png,2,layer3,0.5,0,1,56.1491813659668,40.277306589586985,2.1828392671456713,7.271206366529325,D:\Research\research-experiments\industrial-anomaly-detection\data\mvtec_ad\cable\ground_truth\cut_outer_insulation\001_mask.png,7513,0.007164955139160156,-4.93855333926154
cable,cut_outer_insulation,D:\Research\research-experiments\industrial-anomaly-detection\data\mvtec_ad\cable\test\cut_outer_insulation\002.png,2,layer3,0.5,0,1,51.47929000854492,40.277306589586985,2.1828392671456713,5.1318407120309395,D:\Research\research-experiments\industrial-anomaly-detection\data\mvtec_ad\cable\ground_truth\cut_outer_insulation\002_mask.png,14604,0.013927459716796875,-4.273892796622778
cable,cut_outer_insulation,D:\Research\research-experiments\industrial-anomaly-detection\data\mvtec_ad\cable\test\cut_outer_insulation\003.png,2,layer3,0.5,0,1,47.57622528076172,40.277306589586985,2.1828392671456713,3.3437728563124853,D:\Research\research-experiments\industrial-anomaly-detection\data\mvtec_ad\cable\ground_truth\cut_outer_insulation\003_mask.png,7697,0.007340431213378906,-4.914357553432819
cable,cut_outer_insulation,D:\Research\research-experiments\industrial-anomaly-detection\data\mvtec_ad\cable\test\cut_outer_insulation\004.png,2,layer3,0.5,0,1,46.735694885253906,40.277306589586985,2.1828392671456713,2.9587099668186068,D:\Research\research-experiments\industrial-anomaly-detection\data\mvtec_ad\cable\ground_truth\cut_outer_insulation\004_mask.png,24050,0.022935867309570312,-3.775053292065166
cable,cut_outer_insulation,D:\Research\research-experiments\industrial-anomaly-detection\data\mvtec_ad\cable\test\cut_outer_insulation\005.png,2,layer3,0.5,0,1,57.296112060546875,40.277306589586985,2.1828392671456713,7.796637034670012,D:\Research\research-experiments\industrial-anomaly-detection\data\mvtec_ad\cable\ground_truth\cut_outer_insulation\005_mask.png,4647,0.004431724548339844,-5.418966256468161
cable,cut_outer_insulation,D:\Research\research-experiments\industrial-anomaly-detection\data\mvtec_ad\cable\test\cut_outer_insulation\006.png,2,layer3,0.5,0,1,53.56336975097656,40.277306589586985,2.1828392671456713,6.0865971037632685,D:\Research\research-experiments\industrial-anomaly-detection\data\mvtec_ad\cable\ground_truth\cut_outer_insulation\006_mask.png,11710,0.011167526245117188,-4.494745065061801
cable,cut_outer_insulation,D:\Research\research-experiments\industrial-anomaly-detection\data\mvtec_ad\cable\test\cut_outer_insulation\007.png,2,layer3,0.5,0,1,49.69684600830078,40.277306589586985,2.1828392671456713,4.315269365220369,D:\Research\research-experiments\industrial-anomaly-detection\data\mvtec_ad\cable\ground_truth\cut_outer_insulation\007_mask.png,21941,0.02092456817626953,-3.866831251766246
cable,cut_outer_insulation,D:\Research\research-experiments\industrial-anomaly-detection\data\mvtec_ad\cable\test\cut_outer_insulation\008.png,2,layer3,0.5,0,1,48.049530029296875,40.277306589586985,2.1828392671456713,3.5606027235679245,D:\Research\research-experiments\industrial-anomaly-detection\data\mvtec_ad\cable\ground_truth\cut_outer_insulation\008_mask.png,35537,0.033890724182128906,-3.3846138954767726
cable,cut_outer_insulation,D:\Research\research-experiments\industrial-anomaly-detection\data\mvtec_ad\cable\test\cut_outer_insulation\009.png,2,layer3,0.5,0,1,52.29547119140625,40.277306589586985,2.1828392671456713,5.505748766162926,D:\Research\research-experiments\industrial-anomaly-detection\data\mvtec_ad\cable\ground_truth\cut_outer_insulation\009_mask.png,10318,0.009840011596679688,-4.62129828776842
cable,missing_cable,D:\Research\research-experiments\industrial-anomaly-detection\data\mvtec_ad\cable\test\missing_cable\000.png,2,layer3,0.5,0,1,62.446868896484375,40.277306589586985,2.1828392671456713,10.15629626998913,D:\Research\research-experiments\industrial-anomaly-detection\data\mvtec_ad\cable\ground_truth\missing_cable\000_mask.png,74489,0.07103824615478516,-2.6445368546625256
cable,missing_cable,D:\Research\research-experiments\industrial-anomaly-detection\data\mvtec_ad\cable\test\missing_cable\001.png,2,layer3,0.5,0,1,62.671749114990234,40.277306589586985,2.1828392671456713,10.259318156158477,D:\Research\research-experiments\industrial-anomaly-detection\data\mvtec_ad\cable\ground_truth\missing_cable\001_mask.png,71763,0.06843852996826172,-2.681819294708357
cable,missing_cable,D:\Research\research-experiments\industrial-anomaly-detection\data\mvtec_ad\cable\test\missing_cable\002.png,2,layer3,0.5,0,1,61.36092758178711,40.277306589586985,2.1828392671456713,9.658805991597141,D:\Research\research-experiments\industrial-anomaly-detection\data\mvtec_ad\cable\ground_truth\missing_cable\002_mask.png,69188,0.06598281860351562,-2.718360879879632
cable,missing_cable,D:\Research\research-experiments\industrial-anomaly-detection\data\mvtec_ad\cable\test\missing_cable\003.png,2,layer3,0.5,0,1,63.01472473144531,40.277306589586985,2.1828392671456713,10.416441780246274,D:\Research\research-experiments\industrial-anomaly-detection\data\mvtec_ad\cable\ground_truth\missing_cable\003_mask.png,74858,0.07139015197753906,-2.639595332627382
cable,missing_cable,D:\Research\research-experiments\industrial-anomaly-detection\data\mvtec_ad\cable\test\missing_cable\004.png,2,layer3,0.5,0,1,61.23823547363281,40.277306589586985,2.1828392671456713,9.602598413695755,D:\Research\research-experiments\industrial-anomaly-detection\data\mvtec_ad\cable\ground_truth\missing_cable\004_mask.png,77885,0.07427692413330078,-2.5999549389750687
cable,missing_cable,D:\Research\research-experiments\industrial-anomaly-detection\data\mvtec_ad\cable\test\missing_cable\005.png,2,layer3,0.5,0,1,63.29890060424805,40.277306589586985,2.1828392671456713,10.54662812840297,D:\Research\research-experiments\industrial-anomaly-detection\data\mvtec_ad\cable\ground_truth\missing_cable\005_mask.png,70780,0.06750106811523438,-2.6956118424848716
cable,missing_cable,D:\Research\research-experiments\industrial-anomaly-detection\data\mvtec_ad\cable\test\missing_cable\006.png,2,layer3,0.5,0,1,60.59648513793945,40.277306589586985,2.1828392671456713,9.308600433472261,D:\Research\research-experiments\industrial-anomaly-detection\data\mvtec_ad\cable\ground_truth\missing_cable\006_mask.png,236776,0.22580718994140625,-1.4880737812661082
cable,missing_cable,D:\Research\research-experiments\industrial-anomaly-detection\data\mvtec_ad\cable\test\missing_cable\007.png,2,layer3,0.5,0,1,61.91863250732422,40.277306589586985,2.1828392671456713,9.914301178041343,D:\Research\research-experiments\industrial-anomaly-detection\data\mvtec_ad\cable\ground_truth\missing_cable\007_mask.png,158927,0.1515645980834961,-1.8867433483231728
cable,missing_cable,D:\Research\research-experiments\industrial-anomaly-detection\data\mvtec_ad\cable\test\missing_cable\008.png,2,layer3,0.5,0,1,60.602420806884766,40.277306589586985,2.1828392671456713,9.311319675807074,D:\Research\research-experiments\industrial-anomaly-detection\data\mvtec_ad\cable\ground_truth\missing_cable\008_mask.png,144175,0.1374959945678711,-1.9841604854423538
cable,missing_cable,D:\Research\research-experiments\industrial-anomaly-detection\data\mvtec_ad\cable\test\missing_cable\009.png,2,layer3,0.5,0,1,60.81756591796875,40.277306589586985,2.1828392671456713,9.409881724933719,D:\Research\research-experiments\industrial-anomaly-detection\data\mvtec_ad\cable\ground_truth\missing_cable\009_mask.png,151277,0.14426898956298828,-1.9360757319090696
cable,missing_cable,D:\Research\research-experiments\industrial-anomaly-detection\data\mvtec_ad\cable\test\missing_cable\010.png,2,layer3,0.5,0,1,63.40876770019531,40.277306589586985,2.1828392671456713,10.596960325372713,D:\Research\research-experiments\industrial-anomaly-detection\data\mvtec_ad\cable\ground_truth\missing_cable\010_mask.png,84372,0.08046340942382812,-2.5199527267837354
cable,missing_cable,D:\Research\research-experiments\industrial-anomaly-detection\data\mvtec_ad\cable\test\missing_cable\011.png,2,layer3,0.5,0,1,61.95090866088867,40.277306589586985,2.1828392671456713,9.929087495133146,D:\Research\research-experiments\industrial-anomaly-detection\data\mvtec_ad\cable\ground_truth\missing_cable\011_mask.png,77245,0.07366657257080078,-2.608206129878078
cable,missing_wire,D:\Research\research-experiments\industrial-anomaly-detection\data\mvtec_ad\cable\test\missing_wire\000.png,2,layer3,0.5,0,1,47.746707916259766,40.277306589586985,2.1828392671456713,3.4218741796962147,D:\Research\research-experiments\industrial-anomaly-detection\data\mvtec_ad\cable\ground_truth\missing_wire\000_mask.png,24951,0.023795127868652344,-3.7382743886367003
cable,missing_wire,D:\Research\research-experiments\industrial-anomaly-detection\data\mvtec_ad\cable\test\missing_wire\001.png,2,layer3,0.5,0,1,52.97488021850586,40.277306589586985,2.1828392671456713,5.8169989059810625,D:\Research\research-experiments\industrial-anomaly-detection\data\mvtec_ad\cable\ground_truth\missing_wire\001_mask.png,16616,0.01584625244140625,-4.144822182536556
cable,missing_wire,D:\Research\research-experiments\industrial-anomaly-detection\data\mvtec_ad\cable\test\missing_wire\002.png,2,layer3,0.5,0,1,51.19835662841797,40.277306589586985,2.1828392671456713,5.003139811165111,D:\Research\research-experiments\industrial-anomaly-detection\data\mvtec_ad\cable\ground_truth\missing_wire\002_mask.png,15156,0.014453887939453125,-4.2367917698748805
cable,missing_wire,D:\Research\research-experiments\industrial-anomaly-detection\data\mvtec_ad\cable\test\missing_wire\003.png,2,layer3,0.5,0,1,58.16466522216797,40.277306589586985,2.1828392671456713,8.194537683927084,D:\Research\research-experiments\industrial-anomaly-detection\data\mvtec_ad\cable\ground_truth\missing_wire\003_mask.png,40701,0.03881549835205078,-3.248935644282583
cable,missing_wire,D:\Research\research-experiments\industrial-anomaly-detection\data\mvtec_ad\cable\test\missing_wire\004.png,2,layer3,0.5,0,1,60.04018783569336,40.277306589586985,2.1828392671456713,9.0537501059108,D:\Research\research-experiments\industrial-anomaly-detection\data\mvtec_ad\cable\ground_truth\missing_wire\004_mask.png,38640,0.0368499755859375,-3.300900295735392
cable,missing_wire,D:\Research\research-experiments\industrial-anomaly-detection\data\mvtec_ad\cable\test\missing_wire\005.png,2,layer3,0.5,0,1,56.68193435668945,40.277306589586985,2.1828392671456713,7.5152705991740385,D:\Research\research-experiments\industrial-anomaly-detection\data\mvtec_ad\cable\ground_truth\missing_wire\005_mask.png,18712,0.01784515380859375,-4.02602324689727
cable,missing_wire,D:\Research\research-experiments\industrial-anomaly-detection\data\mvtec_ad\cable\test\missing_wire\006.png,2,layer3,0.5,0,1,53.15790557861328,40.277306589586985,2.1828392671456713,5.900846289002878,D:\Research\research-experiments\industrial-anomaly-detection\data\mvtec_ad\cable\ground_truth\missing_wire\006_mask.png,18399,0.017546653747558594,-4.042891959913891
cable,missing_wire,D:\Research\research-experiments\industrial-anomaly-detection\data\mvtec_ad\cable\test\missing_wire\007.png,2,layer3,0.5,0,1,50.19689178466797,40.277306589586985,2.1828392671456713,4.544349803662847,D:\Research\research-experiments\industrial-anomaly-detection\data\mvtec_ad\cable\ground_truth\missing_wire\007_mask.png,18838,0.017965316772460938,-4.019312170153336
cable,missing_wire,D:\Research\research-experiments\industrial-anomaly-detection\data\mvtec_ad\cable\test\missing_wire\008.png,2,layer3,0.5,0,1,52.895450592041016,40.277306589586985,2.1828392671456713,5.780610690109947,D:\Research\research-experiments\industrial-anomaly-detection\data\mvtec_ad\cable\ground_truth\missing_wire\008_mask.png,18820,0.017948150634765625,-4.0202681423434905
cable,missing_wire,D:\Research\research-experiments\industrial-anomaly-detection\data\mvtec_ad\cable\test\missing_wire\009.png,2,layer3,0.5,0,1,58.152828216552734,40.277306589586985,2.1828392671456713,8.189114927522892,D:\Research\research-experiments\industrial-anomaly-detection\data\mvtec_ad\cable\ground_truth\missing_wire\009_mask.png,20485,0.01953601837158203,-3.935495370030433
cable,poke_insulation,D:\Research\research-experiments\industrial-anomaly-detection\data\mvtec_ad\cable\test\poke_insulation\000.png,2,layer3,0.5,0,1,47.146728515625,40.277306589586985,2.1828392671456713,3.1470122557491935,D:\Research\research-experiments\industrial-anomaly-detection\data\mvtec_ad\cable\ground_truth\poke_insulation\000_mask.png,8620,0.008220672607421875,-4.801103125896628
cable,poke_insulation,D:\Research\research-experiments\industrial-anomaly-detection\data\mvtec_ad\cable\test\poke_insulation\001.png,2,layer3,0.5,0,1,48.46530532836914,40.277306589586985,2.1828392671456713,3.751077260713274,D:\Research\research-experiments\industrial-anomaly-detection\data\mvtec_ad\cable\ground_truth\poke_insulation\001_mask.png,31427,0.02997112274169922,-3.507520902804313
cable,poke_insulation,D:\Research\research-experiments\industrial-anomaly-detection\data\mvtec_ad\cable\test\poke_insulation\002.png,2,layer3,0.5,0,1,41.69828414916992,40.277306589586985,2.1828392671456713,0.6509767260330801,D:\Research\research-experiments\industrial-anomaly-detection\data\mvtec_ad\cable\ground_truth\poke_insulation\002_mask.png,1506,0.0014362335205078125,-6.5457305065737055
cable,poke_insulation,D:\Research\research-experiments\industrial-anomaly-detection\data\mvtec_ad\cable\test\poke_insulation\003.png,2,layer3,0.5,0,1,43.511417388916016,40.277306589586985,2.1828392671456713,1.4816073945554522,D:\Research\research-experiments\industrial-anomaly-detection\data\mvtec_ad\cable\ground_truth\poke_insulation\003_mask.png,13376,0.01275634765625,-4.361726197482082
cable,poke_insulation,D:\Research\research-experiments\industrial-anomaly-detection\data\mvtec_ad\cable\test\poke_insulation\004.png,2,layer3,0.5,0,1,43.01409149169922,40.277306589586985,2.1828392671456713,1.2537729842522551,D:\Research\research-experiments\industrial-anomaly-detection\data\mvtec_ad\cable\ground_truth\poke_insulation\004_mask.png,31573,0.03011035919189453,-3.502885974026185
cable,poke_insulation,D:\Research\research-experiments\industrial-anomaly-detection\data\mvtec_ad\cable\test\poke_insulation\005.png,2,layer3,0.5,0,1,51.785011291503906,40.277306589586985,2.1828392671456713,5.27189742053919,D:\Research\research-experiments\industrial-anomaly-detection\data\mvtec_ad\cable\ground_truth\poke_insulation\005_mask.png,6611,0.006304740905761719,-5.06645324525454
cable,poke_insulation,D:\Research\research-experiments\industrial-anomaly-detection\data\mvtec_ad\cable\test\poke_insulation\006.png,2,layer3,0.5,0,1,45.676639556884766,40.277306589586985,2.1828392671456713,2.4735366678454835,D:\Research\research-experiments\industrial-anomaly-detection\data\mvtec_ad\cable\ground_truth\poke_insulation\006_mask.png,27740,0.026454925537109375,-3.63231287952994
cable,poke_insulation,D:\Research\research-experiments\industrial-anomaly-detection\data\mvtec_ad\cable\test\poke_insulation\007.png,2,layer3,0.5,0,1,45.44319152832031,40.277306589586985,2.1828392671456713,2.366589705658151,D:\Research\research-experiments\industrial-anomaly-detection\data\mvtec_ad\cable\ground_truth\poke_insulation\007_mask.png,51028,0.048664093017578125,-3.022813809991694
cable,poke_insulation,D:\Research\research-experiments\industrial-anomaly-detection\data\mvtec_ad\cable\test\poke_insulation\008.png,2,layer3,0.5,0,1,50.28880310058594,40.277306589586985,2.1828392671456713,4.586456117811279,D:\Research\research-experiments\industrial-anomaly-detection\data\mvtec_ad\cable\ground_truth\poke_insulation\008_mask.png,41654,0.03972434997558594,-3.2257909046264683
cable,poke_insulation,D:\Research\research-experiments\industrial-anomaly-detection\data\mvtec_ad\cable\test\poke_insulation\009.png,2,layer3,0.5,0,1,46.7568244934082,40.277306589586985,2.1828392671456713,2.9683898403999205,D:\Research\research-experiments\industrial-anomaly-detection\data\mvtec_ad\cable\ground_truth\poke_insulation\009_mask.png,37053,0.03533649444580078,-3.3428389837934276
cable,good,D:\Research\research-experiments\industrial-anomaly-detection\data\mvtec_ad\cable\test\good\000.png,2,layer3,0.75,1,0,39.24980163574219,41.65955780292379,2.022144042098139,-1.191683736179984,,,,
cable,good,D:\Research\research-experiments\industrial-anomaly-detection\data\mvtec_ad\cable\test\good\001.png,2,layer3,0.75,1,0,42.663291931152344,41.65955780292379,2.022144042098139,0.49637123139214906,,,,
cable,good,D:\Research\research-experiments\industrial-anomaly-detection\data\mvtec_ad\cable\test\good\002.png,2,layer3,0.75,1,0,41.77431106567383,41.65955780292379,2.022144042098139,0.056748312860526756,,,,
cable,good,D:\Research\research-experiments\industrial-anomaly-detection\data\mvtec_ad\cable\test\good\003.png,2,layer3,0.75,1,0,38.920753479003906,41.65955780292379,2.022144042098139,-1.3544061485739434,,,,
cable,good,D:\Research\research-experiments\industrial-anomaly-detection\data\mvtec_ad\cable\test\good\004.png,2,layer3,0.75,1,0,38.928443908691406,41.65955780292379,2.022144042098139,-1.3506030418083537,,,,
cable,good,D:\Research\research-experiments\industrial-anomaly-detection\data\mvtec_ad\cable\test\good\005.png,2,layer3,0.75,1,0,39.82651138305664,41.65955780292379,2.022144042098139,-0.9064865715328653,,,,
cable,good,D:\Research\research-experiments\industrial-anomaly-detection\data\mvtec_ad\cable\test\good\006.png,2,layer3,0.75,1,0,39.88566589355469,41.65955780292379,2.022144042098139,-0.8772332101171922,,,,
cable,good,D:\Research\research-experiments\industrial-anomaly-detection\data\mvtec_ad\cable\test\good\007.png,2,layer3,0.75,1,0,41.138397216796875,41.65955780292379,2.022144042098139,-0.2577267372042257,,,,
cable,good,D:\Research\research-experiments\industrial-anomaly-detection\data\mvtec_ad\cable\test\good\008.png,2,layer3,0.75,1,0,41.005699157714844,41.65955780292379,2.022144042098139,-0.32334919352753794,,,,
cable,good,D:\Research\research-experiments\industrial-anomaly-detection\data\mvtec_ad\cable\test\good\009.png,2,layer3,0.75,1,0,39.47709655761719,41.65955780292379,2.022144042098139,-1.0792808028858933,,,,
cable,good,D:\Research\research-experiments\industrial-anomaly-detection\data\mvtec_ad\cable\test\good\010.png,2,layer3,0.75,1,0,38.828590393066406,41.65955780292379,2.022144042098139,-1.3999830629869607,,,,
cable,good,D:\Research\research-experiments\industrial-anomaly-detection\data\mvtec_ad\cable\test\good\011.png,2,layer3,0.75,1,0,41.26455307006836,41.65955780292379,2.022144042098139,-0.1953395626780295,,,,
cable,good,D:\Research\research-experiments\industrial-anomaly-detection\data\mvtec_ad\cable\test\good\012.png,2,layer3,0.75,1,0,40.98685073852539,41.65955780292379,2.022144042098139,-0.332670200734273,,,,
cable,good,D:\Research\research-experiments\industrial-anomaly-detection\data\mvtec_ad\cable\test\good\013.png,2,layer3,0.75,1,0,44.51294708251953,41.65955780292379,2.022144042098139,1.4110712294437318,,,,
cable,good,D:\Research\research-experiments\industrial-anomaly-detection\data\mvtec_ad\cable\test\good\014.png,2,layer3,0.75,1,0,43.307273864746094,41.65955780292379,2.022144042098139,0.8148361479297298,,,,
cable,good,D:\Research\research-experiments\industrial-anomaly-detection\data\mvtec_ad\cable\test\good\015.png,2,layer3,0.75,1,0,41.88500213623047,41.65955780292379,2.022144042098139,0.11148777169837969,,,,
cable,good,D:\Research\research-experiments\industrial-anomaly-detection\data\mvtec_ad\cable\test\good\016.png,2,layer3,0.75,1,0,40.54742431640625,41.65955780292379,2.022144042098139,-0.5499773821075642,,,,
cable,good,D:\Research\research-experiments\industrial-anomaly-detection\data\mvtec_ad\cable\test\good\017.png,2,layer3,0.75,1,0,39.749202728271484,41.65955780292379,2.022144042098139,-0.9447176041278244,,,,
cable,good,D:\Research\research-experiments\industrial-anomaly-detection\data\mvtec_ad\cable\test\good\018.png,2,layer3,0.75,1,0,43.56068801879883,41.65955780292379,2.022144042098139,0.9401556844103242,,,,
cable,good,D:\Research\research-experiments\industrial-anomaly-detection\data\mvtec_ad\cable\test\good\019.png,2,layer3,0.75,1,0,43.07255935668945,41.65955780292379,2.022144042098139,0.6987640466499885,,,,
cable,good,D:\Research\research-experiments\industrial-anomaly-detection\data\mvtec_ad\cable\test\good\020.png,2,layer3,0.75,1,0,39.799652099609375,41.65955780292379,2.022144042098139,-0.9197691482870894,,,,
cable,good,D:\Research\research-experiments\industrial-anomaly-detection\data\mvtec_ad\cable\test\good\021.png,2,layer3,0.75,1,0,41.039573669433594,41.65955780292379,2.022144042098139,-0.3065974137267269,,,,
cable,good,D:\Research\research-experiments\industrial-anomaly-detection\data\mvtec_ad\cable\test\good\022.png,2,layer3,0.75,1,0,41.74854278564453,41.65955780292379,2.022144042098139,0.044005264149436826,,,,
cable,good,D:\Research\research-experiments\industrial-anomaly-detection\data\mvtec_ad\cable\test\good\023.png,2,layer3,0.75,1,0,39.84749221801758,41.65955780292379,2.022144042098139,-0.8961110322418224,,,,
cable,good,D:\Research\research-experiments\industrial-anomaly-detection\data\mvtec_ad\cable\test\good\024.png,2,layer3,0.75,1,0,41.16105651855469,41.65955780292379,2.022144042098139,-0.24652115476989936,,,,
cable,good,D:\Research\research-experiments\industrial-anomaly-detection\data\mvtec_ad\cable\test\good\025.png,2,layer3,0.75,1,0,39.743648529052734,41.65955780292379,2.022144042098139,-0.9474642923474168,,,,
cable,good,D:\Research\research-experiments\industrial-anomaly-detection\data\mvtec_ad\cable\test\good\026.png,2,layer3,0.75,1,0,40.60511779785156,41.65955780292379,2.022144042098139,-0.5214465355188856,,,,
cable,good,D:\Research\research-experiments\industrial-anomaly-detection\data\mvtec_ad\cable\test\good\027.png,2,layer3,0.75,1,0,39.67174530029297,41.65955780292379,2.022144042098139,-0.9830222087286653,,,,
cable,good,D:\Research\research-experiments\industrial-anomaly-detection\data\mvtec_ad\cable\test\good\028.png,2,layer3,0.75,1,0,39.864009857177734,41.65955780292379,2.022144042098139,-0.8879426531272377,,,,
cable,good,D:\Research\research-experiments\industrial-anomaly-detection\data\mvtec_ad\cable\test\good\029.png,2,layer3,0.75,1,0,40.076480865478516,41.65955780292379,2.022144042098139,-0.7828705099576911,,,,
cable,good,D:\Research\research-experiments\industrial-anomaly-detection\data\mvtec_ad\cable\test\good\030.png,2,layer3,0.75,1,0,44.95030212402344,41.65955780292379,2.022144042098139,1.6273540621197438,,,,
cable,good,D:\Research\research-experiments\industrial-anomaly-detection\data\mvtec_ad\cable\test\good\031.png,2,layer3,0.75,1,0,41.886192321777344,41.65955780292379,2.022144042098139,0.1120763477454352,,,,
cable,good,D:\Research\research-experiments\industrial-anomaly-detection\data\mvtec_ad\cable\test\good\032.png,2,layer3,0.75,1,0,42.55440902709961,41.65955780292379,2.022144042098139,0.4425259553950151,,,,
cable,good,D:\Research\research-experiments\industrial-anomaly-detection\data\mvtec_ad\cable\test\good\033.png,2,layer3,0.75,1,0,41.32081604003906,41.65955780292379,2.022144042098139,-0.16751613922283107,,,,
cable,good,D:\Research\research-experiments\industrial-anomaly-detection\data\mvtec_ad\cable\test\good\034.png,2,layer3,0.75,1,0,42.61143112182617,41.65955780292379,2.022144042098139,0.47072478472638035,,,,
cable,good,D:\Research\research-experiments\industrial-anomaly-detection\data\mvtec_ad\cable\test\good\035.png,2,layer3,0.75,1,0,40.19392013549805,41.65955780292379,2.022144042098139,-0.724793900391501,,,,
cable,good,D:\Research\research-experiments\industrial-anomaly-detection\data\mvtec_ad\cable\test\good\036.png,2,layer3,0.75,1,0,43.05089569091797,41.65955780292379,2.022144042098139,0.6880508307165644,,,,
cable,good,D:\Research\research-experiments\industrial-anomaly-detection\data\mvtec_ad\cable\test\good\037.png,2,layer3,0.75,1,0,41.55945587158203,41.65955780292379,2.022144042098139,-0.049502868864820124,,,,
cable,good,D:\Research\research-experiments\industrial-anomaly-detection\data\mvtec_ad\cable\test\good\038.png,2,layer3,0.75,1,0,43.63263702392578,41.65955780292379,2.022144042098139,0.9757362383318441,,,,
cable,good,D:\Research\research-experiments\industrial-anomaly-detection\data\mvtec_ad\cable\test\good\039.png,2,layer3,0.75,1,0,45.020015716552734,41.65955780292379,2.022144042098139,1.6618291494913453,,,,
cable,good,D:\Research\research-experiments\industrial-anomaly-detection\data\mvtec_ad\cable\test\good\040.png,2,layer3,0.75,1,0,40.27805709838867,41.65955780292379,2.022144042098139,-0.6831861013727298,,,,
cable,good,D:\Research\research-experiments\industrial-anomaly-detection\data\mvtec_ad\cable\test\good\041.png,2,layer3,0.75,1,0,44.37571334838867,41.65955780292379,2.022144042098139,1.343205770171865,,,,
cable,good,D:\Research\research-experiments\industrial-anomaly-detection\data\mvtec_ad\cable\test\good\042.png,2,layer3,0.75,1,0,44.288307189941406,41.65955780292379,2.022144042098139,1.2999812734853804,,,,
cable,good,D:\Research\research-experiments\industrial-anomaly-detection\data\mvtec_ad\cable\test\good\043.png,2,layer3,0.75,1,0,40.83643341064453,41.65955780292379,2.022144042098139,-0.4070552716042933,,,,
cable,good,D:\Research\research-experiments\industrial-anomaly-detection\data\mvtec_ad\cable\test\good\044.png,2,layer3,0.75,1,0,42.80446243286133,41.65955780292379,2.022144042098139,0.5661835191273533,,,,
cable,good,D:\Research\research-experiments\industrial-anomaly-detection\data\mvtec_ad\cable\test\good\045.png,2,layer3,0.75,1,0,43.98126220703125,41.65955780292379,2.022144042098139,1.148139972115191,,,,
cable,good,D:\Research\research-experiments\industrial-anomaly-detection\data\mvtec_ad\cable\test\good\046.png,2,layer3,0.75,1,0,41.41118621826172,41.65955780292379,2.022144042098139,-0.12282586180377549,,,,
cable,good,D:\Research\research-experiments\industrial-anomaly-detection\data\mvtec_ad\cable\test\good\047.png,2,layer3,0.75,1,0,41.56245422363281,41.65955780292379,2.022144042098139,-0.04802010997704563,,,,
cable,good,D:\Research\research-experiments\industrial-anomaly-detection\data\mvtec_ad\cable\test\good\048.png,2,layer3,0.75,1,0,43.28343200683594,41.65955780292379,2.022144042098139,0.8030457623717265,,,,
cable,good,D:\Research\research-experiments\industrial-anomaly-detection\data\mvtec_ad\cable\test\good\049.png,2,layer3,0.75,1,0,41.43950653076172,41.65955780292379,2.022144042098139,-0.10882077022255689,,,,
cable,good,D:\Research\research-experiments\industrial-anomaly-detection\data\mvtec_ad\cable\test\good\050.png,2,layer3,0.75,1,0,41.21151351928711,41.65955780292379,2.022144042098139,-0.22156892600578587,,,,
cable,good,D:\Research\research-experiments\industrial-anomaly-detection\data\mvtec_ad\cable\test\good\051.png,2,layer3,0.75,1,0,41.30686569213867,41.65955780292379,2.022144042098139,-0.17441492962052993,,,,
cable,good,D:\Research\research-experiments\industrial-anomaly-detection\data\mvtec_ad\cable\test\good\052.png,2,layer3,0.75,1,0,38.652408599853516,41.65955780292379,2.022144042098139,-1.4871092961063817,,,,
cable,good,D:\Research\research-experiments\industrial-anomaly-detection\data\mvtec_ad\cable\test\good\053.png,2,layer3,0.75,1,0,41.53963088989258,41.65955780292379,2.022144042098139,-0.059306810264011,,,,
cable,good,D:\Research\research-experiments\industrial-anomaly-detection\data\mvtec_ad\cable\test\good\054.png,2,layer3,0.75,1,0,41.64055252075195,41.65955780292379,2.022144042098139,-0.00939857981240549,,,,
cable,good,D:\Research\research-experiments\industrial-anomaly-detection\data\mvtec_ad\cable\test\good\055.png,2,layer3,0.75,1,0,44.70716094970703,41.65955780292379,2.022144042098139,1.5071147669683818,,,,
cable,good,D:\Research\research-experiments\industrial-anomaly-detection\data\mvtec_ad\cable\test\good\056.png,2,layer3,0.75,1,0,41.96484375,41.65955780292379,2.022144042098139,0.15097141485502102,,,,
cable,good,D:\Research\research-experiments\industrial-anomaly-detection\data\mvtec_ad\cable\test\good\057.png,2,layer3,0.75,1,0,50.04810333251953,41.65955780292379,2.022144042098139,4.148342232283285,,,,
cable,bent_wire,D:\Research\research-experiments\industrial-anomaly-detection\data\mvtec_ad\cable\test\bent_wire\000.png,2,layer3,0.75,0,1,61.69579315185547,41.65955780292379,2.022144042098139,9.908411533405133,D:\Research\research-experiments\industrial-anomaly-detection\data\mvtec_ad\cable\ground_truth\bent_wire\000_mask.png,23162,0.022089004516601562,-3.8126752821831915
cable,bent_wire,D:\Research\research-experiments\industrial-anomaly-detection\data\mvtec_ad\cable\test\bent_wire\001.png,2,layer3,0.75,0,1,63.21503448486328,41.65955780292379,2.022144042098139,10.659713765777994,D:\Research\research-experiments\industrial-anomaly-detection\data\mvtec_ad\cable\ground_truth\bent_wire\001_mask.png,15206,0.014501571655273438,-4.233498176452484
cable,bent_wire,D:\Research\research-experiments\industrial-anomaly-detection\data\mvtec_ad\cable\test\bent_wire\002.png,2,layer3,0.75,0,1,67.5525131225586,41.65955780292379,2.022144042098139,12.804703710804276,D:\Research\research-experiments\industrial-anomaly-detection\data\mvtec_ad\cable\ground_truth\bent_wire\002_mask.png,37083,0.03536510467529297,-3.3420296603665127
cable,bent_wire,D:\Research\research-experiments\industrial-anomaly-detection\data\mvtec_ad\cable\test\bent_wire\003.png,2,layer3,0.75,0,1,62.27568817138672,41.65955780292379,2.022144042098139,10.1951838935628,D:\Research\research-experiments\industrial-anomaly-detection\data\mvtec_ad\cable\ground_truth\bent_wire\003_mask.png,12881,0.012284278869628906,-4.399434893397962
cable,bent_wire,D:\Research\research-experiments\industrial-anomaly-detection\data\mvtec_ad\cable\test\bent_wire\004.png,2,layer3,0.75,0,1,67.16130828857422,41.65955780292379,2.022144042098139,12.61124329164518,D:\Research\research-experiments\industrial-anomaly-detection\data\mvtec_ad\cable\ground_truth\bent_wire\004_mask.png,32843,0.03132152557373047,-3.463449667868214
cable,bent_wire,D:\Research\research-experiments\industrial-anomaly-detection\data\mvtec_ad\cable\test\bent_wire\005.png,2,layer3,0.75,0,1,66.56939697265625,41.65955780292379,2.022144042098139,12.318528577166278,D:\Research\research-experiments\industrial-anomaly-detection\data\mvtec_ad\cable\ground_truth\bent_wire\005_mask.png,37738,0.03598976135253906,-3.324520760065567
cable,bent_wire,D:\Research\research-experiments\industrial-anomaly-detection\data\mvtec_ad\cable\test\bent_wire\006.png,2,layer3,0.75,0,1,63.72315216064453,41.65955780292379,2.022144042098139,10.91099046279016,D:\Research\research-experiments\industrial-anomaly-detection\data\mvtec_ad\cable\ground_truth\bent_wire\006_mask.png,40784,0.0388946533203125,-3.2468984588725354
cable,bent_wire,D:\Research\research-experiments\industrial-anomaly-detection\data\mvtec_ad\cable\test\bent_wire\007.png,2,layer3,0.75,0,1,62.516357421875,41.65955780292379,2.022144042098139,10.314200761539508,D:\Research\research-experiments\industrial-anomaly-detection\data\mvtec_ad\cable\ground_truth\bent_wire\007_mask.png,38552,0.03676605224609375,-3.303180325679734
cable,bent_wire,D:\Research\research-experiments\industrial-anomaly-detection\data\mvtec_ad\cable\test\bent_wire\008.png,2,layer3,0.75,0,1,53.91075897216797,41.65955780292379,2.022144042098139,6.058520517921442,D:\Research\research-experiments\industrial-anomaly-detection\data\mvtec_ad\cable\ground_truth\bent_wire\008_mask.png,19659,0.01874828338623047,-3.9766530301530847
cable,bent_wire,D:\Research\research-experiments\industrial-anomaly-detection\data\mvtec_ad\cable\test\bent_wire\009.png,2,layer3,0.75,0,1,70.0949478149414,41.65955780292379,2.022144042098139,14.062000243322716,D:\Research\research-experiments\industrial-anomaly-detection\data\mvtec_ad\cable\ground_truth\bent_wire\009_mask.png,38202,0.03643226623535156,-3.3123004345056297
cable,bent_wire,D:\Research\research-experiments\industrial-anomaly-detection\data\mvtec_ad\cable\test\bent_wire\010.png,2,layer3,0.75,0,1,63.74789047241211,41.65955780292379,2.022144042098139,10.923224166845143,D:\Research\research-experiments\industrial-anomaly-detection\data\mvtec_ad\cable\ground_truth\bent_wire\010_mask.png,38102,0.03633689880371094,-3.314921530503291
cable,bent_wire,D:\Research\research-experiments\industrial-anomaly-detection\data\mvtec_ad\cable\test\bent_wire\011.png,2,layer3,0.75,0,1,74.72477722167969,41.65955780292379,2.022144042098139,16.35156483929208,D:\Research\research-experiments\industrial-anomaly-detection\data\mvtec_ad\cable\ground_truth\bent_wire\011_mask.png,119231,0.1137075424194336,-2.1741255354885243
cable,bent_wire,D:\Research\research-experiments\industrial-anomaly-detection\data\mvtec_ad\cable\test\bent_wire\012.png,2,layer3,0.75,0,1,63.30817794799805,41.65955780292379,2.022144042098139,10.705775500845157,D:\Research\research-experiments\industrial-anomaly-detection\data\mvtec_ad\cable\ground_truth\bent_wire\012_mask.png,72366,0.06901359558105469,-2.67345174189771
cable,cable_swap,D:\Research\research-experiments\industrial-anomaly-detection\data\mvtec_ad\cable\test\cable_swap\000.png,2,layer3,0.75,0,1,44.57741928100586,41.65955780292379,2.022144042098139,1.442954318454262,D:\Research\research-experiments\industrial-anomaly-detection\data\mvtec_ad\cable\ground_truth\cable_swap\000_mask.png,67133,0.06402301788330078,-2.7485125902366585
cable,cable_swap,D:\Research\research-experiments\industrial-anomaly-detection\data\mvtec_ad\cable\test\cable_swap\001.png,2,layer3,0.75,0,1,46.751644134521484,41.65955780292379,2.022144042098139,2.5181620228765884,D:\Research\research-experiments\industrial-anomaly-detection\data\mvtec_ad\cable\ground_truth\cable_swap\001_mask.png,61514,0.05866432189941406,-2.83592352398831
cable,cable_swap,D:\Research\research-experiments\industrial-anomaly-detection\data\mvtec_ad\cable\test\cable_swap\002.png,2,layer3,0.75,0,1,46.44895935058594,41.65955780292379,2.022144042098139,2.368476947217247,D:\Research\research-experiments\industrial-anomaly-detection\data\mvtec_ad\cable\ground_truth\cable_swap\002_mask.png,57103,0.054457664489746094,-2.9103316591675092
cable,cable_swap,D:\Research\research-experiments\industrial-anomaly-detection\data\mvtec_ad\cable\test\cable_swap\003.png,2,layer3,0.75,0,1,44.546138763427734,41.65955780292379,2.022144042098139,1.4274853326021617,D:\Research\research-experiments\industrial-anomaly-detection\data\mvtec_ad\cable\ground_truth\cable_swap\003_mask.png,59063,0.056326866149902344,-2.876583643636658
cable,cable_swap,D:\Research\research-experiments\industrial-anomaly-detection\data\mvtec_ad\cable\test\cable_swap\004.png,2,layer3,0.75,0,1,45.329654693603516,41.65955780292379,2.022144042098139,1.8149532448102452,D:\Research\research-experiments\industrial-anomaly-detection\data\mvtec_ad\cable\ground_truth\cable_swap\004_mask.png,55036,0.052486419677734375,-2.947200796598652
cable,cable_swap,D:\Research\research-experiments\industrial-anomaly-detection\data\mvtec_ad\cable\test\cable_swap\005.png,2,layer3,0.75,0,1,43.91067123413086,41.65955780292379,2.022144042098139,1.113230998555055,D:\Research\research-experiments\industrial-anomaly-detection\data\mvtec_ad\cable\ground_truth\cable_swap\005_mask.png,65474,0.06244087219238281,-2.77353519892944
cable,cable_swap,D:\Research\research-experiments\industrial-anomaly-detection\data\mvtec_ad\cable\test\cable_swap\006.png,2,layer3,0.75,0,1,41.17304229736328,41.65955780292379,2.022144042098139,-0.24059389214217997,D:\Research\research-experiments\industrial-anomaly-detection\data\mvtec_ad\cable\ground_truth\cable_swap\006_mask.png,67894,0.06474876403808594,-2.737240651355251
cable,cable_swap,D:\Research\research-experiments\industrial-anomaly-detection\data\mvtec_ad\cable\test\cable_swap\007.png,2,layer3,0.75,0,1,44.90877914428711,41.65955780292379,2.022144042098139,1.6068199266319252,D:\Research\research-experiments\industrial-anomaly-detection\data\mvtec_ad\cable\ground_truth\cable_swap\007_mask.png,63705,0.060753822326660156,-2.8009252633235553
cable,cable_swap,D:\Research\research-experiments\industrial-anomaly-detection\data\mvtec_ad\cable\test\cable_swap\008.png,2,layer3,0.75,0,1,47.217411041259766,41.65955780292379,2.022144042098139,2.7484952222143617,D:\Research\research-experiments\industrial-anomaly-detection\data\mvtec_ad\cable\ground_truth\cable_swap\008_mask.png,61687,0.058829307556152344,-2.833115103427395
cable,cable_swap,D:\Research\research-experiments\industrial-anomaly-detection\data\mvtec_ad\cable\test\cable_swap\009.png,2,layer3,0.75,0,1,47.402610778808594,41.65955780292379,2.022144042098139,2.840081050767242,D:\Research\research-experiments\industrial-anomaly-detection\data\mvtec_ad\cable\ground_truth\cable_swap\009_mask.png,58211,0.05551433563232422,-2.8911139738884852
cable,cable_swap,D:\Research\research-experiments\industrial-anomaly-detection\data\mvtec_ad\cable\test\cable_swap\010.png,2,layer3,0.75,0,1,44.04847717285156,41.65955780292379,2.022144042098139,1.181379427080314,D:\Research\research-experiments\industrial-anomaly-detection\data\mvtec_ad\cable\ground_truth\cable_swap\010_mask.png,60502,0.05769920349121094,-2.8525118925438706
cable,cable_swap,D:\Research\research-experiments\industrial-anomaly-detection\data\mvtec_ad\cable\test\cable_swap\011.png,2,layer3,0.75,0,1,44.9377326965332,41.65955780292379,2.022144042098139,1.6211381708535644,D:\Research\research-experiments\industrial-anomaly-detection\data\mvtec_ad\cable\ground_truth\cable_swap\011_mask.png,51956,0.049549102783203125,-3.0047911054897316
cable,combined,D:\Research\research-experiments\industrial-anomaly-detection\data\mvtec_ad\cable\test\combined\000.png,2,layer3,0.75,0,1,68.85719299316406,41.65955780292379,2.022144042098139,13.449900019001864,D:\Research\research-experiments\industrial-anomaly-detection\data\mvtec_ad\cable\ground_truth\combined\000_mask.png,42321,0.040360450744628906,-3.209904890679564
cable,combined,D:\Research\research-experiments\industrial-anomaly-detection\data\mvtec_ad\cable\test\combined\001.png,2,layer3,0.75,0,1,64.65786743164062,41.65955780292379,2.022144042098139,11.373230170514566,D:\Research\research-experiments\industrial-anomaly-detection\data\mvtec_ad\cable\ground_truth\combined\001_mask.png,41285,0.03937244415283203,-3.2346890689489034
cable,combined,D:\Research\research-experiments\industrial-anomaly-detection\data\mvtec_ad\cable\test\combined\002.png,2,layer3,0.75,0,1,58.984169006347656,41.65955780292379,2.022144042098139,8.567446652043722,D:\Research\research-experiments\industrial-anomaly-detection\data\mvtec_ad\cable\ground_truth\combined\002_mask.png,23893,0.02278614044189453,-3.78160275932205
cable,combined,D:\Research\research-experiments\industrial-anomaly-detection\data\mvtec_ad\cable\test\combined\003.png,2,layer3,0.75,0,1,59.16109848022461,41.65955780292379,2.022144042098139,8.654942631654244,D:\Research\research-experiments\industrial-anomaly-detection\data\mvtec_ad\cable\ground_truth\combined\003_mask.png,32849,0.031327247619628906,-3.46326699722871
cable,combined,D:\Research\research-experiments\industrial-anomaly-detection\data\mvtec_ad\cable\test\combined\004.png,2,layer3,0.75,0,1,54.95793533325195,41.65955780292379,2.022144042098139,6.576375002707527,D:\Research\research-experiments\industrial-anomaly-detection\data\mvtec_ad\cable\ground_truth\combined\004_mask.png,49977,0.047661781311035156,-3.0436254116399084
cable,combined,D:\Research\research-experiments\industrial-anomaly-detection\data\mvtec_ad\cable\test\combined\005.png,2,layer3,0.75,0,1,61.5172233581543,41.65955780292379,2.022144042098139,9.820104375268222,D:\Research\research-experiments\industrial-anomaly-detection\data\mvtec_ad\cable\ground_truth\combined\005_mask.png,148557,0.14167499542236328,-1.9542196021788751
cable,combined,D:\Research\research-experiments\industrial-anomaly-detection\data\mvtec_ad\cable\test\combined\006.png,2,layer3,0.75,0,1,61.985626220703125,41.65955780292379,2.022144042098139,10.051741119633288,D:\Research\research-experiments\industrial-anomaly-detection\data\mvtec_ad\cable\ground_truth\combined\006_mask.png,94011,0.08965587615966797,-2.4117765243628666
cable,combined,D:\Research\research-experiments\industrial-anomaly-detection\data\mvtec_ad\cable\test\combined\007.png,2,layer3,0.75,0,1,55.1015739440918,41.65955780292379,2.022144042098139,6.647407831155697,D:\Research\research-experiments\industrial-anomaly-detection\data\mvtec_ad\cable\ground_truth\combined\007_mask.png,77899,0.07429027557373047,-2.599775202932224
cable,combined,D:\Research\research-experiments\industrial-anomaly-detection\data\mvtec_ad\cable\test\combined\008.png,2,layer3,0.75,0,1,72.96055603027344,41.65955780292379,2.022144042098139,15.479114037233623,D:\Research\research-experiments\industrial-anomaly-detection\data\mvtec_ad\cable\ground_truth\combined\008_mask.png,48510,0.04626274108886719,-3.0734183483439774
cable,combined,D:\Research\research-experiments\industrial-anomaly-detection\data\mvtec_ad\cable\test\combined\009.png,2,layer3,0.75,0,1,53.139949798583984,41.65955780292379,2.022144042098139,5.677336409600351,D:\Research\research-experiments\industrial-anomaly-detection\data\mvtec_ad\cable\ground_truth\combined\009_mask.png,92936,0.08863067626953125,-2.42327723672282
cable,combined,D:\Research\research-experiments\industrial-anomaly-detection\data\mvtec_ad\cable\test\combined\010.png,2,layer3,0.75,0,1,61.5651741027832,41.65955780292379,2.022144042098139,9.843817198702478,D:\Research\research-experiments\industrial-anomaly-detection\data\mvtec_ad\cable\ground_truth\combined\010_mask.png,78276,0.07464981079101562,-2.594947276218929
cable,cut_inner_insulation,D:\Research\research-experiments\industrial-anomaly-detection\data\mvtec_ad\cable\test\cut_inner_insulation\000.png,2,layer3,0.75,0,1,49.9128532409668,41.65955780292379,2.022144042098139,4.081457733089843,D:\Research\research-experiments\industrial-anomaly-detection\data\mvtec_ad\cable\ground_truth\cut_inner_insulation\000_mask.png,33306,0.03176307678222656,-3.4494507397975944
cable,cut_inner_insulation,D:\Research\research-experiments\industrial-anomaly-detection\data\mvtec_ad\cable\test\cut_inner_insulation\001.png,2,layer3,0.75,0,1,56.80220031738281,41.65955780292379,2.022144042098139,7.4884094303921565,D:\Research\research-experiments\industrial-anomaly-detection\data\mvtec_ad\cable\ground_truth\cut_inner_insulation\001_mask.png,30558,0.029142379760742188,-3.5355617807719595
cable,cut_inner_insulation,D:\Research\research-experiments\industrial-anomaly-detection\data\mvtec_ad\cable\test\cut_inner_insulation\002.png,2,layer3,0.75,0,1,48.127586364746094,41.65955780292379,2.022144042098139,3.198599321891627,D:\Research\research-experiments\industrial-anomaly-detection\data\mvtec_ad\cable\ground_truth\cut_inner_insulation\002_mask.png,26929,0.025681495666503906,-3.6619845204527564
cable,cut_inner_insulation,D:\Research\research-experiments\industrial-anomaly-detection\data\mvtec_ad\cable\test\cut_inner_insulation\003.png,2,layer3,0.75,0,1,53.48048400878906,41.65955780292379,2.022144042098139,5.845738958140735,D:\Research\research-experiments\industrial-anomaly-detection\data\mvtec_ad\cable\ground_truth\cut_inner_insulation\003_mask.png,62868,0.059955596923828125,-2.8141510253236763
cable,cut_inner_insulation,D:\Research\research-experiments\industrial-anomaly-detection\data\mvtec_ad\cable\test\cut_inner_insulation\004.png,2,layer3,0.75,0,1,60.75774002075195,41.65955780292379,2.022144042098139,9.444521171702606,D:\Research\research-experiments\industrial-anomaly-detection\data\mvtec_ad\cable\ground_truth\cut_inner_insulation\004_mask.png,44383,0.042326927185058594,-3.162331795354217
cable,cut_inner_insulation,D:\Research\research-experiments\industrial-anomaly-detection\data\mvtec_ad\cable\test\cut_inner_insulation\005.png,2,layer3,0.75,0,1,51.8926887512207,41.65955780292379,2.022144042098139,5.060535122749814,D:\Research\research-experiments\industrial-anomaly-detection\data\mvtec_ad\cable\ground_truth\cut_inner_insulation\005_mask.png,27373,0.02610492706298828,-3.645631167802856
cable,cut_inner_insulation,D:\Research\research-experiments\industrial-anomaly-detection\data\mvtec_ad\cable\test\cut_inner_insulation\006.png,2,layer3,0.75,0,1,50.96916961669922,41.65955780292379,2.022144042098139,4.603832180083446,D:\Research\research-experiments\industrial-anomaly-detection\data\mvtec_ad\cable\ground_truth\cut_inner_insulation\006_mask.png,19775,0.018858909606933594,-3.970769765537718
cable,cut_inner_insulation,D:\Research\research-experiments\industrial-anomaly-detection\data\mvtec_ad\cable\test\cut_inner_insulation\007.png,2,layer3,0.75,0,1,57.340965270996094,41.65955780292379,2.022144042098139,7.754841960616003,D:\Research\research-experiments\industrial-anomaly-detection\data\mvtec_ad\cable\ground_truth\cut_inner_insulation\007_mask.png,41070,0.03916740417480469,-3.239910378716868
cable,cut_inner_insulation,D:\Research\research-experiments\industrial-anomaly-detection\data\mvtec_ad\cable\test\cut_inner_insulation\008.png,2,layer3,0.75,0,1,46.27387619018555,41.65955780292379,2.022144042098139,2.281894015064339,D:\Research\research-experiments\industrial-anomaly-detection\data\mvtec_ad\cable\ground_truth\cut_inner_insulation\008_mask.png,26265,0.025048255920410156,-3.686951037887906
cable,cut_inner_insulation,D:\Research\research-experiments\industrial-anomaly-detection\data\mvtec_ad\cable\test\cut_inner_insulation\009.png,2,layer3,0.75,0,1,51.68055725097656,41.65955780292379,2.022144042098139,4.955630874670613,D:\Research\research-experiments\industrial-anomaly-detection\data\mvtec_ad\cable\ground_truth\cut_inner_insulation\009_mask.png,61146,0.05831336975097656,-2.8419238679934318
cable,cut_inner_insulation,D:\Research\research-experiments\industrial-anomaly-detection\data\mvtec_ad\cable\test\cut_inner_insulation\010.png,2,layer3,0.75,0,1,54.47212219238281,41.65955780292379,2.022144042098139,6.336128447192585,D:\Research\research-experiments\industrial-anomaly-detection\data\mvtec_ad\cable\ground_truth\cut_inner_insulation\010_mask.png,31665,0.030198097229003906,-3.4999763291337067
cable,cut_inner_insulation,D:\Research\research-experiments\industrial-anomaly-detection\data\mvtec_ad\cable\test\cut_inner_insulation\011.png,2,layer3,0.75,0,1,59.172489166259766,41.65955780292379,2.022144042098139,8.660575606258435,D:\Research\research-experiments\industrial-anomaly-detection\data\mvtec_ad\cable\ground_truth\cut_inner_insulation\011_mask.png,56332,0.053722381591796875,-2.9239255562667497
cable,cut_inner_insulation,D:\Research\research-experiments\industrial-anomaly-detection\data\mvtec_ad\cable\test\cut_inner_insulation\012.png,2,layer3,0.75,0,1,51.35366439819336,41.65955780292379,2.022144042098139,4.793974313131097,D:\Research\research-experiments\industrial-anomaly-detection\data\mvtec_ad\cable\ground_truth\cut_inner_insulation\012_mask.png,103750,0.09894371032714844,-2.313204162999205
cable,cut_inner_insulation,D:\Research\research-experiments\industrial-anomaly-detection\data\mvtec_ad\cable\test\cut_inner_insulation\013.png,2,layer3,0.75,0,1,59.19968032836914,41.65955780292379,2.022144042098139,8.674022305179626,D:\Research\research-experiments\industrial-anomaly-detection\data\mvtec_ad\cable\ground_truth\cut_inner_insulation\013_mask.png,29743,0.028365135192871094,-3.5625944867742345
cable,cut_outer_insulation,D:\Research\research-experiments\industrial-anomaly-detection\data\mvtec_ad\cable\test\cut_outer_insulation\000.png,2,layer3,0.75,0,1,57.70680618286133,41.65955780292379,2.022144042098139,7.935759296003072,D:\Research\research-experiments\industrial-anomaly-detection\data\mvtec_ad\cable\ground_truth\cut_outer_insulation\000_mask.png,23454,0.022367477416992188,-3.800147231470129
cable,cut_outer_insulation,D:\Research\research-experiments\industrial-anomaly-detection\data\mvtec_ad\cable\test\cut_outer_insulation\001.png,2,layer3,0.75,0,1,57.176300048828125,41.65955780292379,2.022144042098139,7.673410955336519,D:\Research\research-experiments\industrial-anomaly-detection\data\mvtec_ad\cable\ground_truth\cut_outer_insulation\001_mask.png,7513,0.007164955139160156,-4.93855333926154
cable,cut_outer_insulation,D:\Research\research-experiments\industrial-anomaly-detection\data\mvtec_ad\cable\test\cut_outer_insulation\002.png,2,layer3,0.75,0,1,51.97843551635742,41.65955780292379,2.022144042098139,5.102939008601461,D:\Research\research-experiments\industrial-anomaly-detection\data\mvtec_ad\cable\ground_truth\cut_outer_insulation\002_mask.png,14604,0.013927459716796875,-4.273892796622778
cable,cut_outer_insulation,D:\Research\research-experiments\industrial-anomaly-detection\data\mvtec_ad\cable\test\cut_outer_insulation\003.png,2,layer3,0.75,0,1,49.367794036865234,41.65955780292379,2.022144042098139,3.8119125410786854,D:\Research\research-experiments\industrial-anomaly-detection\data\mvtec_ad\cable\ground_truth\cut_outer_insulation\003_mask.png,7697,0.007340431213378906,-4.914357553432819
cable,cut_outer_insulation,D:\Research\research-experiments\industrial-anomaly-detection\data\mvtec_ad\cable\test\cut_outer_insulation\004.png,2,layer3,0.75,0,1,47.373783111572266,41.65955780292379,2.022144042098139,2.8258250597813492,D:\Research\research-experiments\industrial-anomaly-detection\data\mvtec_ad\cable\ground_truth\cut_outer_insulation\004_mask.png,24050,0.022935867309570312,-3.775053292065166
cable,cut_outer_insulation,D:\Research\research-experiments\industrial-anomaly-detection\data\mvtec_ad\cable\test\cut_outer_insulation\005.png,2,layer3,0.75,0,1,58.0772705078125,41.65955780292379,2.022144042098139,8.11896302295755,D:\Research\research-experiments\industrial-anomaly-detection\data\mvtec_ad\cable\ground_truth\cut_outer_insulation\005_mask.png,4647,0.004431724548339844,-5.418966256468161
cable,cut_outer_insulation,D:\Research\research-experiments\industrial-anomaly-detection\data\mvtec_ad\cable\test\cut_outer_insulation\006.png,2,layer3,0.75,0,1,55.1794319152832,41.65955780292379,2.022144042098139,6.685910514233912,D:\Research\research-experiments\industrial-anomaly-detection\data\mvtec_ad\cable\ground_truth\cut_outer_insulation\006_mask.png,11710,0.011167526245117188,-4.494745065061801
cable,cut_outer_insulation,D:\Research\research-experiments\industrial-anomaly-detection\data\mvtec_ad\cable\test\cut_outer_insulation\007.png,2,layer3,0.75,0,1,51.498355865478516,41.65955780292379,2.022144042098139,4.865527805005507,D:\Research\research-experiments\industrial-anomaly-detection\data\mvtec_ad\cable\ground_truth\cut_outer_insulation\007_mask.png,21941,0.02092456817626953,-3.866831251766246
cable,cut_outer_insulation,D:\Research\research-experiments\industrial-anomaly-detection\data\mvtec_ad\cable\test\cut_outer_insulation\008.png,2,layer3,0.75,0,1,47.63028335571289,41.65955780292379,2.022144042098139,2.9526707437685715,D:\Research\research-experiments\industrial-anomaly-detection\data\mvtec_ad\cable\ground_truth\cut_outer_insulation\008_mask.png,35537,0.033890724182128906,-3.3846138954767726
cable,cut_outer_insulation,D:\Research\research-experiments\industrial-anomaly-detection\data\mvtec_ad\cable\test\cut_outer_insulation\009.png,2,layer3,0.75,0,1,53.16353988647461,41.65955780292379,2.022144042098139,5.689002288686862,D:\Research\research-experiments\industrial-anomaly-detection\data\mvtec_ad\cable\ground_truth\cut_outer_insulation\009_mask.png,10318,0.009840011596679688,-4.62129828776842
cable,missing_cable,D:\Research\research-experiments\industrial-anomaly-detection\data\mvtec_ad\cable\test\missing_cable\000.png,2,layer3,0.75,0,1,62.20376968383789,41.65955780292379,2.022144042098139,10.159618431334795,D:\Research\research-experiments\industrial-anomaly-detection\data\mvtec_ad\cable\ground_truth\missing_cable\000_mask.png,74489,0.07103824615478516,-2.6445368546625256
cable,missing_cable,D:\Research\research-experiments\industrial-anomaly-detection\data\mvtec_ad\cable\test\missing_cable\001.png,2,layer3,0.75,0,1,62.38175582885742,41.65955780292379,2.022144042098139,10.247636960833246,D:\Research\research-experiments\industrial-anomaly-detection\data\mvtec_ad\cable\ground_truth\missing_cable\001_mask.png,71763,0.06843852996826172,-2.681819294708357
cable,missing_cable,D:\Research\research-experiments\industrial-anomaly-detection\data\mvtec_ad\cable\test\missing_cable\002.png,2,layer3,0.75,0,1,61.824344635009766,41.65955780292379,2.022144042098139,9.971983405872198,D:\Research\research-experiments\industrial-anomaly-detection\data\mvtec_ad\cable\ground_truth\missing_cable\002_mask.png,69188,0.06598281860351562,-2.718360879879632
cable,missing_cable,D:\Research\research-experiments\industrial-anomaly-detection\data\mvtec_ad\cable\test\missing_cable\003.png,2,layer3,0.75,0,1,63.02107238769531,41.65955780292379,2.022144042098139,10.563794734724835,D:\Research\research-experiments\industrial-anomaly-detection\data\mvtec_ad\cable\ground_truth\missing_cable\003_mask.png,74858,0.07139015197753906,-2.639595332627382
cable,missing_cable,D:\Research\research-experiments\industrial-anomaly-detection\data\mvtec_ad\cable\test\missing_cable\004.png,2,layer3,0.75,0,1,60.267154693603516,41.65955780292379,2.022144042098139,9.201914652614374,D:\Research\research-experiments\industrial-anomaly-detection\data\mvtec_ad\cable\ground_truth\missing_cable\004_mask.png,77885,0.07427692413330078,-2.5999549389750687
cable,missing_cable,D:\Research\research-experiments\industrial-anomaly-detection\data\mvtec_ad\cable\test\missing_cable\005.png,2,layer3,0.75,0,1,62.74287796020508,41.65955780292379,2.022144042098139,10.426220743110676,D:\Research\research-experiments\industrial-anomaly-detection\data\mvtec_ad\cable\ground_truth\missing_cable\005_mask.png,70780,0.06750106811523438,-2.6956118424848716
cable,missing_cable,D:\Research\research-experiments\industrial-anomaly-detection\data\mvtec_ad\cable\test\missing_cable\006.png,2,layer3,0.75,0,1,60.885135650634766,41.65955780292379,2.022144042098139,9.507521446277819,D:\Research\research-experiments\industrial-anomaly-detection\data\mvtec_ad\cable\ground_truth\missing_cable\006_mask.png,236776,0.22580718994140625,-1.4880737812661082
cable,missing_cable,D:\Research\research-experiments\industrial-anomaly-detection\data\mvtec_ad\cable\test\missing_cable\007.png,2,layer3,0.75,0,1,61.73484802246094,41.65955780292379,2.022144042098139,9.927725128179986,D:\Research\research-experiments\industrial-anomaly-detection\data\mvtec_ad\cable\ground_truth\missing_cable\007_mask.png,158927,0.1515645980834961,-1.8867433483231728
cable,missing_cable,D:\Research\research-experiments\industrial-anomaly-detection\data\mvtec_ad\cable\test\missing_cable\008.png,2,layer3,0.75,0,1,59.89837646484375,41.65955780292379,2.022144042098139,9.019544741726557,D:\Research\research-experiments\industrial-anomaly-detection\data\mvtec_ad\cable\ground_truth\missing_cable\008_mask.png,144175,0.1374959945678711,-1.9841604854423538
cable,missing_cable,D:\Research\research-experiments\industrial-anomaly-detection\data\mvtec_ad\cable\test\missing_cable\009.png,2,layer3,0.75,0,1,60.675819396972656,41.65955780292379,2.022144042098139,9.404009406925306,D:\Research\research-experiments\industrial-anomaly-detection\data\mvtec_ad\cable\ground_truth\missing_cable\009_mask.png,151277,0.14426898956298828,-1.9360757319090696
cable,missing_cable,D:\Research\research-experiments\industrial-anomaly-detection\data\mvtec_ad\cable\test\missing_cable\010.png,2,layer3,0.75,0,1,62.76768112182617,41.65955780292379,2.022144042098139,10.438486517014377,D:\Research\research-experiments\industrial-anomaly-detection\data\mvtec_ad\cable\ground_truth\missing_cable\010_mask.png,84372,0.08046340942382812,-2.5199527267837354
cable,missing_cable,D:\Research\research-experiments\industrial-anomaly-detection\data\mvtec_ad\cable\test\missing_cable\011.png,2,layer3,0.75,0,1,61.99881362915039,41.65955780292379,2.022144042098139,10.058262617693131,D:\Research\research-experiments\industrial-anomaly-detection\data\mvtec_ad\cable\ground_truth\missing_cable\011_mask.png,77245,0.07366657257080078,-2.608206129878078
cable,missing_wire,D:\Research\research-experiments\industrial-anomaly-detection\data\mvtec_ad\cable\test\missing_wire\000.png,2,layer3,0.75,0,1,48.63337707519531,41.65955780292379,2.022144042098139,3.4487252772733314,D:\Research\research-experiments\industrial-anomaly-detection\data\mvtec_ad\cable\ground_truth\missing_wire\000_mask.png,24951,0.023795127868652344,-3.7382743886367003
cable,missing_wire,D:\Research\research-experiments\industrial-anomaly-detection\data\mvtec_ad\cable\test\missing_wire\001.png,2,layer3,0.75,0,1,52.89391326904297,41.65955780292379,2.022144042098139,5.555665290026826,D:\Research\research-experiments\industrial-anomaly-detection\data\mvtec_ad\cable\ground_truth\missing_wire\001_mask.png,16616,0.01584625244140625,-4.144822182536556
cable,missing_wire,D:\Research\research-experiments\industrial-anomaly-detection\data\mvtec_ad\cable\test\missing_wire\002.png,2,layer3,0.75,0,1,52.389122009277344,41.65955780292379,2.022144042098139,5.306033587607713,D:\Research\research-experiments\industrial-anomaly-detection\data\mvtec_ad\cable\ground_truth\missing_wire\002_mask.png,15156,0.014453887939453125,-4.2367917698748805
cable,missing_wire,D:\Research\research-experiments\industrial-anomaly-detection\data\mvtec_ad\cable\test\missing_wire\003.png,2,layer3,0.75,0,1,58.99086380004883,41.65955780292379,2.022144042098139,8.57075739230841,D:\Research\research-experiments\industrial-anomaly-detection\data\mvtec_ad\cable\ground_truth\missing_wire\003_mask.png,40701,0.03881549835205078,-3.248935644282583
cable,missing_wire,D:\Research\research-experiments\industrial-anomaly-detection\data\mvtec_ad\cable\test\missing_wire\004.png,2,layer3,0.75,0,1,59.60072326660156,41.65955780292379,2.022144042098139,8.872347909035376,D:\Research\research-experiments\industrial-anomaly-detection\data\mvtec_ad\cable\ground_truth\missing_wire\004_mask.png,38640,0.0368499755859375,-3.300900295735392
cable,missing_wire,D:\Research\research-experiments\industrial-anomaly-detection\data\mvtec_ad\cable\test\missing_wire\005.png,2,layer3,0.75,0,1,57.7932014465332,41.65955780292379,2.022144042098139,7.978483880341898,D:\Research\research-experiments\industrial-anomaly-detection\data\mvtec_ad\cable\ground_truth\missing_wire\005_mask.png,18712,0.01784515380859375,-4.02602324689727
cable,missing_wire,D:\Research\research-experiments\industrial-anomaly-detection\data\mvtec_ad\cable\test\missing_wire\006.png,2,layer3,0.75,0,1,53.578678131103516,41.65955780292379,2.022144042098139,5.894298368484504,D:\Research\research-experiments\industrial-anomaly-detection\data\mvtec_ad\cable\ground_truth\missing_wire\006_mask.png,18399,0.017546653747558594,-4.042891959913891
cable,missing_wire,D:\Research\research-experiments\industrial-anomaly-detection\data\mvtec_ad\cable\test\missing_wire\007.png,2,layer3,0.75,0,1,51.73453903198242,41.65955780292379,2.022144042098139,4.982326194035622,D:\Research\research-experiments\industrial-anomaly-detection\data\mvtec_ad\cable\ground_truth\missing_wire\007_mask.png,18838,0.017965316772460938,-4.019312170153336
cable,missing_wire,D:\Research\research-experiments\industrial-anomaly-detection\data\mvtec_ad\cable\test\missing_wire\008.png,2,layer3,0.75,0,1,53.68882751464844,41.65955780292379,2.022144042098139,5.94876994976248,D:\Research\research-experiments\industrial-anomaly-detection\data\mvtec_ad\cable\ground_truth\missing_wire\008_mask.png,18820,0.017948150634765625,-4.0202681423434905
cable,missing_wire,D:\Research\research-experiments\industrial-anomaly-detection\data\mvtec_ad\cable\test\missing_wire\009.png,2,layer3,0.75,0,1,58.56072235107422,41.65955780292379,2.022144042098139,8.358041858686828,D:\Research\research-experiments\industrial-anomaly-detection\data\mvtec_ad\cable\ground_truth\missing_wire\009_mask.png,20485,0.01953601837158203,-3.935495370030433
cable,poke_insulation,D:\Research\research-experiments\industrial-anomaly-detection\data\mvtec_ad\cable\test\poke_insulation\000.png,2,layer3,0.75,0,1,49.02033233642578,41.65955780292379,2.022144042098139,3.640084178110569,D:\Research\research-experiments\industrial-anomaly-detection\data\mvtec_ad\cable\ground_truth\poke_insulation\000_mask.png,8620,0.008220672607421875,-4.801103125896628
cable,poke_insulation,D:\Research\research-experiments\industrial-anomaly-detection\data\mvtec_ad\cable\test\poke_insulation\001.png,2,layer3,0.75,0,1,50.43272399902344,41.65955780292379,2.022144042098139,4.338546618566682,D:\Research\research-experiments\industrial-anomaly-detection\data\mvtec_ad\cable\ground_truth\poke_insulation\001_mask.png,31427,0.02997112274169922,-3.507520902804313
cable,poke_insulation,D:\Research\research-experiments\industrial-anomaly-detection\data\mvtec_ad\cable\test\poke_insulation\002.png,2,layer3,0.75,0,1,42.75883865356445,41.65955780292379,2.022144042098139,0.5436214373235583,D:\Research\research-experiments\industrial-anomaly-detection\data\mvtec_ad\cable\ground_truth\poke_insulation\002_mask.png,1506,0.0014362335205078125,-6.5457305065737055
cable,poke_insulation,D:\Research\research-experiments\industrial-anomaly-detection\data\mvtec_ad\cable\test\poke_insulation\003.png,2,layer3,0.75,0,1,45.23033142089844,41.65955780292379,2.022144042098139,1.7658354418064484,D:\Research\research-experiments\industrial-anomaly-detection\data\mvtec_ad\cable\ground_truth\poke_insulation\003_mask.png,13376,0.01275634765625,-4.361726197482082
cable,poke_insulation,D:\Research\research-experiments\industrial-anomaly-detection\data\mvtec_ad\cable\test\poke_insulation\004.png,2,layer3,0.75,0,1,43.784942626953125,41.65955780292379,2.022144042098139,1.0510551077380583,D:\Research\research-experiments\industrial-anomaly-detection\data\mvtec_ad\cable\ground_truth\poke_insulation\004_mask.png,31573,0.03011035919189453,-3.502885974026185
cable,poke_insulation,D:\Research\research-experiments\industrial-anomaly-detection\data\mvtec_ad\cable\test\poke_insulation\005.png,2,layer3,0.75,0,1,52.575653076171875,41.65955780292379,2.022144042098139,5.398277791290152,D:\Research\research-experiments\industrial-anomaly-detection\data\mvtec_ad\cable\ground_truth\poke_insulation\005_mask.png,6611,0.006304740905761719,-5.06645324525454
cable,poke_insulation,D:\Research\research-experiments\industrial-anomaly-detection\data\mvtec_ad\cable\test\poke_insulation\006.png,2,layer3,0.75,0,1,46.866519927978516,41.65955780292379,2.022144042098139,2.5749709301875825,D:\Research\research-experiments\industrial-anomaly-detection\data\mvtec_ad\cable\ground_truth\poke_insulation\006_mask.png,27740,0.026454925537109375,-3.63231287952994
cable,poke_insulation,D:\Research\research-experiments\industrial-anomaly-detection\data\mvtec_ad\cable\test\poke_insulation\007.png,2,layer3,0.75,0,1,47.49592590332031,41.65955780292379,2.022144042098139,2.8862276766104222,D:\Research\research-experiments\industrial-anomaly-detection\data\mvtec_ad\cable\ground_truth\poke_insulation\007_mask.png,51028,0.048664093017578125,-3.022813809991694
cable,poke_insulation,D:\Research\research-experiments\industrial-anomaly-detection\data\mvtec_ad\cable\test\poke_insulation\008.png,2,layer3,0.75,0,1,51.8991584777832,41.65955780292379,2.022144042098139,5.063734561774833,D:\Research\research-experiments\industrial-anomaly-detection\data\mvtec_ad\cable\ground_truth\poke_insulation\008_mask.png,41654,0.03972434997558594,-3.2257909046264683
cable,poke_insulation,D:\Research\research-experiments\industrial-anomaly-detection\data\mvtec_ad\cable\test\poke_insulation\009.png,2,layer3,0.75,0,1,47.68347930908203,41.65955780292379,2.022144042098139,2.9789774520255885,D:\Research\research-experiments\industrial-anomaly-detection\data\mvtec_ad\cable\ground_truth\poke_insulation\009_mask.png,37053,0.03533649444580078,-3.3428389837934276
cable,good,D:\Research\research-experiments\industrial-anomaly-detection\data\mvtec_ad\cable\test\good\000.png,2,layer3,1.0,1,0,42.85170364379883,43.97629922011803,2.2365314297999555,-0.5028302134881198,,,,
cable,good,D:\Research\research-experiments\industrial-anomaly-detection\data\mvtec_ad\cable\test\good\001.png,2,layer3,1.0,1,0,46.6420783996582,43.97629922011803,2.2365314297999555,1.191925650594864,,,,
cable,good,D:\Research\research-experiments\industrial-anomaly-detection\data\mvtec_ad\cable\test\good\002.png,2,layer3,1.0,1,0,43.069217681884766,43.97629922011803,2.2365314297999555,-0.4055751357424014,,,,
cable,good,D:\Research\research-experiments\industrial-anomaly-detection\data\mvtec_ad\cable\test\good\003.png,2,layer3,1.0,1,0,40.787261962890625,43.97629922011803,2.2365314297999555,-1.4258852859101763,,,,
cable,good,D:\Research\research-experiments\industrial-anomaly-detection\data\mvtec_ad\cable\test\good\004.png,2,layer3,1.0,1,0,41.95060348510742,43.97629922011803,2.2365314297999555,-0.9057309492814927,,,,
cable,good,D:\Research\research-experiments\industrial-anomaly-detection\data\mvtec_ad\cable\test\good\005.png,2,layer3,1.0,1,0,43.714996337890625,43.97629922011803,2.2365314297999555,-0.11683398620996648,,,,
cable,good,D:\Research\research-experiments\industrial-anomaly-detection\data\mvtec_ad\cable\test\good\006.png,2,layer3,1.0,1,0,43.20735549926758,43.97629922011803,2.2365314297999555,-0.34381082716071154,,,,
cable,good,D:\Research\research-experiments\industrial-anomaly-detection\data\mvtec_ad\cable\test\good\007.png,2,layer3,1.0,1,0,43.46549987792969,43.97629922011803,2.2365314297999555,-0.22838907398409783,,,,
cable,good,D:\Research\research-experiments\industrial-anomaly-detection\data\mvtec_ad\cable\test\good\008.png,2,layer3,1.0,1,0,43.06528854370117,43.97629922011803,2.2365314297999555,-0.40733193563854464,,,,
cable,good,D:\Research\research-experiments\industrial-anomaly-detection\data\mvtec_ad\cable\test\good\009.png,2,layer3,1.0,1,0,41.825950622558594,43.97629922011803,2.2365314297999555,-0.9614658523943801,,,,
cable,good,D:\Research\research-experiments\industrial-anomaly-detection\data\mvtec_ad\cable\test\good\010.png,2,layer3,1.0,1,0,40.78578567504883,43.97629922011803,2.2365314297999555,-1.4265453650944553,,,,
cable,good,D:\Research\research-experiments\industrial-anomaly-detection\data\mvtec_ad\cable\test\good\011.png,2,layer3,1.0,1,0,42.305484771728516,43.97629922011803,2.2365314297999555,-0.7470561004094445,,,,
cable,good,D:\Research\research-experiments\industrial-anomaly-detection\data\mvtec_ad\cable\test\good\012.png,2,layer3,1.0,1,0,45.03046417236328,43.97629922011803,2.2365314297999555,0.47133920775687044,,,,
cable,good,D:\Research\research-experiments\industrial-anomaly-detection\data\mvtec_ad\cable\test\good\013.png,2,layer3,1.0,1,0,47.036865234375,43.97629922011803,2.2365314297999555,1.3684431050140529,,,,
cable,good,D:\Research\research-experiments\industrial-anomaly-detection\data\mvtec_ad\cable\test\good\014.png,2,layer3,1.0,1,0,46.51898193359375,43.97629922011803,2.2365314297999555,1.1368866449165655,,,,
cable,good,D:\Research\research-experiments\industrial-anomaly-detection\data\mvtec_ad\cable\test\good\015.png,2,layer3,1.0,1,0,43.25657653808594,43.97629922011803,2.2365314297999555,-0.32180307079184084,,,,
cable,good,D:\Research\research-experiments\industrial-anomaly-detection\data\mvtec_ad\cable\test\good\016.png,2,layer3,1.0,1,0,44.10220718383789,43.97629922011803,2.2365314297999555,0.05629608510850337,,,,
cable,good,D:\Research\research-experiments\industrial-anomaly-detection\data\mvtec_ad\cable\test\good\017.png,2,layer3,1.0,1,0,43.00786209106445,43.97629922011803,2.2365314297999555,-0.43300850421771064,,,,
cable,good,D:\Research\research-experiments\industrial-anomaly-detection\data\mvtec_ad\cable\test\good\018.png,2,layer3,1.0,1,0,47.349632263183594,43.97629922011803,2.2365314297999555,1.5082877880089924,,,,
cable,good,D:\Research\research-experiments\industrial-anomaly-detection\data\mvtec_ad\cable\test\good\019.png,2,layer3,1.0,1,0,45.68166732788086,43.97629922011803,2.2365314297999555,0.7625057645245633,,,,
cable,good,D:\Research\research-experiments\industrial-anomaly-detection\data\mvtec_ad\cable\test\good\020.png,2,layer3,1.0,1,0,41.500492095947266,43.97629922011803,2.2365314297999555,-1.1069851696169593,,,,
cable,good,D:\Research\research-experiments\industrial-anomaly-detection\data\mvtec_ad\cable\test\good\021.png,2,layer3,1.0,1,0,43.19635772705078,43.97629922011803,2.2365314297999555,-0.34872816123894557,,,,
cable,good,D:\Research\research-experiments\industrial-anomaly-detection\data\mvtec_ad\cable\test\good\022.png,2,layer3,1.0,1,0,43.35728454589844,43.97629922011803,2.2365314297999555,-0.27677441325962465,,,,
cable,good,D:\Research\research-experiments\industrial-anomaly-detection\data\mvtec_ad\cable\test\good\023.png,2,layer3,1.0,1,0,43.254974365234375,43.97629922011803,2.2365314297999555,-0.3225194357980352,,,,
cable,good,D:\Research\research-experiments\industrial-anomaly-detection\data\mvtec_ad\cable\test\good\024.png,2,layer3,1.0,1,0,44.92659378051758,43.97629922011803,2.2365314297999555,0.42489658215290393,,,,
cable,good,D:\Research\research-experiments\industrial-anomaly-detection\data\mvtec_ad\cable\test\good\025.png,2,layer3,1.0,1,0,41.36536407470703,43.97629922011803,2.2365314297999555,-1.167403735365584,,,,
cable,good,D:\Research\research-experiments\industrial-anomaly-detection\data\mvtec_ad\cable\test\good\026.png,2,layer3,1.0,1,0,41.602901458740234,43.97629922011803,2.2365314297999555,-1.0611958006734032,,,,
cable,good,D:\Research\research-experiments\industrial-anomaly-detection\data\mvtec_ad\cable\test\good\027.png,2,layer3,1.0,1,0,42.7215576171875,43.97629922011803,2.2365314297999555,-0.5610212251936736,,,,
cable,good,D:\Research\research-experiments\industrial-anomaly-detection\data\mvtec_ad\cable\test\good\028.png,2,layer3,1.0,1,0,41.466800689697266,43.97629922011803,2.2365314297999555,-1.122049302318646,,,,
cable,good,D:\Research\research-experiments\industrial-anomaly-detection\data\mvtec_ad\cable\test\good\029.png,2,layer3,1.0,1,0,42.208465576171875,43.97629922011803,2.2365314297999555,-0.7904354127964466,,,,
cable,good,D:\Research\research-experiments\industrial-anomaly-detection\data\mvtec_ad\cable\test\good\030.png,2,layer3,1.0,1,0,49.15465545654297,43.97629922011803,2.2365314297999555,2.315351426511414,,,,
cable,good,D:\Research\research-experiments\industrial-anomaly-detection\data\mvtec_ad\cable\test\good\031.png,2,layer3,1.0,1,0,44.0661506652832,43.97629922011803,2.2365314297999555,0.04017446120719627,,,,
cable,good,D:\Research\research-experiments\industrial-anomaly-detection\data\mvtec_ad\cable\test\good\032.png,2,layer3,1.0,1,0,44.432029724121094,43.97629922011803,2.2365314297999555,0.2037666441574785,,,,
cable,good,D:\Research\research-experiments\industrial-anomaly-detection\data\mvtec_ad\cable\test\good\033.png,2,layer3,1.0,1,0,43.60494613647461,43.97629922011803,2.2365314297999555,-0.16603973398068256,,,,
cable,good,D:\Research\research-experiments\industrial-anomaly-detection\data\mvtec_ad\cable\test\good\034.png,2,layer3,1.0,1,0,45.453548431396484,43.97629922011803,2.2365314297999555,0.6605090326902251,,,,
cable,good,D:\Research\research-experiments\industrial-anomaly-detection\data\mvtec_ad\cable\test\good\035.png,2,layer3,1.0,1,0,42.454349517822266,43.97629922011803,2.2365314297999555,-0.6804955575481868,,,,
cable,good,D:\Research\research-experiments\industrial-anomaly-detection\data\mvtec_ad\cable\test\good\036.png,2,layer3,1.0,1,0,43.710227966308594,43.97629922011803,2.2365314297999555,-0.11896602491887823,,,,
cable,good,D:\Research\research-experiments\industrial-anomaly-detection\data\mvtec_ad\cable\test\good\037.png,2,layer3,1.0,1,0,44.35637283325195,43.97629922011803,2.2365314297999555,0.16993886518640108,,,,
cable,good,D:\Research\research-experiments\industrial-anomaly-detection\data\mvtec_ad\cable\test\good\038.png,2,layer3,1.0,1,0,45.462799072265625,43.97629922011803,2.2365314297999555,0.664645187785514,,,,
cable,good,D:\Research\research-experiments\industrial-anomaly-detection\data\mvtec_ad\cable\test\good\039.png,2,layer3,1.0,1,0,46.73505401611328,43.97629922011803,2.2365314297999555,1.2334969941567089,,,,
cable,good,D:\Research\research-experiments\industrial-anomaly-detection\data\mvtec_ad\cable\test\good\040.png,2,layer3,1.0,1,0,41.240074157714844,43.97629922011803,2.2365314297999555,-1.223423478849982,,,,
cable,good,D:\Research\research-experiments\industrial-anomaly-detection\data\mvtec_ad\cable\test\good\041.png,2,layer3,1.0,1,0,46.11061096191406,43.97629922011803,2.2365314297999555,0.9542954386234288,,,,
cable,good,D:\Research\research-experiments\industrial-anomaly-detection\data\mvtec_ad\cable\test\good\042.png,2,layer3,1.0,1,0,45.84263610839844,43.97629922011803,2.2365314297999555,0.8344782744445226,,,,
cable,good,D:\Research\research-experiments\industrial-anomaly-detection\data\mvtec_ad\cable\test\good\043.png,2,layer3,1.0,1,0,43.11515808105469,43.97629922011803,2.2365314297999555,-0.385034222005262,,,,
cable,good,D:\Research\research-experiments\industrial-anomaly-detection\data\mvtec_ad\cable\test\good\044.png,2,layer3,1.0,1,0,44.14410400390625,43.97629922011803,2.2365314297999555,0.07502903002048558,,,,
cable,good,D:\Research\research-experiments\industrial-anomaly-detection\data\mvtec_ad\cable\test\good\045.png,2,layer3,1.0,1,0,46.175445556640625,43.97629922011803,2.2365314297999555,0.9832843425407601,,,,
cable,good,D:\Research\research-experiments\industrial-anomaly-detection\data\mvtec_ad\cable\test\good\046.png,2,layer3,1.0,1,0,40.71368408203125,43.97629922011803,2.2365314297999555,-1.4587834960041681,,,,
cable,good,D:\Research\research-experiments\industrial-anomaly-detection\data\mvtec_ad\cable\test\good\047.png,2,layer3,1.0,1,0,44.829402923583984,43.97629922011803,2.2365314297999555,0.3814405163723811,,,,
cable,good,D:\Research\research-experiments\industrial-anomaly-detection\data\mvtec_ad\cable\test\good\048.png,2,layer3,1.0,1,0,46.20265197753906,43.97629922011803,2.2365314297999555,0.995448902598327,,,,
cable,good,D:\Research\research-experiments\industrial-anomaly-detection\data\mvtec_ad\cable\test\good\049.png,2,layer3,1.0,1,0,42.92687225341797,43.97629922011803,2.2365314297999555,-0.46922075528083496,,,,
cable,good,D:\Research\research-experiments\industrial-anomaly-detection\data\mvtec_ad\cable\test\good\050.png,2,layer3,1.0,1,0,43.48033905029297,43.97629922011803,2.2365314297999555,-0.22175416952196444,,,,
cable,good,D:\Research\research-experiments\industrial-anomaly-detection\data\mvtec_ad\cable\test\good\051.png,2,layer3,1.0,1,0,44.312686920166016,43.97629922011803,2.2365314297999555,0.1504059793508352,,,,
cable,good,D:\Research\research-experiments\industrial-anomaly-detection\data\mvtec_ad\cable\test\good\052.png,2,layer3,1.0,1,0,41.302120208740234,43.97629922011803,2.2365314297999555,-1.1956813911696222,,,,
cable,good,D:\Research\research-experiments\industrial-anomaly-detection\data\mvtec_ad\cable\test\good\053.png,2,layer3,1.0,1,0,42.69743347167969,43.97629922011803,2.2365314297999555,-0.5718076354298,,,,
cable,good,D:\Research\research-experiments\industrial-anomaly-detection\data\mvtec_ad\cable\test\good\054.png,2,layer3,1.0,1,0,43.16986846923828,43.97629922011803,2.2365314297999555,-0.36057206267469216,,,,
cable,good,D:\Research\research-experiments\industrial-anomaly-detection\data\mvtec_ad\cable\test\good\055.png,2,layer3,1.0,1,0,48.61882019042969,43.97629922011803,2.2365314297999555,2.0757682670826156,,,,
cable,good,D:\Research\research-experiments\industrial-anomaly-detection\data\mvtec_ad\cable\test\good\056.png,2,layer3,1.0,1,0,43.014095306396484,43.97629922011803,2.2365314297999555,-0.43022150321742125,,,,
cable,good,D:\Research\research-experiments\industrial-anomaly-detection\data\mvtec_ad\cable\test\good\057.png,2,layer3,1.0,1,0,52.04294204711914,43.97629922011803,2.2365314297999555,3.6067647963805385,,,,
cable,bent_wire,D:\Research\research-experiments\industrial-anomaly-detection\data\mvtec_ad\cable\test\bent_wire\000.png,2,layer3,1.0,0,1,63.2670783996582,43.97629922011803,2.2365314297999555,8.62531101620406,D:\Research\research-experiments\industrial-anomaly-detection\data\mvtec_ad\cable\ground_truth\bent_wire\000_mask.png,23162,0.022089004516601562,-3.8126752821831915
cable,bent_wire,D:\Research\research-experiments\industrial-anomaly-detection\data\mvtec_ad\cable\test\bent_wire\001.png,2,layer3,1.0,0,1,66.11797332763672,43.97629922011803,2.2365314297999555,9.900005791333383,D:\Research\research-experiments\industrial-anomaly-detection\data\mvtec_ad\cable\ground_truth\bent_wire\001_mask.png,15206,0.014501571655273438,-4.233498176452484
cable,bent_wire,D:\Research\research-experiments\industrial-anomaly-detection\data\mvtec_ad\cable\test\bent_wire\002.png,2,layer3,1.0,0,1,69.53851318359375,43.97629922011803,2.2365314297999555,11.429400733153171,D:\Research\research-experiments\industrial-anomaly-detection\data\mvtec_ad\cable\ground_truth\bent_wire\002_mask.png,37083,0.03536510467529297,-3.3420296603665127
cable,bent_wire,D:\Research\research-experiments\industrial-anomaly-detection\data\mvtec_ad\cable\test\bent_wire\003.png,2,layer3,1.0,0,1,64.78907012939453,43.97629922011803,2.2365314297999555,9.305825365100315,D:\Research\research-experiments\industrial-anomaly-detection\data\mvtec_ad\cable\ground_truth\bent_wire\003_mask.png,12881,0.012284278869628906,-4.399434893397962
cable,bent_wire,D:\Research\research-experiments\industrial-anomaly-detection\data\mvtec_ad\cable\test\bent_wire\004.png,2,layer3,1.0,0,1,68.1432113647461,43.97629922011803,2.2365314297999555,10.80553209430625,D:\Research\research-experiments\industrial-anomaly-detection\data\mvtec_ad\cable\ground_truth\bent_wire\004_mask.png,32843,0.03132152557373047,-3.463449667868214
cable,bent_wire,D:\Research\research-experiments\industrial-anomaly-detection\data\mvtec_ad\cable\test\bent_wire\005.png,2,layer3,1.0,0,1,68.77772521972656,43.97629922011803,2.2365314297999555,11.089236515592752,D:\Research\research-experiments\industrial-anomaly-detection\data\mvtec_ad\cable\ground_truth\bent_wire\005_mask.png,37738,0.03598976135253906,-3.324520760065567
cable,bent_wire,D:\Research\research-experiments\industrial-anomaly-detection\data\mvtec_ad\cable\test\bent_wire\006.png,2,layer3,1.0,0,1,65.48564147949219,43.97629922011803,2.2365314297999555,9.617276990960079,D:\Research\research-experiments\industrial-anomaly-detection\data\mvtec_ad\cable\ground_truth\bent_wire\006_mask.png,40784,0.0388946533203125,-3.2468984588725354
cable,bent_wire,D:\Research\research-experiments\industrial-anomaly-detection\data\mvtec_ad\cable\test\bent_wire\007.png,2,layer3,1.0,0,1,63.12684631347656,43.97629922011803,2.2365314297999555,8.562610316221416,D:\Research\research-experiments\industrial-anomaly-detection\data\mvtec_ad\cable\ground_truth\bent_wire\007_mask.png,38552,0.03676605224609375,-3.303180325679734
cable,bent_wire,D:\Research\research-experiments\industrial-anomaly-detection\data\mvtec_ad\cable\test\bent_wire\008.png,2,layer3,1.0,0,1,56.01396179199219,43.97629922011803,2.2365314297999555,5.3822908149119355,D:\Research\research-experiments\industrial-anomaly-detection\data\mvtec_ad\cable\ground_truth\bent_wire\008_mask.png,19659,0.01874828338623047,-3.9766530301530847
cable,bent_wire,D:\Research\research-experiments\industrial-anomaly-detection\data\mvtec_ad\cable\test\bent_wire\009.png,2,layer3,1.0,0,1,72.67538452148438,43.97629922011803,2.2365314297999555,12.831961544995282,D:\Research\research-experiments\industrial-anomaly-detection\data\mvtec_ad\cable\ground_truth\bent_wire\009_mask.png,38202,0.03643226623535156,-3.3123004345056297
cable,bent_wire,D:\Research\research-experiments\industrial-anomaly-detection\data\mvtec_ad\cable\test\bent_wire\010.png,2,layer3,1.0,0,1,65.86711883544922,43.97629922011803,2.2365314297999555,9.787843498934953,D:\Research\research-experiments\industrial-anomaly-detection\data\mvtec_ad\cable\ground_truth\bent_wire\010_mask.png,38102,0.03633689880371094,-3.314921530503291
cable,bent_wire,D:\Research\research-experiments\industrial-anomaly-detection\data\mvtec_ad\cable\test\bent_wire\011.png,2,layer3,1.0,0,1,74.89752197265625,43.97629922011803,2.2365314297999555,13.825525695967501,D:\Research\research-experiments\industrial-anomaly-detection\data\mvtec_ad\cable\ground_truth\bent_wire\011_mask.png,119231,0.1137075424194336,-2.1741255354885243
cable,bent_wire,D:\Research\research-experiments\industrial-anomaly-detection\data\mvtec_ad\cable\test\bent_wire\012.png,2,layer3,1.0,0,1,65.23715209960938,43.97629922011803,2.2365314297999555,9.50617218976127,D:\Research\research-experiments\industrial-anomaly-detection\data\mvtec_ad\cable\ground_truth\bent_wire\012_mask.png,72366,0.06901359558105469,-2.67345174189771
cable,cable_swap,D:\Research\research-experiments\industrial-anomaly-detection\data\mvtec_ad\cable\test\cable_swap\000.png,2,layer3,1.0,0,1,47.09638214111328,43.97629922011803,2.2365314297999555,1.3950543593632059,D:\Research\research-experiments\industrial-anomaly-detection\data\mvtec_ad\cable\ground_truth\cable_swap\000_mask.png,67133,0.06402301788330078,-2.7485125902366585
cable,cable_swap,D:\Research\research-experiments\industrial-anomaly-detection\data\mvtec_ad\cable\test\cable_swap\001.png,2,layer3,1.0,0,1,48.19792556762695,43.97629922011803,2.2365314297999555,1.8875774743243932,D:\Research\research-experiments\industrial-anomaly-detection\data\mvtec_ad\cable\ground_truth\cable_swap\001_mask.png,61514,0.05866432189941406,-2.83592352398831
cable,cable_swap,D:\Research\research-experiments\industrial-anomaly-detection\data\mvtec_ad\cable\test\cable_swap\002.png,2,layer3,1.0,0,1,47.18217468261719,43.97629922011803,2.2365314297999555,1.4334139998139461,D:\Research\research-experiments\industrial-anomaly-detection\data\mvtec_ad\cable\ground_truth\cable_swap\002_mask.png,57103,0.054457664489746094,-2.9103316591675092
cable,cable_swap,D:\Research\research-experiments\industrial-anomaly-detection\data\mvtec_ad\cable\test\cable_swap\003.png,2,layer3,1.0,0,1,45.71469497680664,43.97629922011803,2.2365314297999555,0.7772731174379697,D:\Research\research-experiments\industrial-anomaly-detection\data\mvtec_ad\cable\ground_truth\cable_swap\003_mask.png,59063,0.056326866149902344,-2.876583643636658
cable,cable_swap,D:\Research\research-experiments\industrial-anomaly-detection\data\mvtec_ad\cable\test\cable_swap\004.png,2,layer3,1.0,0,1,47.675437927246094,43.97629922011803,2.2365314297999555,1.6539623176495803,D:\Research\research-experiments\industrial-anomaly-detection\data\mvtec_ad\cable\ground_truth\cable_swap\004_mask.png,55036,0.052486419677734375,-2.947200796598652
cable,cable_swap,D:\Research\research-experiments\industrial-anomaly-detection\data\mvtec_ad\cable\test\cable_swap\005.png,2,layer3,1.0,0,1,47.75060272216797,43.97629922011803,2.2365314297999555,1.6875700702258982,D:\Research\research-experiments\industrial-anomaly-detection\data\mvtec_ad\cable\ground_truth\cable_swap\005_mask.png,65474,0.06244087219238281,-2.77353519892944
cable,cable_swap,D:\Research\research-experiments\industrial-anomaly-detection\data\mvtec_ad\cable\test\cable_swap\006.png,2,layer3,1.0,0,1,43.25132369995117,43.97629922011803,2.2365314297999555,-0.32415172463357805,D:\Research\research-experiments\industrial-anomaly-detection\data\mvtec_ad\cable\ground_truth\cable_swap\006_mask.png,67894,0.06474876403808594,-2.737240651355251
cable,cable_swap,D:\Research\research-experiments\industrial-anomaly-detection\data\mvtec_ad\cable\test\cable_swap\007.png,2,layer3,1.0,0,1,46.490089416503906,43.97629922011803,2.2365314297999555,1.1239681959715273,D:\Research\research-experiments\industrial-anomaly-detection\data\mvtec_ad\cable\ground_truth\cable_swap\007_mask.png,63705,0.060753822326660156,-2.8009252633235553
cable,cable_swap,D:\Research\research-experiments\industrial-anomaly-detection\data\mvtec_ad\cable\test\cable_swap\008.png,2,layer3,1.0,0,1,48.878944396972656,43.97629922011803,2.2365314297999555,2.1920752427311694,D:\Research\research-experiments\industrial-anomaly-detection\data\mvtec_ad\cable\ground_truth\cable_swap\008_mask.png,61687,0.058829307556152344,-2.833115103427395
cable,cable_swap,D:\Research\research-experiments\industrial-anomaly-detection\data\mvtec_ad\cable\test\cable_swap\009.png,2,layer3,1.0,0,1,48.27146530151367,43.97629922011803,2.2365314297999555,1.9204586281087137,D:\Research\research-experiments\industrial-anomaly-detection\data\mvtec_ad\cable\ground_truth\cable_swap\009_mask.png,58211,0.05551433563232422,-2.8911139738884852
cable,cable_swap,D:\Research\research-experiments\industrial-anomaly-detection\data\mvtec_ad\cable\test\cable_swap\010.png,2,layer3,1.0,0,1,45.90208053588867,43.97629922011803,2.2365314297999555,0.8610571218053001,D:\Research\research-experiments\industrial-anomaly-detection\data\mvtec_ad\cable\ground_truth\cable_swap\010_mask.png,60502,0.05769920349121094,-2.8525118925438706
cable,cable_swap,D:\Research\research-experiments\industrial-anomaly-detection\data\mvtec_ad\cable\test\cable_swap\011.png,2,layer3,1.0,0,1,48.05010986328125,43.97629922011803,2.2365314297999555,1.821485979979096,D:\Research\research-experiments\industrial-anomaly-detection\data\mvtec_ad\cable\ground_truth\cable_swap\011_mask.png,51956,0.049549102783203125,-3.0047911054897316
cable,combined,D:\Research\research-experiments\industrial-anomaly-detection\data\mvtec_ad\cable\test\combined\000.png,2,layer3,1.0,0,1,70.64806365966797,43.97629922011803,2.2365314297999555,11.925503967514363,D:\Research\research-experiments\industrial-anomaly-detection\data\mvtec_ad\cable\ground_truth\combined\000_mask.png,42321,0.040360450744628906,-3.209904890679564
cable,combined,D:\Research\research-experiments\industrial-anomaly-detection\data\mvtec_ad\cable\test\combined\001.png,2,layer3,1.0,0,1,66.38262939453125,43.97629922011803,2.2365314297999555,10.018339056570886,D:\Research\research-experiments\industrial-anomaly-detection\data\mvtec_ad\cable\ground_truth\combined\001_mask.png,41285,0.03937244415283203,-3.2346890689489034
cable,combined,D:\Research\research-experiments\industrial-anomaly-detection\data\mvtec_ad\cable\test\combined\002.png,2,layer3,1.0,0,1,60.75154113769531,43.97629922011803,2.2365314297999555,7.500561670657018,D:\Research\research-experiments\industrial-anomaly-detection\data\mvtec_ad\cable\ground_truth\combined\002_mask.png,23893,0.02278614044189453,-3.78160275932205
cable,combined,D:\Research\research-experiments\industrial-anomaly-detection\data\mvtec_ad\cable\test\combined\003.png,2,layer3,1.0,0,1,61.43706512451172,43.97629922011803,2.2365314297999555,7.807073789235974,D:\Research\research-experiments\industrial-anomaly-detection\data\mvtec_ad\cable\ground_truth\combined\003_mask.png,32849,0.031327247619628906,-3.46326699722871
cable,combined,D:\Research\research-experiments\industrial-anomaly-detection\data\mvtec_ad\cable\test\combined\004.png,2,layer3,1.0,0,1,56.15001678466797,43.97629922011803,2.2365314297999555,5.443123848985572,D:\Research\research-experiments\industrial-anomaly-detection\data\mvtec_ad\cable\ground_truth\combined\004_mask.png,49977,0.047661781311035156,-3.0436254116399084
cable,combined,D:\Research\research-experiments\industrial-anomaly-detection\data\mvtec_ad\cable\test\combined\005.png,2,layer3,1.0,0,1,62.32324981689453,43.97629922011803,2.2365314297999555,8.20330550794787,D:\Research\research-experiments\industrial-anomaly-detection\data\mvtec_ad\cable\ground_truth\combined\005_mask.png,148557,0.14167499542236328,-1.9542196021788751
cable,combined,D:\Research\research-experiments\industrial-anomaly-detection\data\mvtec_ad\cable\test\combined\006.png,2,layer3,1.0,0,1,63.237510681152344,43.97629922011803,2.2365314297999555,8.61209067057784,D:\Research\research-experiments\industrial-anomaly-detection\data\mvtec_ad\cable\ground_truth\combined\006_mask.png,94011,0.08965587615966797,-2.4117765243628666
cable,combined,D:\Research\research-experiments\industrial-anomaly-detection\data\mvtec_ad\cable\test\combined\007.png,2,layer3,1.0,0,1,57.26947784423828,43.97629922011803,2.2365314297999555,5.943658312599366,D:\Research\research-experiments\industrial-anomaly-detection\data\mvtec_ad\cable\ground_truth\combined\007_mask.png,77899,0.07429027557373047,-2.599775202932224
cable,combined,D:\Research\research-experiments\industrial-anomaly-detection\data\mvtec_ad\cable\test\combined\008.png,2,layer3,1.0,0,1,75.22108459472656,43.97629922011803,2.2365314297999555,13.970197314599417,D:\Research\research-experiments\industrial-anomaly-detection\data\mvtec_ad\cable\ground_truth\combined\008_mask.png,48510,0.04626274108886719,-3.0734183483439774
cable,combined,D:\Research\research-experiments\industrial-anomaly-detection\data\mvtec_ad\cable\test\combined\009.png,2,layer3,1.0,0,1,56.342742919921875,43.97629922011803,2.2365314297999555,5.529295736706884,D:\Research\research-experiments\industrial-anomaly-detection\data\mvtec_ad\cable\ground_truth\combined\009_mask.png,92936,0.08863067626953125,-2.42327723672282
cable,combined,D:\Research\research-experiments\industrial-anomaly-detection\data\mvtec_ad\cable\test\combined\010.png,2,layer3,1.0,0,1,61.7663688659668,43.97629922011803,2.2365314297999555,7.95431238247342,D:\Research\research-experiments\industrial-anomaly-detection\data\mvtec_ad\cable\ground_truth\combined\010_mask.png,78276,0.07464981079101562,-2.594947276218929
cable,cut_inner_insulation,D:\Research\research-experiments\industrial-anomaly-detection\data\mvtec_ad\cable\test\cut_inner_insulation\000.png,2,layer3,1.0,0,1,52.578189849853516,43.97629922011803,2.2365314297999555,3.846085288640399,D:\Research\research-experiments\industrial-anomaly-detection\data\mvtec_ad\cable\ground_truth\cut_inner_insulation\000_mask.png,33306,0.03176307678222656,-3.4494507397975944
cable,cut_inner_insulation,D:\Research\research-experiments\industrial-anomaly-detection\data\mvtec_ad\cable\test\cut_inner_insulation\001.png,2,layer3,1.0,0,1,60.16712188720703,43.97629922011803,2.2365314297999555,7.239255595230859,D:\Research\research-experiments\industrial-anomaly-detection\data\mvtec_ad\cable\ground_truth\cut_inner_insulation\001_mask.png,30558,0.029142379760742188,-3.5355617807719595
cable,cut_inner_insulation,D:\Research\research-experiments\industrial-anomaly-detection\data\mvtec_ad\cable\test\cut_inner_insulation\002.png,2,layer3,1.0,0,1,48.333736419677734,43.97629922011803,2.2365314297999555,1.948301348016134,D:\Research\research-experiments\industrial-anomaly-detection\data\mvtec_ad\cable\ground_truth\cut_inner_insulation\002_mask.png,26929,0.025681495666503906,-3.6619845204527564
cable,cut_inner_insulation,D:\Research\research-experiments\industrial-anomaly-detection\data\mvtec_ad\cable\test\cut_inner_insulation\003.png,2,layer3,1.0,0,1,57.056644439697266,43.97629922011803,2.2365314297999555,5.848496044050316,D:\Research\research-experiments\industrial-anomaly-detection\data\mvtec_ad\cable\ground_truth\cut_inner_insulation\003_mask.png,62868,0.059955596923828125,-2.8141510253236763
cable,cut_inner_insulation,D:\Research\research-experiments\industrial-anomaly-detection\data\mvtec_ad\cable\test\cut_inner_insulation\004.png,2,layer3,1.0,0,1,64.01918029785156,43.97629922011803,2.2365314297999555,8.961591512052326,D:\Research\research-experiments\industrial-anomaly-detection\data\mvtec_ad\cable\ground_truth\cut_inner_insulation\004_mask.png,44383,0.042326927185058594,-3.162331795354217
cable,cut_inner_insulation,D:\Research\research-experiments\industrial-anomaly-detection\data\mvtec_ad\cable\test\cut_inner_insulation\005.png,2,layer3,1.0,0,1,55.60626220703125,43.97629922011803,2.2365314297999555,5.199999799669014,D:\Research\research-experiments\industrial-anomaly-detection\data\mvtec_ad\cable\ground_truth\cut_inner_insulation\005_mask.png,27373,0.02610492706298828,-3.645631167802856
cable,cut_inner_insulation,D:\Research\research-experiments\industrial-anomaly-detection\data\mvtec_ad\cable\test\cut_inner_insulation\006.png,2,layer3,1.0,0,1,54.36330795288086,43.97629922011803,2.2365314297999555,4.644248944756339,D:\Research\research-experiments\industrial-anomaly-detection\data\mvtec_ad\cable\ground_truth\cut_inner_insulation\006_mask.png,19775,0.018858909606933594,-3.970769765537718
cable,cut_inner_insulation,D:\Research\research-experiments\industrial-anomaly-detection\data\mvtec_ad\cable\test\cut_inner_insulation\007.png,2,layer3,1.0,0,1,58.24687194824219,43.97629922011803,2.2365314297999555,6.380671667735327,D:\Research\research-experiments\industrial-anomaly-detection\data\mvtec_ad\cable\ground_truth\cut_inner_insulation\007_mask.png,41070,0.03916740417480469,-3.239910378716868
cable,cut_inner_insulation,D:\Research\research-experiments\industrial-anomaly-detection\data\mvtec_ad\cable\test\cut_inner_insulation\008.png,2,layer3,1.0,0,1,50.309814453125,43.97629922011803,2.2365314297999555,2.831847184715605,D:\Research\research-experiments\industrial-anomaly-detection\data\mvtec_ad\cable\ground_truth\cut_inner_insulation\008_mask.png,26265,0.025048255920410156,-3.686951037887906
cable,cut_inner_insulation,D:\Research\research-experiments\industrial-anomaly-detection\data\mvtec_ad\cable\test\cut_inner_insulation\009.png,2,layer3,1.0,0,1,54.01917266845703,43.97629922011803,2.2365314297999555,4.490378858318695,D:\Research\research-experiments\industrial-anomaly-detection\data\mvtec_ad\cable\ground_truth\cut_inner_insulation\009_mask.png,61146,0.05831336975097656,-2.8419238679934318
cable,cut_inner_insulation,D:\Research\research-experiments\industrial-anomaly-detection\data\mvtec_ad\cable\test\cut_inner_insulation\010.png,2,layer3,1.0,0,1,57.714725494384766,43.97629922011803,2.2365314297999555,6.142737853451743,D:\Research\research-experiments\industrial-anomaly-detection\data\mvtec_ad\cable\ground_truth\cut_inner_insulation\010_mask.png,31665,0.030198097229003906,-3.4999763291337067
cable,cut_inner_insulation,D:\Research\research-experiments\industrial-anomaly-detection\data\mvtec_ad\cable\test\cut_inner_insulation\011.png,2,layer3,1.0,0,1,61.892154693603516,43.97629922011803,2.2365314297999555,8.010553857983545,D:\Research\research-experiments\industrial-anomaly-detection\data\mvtec_ad\cable\ground_truth\cut_inner_insulation\011_mask.png,56332,0.053722381591796875,-2.9239255562667497
cable,cut_inner_insulation,D:\Research\research-experiments\industrial-anomaly-detection\data\mvtec_ad\cable\test\cut_inner_insulation\012.png,2,layer3,1.0,0,1,53.07485580444336,43.97629922011803,2.2365314297999555,4.068155029298713,D:\Research\research-experiments\industrial-anomaly-detection\data\mvtec_ad\cable\ground_truth\cut_inner_insulation\012_mask.png,103750,0.09894371032714844,-2.313204162999205
cable,cut_inner_insulation,D:\Research\research-experiments\industrial-anomaly-detection\data\mvtec_ad\cable\test\cut_inner_insulation\013.png,2,layer3,1.0,0,1,60.74715042114258,43.97629922011803,2.2365314297999555,7.498598489413852,D:\Research\research-experiments\industrial-anomaly-detection\data\mvtec_ad\cable\ground_truth\cut_inner_insulation\013_mask.png,29743,0.028365135192871094,-3.5625944867742345
cable,cut_outer_insulation,D:\Research\research-experiments\industrial-anomaly-detection\data\mvtec_ad\cable\test\cut_outer_insulation\000.png,2,layer3,1.0,0,1,59.41423797607422,43.97629922011803,2.2365314297999555,6.9026254450343325,D:\Research\research-experiments\industrial-anomaly-detection\data\mvtec_ad\cable\ground_truth\cut_outer_insulation\000_mask.png,23454,0.022367477416992188,-3.800147231470129
cable,cut_outer_insulation,D:\Research\research-experiments\industrial-anomaly-detection\data\mvtec_ad\cable\test\cut_outer_insulation\001.png,2,layer3,1.0,0,1,59.299381256103516,43.97629922011803,2.2365314297999555,6.851270602245033,D:\Research\research-experiments\industrial-anomaly-detection\data\mvtec_ad\cable\ground_truth\cut_outer_insulation\001_mask.png,7513,0.007164955139160156,-4.93855333926154
cable,cut_outer_insulation,D:\Research\research-experiments\industrial-anomaly-detection\data\mvtec_ad\cable\test\cut_outer_insulation\002.png,2,layer3,1.0,0,1,53.287940979003906,43.97629922011803,2.2365314297999555,4.163429869491594,D:\Research\research-experiments\industrial-anomaly-detection\data\mvtec_ad\cable\ground_truth\cut_outer_insulation\002_mask.png,14604,0.013927459716796875,-4.273892796622778
cable,cut_outer_insulation,D:\Research\research-experiments\industrial-anomaly-detection\data\mvtec_ad\cable\test\cut_outer_insulation\003.png,2,layer3,1.0,0,1,51.21651840209961,43.97629922011803,2.2365314297999555,3.2372534923996907,D:\Research\research-experiments\industrial-anomaly-detection\data\mvtec_ad\cable\ground_truth\cut_outer_insulation\003_mask.png,7697,0.007340431213378906,-4.914357553432819
cable,cut_outer_insulation,D:\Research\research-experiments\industrial-anomaly-detection\data\mvtec_ad\cable\test\cut_outer_insulation\004.png,2,layer3,1.0,0,1,48.047847747802734,43.97629922011803,2.2365314297999555,1.8204745408155882,D:\Research\research-experiments\industrial-anomaly-detection\data\mvtec_ad\cable\ground_truth\cut_outer_insulation\004_mask.png,24050,0.022935867309570312,-3.775053292065166
cable,cut_outer_insulation,D:\Research\research-experiments\industrial-anomaly-detection\data\mvtec_ad\cable\test\cut_outer_insulation\005.png,2,layer3,1.0,0,1,58.9454345703125,43.97629922011803,2.2365314297999555,6.693013632959932,D:\Research\research-experiments\industrial-anomaly-detection\data\mvtec_ad\cable\ground_truth\cut_outer_insulation\005_mask.png,4647,0.004431724548339844,-5.418966256468161
cable,cut_outer_insulation,D:\Research\research-experiments\industrial-anomaly-detection\data\mvtec_ad\cable\test\cut_outer_insulation\006.png,2,layer3,1.0,0,1,56.5633659362793,43.97629922011803,2.2365314297999555,5.627940903690813,D:\Research\research-experiments\industrial-anomaly-detection\data\mvtec_ad\cable\ground_truth\cut_outer_insulation\006_mask.png,11710,0.011167526245117188,-4.494745065061801
cable,cut_outer_insulation,D:\Research\research-experiments\industrial-anomaly-detection\data\mvtec_ad\cable\test\cut_outer_insulation\007.png,2,layer3,1.0,0,1,52.65875244140625,43.97629922011803,2.2365314297999555,3.882106509035205,D:\Research\research-experiments\industrial-anomaly-detection\data\mvtec_ad\cable\ground_truth\cut_outer_insulation\007_mask.png,21941,0.02092456817626953,-3.866831251766246
cable,cut_outer_insulation,D:\Research\research-experiments\industrial-anomaly-detection\data\mvtec_ad\cable\test\cut_outer_insulation\008.png,2,layer3,1.0,0,1,50.661888122558594,43.97629922011803,2.2365314297999555,2.989266689195846,D:\Research\research-experiments\industrial-anomaly-detection\data\mvtec_ad\cable\ground_truth\cut_outer_insulation\008_mask.png,35537,0.033890724182128906,-3.3846138954767726
cable,cut_outer_insulation,D:\Research\research-experiments\industrial-anomaly-detection\data\mvtec_ad\cable\test\cut_outer_insulation\009.png,2,layer3,1.0,0,1,53.57948684692383,43.97629922011803,2.2365314297999555,4.293786127416393,D:\Research\research-experiments\industrial-anomaly-detection\data\mvtec_ad\cable\ground_truth\cut_outer_insulation\009_mask.png,10318,0.009840011596679688,-4.62129828776842
cable,missing_cable,D:\Research\research-experiments\industrial-anomaly-detection\data\mvtec_ad\cable\test\missing_cable\000.png,2,layer3,1.0,0,1,63.612571716308594,43.97629922011803,2.2365314297999555,8.779788307266003,D:\Research\research-experiments\industrial-anomaly-detection\data\mvtec_ad\cable\ground_truth\missing_cable\000_mask.png,74489,0.07103824615478516,-2.6445368546625256
cable,missing_cable,D:\Research\research-experiments\industrial-anomaly-detection\data\mvtec_ad\cable\test\missing_cable\001.png,2,layer3,1.0,0,1,63.21867752075195,43.97629922011803,2.2365314297999555,8.603669970493122,D:\Research\research-experiments\industrial-anomaly-detection\data\mvtec_ad\cable\ground_truth\missing_cable\001_mask.png,71763,0.06843852996826172,-2.681819294708357
cable,missing_cable,D:\Research\research-experiments\industrial-anomaly-detection\data\mvtec_ad\cable\test\missing_cable\002.png,2,layer3,1.0,0,1,62.7446174621582,43.97629922011803,2.2365314297999555,8.391707798946017,D:\Research\research-experiments\industrial-anomaly-detection\data\mvtec_ad\cable\ground_truth\missing_cable\002_mask.png,69188,0.06598281860351562,-2.718360879879632
cable,missing_cable,D:\Research\research-experiments\industrial-anomaly-detection\data\mvtec_ad\cable\test\missing_cable\003.png,2,layer3,1.0,0,1,63.56633377075195,43.97629922011803,2.2365314297999555,8.759114354313427,D:\Research\research-experiments\industrial-anomaly-detection\data\mvtec_ad\cable\ground_truth\missing_cable\003_mask.png,74858,0.07139015197753906,-2.639595332627382
cable,missing_cable,D:\Research\research-experiments\industrial-anomaly-detection\data\mvtec_ad\cable\test\missing_cable\004.png,2,layer3,1.0,0,1,59.89760208129883,43.97629922011803,2.2365314297999555,7.118747650510266,D:\Research\research-experiments\industrial-anomaly-detection\data\mvtec_ad\cable\ground_truth\missing_cable\004_mask.png,77885,0.07427692413330078,-2.5999549389750687
cable,missing_cable,D:\Research\research-experiments\industrial-anomaly-detection\data\mvtec_ad\cable\test\missing_cable\005.png,2,layer3,1.0,0,1,63.66328430175781,43.97629922011803,2.2365314297999555,8.802462965343022,D:\Research\research-experiments\industrial-anomaly-detection\data\mvtec_ad\cable\ground_truth\missing_cable\005_mask.png,70780,0.06750106811523438,-2.6956118424848716
cable,missing_cable,D:\Research\research-experiments\industrial-anomaly-detection\data\mvtec_ad\cable\test\missing_cable\006.png,2,layer3,1.0,0,1,60.62417984008789,43.97629922011803,2.2365314297999555,7.443615769557469,D:\Research\research-experiments\industrial-anomaly-detection\data\mvtec_ad\cable\ground_truth\missing_cable\006_mask.png,236776,0.22580718994140625,-1.4880737812661082
cable,missing_cable,D:\Research\research-experiments\industrial-anomaly-detection\data\mvtec_ad\cable\test\missing_cable\007.png,2,layer3,1.0,0,1,62.19316482543945,43.97629922011803,2.2365314297999555,8.145141786337792,D:\Research\research-experiments\industrial-anomaly-detection\data\mvtec_ad\cable\ground_truth\missing_cable\007_mask.png,158927,0.1515645980834961,-1.8867433483231728
cable,missing_cable,D:\Research\research-experiments\industrial-anomaly-detection\data\mvtec_ad\cable\test\missing_cable\008.png,2,layer3,1.0,0,1,60.52547073364258,43.97629922011803,2.2365314297999555,7.3994808626520285,D:\Research\research-experiments\industrial-anomaly-detection\data\mvtec_ad\cable\ground_truth\missing_cable\008_mask.png,144175,0.1374959945678711,-1.9841604854423538
cable,missing_cable,D:\Research\research-experiments\industrial-anomaly-detection\data\mvtec_ad\cable\test\missing_cable\009.png,2,layer3,1.0,0,1,61.52937698364258,43.97629922011803,2.2365314297999555,7.848348353009539,D:\Research\research-experiments\industrial-anomaly-detection\data\mvtec_ad\cable\ground_truth\missing_cable\009_mask.png,151277,0.14426898956298828,-1.9360757319090696
cable,missing_cable,D:\Research\research-experiments\industrial-anomaly-detection\data\mvtec_ad\cable\test\missing_cable\010.png,2,layer3,1.0,0,1,63.66688537597656,43.97629922011803,2.2365314297999555,8.804073080975991,D:\Research\research-experiments\industrial-anomaly-detection\data\mvtec_ad\cable\ground_truth\missing_cable\010_mask.png,84372,0.08046340942382812,-2.5199527267837354
cable,missing_cable,D:\Research\research-experiments\industrial-anomaly-detection\data\mvtec_ad\cable\test\missing_cable\011.png,2,layer3,1.0,0,1,63.24232482910156,43.97629922011803,2.2365314297999555,8.614243176858357,D:\Research\research-experiments\industrial-anomaly-detection\data\mvtec_ad\cable\ground_truth\missing_cable\011_mask.png,77245,0.07366657257080078,-2.608206129878078
cable,missing_wire,D:\Research\research-experiments\industrial-anomaly-detection\data\mvtec_ad\cable\test\missing_wire\000.png,2,layer3,1.0,0,1,49.92729187011719,43.97629922011803,2.2365314297999555,2.660813333855737,D:\Research\research-experiments\industrial-anomaly-detection\data\mvtec_ad\cable\ground_truth\missing_wire\000_mask.png,24951,0.023795127868652344,-3.7382743886367003
cable,missing_wire,D:\Research\research-experiments\industrial-anomaly-detection\data\mvtec_ad\cable\test\missing_wire\001.png,2,layer3,1.0,0,1,56.09197998046875,43.97629922011803,2.2365314297999555,5.417174379451666,D:\Research\research-experiments\industrial-anomaly-detection\data\mvtec_ad\cable\ground_truth\missing_wire\001_mask.png,16616,0.01584625244140625,-4.144822182536556
cable,missing_wire,D:\Research\research-experiments\industrial-anomaly-detection\data\mvtec_ad\cable\test\missing_wire\002.png,2,layer3,1.0,0,1,54.54429626464844,43.97629922011803,2.2365314297999555,4.725172605991793,D:\Research\research-experiments\industrial-anomaly-detection\data\mvtec_ad\cable\ground_truth\missing_wire\002_mask.png,15156,0.014453887939453125,-4.2367917698748805
cable,missing_wire,D:\Research\research-experiments\industrial-anomaly-detection\data\mvtec_ad\cable\test\missing_wire\003.png,2,layer3,1.0,0,1,59.791603088378906,43.97629922011803,2.2365314297999555,7.071353282826641,D:\Research\research-experiments\industrial-anomaly-detection\data\mvtec_ad\cable\ground_truth\missing_wire\003_mask.png,40701,0.03881549835205078,-3.248935644282583
cable,missing_wire,D:\Research\research-experiments\industrial-anomaly-detection\data\mvtec_ad\cable\test\missing_wire\004.png,2,layer3,1.0,0,1,60.831172943115234,43.97629922011803,2.2365314297999555,7.536166717095845,D:\Research\research-experiments\industrial-anomaly-detection\data\mvtec_ad\cable\ground_truth\missing_wire\004_mask.png,38640,0.0368499755859375,-3.300900295735392
cable,missing_wire,D:\Research\research-experiments\industrial-anomaly-detection\data\mvtec_ad\cable\test\missing_wire\005.png,2,layer3,1.0,0,1,60.74170684814453,43.97629922011803,2.2365314297999555,7.496164554023759,D:\Research\research-experiments\industrial-anomaly-detection\data\mvtec_ad\cable\ground_truth\missing_wire\005_mask.png,18712,0.01784515380859375,-4.02602324689727
cable,missing_wire,D:\Research\research-experiments\industrial-anomaly-detection\data\mvtec_ad\cable\test\missing_wire\006.png,2,layer3,1.0,0,1,55.3023681640625,43.97629922011803,2.2365314297999555,5.0641224143036165,D:\Research\research-experiments\industrial-anomaly-detection\data\mvtec_ad\cable\ground_truth\missing_wire\006_mask.png,18399,0.017546653747558594,-4.042891959913891
cable,missing_wire,D:\Research\research-experiments\industrial-anomaly-detection\data\mvtec_ad\cable\test\missing_wire\007.png,2,layer3,1.0,0,1,52.19810104370117,43.97629922011803,2.2365314297999555,3.67613963033756,D:\Research\research-experiments\industrial-anomaly-detection\data\mvtec_ad\cable\ground_truth\missing_wire\007_mask.png,18838,0.017965316772460938,-4.019312170153336
cable,missing_wire,D:\Research\research-experiments\industrial-anomaly-detection\data\mvtec_ad\cable\test\missing_wire\008.png,2,layer3,1.0,0,1,56.22572708129883,43.97629922011803,2.2365314297999555,5.47697550679019,D:\Research\research-experiments\industrial-anomaly-detection\data\mvtec_ad\cable\ground_truth\missing_wire\008_mask.png,18820,0.017948150634765625,-4.0202681423434905
cable,missing_wire,D:\Research\research-experiments\industrial-anomaly-detection\data\mvtec_ad\cable\test\missing_wire\009.png,2,layer3,1.0,0,1,59.38058853149414,43.97629922011803,2.2365314297999555,6.887580074273284,D:\Research\research-experiments\industrial-anomaly-detection\data\mvtec_ad\cable\ground_truth\missing_wire\009_mask.png,20485,0.01953601837158203,-3.935495370030433
cable,poke_insulation,D:\Research\research-experiments\industrial-anomaly-detection\data\mvtec_ad\cable\test\poke_insulation\000.png,2,layer3,1.0,0,1,51.461082458496094,43.97629922011803,2.2365314297999555,3.346603199333324,D:\Research\research-experiments\industrial-anomaly-detection\data\mvtec_ad\cable\ground_truth\poke_insulation\000_mask.png,8620,0.008220672607421875,-4.801103125896628
cable,poke_insulation,D:\Research\research-experiments\industrial-anomaly-detection\data\mvtec_ad\cable\test\poke_insulation\001.png,2,layer3,1.0,0,1,51.898765563964844,43.97629922011803,2.2365314297999555,3.5423004739778827,D:\Research\research-experiments\industrial-anomaly-detection\data\mvtec_ad\cable\ground_truth\poke_insulation\001_mask.png,31427,0.02997112274169922,-3.507520902804313
cable,poke_insulation,D:\Research\research-experiments\industrial-anomaly-detection\data\mvtec_ad\cable\test\poke_insulation\002.png,2,layer3,1.0,0,1,44.04547119140625,43.97629922011803,2.2365314297999555,0.030928235734387785,D:\Research\research-experiments\industrial-anomaly-detection\data\mvtec_ad\cable\ground_truth\poke_insulation\002_mask.png,1506,0.0014362335205078125,-6.5457305065737055
cable,poke_insulation,D:\Research\research-experiments\industrial-anomaly-detection\data\mvtec_ad\cable\test\poke_insulation\003.png,2,layer3,1.0,0,1,46.916507720947266,43.97629922011803,2.2365314297999555,1.3146287423701533,D:\Research\research-experiments\industrial-anomaly-detection\data\mvtec_ad\cable\ground_truth\poke_insulation\003_mask.png,13376,0.01275634765625,-4.361726197482082
cable,poke_insulation,D:\Research\research-experiments\industrial-anomaly-detection\data\mvtec_ad\cable\test\poke_insulation\004.png,2,layer3,1.0,0,1,46.35061264038086,43.97629922011803,2.2365314297999555,1.061605210920375,D:\Research\research-experiments\industrial-anomaly-detection\data\mvtec_ad\cable\ground_truth\poke_insulation\004_mask.png,31573,0.03011035919189453,-3.502885974026185
cable,poke_insulation,D:\Research\research-experiments\industrial-anomaly-detection\data\mvtec_ad\cable\test\poke_insulation\005.png,2,layer3,1.0,0,1,53.999664306640625,43.97629922011803,2.2365314297999555,4.481656261552795,D:\Research\research-experiments\industrial-anomaly-detection\data\mvtec_ad\cable\ground_truth\poke_insulation\005_mask.png,6611,0.006304740905761719,-5.06645324525454
cable,poke_insulation,D:\Research\research-experiments\industrial-anomaly-detection\data\mvtec_ad\cable\test\poke_insulation\006.png,2,layer3,1.0,0,1,49.8776969909668,43.97629922011803,2.2365314297999555,2.6386384256520876,D:\Research\research-experiments\industrial-anomaly-detection\data\mvtec_ad\cable\ground_truth\poke_insulation\006_mask.png,27740,0.026454925537109375,-3.63231287952994
cable,poke_insulation,D:\Research\research-experiments\industrial-anomaly-detection\data\mvtec_ad\cable\test\poke_insulation\007.png,2,layer3,1.0,0,1,48.72468948364258,43.97629922011803,2.2365314297999555,2.123104643313358,D:\Research\research-experiments\industrial-anomaly-detection\data\mvtec_ad\cable\ground_truth\poke_insulation\007_mask.png,51028,0.048664093017578125,-3.022813809991694
cable,poke_insulation,D:\Research\research-experiments\industrial-anomaly-detection\data\mvtec_ad\cable\test\poke_insulation\008.png,2,layer3,1.0,0,1,54.02083969116211,43.97629922011803,2.2365314297999555,4.49112421905133,D:\Research\research-experiments\industrial-anomaly-detection\data\mvtec_ad\cable\ground_truth\poke_insulation\008_mask.png,41654,0.03972434997558594,-3.2257909046264683
cable,poke_insulation,D:\Research\research-experiments\industrial-anomaly-detection\data\mvtec_ad\cable\test\poke_insulation\009.png,2,layer3,1.0,0,1,49.545169830322266,43.97629922011803,2.2365314297999555,2.4899585742474177,D:\Research\research-experiments\industrial-anomaly-detection\data\mvtec_ad\cable\ground_truth\poke_insulation\009_mask.png,37053,0.03533649444580078,-3.3428389837934276
