specimen,kind,object_anomaly,view,illumination,image_path,score
001,Good,0,120,01,/root/autodl-tmp/research-experiments/industrial-anomaly-detection/data/m2ad/extracted/Bird/Good/001/A120_I01.png,47.03169250488281
001,Good,0,120,02,/root/autodl-tmp/research-experiments/industrial-anomaly-detection/data/m2ad/extracted/Bird/Good/001/A120_I02.png,47.91596603393555
001,Good,0,120,03,/root/autodl-tmp/research-experiments/industrial-anomaly-detection/data/m2ad/extracted/Bird/Good/001/A120_I03.png,46.908172607421875
001,Good,0,120,04,/root/autodl-tmp/research-experiments/industrial-anomaly-detection/data/m2ad/extracted/Bird/Good/001/A120_I04.png,52.429443359375
001,Good,0,120,05,/root/autodl-tmp/research-experiments/industrial-anomaly-detection/data/m2ad/extracted/Bird/Good/001/A120_I05.png,53.09171676635742
001,Good,0,120,06,/root/autodl-tmp/research-experiments/industrial-anomaly-detection/data/m2ad/extracted/Bird/Good/001/A120_I06.png,52.40153121948242
001,Good,0,120,07,/root/autodl-tmp/research-experiments/industrial-anomaly-detection/data/m2ad/extracted/Bird/Good/001/A120_I07.png,43.22356414794922
001,Good,0,120,08,/root/autodl-tmp/research-experiments/industrial-anomaly-detection/data/m2ad/extracted/Bird/Good/001/A120_I08.png,45.56564712524414
001,Good,0,120,09,/root/autodl-tmp/research-experiments/industrial-anomaly-detection/data/m2ad/extracted/Bird/Good/001/A120_I09.png,52.297142028808594
001,Good,0,120,10,/root/autodl-tmp/research-experiments/industrial-anomaly-detection/data/m2ad/extracted/Bird/Good/001/A120_I10.png,52.500511169433594
002,Good,0,120,01,/root/autodl-tmp/research-experiments/industrial-anomaly-detection/data/m2ad/extracted/Bird/Good/002/A120_I01.png,45.182220458984375
002,Good,0,120,02,/root/autodl-tmp/research-experiments/industrial-anomaly-detection/data/m2ad/extracted/Bird/Good/002/A120_I02.png,46.293426513671875
002,Good,0,120,03,/root/autodl-tmp/research-experiments/industrial-anomaly-detection/data/m2ad/extracted/Bird/Good/002/A120_I03.png,45.31632614135742
002,Good,0,120,04,/root/autodl-tmp/research-experiments/industrial-anomaly-detection/data/m2ad/extracted/Bird/Good/002/A120_I04.png,45.70502471923828
002,Good,0,120,05,/root/autodl-tmp/research-experiments/industrial-anomaly-detection/data/m2ad/extracted/Bird/Good/002/A120_I05.png,43.91764450073242
002,Good,0,120,06,/root/autodl-tmp/research-experiments/industrial-anomaly-detection/data/m2ad/extracted/Bird/Good/002/A120_I06.png,49.099361419677734
002,Good,0,120,07,/root/autodl-tmp/research-experiments/industrial-anomaly-detection/data/m2ad/extracted/Bird/Good/002/A120_I07.png,51.9608039855957
002,Good,0,120,08,/root/autodl-tmp/research-experiments/industrial-anomaly-detection/data/m2ad/extracted/Bird/Good/002/A120_I08.png,50.19133758544922
002,Good,0,120,09,/root/autodl-tmp/research-experiments/industrial-anomaly-detection/data/m2ad/extracted/Bird/Good/002/A120_I09.png,48.55634689331055
002,Good,0,120,10,/root/autodl-tmp/research-experiments/industrial-anomaly-detection/data/m2ad/extracted/Bird/Good/002/A120_I10.png,48.5682487487793
005,Good,0,120,01,/root/autodl-tmp/research-experiments/industrial-anomaly-detection/data/m2ad/extracted/Bird/Good/005/A120_I01.png,46.083438873291016
005,Good,0,120,02,/root/autodl-tmp/research-experiments/industrial-anomaly-detection/data/m2ad/extracted/Bird/Good/005/A120_I02.png,45.06605911254883
005,Good,0,120,03,/root/autodl-tmp/research-experiments/industrial-anomaly-detection/data/m2ad/extracted/Bird/Good/005/A120_I03.png,47.33913040161133
005,Good,0,120,04,/root/autodl-tmp/research-experiments/industrial-anomaly-detection/data/m2ad/extracted/Bird/Good/005/A120_I04.png,48.07534408569336
005,Good,0,120,05,/root/autodl-tmp/research-experiments/industrial-anomaly-detection/data/m2ad/extracted/Bird/Good/005/A120_I05.png,49.78059005737305
005,Good,0,120,06,/root/autodl-tmp/research-experiments/industrial-anomaly-detection/data/m2ad/extracted/Bird/Good/005/A120_I06.png,48.2086181640625
005,Good,0,120,07,/root/autodl-tmp/research-experiments/industrial-anomaly-detection/data/m2ad/extracted/Bird/Good/005/A120_I07.png,52.6103630065918
005,Good,0,120,08,/root/autodl-tmp/research-experiments/industrial-anomaly-detection/data/m2ad/extracted/Bird/Good/005/A120_I08.png,51.481258392333984
005,Good,0,120,09,/root/autodl-tmp/research-experiments/industrial-anomaly-detection/data/m2ad/extracted/Bird/Good/005/A120_I09.png,49.50654983520508
005,Good,0,120,10,/root/autodl-tmp/research-experiments/industrial-anomaly-detection/data/m2ad/extracted/Bird/Good/005/A120_I10.png,50.07524490356445
006,Good,0,120,01,/root/autodl-tmp/research-experiments/industrial-anomaly-detection/data/m2ad/extracted/Bird/Good/006/A120_I01.png,42.146697998046875
006,Good,0,120,02,/root/autodl-tmp/research-experiments/industrial-anomaly-detection/data/m2ad/extracted/Bird/Good/006/A120_I02.png,47.16355895996094
006,Good,0,120,03,/root/autodl-tmp/research-experiments/industrial-anomaly-detection/data/m2ad/extracted/Bird/Good/006/A120_I03.png,50.08890151977539
006,Good,0,120,04,/root/autodl-tmp/research-experiments/industrial-anomaly-detection/data/m2ad/extracted/Bird/Good/006/A120_I04.png,53.61577224731445
006,Good,0,120,05,/root/autodl-tmp/research-experiments/industrial-anomaly-detection/data/m2ad/extracted/Bird/Good/006/A120_I05.png,55.39386749267578
006,Good,0,120,06,/root/autodl-tmp/research-experiments/industrial-anomaly-detection/data/m2ad/extracted/Bird/Good/006/A120_I06.png,54.03276824951172
006,Good,0,120,07,/root/autodl-tmp/research-experiments/industrial-anomaly-detection/data/m2ad/extracted/Bird/Good/006/A120_I07.png,51.11045455932617
006,Good,0,120,08,/root/autodl-tmp/research-experiments/industrial-anomaly-detection/data/m2ad/extracted/Bird/Good/006/A120_I08.png,48.94969940185547
006,Good,0,120,09,/root/autodl-tmp/research-experiments/industrial-anomaly-detection/data/m2ad/extracted/Bird/Good/006/A120_I09.png,53.429107666015625
006,Good,0,120,10,/root/autodl-tmp/research-experiments/industrial-anomaly-detection/data/m2ad/extracted/Bird/Good/006/A120_I10.png,53.7247200012207
007,Good,0,120,01,/root/autodl-tmp/research-experiments/industrial-anomaly-detection/data/m2ad/extracted/Bird/Good/007/A120_I01.png,41.61123275756836
007,Good,0,120,02,/root/autodl-tmp/research-experiments/industrial-anomaly-detection/data/m2ad/extracted/Bird/Good/007/A120_I02.png,43.93776321411133
007,Good,0,120,03,/root/autodl-tmp/research-experiments/industrial-anomaly-detection/data/m2ad/extracted/Bird/Good/007/A120_I03.png,48.22029113769531
007,Good,0,120,04,/root/autodl-tmp/research-experiments/industrial-anomaly-detection/data/m2ad/extracted/Bird/Good/007/A120_I04.png,49.73442840576172
007,Good,0,120,05,/root/autodl-tmp/research-experiments/industrial-anomaly-detection/data/m2ad/extracted/Bird/Good/007/A120_I05.png,49.26008987426758
007,Good,0,120,06,/root/autodl-tmp/research-experiments/industrial-anomaly-detection/data/m2ad/extracted/Bird/Good/007/A120_I06.png,48.757286071777344
007,Good,0,120,07,/root/autodl-tmp/research-experiments/industrial-anomaly-detection/data/m2ad/extracted/Bird/Good/007/A120_I07.png,51.562774658203125
007,Good,0,120,08,/root/autodl-tmp/research-experiments/industrial-anomaly-detection/data/m2ad/extracted/Bird/Good/007/A120_I08.png,49.4682502746582
007,Good,0,120,09,/root/autodl-tmp/research-experiments/industrial-anomaly-detection/data/m2ad/extracted/Bird/Good/007/A120_I09.png,50.11675262451172
007,Good,0,120,10,/root/autodl-tmp/research-experiments/industrial-anomaly-detection/data/m2ad/extracted/Bird/Good/007/A120_I10.png,48.847877502441406
008,Good,0,120,01,/root/autodl-tmp/research-experiments/industrial-anomaly-detection/data/m2ad/extracted/Bird/Good/008/A120_I01.png,43.9481315612793
008,Good,0,120,02,/root/autodl-tmp/research-experiments/industrial-anomaly-detection/data/m2ad/extracted/Bird/Good/008/A120_I02.png,40.41526794433594
008,Good,0,120,03,/root/autodl-tmp/research-experiments/industrial-anomaly-detection/data/m2ad/extracted/Bird/Good/008/A120_I03.png,40.133949279785156
008,Good,0,120,04,/root/autodl-tmp/research-experiments/industrial-anomaly-detection/data/m2ad/extracted/Bird/Good/008/A120_I04.png,48.83966827392578
008,Good,0,120,05,/root/autodl-tmp/research-experiments/industrial-anomaly-detection/data/m2ad/extracted/Bird/Good/008/A120_I05.png,47.44409942626953
008,Good,0,120,06,/root/autodl-tmp/research-experiments/industrial-anomaly-detection/data/m2ad/extracted/Bird/Good/008/A120_I06.png,49.11377716064453
008,Good,0,120,07,/root/autodl-tmp/research-experiments/industrial-anomaly-detection/data/m2ad/extracted/Bird/Good/008/A120_I07.png,49.58982849121094
008,Good,0,120,08,/root/autodl-tmp/research-experiments/industrial-anomaly-detection/data/m2ad/extracted/Bird/Good/008/A120_I08.png,49.362247467041016
008,Good,0,120,09,/root/autodl-tmp/research-experiments/industrial-anomaly-detection/data/m2ad/extracted/Bird/Good/008/A120_I09.png,48.91225051879883
008,Good,0,120,10,/root/autodl-tmp/research-experiments/industrial-anomaly-detection/data/m2ad/extracted/Bird/Good/008/A120_I10.png,46.872745513916016
013,Good,0,120,01,/root/autodl-tmp/research-experiments/industrial-anomaly-detection/data/m2ad/extracted/Bird/Good/013/A120_I01.png,37.15776824951172
013,Good,0,120,02,/root/autodl-tmp/research-experiments/industrial-anomaly-detection/data/m2ad/extracted/Bird/Good/013/A120_I02.png,42.57589340209961
013,Good,0,120,03,/root/autodl-tmp/research-experiments/industrial-anomaly-detection/data/m2ad/extracted/Bird/Good/013/A120_I03.png,42.33738708496094
013,Good,0,120,04,/root/autodl-tmp/research-experiments/industrial-anomaly-detection/data/m2ad/extracted/Bird/Good/013/A120_I04.png,45.32783508300781
013,Good,0,120,05,/root/autodl-tmp/research-experiments/industrial-anomaly-detection/data/m2ad/extracted/Bird/Good/013/A120_I05.png,47.347869873046875
013,Good,0,120,06,/root/autodl-tmp/research-experiments/industrial-anomaly-detection/data/m2ad/extracted/Bird/Good/013/A120_I06.png,53.53489303588867
013,Good,0,120,07,/root/autodl-tmp/research-experiments/industrial-anomaly-detection/data/m2ad/extracted/Bird/Good/013/A120_I07.png,53.89938735961914
013,Good,0,120,08,/root/autodl-tmp/research-experiments/industrial-anomaly-detection/data/m2ad/extracted/Bird/Good/013/A120_I08.png,53.35121536254883
013,Good,0,120,09,/root/autodl-tmp/research-experiments/industrial-anomaly-detection/data/m2ad/extracted/Bird/Good/013/A120_I09.png,52.97623062133789
013,Good,0,120,10,/root/autodl-tmp/research-experiments/industrial-anomaly-detection/data/m2ad/extracted/Bird/Good/013/A120_I10.png,53.38747787475586
014,Good,0,120,01,/root/autodl-tmp/research-experiments/industrial-anomaly-detection/data/m2ad/extracted/Bird/Good/014/A120_I01.png,40.92021179199219
014,Good,0,120,02,/root/autodl-tmp/research-experiments/industrial-anomaly-detection/data/m2ad/extracted/Bird/Good/014/A120_I02.png,41.99161148071289
014,Good,0,120,03,/root/autodl-tmp/research-experiments/industrial-anomaly-detection/data/m2ad/extracted/Bird/Good/014/A120_I03.png,43.41688537597656
014,Good,0,120,04,/root/autodl-tmp/research-experiments/industrial-anomaly-detection/data/m2ad/extracted/Bird/Good/014/A120_I04.png,48.23915481567383
014,Good,0,120,05,/root/autodl-tmp/research-experiments/industrial-anomaly-detection/data/m2ad/extracted/Bird/Good/014/A120_I05.png,48.790283203125
014,Good,0,120,06,/root/autodl-tmp/research-experiments/industrial-anomaly-detection/data/m2ad/extracted/Bird/Good/014/A120_I06.png,44.950008392333984
014,Good,0,120,07,/root/autodl-tmp/research-experiments/industrial-anomaly-detection/data/m2ad/extracted/Bird/Good/014/A120_I07.png,52.01652526855469
014,Good,0,120,08,/root/autodl-tmp/research-experiments/industrial-anomaly-detection/data/m2ad/extracted/Bird/Good/014/A120_I08.png,48.51015853881836
014,Good,0,120,09,/root/autodl-tmp/research-experiments/industrial-anomaly-detection/data/m2ad/extracted/Bird/Good/014/A120_I09.png,47.83806610107422
014,Good,0,120,10,/root/autodl-tmp/research-experiments/industrial-anomaly-detection/data/m2ad/extracted/Bird/Good/014/A120_I10.png,47.330631256103516
015,Good,0,120,01,/root/autodl-tmp/research-experiments/industrial-anomaly-detection/data/m2ad/extracted/Bird/Good/015/A120_I01.png,44.056495666503906
015,Good,0,120,02,/root/autodl-tmp/research-experiments/industrial-anomaly-detection/data/m2ad/extracted/Bird/Good/015/A120_I02.png,44.786434173583984
015,Good,0,120,03,/root/autodl-tmp/research-experiments/industrial-anomaly-detection/data/m2ad/extracted/Bird/Good/015/A120_I03.png,38.2471923828125
015,Good,0,120,04,/root/autodl-tmp/research-experiments/industrial-anomaly-detection/data/m2ad/extracted/Bird/Good/015/A120_I04.png,50.022335052490234
015,Good,0,120,05,/root/autodl-tmp/research-experiments/industrial-anomaly-detection/data/m2ad/extracted/Bird/Good/015/A120_I05.png,52.216556549072266
015,Good,0,120,06,/root/autodl-tmp/research-experiments/industrial-anomaly-detection/data/m2ad/extracted/Bird/Good/015/A120_I06.png,49.193206787109375
015,Good,0,120,07,/root/autodl-tmp/research-experiments/industrial-anomaly-detection/data/m2ad/extracted/Bird/Good/015/A120_I07.png,51.257362365722656
015,Good,0,120,08,/root/autodl-tmp/research-experiments/industrial-anomaly-detection/data/m2ad/extracted/Bird/Good/015/A120_I08.png,47.851104736328125
015,Good,0,120,09,/root/autodl-tmp/research-experiments/industrial-anomaly-detection/data/m2ad/extracted/Bird/Good/015/A120_I09.png,47.92790603637695
015,Good,0,120,10,/root/autodl-tmp/research-experiments/industrial-anomaly-detection/data/m2ad/extracted/Bird/Good/015/A120_I10.png,48.2087516784668
017,Good,0,120,01,/root/autodl-tmp/research-experiments/industrial-anomaly-detection/data/m2ad/extracted/Bird/Good/017/A120_I01.png,42.90486526489258
017,Good,0,120,02,/root/autodl-tmp/research-experiments/industrial-anomaly-detection/data/m2ad/extracted/Bird/Good/017/A120_I02.png,41.06077194213867
017,Good,0,120,03,/root/autodl-tmp/research-experiments/industrial-anomaly-detection/data/m2ad/extracted/Bird/Good/017/A120_I03.png,38.73444366455078
017,Good,0,120,04,/root/autodl-tmp/research-experiments/industrial-anomaly-detection/data/m2ad/extracted/Bird/Good/017/A120_I04.png,47.168190002441406
017,Good,0,120,05,/root/autodl-tmp/research-experiments/industrial-anomaly-detection/data/m2ad/extracted/Bird/Good/017/A120_I05.png,47.86566925048828
017,Good,0,120,06,/root/autodl-tmp/research-experiments/industrial-anomaly-detection/data/m2ad/extracted/Bird/Good/017/A120_I06.png,47.699256896972656
017,Good,0,120,07,/root/autodl-tmp/research-experiments/industrial-anomaly-detection/data/m2ad/extracted/Bird/Good/017/A120_I07.png,50.17331314086914
017,Good,0,120,08,/root/autodl-tmp/research-experiments/industrial-anomaly-detection/data/m2ad/extracted/Bird/Good/017/A120_I08.png,48.84165954589844
017,Good,0,120,09,/root/autodl-tmp/research-experiments/industrial-anomaly-detection/data/m2ad/extracted/Bird/Good/017/A120_I09.png,46.7695198059082
017,Good,0,120,10,/root/autodl-tmp/research-experiments/industrial-anomaly-detection/data/m2ad/extracted/Bird/Good/017/A120_I10.png,46.96837615966797
027,Good,0,120,01,/root/autodl-tmp/research-experiments/industrial-anomaly-detection/data/m2ad/extracted/Bird/Good/027/A120_I01.png,43.719154357910156
027,Good,0,120,02,/root/autodl-tmp/research-experiments/industrial-anomaly-detection/data/m2ad/extracted/Bird/Good/027/A120_I02.png,42.13108444213867
027,Good,0,120,03,/root/autodl-tmp/research-experiments/industrial-anomaly-detection/data/m2ad/extracted/Bird/Good/027/A120_I03.png,45.75590515136719
027,Good,0,120,04,/root/autodl-tmp/research-experiments/industrial-anomaly-detection/data/m2ad/extracted/Bird/Good/027/A120_I04.png,47.56639099121094
027,Good,0,120,05,/root/autodl-tmp/research-experiments/industrial-anomaly-detection/data/m2ad/extracted/Bird/Good/027/A120_I05.png,47.149871826171875
027,Good,0,120,06,/root/autodl-tmp/research-experiments/industrial-anomaly-detection/data/m2ad/extracted/Bird/Good/027/A120_I06.png,46.65982437133789
027,Good,0,120,07,/root/autodl-tmp/research-experiments/industrial-anomaly-detection/data/m2ad/extracted/Bird/Good/027/A120_I07.png,44.92441940307617
027,Good,0,120,08,/root/autodl-tmp/research-experiments/industrial-anomaly-detection/data/m2ad/extracted/Bird/Good/027/A120_I08.png,40.958683013916016
027,Good,0,120,09,/root/autodl-tmp/research-experiments/industrial-anomaly-detection/data/m2ad/extracted/Bird/Good/027/A120_I09.png,45.97756576538086
027,Good,0,120,10,/root/autodl-tmp/research-experiments/industrial-anomaly-detection/data/m2ad/extracted/Bird/Good/027/A120_I10.png,45.18544387817383
032,Good,0,120,01,/root/autodl-tmp/research-experiments/industrial-anomaly-detection/data/m2ad/extracted/Bird/Good/032/A120_I01.png,50.563323974609375
032,Good,0,120,02,/root/autodl-tmp/research-experiments/industrial-anomaly-detection/data/m2ad/extracted/Bird/Good/032/A120_I02.png,48.18756866455078
032,Good,0,120,03,/root/autodl-tmp/research-experiments/industrial-anomaly-detection/data/m2ad/extracted/Bird/Good/032/A120_I03.png,49.101009368896484
032,Good,0,120,04,/root/autodl-tmp/research-experiments/industrial-anomaly-detection/data/m2ad/extracted/Bird/Good/032/A120_I04.png,53.82181930541992
032,Good,0,120,05,/root/autodl-tmp/research-experiments/industrial-anomaly-detection/data/m2ad/extracted/Bird/Good/032/A120_I05.png,53.4276237487793
032,Good,0,120,06,/root/autodl-tmp/research-experiments/industrial-anomaly-detection/data/m2ad/extracted/Bird/Good/032/A120_I06.png,51.45683288574219
032,Good,0,120,07,/root/autodl-tmp/research-experiments/industrial-anomaly-detection/data/m2ad/extracted/Bird/Good/032/A120_I07.png,52.04860305786133
032,Good,0,120,08,/root/autodl-tmp/research-experiments/industrial-anomaly-detection/data/m2ad/extracted/Bird/Good/032/A120_I08.png,49.472190856933594
032,Good,0,120,09,/root/autodl-tmp/research-experiments/industrial-anomaly-detection/data/m2ad/extracted/Bird/Good/032/A120_I09.png,51.98970413208008
032,Good,0,120,10,/root/autodl-tmp/research-experiments/industrial-anomaly-detection/data/m2ad/extracted/Bird/Good/032/A120_I10.png,52.33904266357422
034,Good,0,120,01,/root/autodl-tmp/research-experiments/industrial-anomaly-detection/data/m2ad/extracted/Bird/Good/034/A120_I01.png,44.513946533203125
034,Good,0,120,02,/root/autodl-tmp/research-experiments/industrial-anomaly-detection/data/m2ad/extracted/Bird/Good/034/A120_I02.png,42.753868103027344
034,Good,0,120,03,/root/autodl-tmp/research-experiments/industrial-anomaly-detection/data/m2ad/extracted/Bird/Good/034/A120_I03.png,43.24338150024414
034,Good,0,120,04,/root/autodl-tmp/research-experiments/industrial-anomaly-detection/data/m2ad/extracted/Bird/Good/034/A120_I04.png,43.70062255859375
034,Good,0,120,05,/root/autodl-tmp/research-experiments/industrial-anomaly-detection/data/m2ad/extracted/Bird/Good/034/A120_I05.png,42.858909606933594
034,Good,0,120,06,/root/autodl-tmp/research-experiments/industrial-anomaly-detection/data/m2ad/extracted/Bird/Good/034/A120_I06.png,46.42831802368164
034,Good,0,120,07,/root/autodl-tmp/research-experiments/industrial-anomaly-detection/data/m2ad/extracted/Bird/Good/034/A120_I07.png,47.931243896484375
034,Good,0,120,08,/root/autodl-tmp/research-experiments/industrial-anomaly-detection/data/m2ad/extracted/Bird/Good/034/A120_I08.png,47.14068603515625
034,Good,0,120,09,/root/autodl-tmp/research-experiments/industrial-anomaly-detection/data/m2ad/extracted/Bird/Good/034/A120_I09.png,47.17323684692383
034,Good,0,120,10,/root/autodl-tmp/research-experiments/industrial-anomaly-detection/data/m2ad/extracted/Bird/Good/034/A120_I10.png,47.07423400878906
036,Good,0,120,01,/root/autodl-tmp/research-experiments/industrial-anomaly-detection/data/m2ad/extracted/Bird/Good/036/A120_I01.png,47.637386322021484
036,Good,0,120,02,/root/autodl-tmp/research-experiments/industrial-anomaly-detection/data/m2ad/extracted/Bird/Good/036/A120_I02.png,45.776329040527344
036,Good,0,120,03,/root/autodl-tmp/research-experiments/industrial-anomaly-detection/data/m2ad/extracted/Bird/Good/036/A120_I03.png,46.684486389160156
036,Good,0,120,04,/root/autodl-tmp/research-experiments/industrial-anomaly-detection/data/m2ad/extracted/Bird/Good/036/A120_I04.png,55.29020309448242
036,Good,0,120,05,/root/autodl-tmp/research-experiments/industrial-anomaly-detection/data/m2ad/extracted/Bird/Good/036/A120_I05.png,55.58232116699219
036,Good,0,120,06,/root/autodl-tmp/research-experiments/industrial-anomaly-detection/data/m2ad/extracted/Bird/Good/036/A120_I06.png,54.98855972290039
036,Good,0,120,07,/root/autodl-tmp/research-experiments/industrial-anomaly-detection/data/m2ad/extracted/Bird/Good/036/A120_I07.png,47.07004165649414
036,Good,0,120,08,/root/autodl-tmp/research-experiments/industrial-anomaly-detection/data/m2ad/extracted/Bird/Good/036/A120_I08.png,45.8880615234375
036,Good,0,120,09,/root/autodl-tmp/research-experiments/industrial-anomaly-detection/data/m2ad/extracted/Bird/Good/036/A120_I09.png,55.439491271972656
036,Good,0,120,10,/root/autodl-tmp/research-experiments/industrial-anomaly-detection/data/m2ad/extracted/Bird/Good/036/A120_I10.png,53.648094177246094
037,Good,0,120,01,/root/autodl-tmp/research-experiments/industrial-anomaly-detection/data/m2ad/extracted/Bird/Good/037/A120_I01.png,44.20512008666992
037,Good,0,120,02,/root/autodl-tmp/research-experiments/industrial-anomaly-detection/data/m2ad/extracted/Bird/Good/037/A120_I02.png,41.91983413696289
037,Good,0,120,03,/root/autodl-tmp/research-experiments/industrial-anomaly-detection/data/m2ad/extracted/Bird/Good/037/A120_I03.png,42.43650436401367
037,Good,0,120,04,/root/autodl-tmp/research-experiments/industrial-anomaly-detection/data/m2ad/extracted/Bird/Good/037/A120_I04.png,47.187313079833984
037,Good,0,120,05,/root/autodl-tmp/research-experiments/industrial-anomaly-detection/data/m2ad/extracted/Bird/Good/037/A120_I05.png,48.75484848022461
037,Good,0,120,06,/root/autodl-tmp/research-experiments/industrial-anomaly-detection/data/m2ad/extracted/Bird/Good/037/A120_I06.png,49.31949234008789
037,Good,0,120,07,/root/autodl-tmp/research-experiments/industrial-anomaly-detection/data/m2ad/extracted/Bird/Good/037/A120_I07.png,52.56611633300781
037,Good,0,120,08,/root/autodl-tmp/research-experiments/industrial-anomaly-detection/data/m2ad/extracted/Bird/Good/037/A120_I08.png,48.99193572998047
037,Good,0,120,09,/root/autodl-tmp/research-experiments/industrial-anomaly-detection/data/m2ad/extracted/Bird/Good/037/A120_I09.png,48.38407516479492
037,Good,0,120,10,/root/autodl-tmp/research-experiments/industrial-anomaly-detection/data/m2ad/extracted/Bird/Good/037/A120_I10.png,48.5212287902832
040,Good,0,120,01,/root/autodl-tmp/research-experiments/industrial-anomaly-detection/data/m2ad/extracted/Bird/Good/040/A120_I01.png,47.81913757324219
040,Good,0,120,02,/root/autodl-tmp/research-experiments/industrial-anomaly-detection/data/m2ad/extracted/Bird/Good/040/A120_I02.png,45.83660125732422
040,Good,0,120,03,/root/autodl-tmp/research-experiments/industrial-anomaly-detection/data/m2ad/extracted/Bird/Good/040/A120_I03.png,44.123069763183594
040,Good,0,120,04,/root/autodl-tmp/research-experiments/industrial-anomaly-detection/data/m2ad/extracted/Bird/Good/040/A120_I04.png,50.78688049316406
040,Good,0,120,05,/root/autodl-tmp/research-experiments/industrial-anomaly-detection/data/m2ad/extracted/Bird/Good/040/A120_I05.png,50.73470687866211
040,Good,0,120,06,/root/autodl-tmp/research-experiments/industrial-anomaly-detection/data/m2ad/extracted/Bird/Good/040/A120_I06.png,47.93412780761719
040,Good,0,120,07,/root/autodl-tmp/research-experiments/industrial-anomaly-detection/data/m2ad/extracted/Bird/Good/040/A120_I07.png,48.73031234741211
040,Good,0,120,08,/root/autodl-tmp/research-experiments/industrial-anomaly-detection/data/m2ad/extracted/Bird/Good/040/A120_I08.png,48.50092315673828
040,Good,0,120,09,/root/autodl-tmp/research-experiments/industrial-anomaly-detection/data/m2ad/extracted/Bird/Good/040/A120_I09.png,48.2149658203125
040,Good,0,120,10,/root/autodl-tmp/research-experiments/industrial-anomaly-detection/data/m2ad/extracted/Bird/Good/040/A120_I10.png,47.549766540527344
044,Good,0,120,01,/root/autodl-tmp/research-experiments/industrial-anomaly-detection/data/m2ad/extracted/Bird/Good/044/A120_I01.png,41.97107696533203
044,Good,0,120,02,/root/autodl-tmp/research-experiments/industrial-anomaly-detection/data/m2ad/extracted/Bird/Good/044/A120_I02.png,43.952152252197266
044,Good,0,120,03,/root/autodl-tmp/research-experiments/industrial-anomaly-detection/data/m2ad/extracted/Bird/Good/044/A120_I03.png,46.12943649291992
044,Good,0,120,04,/root/autodl-tmp/research-experiments/industrial-anomaly-detection/data/m2ad/extracted/Bird/Good/044/A120_I04.png,45.339256286621094
044,Good,0,120,05,/root/autodl-tmp/research-experiments/industrial-anomaly-detection/data/m2ad/extracted/Bird/Good/044/A120_I05.png,43.395992279052734
044,Good,0,120,06,/root/autodl-tmp/research-experiments/industrial-anomaly-detection/data/m2ad/extracted/Bird/Good/044/A120_I06.png,45.61824417114258
044,Good,0,120,07,/root/autodl-tmp/research-experiments/industrial-anomaly-detection/data/m2ad/extracted/Bird/Good/044/A120_I07.png,45.94374465942383
044,Good,0,120,08,/root/autodl-tmp/research-experiments/industrial-anomaly-detection/data/m2ad/extracted/Bird/Good/044/A120_I08.png,47.06372833251953
044,Good,0,120,09,/root/autodl-tmp/research-experiments/industrial-anomaly-detection/data/m2ad/extracted/Bird/Good/044/A120_I09.png,47.32252883911133
044,Good,0,120,10,/root/autodl-tmp/research-experiments/industrial-anomaly-detection/data/m2ad/extracted/Bird/Good/044/A120_I10.png,45.504150390625
046,Good,0,120,01,/root/autodl-tmp/research-experiments/industrial-anomaly-detection/data/m2ad/extracted/Bird/Good/046/A120_I01.png,49.40311050415039
046,Good,0,120,02,/root/autodl-tmp/research-experiments/industrial-anomaly-detection/data/m2ad/extracted/Bird/Good/046/A120_I02.png,46.86011505126953
046,Good,0,120,03,/root/autodl-tmp/research-experiments/industrial-anomaly-detection/data/m2ad/extracted/Bird/Good/046/A120_I03.png,48.11769104003906
046,Good,0,120,04,/root/autodl-tmp/research-experiments/industrial-anomaly-detection/data/m2ad/extracted/Bird/Good/046/A120_I04.png,51.68409729003906
046,Good,0,120,05,/root/autodl-tmp/research-experiments/industrial-anomaly-detection/data/m2ad/extracted/Bird/Good/046/A120_I05.png,52.883262634277344
046,Good,0,120,06,/root/autodl-tmp/research-experiments/industrial-anomaly-detection/data/m2ad/extracted/Bird/Good/046/A120_I06.png,52.03689193725586
046,Good,0,120,07,/root/autodl-tmp/research-experiments/industrial-anomaly-detection/data/m2ad/extracted/Bird/Good/046/A120_I07.png,48.86128616333008
046,Good,0,120,08,/root/autodl-tmp/research-experiments/industrial-anomaly-detection/data/m2ad/extracted/Bird/Good/046/A120_I08.png,47.36172103881836
046,Good,0,120,09,/root/autodl-tmp/research-experiments/industrial-anomaly-detection/data/m2ad/extracted/Bird/Good/046/A120_I09.png,50.401058197021484
046,Good,0,120,10,/root/autodl-tmp/research-experiments/industrial-anomaly-detection/data/m2ad/extracted/Bird/Good/046/A120_I10.png,50.54065704345703
047,Good,0,120,01,/root/autodl-tmp/research-experiments/industrial-anomaly-detection/data/m2ad/extracted/Bird/Good/047/A120_I01.png,47.46314239501953
047,Good,0,120,02,/root/autodl-tmp/research-experiments/industrial-anomaly-detection/data/m2ad/extracted/Bird/Good/047/A120_I02.png,47.57830810546875
047,Good,0,120,03,/root/autodl-tmp/research-experiments/industrial-anomaly-detection/data/m2ad/extracted/Bird/Good/047/A120_I03.png,45.995967864990234
047,Good,0,120,04,/root/autodl-tmp/research-experiments/industrial-anomaly-detection/data/m2ad/extracted/Bird/Good/047/A120_I04.png,50.704978942871094
047,Good,0,120,05,/root/autodl-tmp/research-experiments/industrial-anomaly-detection/data/m2ad/extracted/Bird/Good/047/A120_I05.png,51.521846771240234
047,Good,0,120,06,/root/autodl-tmp/research-experiments/industrial-anomaly-detection/data/m2ad/extracted/Bird/Good/047/A120_I06.png,49.64301300048828
047,Good,0,120,07,/root/autodl-tmp/research-experiments/industrial-anomaly-detection/data/m2ad/extracted/Bird/Good/047/A120_I07.png,46.571773529052734
047,Good,0,120,08,/root/autodl-tmp/research-experiments/industrial-anomaly-detection/data/m2ad/extracted/Bird/Good/047/A120_I08.png,45.0377197265625
047,Good,0,120,09,/root/autodl-tmp/research-experiments/industrial-anomaly-detection/data/m2ad/extracted/Bird/Good/047/A120_I09.png,50.228458404541016
047,Good,0,120,10,/root/autodl-tmp/research-experiments/industrial-anomaly-detection/data/m2ad/extracted/Bird/Good/047/A120_I10.png,50.738224029541016
049,Good,0,120,01,/root/autodl-tmp/research-experiments/industrial-anomaly-detection/data/m2ad/extracted/Bird/Good/049/A120_I01.png,41.717063903808594
049,Good,0,120,02,/root/autodl-tmp/research-experiments/industrial-anomaly-detection/data/m2ad/extracted/Bird/Good/049/A120_I02.png,43.281490325927734
049,Good,0,120,03,/root/autodl-tmp/research-experiments/industrial-anomaly-detection/data/m2ad/extracted/Bird/Good/049/A120_I03.png,43.024749755859375
049,Good,0,120,04,/root/autodl-tmp/research-experiments/industrial-anomaly-detection/data/m2ad/extracted/Bird/Good/049/A120_I04.png,48.120079040527344
049,Good,0,120,05,/root/autodl-tmp/research-experiments/industrial-anomaly-detection/data/m2ad/extracted/Bird/Good/049/A120_I05.png,47.94258117675781
049,Good,0,120,06,/root/autodl-tmp/research-experiments/industrial-anomaly-detection/data/m2ad/extracted/Bird/Good/049/A120_I06.png,47.64091110229492
049,Good,0,120,07,/root/autodl-tmp/research-experiments/industrial-anomaly-detection/data/m2ad/extracted/Bird/Good/049/A120_I07.png,46.060089111328125
049,Good,0,120,08,/root/autodl-tmp/research-experiments/industrial-anomaly-detection/data/m2ad/extracted/Bird/Good/049/A120_I08.png,43.85858154296875
049,Good,0,120,09,/root/autodl-tmp/research-experiments/industrial-anomaly-detection/data/m2ad/extracted/Bird/Good/049/A120_I09.png,47.79549789428711
049,Good,0,120,10,/root/autodl-tmp/research-experiments/industrial-anomaly-detection/data/m2ad/extracted/Bird/Good/049/A120_I10.png,47.91337203979492
damage_1_008,NG,1,120,01,/root/autodl-tmp/research-experiments/industrial-anomaly-detection/data/m2ad/extracted/Bird/NG/damage_1_008/A120_I01.png,61.2738151550293
damage_1_008,NG,1,120,02,/root/autodl-tmp/research-experiments/industrial-anomaly-detection/data/m2ad/extracted/Bird/NG/damage_1_008/A120_I02.png,65.55679321289062
damage_1_008,NG,1,120,03,/root/autodl-tmp/research-experiments/industrial-anomaly-detection/data/m2ad/extracted/Bird/NG/damage_1_008/A120_I03.png,61.86259078979492
damage_1_008,NG,1,120,04,/root/autodl-tmp/research-experiments/industrial-anomaly-detection/data/m2ad/extracted/Bird/NG/damage_1_008/A120_I04.png,66.29878997802734
damage_1_008,NG,1,120,05,/root/autodl-tmp/research-experiments/industrial-anomaly-detection/data/m2ad/extracted/Bird/NG/damage_1_008/A120_I05.png,70.00386810302734
damage_1_008,NG,1,120,06,/root/autodl-tmp/research-experiments/industrial-anomaly-detection/data/m2ad/extracted/Bird/NG/damage_1_008/A120_I06.png,66.56282043457031
damage_1_008,NG,1,120,07,/root/autodl-tmp/research-experiments/industrial-anomaly-detection/data/m2ad/extracted/Bird/NG/damage_1_008/A120_I07.png,57.74136734008789
damage_1_008,NG,1,120,08,/root/autodl-tmp/research-experiments/industrial-anomaly-detection/data/m2ad/extracted/Bird/NG/damage_1_008/A120_I08.png,62.54261016845703
damage_1_008,NG,1,120,09,/root/autodl-tmp/research-experiments/industrial-anomaly-detection/data/m2ad/extracted/Bird/NG/damage_1_008/A120_I09.png,67.87049865722656
damage_1_008,NG,1,120,10,/root/autodl-tmp/research-experiments/industrial-anomaly-detection/data/m2ad/extracted/Bird/NG/damage_1_008/A120_I10.png,67.68112182617188
damage_1_009,NG,1,120,01,/root/autodl-tmp/research-experiments/industrial-anomaly-detection/data/m2ad/extracted/Bird/NG/damage_1_009/A120_I01.png,63.389129638671875
damage_1_009,NG,1,120,02,/root/autodl-tmp/research-experiments/industrial-anomaly-detection/data/m2ad/extracted/Bird/NG/damage_1_009/A120_I02.png,60.078182220458984
damage_1_009,NG,1,120,03,/root/autodl-tmp/research-experiments/industrial-anomaly-detection/data/m2ad/extracted/Bird/NG/damage_1_009/A120_I03.png,59.035316467285156
damage_1_009,NG,1,120,04,/root/autodl-tmp/research-experiments/industrial-anomaly-detection/data/m2ad/extracted/Bird/NG/damage_1_009/A120_I04.png,59.1358528137207
damage_1_009,NG,1,120,05,/root/autodl-tmp/research-experiments/industrial-anomaly-detection/data/m2ad/extracted/Bird/NG/damage_1_009/A120_I05.png,60.31271743774414
damage_1_009,NG,1,120,06,/root/autodl-tmp/research-experiments/industrial-anomaly-detection/data/m2ad/extracted/Bird/NG/damage_1_009/A120_I06.png,61.29512023925781
damage_1_009,NG,1,120,07,/root/autodl-tmp/research-experiments/industrial-anomaly-detection/data/m2ad/extracted/Bird/NG/damage_1_009/A120_I07.png,54.26070785522461
damage_1_009,NG,1,120,08,/root/autodl-tmp/research-experiments/industrial-anomaly-detection/data/m2ad/extracted/Bird/NG/damage_1_009/A120_I08.png,60.85773468017578
damage_1_009,NG,1,120,09,/root/autodl-tmp/research-experiments/industrial-anomaly-detection/data/m2ad/extracted/Bird/NG/damage_1_009/A120_I09.png,59.541786193847656
damage_1_009,NG,1,120,10,/root/autodl-tmp/research-experiments/industrial-anomaly-detection/data/m2ad/extracted/Bird/NG/damage_1_009/A120_I10.png,60.8656120300293
damage_1_010,NG,1,120,01,/root/autodl-tmp/research-experiments/industrial-anomaly-detection/data/m2ad/extracted/Bird/NG/damage_1_010/A120_I01.png,63.29143524169922
damage_1_010,NG,1,120,02,/root/autodl-tmp/research-experiments/industrial-anomaly-detection/data/m2ad/extracted/Bird/NG/damage_1_010/A120_I02.png,57.67738723754883
damage_1_010,NG,1,120,03,/root/autodl-tmp/research-experiments/industrial-anomaly-detection/data/m2ad/extracted/Bird/NG/damage_1_010/A120_I03.png,54.03730773925781
damage_1_010,NG,1,120,04,/root/autodl-tmp/research-experiments/industrial-anomaly-detection/data/m2ad/extracted/Bird/NG/damage_1_010/A120_I04.png,58.49571990966797
damage_1_010,NG,1,120,05,/root/autodl-tmp/research-experiments/industrial-anomaly-detection/data/m2ad/extracted/Bird/NG/damage_1_010/A120_I05.png,61.08833312988281
damage_1_010,NG,1,120,06,/root/autodl-tmp/research-experiments/industrial-anomaly-detection/data/m2ad/extracted/Bird/NG/damage_1_010/A120_I06.png,59.93567657470703
damage_1_010,NG,1,120,07,/root/autodl-tmp/research-experiments/industrial-anomaly-detection/data/m2ad/extracted/Bird/NG/damage_1_010/A120_I07.png,56.811344146728516
damage_1_010,NG,1,120,08,/root/autodl-tmp/research-experiments/industrial-anomaly-detection/data/m2ad/extracted/Bird/NG/damage_1_010/A120_I08.png,61.53615951538086
damage_1_010,NG,1,120,09,/root/autodl-tmp/research-experiments/industrial-anomaly-detection/data/m2ad/extracted/Bird/NG/damage_1_010/A120_I09.png,59.83258819580078
damage_1_010,NG,1,120,10,/root/autodl-tmp/research-experiments/industrial-anomaly-detection/data/m2ad/extracted/Bird/NG/damage_1_010/A120_I10.png,60.5118293762207
damage_1_011,NG,1,120,01,/root/autodl-tmp/research-experiments/industrial-anomaly-detection/data/m2ad/extracted/Bird/NG/damage_1_011/A120_I01.png,67.0043716430664
damage_1_011,NG,1,120,02,/root/autodl-tmp/research-experiments/industrial-anomaly-detection/data/m2ad/extracted/Bird/NG/damage_1_011/A120_I02.png,63.94477844238281
damage_1_011,NG,1,120,03,/root/autodl-tmp/research-experiments/industrial-anomaly-detection/data/m2ad/extracted/Bird/NG/damage_1_011/A120_I03.png,59.66665267944336
damage_1_011,NG,1,120,04,/root/autodl-tmp/research-experiments/industrial-anomaly-detection/data/m2ad/extracted/Bird/NG/damage_1_011/A120_I04.png,64.11937713623047
damage_1_011,NG,1,120,05,/root/autodl-tmp/research-experiments/industrial-anomaly-detection/data/m2ad/extracted/Bird/NG/damage_1_011/A120_I05.png,66.10957336425781
damage_1_011,NG,1,120,06,/root/autodl-tmp/research-experiments/industrial-anomaly-detection/data/m2ad/extracted/Bird/NG/damage_1_011/A120_I06.png,64.04024505615234
damage_1_011,NG,1,120,07,/root/autodl-tmp/research-experiments/industrial-anomaly-detection/data/m2ad/extracted/Bird/NG/damage_1_011/A120_I07.png,60.04916000366211
damage_1_011,NG,1,120,08,/root/autodl-tmp/research-experiments/industrial-anomaly-detection/data/m2ad/extracted/Bird/NG/damage_1_011/A120_I08.png,66.42147064208984
damage_1_011,NG,1,120,09,/root/autodl-tmp/research-experiments/industrial-anomaly-detection/data/m2ad/extracted/Bird/NG/damage_1_011/A120_I09.png,63.58535385131836
damage_1_011,NG,1,120,10,/root/autodl-tmp/research-experiments/industrial-anomaly-detection/data/m2ad/extracted/Bird/NG/damage_1_011/A120_I10.png,65.55169677734375
damage_1_033,NG,1,120,01,/root/autodl-tmp/research-experiments/industrial-anomaly-detection/data/m2ad/extracted/Bird/NG/damage_1_033/A120_I01.png,40.40724182128906
damage_1_033,NG,1,120,02,/root/autodl-tmp/research-experiments/industrial-anomaly-detection/data/m2ad/extracted/Bird/NG/damage_1_033/A120_I02.png,41.11585235595703
damage_1_033,NG,1,120,03,/root/autodl-tmp/research-experiments/industrial-anomaly-detection/data/m2ad/extracted/Bird/NG/damage_1_033/A120_I03.png,43.27753829956055
damage_1_033,NG,1,120,04,/root/autodl-tmp/research-experiments/industrial-anomaly-detection/data/m2ad/extracted/Bird/NG/damage_1_033/A120_I04.png,43.40210723876953
damage_1_033,NG,1,120,05,/root/autodl-tmp/research-experiments/industrial-anomaly-detection/data/m2ad/extracted/Bird/NG/damage_1_033/A120_I05.png,46.26080322265625
damage_1_033,NG,1,120,06,/root/autodl-tmp/research-experiments/industrial-anomaly-detection/data/m2ad/extracted/Bird/NG/damage_1_033/A120_I06.png,43.94747543334961
damage_1_033,NG,1,120,07,/root/autodl-tmp/research-experiments/industrial-anomaly-detection/data/m2ad/extracted/Bird/NG/damage_1_033/A120_I07.png,44.128761291503906
damage_1_033,NG,1,120,08,/root/autodl-tmp/research-experiments/industrial-anomaly-detection/data/m2ad/extracted/Bird/NG/damage_1_033/A120_I08.png,44.250545501708984
damage_1_033,NG,1,120,09,/root/autodl-tmp/research-experiments/industrial-anomaly-detection/data/m2ad/extracted/Bird/NG/damage_1_033/A120_I09.png,43.82111740112305
damage_1_033,NG,1,120,10,/root/autodl-tmp/research-experiments/industrial-anomaly-detection/data/m2ad/extracted/Bird/NG/damage_1_033/A120_I10.png,44.23719787597656
damage_1_034,NG,1,120,01,/root/autodl-tmp/research-experiments/industrial-anomaly-detection/data/m2ad/extracted/Bird/NG/damage_1_034/A120_I01.png,42.40559387207031
damage_1_034,NG,1,120,02,/root/autodl-tmp/research-experiments/industrial-anomaly-detection/data/m2ad/extracted/Bird/NG/damage_1_034/A120_I02.png,46.39522933959961
damage_1_034,NG,1,120,03,/root/autodl-tmp/research-experiments/industrial-anomaly-detection/data/m2ad/extracted/Bird/NG/damage_1_034/A120_I03.png,46.79045867919922
damage_1_034,NG,1,120,04,/root/autodl-tmp/research-experiments/industrial-anomaly-detection/data/m2ad/extracted/Bird/NG/damage_1_034/A120_I04.png,51.309146881103516
damage_1_034,NG,1,120,05,/root/autodl-tmp/research-experiments/industrial-anomaly-detection/data/m2ad/extracted/Bird/NG/damage_1_034/A120_I05.png,48.68642044067383
damage_1_034,NG,1,120,06,/root/autodl-tmp/research-experiments/industrial-anomaly-detection/data/m2ad/extracted/Bird/NG/damage_1_034/A120_I06.png,48.77815628051758
damage_1_034,NG,1,120,07,/root/autodl-tmp/research-experiments/industrial-anomaly-detection/data/m2ad/extracted/Bird/NG/damage_1_034/A120_I07.png,47.712467193603516
damage_1_034,NG,1,120,08,/root/autodl-tmp/research-experiments/industrial-anomaly-detection/data/m2ad/extracted/Bird/NG/damage_1_034/A120_I08.png,47.66950988769531
damage_1_034,NG,1,120,09,/root/autodl-tmp/research-experiments/industrial-anomaly-detection/data/m2ad/extracted/Bird/NG/damage_1_034/A120_I09.png,49.36967468261719
damage_1_034,NG,1,120,10,/root/autodl-tmp/research-experiments/industrial-anomaly-detection/data/m2ad/extracted/Bird/NG/damage_1_034/A120_I10.png,48.23542404174805
damage_1_035,NG,1,120,01,/root/autodl-tmp/research-experiments/industrial-anomaly-detection/data/m2ad/extracted/Bird/NG/damage_1_035/A120_I01.png,44.15288543701172
damage_1_035,NG,1,120,02,/root/autodl-tmp/research-experiments/industrial-anomaly-detection/data/m2ad/extracted/Bird/NG/damage_1_035/A120_I02.png,42.577232360839844
damage_1_035,NG,1,120,03,/root/autodl-tmp/research-experiments/industrial-anomaly-detection/data/m2ad/extracted/Bird/NG/damage_1_035/A120_I03.png,45.98632049560547
damage_1_035,NG,1,120,04,/root/autodl-tmp/research-experiments/industrial-anomaly-detection/data/m2ad/extracted/Bird/NG/damage_1_035/A120_I04.png,44.93449783325195
damage_1_035,NG,1,120,05,/root/autodl-tmp/research-experiments/industrial-anomaly-detection/data/m2ad/extracted/Bird/NG/damage_1_035/A120_I05.png,46.60770797729492
damage_1_035,NG,1,120,06,/root/autodl-tmp/research-experiments/industrial-anomaly-detection/data/m2ad/extracted/Bird/NG/damage_1_035/A120_I06.png,48.9329948425293
damage_1_035,NG,1,120,07,/root/autodl-tmp/research-experiments/industrial-anomaly-detection/data/m2ad/extracted/Bird/NG/damage_1_035/A120_I07.png,50.31810760498047
damage_1_035,NG,1,120,08,/root/autodl-tmp/research-experiments/industrial-anomaly-detection/data/m2ad/extracted/Bird/NG/damage_1_035/A120_I08.png,48.337738037109375
damage_1_035,NG,1,120,09,/root/autodl-tmp/research-experiments/industrial-anomaly-detection/data/m2ad/extracted/Bird/NG/damage_1_035/A120_I09.png,48.75728988647461
damage_1_035,NG,1,120,10,/root/autodl-tmp/research-experiments/industrial-anomaly-detection/data/m2ad/extracted/Bird/NG/damage_1_035/A120_I10.png,49.24686050415039
damage_1_036,NG,1,120,01,/root/autodl-tmp/research-experiments/industrial-anomaly-detection/data/m2ad/extracted/Bird/NG/damage_1_036/A120_I01.png,49.83551025390625
damage_1_036,NG,1,120,02,/root/autodl-tmp/research-experiments/industrial-anomaly-detection/data/m2ad/extracted/Bird/NG/damage_1_036/A120_I02.png,48.88465881347656
damage_1_036,NG,1,120,03,/root/autodl-tmp/research-experiments/industrial-anomaly-detection/data/m2ad/extracted/Bird/NG/damage_1_036/A120_I03.png,43.96780014038086
damage_1_036,NG,1,120,04,/root/autodl-tmp/research-experiments/industrial-anomaly-detection/data/m2ad/extracted/Bird/NG/damage_1_036/A120_I04.png,49.69635009765625
damage_1_036,NG,1,120,05,/root/autodl-tmp/research-experiments/industrial-anomaly-detection/data/m2ad/extracted/Bird/NG/damage_1_036/A120_I05.png,50.93642044067383
damage_1_036,NG,1,120,06,/root/autodl-tmp/research-experiments/industrial-anomaly-detection/data/m2ad/extracted/Bird/NG/damage_1_036/A120_I06.png,47.756595611572266
damage_1_036,NG,1,120,07,/root/autodl-tmp/research-experiments/industrial-anomaly-detection/data/m2ad/extracted/Bird/NG/damage_1_036/A120_I07.png,48.71977615356445
damage_1_036,NG,1,120,08,/root/autodl-tmp/research-experiments/industrial-anomaly-detection/data/m2ad/extracted/Bird/NG/damage_1_036/A120_I08.png,48.832420349121094
damage_1_036,NG,1,120,09,/root/autodl-tmp/research-experiments/industrial-anomaly-detection/data/m2ad/extracted/Bird/NG/damage_1_036/A120_I09.png,47.58287811279297
damage_1_036,NG,1,120,10,/root/autodl-tmp/research-experiments/industrial-anomaly-detection/data/m2ad/extracted/Bird/NG/damage_1_036/A120_I10.png,47.840885162353516
damage_1_hole_1_scratch_1_021,NG,1,120,01,/root/autodl-tmp/research-experiments/industrial-anomaly-detection/data/m2ad/extracted/Bird/NG/damage_1_hole_1_scratch_1_021/A120_I01.png,59.28170394897461
damage_1_hole_1_scratch_1_021,NG,1,120,02,/root/autodl-tmp/research-experiments/industrial-anomaly-detection/data/m2ad/extracted/Bird/NG/damage_1_hole_1_scratch_1_021/A120_I02.png,57.673526763916016
damage_1_hole_1_scratch_1_021,NG,1,120,03,/root/autodl-tmp/research-experiments/industrial-anomaly-detection/data/m2ad/extracted/Bird/NG/damage_1_hole_1_scratch_1_021/A120_I03.png,56.32465362548828
damage_1_hole_1_scratch_1_021,NG,1,120,04,/root/autodl-tmp/research-experiments/industrial-anomaly-detection/data/m2ad/extracted/Bird/NG/damage_1_hole_1_scratch_1_021/A120_I04.png,56.69892883300781
damage_1_hole_1_scratch_1_021,NG,1,120,05,/root/autodl-tmp/research-experiments/industrial-anomaly-detection/data/m2ad/extracted/Bird/NG/damage_1_hole_1_scratch_1_021/A120_I05.png,56.738399505615234
damage_1_hole_1_scratch_1_021,NG,1,120,06,/root/autodl-tmp/research-experiments/industrial-anomaly-detection/data/m2ad/extracted/Bird/NG/damage_1_hole_1_scratch_1_021/A120_I06.png,56.832271575927734
damage_1_hole_1_scratch_1_021,NG,1,120,07,/root/autodl-tmp/research-experiments/industrial-anomaly-detection/data/m2ad/extracted/Bird/NG/damage_1_hole_1_scratch_1_021/A120_I07.png,54.6722526550293
damage_1_hole_1_scratch_1_021,NG,1,120,08,/root/autodl-tmp/research-experiments/industrial-anomaly-detection/data/m2ad/extracted/Bird/NG/damage_1_hole_1_scratch_1_021/A120_I08.png,57.527706146240234
damage_1_hole_1_scratch_1_021,NG,1,120,09,/root/autodl-tmp/research-experiments/industrial-anomaly-detection/data/m2ad/extracted/Bird/NG/damage_1_hole_1_scratch_1_021/A120_I09.png,59.146121978759766
damage_1_hole_1_scratch_1_021,NG,1,120,10,/root/autodl-tmp/research-experiments/industrial-anomaly-detection/data/m2ad/extracted/Bird/NG/damage_1_hole_1_scratch_1_021/A120_I10.png,59.88017272949219
damage_1_hole_1_scratch_1_022,NG,1,120,01,/root/autodl-tmp/research-experiments/industrial-anomaly-detection/data/m2ad/extracted/Bird/NG/damage_1_hole_1_scratch_1_022/A120_I01.png,62.1695442199707
damage_1_hole_1_scratch_1_022,NG,1,120,02,/root/autodl-tmp/research-experiments/industrial-anomaly-detection/data/m2ad/extracted/Bird/NG/damage_1_hole_1_scratch_1_022/A120_I02.png,58.015769958496094
damage_1_hole_1_scratch_1_022,NG,1,120,03,/root/autodl-tmp/research-experiments/industrial-anomaly-detection/data/m2ad/extracted/Bird/NG/damage_1_hole_1_scratch_1_022/A120_I03.png,57.47998046875
damage_1_hole_1_scratch_1_022,NG,1,120,04,/root/autodl-tmp/research-experiments/industrial-anomaly-detection/data/m2ad/extracted/Bird/NG/damage_1_hole_1_scratch_1_022/A120_I04.png,59.26418685913086
damage_1_hole_1_scratch_1_022,NG,1,120,05,/root/autodl-tmp/research-experiments/industrial-anomaly-detection/data/m2ad/extracted/Bird/NG/damage_1_hole_1_scratch_1_022/A120_I05.png,60.24045944213867
damage_1_hole_1_scratch_1_022,NG,1,120,06,/root/autodl-tmp/research-experiments/industrial-anomaly-detection/data/m2ad/extracted/Bird/NG/damage_1_hole_1_scratch_1_022/A120_I06.png,59.18619155883789
damage_1_hole_1_scratch_1_022,NG,1,120,07,/root/autodl-tmp/research-experiments/industrial-anomaly-detection/data/m2ad/extracted/Bird/NG/damage_1_hole_1_scratch_1_022/A120_I07.png,55.265899658203125
damage_1_hole_1_scratch_1_022,NG,1,120,08,/root/autodl-tmp/research-experiments/industrial-anomaly-detection/data/m2ad/extracted/Bird/NG/damage_1_hole_1_scratch_1_022/A120_I08.png,59.807159423828125
damage_1_hole_1_scratch_1_022,NG,1,120,09,/root/autodl-tmp/research-experiments/industrial-anomaly-detection/data/m2ad/extracted/Bird/NG/damage_1_hole_1_scratch_1_022/A120_I09.png,61.66143035888672
damage_1_hole_1_scratch_1_022,NG,1,120,10,/root/autodl-tmp/research-experiments/industrial-anomaly-detection/data/m2ad/extracted/Bird/NG/damage_1_hole_1_scratch_1_022/A120_I10.png,61.60425567626953
damage_1_hole_1_scratch_1_023,NG,1,120,01,/root/autodl-tmp/research-experiments/industrial-anomaly-detection/data/m2ad/extracted/Bird/NG/damage_1_hole_1_scratch_1_023/A120_I01.png,68.82464599609375
damage_1_hole_1_scratch_1_023,NG,1,120,02,/root/autodl-tmp/research-experiments/industrial-anomaly-detection/data/m2ad/extracted/Bird/NG/damage_1_hole_1_scratch_1_023/A120_I02.png,63.47636032104492
damage_1_hole_1_scratch_1_023,NG,1,120,03,/root/autodl-tmp/research-experiments/industrial-anomaly-detection/data/m2ad/extracted/Bird/NG/damage_1_hole_1_scratch_1_023/A120_I03.png,58.96500015258789
damage_1_hole_1_scratch_1_023,NG,1,120,04,/root/autodl-tmp/research-experiments/industrial-anomaly-detection/data/m2ad/extracted/Bird/NG/damage_1_hole_1_scratch_1_023/A120_I04.png,60.965721130371094
damage_1_hole_1_scratch_1_023,NG,1,120,05,/root/autodl-tmp/research-experiments/industrial-anomaly-detection/data/m2ad/extracted/Bird/NG/damage_1_hole_1_scratch_1_023/A120_I05.png,62.32529067993164
damage_1_hole_1_scratch_1_023,NG,1,120,06,/root/autodl-tmp/research-experiments/industrial-anomaly-detection/data/m2ad/extracted/Bird/NG/damage_1_hole_1_scratch_1_023/A120_I06.png,61.286216735839844
damage_1_hole_1_scratch_1_023,NG,1,120,07,/root/autodl-tmp/research-experiments/industrial-anomaly-detection/data/m2ad/extracted/Bird/NG/damage_1_hole_1_scratch_1_023/A120_I07.png,58.55672073364258
damage_1_hole_1_scratch_1_023,NG,1,120,08,/root/autodl-tmp/research-experiments/industrial-anomaly-detection/data/m2ad/extracted/Bird/NG/damage_1_hole_1_scratch_1_023/A120_I08.png,64.68181610107422
damage_1_hole_1_scratch_1_023,NG,1,120,09,/root/autodl-tmp/research-experiments/industrial-anomaly-detection/data/m2ad/extracted/Bird/NG/damage_1_hole_1_scratch_1_023/A120_I09.png,62.620018005371094
damage_1_hole_1_scratch_1_023,NG,1,120,10,/root/autodl-tmp/research-experiments/industrial-anomaly-detection/data/m2ad/extracted/Bird/NG/damage_1_hole_1_scratch_1_023/A120_I10.png,62.93050765991211
damage_1_hole_1_scratch_1_024,NG,1,120,01,/root/autodl-tmp/research-experiments/industrial-anomaly-detection/data/m2ad/extracted/Bird/NG/damage_1_hole_1_scratch_1_024/A120_I01.png,62.05739974975586
damage_1_hole_1_scratch_1_024,NG,1,120,02,/root/autodl-tmp/research-experiments/industrial-anomaly-detection/data/m2ad/extracted/Bird/NG/damage_1_hole_1_scratch_1_024/A120_I02.png,56.77465057373047
damage_1_hole_1_scratch_1_024,NG,1,120,03,/root/autodl-tmp/research-experiments/industrial-anomaly-detection/data/m2ad/extracted/Bird/NG/damage_1_hole_1_scratch_1_024/A120_I03.png,53.92551803588867
damage_1_hole_1_scratch_1_024,NG,1,120,04,/root/autodl-tmp/research-experiments/industrial-anomaly-detection/data/m2ad/extracted/Bird/NG/damage_1_hole_1_scratch_1_024/A120_I04.png,57.3824577331543
damage_1_hole_1_scratch_1_024,NG,1,120,05,/root/autodl-tmp/research-experiments/industrial-anomaly-detection/data/m2ad/extracted/Bird/NG/damage_1_hole_1_scratch_1_024/A120_I05.png,57.4326057434082
damage_1_hole_1_scratch_1_024,NG,1,120,06,/root/autodl-tmp/research-experiments/industrial-anomaly-detection/data/m2ad/extracted/Bird/NG/damage_1_hole_1_scratch_1_024/A120_I06.png,57.65056228637695
damage_1_hole_1_scratch_1_024,NG,1,120,07,/root/autodl-tmp/research-experiments/industrial-anomaly-detection/data/m2ad/extracted/Bird/NG/damage_1_hole_1_scratch_1_024/A120_I07.png,57.59525680541992
damage_1_hole_1_scratch_1_024,NG,1,120,08,/root/autodl-tmp/research-experiments/industrial-anomaly-detection/data/m2ad/extracted/Bird/NG/damage_1_hole_1_scratch_1_024/A120_I08.png,59.29205322265625
damage_1_hole_1_scratch_1_024,NG,1,120,09,/root/autodl-tmp/research-experiments/industrial-anomaly-detection/data/m2ad/extracted/Bird/NG/damage_1_hole_1_scratch_1_024/A120_I09.png,59.09536361694336
damage_1_hole_1_scratch_1_024,NG,1,120,10,/root/autodl-tmp/research-experiments/industrial-anomaly-detection/data/m2ad/extracted/Bird/NG/damage_1_hole_1_scratch_1_024/A120_I10.png,60.25713348388672
damage_1_hole_1_scratch_1_047,NG,1,120,01,/root/autodl-tmp/research-experiments/industrial-anomaly-detection/data/m2ad/extracted/Bird/NG/damage_1_hole_1_scratch_1_047/A120_I01.png,46.261085510253906
damage_1_hole_1_scratch_1_047,NG,1,120,02,/root/autodl-tmp/research-experiments/industrial-anomaly-detection/data/m2ad/extracted/Bird/NG/damage_1_hole_1_scratch_1_047/A120_I02.png,44.19883728027344
damage_1_hole_1_scratch_1_047,NG,1,120,03,/root/autodl-tmp/research-experiments/industrial-anomaly-detection/data/m2ad/extracted/Bird/NG/damage_1_hole_1_scratch_1_047/A120_I03.png,44.362220764160156
damage_1_hole_1_scratch_1_047,NG,1,120,04,/root/autodl-tmp/research-experiments/industrial-anomaly-detection/data/m2ad/extracted/Bird/NG/damage_1_hole_1_scratch_1_047/A120_I04.png,45.48085021972656
damage_1_hole_1_scratch_1_047,NG,1,120,05,/root/autodl-tmp/research-experiments/industrial-anomaly-detection/data/m2ad/extracted/Bird/NG/damage_1_hole_1_scratch_1_047/A120_I05.png,46.16693878173828
damage_1_hole_1_scratch_1_047,NG,1,120,06,/root/autodl-tmp/research-experiments/industrial-anomaly-detection/data/m2ad/extracted/Bird/NG/damage_1_hole_1_scratch_1_047/A120_I06.png,45.337066650390625
damage_1_hole_1_scratch_1_047,NG,1,120,07,/root/autodl-tmp/research-experiments/industrial-anomaly-detection/data/m2ad/extracted/Bird/NG/damage_1_hole_1_scratch_1_047/A120_I07.png,46.41978454589844
damage_1_hole_1_scratch_1_047,NG,1,120,08,/root/autodl-tmp/research-experiments/industrial-anomaly-detection/data/m2ad/extracted/Bird/NG/damage_1_hole_1_scratch_1_047/A120_I08.png,43.255313873291016
damage_1_hole_1_scratch_1_047,NG,1,120,09,/root/autodl-tmp/research-experiments/industrial-anomaly-detection/data/m2ad/extracted/Bird/NG/damage_1_hole_1_scratch_1_047/A120_I09.png,45.832122802734375
damage_1_hole_1_scratch_1_047,NG,1,120,10,/root/autodl-tmp/research-experiments/industrial-anomaly-detection/data/m2ad/extracted/Bird/NG/damage_1_hole_1_scratch_1_047/A120_I10.png,45.764556884765625
damage_1_hole_2_scratch_1_048,NG,1,120,01,/root/autodl-tmp/research-experiments/industrial-anomaly-detection/data/m2ad/extracted/Bird/NG/damage_1_hole_2_scratch_1_048/A120_I01.png,49.54347610473633
damage_1_hole_2_scratch_1_048,NG,1,120,02,/root/autodl-tmp/research-experiments/industrial-anomaly-detection/data/m2ad/extracted/Bird/NG/damage_1_hole_2_scratch_1_048/A120_I02.png,50.33246994018555
damage_1_hole_2_scratch_1_048,NG,1,120,03,/root/autodl-tmp/research-experiments/industrial-anomaly-detection/data/m2ad/extracted/Bird/NG/damage_1_hole_2_scratch_1_048/A120_I03.png,50.690834045410156
damage_1_hole_2_scratch_1_048,NG,1,120,04,/root/autodl-tmp/research-experiments/industrial-anomaly-detection/data/m2ad/extracted/Bird/NG/damage_1_hole_2_scratch_1_048/A120_I04.png,51.189598083496094
damage_1_hole_2_scratch_1_048,NG,1,120,05,/root/autodl-tmp/research-experiments/industrial-anomaly-detection/data/m2ad/extracted/Bird/NG/damage_1_hole_2_scratch_1_048/A120_I05.png,49.91323471069336
damage_1_hole_2_scratch_1_048,NG,1,120,06,/root/autodl-tmp/research-experiments/industrial-anomaly-detection/data/m2ad/extracted/Bird/NG/damage_1_hole_2_scratch_1_048/A120_I06.png,47.46904754638672
damage_1_hole_2_scratch_1_048,NG,1,120,07,/root/autodl-tmp/research-experiments/industrial-anomaly-detection/data/m2ad/extracted/Bird/NG/damage_1_hole_2_scratch_1_048/A120_I07.png,50.561744689941406
damage_1_hole_2_scratch_1_048,NG,1,120,08,/root/autodl-tmp/research-experiments/industrial-anomaly-detection/data/m2ad/extracted/Bird/NG/damage_1_hole_2_scratch_1_048/A120_I08.png,50.75238800048828
damage_1_hole_2_scratch_1_048,NG,1,120,09,/root/autodl-tmp/research-experiments/industrial-anomaly-detection/data/m2ad/extracted/Bird/NG/damage_1_hole_2_scratch_1_048/A120_I09.png,49.85053634643555
damage_1_hole_2_scratch_1_048,NG,1,120,10,/root/autodl-tmp/research-experiments/industrial-anomaly-detection/data/m2ad/extracted/Bird/NG/damage_1_hole_2_scratch_1_048/A120_I10.png,49.208763122558594
damage_1_hole_5_scratch_1_046,NG,1,120,01,/root/autodl-tmp/research-experiments/industrial-anomaly-detection/data/m2ad/extracted/Bird/NG/damage_1_hole_5_scratch_1_046/A120_I01.png,64.9238052368164
damage_1_hole_5_scratch_1_046,NG,1,120,02,/root/autodl-tmp/research-experiments/industrial-anomaly-detection/data/m2ad/extracted/Bird/NG/damage_1_hole_5_scratch_1_046/A120_I02.png,59.406612396240234
damage_1_hole_5_scratch_1_046,NG,1,120,03,/root/autodl-tmp/research-experiments/industrial-anomaly-detection/data/m2ad/extracted/Bird/NG/damage_1_hole_5_scratch_1_046/A120_I03.png,61.10737609863281
damage_1_hole_5_scratch_1_046,NG,1,120,04,/root/autodl-tmp/research-experiments/industrial-anomaly-detection/data/m2ad/extracted/Bird/NG/damage_1_hole_5_scratch_1_046/A120_I04.png,59.687110900878906
damage_1_hole_5_scratch_1_046,NG,1,120,05,/root/autodl-tmp/research-experiments/industrial-anomaly-detection/data/m2ad/extracted/Bird/NG/damage_1_hole_5_scratch_1_046/A120_I05.png,59.86874771118164
damage_1_hole_5_scratch_1_046,NG,1,120,06,/root/autodl-tmp/research-experiments/industrial-anomaly-detection/data/m2ad/extracted/Bird/NG/damage_1_hole_5_scratch_1_046/A120_I06.png,59.13972854614258
damage_1_hole_5_scratch_1_046,NG,1,120,07,/root/autodl-tmp/research-experiments/industrial-anomaly-detection/data/m2ad/extracted/Bird/NG/damage_1_hole_5_scratch_1_046/A120_I07.png,58.280948638916016
damage_1_hole_5_scratch_1_046,NG,1,120,08,/root/autodl-tmp/research-experiments/industrial-anomaly-detection/data/m2ad/extracted/Bird/NG/damage_1_hole_5_scratch_1_046/A120_I08.png,60.4462776184082
damage_1_hole_5_scratch_1_046,NG,1,120,09,/root/autodl-tmp/research-experiments/industrial-anomaly-detection/data/m2ad/extracted/Bird/NG/damage_1_hole_5_scratch_1_046/A120_I09.png,57.616920471191406
damage_1_hole_5_scratch_1_046,NG,1,120,10,/root/autodl-tmp/research-experiments/industrial-anomaly-detection/data/m2ad/extracted/Bird/NG/damage_1_hole_5_scratch_1_046/A120_I10.png,57.918521881103516
damage_2_018,NG,1,120,01,/root/autodl-tmp/research-experiments/industrial-anomaly-detection/data/m2ad/extracted/Bird/NG/damage_2_018/A120_I01.png,56.841033935546875
damage_2_018,NG,1,120,02,/root/autodl-tmp/research-experiments/industrial-anomaly-detection/data/m2ad/extracted/Bird/NG/damage_2_018/A120_I02.png,56.06882858276367
damage_2_018,NG,1,120,03,/root/autodl-tmp/research-experiments/industrial-anomaly-detection/data/m2ad/extracted/Bird/NG/damage_2_018/A120_I03.png,55.821285247802734
damage_2_018,NG,1,120,04,/root/autodl-tmp/research-experiments/industrial-anomaly-detection/data/m2ad/extracted/Bird/NG/damage_2_018/A120_I04.png,54.514366149902344
damage_2_018,NG,1,120,05,/root/autodl-tmp/research-experiments/industrial-anomaly-detection/data/m2ad/extracted/Bird/NG/damage_2_018/A120_I05.png,55.82899475097656
damage_2_018,NG,1,120,06,/root/autodl-tmp/research-experiments/industrial-anomaly-detection/data/m2ad/extracted/Bird/NG/damage_2_018/A120_I06.png,55.01427459716797
damage_2_018,NG,1,120,07,/root/autodl-tmp/research-experiments/industrial-anomaly-detection/data/m2ad/extracted/Bird/NG/damage_2_018/A120_I07.png,51.429386138916016
damage_2_018,NG,1,120,08,/root/autodl-tmp/research-experiments/industrial-anomaly-detection/data/m2ad/extracted/Bird/NG/damage_2_018/A120_I08.png,52.63843536376953
damage_2_018,NG,1,120,09,/root/autodl-tmp/research-experiments/industrial-anomaly-detection/data/m2ad/extracted/Bird/NG/damage_2_018/A120_I09.png,57.1476936340332
damage_2_018,NG,1,120,10,/root/autodl-tmp/research-experiments/industrial-anomaly-detection/data/m2ad/extracted/Bird/NG/damage_2_018/A120_I10.png,56.743988037109375
damage_2_020,NG,1,120,01,/root/autodl-tmp/research-experiments/industrial-anomaly-detection/data/m2ad/extracted/Bird/NG/damage_2_020/A120_I01.png,64.81370544433594
damage_2_020,NG,1,120,02,/root/autodl-tmp/research-experiments/industrial-anomaly-detection/data/m2ad/extracted/Bird/NG/damage_2_020/A120_I02.png,60.16228485107422
damage_2_020,NG,1,120,03,/root/autodl-tmp/research-experiments/industrial-anomaly-detection/data/m2ad/extracted/Bird/NG/damage_2_020/A120_I03.png,58.67770767211914
damage_2_020,NG,1,120,04,/root/autodl-tmp/research-experiments/industrial-anomaly-detection/data/m2ad/extracted/Bird/NG/damage_2_020/A120_I04.png,59.3117561340332
damage_2_020,NG,1,120,05,/root/autodl-tmp/research-experiments/industrial-anomaly-detection/data/m2ad/extracted/Bird/NG/damage_2_020/A120_I05.png,58.40565872192383
damage_2_020,NG,1,120,06,/root/autodl-tmp/research-experiments/industrial-anomaly-detection/data/m2ad/extracted/Bird/NG/damage_2_020/A120_I06.png,61.66328811645508
damage_2_020,NG,1,120,07,/root/autodl-tmp/research-experiments/industrial-anomaly-detection/data/m2ad/extracted/Bird/NG/damage_2_020/A120_I07.png,61.25117111206055
damage_2_020,NG,1,120,08,/root/autodl-tmp/research-experiments/industrial-anomaly-detection/data/m2ad/extracted/Bird/NG/damage_2_020/A120_I08.png,62.381103515625
damage_2_020,NG,1,120,09,/root/autodl-tmp/research-experiments/industrial-anomaly-detection/data/m2ad/extracted/Bird/NG/damage_2_020/A120_I09.png,64.00736236572266
damage_2_020,NG,1,120,10,/root/autodl-tmp/research-experiments/industrial-anomaly-detection/data/m2ad/extracted/Bird/NG/damage_2_020/A120_I10.png,64.73497772216797
damage_2_043,NG,1,120,01,/root/autodl-tmp/research-experiments/industrial-anomaly-detection/data/m2ad/extracted/Bird/NG/damage_2_043/A120_I01.png,47.80534362792969
damage_2_043,NG,1,120,02,/root/autodl-tmp/research-experiments/industrial-anomaly-detection/data/m2ad/extracted/Bird/NG/damage_2_043/A120_I02.png,43.84122085571289
damage_2_043,NG,1,120,03,/root/autodl-tmp/research-experiments/industrial-anomaly-detection/data/m2ad/extracted/Bird/NG/damage_2_043/A120_I03.png,46.777339935302734
damage_2_043,NG,1,120,04,/root/autodl-tmp/research-experiments/industrial-anomaly-detection/data/m2ad/extracted/Bird/NG/damage_2_043/A120_I04.png,44.426849365234375
damage_2_043,NG,1,120,05,/root/autodl-tmp/research-experiments/industrial-anomaly-detection/data/m2ad/extracted/Bird/NG/damage_2_043/A120_I05.png,47.175086975097656
damage_2_043,NG,1,120,06,/root/autodl-tmp/research-experiments/industrial-anomaly-detection/data/m2ad/extracted/Bird/NG/damage_2_043/A120_I06.png,48.594642639160156
damage_2_043,NG,1,120,07,/root/autodl-tmp/research-experiments/industrial-anomaly-detection/data/m2ad/extracted/Bird/NG/damage_2_043/A120_I07.png,56.98453903198242
damage_2_043,NG,1,120,08,/root/autodl-tmp/research-experiments/industrial-anomaly-detection/data/m2ad/extracted/Bird/NG/damage_2_043/A120_I08.png,54.4760856628418
damage_2_043,NG,1,120,09,/root/autodl-tmp/research-experiments/industrial-anomaly-detection/data/m2ad/extracted/Bird/NG/damage_2_043/A120_I09.png,45.61479187011719
damage_2_043,NG,1,120,10,/root/autodl-tmp/research-experiments/industrial-anomaly-detection/data/m2ad/extracted/Bird/NG/damage_2_043/A120_I10.png,45.62355041503906
damage_2_044,NG,1,120,01,/root/autodl-tmp/research-experiments/industrial-anomaly-detection/data/m2ad/extracted/Bird/NG/damage_2_044/A120_I01.png,44.7116813659668
damage_2_044,NG,1,120,02,/root/autodl-tmp/research-experiments/industrial-anomaly-detection/data/m2ad/extracted/Bird/NG/damage_2_044/A120_I02.png,46.085811614990234
damage_2_044,NG,1,120,03,/root/autodl-tmp/research-experiments/industrial-anomaly-detection/data/m2ad/extracted/Bird/NG/damage_2_044/A120_I03.png,49.721343994140625
damage_2_044,NG,1,120,04,/root/autodl-tmp/research-experiments/industrial-anomaly-detection/data/m2ad/extracted/Bird/NG/damage_2_044/A120_I04.png,48.07844924926758
damage_2_044,NG,1,120,05,/root/autodl-tmp/research-experiments/industrial-anomaly-detection/data/m2ad/extracted/Bird/NG/damage_2_044/A120_I05.png,49.51865768432617
damage_2_044,NG,1,120,06,/root/autodl-tmp/research-experiments/industrial-anomaly-detection/data/m2ad/extracted/Bird/NG/damage_2_044/A120_I06.png,51.2044792175293
damage_2_044,NG,1,120,07,/root/autodl-tmp/research-experiments/industrial-anomaly-detection/data/m2ad/extracted/Bird/NG/damage_2_044/A120_I07.png,45.57833480834961
damage_2_044,NG,1,120,08,/root/autodl-tmp/research-experiments/industrial-anomaly-detection/data/m2ad/extracted/Bird/NG/damage_2_044/A120_I08.png,46.39160919189453
damage_2_044,NG,1,120,09,/root/autodl-tmp/research-experiments/industrial-anomaly-detection/data/m2ad/extracted/Bird/NG/damage_2_044/A120_I09.png,47.71406173706055
damage_2_044,NG,1,120,10,/root/autodl-tmp/research-experiments/industrial-anomaly-detection/data/m2ad/extracted/Bird/NG/damage_2_044/A120_I10.png,47.60416793823242
damage_2_hole_2_scratch_2_049,NG,1,120,01,/root/autodl-tmp/research-experiments/industrial-anomaly-detection/data/m2ad/extracted/Bird/NG/damage_2_hole_2_scratch_2_049/A120_I01.png,54.32565689086914
damage_2_hole_2_scratch_2_049,NG,1,120,02,/root/autodl-tmp/research-experiments/industrial-anomaly-detection/data/m2ad/extracted/Bird/NG/damage_2_hole_2_scratch_2_049/A120_I02.png,52.11190414428711
damage_2_hole_2_scratch_2_049,NG,1,120,03,/root/autodl-tmp/research-experiments/industrial-anomaly-detection/data/m2ad/extracted/Bird/NG/damage_2_hole_2_scratch_2_049/A120_I03.png,46.13019943237305
damage_2_hole_2_scratch_2_049,NG,1,120,04,/root/autodl-tmp/research-experiments/industrial-anomaly-detection/data/m2ad/extracted/Bird/NG/damage_2_hole_2_scratch_2_049/A120_I04.png,49.652469635009766
damage_2_hole_2_scratch_2_049,NG,1,120,05,/root/autodl-tmp/research-experiments/industrial-anomaly-detection/data/m2ad/extracted/Bird/NG/damage_2_hole_2_scratch_2_049/A120_I05.png,49.57754135131836
damage_2_hole_2_scratch_2_049,NG,1,120,06,/root/autodl-tmp/research-experiments/industrial-anomaly-detection/data/m2ad/extracted/Bird/NG/damage_2_hole_2_scratch_2_049/A120_I06.png,51.63300323486328
damage_2_hole_2_scratch_2_049,NG,1,120,07,/root/autodl-tmp/research-experiments/industrial-anomaly-detection/data/m2ad/extracted/Bird/NG/damage_2_hole_2_scratch_2_049/A120_I07.png,55.35887908935547
damage_2_hole_2_scratch_2_049,NG,1,120,08,/root/autodl-tmp/research-experiments/industrial-anomaly-detection/data/m2ad/extracted/Bird/NG/damage_2_hole_2_scratch_2_049/A120_I08.png,53.30710983276367
damage_2_hole_2_scratch_2_049,NG,1,120,09,/root/autodl-tmp/research-experiments/industrial-anomaly-detection/data/m2ad/extracted/Bird/NG/damage_2_hole_2_scratch_2_049/A120_I09.png,52.696983337402344
damage_2_hole_2_scratch_2_049,NG,1,120,10,/root/autodl-tmp/research-experiments/industrial-anomaly-detection/data/m2ad/extracted/Bird/NG/damage_2_hole_2_scratch_2_049/A120_I10.png,52.88380432128906
damage_3_019,NG,1,120,01,/root/autodl-tmp/research-experiments/industrial-anomaly-detection/data/m2ad/extracted/Bird/NG/damage_3_019/A120_I01.png,59.455055236816406
damage_3_019,NG,1,120,02,/root/autodl-tmp/research-experiments/industrial-anomaly-detection/data/m2ad/extracted/Bird/NG/damage_3_019/A120_I02.png,56.5684700012207
damage_3_019,NG,1,120,03,/root/autodl-tmp/research-experiments/industrial-anomaly-detection/data/m2ad/extracted/Bird/NG/damage_3_019/A120_I03.png,56.61988830566406
damage_3_019,NG,1,120,04,/root/autodl-tmp/research-experiments/industrial-anomaly-detection/data/m2ad/extracted/Bird/NG/damage_3_019/A120_I04.png,59.16816329956055
damage_3_019,NG,1,120,05,/root/autodl-tmp/research-experiments/industrial-anomaly-detection/data/m2ad/extracted/Bird/NG/damage_3_019/A120_I05.png,62.83623504638672
damage_3_019,NG,1,120,06,/root/autodl-tmp/research-experiments/industrial-anomaly-detection/data/m2ad/extracted/Bird/NG/damage_3_019/A120_I06.png,61.79452896118164
damage_3_019,NG,1,120,07,/root/autodl-tmp/research-experiments/industrial-anomaly-detection/data/m2ad/extracted/Bird/NG/damage_3_019/A120_I07.png,56.012535095214844
damage_3_019,NG,1,120,08,/root/autodl-tmp/research-experiments/industrial-anomaly-detection/data/m2ad/extracted/Bird/NG/damage_3_019/A120_I08.png,56.84960174560547
damage_3_019,NG,1,120,09,/root/autodl-tmp/research-experiments/industrial-anomaly-detection/data/m2ad/extracted/Bird/NG/damage_3_019/A120_I09.png,58.81669998168945
damage_3_019,NG,1,120,10,/root/autodl-tmp/research-experiments/industrial-anomaly-detection/data/m2ad/extracted/Bird/NG/damage_3_019/A120_I10.png,58.411903381347656
damage_3_045,NG,1,120,01,/root/autodl-tmp/research-experiments/industrial-anomaly-detection/data/m2ad/extracted/Bird/NG/damage_3_045/A120_I01.png,48.04157257080078
damage_3_045,NG,1,120,02,/root/autodl-tmp/research-experiments/industrial-anomaly-detection/data/m2ad/extracted/Bird/NG/damage_3_045/A120_I02.png,50.21586990356445
damage_3_045,NG,1,120,03,/root/autodl-tmp/research-experiments/industrial-anomaly-detection/data/m2ad/extracted/Bird/NG/damage_3_045/A120_I03.png,52.0078239440918
damage_3_045,NG,1,120,04,/root/autodl-tmp/research-experiments/industrial-anomaly-detection/data/m2ad/extracted/Bird/NG/damage_3_045/A120_I04.png,52.78081130981445
damage_3_045,NG,1,120,05,/root/autodl-tmp/research-experiments/industrial-anomaly-detection/data/m2ad/extracted/Bird/NG/damage_3_045/A120_I05.png,54.67241287231445
damage_3_045,NG,1,120,06,/root/autodl-tmp/research-experiments/industrial-anomaly-detection/data/m2ad/extracted/Bird/NG/damage_3_045/A120_I06.png,50.94506072998047
damage_3_045,NG,1,120,07,/root/autodl-tmp/research-experiments/industrial-anomaly-detection/data/m2ad/extracted/Bird/NG/damage_3_045/A120_I07.png,48.25249481201172
damage_3_045,NG,1,120,08,/root/autodl-tmp/research-experiments/industrial-anomaly-detection/data/m2ad/extracted/Bird/NG/damage_3_045/A120_I08.png,47.626609802246094
damage_3_045,NG,1,120,09,/root/autodl-tmp/research-experiments/industrial-anomaly-detection/data/m2ad/extracted/Bird/NG/damage_3_045/A120_I09.png,52.968326568603516
damage_3_045,NG,1,120,10,/root/autodl-tmp/research-experiments/industrial-anomaly-detection/data/m2ad/extracted/Bird/NG/damage_3_045/A120_I10.png,53.62508010864258
hole_1_004,NG,1,120,01,/root/autodl-tmp/research-experiments/industrial-anomaly-detection/data/m2ad/extracted/Bird/NG/hole_1_004/A120_I01.png,58.2255744934082
hole_1_004,NG,1,120,02,/root/autodl-tmp/research-experiments/industrial-anomaly-detection/data/m2ad/extracted/Bird/NG/hole_1_004/A120_I02.png,50.1597785949707
hole_1_004,NG,1,120,03,/root/autodl-tmp/research-experiments/industrial-anomaly-detection/data/m2ad/extracted/Bird/NG/hole_1_004/A120_I03.png,49.344993591308594
hole_1_004,NG,1,120,04,/root/autodl-tmp/research-experiments/industrial-anomaly-detection/data/m2ad/extracted/Bird/NG/hole_1_004/A120_I04.png,54.756195068359375
hole_1_004,NG,1,120,05,/root/autodl-tmp/research-experiments/industrial-anomaly-detection/data/m2ad/extracted/Bird/NG/hole_1_004/A120_I05.png,55.396881103515625
hole_1_004,NG,1,120,06,/root/autodl-tmp/research-experiments/industrial-anomaly-detection/data/m2ad/extracted/Bird/NG/hole_1_004/A120_I06.png,56.16912078857422
hole_1_004,NG,1,120,07,/root/autodl-tmp/research-experiments/industrial-anomaly-detection/data/m2ad/extracted/Bird/NG/hole_1_004/A120_I07.png,52.02538299560547
hole_1_004,NG,1,120,08,/root/autodl-tmp/research-experiments/industrial-anomaly-detection/data/m2ad/extracted/Bird/NG/hole_1_004/A120_I08.png,54.31220626831055
hole_1_004,NG,1,120,09,/root/autodl-tmp/research-experiments/industrial-anomaly-detection/data/m2ad/extracted/Bird/NG/hole_1_004/A120_I09.png,53.971641540527344
hole_1_004,NG,1,120,10,/root/autodl-tmp/research-experiments/industrial-anomaly-detection/data/m2ad/extracted/Bird/NG/hole_1_004/A120_I10.png,54.161468505859375
hole_1_005,NG,1,120,01,/root/autodl-tmp/research-experiments/industrial-anomaly-detection/data/m2ad/extracted/Bird/NG/hole_1_005/A120_I01.png,64.8479995727539
hole_1_005,NG,1,120,02,/root/autodl-tmp/research-experiments/industrial-anomaly-detection/data/m2ad/extracted/Bird/NG/hole_1_005/A120_I02.png,60.032493591308594
hole_1_005,NG,1,120,03,/root/autodl-tmp/research-experiments/industrial-anomaly-detection/data/m2ad/extracted/Bird/NG/hole_1_005/A120_I03.png,58.68707275390625
hole_1_005,NG,1,120,04,/root/autodl-tmp/research-experiments/industrial-anomaly-detection/data/m2ad/extracted/Bird/NG/hole_1_005/A120_I04.png,61.609153747558594
hole_1_005,NG,1,120,05,/root/autodl-tmp/research-experiments/industrial-anomaly-detection/data/m2ad/extracted/Bird/NG/hole_1_005/A120_I05.png,63.79758834838867
hole_1_005,NG,1,120,06,/root/autodl-tmp/research-experiments/industrial-anomaly-detection/data/m2ad/extracted/Bird/NG/hole_1_005/A120_I06.png,63.35710144042969
hole_1_005,NG,1,120,07,/root/autodl-tmp/research-experiments/industrial-anomaly-detection/data/m2ad/extracted/Bird/NG/hole_1_005/A120_I07.png,57.302249908447266
hole_1_005,NG,1,120,08,/root/autodl-tmp/research-experiments/industrial-anomaly-detection/data/m2ad/extracted/Bird/NG/hole_1_005/A120_I08.png,62.10924530029297
hole_1_005,NG,1,120,09,/root/autodl-tmp/research-experiments/industrial-anomaly-detection/data/m2ad/extracted/Bird/NG/hole_1_005/A120_I09.png,62.55988693237305
hole_1_005,NG,1,120,10,/root/autodl-tmp/research-experiments/industrial-anomaly-detection/data/m2ad/extracted/Bird/NG/hole_1_005/A120_I10.png,63.90359878540039
hole_1_006,NG,1,120,01,/root/autodl-tmp/research-experiments/industrial-anomaly-detection/data/m2ad/extracted/Bird/NG/hole_1_006/A120_I01.png,59.84634017944336
hole_1_006,NG,1,120,02,/root/autodl-tmp/research-experiments/industrial-anomaly-detection/data/m2ad/extracted/Bird/NG/hole_1_006/A120_I02.png,58.5261344909668
hole_1_006,NG,1,120,03,/root/autodl-tmp/research-experiments/industrial-anomaly-detection/data/m2ad/extracted/Bird/NG/hole_1_006/A120_I03.png,58.27635192871094
hole_1_006,NG,1,120,04,/root/autodl-tmp/research-experiments/industrial-anomaly-detection/data/m2ad/extracted/Bird/NG/hole_1_006/A120_I04.png,60.18870162963867
hole_1_006,NG,1,120,05,/root/autodl-tmp/research-experiments/industrial-anomaly-detection/data/m2ad/extracted/Bird/NG/hole_1_006/A120_I05.png,62.42792892456055
hole_1_006,NG,1,120,06,/root/autodl-tmp/research-experiments/industrial-anomaly-detection/data/m2ad/extracted/Bird/NG/hole_1_006/A120_I06.png,61.23173522949219
hole_1_006,NG,1,120,07,/root/autodl-tmp/research-experiments/industrial-anomaly-detection/data/m2ad/extracted/Bird/NG/hole_1_006/A120_I07.png,56.642845153808594
hole_1_006,NG,1,120,08,/root/autodl-tmp/research-experiments/industrial-anomaly-detection/data/m2ad/extracted/Bird/NG/hole_1_006/A120_I08.png,63.46718215942383
hole_1_006,NG,1,120,09,/root/autodl-tmp/research-experiments/industrial-anomaly-detection/data/m2ad/extracted/Bird/NG/hole_1_006/A120_I09.png,61.554325103759766
hole_1_006,NG,1,120,10,/root/autodl-tmp/research-experiments/industrial-anomaly-detection/data/m2ad/extracted/Bird/NG/hole_1_006/A120_I10.png,61.4146842956543
hole_1_007,NG,1,120,01,/root/autodl-tmp/research-experiments/industrial-anomaly-detection/data/m2ad/extracted/Bird/NG/hole_1_007/A120_I01.png,66.14632415771484
hole_1_007,NG,1,120,02,/root/autodl-tmp/research-experiments/industrial-anomaly-detection/data/m2ad/extracted/Bird/NG/hole_1_007/A120_I02.png,62.591434478759766
hole_1_007,NG,1,120,03,/root/autodl-tmp/research-experiments/industrial-anomaly-detection/data/m2ad/extracted/Bird/NG/hole_1_007/A120_I03.png,57.224002838134766
hole_1_007,NG,1,120,04,/root/autodl-tmp/research-experiments/industrial-anomaly-detection/data/m2ad/extracted/Bird/NG/hole_1_007/A120_I04.png,63.07594299316406
hole_1_007,NG,1,120,05,/root/autodl-tmp/research-experiments/industrial-anomaly-detection/data/m2ad/extracted/Bird/NG/hole_1_007/A120_I05.png,64.89971160888672
hole_1_007,NG,1,120,06,/root/autodl-tmp/research-experiments/industrial-anomaly-detection/data/m2ad/extracted/Bird/NG/hole_1_007/A120_I06.png,65.54119110107422
hole_1_007,NG,1,120,07,/root/autodl-tmp/research-experiments/industrial-anomaly-detection/data/m2ad/extracted/Bird/NG/hole_1_007/A120_I07.png,62.69118881225586
hole_1_007,NG,1,120,08,/root/autodl-tmp/research-experiments/industrial-anomaly-detection/data/m2ad/extracted/Bird/NG/hole_1_007/A120_I08.png,64.34687805175781
hole_1_007,NG,1,120,09,/root/autodl-tmp/research-experiments/industrial-anomaly-detection/data/m2ad/extracted/Bird/NG/hole_1_007/A120_I09.png,64.27647399902344
hole_1_007,NG,1,120,10,/root/autodl-tmp/research-experiments/industrial-anomaly-detection/data/m2ad/extracted/Bird/NG/hole_1_007/A120_I10.png,65.84049224853516
hole_1_025,NG,1,120,01,/root/autodl-tmp/research-experiments/industrial-anomaly-detection/data/m2ad/extracted/Bird/NG/hole_1_025/A120_I01.png,41.93692398071289
hole_1_025,NG,1,120,02,/root/autodl-tmp/research-experiments/industrial-anomaly-detection/data/m2ad/extracted/Bird/NG/hole_1_025/A120_I02.png,41.1854362487793
hole_1_025,NG,1,120,03,/root/autodl-tmp/research-experiments/industrial-anomaly-detection/data/m2ad/extracted/Bird/NG/hole_1_025/A120_I03.png,43.64892578125
hole_1_025,NG,1,120,04,/root/autodl-tmp/research-experiments/industrial-anomaly-detection/data/m2ad/extracted/Bird/NG/hole_1_025/A120_I04.png,46.90287780761719
hole_1_025,NG,1,120,05,/root/autodl-tmp/research-experiments/industrial-anomaly-detection/data/m2ad/extracted/Bird/NG/hole_1_025/A120_I05.png,48.52663803100586
hole_1_025,NG,1,120,06,/root/autodl-tmp/research-experiments/industrial-anomaly-detection/data/m2ad/extracted/Bird/NG/hole_1_025/A120_I06.png,46.805320739746094
hole_1_025,NG,1,120,07,/root/autodl-tmp/research-experiments/industrial-anomaly-detection/data/m2ad/extracted/Bird/NG/hole_1_025/A120_I07.png,47.55678176879883
hole_1_025,NG,1,120,08,/root/autodl-tmp/research-experiments/industrial-anomaly-detection/data/m2ad/extracted/Bird/NG/hole_1_025/A120_I08.png,46.856754302978516
hole_1_025,NG,1,120,09,/root/autodl-tmp/research-experiments/industrial-anomaly-detection/data/m2ad/extracted/Bird/NG/hole_1_025/A120_I09.png,46.740447998046875
hole_1_025,NG,1,120,10,/root/autodl-tmp/research-experiments/industrial-anomaly-detection/data/m2ad/extracted/Bird/NG/hole_1_025/A120_I10.png,46.325843811035156
hole_1_026,NG,1,120,01,/root/autodl-tmp/research-experiments/industrial-anomaly-detection/data/m2ad/extracted/Bird/NG/hole_1_026/A120_I01.png,41.97468185424805
hole_1_026,NG,1,120,02,/root/autodl-tmp/research-experiments/industrial-anomaly-detection/data/m2ad/extracted/Bird/NG/hole_1_026/A120_I02.png,42.27778625488281
hole_1_026,NG,1,120,03,/root/autodl-tmp/research-experiments/industrial-anomaly-detection/data/m2ad/extracted/Bird/NG/hole_1_026/A120_I03.png,45.887481689453125
hole_1_026,NG,1,120,04,/root/autodl-tmp/research-experiments/industrial-anomaly-detection/data/m2ad/extracted/Bird/NG/hole_1_026/A120_I04.png,48.08159637451172
hole_1_026,NG,1,120,05,/root/autodl-tmp/research-experiments/industrial-anomaly-detection/data/m2ad/extracted/Bird/NG/hole_1_026/A120_I05.png,49.23124694824219
hole_1_026,NG,1,120,06,/root/autodl-tmp/research-experiments/industrial-anomaly-detection/data/m2ad/extracted/Bird/NG/hole_1_026/A120_I06.png,47.11971664428711
hole_1_026,NG,1,120,07,/root/autodl-tmp/research-experiments/industrial-anomaly-detection/data/m2ad/extracted/Bird/NG/hole_1_026/A120_I07.png,47.21101379394531
hole_1_026,NG,1,120,08,/root/autodl-tmp/research-experiments/industrial-anomaly-detection/data/m2ad/extracted/Bird/NG/hole_1_026/A120_I08.png,44.04270553588867
hole_1_026,NG,1,120,09,/root/autodl-tmp/research-experiments/industrial-anomaly-detection/data/m2ad/extracted/Bird/NG/hole_1_026/A120_I09.png,45.288429260253906
hole_1_026,NG,1,120,10,/root/autodl-tmp/research-experiments/industrial-anomaly-detection/data/m2ad/extracted/Bird/NG/hole_1_026/A120_I10.png,45.574588775634766
hole_1_027,NG,1,120,01,/root/autodl-tmp/research-experiments/industrial-anomaly-detection/data/m2ad/extracted/Bird/NG/hole_1_027/A120_I01.png,49.656822204589844
hole_1_027,NG,1,120,02,/root/autodl-tmp/research-experiments/industrial-anomaly-detection/data/m2ad/extracted/Bird/NG/hole_1_027/A120_I02.png,46.92539596557617
hole_1_027,NG,1,120,03,/root/autodl-tmp/research-experiments/industrial-anomaly-detection/data/m2ad/extracted/Bird/NG/hole_1_027/A120_I03.png,49.90433883666992
hole_1_027,NG,1,120,04,/root/autodl-tmp/research-experiments/industrial-anomaly-detection/data/m2ad/extracted/Bird/NG/hole_1_027/A120_I04.png,48.716339111328125
hole_1_027,NG,1,120,05,/root/autodl-tmp/research-experiments/industrial-anomaly-detection/data/m2ad/extracted/Bird/NG/hole_1_027/A120_I05.png,48.376155853271484
hole_1_027,NG,1,120,06,/root/autodl-tmp/research-experiments/industrial-anomaly-detection/data/m2ad/extracted/Bird/NG/hole_1_027/A120_I06.png,48.24091339111328
hole_1_027,NG,1,120,07,/root/autodl-tmp/research-experiments/industrial-anomaly-detection/data/m2ad/extracted/Bird/NG/hole_1_027/A120_I07.png,47.53105926513672
hole_1_027,NG,1,120,08,/root/autodl-tmp/research-experiments/industrial-anomaly-detection/data/m2ad/extracted/Bird/NG/hole_1_027/A120_I08.png,47.58818817138672
hole_1_027,NG,1,120,09,/root/autodl-tmp/research-experiments/industrial-anomaly-detection/data/m2ad/extracted/Bird/NG/hole_1_027/A120_I09.png,48.340450286865234
hole_1_027,NG,1,120,10,/root/autodl-tmp/research-experiments/industrial-anomaly-detection/data/m2ad/extracted/Bird/NG/hole_1_027/A120_I10.png,47.79056167602539
hole_1_028,NG,1,120,01,/root/autodl-tmp/research-experiments/industrial-anomaly-detection/data/m2ad/extracted/Bird/NG/hole_1_028/A120_I01.png,43.21874237060547
hole_1_028,NG,1,120,02,/root/autodl-tmp/research-experiments/industrial-anomaly-detection/data/m2ad/extracted/Bird/NG/hole_1_028/A120_I02.png,44.385101318359375
hole_1_028,NG,1,120,03,/root/autodl-tmp/research-experiments/industrial-anomaly-detection/data/m2ad/extracted/Bird/NG/hole_1_028/A120_I03.png,45.66242218017578
hole_1_028,NG,1,120,04,/root/autodl-tmp/research-experiments/industrial-anomaly-detection/data/m2ad/extracted/Bird/NG/hole_1_028/A120_I04.png,45.47517013549805
hole_1_028,NG,1,120,05,/root/autodl-tmp/research-experiments/industrial-anomaly-detection/data/m2ad/extracted/Bird/NG/hole_1_028/A120_I05.png,46.56517791748047
hole_1_028,NG,1,120,06,/root/autodl-tmp/research-experiments/industrial-anomaly-detection/data/m2ad/extracted/Bird/NG/hole_1_028/A120_I06.png,52.18262481689453
hole_1_028,NG,1,120,07,/root/autodl-tmp/research-experiments/industrial-anomaly-detection/data/m2ad/extracted/Bird/NG/hole_1_028/A120_I07.png,53.86073684692383
hole_1_028,NG,1,120,08,/root/autodl-tmp/research-experiments/industrial-anomaly-detection/data/m2ad/extracted/Bird/NG/hole_1_028/A120_I08.png,52.252296447753906
hole_1_028,NG,1,120,09,/root/autodl-tmp/research-experiments/industrial-anomaly-detection/data/m2ad/extracted/Bird/NG/hole_1_028/A120_I09.png,50.412498474121094
hole_1_028,NG,1,120,10,/root/autodl-tmp/research-experiments/industrial-anomaly-detection/data/m2ad/extracted/Bird/NG/hole_1_028/A120_I10.png,49.3154296875
hole_2_015,NG,1,120,01,/root/autodl-tmp/research-experiments/industrial-anomaly-detection/data/m2ad/extracted/Bird/NG/hole_2_015/A120_I01.png,53.76303482055664
hole_2_015,NG,1,120,02,/root/autodl-tmp/research-experiments/industrial-anomaly-detection/data/m2ad/extracted/Bird/NG/hole_2_015/A120_I02.png,53.98359298706055
hole_2_015,NG,1,120,03,/root/autodl-tmp/research-experiments/industrial-anomaly-detection/data/m2ad/extracted/Bird/NG/hole_2_015/A120_I03.png,54.45395278930664
hole_2_015,NG,1,120,04,/root/autodl-tmp/research-experiments/industrial-anomaly-detection/data/m2ad/extracted/Bird/NG/hole_2_015/A120_I04.png,59.07601547241211
hole_2_015,NG,1,120,05,/root/autodl-tmp/research-experiments/industrial-anomaly-detection/data/m2ad/extracted/Bird/NG/hole_2_015/A120_I05.png,58.49955368041992
hole_2_015,NG,1,120,06,/root/autodl-tmp/research-experiments/industrial-anomaly-detection/data/m2ad/extracted/Bird/NG/hole_2_015/A120_I06.png,58.124568939208984
hole_2_015,NG,1,120,07,/root/autodl-tmp/research-experiments/industrial-anomaly-detection/data/m2ad/extracted/Bird/NG/hole_2_015/A120_I07.png,57.128623962402344
hole_2_015,NG,1,120,08,/root/autodl-tmp/research-experiments/industrial-anomaly-detection/data/m2ad/extracted/Bird/NG/hole_2_015/A120_I08.png,55.38378143310547
hole_2_015,NG,1,120,09,/root/autodl-tmp/research-experiments/industrial-anomaly-detection/data/m2ad/extracted/Bird/NG/hole_2_015/A120_I09.png,56.6877555847168
hole_2_015,NG,1,120,10,/root/autodl-tmp/research-experiments/industrial-anomaly-detection/data/m2ad/extracted/Bird/NG/hole_2_015/A120_I10.png,57.191280364990234
hole_2_017,NG,1,120,01,/root/autodl-tmp/research-experiments/industrial-anomaly-detection/data/m2ad/extracted/Bird/NG/hole_2_017/A120_I01.png,65.51396179199219
hole_2_017,NG,1,120,02,/root/autodl-tmp/research-experiments/industrial-anomaly-detection/data/m2ad/extracted/Bird/NG/hole_2_017/A120_I02.png,58.38667678833008
hole_2_017,NG,1,120,03,/root/autodl-tmp/research-experiments/industrial-anomaly-detection/data/m2ad/extracted/Bird/NG/hole_2_017/A120_I03.png,54.37537384033203
hole_2_017,NG,1,120,04,/root/autodl-tmp/research-experiments/industrial-anomaly-detection/data/m2ad/extracted/Bird/NG/hole_2_017/A120_I04.png,60.11942672729492
hole_2_017,NG,1,120,05,/root/autodl-tmp/research-experiments/industrial-anomaly-detection/data/m2ad/extracted/Bird/NG/hole_2_017/A120_I05.png,63.63545608520508
hole_2_017,NG,1,120,06,/root/autodl-tmp/research-experiments/industrial-anomaly-detection/data/m2ad/extracted/Bird/NG/hole_2_017/A120_I06.png,61.383235931396484
hole_2_017,NG,1,120,07,/root/autodl-tmp/research-experiments/industrial-anomaly-detection/data/m2ad/extracted/Bird/NG/hole_2_017/A120_I07.png,57.562034606933594
hole_2_017,NG,1,120,08,/root/autodl-tmp/research-experiments/industrial-anomaly-detection/data/m2ad/extracted/Bird/NG/hole_2_017/A120_I08.png,63.254737854003906
hole_2_017,NG,1,120,09,/root/autodl-tmp/research-experiments/industrial-anomaly-detection/data/m2ad/extracted/Bird/NG/hole_2_017/A120_I09.png,62.05400848388672
hole_2_017,NG,1,120,10,/root/autodl-tmp/research-experiments/industrial-anomaly-detection/data/m2ad/extracted/Bird/NG/hole_2_017/A120_I10.png,64.4852523803711
hole_2_037,NG,1,120,01,/root/autodl-tmp/research-experiments/industrial-anomaly-detection/data/m2ad/extracted/Bird/NG/hole_2_037/A120_I01.png,54.4029426574707
hole_2_037,NG,1,120,02,/root/autodl-tmp/research-experiments/industrial-anomaly-detection/data/m2ad/extracted/Bird/NG/hole_2_037/A120_I02.png,53.08021545410156
hole_2_037,NG,1,120,03,/root/autodl-tmp/research-experiments/industrial-anomaly-detection/data/m2ad/extracted/Bird/NG/hole_2_037/A120_I03.png,55.572181701660156
hole_2_037,NG,1,120,04,/root/autodl-tmp/research-experiments/industrial-anomaly-detection/data/m2ad/extracted/Bird/NG/hole_2_037/A120_I04.png,53.70707702636719
hole_2_037,NG,1,120,05,/root/autodl-tmp/research-experiments/industrial-anomaly-detection/data/m2ad/extracted/Bird/NG/hole_2_037/A120_I05.png,56.64859390258789
hole_2_037,NG,1,120,06,/root/autodl-tmp/research-experiments/industrial-anomaly-detection/data/m2ad/extracted/Bird/NG/hole_2_037/A120_I06.png,53.710533142089844
hole_2_037,NG,1,120,07,/root/autodl-tmp/research-experiments/industrial-anomaly-detection/data/m2ad/extracted/Bird/NG/hole_2_037/A120_I07.png,54.6981201171875
hole_2_037,NG,1,120,08,/root/autodl-tmp/research-experiments/industrial-anomaly-detection/data/m2ad/extracted/Bird/NG/hole_2_037/A120_I08.png,51.34708786010742
hole_2_037,NG,1,120,09,/root/autodl-tmp/research-experiments/industrial-anomaly-detection/data/m2ad/extracted/Bird/NG/hole_2_037/A120_I09.png,53.81875228881836
hole_2_037,NG,1,120,10,/root/autodl-tmp/research-experiments/industrial-anomaly-detection/data/m2ad/extracted/Bird/NG/hole_2_037/A120_I10.png,53.43603515625
hole_3_016,NG,1,120,01,/root/autodl-tmp/research-experiments/industrial-anomaly-detection/data/m2ad/extracted/Bird/NG/hole_3_016/A120_I01.png,59.02958679199219
hole_3_016,NG,1,120,02,/root/autodl-tmp/research-experiments/industrial-anomaly-detection/data/m2ad/extracted/Bird/NG/hole_3_016/A120_I02.png,56.05488204956055
hole_3_016,NG,1,120,03,/root/autodl-tmp/research-experiments/industrial-anomaly-detection/data/m2ad/extracted/Bird/NG/hole_3_016/A120_I03.png,53.90381622314453
hole_3_016,NG,1,120,04,/root/autodl-tmp/research-experiments/industrial-anomaly-detection/data/m2ad/extracted/Bird/NG/hole_3_016/A120_I04.png,57.48543167114258
hole_3_016,NG,1,120,05,/root/autodl-tmp/research-experiments/industrial-anomaly-detection/data/m2ad/extracted/Bird/NG/hole_3_016/A120_I05.png,60.24112319946289
hole_3_016,NG,1,120,06,/root/autodl-tmp/research-experiments/industrial-anomaly-detection/data/m2ad/extracted/Bird/NG/hole_3_016/A120_I06.png,58.94621276855469
hole_3_016,NG,1,120,07,/root/autodl-tmp/research-experiments/industrial-anomaly-detection/data/m2ad/extracted/Bird/NG/hole_3_016/A120_I07.png,54.75774383544922
hole_3_016,NG,1,120,08,/root/autodl-tmp/research-experiments/industrial-anomaly-detection/data/m2ad/extracted/Bird/NG/hole_3_016/A120_I08.png,57.658939361572266
hole_3_016,NG,1,120,09,/root/autodl-tmp/research-experiments/industrial-anomaly-detection/data/m2ad/extracted/Bird/NG/hole_3_016/A120_I09.png,58.46189498901367
hole_3_016,NG,1,120,10,/root/autodl-tmp/research-experiments/industrial-anomaly-detection/data/m2ad/extracted/Bird/NG/hole_3_016/A120_I10.png,59.357234954833984
hole_3_038,NG,1,120,01,/root/autodl-tmp/research-experiments/industrial-anomaly-detection/data/m2ad/extracted/Bird/NG/hole_3_038/A120_I01.png,50.44192886352539
hole_3_038,NG,1,120,02,/root/autodl-tmp/research-experiments/industrial-anomaly-detection/data/m2ad/extracted/Bird/NG/hole_3_038/A120_I02.png,48.98069763183594
hole_3_038,NG,1,120,03,/root/autodl-tmp/research-experiments/industrial-anomaly-detection/data/m2ad/extracted/Bird/NG/hole_3_038/A120_I03.png,49.53646469116211
hole_3_038,NG,1,120,04,/root/autodl-tmp/research-experiments/industrial-anomaly-detection/data/m2ad/extracted/Bird/NG/hole_3_038/A120_I04.png,49.60332489013672
hole_3_038,NG,1,120,05,/root/autodl-tmp/research-experiments/industrial-anomaly-detection/data/m2ad/extracted/Bird/NG/hole_3_038/A120_I05.png,51.42698287963867
hole_3_038,NG,1,120,06,/root/autodl-tmp/research-experiments/industrial-anomaly-detection/data/m2ad/extracted/Bird/NG/hole_3_038/A120_I06.png,50.83265686035156
hole_3_038,NG,1,120,07,/root/autodl-tmp/research-experiments/industrial-anomaly-detection/data/m2ad/extracted/Bird/NG/hole_3_038/A120_I07.png,54.30952072143555
hole_3_038,NG,1,120,08,/root/autodl-tmp/research-experiments/industrial-anomaly-detection/data/m2ad/extracted/Bird/NG/hole_3_038/A120_I08.png,50.89081573486328
hole_3_038,NG,1,120,09,/root/autodl-tmp/research-experiments/industrial-anomaly-detection/data/m2ad/extracted/Bird/NG/hole_3_038/A120_I09.png,53.89258575439453
hole_3_038,NG,1,120,10,/root/autodl-tmp/research-experiments/industrial-anomaly-detection/data/m2ad/extracted/Bird/NG/hole_3_038/A120_I10.png,53.65070724487305
hole_3_039,NG,1,120,01,/root/autodl-tmp/research-experiments/industrial-anomaly-detection/data/m2ad/extracted/Bird/NG/hole_3_039/A120_I01.png,45.106388092041016
hole_3_039,NG,1,120,02,/root/autodl-tmp/research-experiments/industrial-anomaly-detection/data/m2ad/extracted/Bird/NG/hole_3_039/A120_I02.png,41.983402252197266
hole_3_039,NG,1,120,03,/root/autodl-tmp/research-experiments/industrial-anomaly-detection/data/m2ad/extracted/Bird/NG/hole_3_039/A120_I03.png,42.750099182128906
hole_3_039,NG,1,120,04,/root/autodl-tmp/research-experiments/industrial-anomaly-detection/data/m2ad/extracted/Bird/NG/hole_3_039/A120_I04.png,42.133724212646484
hole_3_039,NG,1,120,05,/root/autodl-tmp/research-experiments/industrial-anomaly-detection/data/m2ad/extracted/Bird/NG/hole_3_039/A120_I05.png,44.07977294921875
hole_3_039,NG,1,120,06,/root/autodl-tmp/research-experiments/industrial-anomaly-detection/data/m2ad/extracted/Bird/NG/hole_3_039/A120_I06.png,47.09629440307617
hole_3_039,NG,1,120,07,/root/autodl-tmp/research-experiments/industrial-anomaly-detection/data/m2ad/extracted/Bird/NG/hole_3_039/A120_I07.png,50.53702163696289
hole_3_039,NG,1,120,08,/root/autodl-tmp/research-experiments/industrial-anomaly-detection/data/m2ad/extracted/Bird/NG/hole_3_039/A120_I08.png,46.8494873046875
hole_3_039,NG,1,120,09,/root/autodl-tmp/research-experiments/industrial-anomaly-detection/data/m2ad/extracted/Bird/NG/hole_3_039/A120_I09.png,48.545745849609375
hole_3_039,NG,1,120,10,/root/autodl-tmp/research-experiments/industrial-anomaly-detection/data/m2ad/extracted/Bird/NG/hole_3_039/A120_I10.png,47.55060958862305
scratch_1_000,NG,1,120,01,/root/autodl-tmp/research-experiments/industrial-anomaly-detection/data/m2ad/extracted/Bird/NG/scratch_1_000/A120_I01.png,58.96215057373047
scratch_1_000,NG,1,120,02,/root/autodl-tmp/research-experiments/industrial-anomaly-detection/data/m2ad/extracted/Bird/NG/scratch_1_000/A120_I02.png,57.29609298706055
scratch_1_000,NG,1,120,03,/root/autodl-tmp/research-experiments/industrial-anomaly-detection/data/m2ad/extracted/Bird/NG/scratch_1_000/A120_I03.png,58.34741973876953
scratch_1_000,NG,1,120,04,/root/autodl-tmp/research-experiments/industrial-anomaly-detection/data/m2ad/extracted/Bird/NG/scratch_1_000/A120_I04.png,63.03440856933594
scratch_1_000,NG,1,120,05,/root/autodl-tmp/research-experiments/industrial-anomaly-detection/data/m2ad/extracted/Bird/NG/scratch_1_000/A120_I05.png,63.06785202026367
scratch_1_000,NG,1,120,06,/root/autodl-tmp/research-experiments/industrial-anomaly-detection/data/m2ad/extracted/Bird/NG/scratch_1_000/A120_I06.png,63.868900299072266
scratch_1_000,NG,1,120,07,/root/autodl-tmp/research-experiments/industrial-anomaly-detection/data/m2ad/extracted/Bird/NG/scratch_1_000/A120_I07.png,65.32960510253906
scratch_1_000,NG,1,120,08,/root/autodl-tmp/research-experiments/industrial-anomaly-detection/data/m2ad/extracted/Bird/NG/scratch_1_000/A120_I08.png,64.05558013916016
scratch_1_000,NG,1,120,09,/root/autodl-tmp/research-experiments/industrial-anomaly-detection/data/m2ad/extracted/Bird/NG/scratch_1_000/A120_I09.png,63.6818962097168
scratch_1_000,NG,1,120,10,/root/autodl-tmp/research-experiments/industrial-anomaly-detection/data/m2ad/extracted/Bird/NG/scratch_1_000/A120_I10.png,64.55347442626953
scratch_1_001,NG,1,120,01,/root/autodl-tmp/research-experiments/industrial-anomaly-detection/data/m2ad/extracted/Bird/NG/scratch_1_001/A120_I01.png,62.49818420410156
scratch_1_001,NG,1,120,02,/root/autodl-tmp/research-experiments/industrial-anomaly-detection/data/m2ad/extracted/Bird/NG/scratch_1_001/A120_I02.png,60.769439697265625
scratch_1_001,NG,1,120,03,/root/autodl-tmp/research-experiments/industrial-anomaly-detection/data/m2ad/extracted/Bird/NG/scratch_1_001/A120_I03.png,58.86406707763672
scratch_1_001,NG,1,120,04,/root/autodl-tmp/research-experiments/industrial-anomaly-detection/data/m2ad/extracted/Bird/NG/scratch_1_001/A120_I04.png,60.90468978881836
scratch_1_001,NG,1,120,05,/root/autodl-tmp/research-experiments/industrial-anomaly-detection/data/m2ad/extracted/Bird/NG/scratch_1_001/A120_I05.png,61.4682502746582
scratch_1_001,NG,1,120,06,/root/autodl-tmp/research-experiments/industrial-anomaly-detection/data/m2ad/extracted/Bird/NG/scratch_1_001/A120_I06.png,61.076045989990234
scratch_1_001,NG,1,120,07,/root/autodl-tmp/research-experiments/industrial-anomaly-detection/data/m2ad/extracted/Bird/NG/scratch_1_001/A120_I07.png,59.47764205932617
scratch_1_001,NG,1,120,08,/root/autodl-tmp/research-experiments/industrial-anomaly-detection/data/m2ad/extracted/Bird/NG/scratch_1_001/A120_I08.png,61.44053268432617
scratch_1_001,NG,1,120,09,/root/autodl-tmp/research-experiments/industrial-anomaly-detection/data/m2ad/extracted/Bird/NG/scratch_1_001/A120_I09.png,60.850887298583984
scratch_1_001,NG,1,120,10,/root/autodl-tmp/research-experiments/industrial-anomaly-detection/data/m2ad/extracted/Bird/NG/scratch_1_001/A120_I10.png,62.371559143066406
scratch_1_002,NG,1,120,01,/root/autodl-tmp/research-experiments/industrial-anomaly-detection/data/m2ad/extracted/Bird/NG/scratch_1_002/A120_I01.png,60.94691467285156
scratch_1_002,NG,1,120,02,/root/autodl-tmp/research-experiments/industrial-anomaly-detection/data/m2ad/extracted/Bird/NG/scratch_1_002/A120_I02.png,59.26537322998047
scratch_1_002,NG,1,120,03,/root/autodl-tmp/research-experiments/industrial-anomaly-detection/data/m2ad/extracted/Bird/NG/scratch_1_002/A120_I03.png,58.12043762207031
scratch_1_002,NG,1,120,04,/root/autodl-tmp/research-experiments/industrial-anomaly-detection/data/m2ad/extracted/Bird/NG/scratch_1_002/A120_I04.png,60.1181640625
scratch_1_002,NG,1,120,05,/root/autodl-tmp/research-experiments/industrial-anomaly-detection/data/m2ad/extracted/Bird/NG/scratch_1_002/A120_I05.png,60.87312698364258
scratch_1_002,NG,1,120,06,/root/autodl-tmp/research-experiments/industrial-anomaly-detection/data/m2ad/extracted/Bird/NG/scratch_1_002/A120_I06.png,58.20940399169922
scratch_1_002,NG,1,120,07,/root/autodl-tmp/research-experiments/industrial-anomaly-detection/data/m2ad/extracted/Bird/NG/scratch_1_002/A120_I07.png,57.58030700683594
scratch_1_002,NG,1,120,08,/root/autodl-tmp/research-experiments/industrial-anomaly-detection/data/m2ad/extracted/Bird/NG/scratch_1_002/A120_I08.png,61.75941467285156
scratch_1_002,NG,1,120,09,/root/autodl-tmp/research-experiments/industrial-anomaly-detection/data/m2ad/extracted/Bird/NG/scratch_1_002/A120_I09.png,61.671417236328125
scratch_1_002,NG,1,120,10,/root/autodl-tmp/research-experiments/industrial-anomaly-detection/data/m2ad/extracted/Bird/NG/scratch_1_002/A120_I10.png,61.23164749145508
scratch_1_003,NG,1,120,01,/root/autodl-tmp/research-experiments/industrial-anomaly-detection/data/m2ad/extracted/Bird/NG/scratch_1_003/A120_I01.png,57.91804122924805
scratch_1_003,NG,1,120,02,/root/autodl-tmp/research-experiments/industrial-anomaly-detection/data/m2ad/extracted/Bird/NG/scratch_1_003/A120_I02.png,50.81683349609375
scratch_1_003,NG,1,120,03,/root/autodl-tmp/research-experiments/industrial-anomaly-detection/data/m2ad/extracted/Bird/NG/scratch_1_003/A120_I03.png,52.534000396728516
scratch_1_003,NG,1,120,04,/root/autodl-tmp/research-experiments/industrial-anomaly-detection/data/m2ad/extracted/Bird/NG/scratch_1_003/A120_I04.png,53.66782760620117
scratch_1_003,NG,1,120,05,/root/autodl-tmp/research-experiments/industrial-anomaly-detection/data/m2ad/extracted/Bird/NG/scratch_1_003/A120_I05.png,54.322608947753906
scratch_1_003,NG,1,120,06,/root/autodl-tmp/research-experiments/industrial-anomaly-detection/data/m2ad/extracted/Bird/NG/scratch_1_003/A120_I06.png,52.745399475097656
scratch_1_003,NG,1,120,07,/root/autodl-tmp/research-experiments/industrial-anomaly-detection/data/m2ad/extracted/Bird/NG/scratch_1_003/A120_I07.png,54.59943771362305
scratch_1_003,NG,1,120,08,/root/autodl-tmp/research-experiments/industrial-anomaly-detection/data/m2ad/extracted/Bird/NG/scratch_1_003/A120_I08.png,54.654388427734375
scratch_1_003,NG,1,120,09,/root/autodl-tmp/research-experiments/industrial-anomaly-detection/data/m2ad/extracted/Bird/NG/scratch_1_003/A120_I09.png,53.691566467285156
scratch_1_003,NG,1,120,10,/root/autodl-tmp/research-experiments/industrial-anomaly-detection/data/m2ad/extracted/Bird/NG/scratch_1_003/A120_I10.png,53.74212646484375
scratch_1_029,NG,1,120,01,/root/autodl-tmp/research-experiments/industrial-anomaly-detection/data/m2ad/extracted/Bird/NG/scratch_1_029/A120_I01.png,43.6385612487793
scratch_1_029,NG,1,120,02,/root/autodl-tmp/research-experiments/industrial-anomaly-detection/data/m2ad/extracted/Bird/NG/scratch_1_029/A120_I02.png,44.94887924194336
scratch_1_029,NG,1,120,03,/root/autodl-tmp/research-experiments/industrial-anomaly-detection/data/m2ad/extracted/Bird/NG/scratch_1_029/A120_I03.png,46.184669494628906
scratch_1_029,NG,1,120,04,/root/autodl-tmp/research-experiments/industrial-anomaly-detection/data/m2ad/extracted/Bird/NG/scratch_1_029/A120_I04.png,45.771339416503906
scratch_1_029,NG,1,120,05,/root/autodl-tmp/research-experiments/industrial-anomaly-detection/data/m2ad/extracted/Bird/NG/scratch_1_029/A120_I05.png,46.685585021972656
scratch_1_029,NG,1,120,06,/root/autodl-tmp/research-experiments/industrial-anomaly-detection/data/m2ad/extracted/Bird/NG/scratch_1_029/A120_I06.png,46.32483673095703
scratch_1_029,NG,1,120,07,/root/autodl-tmp/research-experiments/industrial-anomaly-detection/data/m2ad/extracted/Bird/NG/scratch_1_029/A120_I07.png,46.04206848144531
scratch_1_029,NG,1,120,08,/root/autodl-tmp/research-experiments/industrial-anomaly-detection/data/m2ad/extracted/Bird/NG/scratch_1_029/A120_I08.png,46.46702194213867
scratch_1_029,NG,1,120,09,/root/autodl-tmp/research-experiments/industrial-anomaly-detection/data/m2ad/extracted/Bird/NG/scratch_1_029/A120_I09.png,47.0970458984375
scratch_1_029,NG,1,120,10,/root/autodl-tmp/research-experiments/industrial-anomaly-detection/data/m2ad/extracted/Bird/NG/scratch_1_029/A120_I10.png,46.85951614379883
scratch_1_030,NG,1,120,01,/root/autodl-tmp/research-experiments/industrial-anomaly-detection/data/m2ad/extracted/Bird/NG/scratch_1_030/A120_I01.png,41.593502044677734
scratch_1_030,NG,1,120,02,/root/autodl-tmp/research-experiments/industrial-anomaly-detection/data/m2ad/extracted/Bird/NG/scratch_1_030/A120_I02.png,43.38410568237305
scratch_1_030,NG,1,120,03,/root/autodl-tmp/research-experiments/industrial-anomaly-detection/data/m2ad/extracted/Bird/NG/scratch_1_030/A120_I03.png,43.21926498413086
scratch_1_030,NG,1,120,04,/root/autodl-tmp/research-experiments/industrial-anomaly-detection/data/m2ad/extracted/Bird/NG/scratch_1_030/A120_I04.png,46.984378814697266
scratch_1_030,NG,1,120,05,/root/autodl-tmp/research-experiments/industrial-anomaly-detection/data/m2ad/extracted/Bird/NG/scratch_1_030/A120_I05.png,47.005523681640625
scratch_1_030,NG,1,120,06,/root/autodl-tmp/research-experiments/industrial-anomaly-detection/data/m2ad/extracted/Bird/NG/scratch_1_030/A120_I06.png,46.33002853393555
scratch_1_030,NG,1,120,07,/root/autodl-tmp/research-experiments/industrial-anomaly-detection/data/m2ad/extracted/Bird/NG/scratch_1_030/A120_I07.png,46.024356842041016
scratch_1_030,NG,1,120,08,/root/autodl-tmp/research-experiments/industrial-anomaly-detection/data/m2ad/extracted/Bird/NG/scratch_1_030/A120_I08.png,43.8641242980957
scratch_1_030,NG,1,120,09,/root/autodl-tmp/research-experiments/industrial-anomaly-detection/data/m2ad/extracted/Bird/NG/scratch_1_030/A120_I09.png,46.96953201293945
scratch_1_030,NG,1,120,10,/root/autodl-tmp/research-experiments/industrial-anomaly-detection/data/m2ad/extracted/Bird/NG/scratch_1_030/A120_I10.png,46.63626480102539
scratch_1_031,NG,1,120,01,/root/autodl-tmp/research-experiments/industrial-anomaly-detection/data/m2ad/extracted/Bird/NG/scratch_1_031/A120_I01.png,51.59290313720703
scratch_1_031,NG,1,120,02,/root/autodl-tmp/research-experiments/industrial-anomaly-detection/data/m2ad/extracted/Bird/NG/scratch_1_031/A120_I02.png,55.21514129638672
scratch_1_031,NG,1,120,03,/root/autodl-tmp/research-experiments/industrial-anomaly-detection/data/m2ad/extracted/Bird/NG/scratch_1_031/A120_I03.png,58.96466064453125
scratch_1_031,NG,1,120,04,/root/autodl-tmp/research-experiments/industrial-anomaly-detection/data/m2ad/extracted/Bird/NG/scratch_1_031/A120_I04.png,60.568180084228516
scratch_1_031,NG,1,120,05,/root/autodl-tmp/research-experiments/industrial-anomaly-detection/data/m2ad/extracted/Bird/NG/scratch_1_031/A120_I05.png,61.60006332397461
scratch_1_031,NG,1,120,06,/root/autodl-tmp/research-experiments/industrial-anomaly-detection/data/m2ad/extracted/Bird/NG/scratch_1_031/A120_I06.png,59.42559814453125
scratch_1_031,NG,1,120,07,/root/autodl-tmp/research-experiments/industrial-anomaly-detection/data/m2ad/extracted/Bird/NG/scratch_1_031/A120_I07.png,49.52177429199219
scratch_1_031,NG,1,120,08,/root/autodl-tmp/research-experiments/industrial-anomaly-detection/data/m2ad/extracted/Bird/NG/scratch_1_031/A120_I08.png,50.237213134765625
scratch_1_031,NG,1,120,09,/root/autodl-tmp/research-experiments/industrial-anomaly-detection/data/m2ad/extracted/Bird/NG/scratch_1_031/A120_I09.png,60.732051849365234
scratch_1_031,NG,1,120,10,/root/autodl-tmp/research-experiments/industrial-anomaly-detection/data/m2ad/extracted/Bird/NG/scratch_1_031/A120_I10.png,60.92946243286133
scratch_1_032,NG,1,120,01,/root/autodl-tmp/research-experiments/industrial-anomaly-detection/data/m2ad/extracted/Bird/NG/scratch_1_032/A120_I01.png,54.39422607421875
scratch_1_032,NG,1,120,02,/root/autodl-tmp/research-experiments/industrial-anomaly-detection/data/m2ad/extracted/Bird/NG/scratch_1_032/A120_I02.png,53.674407958984375
scratch_1_032,NG,1,120,03,/root/autodl-tmp/research-experiments/industrial-anomaly-detection/data/m2ad/extracted/Bird/NG/scratch_1_032/A120_I03.png,43.755767822265625
scratch_1_032,NG,1,120,04,/root/autodl-tmp/research-experiments/industrial-anomaly-detection/data/m2ad/extracted/Bird/NG/scratch_1_032/A120_I04.png,54.20985794067383
scratch_1_032,NG,1,120,05,/root/autodl-tmp/research-experiments/industrial-anomaly-detection/data/m2ad/extracted/Bird/NG/scratch_1_032/A120_I05.png,57.43156051635742
scratch_1_032,NG,1,120,06,/root/autodl-tmp/research-experiments/industrial-anomaly-detection/data/m2ad/extracted/Bird/NG/scratch_1_032/A120_I06.png,50.912925720214844
scratch_1_032,NG,1,120,07,/root/autodl-tmp/research-experiments/industrial-anomaly-detection/data/m2ad/extracted/Bird/NG/scratch_1_032/A120_I07.png,51.82196807861328
scratch_1_032,NG,1,120,08,/root/autodl-tmp/research-experiments/industrial-anomaly-detection/data/m2ad/extracted/Bird/NG/scratch_1_032/A120_I08.png,52.08151626586914
scratch_1_032,NG,1,120,09,/root/autodl-tmp/research-experiments/industrial-anomaly-detection/data/m2ad/extracted/Bird/NG/scratch_1_032/A120_I09.png,50.591922760009766
scratch_1_032,NG,1,120,10,/root/autodl-tmp/research-experiments/industrial-anomaly-detection/data/m2ad/extracted/Bird/NG/scratch_1_032/A120_I10.png,50.17612075805664
scratch_2_012,NG,1,120,01,/root/autodl-tmp/research-experiments/industrial-anomaly-detection/data/m2ad/extracted/Bird/NG/scratch_2_012/A120_I01.png,57.28208541870117
scratch_2_012,NG,1,120,02,/root/autodl-tmp/research-experiments/industrial-anomaly-detection/data/m2ad/extracted/Bird/NG/scratch_2_012/A120_I02.png,55.4353141784668
scratch_2_012,NG,1,120,03,/root/autodl-tmp/research-experiments/industrial-anomaly-detection/data/m2ad/extracted/Bird/NG/scratch_2_012/A120_I03.png,52.748016357421875
scratch_2_012,NG,1,120,04,/root/autodl-tmp/research-experiments/industrial-anomaly-detection/data/m2ad/extracted/Bird/NG/scratch_2_012/A120_I04.png,55.537353515625
scratch_2_012,NG,1,120,05,/root/autodl-tmp/research-experiments/industrial-anomaly-detection/data/m2ad/extracted/Bird/NG/scratch_2_012/A120_I05.png,55.564239501953125
scratch_2_012,NG,1,120,06,/root/autodl-tmp/research-experiments/industrial-anomaly-detection/data/m2ad/extracted/Bird/NG/scratch_2_012/A120_I06.png,55.42681884765625
scratch_2_012,NG,1,120,07,/root/autodl-tmp/research-experiments/industrial-anomaly-detection/data/m2ad/extracted/Bird/NG/scratch_2_012/A120_I07.png,54.53816604614258
scratch_2_012,NG,1,120,08,/root/autodl-tmp/research-experiments/industrial-anomaly-detection/data/m2ad/extracted/Bird/NG/scratch_2_012/A120_I08.png,57.615684509277344
scratch_2_012,NG,1,120,09,/root/autodl-tmp/research-experiments/industrial-anomaly-detection/data/m2ad/extracted/Bird/NG/scratch_2_012/A120_I09.png,59.181556701660156
scratch_2_012,NG,1,120,10,/root/autodl-tmp/research-experiments/industrial-anomaly-detection/data/m2ad/extracted/Bird/NG/scratch_2_012/A120_I10.png,60.181217193603516
scratch_2_014,NG,1,120,01,/root/autodl-tmp/research-experiments/industrial-anomaly-detection/data/m2ad/extracted/Bird/NG/scratch_2_014/A120_I01.png,56.2122802734375
scratch_2_014,NG,1,120,02,/root/autodl-tmp/research-experiments/industrial-anomaly-detection/data/m2ad/extracted/Bird/NG/scratch_2_014/A120_I02.png,53.72016906738281
scratch_2_014,NG,1,120,03,/root/autodl-tmp/research-experiments/industrial-anomaly-detection/data/m2ad/extracted/Bird/NG/scratch_2_014/A120_I03.png,55.391883850097656
scratch_2_014,NG,1,120,04,/root/autodl-tmp/research-experiments/industrial-anomaly-detection/data/m2ad/extracted/Bird/NG/scratch_2_014/A120_I04.png,56.80574417114258
scratch_2_014,NG,1,120,05,/root/autodl-tmp/research-experiments/industrial-anomaly-detection/data/m2ad/extracted/Bird/NG/scratch_2_014/A120_I05.png,58.295860290527344
scratch_2_014,NG,1,120,06,/root/autodl-tmp/research-experiments/industrial-anomaly-detection/data/m2ad/extracted/Bird/NG/scratch_2_014/A120_I06.png,56.558082580566406
scratch_2_014,NG,1,120,07,/root/autodl-tmp/research-experiments/industrial-anomaly-detection/data/m2ad/extracted/Bird/NG/scratch_2_014/A120_I07.png,56.68536376953125
scratch_2_014,NG,1,120,08,/root/autodl-tmp/research-experiments/industrial-anomaly-detection/data/m2ad/extracted/Bird/NG/scratch_2_014/A120_I08.png,54.11582565307617
scratch_2_014,NG,1,120,09,/root/autodl-tmp/research-experiments/industrial-anomaly-detection/data/m2ad/extracted/Bird/NG/scratch_2_014/A120_I09.png,56.730411529541016
scratch_2_014,NG,1,120,10,/root/autodl-tmp/research-experiments/industrial-anomaly-detection/data/m2ad/extracted/Bird/NG/scratch_2_014/A120_I10.png,57.00515365600586
scratch_2_042,NG,1,120,01,/root/autodl-tmp/research-experiments/industrial-anomaly-detection/data/m2ad/extracted/Bird/NG/scratch_2_042/A120_I01.png,50.99610137939453
scratch_2_042,NG,1,120,02,/root/autodl-tmp/research-experiments/industrial-anomaly-detection/data/m2ad/extracted/Bird/NG/scratch_2_042/A120_I02.png,49.43598175048828
scratch_2_042,NG,1,120,03,/root/autodl-tmp/research-experiments/industrial-anomaly-detection/data/m2ad/extracted/Bird/NG/scratch_2_042/A120_I03.png,46.55059814453125
scratch_2_042,NG,1,120,04,/root/autodl-tmp/research-experiments/industrial-anomaly-detection/data/m2ad/extracted/Bird/NG/scratch_2_042/A120_I04.png,50.305030822753906
scratch_2_042,NG,1,120,05,/root/autodl-tmp/research-experiments/industrial-anomaly-detection/data/m2ad/extracted/Bird/NG/scratch_2_042/A120_I05.png,50.57180404663086
scratch_2_042,NG,1,120,06,/root/autodl-tmp/research-experiments/industrial-anomaly-detection/data/m2ad/extracted/Bird/NG/scratch_2_042/A120_I06.png,48.93241882324219
scratch_2_042,NG,1,120,07,/root/autodl-tmp/research-experiments/industrial-anomaly-detection/data/m2ad/extracted/Bird/NG/scratch_2_042/A120_I07.png,48.58746337890625
scratch_2_042,NG,1,120,08,/root/autodl-tmp/research-experiments/industrial-anomaly-detection/data/m2ad/extracted/Bird/NG/scratch_2_042/A120_I08.png,50.23208236694336
scratch_2_042,NG,1,120,09,/root/autodl-tmp/research-experiments/industrial-anomaly-detection/data/m2ad/extracted/Bird/NG/scratch_2_042/A120_I09.png,50.37760543823242
scratch_2_042,NG,1,120,10,/root/autodl-tmp/research-experiments/industrial-anomaly-detection/data/m2ad/extracted/Bird/NG/scratch_2_042/A120_I10.png,49.572113037109375
scratch_3_013,NG,1,120,01,/root/autodl-tmp/research-experiments/industrial-anomaly-detection/data/m2ad/extracted/Bird/NG/scratch_3_013/A120_I01.png,65.9366455078125
scratch_3_013,NG,1,120,02,/root/autodl-tmp/research-experiments/industrial-anomaly-detection/data/m2ad/extracted/Bird/NG/scratch_3_013/A120_I02.png,58.26060104370117
scratch_3_013,NG,1,120,03,/root/autodl-tmp/research-experiments/industrial-anomaly-detection/data/m2ad/extracted/Bird/NG/scratch_3_013/A120_I03.png,58.91788864135742
scratch_3_013,NG,1,120,04,/root/autodl-tmp/research-experiments/industrial-anomaly-detection/data/m2ad/extracted/Bird/NG/scratch_3_013/A120_I04.png,58.98069381713867
scratch_3_013,NG,1,120,05,/root/autodl-tmp/research-experiments/industrial-anomaly-detection/data/m2ad/extracted/Bird/NG/scratch_3_013/A120_I05.png,60.200096130371094
scratch_3_013,NG,1,120,06,/root/autodl-tmp/research-experiments/industrial-anomaly-detection/data/m2ad/extracted/Bird/NG/scratch_3_013/A120_I06.png,58.341732025146484
scratch_3_013,NG,1,120,07,/root/autodl-tmp/research-experiments/industrial-anomaly-detection/data/m2ad/extracted/Bird/NG/scratch_3_013/A120_I07.png,53.37216567993164
scratch_3_013,NG,1,120,08,/root/autodl-tmp/research-experiments/industrial-anomaly-detection/data/m2ad/extracted/Bird/NG/scratch_3_013/A120_I08.png,62.343971252441406
scratch_3_013,NG,1,120,09,/root/autodl-tmp/research-experiments/industrial-anomaly-detection/data/m2ad/extracted/Bird/NG/scratch_3_013/A120_I09.png,60.493133544921875
scratch_3_013,NG,1,120,10,/root/autodl-tmp/research-experiments/industrial-anomaly-detection/data/m2ad/extracted/Bird/NG/scratch_3_013/A120_I10.png,61.31972885131836
scratch_3_040,NG,1,120,01,/root/autodl-tmp/research-experiments/industrial-anomaly-detection/data/m2ad/extracted/Bird/NG/scratch_3_040/A120_I01.png,44.156124114990234
scratch_3_040,NG,1,120,02,/root/autodl-tmp/research-experiments/industrial-anomaly-detection/data/m2ad/extracted/Bird/NG/scratch_3_040/A120_I02.png,44.52874755859375
scratch_3_040,NG,1,120,03,/root/autodl-tmp/research-experiments/industrial-anomaly-detection/data/m2ad/extracted/Bird/NG/scratch_3_040/A120_I03.png,47.910430908203125
scratch_3_040,NG,1,120,04,/root/autodl-tmp/research-experiments/industrial-anomaly-detection/data/m2ad/extracted/Bird/NG/scratch_3_040/A120_I04.png,47.964351654052734
scratch_3_040,NG,1,120,05,/root/autodl-tmp/research-experiments/industrial-anomaly-detection/data/m2ad/extracted/Bird/NG/scratch_3_040/A120_I05.png,49.595375061035156
scratch_3_040,NG,1,120,06,/root/autodl-tmp/research-experiments/industrial-anomaly-detection/data/m2ad/extracted/Bird/NG/scratch_3_040/A120_I06.png,46.845027923583984
scratch_3_040,NG,1,120,07,/root/autodl-tmp/research-experiments/industrial-anomaly-detection/data/m2ad/extracted/Bird/NG/scratch_3_040/A120_I07.png,49.91305160522461
scratch_3_040,NG,1,120,08,/root/autodl-tmp/research-experiments/industrial-anomaly-detection/data/m2ad/extracted/Bird/NG/scratch_3_040/A120_I08.png,47.52202606201172
scratch_3_040,NG,1,120,09,/root/autodl-tmp/research-experiments/industrial-anomaly-detection/data/m2ad/extracted/Bird/NG/scratch_3_040/A120_I09.png,47.54246520996094
scratch_3_040,NG,1,120,10,/root/autodl-tmp/research-experiments/industrial-anomaly-detection/data/m2ad/extracted/Bird/NG/scratch_3_040/A120_I10.png,48.31523513793945
scratch_3_041,NG,1,120,01,/root/autodl-tmp/research-experiments/industrial-anomaly-detection/data/m2ad/extracted/Bird/NG/scratch_3_041/A120_I01.png,44.852725982666016
scratch_3_041,NG,1,120,02,/root/autodl-tmp/research-experiments/industrial-anomaly-detection/data/m2ad/extracted/Bird/NG/scratch_3_041/A120_I02.png,44.683528900146484
scratch_3_041,NG,1,120,03,/root/autodl-tmp/research-experiments/industrial-anomaly-detection/data/m2ad/extracted/Bird/NG/scratch_3_041/A120_I03.png,45.168846130371094
scratch_3_041,NG,1,120,04,/root/autodl-tmp/research-experiments/industrial-anomaly-detection/data/m2ad/extracted/Bird/NG/scratch_3_041/A120_I04.png,46.51091003417969
scratch_3_041,NG,1,120,05,/root/autodl-tmp/research-experiments/industrial-anomaly-detection/data/m2ad/extracted/Bird/NG/scratch_3_041/A120_I05.png,48.587162017822266
scratch_3_041,NG,1,120,06,/root/autodl-tmp/research-experiments/industrial-anomaly-detection/data/m2ad/extracted/Bird/NG/scratch_3_041/A120_I06.png,45.80452346801758
scratch_3_041,NG,1,120,07,/root/autodl-tmp/research-experiments/industrial-anomaly-detection/data/m2ad/extracted/Bird/NG/scratch_3_041/A120_I07.png,45.80509948730469
scratch_3_041,NG,1,120,08,/root/autodl-tmp/research-experiments/industrial-anomaly-detection/data/m2ad/extracted/Bird/NG/scratch_3_041/A120_I08.png,44.984710693359375
scratch_3_041,NG,1,120,09,/root/autodl-tmp/research-experiments/industrial-anomaly-detection/data/m2ad/extracted/Bird/NG/scratch_3_041/A120_I09.png,45.9791259765625
scratch_3_041,NG,1,120,10,/root/autodl-tmp/research-experiments/industrial-anomaly-detection/data/m2ad/extracted/Bird/NG/scratch_3_041/A120_I10.png,46.57218551635742
