method,category,seed,subset,condition,severity,family,defect_type,image_path,score
M0_original,cable,1,val,none,,,good,012.png,31.86712074279785
M0_original,cable,1,val,none,,,good,014.png,30.94749641418457
M0_original,cable,1,val,none,,,good,035.png,32.193267822265625
M0_original,cable,1,val,none,,,good,037.png,31.54754638671875
M0_original,cable,1,val,none,,,good,038.png,30.52112579345703
M0_original,cable,1,val,none,,,good,040.png,31.28082275390625
M0_original,cable,1,val,none,,,good,080.png,30.74635124206543
M0_original,cable,1,val,none,,,good,092.png,31.754392623901367
M0_original,cable,1,val,none,,,good,096.png,31.781909942626953
M0_original,cable,1,val,none,,,good,102.png,31.702560424804688
M0_original,cable,1,val,none,,,good,105.png,31.96320343017578
M0_original,cable,1,val,none,,,good,121.png,30.98627281188965
M0_original,cable,1,val,none,,,good,152.png,31.87203598022461
M0_original,cable,1,val,none,,,good,163.png,32.15409469604492
M0_original,cable,1,val,none,,,good,168.png,30.710424423217773
M0_original,cable,1,val,none,,,good,172.png,30.588951110839844
M0_original,cable,1,val,none,,,good,176.png,32.87631607055664
M0_original,cable,1,val,none,,,good,179.png,30.8428955078125
M0_original,cable,1,val,none,,,good,185.png,31.612144470214844
M0_original,cable,1,val,none,,,good,191.png,32.02488327026367
M0_original,cable,1,clean_good,none,,,good,/root/autodl-tmp/research-experiments/industrial-anomaly-detection/data/mvtec_ad/cable/test/good/000.png,38.03759765625
M0_original,cable,1,clean_good,none,,,good,/root/autodl-tmp/research-experiments/industrial-anomaly-detection/data/mvtec_ad/cable/test/good/001.png,41.49101638793945
M0_original,cable,1,clean_good,none,,,good,/root/autodl-tmp/research-experiments/industrial-anomaly-detection/data/mvtec_ad/cable/test/good/002.png,39.965660095214844
M0_original,cable,1,clean_good,none,,,good,/root/autodl-tmp/research-experiments/industrial-anomaly-detection/data/mvtec_ad/cable/test/good/003.png,37.146724700927734
M0_original,cable,1,clean_good,none,,,good,/root/autodl-tmp/research-experiments/industrial-anomaly-detection/data/mvtec_ad/cable/test/good/004.png,36.639156341552734
M0_original,cable,1,clean_good,none,,,good,/root/autodl-tmp/research-experiments/industrial-anomaly-detection/data/mvtec_ad/cable/test/good/005.png,38.954978942871094
M0_original,cable,1,clean_good,none,,,good,/root/autodl-tmp/research-experiments/industrial-anomaly-detection/data/mvtec_ad/cable/test/good/006.png,37.64059829711914
M0_original,cable,1,clean_good,none,,,good,/root/autodl-tmp/research-experiments/industrial-anomaly-detection/data/mvtec_ad/cable/test/good/007.png,38.90270233154297
M0_original,cable,1,clean_good,none,,,good,/root/autodl-tmp/research-experiments/industrial-anomaly-detection/data/mvtec_ad/cable/test/good/008.png,40.11282730102539
M0_original,cable,1,clean_good,none,,,good,/root/autodl-tmp/research-experiments/industrial-anomaly-detection/data/mvtec_ad/cable/test/good/009.png,36.71828079223633
M0_original,cable,1,clean_good,none,,,good,/root/autodl-tmp/research-experiments/industrial-anomaly-detection/data/mvtec_ad/cable/test/good/010.png,36.9793586730957
M0_original,cable,1,clean_good,none,,,good,/root/autodl-tmp/research-experiments/industrial-anomaly-detection/data/mvtec_ad/cable/test/good/011.png,38.8058967590332
M0_original,cable,1,clean_good,none,,,good,/root/autodl-tmp/research-experiments/industrial-anomaly-detection/data/mvtec_ad/cable/test/good/012.png,39.232669830322266
M0_original,cable,1,clean_good,none,,,good,/root/autodl-tmp/research-experiments/industrial-anomaly-detection/data/mvtec_ad/cable/test/good/013.png,46.40583419799805
M0_original,cable,1,clean_good,none,,,good,/root/autodl-tmp/research-experiments/industrial-anomaly-detection/data/mvtec_ad/cable/test/good/014.png,40.14601135253906
M0_original,cable,1,clean_good,none,,,good,/root/autodl-tmp/research-experiments/industrial-anomaly-detection/data/mvtec_ad/cable/test/good/015.png,38.96717071533203
M0_original,cable,1,clean_good,none,,,good,/root/autodl-tmp/research-experiments/industrial-anomaly-detection/data/mvtec_ad/cable/test/good/016.png,40.968345642089844
M0_original,cable,1,clean_good,none,,,good,/root/autodl-tmp/research-experiments/industrial-anomaly-detection/data/mvtec_ad/cable/test/good/017.png,38.31399154663086
M0_original,cable,1,clean_good,none,,,good,/root/autodl-tmp/research-experiments/industrial-anomaly-detection/data/mvtec_ad/cable/test/good/018.png,41.7953987121582
M0_original,cable,1,clean_good,none,,,good,/root/autodl-tmp/research-experiments/industrial-anomaly-detection/data/mvtec_ad/cable/test/good/019.png,41.4928092956543
M0_original,cable,1,clean_good,none,,,good,/root/autodl-tmp/research-experiments/industrial-anomaly-detection/data/mvtec_ad/cable/test/good/020.png,38.794647216796875
M0_original,cable,1,clean_good,none,,,good,/root/autodl-tmp/research-experiments/industrial-anomaly-detection/data/mvtec_ad/cable/test/good/021.png,38.8005485534668
M0_original,cable,1,clean_good,none,,,good,/root/autodl-tmp/research-experiments/industrial-anomaly-detection/data/mvtec_ad/cable/test/good/022.png,40.460636138916016
M0_original,cable,1,clean_good,none,,,good,/root/autodl-tmp/research-experiments/industrial-anomaly-detection/data/mvtec_ad/cable/test/good/023.png,37.736907958984375
M0_original,cable,1,clean_good,none,,,good,/root/autodl-tmp/research-experiments/industrial-anomaly-detection/data/mvtec_ad/cable/test/good/024.png,40.03451919555664
M0_original,cable,1,clean_good,none,,,good,/root/autodl-tmp/research-experiments/industrial-anomaly-detection/data/mvtec_ad/cable/test/good/025.png,37.05978775024414
M0_original,cable,1,clean_good,none,,,good,/root/autodl-tmp/research-experiments/industrial-anomaly-detection/data/mvtec_ad/cable/test/good/026.png,38.25380325317383
M0_original,cable,1,clean_good,none,,,good,/root/autodl-tmp/research-experiments/industrial-anomaly-detection/data/mvtec_ad/cable/test/good/027.png,37.850955963134766
M0_original,cable,1,clean_good,none,,,good,/root/autodl-tmp/research-experiments/industrial-anomaly-detection/data/mvtec_ad/cable/test/good/028.png,37.68582534790039
M0_original,cable,1,clean_good,none,,,good,/root/autodl-tmp/research-experiments/industrial-anomaly-detection/data/mvtec_ad/cable/test/good/029.png,38.36672592163086
M0_original,cable,1,clean_good,none,,,good,/root/autodl-tmp/research-experiments/industrial-anomaly-detection/data/mvtec_ad/cable/test/good/030.png,44.71157455444336
M0_original,cable,1,clean_good,none,,,good,/root/autodl-tmp/research-experiments/industrial-anomaly-detection/data/mvtec_ad/cable/test/good/031.png,38.776214599609375
M0_original,cable,1,clean_good,none,,,good,/root/autodl-tmp/research-experiments/industrial-anomaly-detection/data/mvtec_ad/cable/test/good/032.png,39.71955871582031
M0_original,cable,1,clean_good,none,,,good,/root/autodl-tmp/research-experiments/industrial-anomaly-detection/data/mvtec_ad/cable/test/good/033.png,39.36176300048828
M0_original,cable,1,clean_good,none,,,good,/root/autodl-tmp/research-experiments/industrial-anomaly-detection/data/mvtec_ad/cable/test/good/034.png,40.46783447265625
M0_original,cable,1,clean_good,none,,,good,/root/autodl-tmp/research-experiments/industrial-anomaly-detection/data/mvtec_ad/cable/test/good/035.png,37.084415435791016
M0_original,cable,1,clean_good,none,,,good,/root/autodl-tmp/research-experiments/industrial-anomaly-detection/data/mvtec_ad/cable/test/good/036.png,39.56514358520508
M0_original,cable,1,clean_good,none,,,good,/root/autodl-tmp/research-experiments/industrial-anomaly-detection/data/mvtec_ad/cable/test/good/037.png,40.173377990722656
M0_original,cable,1,clean_good,none,,,good,/root/autodl-tmp/research-experiments/industrial-anomaly-detection/data/mvtec_ad/cable/test/good/038.png,40.25244140625
M0_original,cable,1,clean_good,none,,,good,/root/autodl-tmp/research-experiments/industrial-anomaly-detection/data/mvtec_ad/cable/test/good/039.png,42.23062515258789
M0_original,cable,1,clean_good,none,,,good,/root/autodl-tmp/research-experiments/industrial-anomaly-detection/data/mvtec_ad/cable/test/good/040.png,35.909576416015625
M0_original,cable,1,clean_good,none,,,good,/root/autodl-tmp/research-experiments/industrial-anomaly-detection/data/mvtec_ad/cable/test/good/041.png,42.85706329345703
M0_original,cable,1,clean_good,none,,,good,/root/autodl-tmp/research-experiments/industrial-anomaly-detection/data/mvtec_ad/cable/test/good/042.png,41.9577751159668
M0_original,cable,1,clean_good,none,,,good,/root/autodl-tmp/research-experiments/industrial-anomaly-detection/data/mvtec_ad/cable/test/good/043.png,38.08258819580078
M0_original,cable,1,clean_good,none,,,good,/root/autodl-tmp/research-experiments/industrial-anomaly-detection/data/mvtec_ad/cable/test/good/044.png,39.4788932800293
M0_original,cable,1,clean_good,none,,,good,/root/autodl-tmp/research-experiments/industrial-anomaly-detection/data/mvtec_ad/cable/test/good/045.png,40.10266876220703
M0_original,cable,1,clean_good,none,,,good,/root/autodl-tmp/research-experiments/industrial-anomaly-detection/data/mvtec_ad/cable/test/good/046.png,38.5676383972168
M0_original,cable,1,clean_good,none,,,good,/root/autodl-tmp/research-experiments/industrial-anomaly-detection/data/mvtec_ad/cable/test/good/047.png,39.55104064941406
M0_original,cable,1,clean_good,none,,,good,/root/autodl-tmp/research-experiments/industrial-anomaly-detection/data/mvtec_ad/cable/test/good/048.png,40.813751220703125
M0_original,cable,1,clean_good,none,,,good,/root/autodl-tmp/research-experiments/industrial-anomaly-detection/data/mvtec_ad/cable/test/good/049.png,39.06025314331055
M0_original,cable,1,clean_good,none,,,good,/root/autodl-tmp/research-experiments/industrial-anomaly-detection/data/mvtec_ad/cable/test/good/050.png,38.80155944824219
M0_original,cable,1,clean_good,none,,,good,/root/autodl-tmp/research-experiments/industrial-anomaly-detection/data/mvtec_ad/cable/test/good/051.png,40.62061309814453
M0_original,cable,1,clean_good,none,,,good,/root/autodl-tmp/research-experiments/industrial-anomaly-detection/data/mvtec_ad/cable/test/good/052.png,38.94574737548828
M0_original,cable,1,clean_good,none,,,good,/root/autodl-tmp/research-experiments/industrial-anomaly-detection/data/mvtec_ad/cable/test/good/053.png,39.75299835205078
M0_original,cable,1,clean_good,none,,,good,/root/autodl-tmp/research-experiments/industrial-anomaly-detection/data/mvtec_ad/cable/test/good/054.png,38.32233810424805
M0_original,cable,1,clean_good,none,,,good,/root/autodl-tmp/research-experiments/industrial-anomaly-detection/data/mvtec_ad/cable/test/good/055.png,43.734622955322266
M0_original,cable,1,clean_good,none,,,good,/root/autodl-tmp/research-experiments/industrial-anomaly-detection/data/mvtec_ad/cable/test/good/056.png,38.711490631103516
M0_original,cable,1,clean_good,none,,,good,/root/autodl-tmp/research-experiments/industrial-anomaly-detection/data/mvtec_ad/cable/test/good/057.png,48.56120300292969
M0_original,cable,1,clean_defect,none,,,bent_wire,/root/autodl-tmp/research-experiments/industrial-anomaly-detection/data/mvtec_ad/cable/test/bent_wire/000.png,62.45967102050781
M0_original,cable,1,clean_defect,none,,,bent_wire,/root/autodl-tmp/research-experiments/industrial-anomaly-detection/data/mvtec_ad/cable/test/bent_wire/001.png,63.49127960205078
M0_original,cable,1,clean_defect,none,,,bent_wire,/root/autodl-tmp/research-experiments/industrial-anomaly-detection/data/mvtec_ad/cable/test/bent_wire/002.png,67.76490020751953
M0_original,cable,1,clean_defect,none,,,bent_wire,/root/autodl-tmp/research-experiments/industrial-anomaly-detection/data/mvtec_ad/cable/test/bent_wire/003.png,62.10193634033203
M0_original,cable,1,clean_defect,none,,,bent_wire,/root/autodl-tmp/research-experiments/industrial-anomaly-detection/data/mvtec_ad/cable/test/bent_wire/004.png,70.4866714477539
M0_original,cable,1,clean_defect,none,,,bent_wire,/root/autodl-tmp/research-experiments/industrial-anomaly-detection/data/mvtec_ad/cable/test/bent_wire/005.png,66.94097900390625
M0_original,cable,1,clean_defect,none,,,bent_wire,/root/autodl-tmp/research-experiments/industrial-anomaly-detection/data/mvtec_ad/cable/test/bent_wire/006.png,65.23787689208984
M0_original,cable,1,clean_defect,none,,,bent_wire,/root/autodl-tmp/research-experiments/industrial-anomaly-detection/data/mvtec_ad/cable/test/bent_wire/007.png,62.20326614379883
M0_original,cable,1,clean_defect,none,,,bent_wire,/root/autodl-tmp/research-experiments/industrial-anomaly-detection/data/mvtec_ad/cable/test/bent_wire/008.png,51.062408447265625
M0_original,cable,1,clean_defect,none,,,bent_wire,/root/autodl-tmp/research-experiments/industrial-anomaly-detection/data/mvtec_ad/cable/test/bent_wire/009.png,71.74494934082031
M0_original,cable,1,clean_defect,none,,,bent_wire,/root/autodl-tmp/research-experiments/industrial-anomaly-detection/data/mvtec_ad/cable/test/bent_wire/010.png,65.47185516357422
M0_original,cable,1,clean_defect,none,,,bent_wire,/root/autodl-tmp/research-experiments/industrial-anomaly-detection/data/mvtec_ad/cable/test/bent_wire/011.png,81.23702239990234
M0_original,cable,1,clean_defect,none,,,bent_wire,/root/autodl-tmp/research-experiments/industrial-anomaly-detection/data/mvtec_ad/cable/test/bent_wire/012.png,66.00877380371094
M0_original,cable,1,clean_defect,none,,,cable_swap,/root/autodl-tmp/research-experiments/industrial-anomaly-detection/data/mvtec_ad/cable/test/cable_swap/000.png,43.269264221191406
M0_original,cable,1,clean_defect,none,,,cable_swap,/root/autodl-tmp/research-experiments/industrial-anomaly-detection/data/mvtec_ad/cable/test/cable_swap/001.png,46.572750091552734
M0_original,cable,1,clean_defect,none,,,cable_swap,/root/autodl-tmp/research-experiments/industrial-anomaly-detection/data/mvtec_ad/cable/test/cable_swap/002.png,45.118011474609375
M0_original,cable,1,clean_defect,none,,,cable_swap,/root/autodl-tmp/research-experiments/industrial-anomaly-detection/data/mvtec_ad/cable/test/cable_swap/003.png,44.38189697265625
M0_original,cable,1,clean_defect,none,,,cable_swap,/root/autodl-tmp/research-experiments/industrial-anomaly-detection/data/mvtec_ad/cable/test/cable_swap/004.png,45.159000396728516
M0_original,cable,1,clean_defect,none,,,cable_swap,/root/autodl-tmp/research-experiments/industrial-anomaly-detection/data/mvtec_ad/cable/test/cable_swap/005.png,43.52369689941406
M0_original,cable,1,clean_defect,none,,,cable_swap,/root/autodl-tmp/research-experiments/industrial-anomaly-detection/data/mvtec_ad/cable/test/cable_swap/006.png,40.059288024902344
M0_original,cable,1,clean_defect,none,,,cable_swap,/root/autodl-tmp/research-experiments/industrial-anomaly-detection/data/mvtec_ad/cable/test/cable_swap/007.png,43.474369049072266
M0_original,cable,1,clean_defect,none,,,cable_swap,/root/autodl-tmp/research-experiments/industrial-anomaly-detection/data/mvtec_ad/cable/test/cable_swap/008.png,45.12532424926758
M0_original,cable,1,clean_defect,none,,,cable_swap,/root/autodl-tmp/research-experiments/industrial-anomaly-detection/data/mvtec_ad/cable/test/cable_swap/009.png,43.0230827331543
M0_original,cable,1,clean_defect,none,,,cable_swap,/root/autodl-tmp/research-experiments/industrial-anomaly-detection/data/mvtec_ad/cable/test/cable_swap/010.png,44.06783676147461
M0_original,cable,1,clean_defect,none,,,cable_swap,/root/autodl-tmp/research-experiments/industrial-anomaly-detection/data/mvtec_ad/cable/test/cable_swap/011.png,44.18903350830078
M0_original,cable,1,clean_defect,none,,,combined,/root/autodl-tmp/research-experiments/industrial-anomaly-detection/data/mvtec_ad/cable/test/combined/000.png,69.49067687988281
M0_original,cable,1,clean_defect,none,,,combined,/root/autodl-tmp/research-experiments/industrial-anomaly-detection/data/mvtec_ad/cable/test/combined/001.png,63.42757034301758
M0_original,cable,1,clean_defect,none,,,combined,/root/autodl-tmp/research-experiments/industrial-anomaly-detection/data/mvtec_ad/cable/test/combined/002.png,59.291358947753906
M0_original,cable,1,clean_defect,none,,,combined,/root/autodl-tmp/research-experiments/industrial-anomaly-detection/data/mvtec_ad/cable/test/combined/003.png,61.15609359741211
M0_original,cable,1,clean_defect,none,,,combined,/root/autodl-tmp/research-experiments/industrial-anomaly-detection/data/mvtec_ad/cable/test/combined/004.png,54.86188507080078
M0_original,cable,1,clean_defect,none,,,combined,/root/autodl-tmp/research-experiments/industrial-anomaly-detection/data/mvtec_ad/cable/test/combined/005.png,64.43111419677734
M0_original,cable,1,clean_defect,none,,,combined,/root/autodl-tmp/research-experiments/industrial-anomaly-detection/data/mvtec_ad/cable/test/combined/006.png,63.782840728759766
M0_original,cable,1,clean_defect,none,,,combined,/root/autodl-tmp/research-experiments/industrial-anomaly-detection/data/mvtec_ad/cable/test/combined/007.png,55.64057540893555
M0_original,cable,1,clean_defect,none,,,combined,/root/autodl-tmp/research-experiments/industrial-anomaly-detection/data/mvtec_ad/cable/test/combined/008.png,75.00637817382812
M0_original,cable,1,clean_defect,none,,,combined,/root/autodl-tmp/research-experiments/industrial-anomaly-detection/data/mvtec_ad/cable/test/combined/009.png,54.02147674560547
M0_original,cable,1,clean_defect,none,,,combined,/root/autodl-tmp/research-experiments/industrial-anomaly-detection/data/mvtec_ad/cable/test/combined/010.png,63.71039581298828
M0_original,cable,1,clean_defect,none,,,cut_inner_insulation,/root/autodl-tmp/research-experiments/industrial-anomaly-detection/data/mvtec_ad/cable/test/cut_inner_insulation/000.png,46.49275588989258
M0_original,cable,1,clean_defect,none,,,cut_inner_insulation,/root/autodl-tmp/research-experiments/industrial-anomaly-detection/data/mvtec_ad/cable/test/cut_inner_insulation/001.png,54.45737075805664
M0_original,cable,1,clean_defect,none,,,cut_inner_insulation,/root/autodl-tmp/research-experiments/industrial-anomaly-detection/data/mvtec_ad/cable/test/cut_inner_insulation/002.png,46.97573471069336
M0_original,cable,1,clean_defect,none,,,cut_inner_insulation,/root/autodl-tmp/research-experiments/industrial-anomaly-detection/data/mvtec_ad/cable/test/cut_inner_insulation/003.png,53.2955322265625
M0_original,cable,1,clean_defect,none,,,cut_inner_insulation,/root/autodl-tmp/research-experiments/industrial-anomaly-detection/data/mvtec_ad/cable/test/cut_inner_insulation/004.png,58.67665100097656
M0_original,cable,1,clean_defect,none,,,cut_inner_insulation,/root/autodl-tmp/research-experiments/industrial-anomaly-detection/data/mvtec_ad/cable/test/cut_inner_insulation/005.png,49.2640266418457
M0_original,cable,1,clean_defect,none,,,cut_inner_insulation,/root/autodl-tmp/research-experiments/industrial-anomaly-detection/data/mvtec_ad/cable/test/cut_inner_insulation/006.png,48.00072479248047
M0_original,cable,1,clean_defect,none,,,cut_inner_insulation,/root/autodl-tmp/research-experiments/industrial-anomaly-detection/data/mvtec_ad/cable/test/cut_inner_insulation/007.png,54.95350646972656
M0_original,cable,1,clean_defect,none,,,cut_inner_insulation,/root/autodl-tmp/research-experiments/industrial-anomaly-detection/data/mvtec_ad/cable/test/cut_inner_insulation/008.png,44.135040283203125
M0_original,cable,1,clean_defect,none,,,cut_inner_insulation,/root/autodl-tmp/research-experiments/industrial-anomaly-detection/data/mvtec_ad/cable/test/cut_inner_insulation/009.png,52.2292594909668
M0_original,cable,1,clean_defect,none,,,cut_inner_insulation,/root/autodl-tmp/research-experiments/industrial-anomaly-detection/data/mvtec_ad/cable/test/cut_inner_insulation/010.png,55.08679962158203
M0_original,cable,1,clean_defect,none,,,cut_inner_insulation,/root/autodl-tmp/research-experiments/industrial-anomaly-detection/data/mvtec_ad/cable/test/cut_inner_insulation/011.png,57.23025894165039
M0_original,cable,1,clean_defect,none,,,cut_inner_insulation,/root/autodl-tmp/research-experiments/industrial-anomaly-detection/data/mvtec_ad/cable/test/cut_inner_insulation/012.png,51.18619155883789
M0_original,cable,1,clean_defect,none,,,cut_inner_insulation,/root/autodl-tmp/research-experiments/industrial-anomaly-detection/data/mvtec_ad/cable/test/cut_inner_insulation/013.png,56.56596755981445
M0_original,cable,1,clean_defect,none,,,cut_outer_insulation,/root/autodl-tmp/research-experiments/industrial-anomaly-detection/data/mvtec_ad/cable/test/cut_outer_insulation/000.png,56.76334762573242
M0_original,cable,1,clean_defect,none,,,cut_outer_insulation,/root/autodl-tmp/research-experiments/industrial-anomaly-detection/data/mvtec_ad/cable/test/cut_outer_insulation/001.png,57.17131423950195
M0_original,cable,1,clean_defect,none,,,cut_outer_insulation,/root/autodl-tmp/research-experiments/industrial-anomaly-detection/data/mvtec_ad/cable/test/cut_outer_insulation/002.png,51.83436965942383
M0_original,cable,1,clean_defect,none,,,cut_outer_insulation,/root/autodl-tmp/research-experiments/industrial-anomaly-detection/data/mvtec_ad/cable/test/cut_outer_insulation/003.png,47.830623626708984
M0_original,cable,1,clean_defect,none,,,cut_outer_insulation,/root/autodl-tmp/research-experiments/industrial-anomaly-detection/data/mvtec_ad/cable/test/cut_outer_insulation/004.png,47.51961135864258
M0_original,cable,1,clean_defect,none,,,cut_outer_insulation,/root/autodl-tmp/research-experiments/industrial-anomaly-detection/data/mvtec_ad/cable/test/cut_outer_insulation/005.png,58.16825485229492
M0_original,cable,1,clean_defect,none,,,cut_outer_insulation,/root/autodl-tmp/research-experiments/industrial-anomaly-detection/data/mvtec_ad/cable/test/cut_outer_insulation/006.png,55.16905212402344
M0_original,cable,1,clean_defect,none,,,cut_outer_insulation,/root/autodl-tmp/research-experiments/industrial-anomaly-detection/data/mvtec_ad/cable/test/cut_outer_insulation/007.png,51.301231384277344
M0_original,cable,1,clean_defect,none,,,cut_outer_insulation,/root/autodl-tmp/research-experiments/industrial-anomaly-detection/data/mvtec_ad/cable/test/cut_outer_insulation/008.png,49.08467483520508
M0_original,cable,1,clean_defect,none,,,cut_outer_insulation,/root/autodl-tmp/research-experiments/industrial-anomaly-detection/data/mvtec_ad/cable/test/cut_outer_insulation/009.png,52.52174377441406
M0_original,cable,1,clean_defect,none,,,missing_cable,/root/autodl-tmp/research-experiments/industrial-anomaly-detection/data/mvtec_ad/cable/test/missing_cable/000.png,65.28707122802734
M0_original,cable,1,clean_defect,none,,,missing_cable,/root/autodl-tmp/research-experiments/industrial-anomaly-detection/data/mvtec_ad/cable/test/missing_cable/001.png,64.06111907958984
M0_original,cable,1,clean_defect,none,,,missing_cable,/root/autodl-tmp/research-experiments/industrial-anomaly-detection/data/mvtec_ad/cable/test/missing_cable/002.png,63.458396911621094
M0_original,cable,1,clean_defect,none,,,missing_cable,/root/autodl-tmp/research-experiments/industrial-anomaly-detection/data/mvtec_ad/cable/test/missing_cable/003.png,64.33866119384766
M0_original,cable,1,clean_defect,none,,,missing_cable,/root/autodl-tmp/research-experiments/industrial-anomaly-detection/data/mvtec_ad/cable/test/missing_cable/004.png,64.42949676513672
M0_original,cable,1,clean_defect,none,,,missing_cable,/root/autodl-tmp/research-experiments/industrial-anomaly-detection/data/mvtec_ad/cable/test/missing_cable/005.png,66.12371063232422
M0_original,cable,1,clean_defect,none,,,missing_cable,/root/autodl-tmp/research-experiments/industrial-anomaly-detection/data/mvtec_ad/cable/test/missing_cable/006.png,65.1297836303711
M0_original,cable,1,clean_defect,none,,,missing_cable,/root/autodl-tmp/research-experiments/industrial-anomaly-detection/data/mvtec_ad/cable/test/missing_cable/007.png,66.14598846435547
M0_original,cable,1,clean_defect,none,,,missing_cable,/root/autodl-tmp/research-experiments/industrial-anomaly-detection/data/mvtec_ad/cable/test/missing_cable/008.png,63.46464920043945
M0_original,cable,1,clean_defect,none,,,missing_cable,/root/autodl-tmp/research-experiments/industrial-anomaly-detection/data/mvtec_ad/cable/test/missing_cable/009.png,64.77678680419922
M0_original,cable,1,clean_defect,none,,,missing_cable,/root/autodl-tmp/research-experiments/industrial-anomaly-detection/data/mvtec_ad/cable/test/missing_cable/010.png,66.79234313964844
M0_original,cable,1,clean_defect,none,,,missing_cable,/root/autodl-tmp/research-experiments/industrial-anomaly-detection/data/mvtec_ad/cable/test/missing_cable/011.png,64.31163024902344
M0_original,cable,1,clean_defect,none,,,missing_wire,/root/autodl-tmp/research-experiments/industrial-anomaly-detection/data/mvtec_ad/cable/test/missing_wire/000.png,48.037235260009766
M0_original,cable,1,clean_defect,none,,,missing_wire,/root/autodl-tmp/research-experiments/industrial-anomaly-detection/data/mvtec_ad/cable/test/missing_wire/001.png,56.24760055541992
M0_original,cable,1,clean_defect,none,,,missing_wire,/root/autodl-tmp/research-experiments/industrial-anomaly-detection/data/mvtec_ad/cable/test/missing_wire/002.png,50.96247100830078
M0_original,cable,1,clean_defect,none,,,missing_wire,/root/autodl-tmp/research-experiments/industrial-anomaly-detection/data/mvtec_ad/cable/test/missing_wire/003.png,57.112274169921875
M0_original,cable,1,clean_defect,none,,,missing_wire,/root/autodl-tmp/research-experiments/industrial-anomaly-detection/data/mvtec_ad/cable/test/missing_wire/004.png,60.15998458862305
M0_original,cable,1,clean_defect,none,,,missing_wire,/root/autodl-tmp/research-experiments/industrial-anomaly-detection/data/mvtec_ad/cable/test/missing_wire/005.png,56.143531799316406
M0_original,cable,1,clean_defect,none,,,missing_wire,/root/autodl-tmp/research-experiments/industrial-anomaly-detection/data/mvtec_ad/cable/test/missing_wire/006.png,53.577266693115234
M0_original,cable,1,clean_defect,none,,,missing_wire,/root/autodl-tmp/research-experiments/industrial-anomaly-detection/data/mvtec_ad/cable/test/missing_wire/007.png,50.16716384887695
M0_original,cable,1,clean_defect,none,,,missing_wire,/root/autodl-tmp/research-experiments/industrial-anomaly-detection/data/mvtec_ad/cable/test/missing_wire/008.png,50.6646614074707
M0_original,cable,1,clean_defect,none,,,missing_wire,/root/autodl-tmp/research-experiments/industrial-anomaly-detection/data/mvtec_ad/cable/test/missing_wire/009.png,59.13429260253906
M0_original,cable,1,clean_defect,none,,,poke_insulation,/root/autodl-tmp/research-experiments/industrial-anomaly-detection/data/mvtec_ad/cable/test/poke_insulation/000.png,46.05366134643555
M0_original,cable,1,clean_defect,none,,,poke_insulation,/root/autodl-tmp/research-experiments/industrial-anomaly-detection/data/mvtec_ad/cable/test/poke_insulation/001.png,48.89240646362305
M0_original,cable,1,clean_defect,none,,,poke_insulation,/root/autodl-tmp/research-experiments/industrial-anomaly-detection/data/mvtec_ad/cable/test/poke_insulation/002.png,39.555362701416016
M0_original,cable,1,clean_defect,none,,,poke_insulation,/root/autodl-tmp/research-experiments/industrial-anomaly-detection/data/mvtec_ad/cable/test/poke_insulation/003.png,43.252376556396484
M0_original,cable,1,clean_defect,none,,,poke_insulation,/root/autodl-tmp/research-experiments/industrial-anomaly-detection/data/mvtec_ad/cable/test/poke_insulation/004.png,42.99380111694336
M0_original,cable,1,clean_defect,none,,,poke_insulation,/root/autodl-tmp/research-experiments/industrial-anomaly-detection/data/mvtec_ad/cable/test/poke_insulation/005.png,49.03492736816406
M0_original,cable,1,clean_defect,none,,,poke_insulation,/root/autodl-tmp/research-experiments/industrial-anomaly-detection/data/mvtec_ad/cable/test/poke_insulation/006.png,45.49296188354492
M0_original,cable,1,clean_defect,none,,,poke_insulation,/root/autodl-tmp/research-experiments/industrial-anomaly-detection/data/mvtec_ad/cable/test/poke_insulation/007.png,45.718379974365234
M0_original,cable,1,clean_defect,none,,,poke_insulation,/root/autodl-tmp/research-experiments/industrial-anomaly-detection/data/mvtec_ad/cable/test/poke_insulation/008.png,49.504112243652344
M0_original,cable,1,clean_defect,none,,,poke_insulation,/root/autodl-tmp/research-experiments/industrial-anomaly-detection/data/mvtec_ad/cable/test/poke_insulation/009.png,45.83755874633789
M0_original,cable,1,shift_good,brightness_0.9,mild,brightness,good,/root/autodl-tmp/research-experiments/industrial-anomaly-detection/data/mvtec_ad/cable/test/good/000.png,37.48610305786133
M0_original,cable,1,shift_good,brightness_0.9,mild,brightness,good,/root/autodl-tmp/research-experiments/industrial-anomaly-detection/data/mvtec_ad/cable/test/good/001.png,41.16097640991211
M0_original,cable,1,shift_good,brightness_0.9,mild,brightness,good,/root/autodl-tmp/research-experiments/industrial-anomaly-detection/data/mvtec_ad/cable/test/good/002.png,39.673851013183594
M0_original,cable,1,shift_good,brightness_0.9,mild,brightness,good,/root/autodl-tmp/research-experiments/industrial-anomaly-detection/data/mvtec_ad/cable/test/good/003.png,36.925323486328125
M0_original,cable,1,shift_good,brightness_0.9,mild,brightness,good,/root/autodl-tmp/research-experiments/industrial-anomaly-detection/data/mvtec_ad/cable/test/good/004.png,36.564544677734375
M0_original,cable,1,shift_good,brightness_0.9,mild,brightness,good,/root/autodl-tmp/research-experiments/industrial-anomaly-detection/data/mvtec_ad/cable/test/good/005.png,38.7088508605957
M0_original,cable,1,shift_good,brightness_0.9,mild,brightness,good,/root/autodl-tmp/research-experiments/industrial-anomaly-detection/data/mvtec_ad/cable/test/good/006.png,37.51613235473633
M0_original,cable,1,shift_good,brightness_0.9,mild,brightness,good,/root/autodl-tmp/research-experiments/industrial-anomaly-detection/data/mvtec_ad/cable/test/good/007.png,39.11232376098633
M0_original,cable,1,shift_good,brightness_0.9,mild,brightness,good,/root/autodl-tmp/research-experiments/industrial-anomaly-detection/data/mvtec_ad/cable/test/good/008.png,39.21438217163086
M0_original,cable,1,shift_good,brightness_0.9,mild,brightness,good,/root/autodl-tmp/research-experiments/industrial-anomaly-detection/data/mvtec_ad/cable/test/good/009.png,36.816986083984375
M0_original,cable,1,shift_good,brightness_0.9,mild,brightness,good,/root/autodl-tmp/research-experiments/industrial-anomaly-detection/data/mvtec_ad/cable/test/good/010.png,36.657859802246094
M0_original,cable,1,shift_good,brightness_0.9,mild,brightness,good,/root/autodl-tmp/research-experiments/industrial-anomaly-detection/data/mvtec_ad/cable/test/good/011.png,38.830047607421875
M0_original,cable,1,shift_good,brightness_0.9,mild,brightness,good,/root/autodl-tmp/research-experiments/industrial-anomaly-detection/data/mvtec_ad/cable/test/good/012.png,39.615447998046875
M0_original,cable,1,shift_good,brightness_0.9,mild,brightness,good,/root/autodl-tmp/research-experiments/industrial-anomaly-detection/data/mvtec_ad/cable/test/good/013.png,46.71813201904297
M0_original,cable,1,shift_good,brightness_0.9,mild,brightness,good,/root/autodl-tmp/research-experiments/industrial-anomaly-detection/data/mvtec_ad/cable/test/good/014.png,40.08192443847656
M0_original,cable,1,shift_good,brightness_0.9,mild,brightness,good,/root/autodl-tmp/research-experiments/industrial-anomaly-detection/data/mvtec_ad/cable/test/good/015.png,39.26912307739258
M0_original,cable,1,shift_good,brightness_0.9,mild,brightness,good,/root/autodl-tmp/research-experiments/industrial-anomaly-detection/data/mvtec_ad/cable/test/good/016.png,40.93068313598633
M0_original,cable,1,shift_good,brightness_0.9,mild,brightness,good,/root/autodl-tmp/research-experiments/industrial-anomaly-detection/data/mvtec_ad/cable/test/good/017.png,37.71528244018555
M0_original,cable,1,shift_good,brightness_0.9,mild,brightness,good,/root/autodl-tmp/research-experiments/industrial-anomaly-detection/data/mvtec_ad/cable/test/good/018.png,41.89693832397461
M0_original,cable,1,shift_good,brightness_0.9,mild,brightness,good,/root/autodl-tmp/research-experiments/industrial-anomaly-detection/data/mvtec_ad/cable/test/good/019.png,41.974117279052734
M0_original,cable,1,shift_good,brightness_0.9,mild,brightness,good,/root/autodl-tmp/research-experiments/industrial-anomaly-detection/data/mvtec_ad/cable/test/good/020.png,38.915401458740234
M0_original,cable,1,shift_good,brightness_0.9,mild,brightness,good,/root/autodl-tmp/research-experiments/industrial-anomaly-detection/data/mvtec_ad/cable/test/good/021.png,38.352088928222656
M0_original,cable,1,shift_good,brightness_0.9,mild,brightness,good,/root/autodl-tmp/research-experiments/industrial-anomaly-detection/data/mvtec_ad/cable/test/good/022.png,40.2039680480957
M0_original,cable,1,shift_good,brightness_0.9,mild,brightness,good,/root/autodl-tmp/research-experiments/industrial-anomaly-detection/data/mvtec_ad/cable/test/good/023.png,37.50355529785156
M0_original,cable,1,shift_good,brightness_0.9,mild,brightness,good,/root/autodl-tmp/research-experiments/industrial-anomaly-detection/data/mvtec_ad/cable/test/good/024.png,40.40711975097656
M0_original,cable,1,shift_good,brightness_0.9,mild,brightness,good,/root/autodl-tmp/research-experiments/industrial-anomaly-detection/data/mvtec_ad/cable/test/good/025.png,37.24085235595703
M0_original,cable,1,shift_good,brightness_0.9,mild,brightness,good,/root/autodl-tmp/research-experiments/industrial-anomaly-detection/data/mvtec_ad/cable/test/good/026.png,37.99504852294922
M0_original,cable,1,shift_good,brightness_0.9,mild,brightness,good,/root/autodl-tmp/research-experiments/industrial-anomaly-detection/data/mvtec_ad/cable/test/good/027.png,36.85313415527344
M0_original,cable,1,shift_good,brightness_0.9,mild,brightness,good,/root/autodl-tmp/research-experiments/industrial-anomaly-detection/data/mvtec_ad/cable/test/good/028.png,38.75461959838867
M0_original,cable,1,shift_good,brightness_0.9,mild,brightness,good,/root/autodl-tmp/research-experiments/industrial-anomaly-detection/data/mvtec_ad/cable/test/good/029.png,38.22936248779297
M0_original,cable,1,shift_good,brightness_0.9,mild,brightness,good,/root/autodl-tmp/research-experiments/industrial-anomaly-detection/data/mvtec_ad/cable/test/good/030.png,44.916221618652344
M0_original,cable,1,shift_good,brightness_0.9,mild,brightness,good,/root/autodl-tmp/research-experiments/industrial-anomaly-detection/data/mvtec_ad/cable/test/good/031.png,38.08153533935547
M0_original,cable,1,shift_good,brightness_0.9,mild,brightness,good,/root/autodl-tmp/research-experiments/industrial-anomaly-detection/data/mvtec_ad/cable/test/good/032.png,39.9262809753418
M0_original,cable,1,shift_good,brightness_0.9,mild,brightness,good,/root/autodl-tmp/research-experiments/industrial-anomaly-detection/data/mvtec_ad/cable/test/good/033.png,39.53667068481445
M0_original,cable,1,shift_good,brightness_0.9,mild,brightness,good,/root/autodl-tmp/research-experiments/industrial-anomaly-detection/data/mvtec_ad/cable/test/good/034.png,40.3857536315918
M0_original,cable,1,shift_good,brightness_0.9,mild,brightness,good,/root/autodl-tmp/research-experiments/industrial-anomaly-detection/data/mvtec_ad/cable/test/good/035.png,36.62916946411133
M0_original,cable,1,shift_good,brightness_0.9,mild,brightness,good,/root/autodl-tmp/research-experiments/industrial-anomaly-detection/data/mvtec_ad/cable/test/good/036.png,39.73826599121094
M0_original,cable,1,shift_good,brightness_0.9,mild,brightness,good,/root/autodl-tmp/research-experiments/industrial-anomaly-detection/data/mvtec_ad/cable/test/good/037.png,40.66267013549805
M0_original,cable,1,shift_good,brightness_0.9,mild,brightness,good,/root/autodl-tmp/research-experiments/industrial-anomaly-detection/data/mvtec_ad/cable/test/good/038.png,40.18912124633789
M0_original,cable,1,shift_good,brightness_0.9,mild,brightness,good,/root/autodl-tmp/research-experiments/industrial-anomaly-detection/data/mvtec_ad/cable/test/good/039.png,42.276023864746094
M0_original,cable,1,shift_good,brightness_0.9,mild,brightness,good,/root/autodl-tmp/research-experiments/industrial-anomaly-detection/data/mvtec_ad/cable/test/good/040.png,35.669898986816406
M0_original,cable,1,shift_good,brightness_0.9,mild,brightness,good,/root/autodl-tmp/research-experiments/industrial-anomaly-detection/data/mvtec_ad/cable/test/good/041.png,42.33133316040039
M0_original,cable,1,shift_good,brightness_0.9,mild,brightness,good,/root/autodl-tmp/research-experiments/industrial-anomaly-detection/data/mvtec_ad/cable/test/good/042.png,40.66535186767578
M0_original,cable,1,shift_good,brightness_0.9,mild,brightness,good,/root/autodl-tmp/research-experiments/industrial-anomaly-detection/data/mvtec_ad/cable/test/good/043.png,37.99421691894531
M0_original,cable,1,shift_good,brightness_0.9,mild,brightness,good,/root/autodl-tmp/research-experiments/industrial-anomaly-detection/data/mvtec_ad/cable/test/good/044.png,38.82490158081055
M0_original,cable,1,shift_good,brightness_0.9,mild,brightness,good,/root/autodl-tmp/research-experiments/industrial-anomaly-detection/data/mvtec_ad/cable/test/good/045.png,40.38779067993164
M0_original,cable,1,shift_good,brightness_0.9,mild,brightness,good,/root/autodl-tmp/research-experiments/industrial-anomaly-detection/data/mvtec_ad/cable/test/good/046.png,38.23102569580078
M0_original,cable,1,shift_good,brightness_0.9,mild,brightness,good,/root/autodl-tmp/research-experiments/industrial-anomaly-detection/data/mvtec_ad/cable/test/good/047.png,39.109798431396484
M0_original,cable,1,shift_good,brightness_0.9,mild,brightness,good,/root/autodl-tmp/research-experiments/industrial-anomaly-detection/data/mvtec_ad/cable/test/good/048.png,40.628257751464844
M0_original,cable,1,shift_good,brightness_0.9,mild,brightness,good,/root/autodl-tmp/research-experiments/industrial-anomaly-detection/data/mvtec_ad/cable/test/good/049.png,38.88676071166992
M0_original,cable,1,shift_good,brightness_0.9,mild,brightness,good,/root/autodl-tmp/research-experiments/industrial-anomaly-detection/data/mvtec_ad/cable/test/good/050.png,38.73502731323242
M0_original,cable,1,shift_good,brightness_0.9,mild,brightness,good,/root/autodl-tmp/research-experiments/industrial-anomaly-detection/data/mvtec_ad/cable/test/good/051.png,40.26570129394531
M0_original,cable,1,shift_good,brightness_0.9,mild,brightness,good,/root/autodl-tmp/research-experiments/industrial-anomaly-detection/data/mvtec_ad/cable/test/good/052.png,38.4901237487793
M0_original,cable,1,shift_good,brightness_0.9,mild,brightness,good,/root/autodl-tmp/research-experiments/industrial-anomaly-detection/data/mvtec_ad/cable/test/good/053.png,38.85446548461914
M0_original,cable,1,shift_good,brightness_0.9,mild,brightness,good,/root/autodl-tmp/research-experiments/industrial-anomaly-detection/data/mvtec_ad/cable/test/good/054.png,38.20905303955078
M0_original,cable,1,shift_good,brightness_0.9,mild,brightness,good,/root/autodl-tmp/research-experiments/industrial-anomaly-detection/data/mvtec_ad/cable/test/good/055.png,43.79308319091797
M0_original,cable,1,shift_good,brightness_0.9,mild,brightness,good,/root/autodl-tmp/research-experiments/industrial-anomaly-detection/data/mvtec_ad/cable/test/good/056.png,38.78000259399414
M0_original,cable,1,shift_good,brightness_0.9,mild,brightness,good,/root/autodl-tmp/research-experiments/industrial-anomaly-detection/data/mvtec_ad/cable/test/good/057.png,48.339317321777344
M0_original,cable,1,shift_good,brightness_1.1,mild,brightness,good,/root/autodl-tmp/research-experiments/industrial-anomaly-detection/data/mvtec_ad/cable/test/good/000.png,37.747257232666016
M0_original,cable,1,shift_good,brightness_1.1,mild,brightness,good,/root/autodl-tmp/research-experiments/industrial-anomaly-detection/data/mvtec_ad/cable/test/good/001.png,41.56614303588867
M0_original,cable,1,shift_good,brightness_1.1,mild,brightness,good,/root/autodl-tmp/research-experiments/industrial-anomaly-detection/data/mvtec_ad/cable/test/good/002.png,40.167972564697266
M0_original,cable,1,shift_good,brightness_1.1,mild,brightness,good,/root/autodl-tmp/research-experiments/industrial-anomaly-detection/data/mvtec_ad/cable/test/good/003.png,37.408504486083984
M0_original,cable,1,shift_good,brightness_1.1,mild,brightness,good,/root/autodl-tmp/research-experiments/industrial-anomaly-detection/data/mvtec_ad/cable/test/good/004.png,36.730201721191406
M0_original,cable,1,shift_good,brightness_1.1,mild,brightness,good,/root/autodl-tmp/research-experiments/industrial-anomaly-detection/data/mvtec_ad/cable/test/good/005.png,39.020423889160156
M0_original,cable,1,shift_good,brightness_1.1,mild,brightness,good,/root/autodl-tmp/research-experiments/industrial-anomaly-detection/data/mvtec_ad/cable/test/good/006.png,37.78925704956055
M0_original,cable,1,shift_good,brightness_1.1,mild,brightness,good,/root/autodl-tmp/research-experiments/industrial-anomaly-detection/data/mvtec_ad/cable/test/good/007.png,39.250083923339844
M0_original,cable,1,shift_good,brightness_1.1,mild,brightness,good,/root/autodl-tmp/research-experiments/industrial-anomaly-detection/data/mvtec_ad/cable/test/good/008.png,40.230220794677734
M0_original,cable,1,shift_good,brightness_1.1,mild,brightness,good,/root/autodl-tmp/research-experiments/industrial-anomaly-detection/data/mvtec_ad/cable/test/good/009.png,36.246185302734375
M0_original,cable,1,shift_good,brightness_1.1,mild,brightness,good,/root/autodl-tmp/research-experiments/industrial-anomaly-detection/data/mvtec_ad/cable/test/good/010.png,37.02517318725586
M0_original,cable,1,shift_good,brightness_1.1,mild,brightness,good,/root/autodl-tmp/research-experiments/industrial-anomaly-detection/data/mvtec_ad/cable/test/good/011.png,38.90163803100586
M0_original,cable,1,shift_good,brightness_1.1,mild,brightness,good,/root/autodl-tmp/research-experiments/industrial-anomaly-detection/data/mvtec_ad/cable/test/good/012.png,40.0414924621582
M0_original,cable,1,shift_good,brightness_1.1,mild,brightness,good,/root/autodl-tmp/research-experiments/industrial-anomaly-detection/data/mvtec_ad/cable/test/good/013.png,46.14879608154297
M0_original,cable,1,shift_good,brightness_1.1,mild,brightness,good,/root/autodl-tmp/research-experiments/industrial-anomaly-detection/data/mvtec_ad/cable/test/good/014.png,40.17906951904297
M0_original,cable,1,shift_good,brightness_1.1,mild,brightness,good,/root/autodl-tmp/research-experiments/industrial-anomaly-detection/data/mvtec_ad/cable/test/good/015.png,39.223594665527344
M0_original,cable,1,shift_good,brightness_1.1,mild,brightness,good,/root/autodl-tmp/research-experiments/industrial-anomaly-detection/data/mvtec_ad/cable/test/good/016.png,40.893192291259766
M0_original,cable,1,shift_good,brightness_1.1,mild,brightness,good,/root/autodl-tmp/research-experiments/industrial-anomaly-detection/data/mvtec_ad/cable/test/good/017.png,38.786155700683594
M0_original,cable,1,shift_good,brightness_1.1,mild,brightness,good,/root/autodl-tmp/research-experiments/industrial-anomaly-detection/data/mvtec_ad/cable/test/good/018.png,42.54444885253906
M0_original,cable,1,shift_good,brightness_1.1,mild,brightness,good,/root/autodl-tmp/research-experiments/industrial-anomaly-detection/data/mvtec_ad/cable/test/good/019.png,41.02412796020508
M0_original,cable,1,shift_good,brightness_1.1,mild,brightness,good,/root/autodl-tmp/research-experiments/industrial-anomaly-detection/data/mvtec_ad/cable/test/good/020.png,38.53824996948242
M0_original,cable,1,shift_good,brightness_1.1,mild,brightness,good,/root/autodl-tmp/research-experiments/industrial-anomaly-detection/data/mvtec_ad/cable/test/good/021.png,38.53030014038086
M0_original,cable,1,shift_good,brightness_1.1,mild,brightness,good,/root/autodl-tmp/research-experiments/industrial-anomaly-detection/data/mvtec_ad/cable/test/good/022.png,40.925567626953125
M0_original,cable,1,shift_good,brightness_1.1,mild,brightness,good,/root/autodl-tmp/research-experiments/industrial-anomaly-detection/data/mvtec_ad/cable/test/good/023.png,37.80286407470703
M0_original,cable,1,shift_good,brightness_1.1,mild,brightness,good,/root/autodl-tmp/research-experiments/industrial-anomaly-detection/data/mvtec_ad/cable/test/good/024.png,40.07985305786133
M0_original,cable,1,shift_good,brightness_1.1,mild,brightness,good,/root/autodl-tmp/research-experiments/industrial-anomaly-detection/data/mvtec_ad/cable/test/good/025.png,37.239131927490234
M0_original,cable,1,shift_good,brightness_1.1,mild,brightness,good,/root/autodl-tmp/research-experiments/industrial-anomaly-detection/data/mvtec_ad/cable/test/good/026.png,38.684837341308594
M0_original,cable,1,shift_good,brightness_1.1,mild,brightness,good,/root/autodl-tmp/research-experiments/industrial-anomaly-detection/data/mvtec_ad/cable/test/good/027.png,37.794525146484375
M0_original,cable,1,shift_good,brightness_1.1,mild,brightness,good,/root/autodl-tmp/research-experiments/industrial-anomaly-detection/data/mvtec_ad/cable/test/good/028.png,37.71963882446289
M0_original,cable,1,shift_good,brightness_1.1,mild,brightness,good,/root/autodl-tmp/research-experiments/industrial-anomaly-detection/data/mvtec_ad/cable/test/good/029.png,38.62019348144531
M0_original,cable,1,shift_good,brightness_1.1,mild,brightness,good,/root/autodl-tmp/research-experiments/industrial-anomaly-detection/data/mvtec_ad/cable/test/good/030.png,45.19674301147461
M0_original,cable,1,shift_good,brightness_1.1,mild,brightness,good,/root/autodl-tmp/research-experiments/industrial-anomaly-detection/data/mvtec_ad/cable/test/good/031.png,38.93746566772461
M0_original,cable,1,shift_good,brightness_1.1,mild,brightness,good,/root/autodl-tmp/research-experiments/industrial-anomaly-detection/data/mvtec_ad/cable/test/good/032.png,39.77628707885742
M0_original,cable,1,shift_good,brightness_1.1,mild,brightness,good,/root/autodl-tmp/research-experiments/industrial-anomaly-detection/data/mvtec_ad/cable/test/good/033.png,40.23933029174805
M0_original,cable,1,shift_good,brightness_1.1,mild,brightness,good,/root/autodl-tmp/research-experiments/industrial-anomaly-detection/data/mvtec_ad/cable/test/good/034.png,40.57554244995117
M0_original,cable,1,shift_good,brightness_1.1,mild,brightness,good,/root/autodl-tmp/research-experiments/industrial-anomaly-detection/data/mvtec_ad/cable/test/good/035.png,37.3970947265625
M0_original,cable,1,shift_good,brightness_1.1,mild,brightness,good,/root/autodl-tmp/research-experiments/industrial-anomaly-detection/data/mvtec_ad/cable/test/good/036.png,39.67597198486328
M0_original,cable,1,shift_good,brightness_1.1,mild,brightness,good,/root/autodl-tmp/research-experiments/industrial-anomaly-detection/data/mvtec_ad/cable/test/good/037.png,39.53948974609375
M0_original,cable,1,shift_good,brightness_1.1,mild,brightness,good,/root/autodl-tmp/research-experiments/industrial-anomaly-detection/data/mvtec_ad/cable/test/good/038.png,40.19412612915039
M0_original,cable,1,shift_good,brightness_1.1,mild,brightness,good,/root/autodl-tmp/research-experiments/industrial-anomaly-detection/data/mvtec_ad/cable/test/good/039.png,42.11492919921875
M0_original,cable,1,shift_good,brightness_1.1,mild,brightness,good,/root/autodl-tmp/research-experiments/industrial-anomaly-detection/data/mvtec_ad/cable/test/good/040.png,36.47554016113281
M0_original,cable,1,shift_good,brightness_1.1,mild,brightness,good,/root/autodl-tmp/research-experiments/industrial-anomaly-detection/data/mvtec_ad/cable/test/good/041.png,43.17600631713867
M0_original,cable,1,shift_good,brightness_1.1,mild,brightness,good,/root/autodl-tmp/research-experiments/industrial-anomaly-detection/data/mvtec_ad/cable/test/good/042.png,41.88865661621094
M0_original,cable,1,shift_good,brightness_1.1,mild,brightness,good,/root/autodl-tmp/research-experiments/industrial-anomaly-detection/data/mvtec_ad/cable/test/good/043.png,38.2960319519043
M0_original,cable,1,shift_good,brightness_1.1,mild,brightness,good,/root/autodl-tmp/research-experiments/industrial-anomaly-detection/data/mvtec_ad/cable/test/good/044.png,39.0044059753418
M0_original,cable,1,shift_good,brightness_1.1,mild,brightness,good,/root/autodl-tmp/research-experiments/industrial-anomaly-detection/data/mvtec_ad/cable/test/good/045.png,40.30080795288086
M0_original,cable,1,shift_good,brightness_1.1,mild,brightness,good,/root/autodl-tmp/research-experiments/industrial-anomaly-detection/data/mvtec_ad/cable/test/good/046.png,38.27140426635742
M0_original,cable,1,shift_good,brightness_1.1,mild,brightness,good,/root/autodl-tmp/research-experiments/industrial-anomaly-detection/data/mvtec_ad/cable/test/good/047.png,38.70737075805664
M0_original,cable,1,shift_good,brightness_1.1,mild,brightness,good,/root/autodl-tmp/research-experiments/industrial-anomaly-detection/data/mvtec_ad/cable/test/good/048.png,41.10597229003906
M0_original,cable,1,shift_good,brightness_1.1,mild,brightness,good,/root/autodl-tmp/research-experiments/industrial-anomaly-detection/data/mvtec_ad/cable/test/good/049.png,39.30128860473633
M0_original,cable,1,shift_good,brightness_1.1,mild,brightness,good,/root/autodl-tmp/research-experiments/industrial-anomaly-detection/data/mvtec_ad/cable/test/good/050.png,39.03909683227539
M0_original,cable,1,shift_good,brightness_1.1,mild,brightness,good,/root/autodl-tmp/research-experiments/industrial-anomaly-detection/data/mvtec_ad/cable/test/good/051.png,40.594852447509766
M0_original,cable,1,shift_good,brightness_1.1,mild,brightness,good,/root/autodl-tmp/research-experiments/industrial-anomaly-detection/data/mvtec_ad/cable/test/good/052.png,39.16302490234375
M0_original,cable,1,shift_good,brightness_1.1,mild,brightness,good,/root/autodl-tmp/research-experiments/industrial-anomaly-detection/data/mvtec_ad/cable/test/good/053.png,39.78142547607422
M0_original,cable,1,shift_good,brightness_1.1,mild,brightness,good,/root/autodl-tmp/research-experiments/industrial-anomaly-detection/data/mvtec_ad/cable/test/good/054.png,38.68779373168945
M0_original,cable,1,shift_good,brightness_1.1,mild,brightness,good,/root/autodl-tmp/research-experiments/industrial-anomaly-detection/data/mvtec_ad/cable/test/good/055.png,44.26689147949219
M0_original,cable,1,shift_good,brightness_1.1,mild,brightness,good,/root/autodl-tmp/research-experiments/industrial-anomaly-detection/data/mvtec_ad/cable/test/good/056.png,38.90892791748047
M0_original,cable,1,shift_good,brightness_1.1,mild,brightness,good,/root/autodl-tmp/research-experiments/industrial-anomaly-detection/data/mvtec_ad/cable/test/good/057.png,48.055110931396484
M0_original,cable,1,shift_good,brightness_0.7,medium,brightness,good,/root/autodl-tmp/research-experiments/industrial-anomaly-detection/data/mvtec_ad/cable/test/good/000.png,39.166751861572266
M0_original,cable,1,shift_good,brightness_0.7,medium,brightness,good,/root/autodl-tmp/research-experiments/industrial-anomaly-detection/data/mvtec_ad/cable/test/good/001.png,41.2364616394043
M0_original,cable,1,shift_good,brightness_0.7,medium,brightness,good,/root/autodl-tmp/research-experiments/industrial-anomaly-detection/data/mvtec_ad/cable/test/good/002.png,40.70281219482422
M0_original,cable,1,shift_good,brightness_0.7,medium,brightness,good,/root/autodl-tmp/research-experiments/industrial-anomaly-detection/data/mvtec_ad/cable/test/good/003.png,37.19987869262695
M0_original,cable,1,shift_good,brightness_0.7,medium,brightness,good,/root/autodl-tmp/research-experiments/industrial-anomaly-detection/data/mvtec_ad/cable/test/good/004.png,36.9588737487793
M0_original,cable,1,shift_good,brightness_0.7,medium,brightness,good,/root/autodl-tmp/research-experiments/industrial-anomaly-detection/data/mvtec_ad/cable/test/good/005.png,38.349666595458984
M0_original,cable,1,shift_good,brightness_0.7,medium,brightness,good,/root/autodl-tmp/research-experiments/industrial-anomaly-detection/data/mvtec_ad/cable/test/good/006.png,37.77193832397461
M0_original,cable,1,shift_good,brightness_0.7,medium,brightness,good,/root/autodl-tmp/research-experiments/industrial-anomaly-detection/data/mvtec_ad/cable/test/good/007.png,42.511138916015625
M0_original,cable,1,shift_good,brightness_0.7,medium,brightness,good,/root/autodl-tmp/research-experiments/industrial-anomaly-detection/data/mvtec_ad/cable/test/good/008.png,38.8180046081543
M0_original,cable,1,shift_good,brightness_0.7,medium,brightness,good,/root/autodl-tmp/research-experiments/industrial-anomaly-detection/data/mvtec_ad/cable/test/good/009.png,38.05320739746094
M0_original,cable,1,shift_good,brightness_0.7,medium,brightness,good,/root/autodl-tmp/research-experiments/industrial-anomaly-detection/data/mvtec_ad/cable/test/good/010.png,38.93074035644531
M0_original,cable,1,shift_good,brightness_0.7,medium,brightness,good,/root/autodl-tmp/research-experiments/industrial-anomaly-detection/data/mvtec_ad/cable/test/good/011.png,39.30794143676758
M0_original,cable,1,shift_good,brightness_0.7,medium,brightness,good,/root/autodl-tmp/research-experiments/industrial-anomaly-detection/data/mvtec_ad/cable/test/good/012.png,40.3394660949707
M0_original,cable,1,shift_good,brightness_0.7,medium,brightness,good,/root/autodl-tmp/research-experiments/industrial-anomaly-detection/data/mvtec_ad/cable/test/good/013.png,48.68230056762695
M0_original,cable,1,shift_good,brightness_0.7,medium,brightness,good,/root/autodl-tmp/research-experiments/industrial-anomaly-detection/data/mvtec_ad/cable/test/good/014.png,39.46974563598633
M0_original,cable,1,shift_good,brightness_0.7,medium,brightness,good,/root/autodl-tmp/research-experiments/industrial-anomaly-detection/data/mvtec_ad/cable/test/good/015.png,40.90379333496094
M0_original,cable,1,shift_good,brightness_0.7,medium,brightness,good,/root/autodl-tmp/research-experiments/industrial-anomaly-detection/data/mvtec_ad/cable/test/good/016.png,41.5938606262207
M0_original,cable,1,shift_good,brightness_0.7,medium,brightness,good,/root/autodl-tmp/research-experiments/industrial-anomaly-detection/data/mvtec_ad/cable/test/good/017.png,38.689334869384766
M0_original,cable,1,shift_good,brightness_0.7,medium,brightness,good,/root/autodl-tmp/research-experiments/industrial-anomaly-detection/data/mvtec_ad/cable/test/good/018.png,43.24134063720703
M0_original,cable,1,shift_good,brightness_0.7,medium,brightness,good,/root/autodl-tmp/research-experiments/industrial-anomaly-detection/data/mvtec_ad/cable/test/good/019.png,42.92655563354492
M0_original,cable,1,shift_good,brightness_0.7,medium,brightness,good,/root/autodl-tmp/research-experiments/industrial-anomaly-detection/data/mvtec_ad/cable/test/good/020.png,41.06919860839844
M0_original,cable,1,shift_good,brightness_0.7,medium,brightness,good,/root/autodl-tmp/research-experiments/industrial-anomaly-detection/data/mvtec_ad/cable/test/good/021.png,41.04379653930664
M0_original,cable,1,shift_good,brightness_0.7,medium,brightness,good,/root/autodl-tmp/research-experiments/industrial-anomaly-detection/data/mvtec_ad/cable/test/good/022.png,41.21297073364258
M0_original,cable,1,shift_good,brightness_0.7,medium,brightness,good,/root/autodl-tmp/research-experiments/industrial-anomaly-detection/data/mvtec_ad/cable/test/good/023.png,37.773468017578125
M0_original,cable,1,shift_good,brightness_0.7,medium,brightness,good,/root/autodl-tmp/research-experiments/industrial-anomaly-detection/data/mvtec_ad/cable/test/good/024.png,41.345367431640625
M0_original,cable,1,shift_good,brightness_0.7,medium,brightness,good,/root/autodl-tmp/research-experiments/industrial-anomaly-detection/data/mvtec_ad/cable/test/good/025.png,37.95455551147461
M0_original,cable,1,shift_good,brightness_0.7,medium,brightness,good,/root/autodl-tmp/research-experiments/industrial-anomaly-detection/data/mvtec_ad/cable/test/good/026.png,40.17244338989258
M0_original,cable,1,shift_good,brightness_0.7,medium,brightness,good,/root/autodl-tmp/research-experiments/industrial-anomaly-detection/data/mvtec_ad/cable/test/good/027.png,37.90223693847656
M0_original,cable,1,shift_good,brightness_0.7,medium,brightness,good,/root/autodl-tmp/research-experiments/industrial-anomaly-detection/data/mvtec_ad/cable/test/good/028.png,39.89503860473633
M0_original,cable,1,shift_good,brightness_0.7,medium,brightness,good,/root/autodl-tmp/research-experiments/industrial-anomaly-detection/data/mvtec_ad/cable/test/good/029.png,38.4323844909668
M0_original,cable,1,shift_good,brightness_0.7,medium,brightness,good,/root/autodl-tmp/research-experiments/industrial-anomaly-detection/data/mvtec_ad/cable/test/good/030.png,45.68001174926758
M0_original,cable,1,shift_good,brightness_0.7,medium,brightness,good,/root/autodl-tmp/research-experiments/industrial-anomaly-detection/data/mvtec_ad/cable/test/good/031.png,40.34501266479492
M0_original,cable,1,shift_good,brightness_0.7,medium,brightness,good,/root/autodl-tmp/research-experiments/industrial-anomaly-detection/data/mvtec_ad/cable/test/good/032.png,40.6842155456543
M0_original,cable,1,shift_good,brightness_0.7,medium,brightness,good,/root/autodl-tmp/research-experiments/industrial-anomaly-detection/data/mvtec_ad/cable/test/good/033.png,42.68442916870117
M0_original,cable,1,shift_good,brightness_0.7,medium,brightness,good,/root/autodl-tmp/research-experiments/industrial-anomaly-detection/data/mvtec_ad/cable/test/good/034.png,42.07606887817383
M0_original,cable,1,shift_good,brightness_0.7,medium,brightness,good,/root/autodl-tmp/research-experiments/industrial-anomaly-detection/data/mvtec_ad/cable/test/good/035.png,36.23191452026367
M0_original,cable,1,shift_good,brightness_0.7,medium,brightness,good,/root/autodl-tmp/research-experiments/industrial-anomaly-detection/data/mvtec_ad/cable/test/good/036.png,42.142757415771484
M0_original,cable,1,shift_good,brightness_0.7,medium,brightness,good,/root/autodl-tmp/research-experiments/industrial-anomaly-detection/data/mvtec_ad/cable/test/good/037.png,42.76370620727539
M0_original,cable,1,shift_good,brightness_0.7,medium,brightness,good,/root/autodl-tmp/research-experiments/industrial-anomaly-detection/data/mvtec_ad/cable/test/good/038.png,41.476043701171875
M0_original,cable,1,shift_good,brightness_0.7,medium,brightness,good,/root/autodl-tmp/research-experiments/industrial-anomaly-detection/data/mvtec_ad/cable/test/good/039.png,42.967140197753906
M0_original,cable,1,shift_good,brightness_0.7,medium,brightness,good,/root/autodl-tmp/research-experiments/industrial-anomaly-detection/data/mvtec_ad/cable/test/good/040.png,37.097774505615234
M0_original,cable,1,shift_good,brightness_0.7,medium,brightness,good,/root/autodl-tmp/research-experiments/industrial-anomaly-detection/data/mvtec_ad/cable/test/good/041.png,42.01279830932617
M0_original,cable,1,shift_good,brightness_0.7,medium,brightness,good,/root/autodl-tmp/research-experiments/industrial-anomaly-detection/data/mvtec_ad/cable/test/good/042.png,42.83768844604492
M0_original,cable,1,shift_good,brightness_0.7,medium,brightness,good,/root/autodl-tmp/research-experiments/industrial-anomaly-detection/data/mvtec_ad/cable/test/good/043.png,38.383460998535156
M0_original,cable,1,shift_good,brightness_0.7,medium,brightness,good,/root/autodl-tmp/research-experiments/industrial-anomaly-detection/data/mvtec_ad/cable/test/good/044.png,39.769168853759766
M0_original,cable,1,shift_good,brightness_0.7,medium,brightness,good,/root/autodl-tmp/research-experiments/industrial-anomaly-detection/data/mvtec_ad/cable/test/good/045.png,41.63059616088867
M0_original,cable,1,shift_good,brightness_0.7,medium,brightness,good,/root/autodl-tmp/research-experiments/industrial-anomaly-detection/data/mvtec_ad/cable/test/good/046.png,38.74094772338867
M0_original,cable,1,shift_good,brightness_0.7,medium,brightness,good,/root/autodl-tmp/research-experiments/industrial-anomaly-detection/data/mvtec_ad/cable/test/good/047.png,41.18606948852539
M0_original,cable,1,shift_good,brightness_0.7,medium,brightness,good,/root/autodl-tmp/research-experiments/industrial-anomaly-detection/data/mvtec_ad/cable/test/good/048.png,40.570369720458984
M0_original,cable,1,shift_good,brightness_0.7,medium,brightness,good,/root/autodl-tmp/research-experiments/industrial-anomaly-detection/data/mvtec_ad/cable/test/good/049.png,40.56560134887695
M0_original,cable,1,shift_good,brightness_0.7,medium,brightness,good,/root/autodl-tmp/research-experiments/industrial-anomaly-detection/data/mvtec_ad/cable/test/good/050.png,39.1324577331543
M0_original,cable,1,shift_good,brightness_0.7,medium,brightness,good,/root/autodl-tmp/research-experiments/industrial-anomaly-detection/data/mvtec_ad/cable/test/good/051.png,40.60368728637695
M0_original,cable,1,shift_good,brightness_0.7,medium,brightness,good,/root/autodl-tmp/research-experiments/industrial-anomaly-detection/data/mvtec_ad/cable/test/good/052.png,38.76673889160156
M0_original,cable,1,shift_good,brightness_0.7,medium,brightness,good,/root/autodl-tmp/research-experiments/industrial-anomaly-detection/data/mvtec_ad/cable/test/good/053.png,39.65687942504883
M0_original,cable,1,shift_good,brightness_0.7,medium,brightness,good,/root/autodl-tmp/research-experiments/industrial-anomaly-detection/data/mvtec_ad/cable/test/good/054.png,38.10826873779297
M0_original,cable,1,shift_good,brightness_0.7,medium,brightness,good,/root/autodl-tmp/research-experiments/industrial-anomaly-detection/data/mvtec_ad/cable/test/good/055.png,44.93922805786133
M0_original,cable,1,shift_good,brightness_0.7,medium,brightness,good,/root/autodl-tmp/research-experiments/industrial-anomaly-detection/data/mvtec_ad/cable/test/good/056.png,40.838768005371094
M0_original,cable,1,shift_good,brightness_0.7,medium,brightness,good,/root/autodl-tmp/research-experiments/industrial-anomaly-detection/data/mvtec_ad/cable/test/good/057.png,48.60859680175781
M0_original,cable,1,shift_good,brightness_1.3,medium,brightness,good,/root/autodl-tmp/research-experiments/industrial-anomaly-detection/data/mvtec_ad/cable/test/good/000.png,37.87492370605469
M0_original,cable,1,shift_good,brightness_1.3,medium,brightness,good,/root/autodl-tmp/research-experiments/industrial-anomaly-detection/data/mvtec_ad/cable/test/good/001.png,41.779457092285156
M0_original,cable,1,shift_good,brightness_1.3,medium,brightness,good,/root/autodl-tmp/research-experiments/industrial-anomaly-detection/data/mvtec_ad/cable/test/good/002.png,41.05412673950195
M0_original,cable,1,shift_good,brightness_1.3,medium,brightness,good,/root/autodl-tmp/research-experiments/industrial-anomaly-detection/data/mvtec_ad/cable/test/good/003.png,38.16599655151367
M0_original,cable,1,shift_good,brightness_1.3,medium,brightness,good,/root/autodl-tmp/research-experiments/industrial-anomaly-detection/data/mvtec_ad/cable/test/good/004.png,37.42753601074219
M0_original,cable,1,shift_good,brightness_1.3,medium,brightness,good,/root/autodl-tmp/research-experiments/industrial-anomaly-detection/data/mvtec_ad/cable/test/good/005.png,39.01765441894531
M0_original,cable,1,shift_good,brightness_1.3,medium,brightness,good,/root/autodl-tmp/research-experiments/industrial-anomaly-detection/data/mvtec_ad/cable/test/good/006.png,38.222259521484375
M0_original,cable,1,shift_good,brightness_1.3,medium,brightness,good,/root/autodl-tmp/research-experiments/industrial-anomaly-detection/data/mvtec_ad/cable/test/good/007.png,39.643272399902344
M0_original,cable,1,shift_good,brightness_1.3,medium,brightness,good,/root/autodl-tmp/research-experiments/industrial-anomaly-detection/data/mvtec_ad/cable/test/good/008.png,40.21717834472656
M0_original,cable,1,shift_good,brightness_1.3,medium,brightness,good,/root/autodl-tmp/research-experiments/industrial-anomaly-detection/data/mvtec_ad/cable/test/good/009.png,37.48812484741211
M0_original,cable,1,shift_good,brightness_1.3,medium,brightness,good,/root/autodl-tmp/research-experiments/industrial-anomaly-detection/data/mvtec_ad/cable/test/good/010.png,38.56357955932617
M0_original,cable,1,shift_good,brightness_1.3,medium,brightness,good,/root/autodl-tmp/research-experiments/industrial-anomaly-detection/data/mvtec_ad/cable/test/good/011.png,39.14576721191406
M0_original,cable,1,shift_good,brightness_1.3,medium,brightness,good,/root/autodl-tmp/research-experiments/industrial-anomaly-detection/data/mvtec_ad/cable/test/good/012.png,41.21441650390625
M0_original,cable,1,shift_good,brightness_1.3,medium,brightness,good,/root/autodl-tmp/research-experiments/industrial-anomaly-detection/data/mvtec_ad/cable/test/good/013.png,45.44437026977539
M0_original,cable,1,shift_good,brightness_1.3,medium,brightness,good,/root/autodl-tmp/research-experiments/industrial-anomaly-detection/data/mvtec_ad/cable/test/good/014.png,39.6172981262207
M0_original,cable,1,shift_good,brightness_1.3,medium,brightness,good,/root/autodl-tmp/research-experiments/industrial-anomaly-detection/data/mvtec_ad/cable/test/good/015.png,39.46649169921875
M0_original,cable,1,shift_good,brightness_1.3,medium,brightness,good,/root/autodl-tmp/research-experiments/industrial-anomaly-detection/data/mvtec_ad/cable/test/good/016.png,39.653968811035156
M0_original,cable,1,shift_good,brightness_1.3,medium,brightness,good,/root/autodl-tmp/research-experiments/industrial-anomaly-detection/data/mvtec_ad/cable/test/good/017.png,39.40015411376953
M0_original,cable,1,shift_good,brightness_1.3,medium,brightness,good,/root/autodl-tmp/research-experiments/industrial-anomaly-detection/data/mvtec_ad/cable/test/good/018.png,43.50060272216797
M0_original,cable,1,shift_good,brightness_1.3,medium,brightness,good,/root/autodl-tmp/research-experiments/industrial-anomaly-detection/data/mvtec_ad/cable/test/good/019.png,41.000308990478516
M0_original,cable,1,shift_good,brightness_1.3,medium,brightness,good,/root/autodl-tmp/research-experiments/industrial-anomaly-detection/data/mvtec_ad/cable/test/good/020.png,39.01700210571289
M0_original,cable,1,shift_good,brightness_1.3,medium,brightness,good,/root/autodl-tmp/research-experiments/industrial-anomaly-detection/data/mvtec_ad/cable/test/good/021.png,38.375328063964844
M0_original,cable,1,shift_good,brightness_1.3,medium,brightness,good,/root/autodl-tmp/research-experiments/industrial-anomaly-detection/data/mvtec_ad/cable/test/good/022.png,41.25277328491211
M0_original,cable,1,shift_good,brightness_1.3,medium,brightness,good,/root/autodl-tmp/research-experiments/industrial-anomaly-detection/data/mvtec_ad/cable/test/good/023.png,38.218997955322266
M0_original,cable,1,shift_good,brightness_1.3,medium,brightness,good,/root/autodl-tmp/research-experiments/industrial-anomaly-detection/data/mvtec_ad/cable/test/good/024.png,41.14371871948242
M0_original,cable,1,shift_good,brightness_1.3,medium,brightness,good,/root/autodl-tmp/research-experiments/industrial-anomaly-detection/data/mvtec_ad/cable/test/good/025.png,38.406532287597656
M0_original,cable,1,shift_good,brightness_1.3,medium,brightness,good,/root/autodl-tmp/research-experiments/industrial-anomaly-detection/data/mvtec_ad/cable/test/good/026.png,39.535404205322266
M0_original,cable,1,shift_good,brightness_1.3,medium,brightness,good,/root/autodl-tmp/research-experiments/industrial-anomaly-detection/data/mvtec_ad/cable/test/good/027.png,38.35515213012695
M0_original,cable,1,shift_good,brightness_1.3,medium,brightness,good,/root/autodl-tmp/research-experiments/industrial-anomaly-detection/data/mvtec_ad/cable/test/good/028.png,40.918296813964844
M0_original,cable,1,shift_good,brightness_1.3,medium,brightness,good,/root/autodl-tmp/research-experiments/industrial-anomaly-detection/data/mvtec_ad/cable/test/good/029.png,39.04055404663086
M0_original,cable,1,shift_good,brightness_1.3,medium,brightness,good,/root/autodl-tmp/research-experiments/industrial-anomaly-detection/data/mvtec_ad/cable/test/good/030.png,46.783721923828125
M0_original,cable,1,shift_good,brightness_1.3,medium,brightness,good,/root/autodl-tmp/research-experiments/industrial-anomaly-detection/data/mvtec_ad/cable/test/good/031.png,39.47796630859375
M0_original,cable,1,shift_good,brightness_1.3,medium,brightness,good,/root/autodl-tmp/research-experiments/industrial-anomaly-detection/data/mvtec_ad/cable/test/good/032.png,40.882568359375
M0_original,cable,1,shift_good,brightness_1.3,medium,brightness,good,/root/autodl-tmp/research-experiments/industrial-anomaly-detection/data/mvtec_ad/cable/test/good/033.png,41.547523498535156
M0_original,cable,1,shift_good,brightness_1.3,medium,brightness,good,/root/autodl-tmp/research-experiments/industrial-anomaly-detection/data/mvtec_ad/cable/test/good/034.png,41.18645095825195
M0_original,cable,1,shift_good,brightness_1.3,medium,brightness,good,/root/autodl-tmp/research-experiments/industrial-anomaly-detection/data/mvtec_ad/cable/test/good/035.png,39.8500862121582
M0_original,cable,1,shift_good,brightness_1.3,medium,brightness,good,/root/autodl-tmp/research-experiments/industrial-anomaly-detection/data/mvtec_ad/cable/test/good/036.png,40.77198028564453
M0_original,cable,1,shift_good,brightness_1.3,medium,brightness,good,/root/autodl-tmp/research-experiments/industrial-anomaly-detection/data/mvtec_ad/cable/test/good/037.png,40.83922576904297
M0_original,cable,1,shift_good,brightness_1.3,medium,brightness,good,/root/autodl-tmp/research-experiments/industrial-anomaly-detection/data/mvtec_ad/cable/test/good/038.png,42.43984603881836
M0_original,cable,1,shift_good,brightness_1.3,medium,brightness,good,/root/autodl-tmp/research-experiments/industrial-anomaly-detection/data/mvtec_ad/cable/test/good/039.png,43.11345672607422
M0_original,cable,1,shift_good,brightness_1.3,medium,brightness,good,/root/autodl-tmp/research-experiments/industrial-anomaly-detection/data/mvtec_ad/cable/test/good/040.png,38.704010009765625
M0_original,cable,1,shift_good,brightness_1.3,medium,brightness,good,/root/autodl-tmp/research-experiments/industrial-anomaly-detection/data/mvtec_ad/cable/test/good/041.png,43.41468811035156
M0_original,cable,1,shift_good,brightness_1.3,medium,brightness,good,/root/autodl-tmp/research-experiments/industrial-anomaly-detection/data/mvtec_ad/cable/test/good/042.png,43.51354217529297
M0_original,cable,1,shift_good,brightness_1.3,medium,brightness,good,/root/autodl-tmp/research-experiments/industrial-anomaly-detection/data/mvtec_ad/cable/test/good/043.png,40.27309799194336
M0_original,cable,1,shift_good,brightness_1.3,medium,brightness,good,/root/autodl-tmp/research-experiments/industrial-anomaly-detection/data/mvtec_ad/cable/test/good/044.png,39.271968841552734
M0_original,cable,1,shift_good,brightness_1.3,medium,brightness,good,/root/autodl-tmp/research-experiments/industrial-anomaly-detection/data/mvtec_ad/cable/test/good/045.png,40.69738006591797
M0_original,cable,1,shift_good,brightness_1.3,medium,brightness,good,/root/autodl-tmp/research-experiments/industrial-anomaly-detection/data/mvtec_ad/cable/test/good/046.png,38.73368453979492
M0_original,cable,1,shift_good,brightness_1.3,medium,brightness,good,/root/autodl-tmp/research-experiments/industrial-anomaly-detection/data/mvtec_ad/cable/test/good/047.png,38.58797836303711
M0_original,cable,1,shift_good,brightness_1.3,medium,brightness,good,/root/autodl-tmp/research-experiments/industrial-anomaly-detection/data/mvtec_ad/cable/test/good/048.png,42.568180084228516
M0_original,cable,1,shift_good,brightness_1.3,medium,brightness,good,/root/autodl-tmp/research-experiments/industrial-anomaly-detection/data/mvtec_ad/cable/test/good/049.png,40.594970703125
M0_original,cable,1,shift_good,brightness_1.3,medium,brightness,good,/root/autodl-tmp/research-experiments/industrial-anomaly-detection/data/mvtec_ad/cable/test/good/050.png,40.06916046142578
M0_original,cable,1,shift_good,brightness_1.3,medium,brightness,good,/root/autodl-tmp/research-experiments/industrial-anomaly-detection/data/mvtec_ad/cable/test/good/051.png,41.61514663696289
M0_original,cable,1,shift_good,brightness_1.3,medium,brightness,good,/root/autodl-tmp/research-experiments/industrial-anomaly-detection/data/mvtec_ad/cable/test/good/052.png,39.49649429321289
M0_original,cable,1,shift_good,brightness_1.3,medium,brightness,good,/root/autodl-tmp/research-experiments/industrial-anomaly-detection/data/mvtec_ad/cable/test/good/053.png,39.55645751953125
M0_original,cable,1,shift_good,brightness_1.3,medium,brightness,good,/root/autodl-tmp/research-experiments/industrial-anomaly-detection/data/mvtec_ad/cable/test/good/054.png,39.47319793701172
M0_original,cable,1,shift_good,brightness_1.3,medium,brightness,good,/root/autodl-tmp/research-experiments/industrial-anomaly-detection/data/mvtec_ad/cable/test/good/055.png,44.423465728759766
M0_original,cable,1,shift_good,brightness_1.3,medium,brightness,good,/root/autodl-tmp/research-experiments/industrial-anomaly-detection/data/mvtec_ad/cable/test/good/056.png,40.42326736450195
M0_original,cable,1,shift_good,brightness_1.3,medium,brightness,good,/root/autodl-tmp/research-experiments/industrial-anomaly-detection/data/mvtec_ad/cable/test/good/057.png,47.48573303222656
M0_original,cable,1,shift_good,brightness_0.5,strong,brightness,good,/root/autodl-tmp/research-experiments/industrial-anomaly-detection/data/mvtec_ad/cable/test/good/000.png,41.126407623291016
M0_original,cable,1,shift_good,brightness_0.5,strong,brightness,good,/root/autodl-tmp/research-experiments/industrial-anomaly-detection/data/mvtec_ad/cable/test/good/001.png,41.56489944458008
M0_original,cable,1,shift_good,brightness_0.5,strong,brightness,good,/root/autodl-tmp/research-experiments/industrial-anomaly-detection/data/mvtec_ad/cable/test/good/002.png,41.385440826416016
M0_original,cable,1,shift_good,brightness_0.5,strong,brightness,good,/root/autodl-tmp/research-experiments/industrial-anomaly-detection/data/mvtec_ad/cable/test/good/003.png,38.89501190185547
M0_original,cable,1,shift_good,brightness_0.5,strong,brightness,good,/root/autodl-tmp/research-experiments/industrial-anomaly-detection/data/mvtec_ad/cable/test/good/004.png,38.494163513183594
M0_original,cable,1,shift_good,brightness_0.5,strong,brightness,good,/root/autodl-tmp/research-experiments/industrial-anomaly-detection/data/mvtec_ad/cable/test/good/005.png,40.65604019165039
M0_original,cable,1,shift_good,brightness_0.5,strong,brightness,good,/root/autodl-tmp/research-experiments/industrial-anomaly-detection/data/mvtec_ad/cable/test/good/006.png,38.65555191040039
M0_original,cable,1,shift_good,brightness_0.5,strong,brightness,good,/root/autodl-tmp/research-experiments/industrial-anomaly-detection/data/mvtec_ad/cable/test/good/007.png,43.9609489440918
M0_original,cable,1,shift_good,brightness_0.5,strong,brightness,good,/root/autodl-tmp/research-experiments/industrial-anomaly-detection/data/mvtec_ad/cable/test/good/008.png,40.65696716308594
M0_original,cable,1,shift_good,brightness_0.5,strong,brightness,good,/root/autodl-tmp/research-experiments/industrial-anomaly-detection/data/mvtec_ad/cable/test/good/009.png,39.45237350463867
M0_original,cable,1,shift_good,brightness_0.5,strong,brightness,good,/root/autodl-tmp/research-experiments/industrial-anomaly-detection/data/mvtec_ad/cable/test/good/010.png,40.620697021484375
M0_original,cable,1,shift_good,brightness_0.5,strong,brightness,good,/root/autodl-tmp/research-experiments/industrial-anomaly-detection/data/mvtec_ad/cable/test/good/011.png,40.510074615478516
M0_original,cable,1,shift_good,brightness_0.5,strong,brightness,good,/root/autodl-tmp/research-experiments/industrial-anomaly-detection/data/mvtec_ad/cable/test/good/012.png,41.78722381591797
M0_original,cable,1,shift_good,brightness_0.5,strong,brightness,good,/root/autodl-tmp/research-experiments/industrial-anomaly-detection/data/mvtec_ad/cable/test/good/013.png,50.562095642089844
M0_original,cable,1,shift_good,brightness_0.5,strong,brightness,good,/root/autodl-tmp/research-experiments/industrial-anomaly-detection/data/mvtec_ad/cable/test/good/014.png,40.5170783996582
M0_original,cable,1,shift_good,brightness_0.5,strong,brightness,good,/root/autodl-tmp/research-experiments/industrial-anomaly-detection/data/mvtec_ad/cable/test/good/015.png,42.4238166809082
M0_original,cable,1,shift_good,brightness_0.5,strong,brightness,good,/root/autodl-tmp/research-experiments/industrial-anomaly-detection/data/mvtec_ad/cable/test/good/016.png,42.9420166015625
M0_original,cable,1,shift_good,brightness_0.5,strong,brightness,good,/root/autodl-tmp/research-experiments/industrial-anomaly-detection/data/mvtec_ad/cable/test/good/017.png,41.65081787109375
M0_original,cable,1,shift_good,brightness_0.5,strong,brightness,good,/root/autodl-tmp/research-experiments/industrial-anomaly-detection/data/mvtec_ad/cable/test/good/018.png,45.493534088134766
M0_original,cable,1,shift_good,brightness_0.5,strong,brightness,good,/root/autodl-tmp/research-experiments/industrial-anomaly-detection/data/mvtec_ad/cable/test/good/019.png,42.68743896484375
M0_original,cable,1,shift_good,brightness_0.5,strong,brightness,good,/root/autodl-tmp/research-experiments/industrial-anomaly-detection/data/mvtec_ad/cable/test/good/020.png,43.15739059448242
M0_original,cable,1,shift_good,brightness_0.5,strong,brightness,good,/root/autodl-tmp/research-experiments/industrial-anomaly-detection/data/mvtec_ad/cable/test/good/021.png,43.617774963378906
M0_original,cable,1,shift_good,brightness_0.5,strong,brightness,good,/root/autodl-tmp/research-experiments/industrial-anomaly-detection/data/mvtec_ad/cable/test/good/022.png,42.70254898071289
M0_original,cable,1,shift_good,brightness_0.5,strong,brightness,good,/root/autodl-tmp/research-experiments/industrial-anomaly-detection/data/mvtec_ad/cable/test/good/023.png,38.33477020263672
M0_original,cable,1,shift_good,brightness_0.5,strong,brightness,good,/root/autodl-tmp/research-experiments/industrial-anomaly-detection/data/mvtec_ad/cable/test/good/024.png,41.65568161010742
M0_original,cable,1,shift_good,brightness_0.5,strong,brightness,good,/root/autodl-tmp/research-experiments/industrial-anomaly-detection/data/mvtec_ad/cable/test/good/025.png,38.33573913574219
M0_original,cable,1,shift_good,brightness_0.5,strong,brightness,good,/root/autodl-tmp/research-experiments/industrial-anomaly-detection/data/mvtec_ad/cable/test/good/026.png,41.807003021240234
M0_original,cable,1,shift_good,brightness_0.5,strong,brightness,good,/root/autodl-tmp/research-experiments/industrial-anomaly-detection/data/mvtec_ad/cable/test/good/027.png,39.65552520751953
M0_original,cable,1,shift_good,brightness_0.5,strong,brightness,good,/root/autodl-tmp/research-experiments/industrial-anomaly-detection/data/mvtec_ad/cable/test/good/028.png,41.283302307128906
M0_original,cable,1,shift_good,brightness_0.5,strong,brightness,good,/root/autodl-tmp/research-experiments/industrial-anomaly-detection/data/mvtec_ad/cable/test/good/029.png,39.86635971069336
M0_original,cable,1,shift_good,brightness_0.5,strong,brightness,good,/root/autodl-tmp/research-experiments/industrial-anomaly-detection/data/mvtec_ad/cable/test/good/030.png,46.41659927368164
M0_original,cable,1,shift_good,brightness_0.5,strong,brightness,good,/root/autodl-tmp/research-experiments/industrial-anomaly-detection/data/mvtec_ad/cable/test/good/031.png,42.364471435546875
M0_original,cable,1,shift_good,brightness_0.5,strong,brightness,good,/root/autodl-tmp/research-experiments/industrial-anomaly-detection/data/mvtec_ad/cable/test/good/032.png,41.93341064453125
M0_original,cable,1,shift_good,brightness_0.5,strong,brightness,good,/root/autodl-tmp/research-experiments/industrial-anomaly-detection/data/mvtec_ad/cable/test/good/033.png,44.190711975097656
M0_original,cable,1,shift_good,brightness_0.5,strong,brightness,good,/root/autodl-tmp/research-experiments/industrial-anomaly-detection/data/mvtec_ad/cable/test/good/034.png,43.38642501831055
M0_original,cable,1,shift_good,brightness_0.5,strong,brightness,good,/root/autodl-tmp/research-experiments/industrial-anomaly-detection/data/mvtec_ad/cable/test/good/035.png,37.93068313598633
M0_original,cable,1,shift_good,brightness_0.5,strong,brightness,good,/root/autodl-tmp/research-experiments/industrial-anomaly-detection/data/mvtec_ad/cable/test/good/036.png,43.297054290771484
M0_original,cable,1,shift_good,brightness_0.5,strong,brightness,good,/root/autodl-tmp/research-experiments/industrial-anomaly-detection/data/mvtec_ad/cable/test/good/037.png,44.15068435668945
M0_original,cable,1,shift_good,brightness_0.5,strong,brightness,good,/root/autodl-tmp/research-experiments/industrial-anomaly-detection/data/mvtec_ad/cable/test/good/038.png,42.99221420288086
M0_original,cable,1,shift_good,brightness_0.5,strong,brightness,good,/root/autodl-tmp/research-experiments/industrial-anomaly-detection/data/mvtec_ad/cable/test/good/039.png,43.46285629272461
M0_original,cable,1,shift_good,brightness_0.5,strong,brightness,good,/root/autodl-tmp/research-experiments/industrial-anomaly-detection/data/mvtec_ad/cable/test/good/040.png,38.171531677246094
M0_original,cable,1,shift_good,brightness_0.5,strong,brightness,good,/root/autodl-tmp/research-experiments/industrial-anomaly-detection/data/mvtec_ad/cable/test/good/041.png,42.32159423828125
M0_original,cable,1,shift_good,brightness_0.5,strong,brightness,good,/root/autodl-tmp/research-experiments/industrial-anomaly-detection/data/mvtec_ad/cable/test/good/042.png,46.425662994384766
M0_original,cable,1,shift_good,brightness_0.5,strong,brightness,good,/root/autodl-tmp/research-experiments/industrial-anomaly-detection/data/mvtec_ad/cable/test/good/043.png,38.9651985168457
M0_original,cable,1,shift_good,brightness_0.5,strong,brightness,good,/root/autodl-tmp/research-experiments/industrial-anomaly-detection/data/mvtec_ad/cable/test/good/044.png,41.89840316772461
M0_original,cable,1,shift_good,brightness_0.5,strong,brightness,good,/root/autodl-tmp/research-experiments/industrial-anomaly-detection/data/mvtec_ad/cable/test/good/045.png,43.27781295776367
M0_original,cable,1,shift_good,brightness_0.5,strong,brightness,good,/root/autodl-tmp/research-experiments/industrial-anomaly-detection/data/mvtec_ad/cable/test/good/046.png,40.23545837402344
M0_original,cable,1,shift_good,brightness_0.5,strong,brightness,good,/root/autodl-tmp/research-experiments/industrial-anomaly-detection/data/mvtec_ad/cable/test/good/047.png,42.96944046020508
M0_original,cable,1,shift_good,brightness_0.5,strong,brightness,good,/root/autodl-tmp/research-experiments/industrial-anomaly-detection/data/mvtec_ad/cable/test/good/048.png,41.0721435546875
M0_original,cable,1,shift_good,brightness_0.5,strong,brightness,good,/root/autodl-tmp/research-experiments/industrial-anomaly-detection/data/mvtec_ad/cable/test/good/049.png,42.23335647583008
M0_original,cable,1,shift_good,brightness_0.5,strong,brightness,good,/root/autodl-tmp/research-experiments/industrial-anomaly-detection/data/mvtec_ad/cable/test/good/050.png,40.267086029052734
M0_original,cable,1,shift_good,brightness_0.5,strong,brightness,good,/root/autodl-tmp/research-experiments/industrial-anomaly-detection/data/mvtec_ad/cable/test/good/051.png,41.88990020751953
M0_original,cable,1,shift_good,brightness_0.5,strong,brightness,good,/root/autodl-tmp/research-experiments/industrial-anomaly-detection/data/mvtec_ad/cable/test/good/052.png,40.11068344116211
M0_original,cable,1,shift_good,brightness_0.5,strong,brightness,good,/root/autodl-tmp/research-experiments/industrial-anomaly-detection/data/mvtec_ad/cable/test/good/053.png,39.95758819580078
M0_original,cable,1,shift_good,brightness_0.5,strong,brightness,good,/root/autodl-tmp/research-experiments/industrial-anomaly-detection/data/mvtec_ad/cable/test/good/054.png,38.30474090576172
M0_original,cable,1,shift_good,brightness_0.5,strong,brightness,good,/root/autodl-tmp/research-experiments/industrial-anomaly-detection/data/mvtec_ad/cable/test/good/055.png,45.920928955078125
M0_original,cable,1,shift_good,brightness_0.5,strong,brightness,good,/root/autodl-tmp/research-experiments/industrial-anomaly-detection/data/mvtec_ad/cable/test/good/056.png,42.99302291870117
M0_original,cable,1,shift_good,brightness_0.5,strong,brightness,good,/root/autodl-tmp/research-experiments/industrial-anomaly-detection/data/mvtec_ad/cable/test/good/057.png,49.119361877441406
M0_original,cable,1,shift_good,brightness_1.5,strong,brightness,good,/root/autodl-tmp/research-experiments/industrial-anomaly-detection/data/mvtec_ad/cable/test/good/000.png,40.74484634399414
M0_original,cable,1,shift_good,brightness_1.5,strong,brightness,good,/root/autodl-tmp/research-experiments/industrial-anomaly-detection/data/mvtec_ad/cable/test/good/001.png,41.72813415527344
M0_original,cable,1,shift_good,brightness_1.5,strong,brightness,good,/root/autodl-tmp/research-experiments/industrial-anomaly-detection/data/mvtec_ad/cable/test/good/002.png,41.65142059326172
M0_original,cable,1,shift_good,brightness_1.5,strong,brightness,good,/root/autodl-tmp/research-experiments/industrial-anomaly-detection/data/mvtec_ad/cable/test/good/003.png,40.55586242675781
M0_original,cable,1,shift_good,brightness_1.5,strong,brightness,good,/root/autodl-tmp/research-experiments/industrial-anomaly-detection/data/mvtec_ad/cable/test/good/004.png,38.71628189086914
M0_original,cable,1,shift_good,brightness_1.5,strong,brightness,good,/root/autodl-tmp/research-experiments/industrial-anomaly-detection/data/mvtec_ad/cable/test/good/005.png,40.256324768066406
M0_original,cable,1,shift_good,brightness_1.5,strong,brightness,good,/root/autodl-tmp/research-experiments/industrial-anomaly-detection/data/mvtec_ad/cable/test/good/006.png,40.875755310058594
M0_original,cable,1,shift_good,brightness_1.5,strong,brightness,good,/root/autodl-tmp/research-experiments/industrial-anomaly-detection/data/mvtec_ad/cable/test/good/007.png,41.902706146240234
M0_original,cable,1,shift_good,brightness_1.5,strong,brightness,good,/root/autodl-tmp/research-experiments/industrial-anomaly-detection/data/mvtec_ad/cable/test/good/008.png,40.217769622802734
M0_original,cable,1,shift_good,brightness_1.5,strong,brightness,good,/root/autodl-tmp/research-experiments/industrial-anomaly-detection/data/mvtec_ad/cable/test/good/009.png,42.347782135009766
M0_original,cable,1,shift_good,brightness_1.5,strong,brightness,good,/root/autodl-tmp/research-experiments/industrial-anomaly-detection/data/mvtec_ad/cable/test/good/010.png,39.974769592285156
M0_original,cable,1,shift_good,brightness_1.5,strong,brightness,good,/root/autodl-tmp/research-experiments/industrial-anomaly-detection/data/mvtec_ad/cable/test/good/011.png,39.85076904296875
M0_original,cable,1,shift_good,brightness_1.5,strong,brightness,good,/root/autodl-tmp/research-experiments/industrial-anomaly-detection/data/mvtec_ad/cable/test/good/012.png,42.43638229370117
M0_original,cable,1,shift_good,brightness_1.5,strong,brightness,good,/root/autodl-tmp/research-experiments/industrial-anomaly-detection/data/mvtec_ad/cable/test/good/013.png,45.61081314086914
M0_original,cable,1,shift_good,brightness_1.5,strong,brightness,good,/root/autodl-tmp/research-experiments/industrial-anomaly-detection/data/mvtec_ad/cable/test/good/014.png,40.75546646118164
M0_original,cable,1,shift_good,brightness_1.5,strong,brightness,good,/root/autodl-tmp/research-experiments/industrial-anomaly-detection/data/mvtec_ad/cable/test/good/015.png,41.14210891723633
M0_original,cable,1,shift_good,brightness_1.5,strong,brightness,good,/root/autodl-tmp/research-experiments/industrial-anomaly-detection/data/mvtec_ad/cable/test/good/016.png,41.963375091552734
M0_original,cable,1,shift_good,brightness_1.5,strong,brightness,good,/root/autodl-tmp/research-experiments/industrial-anomaly-detection/data/mvtec_ad/cable/test/good/017.png,40.34684371948242
M0_original,cable,1,shift_good,brightness_1.5,strong,brightness,good,/root/autodl-tmp/research-experiments/industrial-anomaly-detection/data/mvtec_ad/cable/test/good/018.png,44.570899963378906
M0_original,cable,1,shift_good,brightness_1.5,strong,brightness,good,/root/autodl-tmp/research-experiments/industrial-anomaly-detection/data/mvtec_ad/cable/test/good/019.png,42.59526443481445
M0_original,cable,1,shift_good,brightness_1.5,strong,brightness,good,/root/autodl-tmp/research-experiments/industrial-anomaly-detection/data/mvtec_ad/cable/test/good/020.png,40.5650749206543
M0_original,cable,1,shift_good,brightness_1.5,strong,brightness,good,/root/autodl-tmp/research-experiments/industrial-anomaly-detection/data/mvtec_ad/cable/test/good/021.png,41.99165344238281
M0_original,cable,1,shift_good,brightness_1.5,strong,brightness,good,/root/autodl-tmp/research-experiments/industrial-anomaly-detection/data/mvtec_ad/cable/test/good/022.png,43.91523361206055
M0_original,cable,1,shift_good,brightness_1.5,strong,brightness,good,/root/autodl-tmp/research-experiments/industrial-anomaly-detection/data/mvtec_ad/cable/test/good/023.png,42.60163879394531
M0_original,cable,1,shift_good,brightness_1.5,strong,brightness,good,/root/autodl-tmp/research-experiments/industrial-anomaly-detection/data/mvtec_ad/cable/test/good/024.png,42.1337776184082
M0_original,cable,1,shift_good,brightness_1.5,strong,brightness,good,/root/autodl-tmp/research-experiments/industrial-anomaly-detection/data/mvtec_ad/cable/test/good/025.png,41.82731628417969
M0_original,cable,1,shift_good,brightness_1.5,strong,brightness,good,/root/autodl-tmp/research-experiments/industrial-anomaly-detection/data/mvtec_ad/cable/test/good/026.png,41.62020492553711
M0_original,cable,1,shift_good,brightness_1.5,strong,brightness,good,/root/autodl-tmp/research-experiments/industrial-anomaly-detection/data/mvtec_ad/cable/test/good/027.png,40.857601165771484
M0_original,cable,1,shift_good,brightness_1.5,strong,brightness,good,/root/autodl-tmp/research-experiments/industrial-anomaly-detection/data/mvtec_ad/cable/test/good/028.png,42.25794219970703
M0_original,cable,1,shift_good,brightness_1.5,strong,brightness,good,/root/autodl-tmp/research-experiments/industrial-anomaly-detection/data/mvtec_ad/cable/test/good/029.png,41.122215270996094
M0_original,cable,1,shift_good,brightness_1.5,strong,brightness,good,/root/autodl-tmp/research-experiments/industrial-anomaly-detection/data/mvtec_ad/cable/test/good/030.png,47.361881256103516
M0_original,cable,1,shift_good,brightness_1.5,strong,brightness,good,/root/autodl-tmp/research-experiments/industrial-anomaly-detection/data/mvtec_ad/cable/test/good/031.png,41.2122688293457
M0_original,cable,1,shift_good,brightness_1.5,strong,brightness,good,/root/autodl-tmp/research-experiments/industrial-anomaly-detection/data/mvtec_ad/cable/test/good/032.png,42.42562484741211
M0_original,cable,1,shift_good,brightness_1.5,strong,brightness,good,/root/autodl-tmp/research-experiments/industrial-anomaly-detection/data/mvtec_ad/cable/test/good/033.png,47.04470443725586
M0_original,cable,1,shift_good,brightness_1.5,strong,brightness,good,/root/autodl-tmp/research-experiments/industrial-anomaly-detection/data/mvtec_ad/cable/test/good/034.png,45.855777740478516
M0_original,cable,1,shift_good,brightness_1.5,strong,brightness,good,/root/autodl-tmp/research-experiments/industrial-anomaly-detection/data/mvtec_ad/cable/test/good/035.png,44.53586959838867
M0_original,cable,1,shift_good,brightness_1.5,strong,brightness,good,/root/autodl-tmp/research-experiments/industrial-anomaly-detection/data/mvtec_ad/cable/test/good/036.png,45.443504333496094
M0_original,cable,1,shift_good,brightness_1.5,strong,brightness,good,/root/autodl-tmp/research-experiments/industrial-anomaly-detection/data/mvtec_ad/cable/test/good/037.png,44.99771499633789
M0_original,cable,1,shift_good,brightness_1.5,strong,brightness,good,/root/autodl-tmp/research-experiments/industrial-anomaly-detection/data/mvtec_ad/cable/test/good/038.png,44.201927185058594
M0_original,cable,1,shift_good,brightness_1.5,strong,brightness,good,/root/autodl-tmp/research-experiments/industrial-anomaly-detection/data/mvtec_ad/cable/test/good/039.png,45.414161682128906
M0_original,cable,1,shift_good,brightness_1.5,strong,brightness,good,/root/autodl-tmp/research-experiments/industrial-anomaly-detection/data/mvtec_ad/cable/test/good/040.png,45.072174072265625
M0_original,cable,1,shift_good,brightness_1.5,strong,brightness,good,/root/autodl-tmp/research-experiments/industrial-anomaly-detection/data/mvtec_ad/cable/test/good/041.png,45.11545944213867
M0_original,cable,1,shift_good,brightness_1.5,strong,brightness,good,/root/autodl-tmp/research-experiments/industrial-anomaly-detection/data/mvtec_ad/cable/test/good/042.png,47.31974411010742
M0_original,cable,1,shift_good,brightness_1.5,strong,brightness,good,/root/autodl-tmp/research-experiments/industrial-anomaly-detection/data/mvtec_ad/cable/test/good/043.png,45.39884948730469
M0_original,cable,1,shift_good,brightness_1.5,strong,brightness,good,/root/autodl-tmp/research-experiments/industrial-anomaly-detection/data/mvtec_ad/cable/test/good/044.png,40.312808990478516
M0_original,cable,1,shift_good,brightness_1.5,strong,brightness,good,/root/autodl-tmp/research-experiments/industrial-anomaly-detection/data/mvtec_ad/cable/test/good/045.png,42.79214096069336
M0_original,cable,1,shift_good,brightness_1.5,strong,brightness,good,/root/autodl-tmp/research-experiments/industrial-anomaly-detection/data/mvtec_ad/cable/test/good/046.png,40.47480010986328
M0_original,cable,1,shift_good,brightness_1.5,strong,brightness,good,/root/autodl-tmp/research-experiments/industrial-anomaly-detection/data/mvtec_ad/cable/test/good/047.png,40.46405792236328
M0_original,cable,1,shift_good,brightness_1.5,strong,brightness,good,/root/autodl-tmp/research-experiments/industrial-anomaly-detection/data/mvtec_ad/cable/test/good/048.png,42.302696228027344
M0_original,cable,1,shift_good,brightness_1.5,strong,brightness,good,/root/autodl-tmp/research-experiments/industrial-anomaly-detection/data/mvtec_ad/cable/test/good/049.png,42.99188995361328
M0_original,cable,1,shift_good,brightness_1.5,strong,brightness,good,/root/autodl-tmp/research-experiments/industrial-anomaly-detection/data/mvtec_ad/cable/test/good/050.png,42.68672180175781
M0_original,cable,1,shift_good,brightness_1.5,strong,brightness,good,/root/autodl-tmp/research-experiments/industrial-anomaly-detection/data/mvtec_ad/cable/test/good/051.png,43.36956024169922
M0_original,cable,1,shift_good,brightness_1.5,strong,brightness,good,/root/autodl-tmp/research-experiments/industrial-anomaly-detection/data/mvtec_ad/cable/test/good/052.png,40.93330383300781
M0_original,cable,1,shift_good,brightness_1.5,strong,brightness,good,/root/autodl-tmp/research-experiments/industrial-anomaly-detection/data/mvtec_ad/cable/test/good/053.png,39.69717025756836
M0_original,cable,1,shift_good,brightness_1.5,strong,brightness,good,/root/autodl-tmp/research-experiments/industrial-anomaly-detection/data/mvtec_ad/cable/test/good/054.png,40.20438766479492
M0_original,cable,1,shift_good,brightness_1.5,strong,brightness,good,/root/autodl-tmp/research-experiments/industrial-anomaly-detection/data/mvtec_ad/cable/test/good/055.png,44.48155975341797
M0_original,cable,1,shift_good,brightness_1.5,strong,brightness,good,/root/autodl-tmp/research-experiments/industrial-anomaly-detection/data/mvtec_ad/cable/test/good/056.png,41.36989212036133
M0_original,cable,1,shift_good,brightness_1.5,strong,brightness,good,/root/autodl-tmp/research-experiments/industrial-anomaly-detection/data/mvtec_ad/cable/test/good/057.png,46.70050048828125
M0_original,cable,1,shift_good,gamma_0.9,mild,gamma,good,/root/autodl-tmp/research-experiments/industrial-anomaly-detection/data/mvtec_ad/cable/test/good/000.png,38.41435623168945
M0_original,cable,1,shift_good,gamma_0.9,mild,gamma,good,/root/autodl-tmp/research-experiments/industrial-anomaly-detection/data/mvtec_ad/cable/test/good/001.png,41.83172607421875
M0_original,cable,1,shift_good,gamma_0.9,mild,gamma,good,/root/autodl-tmp/research-experiments/industrial-anomaly-detection/data/mvtec_ad/cable/test/good/002.png,39.90779495239258
M0_original,cable,1,shift_good,gamma_0.9,mild,gamma,good,/root/autodl-tmp/research-experiments/industrial-anomaly-detection/data/mvtec_ad/cable/test/good/003.png,37.23707962036133
M0_original,cable,1,shift_good,gamma_0.9,mild,gamma,good,/root/autodl-tmp/research-experiments/industrial-anomaly-detection/data/mvtec_ad/cable/test/good/004.png,36.69965362548828
M0_original,cable,1,shift_good,gamma_0.9,mild,gamma,good,/root/autodl-tmp/research-experiments/industrial-anomaly-detection/data/mvtec_ad/cable/test/good/005.png,39.0455322265625
M0_original,cable,1,shift_good,gamma_0.9,mild,gamma,good,/root/autodl-tmp/research-experiments/industrial-anomaly-detection/data/mvtec_ad/cable/test/good/006.png,37.87827682495117
M0_original,cable,1,shift_good,gamma_0.9,mild,gamma,good,/root/autodl-tmp/research-experiments/industrial-anomaly-detection/data/mvtec_ad/cable/test/good/007.png,38.81838607788086
M0_original,cable,1,shift_good,gamma_0.9,mild,gamma,good,/root/autodl-tmp/research-experiments/industrial-anomaly-detection/data/mvtec_ad/cable/test/good/008.png,40.77262496948242
M0_original,cable,1,shift_good,gamma_0.9,mild,gamma,good,/root/autodl-tmp/research-experiments/industrial-anomaly-detection/data/mvtec_ad/cable/test/good/009.png,37.254825592041016
M0_original,cable,1,shift_good,gamma_0.9,mild,gamma,good,/root/autodl-tmp/research-experiments/industrial-anomaly-detection/data/mvtec_ad/cable/test/good/010.png,36.984317779541016
M0_original,cable,1,shift_good,gamma_0.9,mild,gamma,good,/root/autodl-tmp/research-experiments/industrial-anomaly-detection/data/mvtec_ad/cable/test/good/011.png,39.14642333984375
M0_original,cable,1,shift_good,gamma_0.9,mild,gamma,good,/root/autodl-tmp/research-experiments/industrial-anomaly-detection/data/mvtec_ad/cable/test/good/012.png,39.307281494140625
M0_original,cable,1,shift_good,gamma_0.9,mild,gamma,good,/root/autodl-tmp/research-experiments/industrial-anomaly-detection/data/mvtec_ad/cable/test/good/013.png,46.69712829589844
M0_original,cable,1,shift_good,gamma_0.9,mild,gamma,good,/root/autodl-tmp/research-experiments/industrial-anomaly-detection/data/mvtec_ad/cable/test/good/014.png,40.456573486328125
M0_original,cable,1,shift_good,gamma_0.9,mild,gamma,good,/root/autodl-tmp/research-experiments/industrial-anomaly-detection/data/mvtec_ad/cable/test/good/015.png,38.95737838745117
M0_original,cable,1,shift_good,gamma_0.9,mild,gamma,good,/root/autodl-tmp/research-experiments/industrial-anomaly-detection/data/mvtec_ad/cable/test/good/016.png,41.35332107543945
M0_original,cable,1,shift_good,gamma_0.9,mild,gamma,good,/root/autodl-tmp/research-experiments/industrial-anomaly-detection/data/mvtec_ad/cable/test/good/017.png,38.61849594116211
M0_original,cable,1,shift_good,gamma_0.9,mild,gamma,good,/root/autodl-tmp/research-experiments/industrial-anomaly-detection/data/mvtec_ad/cable/test/good/018.png,41.59772491455078
M0_original,cable,1,shift_good,gamma_0.9,mild,gamma,good,/root/autodl-tmp/research-experiments/industrial-anomaly-detection/data/mvtec_ad/cable/test/good/019.png,41.626243591308594
M0_original,cable,1,shift_good,gamma_0.9,mild,gamma,good,/root/autodl-tmp/research-experiments/industrial-anomaly-detection/data/mvtec_ad/cable/test/good/020.png,38.98332214355469
M0_original,cable,1,shift_good,gamma_0.9,mild,gamma,good,/root/autodl-tmp/research-experiments/industrial-anomaly-detection/data/mvtec_ad/cable/test/good/021.png,39.39522933959961
M0_original,cable,1,shift_good,gamma_0.9,mild,gamma,good,/root/autodl-tmp/research-experiments/industrial-anomaly-detection/data/mvtec_ad/cable/test/good/022.png,40.60026550292969
M0_original,cable,1,shift_good,gamma_0.9,mild,gamma,good,/root/autodl-tmp/research-experiments/industrial-anomaly-detection/data/mvtec_ad/cable/test/good/023.png,38.022247314453125
M0_original,cable,1,shift_good,gamma_0.9,mild,gamma,good,/root/autodl-tmp/research-experiments/industrial-anomaly-detection/data/mvtec_ad/cable/test/good/024.png,39.932125091552734
M0_original,cable,1,shift_good,gamma_0.9,mild,gamma,good,/root/autodl-tmp/research-experiments/industrial-anomaly-detection/data/mvtec_ad/cable/test/good/025.png,37.168514251708984
M0_original,cable,1,shift_good,gamma_0.9,mild,gamma,good,/root/autodl-tmp/research-experiments/industrial-anomaly-detection/data/mvtec_ad/cable/test/good/026.png,38.538963317871094
M0_original,cable,1,shift_good,gamma_0.9,mild,gamma,good,/root/autodl-tmp/research-experiments/industrial-anomaly-detection/data/mvtec_ad/cable/test/good/027.png,38.01531219482422
M0_original,cable,1,shift_good,gamma_0.9,mild,gamma,good,/root/autodl-tmp/research-experiments/industrial-anomaly-detection/data/mvtec_ad/cable/test/good/028.png,37.56468963623047
M0_original,cable,1,shift_good,gamma_0.9,mild,gamma,good,/root/autodl-tmp/research-experiments/industrial-anomaly-detection/data/mvtec_ad/cable/test/good/029.png,38.532772064208984
M0_original,cable,1,shift_good,gamma_0.9,mild,gamma,good,/root/autodl-tmp/research-experiments/industrial-anomaly-detection/data/mvtec_ad/cable/test/good/030.png,44.87940216064453
M0_original,cable,1,shift_good,gamma_0.9,mild,gamma,good,/root/autodl-tmp/research-experiments/industrial-anomaly-detection/data/mvtec_ad/cable/test/good/031.png,39.52360153198242
M0_original,cable,1,shift_good,gamma_0.9,mild,gamma,good,/root/autodl-tmp/research-experiments/industrial-anomaly-detection/data/mvtec_ad/cable/test/good/032.png,39.70060729980469
M0_original,cable,1,shift_good,gamma_0.9,mild,gamma,good,/root/autodl-tmp/research-experiments/industrial-anomaly-detection/data/mvtec_ad/cable/test/good/033.png,39.4349479675293
M0_original,cable,1,shift_good,gamma_0.9,mild,gamma,good,/root/autodl-tmp/research-experiments/industrial-anomaly-detection/data/mvtec_ad/cable/test/good/034.png,40.63540267944336
M0_original,cable,1,shift_good,gamma_0.9,mild,gamma,good,/root/autodl-tmp/research-experiments/industrial-anomaly-detection/data/mvtec_ad/cable/test/good/035.png,37.12770080566406
M0_original,cable,1,shift_good,gamma_0.9,mild,gamma,good,/root/autodl-tmp/research-experiments/industrial-anomaly-detection/data/mvtec_ad/cable/test/good/036.png,39.16317367553711
M0_original,cable,1,shift_good,gamma_0.9,mild,gamma,good,/root/autodl-tmp/research-experiments/industrial-anomaly-detection/data/mvtec_ad/cable/test/good/037.png,40.81783676147461
M0_original,cable,1,shift_good,gamma_0.9,mild,gamma,good,/root/autodl-tmp/research-experiments/industrial-anomaly-detection/data/mvtec_ad/cable/test/good/038.png,40.56973648071289
M0_original,cable,1,shift_good,gamma_0.9,mild,gamma,good,/root/autodl-tmp/research-experiments/industrial-anomaly-detection/data/mvtec_ad/cable/test/good/039.png,42.577247619628906
M0_original,cable,1,shift_good,gamma_0.9,mild,gamma,good,/root/autodl-tmp/research-experiments/industrial-anomaly-detection/data/mvtec_ad/cable/test/good/040.png,36.06819534301758
M0_original,cable,1,shift_good,gamma_0.9,mild,gamma,good,/root/autodl-tmp/research-experiments/industrial-anomaly-detection/data/mvtec_ad/cable/test/good/041.png,42.830413818359375
M0_original,cable,1,shift_good,gamma_0.9,mild,gamma,good,/root/autodl-tmp/research-experiments/industrial-anomaly-detection/data/mvtec_ad/cable/test/good/042.png,42.63255310058594
M0_original,cable,1,shift_good,gamma_0.9,mild,gamma,good,/root/autodl-tmp/research-experiments/industrial-anomaly-detection/data/mvtec_ad/cable/test/good/043.png,38.21428680419922
M0_original,cable,1,shift_good,gamma_0.9,mild,gamma,good,/root/autodl-tmp/research-experiments/industrial-anomaly-detection/data/mvtec_ad/cable/test/good/044.png,39.811729431152344
M0_original,cable,1,shift_good,gamma_0.9,mild,gamma,good,/root/autodl-tmp/research-experiments/industrial-anomaly-detection/data/mvtec_ad/cable/test/good/045.png,40.58554458618164
M0_original,cable,1,shift_good,gamma_0.9,mild,gamma,good,/root/autodl-tmp/research-experiments/industrial-anomaly-detection/data/mvtec_ad/cable/test/good/046.png,38.92988204956055
M0_original,cable,1,shift_good,gamma_0.9,mild,gamma,good,/root/autodl-tmp/research-experiments/industrial-anomaly-detection/data/mvtec_ad/cable/test/good/047.png,39.90907669067383
M0_original,cable,1,shift_good,gamma_0.9,mild,gamma,good,/root/autodl-tmp/research-experiments/industrial-anomaly-detection/data/mvtec_ad/cable/test/good/048.png,41.02320861816406
M0_original,cable,1,shift_good,gamma_0.9,mild,gamma,good,/root/autodl-tmp/research-experiments/industrial-anomaly-detection/data/mvtec_ad/cable/test/good/049.png,39.42604064941406
M0_original,cable,1,shift_good,gamma_0.9,mild,gamma,good,/root/autodl-tmp/research-experiments/industrial-anomaly-detection/data/mvtec_ad/cable/test/good/050.png,38.637855529785156
M0_original,cable,1,shift_good,gamma_0.9,mild,gamma,good,/root/autodl-tmp/research-experiments/industrial-anomaly-detection/data/mvtec_ad/cable/test/good/051.png,40.881622314453125
M0_original,cable,1,shift_good,gamma_0.9,mild,gamma,good,/root/autodl-tmp/research-experiments/industrial-anomaly-detection/data/mvtec_ad/cable/test/good/052.png,38.817447662353516
M0_original,cable,1,shift_good,gamma_0.9,mild,gamma,good,/root/autodl-tmp/research-experiments/industrial-anomaly-detection/data/mvtec_ad/cable/test/good/053.png,40.06478500366211
M0_original,cable,1,shift_good,gamma_0.9,mild,gamma,good,/root/autodl-tmp/research-experiments/industrial-anomaly-detection/data/mvtec_ad/cable/test/good/054.png,38.24494934082031
M0_original,cable,1,shift_good,gamma_0.9,mild,gamma,good,/root/autodl-tmp/research-experiments/industrial-anomaly-detection/data/mvtec_ad/cable/test/good/055.png,43.60830307006836
M0_original,cable,1,shift_good,gamma_0.9,mild,gamma,good,/root/autodl-tmp/research-experiments/industrial-anomaly-detection/data/mvtec_ad/cable/test/good/056.png,38.64009094238281
M0_original,cable,1,shift_good,gamma_0.9,mild,gamma,good,/root/autodl-tmp/research-experiments/industrial-anomaly-detection/data/mvtec_ad/cable/test/good/057.png,49.477699279785156
M0_original,cable,1,shift_good,gamma_1.1,mild,gamma,good,/root/autodl-tmp/research-experiments/industrial-anomaly-detection/data/mvtec_ad/cable/test/good/000.png,37.69750213623047
M0_original,cable,1,shift_good,gamma_1.1,mild,gamma,good,/root/autodl-tmp/research-experiments/industrial-anomaly-detection/data/mvtec_ad/cable/test/good/001.png,41.37990188598633
M0_original,cable,1,shift_good,gamma_1.1,mild,gamma,good,/root/autodl-tmp/research-experiments/industrial-anomaly-detection/data/mvtec_ad/cable/test/good/002.png,40.08792495727539
M0_original,cable,1,shift_good,gamma_1.1,mild,gamma,good,/root/autodl-tmp/research-experiments/industrial-anomaly-detection/data/mvtec_ad/cable/test/good/003.png,37.20383071899414
M0_original,cable,1,shift_good,gamma_1.1,mild,gamma,good,/root/autodl-tmp/research-experiments/industrial-anomaly-detection/data/mvtec_ad/cable/test/good/004.png,36.63991928100586
M0_original,cable,1,shift_good,gamma_1.1,mild,gamma,good,/root/autodl-tmp/research-experiments/industrial-anomaly-detection/data/mvtec_ad/cable/test/good/005.png,38.78683853149414
M0_original,cable,1,shift_good,gamma_1.1,mild,gamma,good,/root/autodl-tmp/research-experiments/industrial-anomaly-detection/data/mvtec_ad/cable/test/good/006.png,37.47844696044922
M0_original,cable,1,shift_good,gamma_1.1,mild,gamma,good,/root/autodl-tmp/research-experiments/industrial-anomaly-detection/data/mvtec_ad/cable/test/good/007.png,39.00658416748047
M0_original,cable,1,shift_good,gamma_1.1,mild,gamma,good,/root/autodl-tmp/research-experiments/industrial-anomaly-detection/data/mvtec_ad/cable/test/good/008.png,39.79074478149414
M0_original,cable,1,shift_good,gamma_1.1,mild,gamma,good,/root/autodl-tmp/research-experiments/industrial-anomaly-detection/data/mvtec_ad/cable/test/good/009.png,36.519935607910156
M0_original,cable,1,shift_good,gamma_1.1,mild,gamma,good,/root/autodl-tmp/research-experiments/industrial-anomaly-detection/data/mvtec_ad/cable/test/good/010.png,37.069217681884766
M0_original,cable,1,shift_good,gamma_1.1,mild,gamma,good,/root/autodl-tmp/research-experiments/industrial-anomaly-detection/data/mvtec_ad/cable/test/good/011.png,38.46152114868164
M0_original,cable,1,shift_good,gamma_1.1,mild,gamma,good,/root/autodl-tmp/research-experiments/industrial-anomaly-detection/data/mvtec_ad/cable/test/good/012.png,39.520633697509766
M0_original,cable,1,shift_good,gamma_1.1,mild,gamma,good,/root/autodl-tmp/research-experiments/industrial-anomaly-detection/data/mvtec_ad/cable/test/good/013.png,46.24834442138672
M0_original,cable,1,shift_good,gamma_1.1,mild,gamma,good,/root/autodl-tmp/research-experiments/industrial-anomaly-detection/data/mvtec_ad/cable/test/good/014.png,40.07954788208008
M0_original,cable,1,shift_good,gamma_1.1,mild,gamma,good,/root/autodl-tmp/research-experiments/industrial-anomaly-detection/data/mvtec_ad/cable/test/good/015.png,39.12588882446289
M0_original,cable,1,shift_good,gamma_1.1,mild,gamma,good,/root/autodl-tmp/research-experiments/industrial-anomaly-detection/data/mvtec_ad/cable/test/good/016.png,40.812347412109375
M0_original,cable,1,shift_good,gamma_1.1,mild,gamma,good,/root/autodl-tmp/research-experiments/industrial-anomaly-detection/data/mvtec_ad/cable/test/good/017.png,38.083187103271484
M0_original,cable,1,shift_good,gamma_1.1,mild,gamma,good,/root/autodl-tmp/research-experiments/industrial-anomaly-detection/data/mvtec_ad/cable/test/good/018.png,42.065643310546875
M0_original,cable,1,shift_good,gamma_1.1,mild,gamma,good,/root/autodl-tmp/research-experiments/industrial-anomaly-detection/data/mvtec_ad/cable/test/good/019.png,41.41518783569336
M0_original,cable,1,shift_good,gamma_1.1,mild,gamma,good,/root/autodl-tmp/research-experiments/industrial-anomaly-detection/data/mvtec_ad/cable/test/good/020.png,38.66899108886719
M0_original,cable,1,shift_good,gamma_1.1,mild,gamma,good,/root/autodl-tmp/research-experiments/industrial-anomaly-detection/data/mvtec_ad/cable/test/good/021.png,38.45973587036133
M0_original,cable,1,shift_good,gamma_1.1,mild,gamma,good,/root/autodl-tmp/research-experiments/industrial-anomaly-detection/data/mvtec_ad/cable/test/good/022.png,40.390167236328125
M0_original,cable,1,shift_good,gamma_1.1,mild,gamma,good,/root/autodl-tmp/research-experiments/industrial-anomaly-detection/data/mvtec_ad/cable/test/good/023.png,37.560707092285156
M0_original,cable,1,shift_good,gamma_1.1,mild,gamma,good,/root/autodl-tmp/research-experiments/industrial-anomaly-detection/data/mvtec_ad/cable/test/good/024.png,40.34280776977539
M0_original,cable,1,shift_good,gamma_1.1,mild,gamma,good,/root/autodl-tmp/research-experiments/industrial-anomaly-detection/data/mvtec_ad/cable/test/good/025.png,37.409263610839844
M0_original,cable,1,shift_good,gamma_1.1,mild,gamma,good,/root/autodl-tmp/research-experiments/industrial-anomaly-detection/data/mvtec_ad/cable/test/good/026.png,37.99864959716797
M0_original,cable,1,shift_good,gamma_1.1,mild,gamma,good,/root/autodl-tmp/research-experiments/industrial-anomaly-detection/data/mvtec_ad/cable/test/good/027.png,37.76252365112305
M0_original,cable,1,shift_good,gamma_1.1,mild,gamma,good,/root/autodl-tmp/research-experiments/industrial-anomaly-detection/data/mvtec_ad/cable/test/good/028.png,37.90055847167969
M0_original,cable,1,shift_good,gamma_1.1,mild,gamma,good,/root/autodl-tmp/research-experiments/industrial-anomaly-detection/data/mvtec_ad/cable/test/good/029.png,38.13736343383789
M0_original,cable,1,shift_good,gamma_1.1,mild,gamma,good,/root/autodl-tmp/research-experiments/industrial-anomaly-detection/data/mvtec_ad/cable/test/good/030.png,44.806495666503906
M0_original,cable,1,shift_good,gamma_1.1,mild,gamma,good,/root/autodl-tmp/research-experiments/industrial-anomaly-detection/data/mvtec_ad/cable/test/good/031.png,38.47496795654297
M0_original,cable,1,shift_good,gamma_1.1,mild,gamma,good,/root/autodl-tmp/research-experiments/industrial-anomaly-detection/data/mvtec_ad/cable/test/good/032.png,39.68082809448242
M0_original,cable,1,shift_good,gamma_1.1,mild,gamma,good,/root/autodl-tmp/research-experiments/industrial-anomaly-detection/data/mvtec_ad/cable/test/good/033.png,39.36471176147461
M0_original,cable,1,shift_good,gamma_1.1,mild,gamma,good,/root/autodl-tmp/research-experiments/industrial-anomaly-detection/data/mvtec_ad/cable/test/good/034.png,40.25397491455078
M0_original,cable,1,shift_good,gamma_1.1,mild,gamma,good,/root/autodl-tmp/research-experiments/industrial-anomaly-detection/data/mvtec_ad/cable/test/good/035.png,36.75078201293945
M0_original,cable,1,shift_good,gamma_1.1,mild,gamma,good,/root/autodl-tmp/research-experiments/industrial-anomaly-detection/data/mvtec_ad/cable/test/good/036.png,39.66828536987305
M0_original,cable,1,shift_good,gamma_1.1,mild,gamma,good,/root/autodl-tmp/research-experiments/industrial-anomaly-detection/data/mvtec_ad/cable/test/good/037.png,39.8970832824707
M0_original,cable,1,shift_good,gamma_1.1,mild,gamma,good,/root/autodl-tmp/research-experiments/industrial-anomaly-detection/data/mvtec_ad/cable/test/good/038.png,39.980613708496094
M0_original,cable,1,shift_good,gamma_1.1,mild,gamma,good,/root/autodl-tmp/research-experiments/industrial-anomaly-detection/data/mvtec_ad/cable/test/good/039.png,41.88431930541992
M0_original,cable,1,shift_good,gamma_1.1,mild,gamma,good,/root/autodl-tmp/research-experiments/industrial-anomaly-detection/data/mvtec_ad/cable/test/good/040.png,36.07334899902344
M0_original,cable,1,shift_good,gamma_1.1,mild,gamma,good,/root/autodl-tmp/research-experiments/industrial-anomaly-detection/data/mvtec_ad/cable/test/good/041.png,42.761993408203125
M0_original,cable,1,shift_good,gamma_1.1,mild,gamma,good,/root/autodl-tmp/research-experiments/industrial-anomaly-detection/data/mvtec_ad/cable/test/good/042.png,41.57330322265625
M0_original,cable,1,shift_good,gamma_1.1,mild,gamma,good,/root/autodl-tmp/research-experiments/industrial-anomaly-detection/data/mvtec_ad/cable/test/good/043.png,38.17731857299805
M0_original,cable,1,shift_good,gamma_1.1,mild,gamma,good,/root/autodl-tmp/research-experiments/industrial-anomaly-detection/data/mvtec_ad/cable/test/good/044.png,39.287227630615234
M0_original,cable,1,shift_good,gamma_1.1,mild,gamma,good,/root/autodl-tmp/research-experiments/industrial-anomaly-detection/data/mvtec_ad/cable/test/good/045.png,40.20060729980469
M0_original,cable,1,shift_good,gamma_1.1,mild,gamma,good,/root/autodl-tmp/research-experiments/industrial-anomaly-detection/data/mvtec_ad/cable/test/good/046.png,38.308109283447266
M0_original,cable,1,shift_good,gamma_1.1,mild,gamma,good,/root/autodl-tmp/research-experiments/industrial-anomaly-detection/data/mvtec_ad/cable/test/good/047.png,39.4019889831543
M0_original,cable,1,shift_good,gamma_1.1,mild,gamma,good,/root/autodl-tmp/research-experiments/industrial-anomaly-detection/data/mvtec_ad/cable/test/good/048.png,40.699440002441406
M0_original,cable,1,shift_good,gamma_1.1,mild,gamma,good,/root/autodl-tmp/research-experiments/industrial-anomaly-detection/data/mvtec_ad/cable/test/good/049.png,38.9171028137207
M0_original,cable,1,shift_good,gamma_1.1,mild,gamma,good,/root/autodl-tmp/research-experiments/industrial-anomaly-detection/data/mvtec_ad/cable/test/good/050.png,39.00259017944336
M0_original,cable,1,shift_good,gamma_1.1,mild,gamma,good,/root/autodl-tmp/research-experiments/industrial-anomaly-detection/data/mvtec_ad/cable/test/good/051.png,40.33748245239258
M0_original,cable,1,shift_good,gamma_1.1,mild,gamma,good,/root/autodl-tmp/research-experiments/industrial-anomaly-detection/data/mvtec_ad/cable/test/good/052.png,39.20677185058594
M0_original,cable,1,shift_good,gamma_1.1,mild,gamma,good,/root/autodl-tmp/research-experiments/industrial-anomaly-detection/data/mvtec_ad/cable/test/good/053.png,39.5169792175293
M0_original,cable,1,shift_good,gamma_1.1,mild,gamma,good,/root/autodl-tmp/research-experiments/industrial-anomaly-detection/data/mvtec_ad/cable/test/good/054.png,38.61019515991211
M0_original,cable,1,shift_good,gamma_1.1,mild,gamma,good,/root/autodl-tmp/research-experiments/industrial-anomaly-detection/data/mvtec_ad/cable/test/good/055.png,43.55915832519531
M0_original,cable,1,shift_good,gamma_1.1,mild,gamma,good,/root/autodl-tmp/research-experiments/industrial-anomaly-detection/data/mvtec_ad/cable/test/good/056.png,38.875064849853516
M0_original,cable,1,shift_good,gamma_1.1,mild,gamma,good,/root/autodl-tmp/research-experiments/industrial-anomaly-detection/data/mvtec_ad/cable/test/good/057.png,47.853755950927734
M0_original,cable,1,shift_good,gamma_0.7,medium,gamma,good,/root/autodl-tmp/research-experiments/industrial-anomaly-detection/data/mvtec_ad/cable/test/good/000.png,39.65008544921875
M0_original,cable,1,shift_good,gamma_0.7,medium,gamma,good,/root/autodl-tmp/research-experiments/industrial-anomaly-detection/data/mvtec_ad/cable/test/good/001.png,42.818603515625
M0_original,cable,1,shift_good,gamma_0.7,medium,gamma,good,/root/autodl-tmp/research-experiments/industrial-anomaly-detection/data/mvtec_ad/cable/test/good/002.png,39.786258697509766
M0_original,cable,1,shift_good,gamma_0.7,medium,gamma,good,/root/autodl-tmp/research-experiments/industrial-anomaly-detection/data/mvtec_ad/cable/test/good/003.png,37.967498779296875
M0_original,cable,1,shift_good,gamma_0.7,medium,gamma,good,/root/autodl-tmp/research-experiments/industrial-anomaly-detection/data/mvtec_ad/cable/test/good/004.png,37.73835754394531
M0_original,cable,1,shift_good,gamma_0.7,medium,gamma,good,/root/autodl-tmp/research-experiments/industrial-anomaly-detection/data/mvtec_ad/cable/test/good/005.png,39.59396743774414
M0_original,cable,1,shift_good,gamma_0.7,medium,gamma,good,/root/autodl-tmp/research-experiments/industrial-anomaly-detection/data/mvtec_ad/cable/test/good/006.png,39.13243103027344
M0_original,cable,1,shift_good,gamma_0.7,medium,gamma,good,/root/autodl-tmp/research-experiments/industrial-anomaly-detection/data/mvtec_ad/cable/test/good/007.png,39.73318099975586
M0_original,cable,1,shift_good,gamma_0.7,medium,gamma,good,/root/autodl-tmp/research-experiments/industrial-anomaly-detection/data/mvtec_ad/cable/test/good/008.png,42.03948211669922
M0_original,cable,1,shift_good,gamma_0.7,medium,gamma,good,/root/autodl-tmp/research-experiments/industrial-anomaly-detection/data/mvtec_ad/cable/test/good/009.png,38.859771728515625
M0_original,cable,1,shift_good,gamma_0.7,medium,gamma,good,/root/autodl-tmp/research-experiments/industrial-anomaly-detection/data/mvtec_ad/cable/test/good/010.png,37.500152587890625
M0_original,cable,1,shift_good,gamma_0.7,medium,gamma,good,/root/autodl-tmp/research-experiments/industrial-anomaly-detection/data/mvtec_ad/cable/test/good/011.png,39.582332611083984
M0_original,cable,1,shift_good,gamma_0.7,medium,gamma,good,/root/autodl-tmp/research-experiments/industrial-anomaly-detection/data/mvtec_ad/cable/test/good/012.png,40.63496017456055
M0_original,cable,1,shift_good,gamma_0.7,medium,gamma,good,/root/autodl-tmp/research-experiments/industrial-anomaly-detection/data/mvtec_ad/cable/test/good/013.png,47.82357406616211
M0_original,cable,1,shift_good,gamma_0.7,medium,gamma,good,/root/autodl-tmp/research-experiments/industrial-anomaly-detection/data/mvtec_ad/cable/test/good/014.png,41.5562858581543
M0_original,cable,1,shift_good,gamma_0.7,medium,gamma,good,/root/autodl-tmp/research-experiments/industrial-anomaly-detection/data/mvtec_ad/cable/test/good/015.png,38.867523193359375
M0_original,cable,1,shift_good,gamma_0.7,medium,gamma,good,/root/autodl-tmp/research-experiments/industrial-anomaly-detection/data/mvtec_ad/cable/test/good/016.png,43.052772521972656
M0_original,cable,1,shift_good,gamma_0.7,medium,gamma,good,/root/autodl-tmp/research-experiments/industrial-anomaly-detection/data/mvtec_ad/cable/test/good/017.png,39.763580322265625
M0_original,cable,1,shift_good,gamma_0.7,medium,gamma,good,/root/autodl-tmp/research-experiments/industrial-anomaly-detection/data/mvtec_ad/cable/test/good/018.png,41.61005401611328
M0_original,cable,1,shift_good,gamma_0.7,medium,gamma,good,/root/autodl-tmp/research-experiments/industrial-anomaly-detection/data/mvtec_ad/cable/test/good/019.png,41.71324920654297
M0_original,cable,1,shift_good,gamma_0.7,medium,gamma,good,/root/autodl-tmp/research-experiments/industrial-anomaly-detection/data/mvtec_ad/cable/test/good/020.png,39.14956283569336
M0_original,cable,1,shift_good,gamma_0.7,medium,gamma,good,/root/autodl-tmp/research-experiments/industrial-anomaly-detection/data/mvtec_ad/cable/test/good/021.png,41.251220703125
M0_original,cable,1,shift_good,gamma_0.7,medium,gamma,good,/root/autodl-tmp/research-experiments/industrial-anomaly-detection/data/mvtec_ad/cable/test/good/022.png,40.77073669433594
M0_original,cable,1,shift_good,gamma_0.7,medium,gamma,good,/root/autodl-tmp/research-experiments/industrial-anomaly-detection/data/mvtec_ad/cable/test/good/023.png,38.699703216552734
M0_original,cable,1,shift_good,gamma_0.7,medium,gamma,good,/root/autodl-tmp/research-experiments/industrial-anomaly-detection/data/mvtec_ad/cable/test/good/024.png,40.71391296386719
M0_original,cable,1,shift_good,gamma_0.7,medium,gamma,good,/root/autodl-tmp/research-experiments/industrial-anomaly-detection/data/mvtec_ad/cable/test/good/025.png,38.32087707519531
M0_original,cable,1,shift_good,gamma_0.7,medium,gamma,good,/root/autodl-tmp/research-experiments/industrial-anomaly-detection/data/mvtec_ad/cable/test/good/026.png,39.24175262451172
M0_original,cable,1,shift_good,gamma_0.7,medium,gamma,good,/root/autodl-tmp/research-experiments/industrial-anomaly-detection/data/mvtec_ad/cable/test/good/027.png,38.80833053588867
M0_original,cable,1,shift_good,gamma_0.7,medium,gamma,good,/root/autodl-tmp/research-experiments/industrial-anomaly-detection/data/mvtec_ad/cable/test/good/028.png,38.42683029174805
M0_original,cable,1,shift_good,gamma_0.7,medium,gamma,good,/root/autodl-tmp/research-experiments/industrial-anomaly-detection/data/mvtec_ad/cable/test/good/029.png,38.96770477294922
M0_original,cable,1,shift_good,gamma_0.7,medium,gamma,good,/root/autodl-tmp/research-experiments/industrial-anomaly-detection/data/mvtec_ad/cable/test/good/030.png,44.717315673828125
M0_original,cable,1,shift_good,gamma_0.7,medium,gamma,good,/root/autodl-tmp/research-experiments/industrial-anomaly-detection/data/mvtec_ad/cable/test/good/031.png,41.312896728515625
M0_original,cable,1,shift_good,gamma_0.7,medium,gamma,good,/root/autodl-tmp/research-experiments/industrial-anomaly-detection/data/mvtec_ad/cable/test/good/032.png,40.32769012451172
M0_original,cable,1,shift_good,gamma_0.7,medium,gamma,good,/root/autodl-tmp/research-experiments/industrial-anomaly-detection/data/mvtec_ad/cable/test/good/033.png,40.10569763183594
M0_original,cable,1,shift_good,gamma_0.7,medium,gamma,good,/root/autodl-tmp/research-experiments/industrial-anomaly-detection/data/mvtec_ad/cable/test/good/034.png,42.20079040527344
M0_original,cable,1,shift_good,gamma_0.7,medium,gamma,good,/root/autodl-tmp/research-experiments/industrial-anomaly-detection/data/mvtec_ad/cable/test/good/035.png,39.444366455078125
M0_original,cable,1,shift_good,gamma_0.7,medium,gamma,good,/root/autodl-tmp/research-experiments/industrial-anomaly-detection/data/mvtec_ad/cable/test/good/036.png,39.31956100463867
M0_original,cable,1,shift_good,gamma_0.7,medium,gamma,good,/root/autodl-tmp/research-experiments/industrial-anomaly-detection/data/mvtec_ad/cable/test/good/037.png,41.95943069458008
M0_original,cable,1,shift_good,gamma_0.7,medium,gamma,good,/root/autodl-tmp/research-experiments/industrial-anomaly-detection/data/mvtec_ad/cable/test/good/038.png,41.65913009643555
M0_original,cable,1,shift_good,gamma_0.7,medium,gamma,good,/root/autodl-tmp/research-experiments/industrial-anomaly-detection/data/mvtec_ad/cable/test/good/039.png,43.852027893066406
M0_original,cable,1,shift_good,gamma_0.7,medium,gamma,good,/root/autodl-tmp/research-experiments/industrial-anomaly-detection/data/mvtec_ad/cable/test/good/040.png,37.36549758911133
M0_original,cable,1,shift_good,gamma_0.7,medium,gamma,good,/root/autodl-tmp/research-experiments/industrial-anomaly-detection/data/mvtec_ad/cable/test/good/041.png,43.3553581237793
M0_original,cable,1,shift_good,gamma_0.7,medium,gamma,good,/root/autodl-tmp/research-experiments/industrial-anomaly-detection/data/mvtec_ad/cable/test/good/042.png,43.81998062133789
M0_original,cable,1,shift_good,gamma_0.7,medium,gamma,good,/root/autodl-tmp/research-experiments/industrial-anomaly-detection/data/mvtec_ad/cable/test/good/043.png,39.40736389160156
M0_original,cable,1,shift_good,gamma_0.7,medium,gamma,good,/root/autodl-tmp/research-experiments/industrial-anomaly-detection/data/mvtec_ad/cable/test/good/044.png,40.76543045043945
M0_original,cable,1,shift_good,gamma_0.7,medium,gamma,good,/root/autodl-tmp/research-experiments/industrial-anomaly-detection/data/mvtec_ad/cable/test/good/045.png,42.133880615234375
M0_original,cable,1,shift_good,gamma_0.7,medium,gamma,good,/root/autodl-tmp/research-experiments/industrial-anomaly-detection/data/mvtec_ad/cable/test/good/046.png,39.71533203125
M0_original,cable,1,shift_good,gamma_0.7,medium,gamma,good,/root/autodl-tmp/research-experiments/industrial-anomaly-detection/data/mvtec_ad/cable/test/good/047.png,40.694053649902344
M0_original,cable,1,shift_good,gamma_0.7,medium,gamma,good,/root/autodl-tmp/research-experiments/industrial-anomaly-detection/data/mvtec_ad/cable/test/good/048.png,41.459190368652344
M0_original,cable,1,shift_good,gamma_0.7,medium,gamma,good,/root/autodl-tmp/research-experiments/industrial-anomaly-detection/data/mvtec_ad/cable/test/good/049.png,40.911476135253906
M0_original,cable,1,shift_good,gamma_0.7,medium,gamma,good,/root/autodl-tmp/research-experiments/industrial-anomaly-detection/data/mvtec_ad/cable/test/good/050.png,40.203372955322266
M0_original,cable,1,shift_good,gamma_0.7,medium,gamma,good,/root/autodl-tmp/research-experiments/industrial-anomaly-detection/data/mvtec_ad/cable/test/good/051.png,41.91647720336914
M0_original,cable,1,shift_good,gamma_0.7,medium,gamma,good,/root/autodl-tmp/research-experiments/industrial-anomaly-detection/data/mvtec_ad/cable/test/good/052.png,39.16838455200195
M0_original,cable,1,shift_good,gamma_0.7,medium,gamma,good,/root/autodl-tmp/research-experiments/industrial-anomaly-detection/data/mvtec_ad/cable/test/good/053.png,41.24639892578125
M0_original,cable,1,shift_good,gamma_0.7,medium,gamma,good,/root/autodl-tmp/research-experiments/industrial-anomaly-detection/data/mvtec_ad/cable/test/good/054.png,39.36012649536133
M0_original,cable,1,shift_good,gamma_0.7,medium,gamma,good,/root/autodl-tmp/research-experiments/industrial-anomaly-detection/data/mvtec_ad/cable/test/good/055.png,44.037715911865234
M0_original,cable,1,shift_good,gamma_0.7,medium,gamma,good,/root/autodl-tmp/research-experiments/industrial-anomaly-detection/data/mvtec_ad/cable/test/good/056.png,38.390628814697266
M0_original,cable,1,shift_good,gamma_0.7,medium,gamma,good,/root/autodl-tmp/research-experiments/industrial-anomaly-detection/data/mvtec_ad/cable/test/good/057.png,51.55695724487305
M0_original,cable,1,shift_good,gamma_1.3,medium,gamma,good,/root/autodl-tmp/research-experiments/industrial-anomaly-detection/data/mvtec_ad/cable/test/good/000.png,37.95754623413086
M0_original,cable,1,shift_good,gamma_1.3,medium,gamma,good,/root/autodl-tmp/research-experiments/industrial-anomaly-detection/data/mvtec_ad/cable/test/good/001.png,41.579742431640625
M0_original,cable,1,shift_good,gamma_1.3,medium,gamma,good,/root/autodl-tmp/research-experiments/industrial-anomaly-detection/data/mvtec_ad/cable/test/good/002.png,40.37021255493164
M0_original,cable,1,shift_good,gamma_1.3,medium,gamma,good,/root/autodl-tmp/research-experiments/industrial-anomaly-detection/data/mvtec_ad/cable/test/good/003.png,37.35637283325195
M0_original,cable,1,shift_good,gamma_1.3,medium,gamma,good,/root/autodl-tmp/research-experiments/industrial-anomaly-detection/data/mvtec_ad/cable/test/good/004.png,37.07881164550781
M0_original,cable,1,shift_good,gamma_1.3,medium,gamma,good,/root/autodl-tmp/research-experiments/industrial-anomaly-detection/data/mvtec_ad/cable/test/good/005.png,38.417694091796875
M0_original,cable,1,shift_good,gamma_1.3,medium,gamma,good,/root/autodl-tmp/research-experiments/industrial-anomaly-detection/data/mvtec_ad/cable/test/good/006.png,37.641990661621094
M0_original,cable,1,shift_good,gamma_1.3,medium,gamma,good,/root/autodl-tmp/research-experiments/industrial-anomaly-detection/data/mvtec_ad/cable/test/good/007.png,39.34718322753906
M0_original,cable,1,shift_good,gamma_1.3,medium,gamma,good,/root/autodl-tmp/research-experiments/industrial-anomaly-detection/data/mvtec_ad/cable/test/good/008.png,39.961204528808594
M0_original,cable,1,shift_good,gamma_1.3,medium,gamma,good,/root/autodl-tmp/research-experiments/industrial-anomaly-detection/data/mvtec_ad/cable/test/good/009.png,36.84969711303711
M0_original,cable,1,shift_good,gamma_1.3,medium,gamma,good,/root/autodl-tmp/research-experiments/industrial-anomaly-detection/data/mvtec_ad/cable/test/good/010.png,37.51372528076172
M0_original,cable,1,shift_good,gamma_1.3,medium,gamma,good,/root/autodl-tmp/research-experiments/industrial-anomaly-detection/data/mvtec_ad/cable/test/good/011.png,39.62059783935547
M0_original,cable,1,shift_good,gamma_1.3,medium,gamma,good,/root/autodl-tmp/research-experiments/industrial-anomaly-detection/data/mvtec_ad/cable/test/good/012.png,39.9214973449707
M0_original,cable,1,shift_good,gamma_1.3,medium,gamma,good,/root/autodl-tmp/research-experiments/industrial-anomaly-detection/data/mvtec_ad/cable/test/good/013.png,46.235904693603516
M0_original,cable,1,shift_good,gamma_1.3,medium,gamma,good,/root/autodl-tmp/research-experiments/industrial-anomaly-detection/data/mvtec_ad/cable/test/good/014.png,39.755184173583984
M0_original,cable,1,shift_good,gamma_1.3,medium,gamma,good,/root/autodl-tmp/research-experiments/industrial-anomaly-detection/data/mvtec_ad/cable/test/good/015.png,39.65892791748047
M0_original,cable,1,shift_good,gamma_1.3,medium,gamma,good,/root/autodl-tmp/research-experiments/industrial-anomaly-detection/data/mvtec_ad/cable/test/good/016.png,40.46590042114258
M0_original,cable,1,shift_good,gamma_1.3,medium,gamma,good,/root/autodl-tmp/research-experiments/industrial-anomaly-detection/data/mvtec_ad/cable/test/good/017.png,37.87845993041992
M0_original,cable,1,shift_good,gamma_1.3,medium,gamma,good,/root/autodl-tmp/research-experiments/industrial-anomaly-detection/data/mvtec_ad/cable/test/good/018.png,42.52791213989258
M0_original,cable,1,shift_good,gamma_1.3,medium,gamma,good,/root/autodl-tmp/research-experiments/industrial-anomaly-detection/data/mvtec_ad/cable/test/good/019.png,41.458641052246094
M0_original,cable,1,shift_good,gamma_1.3,medium,gamma,good,/root/autodl-tmp/research-experiments/industrial-anomaly-detection/data/mvtec_ad/cable/test/good/020.png,38.65737533569336
M0_original,cable,1,shift_good,gamma_1.3,medium,gamma,good,/root/autodl-tmp/research-experiments/industrial-anomaly-detection/data/mvtec_ad/cable/test/good/021.png,38.164180755615234
M0_original,cable,1,shift_good,gamma_1.3,medium,gamma,good,/root/autodl-tmp/research-experiments/industrial-anomaly-detection/data/mvtec_ad/cable/test/good/022.png,40.400611877441406
M0_original,cable,1,shift_good,gamma_1.3,medium,gamma,good,/root/autodl-tmp/research-experiments/industrial-anomaly-detection/data/mvtec_ad/cable/test/good/023.png,37.58723068237305
M0_original,cable,1,shift_good,gamma_1.3,medium,gamma,good,/root/autodl-tmp/research-experiments/industrial-anomaly-detection/data/mvtec_ad/cable/test/good/024.png,40.964168548583984
M0_original,cable,1,shift_good,gamma_1.3,medium,gamma,good,/root/autodl-tmp/research-experiments/industrial-anomaly-detection/data/mvtec_ad/cable/test/good/025.png,38.43564224243164
M0_original,cable,1,shift_good,gamma_1.3,medium,gamma,good,/root/autodl-tmp/research-experiments/industrial-anomaly-detection/data/mvtec_ad/cable/test/good/026.png,38.12016677856445
M0_original,cable,1,shift_good,gamma_1.3,medium,gamma,good,/root/autodl-tmp/research-experiments/industrial-anomaly-detection/data/mvtec_ad/cable/test/good/027.png,37.71559143066406
M0_original,cable,1,shift_good,gamma_1.3,medium,gamma,good,/root/autodl-tmp/research-experiments/industrial-anomaly-detection/data/mvtec_ad/cable/test/good/028.png,38.47283172607422
M0_original,cable,1,shift_good,gamma_1.3,medium,gamma,good,/root/autodl-tmp/research-experiments/industrial-anomaly-detection/data/mvtec_ad/cable/test/good/029.png,37.976348876953125
M0_original,cable,1,shift_good,gamma_1.3,medium,gamma,good,/root/autodl-tmp/research-experiments/industrial-anomaly-detection/data/mvtec_ad/cable/test/good/030.png,45.25105667114258
M0_original,cable,1,shift_good,gamma_1.3,medium,gamma,good,/root/autodl-tmp/research-experiments/industrial-anomaly-detection/data/mvtec_ad/cable/test/good/031.png,38.57319641113281
M0_original,cable,1,shift_good,gamma_1.3,medium,gamma,good,/root/autodl-tmp/research-experiments/industrial-anomaly-detection/data/mvtec_ad/cable/test/good/032.png,39.59572982788086
M0_original,cable,1,shift_good,gamma_1.3,medium,gamma,good,/root/autodl-tmp/research-experiments/industrial-anomaly-detection/data/mvtec_ad/cable/test/good/033.png,39.69941711425781
M0_original,cable,1,shift_good,gamma_1.3,medium,gamma,good,/root/autodl-tmp/research-experiments/industrial-anomaly-detection/data/mvtec_ad/cable/test/good/034.png,40.810386657714844
M0_original,cable,1,shift_good,gamma_1.3,medium,gamma,good,/root/autodl-tmp/research-experiments/industrial-anomaly-detection/data/mvtec_ad/cable/test/good/035.png,36.848243713378906
M0_original,cable,1,shift_good,gamma_1.3,medium,gamma,good,/root/autodl-tmp/research-experiments/industrial-anomaly-detection/data/mvtec_ad/cable/test/good/036.png,39.839481353759766
M0_original,cable,1,shift_good,gamma_1.3,medium,gamma,good,/root/autodl-tmp/research-experiments/industrial-anomaly-detection/data/mvtec_ad/cable/test/good/037.png,39.65659713745117
M0_original,cable,1,shift_good,gamma_1.3,medium,gamma,good,/root/autodl-tmp/research-experiments/industrial-anomaly-detection/data/mvtec_ad/cable/test/good/038.png,39.740440368652344
M0_original,cable,1,shift_good,gamma_1.3,medium,gamma,good,/root/autodl-tmp/research-experiments/industrial-anomaly-detection/data/mvtec_ad/cable/test/good/039.png,41.77943801879883
M0_original,cable,1,shift_good,gamma_1.3,medium,gamma,good,/root/autodl-tmp/research-experiments/industrial-anomaly-detection/data/mvtec_ad/cable/test/good/040.png,36.8172492980957
M0_original,cable,1,shift_good,gamma_1.3,medium,gamma,good,/root/autodl-tmp/research-experiments/industrial-anomaly-detection/data/mvtec_ad/cable/test/good/041.png,42.6019287109375
M0_original,cable,1,shift_good,gamma_1.3,medium,gamma,good,/root/autodl-tmp/research-experiments/industrial-anomaly-detection/data/mvtec_ad/cable/test/good/042.png,41.489540100097656
M0_original,cable,1,shift_good,gamma_1.3,medium,gamma,good,/root/autodl-tmp/research-experiments/industrial-anomaly-detection/data/mvtec_ad/cable/test/good/043.png,38.604820251464844
M0_original,cable,1,shift_good,gamma_1.3,medium,gamma,good,/root/autodl-tmp/research-experiments/industrial-anomaly-detection/data/mvtec_ad/cable/test/good/044.png,38.72906494140625
M0_original,cable,1,shift_good,gamma_1.3,medium,gamma,good,/root/autodl-tmp/research-experiments/industrial-anomaly-detection/data/mvtec_ad/cable/test/good/045.png,40.511966705322266
M0_original,cable,1,shift_good,gamma_1.3,medium,gamma,good,/root/autodl-tmp/research-experiments/industrial-anomaly-detection/data/mvtec_ad/cable/test/good/046.png,38.33009719848633
M0_original,cable,1,shift_good,gamma_1.3,medium,gamma,good,/root/autodl-tmp/research-experiments/industrial-anomaly-detection/data/mvtec_ad/cable/test/good/047.png,39.598751068115234
M0_original,cable,1,shift_good,gamma_1.3,medium,gamma,good,/root/autodl-tmp/research-experiments/industrial-anomaly-detection/data/mvtec_ad/cable/test/good/048.png,40.680564880371094
M0_original,cable,1,shift_good,gamma_1.3,medium,gamma,good,/root/autodl-tmp/research-experiments/industrial-anomaly-detection/data/mvtec_ad/cable/test/good/049.png,39.14635467529297
M0_original,cable,1,shift_good,gamma_1.3,medium,gamma,good,/root/autodl-tmp/research-experiments/industrial-anomaly-detection/data/mvtec_ad/cable/test/good/050.png,39.32118225097656
M0_original,cable,1,shift_good,gamma_1.3,medium,gamma,good,/root/autodl-tmp/research-experiments/industrial-anomaly-detection/data/mvtec_ad/cable/test/good/051.png,40.009056091308594
M0_original,cable,1,shift_good,gamma_1.3,medium,gamma,good,/root/autodl-tmp/research-experiments/industrial-anomaly-detection/data/mvtec_ad/cable/test/good/052.png,39.43159866333008
M0_original,cable,1,shift_good,gamma_1.3,medium,gamma,good,/root/autodl-tmp/research-experiments/industrial-anomaly-detection/data/mvtec_ad/cable/test/good/053.png,39.07307434082031
M0_original,cable,1,shift_good,gamma_1.3,medium,gamma,good,/root/autodl-tmp/research-experiments/industrial-anomaly-detection/data/mvtec_ad/cable/test/good/054.png,38.916229248046875
M0_original,cable,1,shift_good,gamma_1.3,medium,gamma,good,/root/autodl-tmp/research-experiments/industrial-anomaly-detection/data/mvtec_ad/cable/test/good/055.png,43.44639205932617
M0_original,cable,1,shift_good,gamma_1.3,medium,gamma,good,/root/autodl-tmp/research-experiments/industrial-anomaly-detection/data/mvtec_ad/cable/test/good/056.png,39.64806365966797
M0_original,cable,1,shift_good,gamma_1.3,medium,gamma,good,/root/autodl-tmp/research-experiments/industrial-anomaly-detection/data/mvtec_ad/cable/test/good/057.png,47.16852951049805
M0_original,cable,1,shift_good,gamma_0.5,strong,gamma,good,/root/autodl-tmp/research-experiments/industrial-anomaly-detection/data/mvtec_ad/cable/test/good/000.png,42.732017517089844
M0_original,cable,1,shift_good,gamma_0.5,strong,gamma,good,/root/autodl-tmp/research-experiments/industrial-anomaly-detection/data/mvtec_ad/cable/test/good/001.png,45.63551330566406
M0_original,cable,1,shift_good,gamma_0.5,strong,gamma,good,/root/autodl-tmp/research-experiments/industrial-anomaly-detection/data/mvtec_ad/cable/test/good/002.png,41.64393615722656
M0_original,cable,1,shift_good,gamma_0.5,strong,gamma,good,/root/autodl-tmp/research-experiments/industrial-anomaly-detection/data/mvtec_ad/cable/test/good/003.png,39.01848220825195
M0_original,cable,1,shift_good,gamma_0.5,strong,gamma,good,/root/autodl-tmp/research-experiments/industrial-anomaly-detection/data/mvtec_ad/cable/test/good/004.png,41.06852340698242
M0_original,cable,1,shift_good,gamma_0.5,strong,gamma,good,/root/autodl-tmp/research-experiments/industrial-anomaly-detection/data/mvtec_ad/cable/test/good/005.png,42.5545654296875
M0_original,cable,1,shift_good,gamma_0.5,strong,gamma,good,/root/autodl-tmp/research-experiments/industrial-anomaly-detection/data/mvtec_ad/cable/test/good/006.png,43.341773986816406
M0_original,cable,1,shift_good,gamma_0.5,strong,gamma,good,/root/autodl-tmp/research-experiments/industrial-anomaly-detection/data/mvtec_ad/cable/test/good/007.png,42.02549743652344
M0_original,cable,1,shift_good,gamma_0.5,strong,gamma,good,/root/autodl-tmp/research-experiments/industrial-anomaly-detection/data/mvtec_ad/cable/test/good/008.png,44.037322998046875
M0_original,cable,1,shift_good,gamma_0.5,strong,gamma,good,/root/autodl-tmp/research-experiments/industrial-anomaly-detection/data/mvtec_ad/cable/test/good/009.png,41.82232666015625
M0_original,cable,1,shift_good,gamma_0.5,strong,gamma,good,/root/autodl-tmp/research-experiments/industrial-anomaly-detection/data/mvtec_ad/cable/test/good/010.png,39.818416595458984
M0_original,cable,1,shift_good,gamma_0.5,strong,gamma,good,/root/autodl-tmp/research-experiments/industrial-anomaly-detection/data/mvtec_ad/cable/test/good/011.png,42.321468353271484
M0_original,cable,1,shift_good,gamma_0.5,strong,gamma,good,/root/autodl-tmp/research-experiments/industrial-anomaly-detection/data/mvtec_ad/cable/test/good/012.png,44.59504318237305
M0_original,cable,1,shift_good,gamma_0.5,strong,gamma,good,/root/autodl-tmp/research-experiments/industrial-anomaly-detection/data/mvtec_ad/cable/test/good/013.png,49.99394989013672
M0_original,cable,1,shift_good,gamma_0.5,strong,gamma,good,/root/autodl-tmp/research-experiments/industrial-anomaly-detection/data/mvtec_ad/cable/test/good/014.png,43.34986877441406
M0_original,cable,1,shift_good,gamma_0.5,strong,gamma,good,/root/autodl-tmp/research-experiments/industrial-anomaly-detection/data/mvtec_ad/cable/test/good/015.png,41.256221771240234
M0_original,cable,1,shift_good,gamma_0.5,strong,gamma,good,/root/autodl-tmp/research-experiments/industrial-anomaly-detection/data/mvtec_ad/cable/test/good/016.png,46.424842834472656
M0_original,cable,1,shift_good,gamma_0.5,strong,gamma,good,/root/autodl-tmp/research-experiments/industrial-anomaly-detection/data/mvtec_ad/cable/test/good/017.png,42.36786651611328
M0_original,cable,1,shift_good,gamma_0.5,strong,gamma,good,/root/autodl-tmp/research-experiments/industrial-anomaly-detection/data/mvtec_ad/cable/test/good/018.png,42.00034713745117
M0_original,cable,1,shift_good,gamma_0.5,strong,gamma,good,/root/autodl-tmp/research-experiments/industrial-anomaly-detection/data/mvtec_ad/cable/test/good/019.png,42.93605422973633
M0_original,cable,1,shift_good,gamma_0.5,strong,gamma,good,/root/autodl-tmp/research-experiments/industrial-anomaly-detection/data/mvtec_ad/cable/test/good/020.png,40.38965606689453
M0_original,cable,1,shift_good,gamma_0.5,strong,gamma,good,/root/autodl-tmp/research-experiments/industrial-anomaly-detection/data/mvtec_ad/cable/test/good/021.png,43.67544174194336
M0_original,cable,1,shift_good,gamma_0.5,strong,gamma,good,/root/autodl-tmp/research-experiments/industrial-anomaly-detection/data/mvtec_ad/cable/test/good/022.png,41.986175537109375
M0_original,cable,1,shift_good,gamma_0.5,strong,gamma,good,/root/autodl-tmp/research-experiments/industrial-anomaly-detection/data/mvtec_ad/cable/test/good/023.png,39.60455322265625
M0_original,cable,1,shift_good,gamma_0.5,strong,gamma,good,/root/autodl-tmp/research-experiments/industrial-anomaly-detection/data/mvtec_ad/cable/test/good/024.png,42.759681701660156
M0_original,cable,1,shift_good,gamma_0.5,strong,gamma,good,/root/autodl-tmp/research-experiments/industrial-anomaly-detection/data/mvtec_ad/cable/test/good/025.png,40.59746551513672
M0_original,cable,1,shift_good,gamma_0.5,strong,gamma,good,/root/autodl-tmp/research-experiments/industrial-anomaly-detection/data/mvtec_ad/cable/test/good/026.png,40.440670013427734
M0_original,cable,1,shift_good,gamma_0.5,strong,gamma,good,/root/autodl-tmp/research-experiments/industrial-anomaly-detection/data/mvtec_ad/cable/test/good/027.png,41.01777648925781
M0_original,cable,1,shift_good,gamma_0.5,strong,gamma,good,/root/autodl-tmp/research-experiments/industrial-anomaly-detection/data/mvtec_ad/cable/test/good/028.png,41.169410705566406
M0_original,cable,1,shift_good,gamma_0.5,strong,gamma,good,/root/autodl-tmp/research-experiments/industrial-anomaly-detection/data/mvtec_ad/cable/test/good/029.png,41.214229583740234
M0_original,cable,1,shift_good,gamma_0.5,strong,gamma,good,/root/autodl-tmp/research-experiments/industrial-anomaly-detection/data/mvtec_ad/cable/test/good/030.png,45.30488967895508
M0_original,cable,1,shift_good,gamma_0.5,strong,gamma,good,/root/autodl-tmp/research-experiments/industrial-anomaly-detection/data/mvtec_ad/cable/test/good/031.png,42.02286148071289
M0_original,cable,1,shift_good,gamma_0.5,strong,gamma,good,/root/autodl-tmp/research-experiments/industrial-anomaly-detection/data/mvtec_ad/cable/test/good/032.png,42.46171188354492
M0_original,cable,1,shift_good,gamma_0.5,strong,gamma,good,/root/autodl-tmp/research-experiments/industrial-anomaly-detection/data/mvtec_ad/cable/test/good/033.png,41.589847564697266
M0_original,cable,1,shift_good,gamma_0.5,strong,gamma,good,/root/autodl-tmp/research-experiments/industrial-anomaly-detection/data/mvtec_ad/cable/test/good/034.png,45.84394073486328
M0_original,cable,1,shift_good,gamma_0.5,strong,gamma,good,/root/autodl-tmp/research-experiments/industrial-anomaly-detection/data/mvtec_ad/cable/test/good/035.png,42.57577133178711
M0_original,cable,1,shift_good,gamma_0.5,strong,gamma,good,/root/autodl-tmp/research-experiments/industrial-anomaly-detection/data/mvtec_ad/cable/test/good/036.png,41.74675369262695
M0_original,cable,1,shift_good,gamma_0.5,strong,gamma,good,/root/autodl-tmp/research-experiments/industrial-anomaly-detection/data/mvtec_ad/cable/test/good/037.png,43.56972885131836
M0_original,cable,1,shift_good,gamma_0.5,strong,gamma,good,/root/autodl-tmp/research-experiments/industrial-anomaly-detection/data/mvtec_ad/cable/test/good/038.png,42.9683837890625
M0_original,cable,1,shift_good,gamma_0.5,strong,gamma,good,/root/autodl-tmp/research-experiments/industrial-anomaly-detection/data/mvtec_ad/cable/test/good/039.png,47.07912826538086
M0_original,cable,1,shift_good,gamma_0.5,strong,gamma,good,/root/autodl-tmp/research-experiments/industrial-anomaly-detection/data/mvtec_ad/cable/test/good/040.png,41.60736846923828
M0_original,cable,1,shift_good,gamma_0.5,strong,gamma,good,/root/autodl-tmp/research-experiments/industrial-anomaly-detection/data/mvtec_ad/cable/test/good/041.png,44.8707160949707
M0_original,cable,1,shift_good,gamma_0.5,strong,gamma,good,/root/autodl-tmp/research-experiments/industrial-anomaly-detection/data/mvtec_ad/cable/test/good/042.png,45.7442512512207
M0_original,cable,1,shift_good,gamma_0.5,strong,gamma,good,/root/autodl-tmp/research-experiments/industrial-anomaly-detection/data/mvtec_ad/cable/test/good/043.png,44.600181579589844
M0_original,cable,1,shift_good,gamma_0.5,strong,gamma,good,/root/autodl-tmp/research-experiments/industrial-anomaly-detection/data/mvtec_ad/cable/test/good/044.png,42.608238220214844
M0_original,cable,1,shift_good,gamma_0.5,strong,gamma,good,/root/autodl-tmp/research-experiments/industrial-anomaly-detection/data/mvtec_ad/cable/test/good/045.png,43.412925720214844
M0_original,cable,1,shift_good,gamma_0.5,strong,gamma,good,/root/autodl-tmp/research-experiments/industrial-anomaly-detection/data/mvtec_ad/cable/test/good/046.png,41.25832748413086
M0_original,cable,1,shift_good,gamma_0.5,strong,gamma,good,/root/autodl-tmp/research-experiments/industrial-anomaly-detection/data/mvtec_ad/cable/test/good/047.png,42.29854965209961
M0_original,cable,1,shift_good,gamma_0.5,strong,gamma,good,/root/autodl-tmp/research-experiments/industrial-anomaly-detection/data/mvtec_ad/cable/test/good/048.png,41.69548797607422
M0_original,cable,1,shift_good,gamma_0.5,strong,gamma,good,/root/autodl-tmp/research-experiments/industrial-anomaly-detection/data/mvtec_ad/cable/test/good/049.png,42.97292709350586
M0_original,cable,1,shift_good,gamma_0.5,strong,gamma,good,/root/autodl-tmp/research-experiments/industrial-anomaly-detection/data/mvtec_ad/cable/test/good/050.png,43.67116928100586
M0_original,cable,1,shift_good,gamma_0.5,strong,gamma,good,/root/autodl-tmp/research-experiments/industrial-anomaly-detection/data/mvtec_ad/cable/test/good/051.png,44.84320068359375
M0_original,cable,1,shift_good,gamma_0.5,strong,gamma,good,/root/autodl-tmp/research-experiments/industrial-anomaly-detection/data/mvtec_ad/cable/test/good/052.png,41.853797912597656
M0_original,cable,1,shift_good,gamma_0.5,strong,gamma,good,/root/autodl-tmp/research-experiments/industrial-anomaly-detection/data/mvtec_ad/cable/test/good/053.png,42.75144958496094
M0_original,cable,1,shift_good,gamma_0.5,strong,gamma,good,/root/autodl-tmp/research-experiments/industrial-anomaly-detection/data/mvtec_ad/cable/test/good/054.png,42.45240020751953
M0_original,cable,1,shift_good,gamma_0.5,strong,gamma,good,/root/autodl-tmp/research-experiments/industrial-anomaly-detection/data/mvtec_ad/cable/test/good/055.png,46.586029052734375
M0_original,cable,1,shift_good,gamma_0.5,strong,gamma,good,/root/autodl-tmp/research-experiments/industrial-anomaly-detection/data/mvtec_ad/cable/test/good/056.png,40.13859939575195
M0_original,cable,1,shift_good,gamma_0.5,strong,gamma,good,/root/autodl-tmp/research-experiments/industrial-anomaly-detection/data/mvtec_ad/cable/test/good/057.png,54.07017135620117
M0_original,cable,1,shift_good,gamma_1.5,strong,gamma,good,/root/autodl-tmp/research-experiments/industrial-anomaly-detection/data/mvtec_ad/cable/test/good/000.png,38.40198516845703
M0_original,cable,1,shift_good,gamma_1.5,strong,gamma,good,/root/autodl-tmp/research-experiments/industrial-anomaly-detection/data/mvtec_ad/cable/test/good/001.png,42.003475189208984
M0_original,cable,1,shift_good,gamma_1.5,strong,gamma,good,/root/autodl-tmp/research-experiments/industrial-anomaly-detection/data/mvtec_ad/cable/test/good/002.png,40.685081481933594
M0_original,cable,1,shift_good,gamma_1.5,strong,gamma,good,/root/autodl-tmp/research-experiments/industrial-anomaly-detection/data/mvtec_ad/cable/test/good/003.png,37.65462112426758
M0_original,cable,1,shift_good,gamma_1.5,strong,gamma,good,/root/autodl-tmp/research-experiments/industrial-anomaly-detection/data/mvtec_ad/cable/test/good/004.png,37.519248962402344
M0_original,cable,1,shift_good,gamma_1.5,strong,gamma,good,/root/autodl-tmp/research-experiments/industrial-anomaly-detection/data/mvtec_ad/cable/test/good/005.png,38.172725677490234
M0_original,cable,1,shift_good,gamma_1.5,strong,gamma,good,/root/autodl-tmp/research-experiments/industrial-anomaly-detection/data/mvtec_ad/cable/test/good/006.png,37.92057800292969
M0_original,cable,1,shift_good,gamma_1.5,strong,gamma,good,/root/autodl-tmp/research-experiments/industrial-anomaly-detection/data/mvtec_ad/cable/test/good/007.png,39.81898880004883
M0_original,cable,1,shift_good,gamma_1.5,strong,gamma,good,/root/autodl-tmp/research-experiments/industrial-anomaly-detection/data/mvtec_ad/cable/test/good/008.png,39.95696258544922
M0_original,cable,1,shift_good,gamma_1.5,strong,gamma,good,/root/autodl-tmp/research-experiments/industrial-anomaly-detection/data/mvtec_ad/cable/test/good/009.png,37.311500549316406
M0_original,cable,1,shift_good,gamma_1.5,strong,gamma,good,/root/autodl-tmp/research-experiments/industrial-anomaly-detection/data/mvtec_ad/cable/test/good/010.png,38.08183670043945
M0_original,cable,1,shift_good,gamma_1.5,strong,gamma,good,/root/autodl-tmp/research-experiments/industrial-anomaly-detection/data/mvtec_ad/cable/test/good/011.png,40.457847595214844
M0_original,cable,1,shift_good,gamma_1.5,strong,gamma,good,/root/autodl-tmp/research-experiments/industrial-anomaly-detection/data/mvtec_ad/cable/test/good/012.png,40.4389533996582
M0_original,cable,1,shift_good,gamma_1.5,strong,gamma,good,/root/autodl-tmp/research-experiments/industrial-anomaly-detection/data/mvtec_ad/cable/test/good/013.png,46.29777526855469
M0_original,cable,1,shift_good,gamma_1.5,strong,gamma,good,/root/autodl-tmp/research-experiments/industrial-anomaly-detection/data/mvtec_ad/cable/test/good/014.png,40.313682556152344
M0_original,cable,1,shift_good,gamma_1.5,strong,gamma,good,/root/autodl-tmp/research-experiments/industrial-anomaly-detection/data/mvtec_ad/cable/test/good/015.png,40.150604248046875
M0_original,cable,1,shift_good,gamma_1.5,strong,gamma,good,/root/autodl-tmp/research-experiments/industrial-anomaly-detection/data/mvtec_ad/cable/test/good/016.png,40.45655059814453
M0_original,cable,1,shift_good,gamma_1.5,strong,gamma,good,/root/autodl-tmp/research-experiments/industrial-anomaly-detection/data/mvtec_ad/cable/test/good/017.png,38.27743911743164
M0_original,cable,1,shift_good,gamma_1.5,strong,gamma,good,/root/autodl-tmp/research-experiments/industrial-anomaly-detection/data/mvtec_ad/cable/test/good/018.png,42.82456588745117
M0_original,cable,1,shift_good,gamma_1.5,strong,gamma,good,/root/autodl-tmp/research-experiments/industrial-anomaly-detection/data/mvtec_ad/cable/test/good/019.png,41.45952224731445
M0_original,cable,1,shift_good,gamma_1.5,strong,gamma,good,/root/autodl-tmp/research-experiments/industrial-anomaly-detection/data/mvtec_ad/cable/test/good/020.png,38.989925384521484
M0_original,cable,1,shift_good,gamma_1.5,strong,gamma,good,/root/autodl-tmp/research-experiments/industrial-anomaly-detection/data/mvtec_ad/cable/test/good/021.png,38.23304748535156
M0_original,cable,1,shift_good,gamma_1.5,strong,gamma,good,/root/autodl-tmp/research-experiments/industrial-anomaly-detection/data/mvtec_ad/cable/test/good/022.png,40.59223556518555
M0_original,cable,1,shift_good,gamma_1.5,strong,gamma,good,/root/autodl-tmp/research-experiments/industrial-anomaly-detection/data/mvtec_ad/cable/test/good/023.png,38.09712219238281
M0_original,cable,1,shift_good,gamma_1.5,strong,gamma,good,/root/autodl-tmp/research-experiments/industrial-anomaly-detection/data/mvtec_ad/cable/test/good/024.png,41.63838195800781
M0_original,cable,1,shift_good,gamma_1.5,strong,gamma,good,/root/autodl-tmp/research-experiments/industrial-anomaly-detection/data/mvtec_ad/cable/test/good/025.png,39.14682388305664
M0_original,cable,1,shift_good,gamma_1.5,strong,gamma,good,/root/autodl-tmp/research-experiments/industrial-anomaly-detection/data/mvtec_ad/cable/test/good/026.png,38.3109016418457
M0_original,cable,1,shift_good,gamma_1.5,strong,gamma,good,/root/autodl-tmp/research-experiments/industrial-anomaly-detection/data/mvtec_ad/cable/test/good/027.png,37.846046447753906
M0_original,cable,1,shift_good,gamma_1.5,strong,gamma,good,/root/autodl-tmp/research-experiments/industrial-anomaly-detection/data/mvtec_ad/cable/test/good/028.png,39.01560592651367
M0_original,cable,1,shift_good,gamma_1.5,strong,gamma,good,/root/autodl-tmp/research-experiments/industrial-anomaly-detection/data/mvtec_ad/cable/test/good/029.png,38.01359176635742
M0_original,cable,1,shift_good,gamma_1.5,strong,gamma,good,/root/autodl-tmp/research-experiments/industrial-anomaly-detection/data/mvtec_ad/cable/test/good/030.png,45.72697448730469
M0_original,cable,1,shift_good,gamma_1.5,strong,gamma,good,/root/autodl-tmp/research-experiments/industrial-anomaly-detection/data/mvtec_ad/cable/test/good/031.png,39.01850509643555
M0_original,cable,1,shift_good,gamma_1.5,strong,gamma,good,/root/autodl-tmp/research-experiments/industrial-anomaly-detection/data/mvtec_ad/cable/test/good/032.png,39.614593505859375
M0_original,cable,1,shift_good,gamma_1.5,strong,gamma,good,/root/autodl-tmp/research-experiments/industrial-anomaly-detection/data/mvtec_ad/cable/test/good/033.png,40.32708740234375
M0_original,cable,1,shift_good,gamma_1.5,strong,gamma,good,/root/autodl-tmp/research-experiments/industrial-anomaly-detection/data/mvtec_ad/cable/test/good/034.png,41.49528884887695
M0_original,cable,1,shift_good,gamma_1.5,strong,gamma,good,/root/autodl-tmp/research-experiments/industrial-anomaly-detection/data/mvtec_ad/cable/test/good/035.png,37.08494186401367
M0_original,cable,1,shift_good,gamma_1.5,strong,gamma,good,/root/autodl-tmp/research-experiments/industrial-anomaly-detection/data/mvtec_ad/cable/test/good/036.png,40.09651565551758
M0_original,cable,1,shift_good,gamma_1.5,strong,gamma,good,/root/autodl-tmp/research-experiments/industrial-anomaly-detection/data/mvtec_ad/cable/test/good/037.png,39.45964431762695
M0_original,cable,1,shift_good,gamma_1.5,strong,gamma,good,/root/autodl-tmp/research-experiments/industrial-anomaly-detection/data/mvtec_ad/cable/test/good/038.png,39.70471954345703
M0_original,cable,1,shift_good,gamma_1.5,strong,gamma,good,/root/autodl-tmp/research-experiments/industrial-anomaly-detection/data/mvtec_ad/cable/test/good/039.png,42.075130462646484
M0_original,cable,1,shift_good,gamma_1.5,strong,gamma,good,/root/autodl-tmp/research-experiments/industrial-anomaly-detection/data/mvtec_ad/cable/test/good/040.png,37.61234664916992
M0_original,cable,1,shift_good,gamma_1.5,strong,gamma,good,/root/autodl-tmp/research-experiments/industrial-anomaly-detection/data/mvtec_ad/cable/test/good/041.png,42.532962799072266
M0_original,cable,1,shift_good,gamma_1.5,strong,gamma,good,/root/autodl-tmp/research-experiments/industrial-anomaly-detection/data/mvtec_ad/cable/test/good/042.png,41.54363250732422
M0_original,cable,1,shift_good,gamma_1.5,strong,gamma,good,/root/autodl-tmp/research-experiments/industrial-anomaly-detection/data/mvtec_ad/cable/test/good/043.png,39.028892517089844
M0_original,cable,1,shift_good,gamma_1.5,strong,gamma,good,/root/autodl-tmp/research-experiments/industrial-anomaly-detection/data/mvtec_ad/cable/test/good/044.png,39.26563262939453
M0_original,cable,1,shift_good,gamma_1.5,strong,gamma,good,/root/autodl-tmp/research-experiments/industrial-anomaly-detection/data/mvtec_ad/cable/test/good/045.png,40.400089263916016
M0_original,cable,1,shift_good,gamma_1.5,strong,gamma,good,/root/autodl-tmp/research-experiments/industrial-anomaly-detection/data/mvtec_ad/cable/test/good/046.png,38.483680725097656
M0_original,cable,1,shift_good,gamma_1.5,strong,gamma,good,/root/autodl-tmp/research-experiments/industrial-anomaly-detection/data/mvtec_ad/cable/test/good/047.png,39.80075454711914
M0_original,cable,1,shift_good,gamma_1.5,strong,gamma,good,/root/autodl-tmp/research-experiments/industrial-anomaly-detection/data/mvtec_ad/cable/test/good/048.png,41.4622917175293
M0_original,cable,1,shift_good,gamma_1.5,strong,gamma,good,/root/autodl-tmp/research-experiments/industrial-anomaly-detection/data/mvtec_ad/cable/test/good/049.png,39.263938903808594
M0_original,cable,1,shift_good,gamma_1.5,strong,gamma,good,/root/autodl-tmp/research-experiments/industrial-anomaly-detection/data/mvtec_ad/cable/test/good/050.png,39.28519058227539
M0_original,cable,1,shift_good,gamma_1.5,strong,gamma,good,/root/autodl-tmp/research-experiments/industrial-anomaly-detection/data/mvtec_ad/cable/test/good/051.png,39.914669036865234
M0_original,cable,1,shift_good,gamma_1.5,strong,gamma,good,/root/autodl-tmp/research-experiments/industrial-anomaly-detection/data/mvtec_ad/cable/test/good/052.png,39.50973129272461
M0_original,cable,1,shift_good,gamma_1.5,strong,gamma,good,/root/autodl-tmp/research-experiments/industrial-anomaly-detection/data/mvtec_ad/cable/test/good/053.png,39.85749435424805
M0_original,cable,1,shift_good,gamma_1.5,strong,gamma,good,/root/autodl-tmp/research-experiments/industrial-anomaly-detection/data/mvtec_ad/cable/test/good/054.png,39.112335205078125
M0_original,cable,1,shift_good,gamma_1.5,strong,gamma,good,/root/autodl-tmp/research-experiments/industrial-anomaly-detection/data/mvtec_ad/cable/test/good/055.png,43.53486251831055
M0_original,cable,1,shift_good,gamma_1.5,strong,gamma,good,/root/autodl-tmp/research-experiments/industrial-anomaly-detection/data/mvtec_ad/cable/test/good/056.png,40.73361587524414
M0_original,cable,1,shift_good,gamma_1.5,strong,gamma,good,/root/autodl-tmp/research-experiments/industrial-anomaly-detection/data/mvtec_ad/cable/test/good/057.png,46.93360900878906
