category,defect_type,image_path,seed,location,alpha,is_good,gt_label,anomaly_score,good_mean,good_std,z_score,mask_path,area_pixels,area_ratio,log_area_ratio
screw,good,D:\Research\research-experiments\industrial-anomaly-detection\data\mvtec_ad\screw\test\good\000.png,2,layer2,0.0,1,0,28.847423553466797,29.027660462914444,2.2187150692790665,-0.08123481556656652,,,,
screw,good,D:\Research\research-experiments\industrial-anomaly-detection\data\mvtec_ad\screw\test\good\001.png,2,layer2,0.0,1,0,28.98000144958496,29.027660462914444,2.2187150692790665,-0.021480456859640264,,,,
screw,good,D:\Research\research-experiments\industrial-anomaly-detection\data\mvtec_ad\screw\test\good\002.png,2,layer2,0.0,1,0,27.826078414916992,29.027660462914444,2.2187150692790665,-0.541566632252552,,,,
screw,good,D:\Research\research-experiments\industrial-anomaly-detection\data\mvtec_ad\screw\test\good\003.png,2,layer2,0.0,1,0,31.807769775390625,29.027660462914444,2.2187150692790665,1.2530267410044365,,,,
screw,good,D:\Research\research-experiments\industrial-anomaly-detection\data\mvtec_ad\screw\test\good\004.png,2,layer2,0.0,1,0,29.607221603393555,29.027660462914444,2.2187150692790665,0.26121476727853543,,,,
screw,good,D:\Research\research-experiments\industrial-anomaly-detection\data\mvtec_ad\screw\test\good\005.png,2,layer2,0.0,1,0,35.0459098815918,29.027660462914444,2.2187150692790665,2.712493146149172,,,,
screw,good,D:\Research\research-experiments\industrial-anomaly-detection\data\mvtec_ad\screw\test\good\006.png,2,layer2,0.0,1,0,26.633676528930664,29.027660462914444,2.2187150692790665,-1.078995661557238,,,,
screw,good,D:\Research\research-experiments\industrial-anomaly-detection\data\mvtec_ad\screw\test\good\007.png,2,layer2,0.0,1,0,27.279151916503906,29.027660462914444,2.2187150692790665,-0.7880725968921667,,,,
screw,good,D:\Research\research-experiments\industrial-anomaly-detection\data\mvtec_ad\screw\test\good\008.png,2,layer2,0.0,1,0,30.06989860534668,29.027660462914444,2.2187150692790665,0.46974853006740225,,,,
screw,good,D:\Research\research-experiments\industrial-anomaly-detection\data\mvtec_ad\screw\test\good\009.png,2,layer2,0.0,1,0,29.899494171142578,29.027660462914444,2.2187150692790665,0.3929453224074518,,,,
screw,good,D:\Research\research-experiments\industrial-anomaly-detection\data\mvtec_ad\screw\test\good\010.png,2,layer2,0.0,1,0,27.047042846679688,29.027660462914444,2.2187150692790665,-0.892686782389919,,,,
screw,good,D:\Research\research-experiments\industrial-anomaly-detection\data\mvtec_ad\screw\test\good\011.png,2,layer2,0.0,1,0,28.37563133239746,29.027660462914444,2.2187150692790665,-0.2938769108053376,,,,
screw,good,D:\Research\research-experiments\industrial-anomaly-detection\data\mvtec_ad\screw\test\good\012.png,2,layer2,0.0,1,0,30.913219451904297,29.027660462914444,2.2187150692790665,0.849842782923241,,,,
screw,good,D:\Research\research-experiments\industrial-anomaly-detection\data\mvtec_ad\screw\test\good\013.png,2,layer2,0.0,1,0,29.09166717529297,29.027660462914444,2.2187150692790665,0.028848549894837535,,,,
screw,good,D:\Research\research-experiments\industrial-anomaly-detection\data\mvtec_ad\screw\test\good\014.png,2,layer2,0.0,1,0,31.613889694213867,29.027660462914444,2.2187150692790665,1.1656427934839666,,,,
screw,good,D:\Research\research-experiments\industrial-anomaly-detection\data\mvtec_ad\screw\test\good\015.png,2,layer2,0.0,1,0,29.415945053100586,29.027660462914444,2.2187150692790665,0.17500426060220012,,,,
screw,good,D:\Research\research-experiments\industrial-anomaly-detection\data\mvtec_ad\screw\test\good\016.png,2,layer2,0.0,1,0,27.10567283630371,29.027660462914444,2.2187150692790665,-0.8662615823109048,,,,
screw,good,D:\Research\research-experiments\industrial-anomaly-detection\data\mvtec_ad\screw\test\good\017.png,2,layer2,0.0,1,0,26.16036033630371,29.027660462914444,2.2187150692790665,-1.2923246280300484,,,,
screw,good,D:\Research\research-experiments\industrial-anomaly-detection\data\mvtec_ad\screw\test\good\018.png,2,layer2,0.0,1,0,29.75018310546875,29.027660462914444,2.2187150692790665,0.325649134744047,,,,
screw,good,D:\Research\research-experiments\industrial-anomaly-detection\data\mvtec_ad\screw\test\good\019.png,2,layer2,0.0,1,0,29.497173309326172,29.027660462914444,2.2187150692790665,0.21161475527557866,,,,
screw,good,D:\Research\research-experiments\industrial-anomaly-detection\data\mvtec_ad\screw\test\good\020.png,2,layer2,0.0,1,0,29.3447265625,29.027660462914444,2.2187150692790665,0.1429052806174799,,,,
screw,good,D:\Research\research-experiments\industrial-anomaly-detection\data\mvtec_ad\screw\test\good\021.png,2,layer2,0.0,1,0,27.37449073791504,29.027660462914444,2.2187150692790665,-0.7451023107426651,,,,
screw,good,D:\Research\research-experiments\industrial-anomaly-detection\data\mvtec_ad\screw\test\good\022.png,2,layer2,0.0,1,0,31.92313575744629,29.027660462914444,2.2187150692790665,1.3050234951857431,,,,
screw,good,D:\Research\research-experiments\industrial-anomaly-detection\data\mvtec_ad\screw\test\good\023.png,2,layer2,0.0,1,0,29.40937614440918,29.027660462914444,2.2187150692790665,0.17204357908776813,,,,
screw,good,D:\Research\research-experiments\industrial-anomaly-detection\data\mvtec_ad\screw\test\good\024.png,2,layer2,0.0,1,0,29.224899291992188,29.027660462914444,2.2187150692790665,0.08889777322413607,,,,
screw,good,D:\Research\research-experiments\industrial-anomaly-detection\data\mvtec_ad\screw\test\good\025.png,2,layer2,0.0,1,0,32.1472282409668,29.027660462914444,2.2187150692790665,1.4060245144799073,,,,
screw,good,D:\Research\research-experiments\industrial-anomaly-detection\data\mvtec_ad\screw\test\good\026.png,2,layer2,0.0,1,0,26.602930068969727,29.027660462914444,2.2187150692790665,-1.0928534391451137,,,,
screw,good,D:\Research\research-experiments\industrial-anomaly-detection\data\mvtec_ad\screw\test\good\027.png,2,layer2,0.0,1,0,30.819856643676758,29.027660462914444,2.2187150692790665,0.8077631082862108,,,,
screw,good,D:\Research\research-experiments\industrial-anomaly-detection\data\mvtec_ad\screw\test\good\028.png,2,layer2,0.0,1,0,25.106657028198242,29.027660462914444,2.2187150692790665,-1.7672406380645644,,,,
screw,good,D:\Research\research-experiments\industrial-anomaly-detection\data\mvtec_ad\screw\test\good\029.png,2,layer2,0.0,1,0,27.734926223754883,29.027660462914444,2.2187150692790665,-0.5826499567515953,,,,
screw,good,D:\Research\research-experiments\industrial-anomaly-detection\data\mvtec_ad\screw\test\good\030.png,2,layer2,0.0,1,0,29.091157913208008,29.027660462914444,2.2187150692790665,0.028619019707743068,,,,
screw,good,D:\Research\research-experiments\industrial-anomaly-detection\data\mvtec_ad\screw\test\good\031.png,2,layer2,0.0,1,0,29.300748825073242,29.027660462914444,2.2187150692790665,0.12308401648325844,,,,
screw,good,D:\Research\research-experiments\industrial-anomaly-detection\data\mvtec_ad\screw\test\good\032.png,2,layer2,0.0,1,0,27.997617721557617,29.027660462914444,2.2187150692790665,-0.46425192473746585,,,,
screw,good,D:\Research\research-experiments\industrial-anomaly-detection\data\mvtec_ad\screw\test\good\033.png,2,layer2,0.0,1,0,27.087909698486328,29.027660462914444,2.2187150692790665,-0.8742676296233046,,,,
screw,good,D:\Research\research-experiments\industrial-anomaly-detection\data\mvtec_ad\screw\test\good\034.png,2,layer2,0.0,1,0,27.41303253173828,29.027660462914444,2.2187150692790665,-0.7277310879313621,,,,
screw,good,D:\Research\research-experiments\industrial-anomaly-detection\data\mvtec_ad\screw\test\good\035.png,2,layer2,0.0,1,0,35.298561096191406,29.027660462914444,2.2187150692790665,2.82636590885669,,,,
screw,good,D:\Research\research-experiments\industrial-anomaly-detection\data\mvtec_ad\screw\test\good\036.png,2,layer2,0.0,1,0,26.689838409423828,29.027660462914444,2.2187150692790665,-1.053682866205191,,,,
screw,good,D:\Research\research-experiments\industrial-anomaly-detection\data\mvtec_ad\screw\test\good\037.png,2,layer2,0.0,1,0,27.003108978271484,29.027660462914444,2.2187150692790665,-0.9124882742608328,,,,
screw,good,D:\Research\research-experiments\industrial-anomaly-detection\data\mvtec_ad\screw\test\good\038.png,2,layer2,0.0,1,0,30.94061851501465,29.027660462914444,2.2187150692790665,0.8621918508543721,,,,
screw,good,D:\Research\research-experiments\industrial-anomaly-detection\data\mvtec_ad\screw\test\good\039.png,2,layer2,0.0,1,0,27.328540802001953,29.027660462914444,2.2187150692790665,-0.7658124670621138,,,,
screw,good,D:\Research\research-experiments\industrial-anomaly-detection\data\mvtec_ad\screw\test\good\040.png,2,layer2,0.0,1,0,27.327306747436523,29.027660462914444,2.2187150692790665,-0.7663686694255973,,,,
screw,manipulated_front,D:\Research\research-experiments\industrial-anomaly-detection\data\mvtec_ad\screw\test\manipulated_front\000.png,2,layer2,0.0,0,1,34.62016296386719,29.027660462914444,2.2187150692790665,2.5206041904109533,D:\Research\research-experiments\industrial-anomaly-detection\data\mvtec_ad\screw\ground_truth\manipulated_front\000_mask.png,3806,0.0036296844482421875,-5.618609287836806
screw,manipulated_front,D:\Research\research-experiments\industrial-anomaly-detection\data\mvtec_ad\screw\test\manipulated_front\001.png,2,layer2,0.0,0,1,34.64502716064453,29.027660462914444,2.2187150692790665,2.531810765388345,D:\Research\research-experiments\industrial-anomaly-detection\data\mvtec_ad\screw\ground_truth\manipulated_front\001_mask.png,2866,0.0027332305908203125,-5.902270636943445
screw,manipulated_front,D:\Research\research-experiments\industrial-anomaly-detection\data\mvtec_ad\screw\test\manipulated_front\002.png,2,layer2,0.0,0,1,30.38840675354004,29.027660462914444,2.2187150692790665,0.6133037583179829,D:\Research\research-experiments\industrial-anomaly-detection\data\mvtec_ad\screw\ground_truth\manipulated_front\002_mask.png,2520,0.00240325927734375,-6.030929014591936
screw,manipulated_front,D:\Research\research-experiments\industrial-anomaly-detection\data\mvtec_ad\screw\test\manipulated_front\003.png,2,layer2,0.0,0,1,40.66080856323242,29.027660462914444,2.2187150692790665,5.243191548745361,D:\Research\research-experiments\industrial-anomaly-detection\data\mvtec_ad\screw\ground_truth\manipulated_front\003_mask.png,4826,0.0046024322509765625,-5.381170147737533
screw,manipulated_front,D:\Research\research-experiments\industrial-anomaly-detection\data\mvtec_ad\screw\test\manipulated_front\004.png,2,layer2,0.0,0,1,39.617488861083984,29.027660462914444,2.2187150692790665,4.772955547469429,D:\Research\research-experiments\industrial-anomaly-detection\data\mvtec_ad\screw\ground_truth\manipulated_front\004_mask.png,2245,0.0021409988403320312,-6.146482343950946
screw,manipulated_front,D:\Research\research-experiments\industrial-anomaly-detection\data\mvtec_ad\screw\test\manipulated_front\005.png,2,layer2,0.0,0,1,37.559242248535156,29.027660462914444,2.2187150692790665,3.8452804975958017,D:\Research\research-experiments\industrial-anomaly-detection\data\mvtec_ad\screw\ground_truth\manipulated_front\005_mask.png,3304,0.00315093994140625,-5.76005415919247
screw,manipulated_front,D:\Research\research-experiments\industrial-anomaly-detection\data\mvtec_ad\screw\test\manipulated_front\006.png,2,layer2,0.0,0,1,37.19881820678711,29.027660462914444,2.2187150692790665,3.6828333015864647,D:\Research\research-experiments\industrial-anomaly-detection\data\mvtec_ad\screw\ground_truth\manipulated_front\006_mask.png,3633,0.0034646987915039062,-5.665129290352367
screw,manipulated_front,D:\Research\research-experiments\industrial-anomaly-detection\data\mvtec_ad\screw\test\manipulated_front\007.png,2,layer2,0.0,0,1,39.81666564941406,29.027660462914444,2.2187150692790665,4.862726780868407,D:\Research\research-experiments\industrial-anomaly-detection\data\mvtec_ad\screw\ground_truth\manipulated_front\007_mask.png,4911,0.004683494567871094,-5.363710531643903
screw,manipulated_front,D:\Research\research-experiments\industrial-anomaly-detection\data\mvtec_ad\screw\test\manipulated_front\008.png,2,layer2,0.0,0,1,37.52116775512695,29.027660462914444,2.2187150692790665,3.8281198923719075,D:\Research\research-experiments\industrial-anomaly-detection\data\mvtec_ad\screw\ground_truth\manipulated_front\008_mask.png,3808,0.003631591796875,-5.618083939926343
screw,manipulated_front,D:\Research\research-experiments\industrial-anomaly-detection\data\mvtec_ad\screw\test\manipulated_front\009.png,2,layer2,0.0,0,1,34.48239517211914,29.027660462914444,2.2187150692790665,2.4585106869883564,D:\Research\research-experiments\industrial-anomaly-detection\data\mvtec_ad\screw\ground_truth\manipulated_front\009_mask.png,6709,0.006398200988769531,-5.051738267342097
screw,manipulated_front,D:\Research\research-experiments\industrial-anomaly-detection\data\mvtec_ad\screw\test\manipulated_front\010.png,2,layer2,0.0,0,1,34.95454025268555,29.027660462914444,2.2187150692790665,2.671311819997212,D:\Research\research-experiments\industrial-anomaly-detection\data\mvtec_ad\screw\ground_truth\manipulated_front\010_mask.png,3690,0.0035190582275390625,-5.649561589997436
screw,manipulated_front,D:\Research\research-experiments\industrial-anomaly-detection\data\mvtec_ad\screw\test\manipulated_front\011.png,2,layer2,0.0,0,1,34.86879348754883,29.027660462914444,2.2187150692790665,2.632664782203134,D:\Research\research-experiments\industrial-anomaly-detection\data\mvtec_ad\screw\ground_truth\manipulated_front\011_mask.png,3133,0.0029878616333007812,-5.813196985559251
screw,manipulated_front,D:\Research\research-experiments\industrial-anomaly-detection\data\mvtec_ad\screw\test\manipulated_front\012.png,2,layer2,0.0,0,1,31.763004302978516,29.027660462914444,2.2187150692790665,1.2328504357942975,D:\Research\research-experiments\industrial-anomaly-detection\data\mvtec_ad\screw\ground_truth\manipulated_front\012_mask.png,1695,0.0016164779663085938,-6.427504972755639
screw,manipulated_front,D:\Research\research-experiments\industrial-anomaly-detection\data\mvtec_ad\screw\test\manipulated_front\013.png,2,layer2,0.0,0,1,36.04114532470703,29.027660462914444,2.2187150692790665,3.16105702751255,D:\Research\research-experiments\industrial-anomaly-detection\data\mvtec_ad\screw\ground_truth\manipulated_front\013_mask.png,3133,0.0029878616333007812,-5.813196985559251
screw,manipulated_front,D:\Research\research-experiments\industrial-anomaly-detection\data\mvtec_ad\screw\test\manipulated_front\014.png,2,layer2,0.0,0,1,37.50130844116211,29.027660462914444,2.2187150692790665,3.8191690747388454,D:\Research\research-experiments\industrial-anomaly-detection\data\mvtec_ad\screw\ground_truth\manipulated_front\014_mask.png,3315,0.0031614303588867188,-5.7567303922664745
screw,manipulated_front,D:\Research\research-experiments\industrial-anomaly-detection\data\mvtec_ad\screw\test\manipulated_front\015.png,2,layer2,0.0,0,1,37.732452392578125,29.027660462914444,2.2187150692790665,3.923348270443827,D:\Research\research-experiments\industrial-anomaly-detection\data\mvtec_ad\screw\ground_truth\manipulated_front\015_mask.png,4777,0.004555702209472656,-5.39137537830384
screw,manipulated_front,D:\Research\research-experiments\industrial-anomaly-detection\data\mvtec_ad\screw\test\manipulated_front\016.png,2,layer2,0.0,0,1,41.27121353149414,29.027660462914444,2.2187150692790665,5.5183079783913085,D:\Research\research-experiments\industrial-anomaly-detection\data\mvtec_ad\screw\ground_truth\manipulated_front\016_mask.png,7016,0.00669097900390625,-5.006994927691938
screw,manipulated_front,D:\Research\research-experiments\industrial-anomaly-detection\data\mvtec_ad\screw\test\manipulated_front\017.png,2,layer2,0.0,0,1,32.189483642578125,29.027660462914444,2.2187150692790665,1.4250695023633935,D:\Research\research-experiments\industrial-anomaly-detection\data\mvtec_ad\screw\ground_truth\manipulated_front\017_mask.png,1443,0.0013761520385742188,-6.5884633257614045
screw,manipulated_front,D:\Research\research-experiments\industrial-anomaly-detection\data\mvtec_ad\screw\test\manipulated_front\018.png,2,layer2,0.0,0,1,36.476871490478516,29.027660462914444,2.2187150692790665,3.3574437433214737,D:\Research\research-experiments\industrial-anomaly-detection\data\mvtec_ad\screw\ground_truth\manipulated_front\018_mask.png,2756,0.002628326416015625,-5.941407598595183
screw,manipulated_front,D:\Research\research-experiments\industrial-anomaly-detection\data\mvtec_ad\screw\test\manipulated_front\019.png,2,layer2,0.0,0,1,30.477977752685547,29.027660462914444,2.2187150692790665,0.6536744216743248,D:\Research\research-experiments\industrial-anomaly-detection\data\mvtec_ad\screw\ground_truth\manipulated_front\019_mask.png,1771,0.0016889572143554688,-6.383643381334938
screw,manipulated_front,D:\Research\research-experiments\industrial-anomaly-detection\data\mvtec_ad\screw\test\manipulated_front\020.png,2,layer2,0.0,0,1,32.89617919921875,29.027660462914444,2.2187150692790665,1.7435851903062594,D:\Research\research-experiments\industrial-anomaly-detection\data\mvtec_ad\screw\ground_truth\manipulated_front\020_mask.png,1359,0.0012960433959960938,-6.648438425468958
screw,manipulated_front,D:\Research\research-experiments\industrial-anomaly-detection\data\mvtec_ad\screw\test\manipulated_front\021.png,2,layer2,0.0,0,1,32.108089447021484,29.027660462914444,2.2187150692790665,1.3883842169548943,D:\Research\research-experiments\industrial-anomaly-detection\data\mvtec_ad\screw\ground_truth\manipulated_front\021_mask.png,1537,0.0014657974243164062,-6.525355185438031
screw,manipulated_front,D:\Research\research-experiments\industrial-anomaly-detection\data\mvtec_ad\screw\test\manipulated_front\022.png,2,layer2,0.0,0,1,31.643877029418945,29.027660462914444,2.2187150692790665,1.1791584249502558,D:\Research\research-experiments\industrial-anomaly-detection\data\mvtec_ad\screw\ground_truth\manipulated_front\022_mask.png,1506,0.0014362335205078125,-6.5457305065737055
screw,manipulated_front,D:\Research\research-experiments\industrial-anomaly-detection\data\mvtec_ad\screw\test\manipulated_front\023.png,2,layer2,0.0,0,1,32.12416076660156,29.027660462914444,2.2187150692790665,1.395627742634512,D:\Research\research-experiments\industrial-anomaly-detection\data\mvtec_ad\screw\ground_truth\manipulated_front\023_mask.png,2523,0.0024061203002929688,-6.0297392469511175
screw,scratch_head,D:\Research\research-experiments\industrial-anomaly-detection\data\mvtec_ad\screw\test\scratch_head\000.png,2,layer2,0.0,0,1,41.9931640625,29.027660462914444,2.2187150692790665,5.843699255983543,D:\Research\research-experiments\industrial-anomaly-detection\data\mvtec_ad\screw\ground_truth\scratch_head\000_mask.png,2767,0.0026388168334960938,-5.937424252454337
screw,scratch_head,D:\Research\research-experiments\industrial-anomaly-detection\data\mvtec_ad\screw\test\scratch_head\001.png,2,layer2,0.0,0,1,36.077510833740234,29.027660462914444,2.2187150692790665,3.177447374131064,D:\Research\research-experiments\industrial-anomaly-detection\data\mvtec_ad\screw\ground_truth\scratch_head\001_mask.png,3019,0.0028791427612304688,-5.850262334166524
screw,scratch_head,D:\Research\research-experiments\industrial-anomaly-detection\data\mvtec_ad\screw\test\scratch_head\002.png,2,layer2,0.0,0,1,37.11867904663086,29.027660462914444,2.2187150692790665,3.646713674841292,D:\Research\research-experiments\industrial-anomaly-detection\data\mvtec_ad\screw\ground_truth\scratch_head\002_mask.png,3012,0.002872467041015625,-5.852583674146381
screw,scratch_head,D:\Research\research-experiments\industrial-anomaly-detection\data\mvtec_ad\screw\test\scratch_head\003.png,2,layer2,0.0,0,1,32.24552536010742,29.027660462914444,2.2187150692790665,1.4503281389072498,D:\Research\research-experiments\industrial-anomaly-detection\data\mvtec_ad\screw\ground_truth\scratch_head\003_mask.png,1741,0.0016603469848632812,-6.400728069147154
screw,scratch_head,D:\Research\research-experiments\industrial-anomaly-detection\data\mvtec_ad\screw\test\scratch_head\004.png,2,layer2,0.0,0,1,36.01154708862305,29.027660462914444,2.2187150692790665,3.1477167674251647,D:\Research\research-experiments\industrial-anomaly-detection\data\mvtec_ad\screw\ground_truth\scratch_head\004_mask.png,2981,0.0028429031372070312,-5.8629291657677935
screw,scratch_head,D:\Research\research-experiments\industrial-anomaly-detection\data\mvtec_ad\screw\test\scratch_head\005.png,2,layer2,0.0,0,1,36.164794921875,29.027660462914444,2.2187150692790665,3.2167873008045356,D:\Research\research-experiments\industrial-anomaly-detection\data\mvtec_ad\screw\ground_truth\scratch_head\005_mask.png,1355,0.0012922286987304688,-6.651386104028578
screw,scratch_head,D:\Research\research-experiments\industrial-anomaly-detection\data\mvtec_ad\screw\test\scratch_head\006.png,2,layer2,0.0,0,1,34.7464485168457,29.027660462914444,2.2187150692790665,2.5775225188286486,D:\Research\research-experiments\industrial-anomaly-detection\data\mvtec_ad\screw\ground_truth\scratch_head\006_mask.png,2586,0.0024662017822265625,-6.00507564638536
screw,scratch_head,D:\Research\research-experiments\industrial-anomaly-detection\data\mvtec_ad\screw\test\scratch_head\007.png,2,layer2,0.0,0,1,35.39208984375,29.027660462914444,2.2187150692790665,2.868520374228841,D:\Research\research-experiments\industrial-anomaly-detection\data\mvtec_ad\screw\ground_truth\scratch_head\007_mask.png,2707,0.0025815963745117188,-5.959346934227458
screw,scratch_head,D:\Research\research-experiments\industrial-anomaly-detection\data\mvtec_ad\screw\test\scratch_head\008.png,2,layer2,0.0,0,1,38.653099060058594,29.027660462914444,2.2187150692790665,4.3382941462022755,D:\Research\research-experiments\industrial-anomaly-detection\data\mvtec_ad\screw\ground_truth\scratch_head\008_mask.png,3009,0.0028696060180664062,-5.853580186089028
screw,scratch_head,D:\Research\research-experiments\industrial-anomaly-detection\data\mvtec_ad\screw\test\scratch_head\009.png,2,layer2,0.0,0,1,37.40011978149414,29.027660462914444,2.2187150692790665,3.7735622002604345,D:\Research\research-experiments\industrial-anomaly-detection\data\mvtec_ad\screw\ground_truth\scratch_head\009_mask.png,3278,0.0031261444091796875,-5.767954532012327
screw,scratch_head,D:\Research\research-experiments\industrial-anomaly-detection\data\mvtec_ad\screw\test\scratch_head\010.png,2,layer2,0.0,0,1,36.821720123291016,29.027660462914444,2.2187150692790665,3.512870926192933,D:\Research\research-experiments\industrial-anomaly-detection\data\mvtec_ad\screw\ground_truth\scratch_head\010_mask.png,2213,0.0021104812622070312,-6.160838797322393
screw,scratch_head,D:\Research\research-experiments\industrial-anomaly-detection\data\mvtec_ad\screw\test\scratch_head\011.png,2,layer2,0.0,0,1,39.35780334472656,29.027660462914444,2.2187150692790665,4.655912345323693,D:\Research\research-experiments\industrial-anomaly-detection\data\mvtec_ad\screw\ground_truth\scratch_head\011_mask.png,2801,0.0026712417602539062,-5.925211461581139
screw,scratch_head,D:\Research\research-experiments\industrial-anomaly-detection\data\mvtec_ad\screw\test\scratch_head\012.png,2,layer2,0.0,0,1,38.51301193237305,29.027660462914444,2.2187150692790665,4.275155291815233,D:\Research\research-experiments\industrial-anomaly-detection\data\mvtec_ad\screw\ground_truth\scratch_head\012_mask.png,3541,0.0033769607543945312,-5.690778862962787
screw,scratch_head,D:\Research\research-experiments\industrial-anomaly-detection\data\mvtec_ad\screw\test\scratch_head\013.png,2,layer2,0.0,0,1,38.16154098510742,29.027660462914444,2.2187150692790665,4.116743356847924,D:\Research\research-experiments\industrial-anomaly-detection\data\mvtec_ad\screw\ground_truth\scratch_head\013_mask.png,1953,0.0018625259399414062,-6.285821143417097
screw,scratch_head,D:\Research\research-experiments\industrial-anomaly-detection\data\mvtec_ad\screw\test\scratch_head\014.png,2,layer2,0.0,0,1,32.902706146240234,29.027660462914444,2.2187150692790665,1.7465269592210055,D:\Research\research-experiments\industrial-anomaly-detection\data\mvtec_ad\screw\ground_truth\scratch_head\014_mask.png,2388,0.002277374267578125,-6.084731697584332
screw,scratch_head,D:\Research\research-experiments\industrial-anomaly-detection\data\mvtec_ad\screw\test\scratch_head\015.png,2,layer2,0.0,0,1,44.130340576171875,29.027660462914444,2.2187150692790665,6.806948905865948,D:\Research\research-experiments\industrial-anomaly-detection\data\mvtec_ad\screw\ground_truth\scratch_head\015_mask.png,3545,0.0033807754516601562,-5.689649876442595
screw,scratch_head,D:\Research\research-experiments\industrial-anomaly-detection\data\mvtec_ad\screw\test\scratch_head\016.png,2,layer2,0.0,0,1,35.67145919799805,29.027660462914444,2.2187150692790665,2.9944353049544086,D:\Research\research-experiments\industrial-anomaly-detection\data\mvtec_ad\screw\ground_truth\scratch_head\016_mask.png,2091,0.0019941329956054688,-6.217545410299332
screw,scratch_head,D:\Research\research-experiments\industrial-anomaly-detection\data\mvtec_ad\screw\test\scratch_head\017.png,2,layer2,0.0,0,1,36.04538345336914,29.027660462914444,2.2187150692790665,3.1629672000808045,D:\Research\research-experiments\industrial-anomaly-detection\data\mvtec_ad\screw\ground_truth\scratch_head\017_mask.png,2511,0.0023946762084960938,-6.034506834448417
screw,scratch_head,D:\Research\research-experiments\industrial-anomaly-detection\data\mvtec_ad\screw\test\scratch_head\018.png,2,layer2,0.0,0,1,35.00392150878906,29.027660462914444,2.2187150692790665,2.6935685111727765,D:\Research\research-experiments\industrial-anomaly-detection\data\mvtec_ad\screw\ground_truth\scratch_head\018_mask.png,3846,0.0036678314208984375,-5.608154412409553
screw,scratch_head,D:\Research\research-experiments\industrial-anomaly-detection\data\mvtec_ad\screw\test\scratch_head\019.png,2,layer2,0.0,0,1,39.12343215942383,29.027660462914444,2.2187150692790665,4.5502785987701575,D:\Research\research-experiments\industrial-anomaly-detection\data\mvtec_ad\screw\ground_truth\scratch_head\019_mask.png,2618,0.0024967193603515625,-5.992777264203549
screw,scratch_head,D:\Research\research-experiments\industrial-anomaly-detection\data\mvtec_ad\screw\test\scratch_head\020.png,2,layer2,0.0,0,1,36.61330795288086,29.027660462914444,2.2187150692790665,3.418937201535861,D:\Research\research-experiments\industrial-anomaly-detection\data\mvtec_ad\screw\ground_truth\scratch_head\020_mask.png,2465,0.0023508071899414062,-6.052996099336405
screw,scratch_head,D:\Research\research-experiments\industrial-anomaly-detection\data\mvtec_ad\screw\test\scratch_head\021.png,2,layer2,0.0,0,1,39.18415832519531,29.027660462914444,2.2187150692790665,4.577648569169835,D:\Research\research-experiments\industrial-anomaly-detection\data\mvtec_ad\screw\ground_truth\scratch_head\021_mask.png,2066,0.0019702911376953125,-6.229573453980245
screw,scratch_head,D:\Research\research-experiments\industrial-anomaly-detection\data\mvtec_ad\screw\test\scratch_head\022.png,2,layer2,0.0,0,1,29.653850555419922,29.027660462914444,2.2187150692790665,0.28223096384744345,D:\Research\research-experiments\industrial-anomaly-detection\data\mvtec_ad\screw\ground_truth\scratch_head\022_mask.png,1402,0.0013370513916015625,-6.617287795690243
screw,scratch_head,D:\Research\research-experiments\industrial-anomaly-detection\data\mvtec_ad\screw\test\scratch_head\023.png,2,layer2,0.0,0,1,36.365936279296875,29.027660462914444,2.2187150692790665,3.3074439877342514,D:\Research\research-experiments\industrial-anomaly-detection\data\mvtec_ad\screw\ground_truth\scratch_head\023_mask.png,2444,0.002330780029296875,-6.061551861866596
screw,scratch_neck,D:\Research\research-experiments\industrial-anomaly-detection\data\mvtec_ad\screw\test\scratch_neck\000.png,2,layer2,0.0,0,1,33.4540901184082,29.027660462914444,2.2187150692790665,1.9950419577454135,D:\Research\research-experiments\industrial-anomaly-detection\data\mvtec_ad\screw\ground_truth\scratch_neck\000_mask.png,2810,0.0026798248291015625,-5.922003475712465
screw,scratch_neck,D:\Research\research-experiments\industrial-anomaly-detection\data\mvtec_ad\screw\test\scratch_neck\001.png,2,layer2,0.0,0,1,48.98340606689453,29.027660462914444,2.2187150692790665,8.994280464532277,D:\Research\research-experiments\industrial-anomaly-detection\data\mvtec_ad\screw\ground_truth\scratch_neck\001_mask.png,7445,0.007100105285644531,-4.947645525237824
screw,scratch_neck,D:\Research\research-experiments\industrial-anomaly-detection\data\mvtec_ad\screw\test\scratch_neck\002.png,2,layer2,0.0,0,1,33.52128219604492,29.027660462914444,2.2187150692790665,2.02532618782393,D:\Research\research-experiments\industrial-anomaly-detection\data\mvtec_ad\screw\ground_truth\scratch_neck\002_mask.png,2926,0.0027904510498046875,-5.881551671253898
screw,scratch_neck,D:\Research\research-experiments\industrial-anomaly-detection\data\mvtec_ad\screw\test\scratch_neck\003.png,2,layer2,0.0,0,1,50.1632194519043,29.027660462914444,2.2187150692790665,9.526035713931257,D:\Research\research-experiments\industrial-anomaly-detection\data\mvtec_ad\screw\ground_truth\scratch_neck\003_mask.png,2614,0.0024929046630859375,-5.994306315876335
screw,scratch_neck,D:\Research\research-experiments\industrial-anomaly-detection\data\mvtec_ad\screw\test\scratch_neck\004.png,2,layer2,0.0,0,1,41.70935821533203,29.027660462914444,2.2187150692790665,5.715784747673025,D:\Research\research-experiments\industrial-anomaly-detection\data\mvtec_ad\screw\ground_truth\scratch_neck\004_mask.png,3823,0.0036458969116210938,-5.6141526032216
screw,scratch_neck,D:\Research\research-experiments\industrial-anomaly-detection\data\mvtec_ad\screw\test\scratch_neck\005.png,2,layer2,0.0,0,1,32.32769775390625,29.027660462914444,2.2187150692790665,1.4873641670735562,D:\Research\research-experiments\industrial-anomaly-detection\data\mvtec_ad\screw\ground_truth\scratch_neck\005_mask.png,2145,0.0020456314086914062,-6.1920482909902885
screw,scratch_neck,D:\Research\research-experiments\industrial-anomaly-detection\data\mvtec_ad\screw\test\scratch_neck\006.png,2,layer2,0.0,0,1,44.474037170410156,29.027660462914444,2.2187150692790665,6.961856851909673,D:\Research\research-experiments\industrial-anomaly-detection\data\mvtec_ad\screw\ground_truth\scratch_neck\006_mask.png,4725,0.004506111145019531,-5.402320549350241
screw,scratch_neck,D:\Research\research-experiments\industrial-anomaly-detection\data\mvtec_ad\screw\test\scratch_neck\007.png,2,layer2,0.0,0,1,47.51637649536133,29.027660462914444,2.2187150692790665,8.333073628266506,D:\Research\research-experiments\industrial-anomaly-detection\data\mvtec_ad\screw\ground_truth\scratch_neck\007_mask.png,3062,0.0029201507568359375,-5.836119692533263
screw,scratch_neck,D:\Research\research-experiments\industrial-anomaly-detection\data\mvtec_ad\screw\test\scratch_neck\008.png,2,layer2,0.0,0,1,51.29576873779297,29.027660462914444,2.2187150692790665,10.03648849877518,D:\Research\research-experiments\industrial-anomaly-detection\data\mvtec_ad\screw\ground_truth\scratch_neck\008_mask.png,4567,0.004355430603027344,-5.43633156841551
screw,scratch_neck,D:\Research\research-experiments\industrial-anomaly-detection\data\mvtec_ad\screw\test\scratch_neck\009.png,2,layer2,0.0,0,1,52.18098449707031,29.027660462914444,2.2187150692790665,10.435465263089931,D:\Research\research-experiments\industrial-anomaly-detection\data\mvtec_ad\screw\ground_truth\scratch_neck\009_mask.png,2582,0.0024623870849609375,-6.006623633682409
screw,scratch_neck,D:\Research\research-experiments\industrial-anomaly-detection\data\mvtec_ad\screw\test\scratch_neck\010.png,2,layer2,0.0,0,1,41.98142623901367,29.027660462914444,2.2187150692790665,5.8384088860532835,D:\Research\research-experiments\industrial-anomaly-detection\data\mvtec_ad\screw\ground_truth\scratch_neck\010_mask.png,4609,0.004395484924316406,-5.42717719097224
screw,scratch_neck,D:\Research\research-experiments\industrial-anomaly-detection\data\mvtec_ad\screw\test\scratch_neck\011.png,2,layer2,0.0,0,1,33.95970153808594,29.027660462914444,2.2187150692790665,2.2229267486672257,D:\Research\research-experiments\industrial-anomaly-detection\data\mvtec_ad\screw\ground_truth\scratch_neck\011_mask.png,1637,0.0015611648559570312,-6.462322393280634
screw,scratch_neck,D:\Research\research-experiments\industrial-anomaly-detection\data\mvtec_ad\screw\test\scratch_neck\012.png,2,layer2,0.0,0,1,36.8127555847168,29.027660462914444,2.2187150692790665,3.508830507169173,D:\Research\research-experiments\industrial-anomaly-detection\data\mvtec_ad\screw\ground_truth\scratch_neck\012_mask.png,3583,0.0034170150756835938,-5.6789876012409115
screw,scratch_neck,D:\Research\research-experiments\industrial-anomaly-detection\data\mvtec_ad\screw\test\scratch_neck\013.png,2,layer2,0.0,0,1,42.413002014160156,29.027660462914444,2.2187150692790665,6.032924973820569,D:\Research\research-experiments\industrial-anomaly-detection\data\mvtec_ad\screw\ground_truth\scratch_neck\013_mask.png,3198,0.0030498504638671875,-5.792662389920133
screw,scratch_neck,D:\Research\research-experiments\industrial-anomaly-detection\data\mvtec_ad\screw\test\scratch_neck\014.png,2,layer2,0.0,0,1,48.07121658325195,29.027660462914444,2.2187150692790665,8.583146337274117,D:\Research\research-experiments\industrial-anomaly-detection\data\mvtec_ad\screw\ground_truth\scratch_neck\014_mask.png,2981,0.0028429031372070312,-5.8629291657677935
screw,scratch_neck,D:\Research\research-experiments\industrial-anomaly-detection\data\mvtec_ad\screw\test\scratch_neck\015.png,2,layer2,0.0,0,1,46.007789611816406,29.027660462914444,2.2187150692790665,7.653136441002929,D:\Research\research-experiments\industrial-anomaly-detection\data\mvtec_ad\screw\ground_truth\scratch_neck\015_mask.png,3017,0.0028772354125976562,-5.850925024484055
screw,scratch_neck,D:\Research\research-experiments\industrial-anomaly-detection\data\mvtec_ad\screw\test\scratch_neck\016.png,2,layer2,0.0,0,1,50.16747283935547,29.027660462914444,2.2187150692790665,9.52795276380849,D:\Research\research-experiments\industrial-anomaly-detection\data\mvtec_ad\screw\ground_truth\scratch_neck\016_mask.png,3955,0.0037717819213867188,-5.580207465870512
screw,scratch_neck,D:\Research\research-experiments\industrial-anomaly-detection\data\mvtec_ad\screw\test\scratch_neck\017.png,2,layer2,0.0,0,1,39.645408630371094,29.027660462914444,2.2187150692790665,4.785539303569388,D:\Research\research-experiments\industrial-anomaly-detection\data\mvtec_ad\screw\ground_truth\scratch_neck\017_mask.png,3813,0.0036363601684570312,-5.6167717763411185
screw,scratch_neck,D:\Research\research-experiments\industrial-anomaly-detection\data\mvtec_ad\screw\test\scratch_neck\018.png,2,layer2,0.0,0,1,44.87689971923828,29.027660462914444,2.2187150692790665,7.143431563510215,D:\Research\research-experiments\industrial-anomaly-detection\data\mvtec_ad\screw\ground_truth\scratch_neck\018_mask.png,3269,0.0031175613403320312,-5.770703883711211
screw,scratch_neck,D:\Research\research-experiments\industrial-anomaly-detection\data\mvtec_ad\screw\test\scratch_neck\019.png,2,layer2,0.0,0,1,42.208316802978516,29.027660462914444,2.2187150692790665,5.940671031881034,D:\Research\research-experiments\industrial-anomaly-detection\data\mvtec_ad\screw\ground_truth\scratch_neck\019_mask.png,4108,0.003917694091796875,-5.542251784898299
screw,scratch_neck,D:\Research\research-experiments\industrial-anomaly-detection\data\mvtec_ad\screw\test\scratch_neck\020.png,2,layer2,0.0,0,1,50.93352127075195,29.027660462914444,2.2187150692790665,9.873219464343137,D:\Research\research-experiments\industrial-anomaly-detection\data\mvtec_ad\screw\ground_truth\scratch_neck\020_mask.png,7369,0.007027626037597656,-4.957906178136354
screw,scratch_neck,D:\Research\research-experiments\industrial-anomaly-detection\data\mvtec_ad\screw\test\scratch_neck\021.png,2,layer2,0.0,0,1,34.0692138671875,29.027660462914444,2.2187150692790665,2.272285195192379,D:\Research\research-experiments\industrial-anomaly-detection\data\mvtec_ad\screw\ground_truth\scratch_neck\021_mask.png,2687,0.0025625228881835938,-5.966762612343074
screw,scratch_neck,D:\Research\research-experiments\industrial-anomaly-detection\data\mvtec_ad\screw\test\scratch_neck\022.png,2,layer2,0.0,0,1,38.065452575683594,29.027660462914444,2.2187150692790665,4.073435222894946,D:\Research\research-experiments\industrial-anomaly-detection\data\mvtec_ad\screw\ground_truth\scratch_neck\022_mask.png,1033,0.0009851455688476562,-6.92272012700137
screw,scratch_neck,D:\Research\research-experiments\industrial-anomaly-detection\data\mvtec_ad\screw\test\scratch_neck\023.png,2,layer2,0.0,0,1,37.70230484008789,29.027660462914444,2.2187150692790665,3.9097604272332833,D:\Research\research-experiments\industrial-anomaly-detection\data\mvtec_ad\screw\ground_truth\scratch_neck\023_mask.png,1717,0.0016374588012695312,-6.4146091395992295
screw,scratch_neck,D:\Research\research-experiments\industrial-anomaly-detection\data\mvtec_ad\screw\test\scratch_neck\024.png,2,layer2,0.0,0,1,46.84614944458008,29.027660462914444,2.2187150692790665,8.030994708777747,D:\Research\research-experiments\industrial-anomaly-detection\data\mvtec_ad\screw\ground_truth\scratch_neck\024_mask.png,3240,0.00308990478515625,-5.779614678778016
screw,thread_side,D:\Research\research-experiments\industrial-anomaly-detection\data\mvtec_ad\screw\test\thread_side\000.png,2,layer2,0.0,0,1,31.29646873474121,29.027660462914444,2.2187150692790665,1.0225775734979696,D:\Research\research-experiments\industrial-anomaly-detection\data\mvtec_ad\screw\ground_truth\thread_side\000_mask.png,1580,0.001506805419921875,-6.497762821522418
screw,thread_side,D:\Research\research-experiments\industrial-anomaly-detection\data\mvtec_ad\screw\test\thread_side\001.png,2,layer2,0.0,0,1,33.85658645629883,29.027660462914444,2.2187150692790665,2.1764516139305177,D:\Research\research-experiments\industrial-anomaly-detection\data\mvtec_ad\screw\ground_truth\thread_side\001_mask.png,6009,0.005730628967285156,-5.161929812364078
screw,thread_side,D:\Research\research-experiments\industrial-anomaly-detection\data\mvtec_ad\screw\test\thread_side\002.png,2,layer2,0.0,0,1,33.866233825683594,29.027660462914444,2.2187150692790665,2.180799792530981,D:\Research\research-experiments\industrial-anomaly-detection\data\mvtec_ad\screw\ground_truth\thread_side\002_mask.png,2302,0.0021953582763671875,-6.121409566410666
screw,thread_side,D:\Research\research-experiments\industrial-anomaly-detection\data\mvtec_ad\screw\test\thread_side\003.png,2,layer2,0.0,0,1,32.85783767700195,29.027660462914444,2.2187150692790665,1.7263042321752744,D:\Research\research-experiments\industrial-anomaly-detection\data\mvtec_ad\screw\ground_truth\thread_side\003_mask.png,2047,0.0019521713256835938,-6.238812513287626
screw,thread_side,D:\Research\research-experiments\industrial-anomaly-detection\data\mvtec_ad\screw\test\thread_side\004.png,2,layer2,0.0,0,1,34.56635284423828,29.027660462914444,2.2187150692790665,2.496351360304927,D:\Research\research-experiments\industrial-anomaly-detection\data\mvtec_ad\screw\ground_truth\thread_side\004_mask.png,1460,0.001392364501953125,-6.576751178294042
screw,thread_side,D:\Research\research-experiments\industrial-anomaly-detection\data\mvtec_ad\screw\test\thread_side\005.png,2,layer2,0.0,0,1,37.6705436706543,29.027660462914444,2.2187150692790665,3.895445308598463,D:\Research\research-experiments\industrial-anomaly-detection\data\mvtec_ad\screw\ground_truth\thread_side\005_mask.png,2721,0.0025949478149414062,-5.95418848705153
screw,thread_side,D:\Research\research-experiments\industrial-anomaly-detection\data\mvtec_ad\screw\test\thread_side\006.png,2,layer2,0.0,0,1,33.054222106933594,29.027660462914444,2.2187150692790665,1.814816918031531,D:\Research\research-experiments\industrial-anomaly-detection\data\mvtec_ad\screw\ground_truth\thread_side\006_mask.png,4696,0.00447845458984375,-5.408477026399687
screw,thread_side,D:\Research\research-experiments\industrial-anomaly-detection\data\mvtec_ad\screw\test\thread_side\007.png,2,layer2,0.0,0,1,36.22054672241211,29.027660462914444,2.2187150692790665,3.241915268477836,D:\Research\research-experiments\industrial-anomaly-detection\data\mvtec_ad\screw\ground_truth\thread_side\007_mask.png,3887,0.0037069320678710938,-5.597550410581862
screw,thread_side,D:\Research\research-experiments\industrial-anomaly-detection\data\mvtec_ad\screw\test\thread_side\008.png,2,layer2,0.0,0,1,31.1651668548584,29.027660462914444,2.2187150692790665,0.9633983297542126,D:\Research\research-experiments\industrial-anomaly-detection\data\mvtec_ad\screw\ground_truth\thread_side\008_mask.png,2757,0.0026292800903320312,-5.941044819842936
screw,thread_side,D:\Research\research-experiments\industrial-anomaly-detection\data\mvtec_ad\screw\test\thread_side\009.png,2,layer2,0.0,0,1,33.60684585571289,29.027660462914444,2.2187150692790665,2.0638906979102885,D:\Research\research-experiments\industrial-anomaly-detection\data\mvtec_ad\screw\ground_truth\thread_side\009_mask.png,2577,0.0024576187133789062,-6.008561993648681
screw,thread_side,D:\Research\research-experiments\industrial-anomaly-detection\data\mvtec_ad\screw\test\thread_side\010.png,2,layer2,0.0,0,1,31.521108627319336,29.027660462914444,2.2187150692790665,1.1238253162516698,D:\Research\research-experiments\industrial-anomaly-detection\data\mvtec_ad\screw\ground_truth\thread_side\010_mask.png,3097,0.0029535293579101562,-5.824754092647782
screw,thread_side,D:\Research\research-experiments\industrial-anomaly-detection\data\mvtec_ad\screw\test\thread_side\011.png,2,layer2,0.0,0,1,38.55020523071289,29.027660462914444,2.2187150692790665,4.291918732445728,D:\Research\research-experiments\industrial-anomaly-detection\data\mvtec_ad\screw\ground_truth\thread_side\011_mask.png,1761,0.0016794204711914062,-6.389305907259379
screw,thread_side,D:\Research\research-experiments\industrial-anomaly-detection\data\mvtec_ad\screw\test\thread_side\012.png,2,layer2,0.0,0,1,30.758169174194336,29.027660462914444,2.2187150692790665,0.7799598674210075,D:\Research\research-experiments\industrial-anomaly-detection\data\mvtec_ad\screw\ground_truth\thread_side\012_mask.png,4231,0.004034996032714844,-5.512749712647151
screw,thread_side,D:\Research\research-experiments\industrial-anomaly-detection\data\mvtec_ad\screw\test\thread_side\013.png,2,layer2,0.0,0,1,30.026145935058594,29.027660462914444,2.2187150692790665,0.45002870624058583,D:\Research\research-experiments\industrial-anomaly-detection\data\mvtec_ad\screw\ground_truth\thread_side\013_mask.png,1685,0.0016069412231445312,-6.433422146112341
screw,thread_side,D:\Research\research-experiments\industrial-anomaly-detection\data\mvtec_ad\screw\test\thread_side\014.png,2,layer2,0.0,0,1,36.1397819519043,29.027660462914444,2.2187150692790665,3.2055136720646225,D:\Research\research-experiments\industrial-anomaly-detection\data\mvtec_ad\screw\ground_truth\thread_side\014_mask.png,2720,0.002593994140625,-5.954556066403055
screw,thread_side,D:\Research\research-experiments\industrial-anomaly-detection\data\mvtec_ad\screw\test\thread_side\015.png,2,layer2,0.0,0,1,31.774938583374023,29.027660462914444,2.2187150692790665,1.238229351077631,D:\Research\research-experiments\industrial-anomaly-detection\data\mvtec_ad\screw\ground_truth\thread_side\015_mask.png,2977,0.0028390884399414062,-5.864271897957461
screw,thread_side,D:\Research\research-experiments\industrial-anomaly-detection\data\mvtec_ad\screw\test\thread_side\016.png,2,layer2,0.0,0,1,34.77533721923828,29.027660462914444,2.2187150692790665,2.590542984048622,D:\Research\research-experiments\industrial-anomaly-detection\data\mvtec_ad\screw\ground_truth\thread_side\016_mask.png,5564,0.005306243896484375,-5.238870869698365
screw,thread_side,D:\Research\research-experiments\industrial-anomaly-detection\data\mvtec_ad\screw\test\thread_side\017.png,2,layer2,0.0,0,1,39.7821159362793,29.027660462914444,2.2187150692790665,4.84715483401811,D:\Research\research-experiments\industrial-anomaly-detection\data\mvtec_ad\screw\ground_truth\thread_side\017_mask.png,2901,0.0027666091918945312,-5.8901324656242755
screw,thread_side,D:\Research\research-experiments\industrial-anomaly-detection\data\mvtec_ad\screw\test\thread_side\018.png,2,layer2,0.0,0,1,35.98722839355469,29.027660462914444,2.2187150692790665,3.136756056243687,D:\Research\research-experiments\industrial-anomaly-detection\data\mvtec_ad\screw\ground_truth\thread_side\018_mask.png,2424,0.00231170654296875,-6.069768831428936
screw,thread_side,D:\Research\research-experiments\industrial-anomaly-detection\data\mvtec_ad\screw\test\thread_side\019.png,2,layer2,0.0,0,1,35.37057113647461,29.027660462914444,2.2187150692790665,2.858821649244572,D:\Research\research-experiments\industrial-anomaly-detection\data\mvtec_ad\screw\ground_truth\thread_side\019_mask.png,1207,0.0011510848999023438,-6.7670495213561015
screw,thread_side,D:\Research\research-experiments\industrial-anomaly-detection\data\mvtec_ad\screw\test\thread_side\020.png,2,layer2,0.0,0,1,31.667818069458008,29.027660462914444,2.2187150692790665,1.1899489227345619,D:\Research\research-experiments\industrial-anomaly-detection\data\mvtec_ad\screw\ground_truth\thread_side\020_mask.png,1601,0.0015268325805664062,-6.48455924325175
screw,thread_side,D:\Research\research-experiments\industrial-anomaly-detection\data\mvtec_ad\screw\test\thread_side\021.png,2,layer2,0.0,0,1,33.74515151977539,29.027660462914444,2.2187150692790665,2.126226626474311,D:\Research\research-experiments\industrial-anomaly-detection\data\mvtec_ad\screw\ground_truth\thread_side\021_mask.png,3364,0.003208160400390625,-5.7420572784010036
screw,thread_side,D:\Research\research-experiments\industrial-anomaly-detection\data\mvtec_ad\screw\test\thread_side\022.png,2,layer2,0.0,0,1,35.13505935668945,29.027660462914444,2.2187150692790665,2.752673823845035,D:\Research\research-experiments\industrial-anomaly-detection\data\mvtec_ad\screw\ground_truth\thread_side\022_mask.png,3904,0.00372314453125,-5.593186395075795
screw,thread_top,D:\Research\research-experiments\industrial-anomaly-detection\data\mvtec_ad\screw\test\thread_top\000.png,2,layer2,0.0,0,1,43.138736724853516,29.027660462914444,2.2187150692790665,6.360021824039003,D:\Research\research-experiments\industrial-anomaly-detection\data\mvtec_ad\screw\ground_truth\thread_top\000_mask.png,6803,0.006487846374511719,-5.037824486719504
screw,thread_top,D:\Research\research-experiments\industrial-anomaly-detection\data\mvtec_ad\screw\test\thread_top\001.png,2,layer2,0.0,0,1,38.35610580444336,29.027660462914444,2.2187150692790665,4.204435923608719,D:\Research\research-experiments\industrial-anomaly-detection\data\mvtec_ad\screw\ground_truth\thread_top\001_mask.png,6387,0.006091117858886719,-5.100923493463853
screw,thread_top,D:\Research\research-experiments\industrial-anomaly-detection\data\mvtec_ad\screw\test\thread_top\002.png,2,layer2,0.0,0,1,37.85490417480469,29.027660462914444,2.2187150692790665,3.978538674981148,D:\Research\research-experiments\industrial-anomaly-detection\data\mvtec_ad\screw\ground_truth\thread_top\002_mask.png,6084,0.005802154541015625,-5.149525785469968
screw,thread_top,D:\Research\research-experiments\industrial-anomaly-detection\data\mvtec_ad\screw\test\thread_top\003.png,2,layer2,0.0,0,1,29.830385208129883,29.027660462914444,2.2187150692790665,0.3617971303887483,D:\Research\research-experiments\industrial-anomaly-detection\data\mvtec_ad\screw\ground_truth\thread_top\003_mask.png,4646,0.0044307708740234375,-5.419181472174216
screw,thread_top,D:\Research\research-experiments\industrial-anomaly-detection\data\mvtec_ad\screw\test\thread_top\004.png,2,layer2,0.0,0,1,38.950504302978516,29.027660462914444,2.2187150692790665,4.4723380561382005,D:\Research\research-experiments\industrial-anomaly-detection\data\mvtec_ad\screw\ground_truth\thread_top\004_mask.png,6696,0.00638580322265625,-5.0536778424322355
screw,thread_top,D:\Research\research-experiments\industrial-anomaly-detection\data\mvtec_ad\screw\test\thread_top\005.png,2,layer2,0.0,0,1,40.410213470458984,29.027660462914444,2.2187150692790665,5.130245503422441,D:\Research\research-experiments\industrial-anomaly-detection\data\mvtec_ad\screw\ground_truth\thread_top\005_mask.png,10599,0.010107994079589844,-4.594428576240059
screw,thread_top,D:\Research\research-experiments\industrial-anomaly-detection\data\mvtec_ad\screw\test\thread_top\006.png,2,layer2,0.0,0,1,36.28832244873047,29.027660462914444,2.2187150692790665,3.272462555624708,D:\Research\research-experiments\industrial-anomaly-detection\data\mvtec_ad\screw\ground_truth\thread_top\006_mask.png,7649,0.007294654846191406,-4.920613274790371
screw,thread_top,D:\Research\research-experiments\industrial-anomaly-detection\data\mvtec_ad\screw\test\thread_top\007.png,2,layer2,0.0,0,1,44.995948791503906,29.027660462914444,2.2187150692790665,7.197088328145752,D:\Research\research-experiments\industrial-anomaly-detection\data\mvtec_ad\screw\ground_truth\thread_top\007_mask.png,6834,0.0065174102783203125,-5.033278025088504
screw,thread_top,D:\Research\research-experiments\industrial-anomaly-detection\data\mvtec_ad\screw\test\thread_top\008.png,2,layer2,0.0,0,1,34.14347457885742,29.027660462914444,2.2187150692790665,2.3057553386543117,D:\Research\research-experiments\industrial-anomaly-detection\data\mvtec_ad\screw\ground_truth\thread_top\008_mask.png,5620,0.005359649658203125,-5.228856481731827
screw,thread_top,D:\Research\research-experiments\industrial-anomaly-detection\data\mvtec_ad\screw\test\thread_top\009.png,2,layer2,0.0,0,1,37.61939239501953,29.027660462914444,2.2187150692790665,3.872390849581611,D:\Research\research-experiments\industrial-anomaly-detection\data\mvtec_ad\screw\ground_truth\thread_top\009_mask.png,4056,0.00386810302734375,-5.554990807403266
screw,thread_top,D:\Research\research-experiments\industrial-anomaly-detection\data\mvtec_ad\screw\test\thread_top\010.png,2,layer2,0.0,0,1,36.95109939575195,29.027660462914444,2.2187150692790665,3.571183629005637,D:\Research\research-experiments\industrial-anomaly-detection\data\mvtec_ad\screw\ground_truth\thread_top\010_mask.png,5418,0.0051670074462890625,-5.265461395018263
screw,thread_top,D:\Research\research-experiments\industrial-anomaly-detection\data\mvtec_ad\screw\test\thread_top\011.png,2,layer2,0.0,0,1,40.57038497924805,29.027660462914444,2.2187150692790665,5.20243661574995,D:\Research\research-experiments\industrial-anomaly-detection\data\mvtec_ad\screw\ground_truth\thread_top\011_mask.png,5075,0.004839897155761719,-5.3308616006729785
screw,thread_top,D:\Research\research-experiments\industrial-anomaly-detection\data\mvtec_ad\screw\test\thread_top\012.png,2,layer2,0.0,0,1,37.535972595214844,29.027660462914444,2.2187150692790665,3.8347926014064666,D:\Research\research-experiments\industrial-anomaly-detection\data\mvtec_ad\screw\ground_truth\thread_top\012_mask.png,1275,0.0012159347534179688,-6.712241331194169
screw,thread_top,D:\Research\research-experiments\industrial-anomaly-detection\data\mvtec_ad\screw\test\thread_top\013.png,2,layer2,0.0,0,1,39.35432815551758,29.027660462914444,2.2187150692790665,4.654346038204269,D:\Research\research-experiments\industrial-anomaly-detection\data\mvtec_ad\screw\ground_truth\thread_top\013_mask.png,3005,0.0028657913208007812,-5.854910415285898
screw,thread_top,D:\Research\research-experiments\industrial-anomaly-detection\data\mvtec_ad\screw\test\thread_top\014.png,2,layer2,0.0,0,1,41.77187728881836,29.027660462914444,2.2187150692790665,5.743962801877454,D:\Research\research-experiments\industrial-anomaly-detection\data\mvtec_ad\screw\ground_truth\thread_top\014_mask.png,4905,0.004677772521972656,-5.364933025422503
screw,thread_top,D:\Research\research-experiments\industrial-anomaly-detection\data\mvtec_ad\screw\test\thread_top\015.png,2,layer2,0.0,0,1,35.709598541259766,29.027660462914444,2.2187150692790665,3.0116251387414534,D:\Research\research-experiments\industrial-anomaly-detection\data\mvtec_ad\screw\ground_truth\thread_top\015_mask.png,3769,0.0035943984985351562,-5.628378339721143
screw,thread_top,D:\Research\research-experiments\industrial-anomaly-detection\data\mvtec_ad\screw\test\thread_top\016.png,2,layer2,0.0,0,1,36.20574188232422,29.027660462914444,2.2187150692790665,3.235242559443277,D:\Research\research-experiments\industrial-anomaly-detection\data\mvtec_ad\screw\ground_truth\thread_top\016_mask.png,4124,0.003932952880859375,-5.538364511800206
screw,thread_top,D:\Research\research-experiments\industrial-anomaly-detection\data\mvtec_ad\screw\test\thread_top\017.png,2,layer2,0.0,0,1,36.910850524902344,29.027660462914444,2.2187150692790665,3.553043007252575,D:\Research\research-experiments\industrial-anomaly-detection\data\mvtec_ad\screw\ground_truth\thread_top\017_mask.png,1161,0.0011072158813476562,-6.805905726335187
screw,thread_top,D:\Research\research-experiments\industrial-anomaly-detection\data\mvtec_ad\screw\test\thread_top\018.png,2,layer2,0.0,0,1,36.41636657714844,29.027660462914444,2.2187150692790665,3.3301734939019583,D:\Research\research-experiments\industrial-anomaly-detection\data\mvtec_ad\screw\ground_truth\thread_top\018_mask.png,5585,0.005326271057128906,-5.23510371194701
screw,thread_top,D:\Research\research-experiments\industrial-anomaly-detection\data\mvtec_ad\screw\test\thread_top\019.png,2,layer2,0.0,0,1,43.99458694458008,29.027660462914444,2.2187150692790665,6.745763207228263,D:\Research\research-experiments\industrial-anomaly-detection\data\mvtec_ad\screw\ground_truth\thread_top\019_mask.png,7792,0.0074310302734375,-4.902090631305702
screw,thread_top,D:\Research\research-experiments\industrial-anomaly-detection\data\mvtec_ad\screw\test\thread_top\020.png,2,layer2,0.0,0,1,43.89776611328125,29.027660462914444,2.2187150692790665,6.702124962444408,D:\Research\research-experiments\industrial-anomaly-detection\data\mvtec_ad\screw\ground_truth\thread_top\020_mask.png,6790,0.0064754486083984375,-5.039737236216721
screw,thread_top,D:\Research\research-experiments\industrial-anomaly-detection\data\mvtec_ad\screw\test\thread_top\021.png,2,layer2,0.0,0,1,41.80292510986328,29.027660462914444,2.2187150692790665,5.757956406317618,D:\Research\research-experiments\industrial-anomaly-detection\data\mvtec_ad\screw\ground_truth\thread_top\021_mask.png,5326,0.0050792694091796875,-5.28258764794634
screw,thread_top,D:\Research\research-experiments\industrial-anomaly-detection\data\mvtec_ad\screw\test\thread_top\022.png,2,layer2,0.0,0,1,40.05386734008789,29.027660462914444,2.2187150692790665,4.969636268237104,D:\Research\research-experiments\industrial-anomaly-detection\data\mvtec_ad\screw\ground_truth\thread_top\022_mask.png,4004,0.003818511962890625,-5.567894208881712
screw,good,D:\Research\research-experiments\industrial-anomaly-detection\data\mvtec_ad\screw\test\good\000.png,2,layer2,0.25,1,0,29.137033462524414,28.76877947551448,2.173365577832954,0.1694395046861448,,,,
screw,good,D:\Research\research-experiments\industrial-anomaly-detection\data\mvtec_ad\screw\test\good\001.png,2,layer2,0.25,1,0,27.99388885498047,28.76877947551448,2.173365577832954,-0.35653947427779276,,,,
screw,good,D:\Research\research-experiments\industrial-anomaly-detection\data\mvtec_ad\screw\test\good\002.png,2,layer2,0.25,1,0,27.279586791992188,28.76877947551448,2.173365577832954,-0.6852011915119943,,,,
screw,good,D:\Research\research-experiments\industrial-anomaly-detection\data\mvtec_ad\screw\test\good\003.png,2,layer2,0.25,1,0,31.739463806152344,28.76877947551448,2.173365577832954,1.3668590139353862,,,,
screw,good,D:\Research\research-experiments\industrial-anomaly-detection\data\mvtec_ad\screw\test\good\004.png,2,layer2,0.25,1,0,30.903152465820312,28.76877947551448,2.173365577832954,0.9820588915528873,,,,
screw,good,D:\Research\research-experiments\industrial-anomaly-detection\data\mvtec_ad\screw\test\good\005.png,2,layer2,0.25,1,0,34.5604133605957,28.76877947551448,2.173365577832954,2.6648226806168593,,,,
screw,good,D:\Research\research-experiments\industrial-anomaly-detection\data\mvtec_ad\screw\test\good\006.png,2,layer2,0.25,1,0,27.698171615600586,28.76877947551448,2.173365577832954,-0.49260367000998995,,,,
screw,good,D:\Research\research-experiments\industrial-anomaly-detection\data\mvtec_ad\screw\test\good\007.png,2,layer2,0.25,1,0,27.73373794555664,28.76877947551448,2.173365577832954,-0.47623903705600823,,,,
screw,good,D:\Research\research-experiments\industrial-anomaly-detection\data\mvtec_ad\screw\test\good\008.png,2,layer2,0.25,1,0,28.933298110961914,28.76877947551448,2.173365577832954,0.0756976355590728,,,,
screw,good,D:\Research\research-experiments\industrial-anomaly-detection\data\mvtec_ad\screw\test\good\009.png,2,layer2,0.25,1,0,28.963335037231445,28.76877947551448,2.173365577832954,0.08951810210915079,,,,
screw,good,D:\Research\research-experiments\industrial-anomaly-detection\data\mvtec_ad\screw\test\good\010.png,2,layer2,0.25,1,0,28.790250778198242,28.76877947551448,2.173365577832954,0.009879287176881494,,,,
screw,good,D:\Research\research-experiments\industrial-anomaly-detection\data\mvtec_ad\screw\test\good\011.png,2,layer2,0.25,1,0,28.06665802001953,28.76877947551448,2.173365577832954,-0.32305722638481743,,,,
screw,good,D:\Research\research-experiments\industrial-anomaly-detection\data\mvtec_ad\screw\test\good\012.png,2,layer2,0.25,1,0,30.946857452392578,28.76877947551448,2.173365577832954,1.0021682496001623,,,,
screw,good,D:\Research\research-experiments\industrial-anomaly-detection\data\mvtec_ad\screw\test\good\013.png,2,layer2,0.25,1,0,28.28446388244629,28.76877947551448,2.173365577832954,-0.2228412918691294,,,,
screw,good,D:\Research\research-experiments\industrial-anomaly-detection\data\mvtec_ad\screw\test\good\014.png,2,layer2,0.25,1,0,30.832239151000977,28.76877947551448,2.173365577832954,0.9494305498037541,,,,
screw,good,D:\Research\research-experiments\industrial-anomaly-detection\data\mvtec_ad\screw\test\good\015.png,2,layer2,0.25,1,0,29.281171798706055,28.76877947551448,2.173365577832954,0.23575984105834402,,,,
screw,good,D:\Research\research-experiments\industrial-anomaly-detection\data\mvtec_ad\screw\test\good\016.png,2,layer2,0.25,1,0,27.596145629882812,28.76877947551448,2.173365577832954,-0.5395474454881599,,,,
screw,good,D:\Research\research-experiments\industrial-anomaly-detection\data\mvtec_ad\screw\test\good\017.png,2,layer2,0.25,1,0,26.018077850341797,28.76877947551448,2.173365577832954,-1.2656414793848847,,,,
screw,good,D:\Research\research-experiments\industrial-anomaly-detection\data\mvtec_ad\screw\test\good\018.png,2,layer2,0.25,1,0,28.592687606811523,28.76877947551448,2.173365577832954,-0.08102266388084504,,,,
screw,good,D:\Research\research-experiments\industrial-anomaly-detection\data\mvtec_ad\screw\test\good\019.png,2,layer2,0.25,1,0,30.531965255737305,28.76877947551448,2.173365577832954,0.8112697643720309,,,,
screw,good,D:\Research\research-experiments\industrial-anomaly-detection\data\mvtec_ad\screw\test\good\020.png,2,layer2,0.25,1,0,28.459383010864258,28.76877947551448,2.173365577832954,-0.14235822440821044,,,,
screw,good,D:\Research\research-experiments\industrial-anomaly-detection\data\mvtec_ad\screw\test\good\021.png,2,layer2,0.25,1,0,27.497756958007812,28.76877947551448,2.173365577832954,-0.5848176351325098,,,,
screw,good,D:\Research\research-experiments\industrial-anomaly-detection\data\mvtec_ad\screw\test\good\022.png,2,layer2,0.25,1,0,31.701616287231445,28.76877947551448,2.173365577832954,1.3494447697295697,,,,
screw,good,D:\Research\research-experiments\industrial-anomaly-detection\data\mvtec_ad\screw\test\good\023.png,2,layer2,0.25,1,0,29.344890594482422,28.76877947551448,2.173365577832954,0.26507787039784464,,,,
screw,good,D:\Research\research-experiments\industrial-anomaly-detection\data\mvtec_ad\screw\test\good\024.png,2,layer2,0.25,1,0,29.155044555664062,28.76877947551448,2.173365577832954,0.17772669452818102,,,,
screw,good,D:\Research\research-experiments\industrial-anomaly-detection\data\mvtec_ad\screw\test\good\025.png,2,layer2,0.25,1,0,31.339174270629883,28.76877947551448,2.173365577832954,1.1826794448812068,,,,
screw,good,D:\Research\research-experiments\industrial-anomaly-detection\data\mvtec_ad\screw\test\good\026.png,2,layer2,0.25,1,0,25.933820724487305,28.76877947551448,2.173365577832954,-1.3044095203964223,,,,
screw,good,D:\Research\research-experiments\industrial-anomaly-detection\data\mvtec_ad\screw\test\good\027.png,2,layer2,0.25,1,0,30.04912757873535,28.76877947551448,2.173365577832954,0.5891084851438088,,,,
screw,good,D:\Research\research-experiments\industrial-anomaly-detection\data\mvtec_ad\screw\test\good\028.png,2,layer2,0.25,1,0,25.066879272460938,28.76877947551448,2.173365577832954,-1.7033030433585317,,,,
screw,good,D:\Research\research-experiments\industrial-anomaly-detection\data\mvtec_ad\screw\test\good\029.png,2,layer2,0.25,1,0,28.16295623779297,28.76877947551448,2.173365577832954,-0.278748887854189,,,,
screw,good,D:\Research\research-experiments\industrial-anomaly-detection\data\mvtec_ad\screw\test\good\030.png,2,layer2,0.25,1,0,28.54425048828125,28.76877947551448,2.173365577832954,-0.10330935095471033,,,,
screw,good,D:\Research\research-experiments\industrial-anomaly-detection\data\mvtec_ad\screw\test\good\031.png,2,layer2,0.25,1,0,29.064205169677734,28.76877947551448,2.173365577832954,0.1359300511503544,,,,
screw,good,D:\Research\research-experiments\industrial-anomaly-detection\data\mvtec_ad\screw\test\good\032.png,2,layer2,0.25,1,0,26.291353225708008,28.76877947551448,2.173365577832954,-1.1399031415030951,,,,
screw,good,D:\Research\research-experiments\industrial-anomaly-detection\data\mvtec_ad\screw\test\good\033.png,2,layer2,0.25,1,0,25.296846389770508,28.76877947551448,2.173365577832954,-1.5974915224367414,,,,
screw,good,D:\Research\research-experiments\industrial-anomaly-detection\data\mvtec_ad\screw\test\good\034.png,2,layer2,0.25,1,0,27.384553909301758,28.76877947551448,2.173365577832954,-0.6369041547041177,,,,
screw,good,D:\Research\research-experiments\industrial-anomaly-detection\data\mvtec_ad\screw\test\good\035.png,2,layer2,0.25,1,0,34.503055572509766,28.76877947551448,2.173365577832954,2.638431451883436,,,,
screw,good,D:\Research\research-experiments\industrial-anomaly-detection\data\mvtec_ad\screw\test\good\036.png,2,layer2,0.25,1,0,25.792163848876953,28.76877947551448,2.173365577832954,-1.369588097371768,,,,
screw,good,D:\Research\research-experiments\industrial-anomaly-detection\data\mvtec_ad\screw\test\good\037.png,2,layer2,0.25,1,0,25.992963790893555,28.76877947551448,2.173365577832954,-1.2771968567702592,,,,
screw,good,D:\Research\research-experiments\industrial-anomaly-detection\data\mvtec_ad\screw\test\good\038.png,2,layer2,0.25,1,0,30.20366859436035,28.76877947551448,2.173365577832954,0.6602152594487058,,,,
screw,good,D:\Research\research-experiments\industrial-anomaly-detection\data\mvtec_ad\screw\test\good\039.png,2,layer2,0.25,1,0,28.36807632446289,28.76877947551448,2.173365577832954,-0.18436988012441463,,,,
screw,good,D:\Research\research-experiments\industrial-anomaly-detection\data\mvtec_ad\screw\test\good\040.png,2,layer2,0.25,1,0,27.485572814941406,28.76877947551448,2.173365577832954,-0.5904237527551857,,,,
screw,manipulated_front,D:\Research\research-experiments\industrial-anomaly-detection\data\mvtec_ad\screw\test\manipulated_front\000.png,2,layer2,0.25,0,1,35.85147476196289,28.76877947551448,2.173365577832954,3.25886052428902,D:\Research\research-experiments\industrial-anomaly-detection\data\mvtec_ad\screw\ground_truth\manipulated_front\000_mask.png,3806,0.0036296844482421875,-5.618609287836806
screw,manipulated_front,D:\Research\research-experiments\industrial-anomaly-detection\data\mvtec_ad\screw\test\manipulated_front\001.png,2,layer2,0.25,0,1,34.656715393066406,28.76877947551448,2.173365577832954,2.70913277435025,D:\Research\research-experiments\industrial-anomaly-detection\data\mvtec_ad\screw\ground_truth\manipulated_front\001_mask.png,2866,0.0027332305908203125,-5.902270636943445
screw,manipulated_front,D:\Research\research-experiments\industrial-anomaly-detection\data\mvtec_ad\screw\test\manipulated_front\002.png,2,layer2,0.25,0,1,30.148019790649414,28.76877947551448,2.173365577832954,0.6346103615527777,D:\Research\research-experiments\industrial-anomaly-detection\data\mvtec_ad\screw\ground_truth\manipulated_front\002_mask.png,2520,0.00240325927734375,-6.030929014591936
screw,manipulated_front,D:\Research\research-experiments\industrial-anomaly-detection\data\mvtec_ad\screw\test\manipulated_front\003.png,2,layer2,0.25,0,1,40.12468719482422,28.76877947551448,2.173365577832954,5.225033392970467,D:\Research\research-experiments\industrial-anomaly-detection\data\mvtec_ad\screw\ground_truth\manipulated_front\003_mask.png,4826,0.0046024322509765625,-5.381170147737533
screw,manipulated_front,D:\Research\research-experiments\industrial-anomaly-detection\data\mvtec_ad\screw\test\manipulated_front\004.png,2,layer2,0.25,0,1,38.85000228881836,28.76877947551448,2.173365577832954,4.6385306347567115,D:\Research\research-experiments\industrial-anomaly-detection\data\mvtec_ad\screw\ground_truth\manipulated_front\004_mask.png,2245,0.0021409988403320312,-6.146482343950946
screw,manipulated_front,D:\Research\research-experiments\industrial-anomaly-detection\data\mvtec_ad\screw\test\manipulated_front\005.png,2,layer2,0.25,0,1,37.01251220703125,28.76877947551448,2.173365577832954,3.7930722818093634,D:\Research\research-experiments\industrial-anomaly-detection\data\mvtec_ad\screw\ground_truth\manipulated_front\005_mask.png,3304,0.00315093994140625,-5.76005415919247
screw,manipulated_front,D:\Research\research-experiments\industrial-anomaly-detection\data\mvtec_ad\screw\test\manipulated_front\006.png,2,layer2,0.25,0,1,34.703033447265625,28.76877947551448,2.173365577832954,2.730444446289677,D:\Research\research-experiments\industrial-anomaly-detection\data\mvtec_ad\screw\ground_truth\manipulated_front\006_mask.png,3633,0.0034646987915039062,-5.665129290352367
screw,manipulated_front,D:\Research\research-experiments\industrial-anomaly-detection\data\mvtec_ad\screw\test\manipulated_front\007.png,2,layer2,0.25,0,1,39.168487548828125,28.76877947551448,2.173365577832954,4.78507075817549,D:\Research\research-experiments\industrial-anomaly-detection\data\mvtec_ad\screw\ground_truth\manipulated_front\007_mask.png,4911,0.004683494567871094,-5.363710531643903
screw,manipulated_front,D:\Research\research-experiments\industrial-anomaly-detection\data\mvtec_ad\screw\test\manipulated_front\008.png,2,layer2,0.25,0,1,36.86433029174805,28.76877947551448,2.173365577832954,3.724891430509163,D:\Research\research-experiments\industrial-anomaly-detection\data\mvtec_ad\screw\ground_truth\manipulated_front\008_mask.png,3808,0.003631591796875,-5.618083939926343
screw,manipulated_front,D:\Research\research-experiments\industrial-anomaly-detection\data\mvtec_ad\screw\test\manipulated_front\009.png,2,layer2,0.25,0,1,34.50293731689453,28.76877947551448,2.173365577832954,2.638377040597806,D:\Research\research-experiments\industrial-anomaly-detection\data\mvtec_ad\screw\ground_truth\manipulated_front\009_mask.png,6709,0.006398200988769531,-5.051738267342097
screw,manipulated_front,D:\Research\research-experiments\industrial-anomaly-detection\data\mvtec_ad\screw\test\manipulated_front\010.png,2,layer2,0.25,0,1,35.19158935546875,28.76877947551448,2.173365577832954,2.955236774458535,D:\Research\research-experiments\industrial-anomaly-detection\data\mvtec_ad\screw\ground_truth\manipulated_front\010_mask.png,3690,0.0035190582275390625,-5.649561589997436
screw,manipulated_front,D:\Research\research-experiments\industrial-anomaly-detection\data\mvtec_ad\screw\test\manipulated_front\011.png,2,layer2,0.25,0,1,33.937381744384766,28.76877947551448,2.173365577832954,2.3781559446726206,D:\Research\research-experiments\industrial-anomaly-detection\data\mvtec_ad\screw\ground_truth\manipulated_front\011_mask.png,3133,0.0029878616333007812,-5.813196985559251
screw,manipulated_front,D:\Research\research-experiments\industrial-anomaly-detection\data\mvtec_ad\screw\test\manipulated_front\012.png,2,layer2,0.25,0,1,32.05589294433594,28.76877947551448,2.173365577832954,1.5124530830653036,D:\Research\research-experiments\industrial-anomaly-detection\data\mvtec_ad\screw\ground_truth\manipulated_front\012_mask.png,1695,0.0016164779663085938,-6.427504972755639
screw,manipulated_front,D:\Research\research-experiments\industrial-anomaly-detection\data\mvtec_ad\screw\test\manipulated_front\013.png,2,layer2,0.25,0,1,36.3071403503418,28.76877947551448,2.173365577832954,3.4685194942416255,D:\Research\research-experiments\industrial-anomaly-detection\data\mvtec_ad\screw\ground_truth\manipulated_front\013_mask.png,3133,0.0029878616333007812,-5.813196985559251
screw,manipulated_front,D:\Research\research-experiments\industrial-anomaly-detection\data\mvtec_ad\screw\test\manipulated_front\014.png,2,layer2,0.25,0,1,34.9832763671875,28.76877947551448,2.173365577832954,2.859388662016744,D:\Research\research-experiments\industrial-anomaly-detection\data\mvtec_ad\screw\ground_truth\manipulated_front\014_mask.png,3315,0.0031614303588867188,-5.7567303922664745
screw,manipulated_front,D:\Research\research-experiments\industrial-anomaly-detection\data\mvtec_ad\screw\test\manipulated_front\015.png,2,layer2,0.25,0,1,37.20309066772461,28.76877947551448,2.173365577832954,3.8807604566093823,D:\Research\research-experiments\industrial-anomaly-detection\data\mvtec_ad\screw\ground_truth\manipulated_front\015_mask.png,4777,0.004555702209472656,-5.39137537830384
screw,manipulated_front,D:\Research\research-experiments\industrial-anomaly-detection\data\mvtec_ad\screw\test\manipulated_front\016.png,2,layer2,0.25,0,1,40.36640167236328,28.76877947551448,2.173365577832954,5.336250060798653,D:\Research\research-experiments\industrial-anomaly-detection\data\mvtec_ad\screw\ground_truth\manipulated_front\016_mask.png,7016,0.00669097900390625,-5.006994927691938
screw,manipulated_front,D:\Research\research-experiments\industrial-anomaly-detection\data\mvtec_ad\screw\test\manipulated_front\017.png,2,layer2,0.25,0,1,31.757287979125977,28.76877947551448,2.173365577832954,1.3750601988420714,D:\Research\research-experiments\industrial-anomaly-detection\data\mvtec_ad\screw\ground_truth\manipulated_front\017_mask.png,1443,0.0013761520385742188,-6.5884633257614045
screw,manipulated_front,D:\Research\research-experiments\industrial-anomaly-detection\data\mvtec_ad\screw\test\manipulated_front\018.png,2,layer2,0.25,0,1,34.62739181518555,28.76877947551448,2.173365577832954,2.6956405307167155,D:\Research\research-experiments\industrial-anomaly-detection\data\mvtec_ad\screw\ground_truth\manipulated_front\018_mask.png,2756,0.002628326416015625,-5.941407598595183
screw,manipulated_front,D:\Research\research-experiments\industrial-anomaly-detection\data\mvtec_ad\screw\test\manipulated_front\019.png,2,layer2,0.25,0,1,30.689456939697266,28.76877947551448,2.173365577832954,0.8837341880135402,D:\Research\research-experiments\industrial-anomaly-detection\data\mvtec_ad\screw\ground_truth\manipulated_front\019_mask.png,1771,0.0016889572143554688,-6.383643381334938
screw,manipulated_front,D:\Research\research-experiments\industrial-anomaly-detection\data\mvtec_ad\screw\test\manipulated_front\020.png,2,layer2,0.25,0,1,31.623350143432617,28.76877947551448,2.173365577832954,1.3134332746561699,D:\Research\research-experiments\industrial-anomaly-detection\data\mvtec_ad\screw\ground_truth\manipulated_front\020_mask.png,1359,0.0012960433959960938,-6.648438425468958
screw,manipulated_front,D:\Research\research-experiments\industrial-anomaly-detection\data\mvtec_ad\screw\test\manipulated_front\021.png,2,layer2,0.25,0,1,32.62675857543945,28.76877947551448,2.173365577832954,1.7751174212355627,D:\Research\research-experiments\industrial-anomaly-detection\data\mvtec_ad\screw\ground_truth\manipulated_front\021_mask.png,1537,0.0014657974243164062,-6.525355185438031
screw,manipulated_front,D:\Research\research-experiments\industrial-anomaly-detection\data\mvtec_ad\screw\test\manipulated_front\022.png,2,layer2,0.25,0,1,31.050626754760742,28.76877947551448,2.173365577832954,1.0499141527406877,D:\Research\research-experiments\industrial-anomaly-detection\data\mvtec_ad\screw\ground_truth\manipulated_front\022_mask.png,1506,0.0014362335205078125,-6.5457305065737055
screw,manipulated_front,D:\Research\research-experiments\industrial-anomaly-detection\data\mvtec_ad\screw\test\manipulated_front\023.png,2,layer2,0.25,0,1,31.150514602661133,28.76877947551448,2.173365577832954,1.0958741370706078,D:\Research\research-experiments\industrial-anomaly-detection\data\mvtec_ad\screw\ground_truth\manipulated_front\023_mask.png,2523,0.0024061203002929688,-6.0297392469511175
screw,scratch_head,D:\Research\research-experiments\industrial-anomaly-detection\data\mvtec_ad\screw\test\scratch_head\000.png,2,layer2,0.25,0,1,41.10151290893555,28.76877947551448,2.173365577832954,5.6744864091010125,D:\Research\research-experiments\industrial-anomaly-detection\data\mvtec_ad\screw\ground_truth\scratch_head\000_mask.png,2767,0.0026388168334960938,-5.937424252454337
screw,scratch_head,D:\Research\research-experiments\industrial-anomaly-detection\data\mvtec_ad\screw\test\scratch_head\001.png,2,layer2,0.25,0,1,36.26594543457031,28.76877947551448,2.173365577832954,3.449565059611921,D:\Research\research-experiments\industrial-anomaly-detection\data\mvtec_ad\screw\ground_truth\scratch_head\001_mask.png,3019,0.0028791427612304688,-5.850262334166524
screw,scratch_head,D:\Research\research-experiments\industrial-anomaly-detection\data\mvtec_ad\screw\test\scratch_head\002.png,2,layer2,0.25,0,1,37.089874267578125,28.76877947551448,2.173365577832954,3.8286677938281066,D:\Research\research-experiments\industrial-anomaly-detection\data\mvtec_ad\screw\ground_truth\scratch_head\002_mask.png,3012,0.002872467041015625,-5.852583674146381
screw,scratch_head,D:\Research\research-experiments\industrial-anomaly-detection\data\mvtec_ad\screw\test\scratch_head\003.png,2,layer2,0.25,0,1,31.559680938720703,28.76877947551448,2.173365577832954,1.284138062952579,D:\Research\research-experiments\industrial-anomaly-detection\data\mvtec_ad\screw\ground_truth\scratch_head\003_mask.png,1741,0.0016603469848632812,-6.400728069147154
screw,scratch_head,D:\Research\research-experiments\industrial-anomaly-detection\data\mvtec_ad\screw\test\scratch_head\004.png,2,layer2,0.25,0,1,35.29597854614258,28.76877947551448,2.173365577832954,3.003267898047928,D:\Research\research-experiments\industrial-anomaly-detection\data\mvtec_ad\screw\ground_truth\scratch_head\004_mask.png,2981,0.0028429031372070312,-5.8629291657677935
screw,scratch_head,D:\Research\research-experiments\industrial-anomaly-detection\data\mvtec_ad\screw\test\scratch_head\005.png,2,layer2,0.25,0,1,36.86359786987305,28.76877947551448,2.173365577832954,3.724554431578808,D:\Research\research-experiments\industrial-anomaly-detection\data\mvtec_ad\screw\ground_truth\scratch_head\005_mask.png,1355,0.0012922286987304688,-6.651386104028578
screw,scratch_head,D:\Research\research-experiments\industrial-anomaly-detection\data\mvtec_ad\screw\test\scratch_head\006.png,2,layer2,0.25,0,1,33.09786605834961,28.76877947551448,2.173365577832954,1.9918814519698185,D:\Research\research-experiments\industrial-anomaly-detection\data\mvtec_ad\screw\ground_truth\scratch_head\006_mask.png,2586,0.0024662017822265625,-6.00507564638536
screw,scratch_head,D:\Research\research-experiments\industrial-anomaly-detection\data\mvtec_ad\screw\test\scratch_head\007.png,2,layer2,0.25,0,1,34.2957763671875,28.76877947551448,2.173365577832954,2.5430589993902197,D:\Research\research-experiments\industrial-anomaly-detection\data\mvtec_ad\screw\ground_truth\scratch_head\007_mask.png,2707,0.0025815963745117188,-5.959346934227458
screw,scratch_head,D:\Research\research-experiments\industrial-anomaly-detection\data\mvtec_ad\screw\test\scratch_head\008.png,2,layer2,0.25,0,1,38.40378189086914,28.76877947551448,2.173365577832954,4.4332175468434745,D:\Research\research-experiments\industrial-anomaly-detection\data\mvtec_ad\screw\ground_truth\scratch_head\008_mask.png,3009,0.0028696060180664062,-5.853580186089028
screw,scratch_head,D:\Research\research-experiments\industrial-anomaly-detection\data\mvtec_ad\screw\test\scratch_head\009.png,2,layer2,0.25,0,1,36.979915618896484,28.76877947551448,2.173365577832954,3.7780740742058057,D:\Research\research-experiments\industrial-anomaly-detection\data\mvtec_ad\screw\ground_truth\scratch_head\009_mask.png,3278,0.0031261444091796875,-5.767954532012327
screw,scratch_head,D:\Research\research-experiments\industrial-anomaly-detection\data\mvtec_ad\screw\test\scratch_head\010.png,2,layer2,0.25,0,1,36.37592697143555,28.76877947551448,2.173365577832954,3.500169310450796,D:\Research\research-experiments\industrial-anomaly-detection\data\mvtec_ad\screw\ground_truth\scratch_head\010_mask.png,2213,0.0021104812622070312,-6.160838797322393
screw,scratch_head,D:\Research\research-experiments\industrial-anomaly-detection\data\mvtec_ad\screw\test\scratch_head\011.png,2,layer2,0.25,0,1,40.799556732177734,28.76877947551448,2.173365577832954,5.5355515792511305,D:\Research\research-experiments\industrial-anomaly-detection\data\mvtec_ad\screw\ground_truth\scratch_head\011_mask.png,2801,0.0026712417602539062,-5.925211461581139
screw,scratch_head,D:\Research\research-experiments\industrial-anomaly-detection\data\mvtec_ad\screw\test\scratch_head\012.png,2,layer2,0.25,0,1,40.48951721191406,28.76877947551448,2.173365577832954,5.392897474748008,D:\Research\research-experiments\industrial-anomaly-detection\data\mvtec_ad\screw\ground_truth\scratch_head\012_mask.png,3541,0.0033769607543945312,-5.690778862962787
screw,scratch_head,D:\Research\research-experiments\industrial-anomaly-detection\data\mvtec_ad\screw\test\scratch_head\013.png,2,layer2,0.25,0,1,37.87731170654297,28.76877947551448,2.173365577832954,4.190980258420461,D:\Research\research-experiments\industrial-anomaly-detection\data\mvtec_ad\screw\ground_truth\scratch_head\013_mask.png,1953,0.0018625259399414062,-6.285821143417097
screw,scratch_head,D:\Research\research-experiments\industrial-anomaly-detection\data\mvtec_ad\screw\test\scratch_head\014.png,2,layer2,0.25,0,1,31.299968719482422,28.76877947551448,2.173365577832954,1.164640348492024,D:\Research\research-experiments\industrial-anomaly-detection\data\mvtec_ad\screw\ground_truth\scratch_head\014_mask.png,2388,0.002277374267578125,-6.084731697584332
screw,scratch_head,D:\Research\research-experiments\industrial-anomaly-detection\data\mvtec_ad\screw\test\scratch_head\015.png,2,layer2,0.25,0,1,43.0864372253418,28.76877947551448,2.173365577832954,6.587781593607156,D:\Research\research-experiments\industrial-anomaly-detection\data\mvtec_ad\screw\ground_truth\scratch_head\015_mask.png,3545,0.0033807754516601562,-5.689649876442595
screw,scratch_head,D:\Research\research-experiments\industrial-anomaly-detection\data\mvtec_ad\screw\test\scratch_head\016.png,2,layer2,0.25,0,1,35.608577728271484,28.76877947551448,2.173365577832954,3.147099743604531,D:\Research\research-experiments\industrial-anomaly-detection\data\mvtec_ad\screw\ground_truth\scratch_head\016_mask.png,2091,0.0019941329956054688,-6.217545410299332
screw,scratch_head,D:\Research\research-experiments\industrial-anomaly-detection\data\mvtec_ad\screw\test\scratch_head\017.png,2,layer2,0.25,0,1,35.28150939941406,28.76877947551448,2.173365577832954,2.9966104139706555,D:\Research\research-experiments\industrial-anomaly-detection\data\mvtec_ad\screw\ground_truth\scratch_head\017_mask.png,2511,0.0023946762084960938,-6.034506834448417
screw,scratch_head,D:\Research\research-experiments\industrial-anomaly-detection\data\mvtec_ad\screw\test\scratch_head\018.png,2,layer2,0.25,0,1,35.32872772216797,28.76877947551448,2.173365577832954,3.018336313761977,D:\Research\research-experiments\industrial-anomaly-detection\data\mvtec_ad\screw\ground_truth\scratch_head\018_mask.png,3846,0.0036678314208984375,-5.608154412409553
screw,scratch_head,D:\Research\research-experiments\industrial-anomaly-detection\data\mvtec_ad\screw\test\scratch_head\019.png,2,layer2,0.25,0,1,38.96438217163086,28.76877947551448,2.173365577832954,4.691158634380478,D:\Research\research-experiments\industrial-anomaly-detection\data\mvtec_ad\screw\ground_truth\scratch_head\019_mask.png,2618,0.0024967193603515625,-5.992777264203549
screw,scratch_head,D:\Research\research-experiments\industrial-anomaly-detection\data\mvtec_ad\screw\test\scratch_head\020.png,2,layer2,0.25,0,1,35.57741928100586,28.76877947551448,2.173365577832954,3.1327632474423472,D:\Research\research-experiments\industrial-anomaly-detection\data\mvtec_ad\screw\ground_truth\scratch_head\020_mask.png,2465,0.0023508071899414062,-6.052996099336405
screw,scratch_head,D:\Research\research-experiments\industrial-anomaly-detection\data\mvtec_ad\screw\test\scratch_head\021.png,2,layer2,0.25,0,1,40.940757751464844,28.76877947551448,2.173365577832954,5.600520409496385,D:\Research\research-experiments\industrial-anomaly-detection\data\mvtec_ad\screw\ground_truth\scratch_head\021_mask.png,2066,0.0019702911376953125,-6.229573453980245
screw,scratch_head,D:\Research\research-experiments\industrial-anomaly-detection\data\mvtec_ad\screw\test\scratch_head\022.png,2,layer2,0.25,0,1,29.76712989807129,28.76877947551448,2.173365577832954,0.4593568761460992,D:\Research\research-experiments\industrial-anomaly-detection\data\mvtec_ad\screw\ground_truth\scratch_head\022_mask.png,1402,0.0013370513916015625,-6.617287795690243
screw,scratch_head,D:\Research\research-experiments\industrial-anomaly-detection\data\mvtec_ad\screw\test\scratch_head\023.png,2,layer2,0.25,0,1,36.331722259521484,28.76877947551448,2.173365577832954,3.4798300208416637,D:\Research\research-experiments\industrial-anomaly-detection\data\mvtec_ad\screw\ground_truth\scratch_head\023_mask.png,2444,0.002330780029296875,-6.061551861866596
screw,scratch_neck,D:\Research\research-experiments\industrial-anomaly-detection\data\mvtec_ad\screw\test\scratch_neck\000.png,2,layer2,0.25,0,1,33.67615509033203,28.76877947551448,2.173365577832954,2.2579614147154463,D:\Research\research-experiments\industrial-anomaly-detection\data\mvtec_ad\screw\ground_truth\scratch_neck\000_mask.png,2810,0.0026798248291015625,-5.922003475712465
screw,scratch_neck,D:\Research\research-experiments\industrial-anomaly-detection\data\mvtec_ad\screw\test\scratch_neck\001.png,2,layer2,0.25,0,1,47.62656784057617,28.76877947551448,2.173365577832954,8.676767754767077,D:\Research\research-experiments\industrial-anomaly-detection\data\mvtec_ad\screw\ground_truth\scratch_neck\001_mask.png,7445,0.007100105285644531,-4.947645525237824
screw,scratch_neck,D:\Research\research-experiments\industrial-anomaly-detection\data\mvtec_ad\screw\test\scratch_neck\002.png,2,layer2,0.25,0,1,34.13978958129883,28.76877947551448,2.173365577832954,2.471287003238424,D:\Research\research-experiments\industrial-anomaly-detection\data\mvtec_ad\screw\ground_truth\scratch_neck\002_mask.png,2926,0.0027904510498046875,-5.881551671253898
screw,scratch_neck,D:\Research\research-experiments\industrial-anomaly-detection\data\mvtec_ad\screw\test\scratch_neck\003.png,2,layer2,0.25,0,1,49.024559020996094,28.76877947551448,2.173365577832954,9.3200056870683,D:\Research\research-experiments\industrial-anomaly-detection\data\mvtec_ad\screw\ground_truth\scratch_neck\003_mask.png,2614,0.0024929046630859375,-5.994306315876335
screw,scratch_neck,D:\Research\research-experiments\industrial-anomaly-detection\data\mvtec_ad\screw\test\scratch_neck\004.png,2,layer2,0.25,0,1,41.07411575317383,28.76877947551448,2.173365577832954,5.661880542862422,D:\Research\research-experiments\industrial-anomaly-detection\data\mvtec_ad\screw\ground_truth\scratch_neck\004_mask.png,3823,0.0036458969116210938,-5.6141526032216
screw,scratch_neck,D:\Research\research-experiments\industrial-anomaly-detection\data\mvtec_ad\screw\test\scratch_neck\005.png,2,layer2,0.25,0,1,32.65195083618164,28.76877947551448,2.173365577832954,1.7867087802775636,D:\Research\research-experiments\industrial-anomaly-detection\data\mvtec_ad\screw\ground_truth\scratch_neck\005_mask.png,2145,0.0020456314086914062,-6.1920482909902885
screw,scratch_neck,D:\Research\research-experiments\industrial-anomaly-detection\data\mvtec_ad\screw\test\scratch_neck\006.png,2,layer2,0.25,0,1,43.83354187011719,28.76877947551448,2.173365577832954,6.931536299394078,D:\Research\research-experiments\industrial-anomaly-detection\data\mvtec_ad\screw\ground_truth\scratch_neck\006_mask.png,4725,0.004506111145019531,-5.402320549350241
screw,scratch_neck,D:\Research\research-experiments\industrial-anomaly-detection\data\mvtec_ad\screw\test\scratch_neck\007.png,2,layer2,0.25,0,1,46.50642395019531,28.76877947551448,2.173365577832954,8.161371770858219,D:\Research\research-experiments\industrial-anomaly-detection\data\mvtec_ad\screw\ground_truth\scratch_neck\007_mask.png,3062,0.0029201507568359375,-5.836119692533263
screw,scratch_neck,D:\Research\research-experiments\industrial-anomaly-detection\data\mvtec_ad\screw\test\scratch_neck\008.png,2,layer2,0.25,0,1,50.364070892333984,28.76877947551448,2.173365577832954,9.936336361023994,D:\Research\research-experiments\industrial-anomaly-detection\data\mvtec_ad\screw\ground_truth\scratch_neck\008_mask.png,4567,0.004355430603027344,-5.43633156841551
screw,scratch_neck,D:\Research\research-experiments\industrial-anomaly-detection\data\mvtec_ad\screw\test\scratch_neck\009.png,2,layer2,0.25,0,1,50.913414001464844,28.76877947551448,2.173365577832954,10.18909784520955,D:\Research\research-experiments\industrial-anomaly-detection\data\mvtec_ad\screw\ground_truth\scratch_neck\009_mask.png,2582,0.0024623870849609375,-6.006623633682409
screw,scratch_neck,D:\Research\research-experiments\industrial-anomaly-detection\data\mvtec_ad\screw\test\scratch_neck\010.png,2,layer2,0.25,0,1,41.06013870239258,28.76877947551448,2.173365577832954,5.655449479941481,D:\Research\research-experiments\industrial-anomaly-detection\data\mvtec_ad\screw\ground_truth\scratch_neck\010_mask.png,4609,0.004395484924316406,-5.42717719097224
screw,scratch_neck,D:\Research\research-experiments\industrial-anomaly-detection\data\mvtec_ad\screw\test\scratch_neck\011.png,2,layer2,0.25,0,1,34.70840072631836,28.76877947551448,2.173365577832954,2.7329140165761845,D:\Research\research-experiments\industrial-anomaly-detection\data\mvtec_ad\screw\ground_truth\scratch_neck\011_mask.png,1637,0.0015611648559570312,-6.462322393280634
screw,scratch_neck,D:\Research\research-experiments\industrial-anomaly-detection\data\mvtec_ad\screw\test\scratch_neck\012.png,2,layer2,0.25,0,1,36.893531799316406,28.76877947551448,2.173365577832954,3.7383275076543048,D:\Research\research-experiments\industrial-anomaly-detection\data\mvtec_ad\screw\ground_truth\scratch_neck\012_mask.png,3583,0.0034170150756835938,-5.6789876012409115
screw,scratch_neck,D:\Research\research-experiments\industrial-anomaly-detection\data\mvtec_ad\screw\test\scratch_neck\013.png,2,layer2,0.25,0,1,41.72652816772461,28.76877947551448,2.173365577832954,5.962065850481629,D:\Research\research-experiments\industrial-anomaly-detection\data\mvtec_ad\screw\ground_truth\scratch_neck\013_mask.png,3198,0.0030498504638671875,-5.792662389920133
screw,scratch_neck,D:\Research\research-experiments\industrial-anomaly-detection\data\mvtec_ad\screw\test\scratch_neck\014.png,2,layer2,0.25,0,1,46.96401596069336,28.76877947551448,2.173365577832954,8.371917118205769,D:\Research\research-experiments\industrial-anomaly-detection\data\mvtec_ad\screw\ground_truth\scratch_neck\014_mask.png,2981,0.0028429031372070312,-5.8629291657677935
screw,scratch_neck,D:\Research\research-experiments\industrial-anomaly-detection\data\mvtec_ad\screw\test\scratch_neck\015.png,2,layer2,0.25,0,1,45.849430084228516,28.76877947551448,2.173365577832954,7.859078464721531,D:\Research\research-experiments\industrial-anomaly-detection\data\mvtec_ad\screw\ground_truth\scratch_neck\015_mask.png,3017,0.0028772354125976562,-5.850925024484055
screw,scratch_neck,D:\Research\research-experiments\industrial-anomaly-detection\data\mvtec_ad\screw\test\scratch_neck\016.png,2,layer2,0.25,0,1,49.03036880493164,28.76877947551448,2.173365577832954,9.32267886087523,D:\Research\research-experiments\industrial-anomaly-detection\data\mvtec_ad\screw\ground_truth\scratch_neck\016_mask.png,3955,0.0037717819213867188,-5.580207465870512
screw,scratch_neck,D:\Research\research-experiments\industrial-anomaly-detection\data\mvtec_ad\screw\test\scratch_neck\017.png,2,layer2,0.25,0,1,39.66313552856445,28.76877947551448,2.173365577832954,5.012666145155685,D:\Research\research-experiments\industrial-anomaly-detection\data\mvtec_ad\screw\ground_truth\scratch_neck\017_mask.png,3813,0.0036363601684570312,-5.6167717763411185
screw,scratch_neck,D:\Research\research-experiments\industrial-anomaly-detection\data\mvtec_ad\screw\test\scratch_neck\018.png,2,layer2,0.25,0,1,45.65598678588867,28.76877947551448,2.173365577832954,7.7700721326470505,D:\Research\research-experiments\industrial-anomaly-detection\data\mvtec_ad\screw\ground_truth\scratch_neck\018_mask.png,3269,0.0031175613403320312,-5.770703883711211
screw,scratch_neck,D:\Research\research-experiments\industrial-anomaly-detection\data\mvtec_ad\screw\test\scratch_neck\019.png,2,layer2,0.25,0,1,41.6046142578125,28.76877947551448,2.173365577832954,5.905971325402389,D:\Research\research-experiments\industrial-anomaly-detection\data\mvtec_ad\screw\ground_truth\scratch_neck\019_mask.png,4108,0.003917694091796875,-5.542251784898299
screw,scratch_neck,D:\Research\research-experiments\industrial-anomaly-detection\data\mvtec_ad\screw\test\scratch_neck\020.png,2,layer2,0.25,0,1,49.4278450012207,28.76877947551448,2.173365577832954,9.505563967892238,D:\Research\research-experiments\industrial-anomaly-detection\data\mvtec_ad\screw\ground_truth\scratch_neck\020_mask.png,7369,0.007027626037597656,-4.957906178136354
screw,scratch_neck,D:\Research\research-experiments\industrial-anomaly-detection\data\mvtec_ad\screw\test\scratch_neck\021.png,2,layer2,0.25,0,1,34.44373321533203,28.76877947551448,2.173365577832954,2.6111362937274465,D:\Research\research-experiments\industrial-anomaly-detection\data\mvtec_ad\screw\ground_truth\scratch_neck\021_mask.png,2687,0.0025625228881835938,-5.966762612343074
screw,scratch_neck,D:\Research\research-experiments\industrial-anomaly-detection\data\mvtec_ad\screw\test\scratch_neck\022.png,2,layer2,0.25,0,1,37.83787155151367,28.76877947551448,2.173365577832954,4.172833217061399,D:\Research\research-experiments\industrial-anomaly-detection\data\mvtec_ad\screw\ground_truth\scratch_neck\022_mask.png,1033,0.0009851455688476562,-6.92272012700137
screw,scratch_neck,D:\Research\research-experiments\industrial-anomaly-detection\data\mvtec_ad\screw\test\scratch_neck\023.png,2,layer2,0.25,0,1,37.82539749145508,28.76877947551448,2.173365577832954,4.16709370402879,D:\Research\research-experiments\industrial-anomaly-detection\data\mvtec_ad\screw\ground_truth\scratch_neck\023_mask.png,1717,0.0016374588012695312,-6.4146091395992295
screw,scratch_neck,D:\Research\research-experiments\industrial-anomaly-detection\data\mvtec_ad\screw\test\scratch_neck\024.png,2,layer2,0.25,0,1,47.06981658935547,28.76877947551448,2.173365577832954,8.4205976668172,D:\Research\research-experiments\industrial-anomaly-detection\data\mvtec_ad\screw\ground_truth\scratch_neck\024_mask.png,3240,0.00308990478515625,-5.779614678778016
screw,thread_side,D:\Research\research-experiments\industrial-anomaly-detection\data\mvtec_ad\screw\test\thread_side\000.png,2,layer2,0.25,0,1,30.112934112548828,28.76877947551448,2.173365577832954,0.6184668841468415,D:\Research\research-experiments\industrial-anomaly-detection\data\mvtec_ad\screw\ground_truth\thread_side\000_mask.png,1580,0.001506805419921875,-6.497762821522418
screw,thread_side,D:\Research\research-experiments\industrial-anomaly-detection\data\mvtec_ad\screw\test\thread_side\001.png,2,layer2,0.25,0,1,33.72718048095703,28.76877947551448,2.173365577832954,2.2814390068635086,D:\Research\research-experiments\industrial-anomaly-detection\data\mvtec_ad\screw\ground_truth\thread_side\001_mask.png,6009,0.005730628967285156,-5.161929812364078
screw,thread_side,D:\Research\research-experiments\industrial-anomaly-detection\data\mvtec_ad\screw\test\thread_side\002.png,2,layer2,0.25,0,1,32.802982330322266,28.76877947551448,2.173365577832954,1.8562007680411763,D:\Research\research-experiments\industrial-anomaly-detection\data\mvtec_ad\screw\ground_truth\thread_side\002_mask.png,2302,0.0021953582763671875,-6.121409566410666
screw,thread_side,D:\Research\research-experiments\industrial-anomaly-detection\data\mvtec_ad\screw\test\thread_side\003.png,2,layer2,0.25,0,1,30.78868293762207,28.76877947551448,2.173365577832954,0.9293896446642074,D:\Research\research-experiments\industrial-anomaly-detection\data\mvtec_ad\screw\ground_truth\thread_side\003_mask.png,2047,0.0019521713256835938,-6.238812513287626
screw,thread_side,D:\Research\research-experiments\industrial-anomaly-detection\data\mvtec_ad\screw\test\thread_side\004.png,2,layer2,0.25,0,1,33.43282699584961,28.76877947551448,2.173365577832954,2.146002296118821,D:\Research\research-experiments\industrial-anomaly-detection\data\mvtec_ad\screw\ground_truth\thread_side\004_mask.png,1460,0.001392364501953125,-6.576751178294042
screw,thread_side,D:\Research\research-experiments\industrial-anomaly-detection\data\mvtec_ad\screw\test\thread_side\005.png,2,layer2,0.25,0,1,36.70709991455078,28.76877947551448,2.173365577832954,3.6525472382568687,D:\Research\research-experiments\industrial-anomaly-detection\data\mvtec_ad\screw\ground_truth\thread_side\005_mask.png,2721,0.0025949478149414062,-5.95418848705153
screw,thread_side,D:\Research\research-experiments\industrial-anomaly-detection\data\mvtec_ad\screw\test\thread_side\006.png,2,layer2,0.25,0,1,32.236961364746094,28.76877947551448,2.173365577832954,1.5957655373789943,D:\Research\research-experiments\industrial-anomaly-detection\data\mvtec_ad\screw\ground_truth\thread_side\006_mask.png,4696,0.00447845458984375,-5.408477026399687
screw,thread_side,D:\Research\research-experiments\industrial-anomaly-detection\data\mvtec_ad\screw\test\thread_side\007.png,2,layer2,0.25,0,1,36.147281646728516,28.76877947551448,2.173365577832954,3.3949659672861303,D:\Research\research-experiments\industrial-anomaly-detection\data\mvtec_ad\screw\ground_truth\thread_side\007_mask.png,3887,0.0037069320678710938,-5.597550410581862
screw,thread_side,D:\Research\research-experiments\industrial-anomaly-detection\data\mvtec_ad\screw\test\thread_side\008.png,2,layer2,0.25,0,1,30.28701400756836,28.76877947551448,2.173365577832954,0.698563807000062,D:\Research\research-experiments\industrial-anomaly-detection\data\mvtec_ad\screw\ground_truth\thread_side\008_mask.png,2757,0.0026292800903320312,-5.941044819842936
screw,thread_side,D:\Research\research-experiments\industrial-anomaly-detection\data\mvtec_ad\screw\test\thread_side\009.png,2,layer2,0.25,0,1,34.51316833496094,28.76877947551448,2.173365577832954,2.643084494406202,D:\Research\research-experiments\industrial-anomaly-detection\data\mvtec_ad\screw\ground_truth\thread_side\009_mask.png,2577,0.0024576187133789062,-6.008561993648681
screw,thread_side,D:\Research\research-experiments\industrial-anomaly-detection\data\mvtec_ad\screw\test\thread_side\010.png,2,layer2,0.25,0,1,30.140811920166016,28.76877947551448,2.173365577832954,0.6312939059334772,D:\Research\research-experiments\industrial-anomaly-detection\data\mvtec_ad\screw\ground_truth\thread_side\010_mask.png,3097,0.0029535293579101562,-5.824754092647782
screw,thread_side,D:\Research\research-experiments\industrial-anomaly-detection\data\mvtec_ad\screw\test\thread_side\011.png,2,layer2,0.25,0,1,38.581703186035156,28.76877947551448,2.173365577832954,4.515081958878297,D:\Research\research-experiments\industrial-anomaly-detection\data\mvtec_ad\screw\ground_truth\thread_side\011_mask.png,1761,0.0016794204711914062,-6.389305907259379
screw,thread_side,D:\Research\research-experiments\industrial-anomaly-detection\data\mvtec_ad\screw\test\thread_side\012.png,2,layer2,0.25,0,1,30.390104293823242,28.76877947551448,2.173365577832954,0.7459972840489041,D:\Research\research-experiments\industrial-anomaly-detection\data\mvtec_ad\screw\ground_truth\thread_side\012_mask.png,4231,0.004034996032714844,-5.512749712647151
screw,thread_side,D:\Research\research-experiments\industrial-anomaly-detection\data\mvtec_ad\screw\test\thread_side\013.png,2,layer2,0.25,0,1,29.157629013061523,28.76877947551448,2.173365577832954,0.17891584439961586,D:\Research\research-experiments\industrial-anomaly-detection\data\mvtec_ad\screw\ground_truth\thread_side\013_mask.png,1685,0.0016069412231445312,-6.433422146112341
screw,thread_side,D:\Research\research-experiments\industrial-anomaly-detection\data\mvtec_ad\screw\test\thread_side\014.png,2,layer2,0.25,0,1,35.35840606689453,28.76877947551448,2.173365577832954,3.031991791252402,D:\Research\research-experiments\industrial-anomaly-detection\data\mvtec_ad\screw\ground_truth\thread_side\014_mask.png,2720,0.002593994140625,-5.954556066403055
screw,thread_side,D:\Research\research-experiments\industrial-anomaly-detection\data\mvtec_ad\screw\test\thread_side\015.png,2,layer2,0.25,0,1,31.026351928710938,28.76877947551448,2.173365577832954,1.0387449199630114,D:\Research\research-experiments\industrial-anomaly-detection\data\mvtec_ad\screw\ground_truth\thread_side\015_mask.png,2977,0.0028390884399414062,-5.864271897957461
screw,thread_side,D:\Research\research-experiments\industrial-anomaly-detection\data\mvtec_ad\screw\test\thread_side\016.png,2,layer2,0.25,0,1,34.47187805175781,28.76877947551448,2.173365577832954,2.624086179707441,D:\Research\research-experiments\industrial-anomaly-detection\data\mvtec_ad\screw\ground_truth\thread_side\016_mask.png,5564,0.005306243896484375,-5.238870869698365
screw,thread_side,D:\Research\research-experiments\industrial-anomaly-detection\data\mvtec_ad\screw\test\thread_side\017.png,2,layer2,0.25,0,1,38.500186920166016,28.76877947551448,2.173365577832954,4.477575031051447,D:\Research\research-experiments\industrial-anomaly-detection\data\mvtec_ad\screw\ground_truth\thread_side\017_mask.png,2901,0.0027666091918945312,-5.8901324656242755
screw,thread_side,D:\Research\research-experiments\industrial-anomaly-detection\data\mvtec_ad\screw\test\thread_side\018.png,2,layer2,0.25,0,1,35.88532638549805,28.76877947551448,2.173365577832954,3.2744361936013635,D:\Research\research-experiments\industrial-anomaly-detection\data\mvtec_ad\screw\ground_truth\thread_side\018_mask.png,2424,0.00231170654296875,-6.069768831428936
screw,thread_side,D:\Research\research-experiments\industrial-anomaly-detection\data\mvtec_ad\screw\test\thread_side\019.png,2,layer2,0.25,0,1,35.933589935302734,28.76877947551448,2.173365577832954,3.2966430189495455,D:\Research\research-experiments\industrial-anomaly-detection\data\mvtec_ad\screw\ground_truth\thread_side\019_mask.png,1207,0.0011510848999023438,-6.7670495213561015
screw,thread_side,D:\Research\research-experiments\industrial-anomaly-detection\data\mvtec_ad\screw\test\thread_side\020.png,2,layer2,0.25,0,1,31.4383487701416,28.76877947551448,2.173365577832954,1.2283112062945836,D:\Research\research-experiments\industrial-anomaly-detection\data\mvtec_ad\screw\ground_truth\thread_side\020_mask.png,1601,0.0015268325805664062,-6.48455924325175
screw,thread_side,D:\Research\research-experiments\industrial-anomaly-detection\data\mvtec_ad\screw\test\thread_side\021.png,2,layer2,0.25,0,1,32.86440658569336,28.76877947551448,2.173365577832954,1.8844630429191742,D:\Research\research-experiments\industrial-anomaly-detection\data\mvtec_ad\screw\ground_truth\thread_side\021_mask.png,3364,0.003208160400390625,-5.7420572784010036
screw,thread_side,D:\Research\research-experiments\industrial-anomaly-detection\data\mvtec_ad\screw\test\thread_side\022.png,2,layer2,0.25,0,1,34.794010162353516,28.76877947551448,2.173365577832954,2.772304276966945,D:\Research\research-experiments\industrial-anomaly-detection\data\mvtec_ad\screw\ground_truth\thread_side\022_mask.png,3904,0.00372314453125,-5.593186395075795
screw,thread_top,D:\Research\research-experiments\industrial-anomaly-detection\data\mvtec_ad\screw\test\thread_top\000.png,2,layer2,0.25,0,1,41.71116638183594,28.76877947551448,2.173365577832954,5.9549976489579866,D:\Research\research-experiments\industrial-anomaly-detection\data\mvtec_ad\screw\ground_truth\thread_top\000_mask.png,6803,0.006487846374511719,-5.037824486719504
screw,thread_top,D:\Research\research-experiments\industrial-anomaly-detection\data\mvtec_ad\screw\test\thread_top\001.png,2,layer2,0.25,0,1,38.73988723754883,28.76877947551448,2.173365577832954,4.587864951821158,D:\Research\research-experiments\industrial-anomaly-detection\data\mvtec_ad\screw\ground_truth\thread_top\001_mask.png,6387,0.006091117858886719,-5.100923493463853
screw,thread_top,D:\Research\research-experiments\industrial-anomaly-detection\data\mvtec_ad\screw\test\thread_top\002.png,2,layer2,0.25,0,1,35.69049835205078,28.76877947551448,2.173365577832954,3.1847927229241813,D:\Research\research-experiments\industrial-anomaly-detection\data\mvtec_ad\screw\ground_truth\thread_top\002_mask.png,6084,0.005802154541015625,-5.149525785469968
screw,thread_top,D:\Research\research-experiments\industrial-anomaly-detection\data\mvtec_ad\screw\test\thread_top\003.png,2,layer2,0.25,0,1,29.789173126220703,28.76877947551448,2.173365577832954,0.46949931530785,D:\Research\research-experiments\industrial-anomaly-detection\data\mvtec_ad\screw\ground_truth\thread_top\003_mask.png,4646,0.0044307708740234375,-5.419181472174216
screw,thread_top,D:\Research\research-experiments\industrial-anomaly-detection\data\mvtec_ad\screw\test\thread_top\004.png,2,layer2,0.25,0,1,38.121604919433594,28.76877947551448,2.173365577832954,4.303383443315939,D:\Research\research-experiments\industrial-anomaly-detection\data\mvtec_ad\screw\ground_truth\thread_top\004_mask.png,6696,0.00638580322265625,-5.0536778424322355
screw,thread_top,D:\Research\research-experiments\industrial-anomaly-detection\data\mvtec_ad\screw\test\thread_top\005.png,2,layer2,0.25,0,1,38.887916564941406,28.76877947551448,2.173365577832954,4.655975595010867,D:\Research\research-experiments\industrial-anomaly-detection\data\mvtec_ad\screw\ground_truth\thread_top\005_mask.png,10599,0.010107994079589844,-4.594428576240059
screw,thread_top,D:\Research\research-experiments\industrial-anomaly-detection\data\mvtec_ad\screw\test\thread_top\006.png,2,layer2,0.25,0,1,35.70836639404297,28.76877947551448,2.173365577832954,3.1930140926626325,D:\Research\research-experiments\industrial-anomaly-detection\data\mvtec_ad\screw\ground_truth\thread_top\006_mask.png,7649,0.007294654846191406,-4.920613274790371
screw,thread_top,D:\Research\research-experiments\industrial-anomaly-detection\data\mvtec_ad\screw\test\thread_top\007.png,2,layer2,0.25,0,1,43.65911102294922,28.76877947551448,2.173365577832954,6.851277897886729,D:\Research\research-experiments\industrial-anomaly-detection\data\mvtec_ad\screw\ground_truth\thread_top\007_mask.png,6834,0.0065174102783203125,-5.033278025088504
screw,thread_top,D:\Research\research-experiments\industrial-anomaly-detection\data\mvtec_ad\screw\test\thread_top\008.png,2,layer2,0.25,0,1,32.937808990478516,28.76877947551448,2.173365577832954,1.9182366544706857,D:\Research\research-experiments\industrial-anomaly-detection\data\mvtec_ad\screw\ground_truth\thread_top\008_mask.png,5620,0.005359649658203125,-5.228856481731827
screw,thread_top,D:\Research\research-experiments\industrial-anomaly-detection\data\mvtec_ad\screw\test\thread_top\009.png,2,layer2,0.25,0,1,38.84305191040039,28.76877947551448,2.173365577832954,4.635332655323864,D:\Research\research-experiments\industrial-anomaly-detection\data\mvtec_ad\screw\ground_truth\thread_top\009_mask.png,4056,0.00386810302734375,-5.554990807403266
screw,thread_top,D:\Research\research-experiments\industrial-anomaly-detection\data\mvtec_ad\screw\test\thread_top\010.png,2,layer2,0.25,0,1,36.386478424072266,28.76877947551448,2.173365577832954,3.505024201291222,D:\Research\research-experiments\industrial-anomaly-detection\data\mvtec_ad\screw\ground_truth\thread_top\010_mask.png,5418,0.0051670074462890625,-5.265461395018263
screw,thread_top,D:\Research\research-experiments\industrial-anomaly-detection\data\mvtec_ad\screw\test\thread_top\011.png,2,layer2,0.25,0,1,40.519493103027344,28.76877947551448,2.173365577832954,5.406689858053889,D:\Research\research-experiments\industrial-anomaly-detection\data\mvtec_ad\screw\ground_truth\thread_top\011_mask.png,5075,0.004839897155761719,-5.3308616006729785
screw,thread_top,D:\Research\research-experiments\industrial-anomaly-detection\data\mvtec_ad\screw\test\thread_top\012.png,2,layer2,0.25,0,1,37.96815490722656,28.76877947551448,2.173365577832954,4.23277865700105,D:\Research\research-experiments\industrial-anomaly-detection\data\mvtec_ad\screw\ground_truth\thread_top\012_mask.png,1275,0.0012159347534179688,-6.712241331194169
screw,thread_top,D:\Research\research-experiments\industrial-anomaly-detection\data\mvtec_ad\screw\test\thread_top\013.png,2,layer2,0.25,0,1,38.764984130859375,28.76877947551448,2.173365577832954,4.599412430794102,D:\Research\research-experiments\industrial-anomaly-detection\data\mvtec_ad\screw\ground_truth\thread_top\013_mask.png,3005,0.0028657913208007812,-5.854910415285898
screw,thread_top,D:\Research\research-experiments\industrial-anomaly-detection\data\mvtec_ad\screw\test\thread_top\014.png,2,layer2,0.25,0,1,40.614078521728516,28.76877947551448,2.173365577832954,5.45021011054426,D:\Research\research-experiments\industrial-anomaly-detection\data\mvtec_ad\screw\ground_truth\thread_top\014_mask.png,4905,0.004677772521972656,-5.364933025422503
screw,thread_top,D:\Research\research-experiments\industrial-anomaly-detection\data\mvtec_ad\screw\test\thread_top\015.png,2,layer2,0.25,0,1,35.3013801574707,28.76877947551448,2.173365577832954,3.005753265159296,D:\Research\research-experiments\industrial-anomaly-detection\data\mvtec_ad\screw\ground_truth\thread_top\015_mask.png,3769,0.0035943984985351562,-5.628378339721143
screw,thread_top,D:\Research\research-experiments\industrial-anomaly-detection\data\mvtec_ad\screw\test\thread_top\016.png,2,layer2,0.25,0,1,37.16415023803711,28.76877947551448,2.173365577832954,3.8628433468121766,D:\Research\research-experiments\industrial-anomaly-detection\data\mvtec_ad\screw\ground_truth\thread_top\016_mask.png,4124,0.003932952880859375,-5.538364511800206
screw,thread_top,D:\Research\research-experiments\industrial-anomaly-detection\data\mvtec_ad\screw\test\thread_top\017.png,2,layer2,0.25,0,1,35.656490325927734,28.76877947551448,2.173365577832954,3.169145090298585,D:\Research\research-experiments\industrial-anomaly-detection\data\mvtec_ad\screw\ground_truth\thread_top\017_mask.png,1161,0.0011072158813476562,-6.805905726335187
screw,thread_top,D:\Research\research-experiments\industrial-anomaly-detection\data\mvtec_ad\screw\test\thread_top\018.png,2,layer2,0.25,0,1,36.48346710205078,28.76877947551448,2.173365577832954,3.5496502315218206,D:\Research\research-experiments\industrial-anomaly-detection\data\mvtec_ad\screw\ground_truth\thread_top\018_mask.png,5585,0.005326271057128906,-5.23510371194701
screw,thread_top,D:\Research\research-experiments\industrial-anomaly-detection\data\mvtec_ad\screw\test\thread_top\019.png,2,layer2,0.25,0,1,43.06244659423828,28.76877947551448,2.173365577832954,6.576743123435269,D:\Research\research-experiments\industrial-anomaly-detection\data\mvtec_ad\screw\ground_truth\thread_top\019_mask.png,7792,0.0074310302734375,-4.902090631305702
screw,thread_top,D:\Research\research-experiments\industrial-anomaly-detection\data\mvtec_ad\screw\test\thread_top\020.png,2,layer2,0.25,0,1,42.7286262512207,28.76877947551448,2.173365577832954,6.423147084912184,D:\Research\research-experiments\industrial-anomaly-detection\data\mvtec_ad\screw\ground_truth\thread_top\020_mask.png,6790,0.0064754486083984375,-5.039737236216721
screw,thread_top,D:\Research\research-experiments\industrial-anomaly-detection\data\mvtec_ad\screw\test\thread_top\021.png,2,layer2,0.25,0,1,39.870330810546875,28.76877947551448,2.173365577832954,5.107999983188132,D:\Research\research-experiments\industrial-anomaly-detection\data\mvtec_ad\screw\ground_truth\thread_top\021_mask.png,5326,0.0050792694091796875,-5.28258764794634
screw,thread_top,D:\Research\research-experiments\industrial-anomaly-detection\data\mvtec_ad\screw\test\thread_top\022.png,2,layer2,0.25,0,1,40.44106674194336,28.76877947551448,2.173365577832954,5.370604644464474,D:\Research\research-experiments\industrial-anomaly-detection\data\mvtec_ad\screw\ground_truth\thread_top\022_mask.png,4004,0.003818511962890625,-5.567894208881712
screw,good,D:\Research\research-experiments\industrial-anomaly-detection\data\mvtec_ad\screw\test\good\000.png,2,layer2,0.5,1,0,28.796728134155273,28.74847761014613,2.026023680140134,0.023815380087663894,,,,
screw,good,D:\Research\research-experiments\industrial-anomaly-detection\data\mvtec_ad\screw\test\good\001.png,2,layer2,0.5,1,0,27.862558364868164,28.74847761014613,2.026023680140134,-0.43726993616219145,,,,
screw,good,D:\Research\research-experiments\industrial-anomaly-detection\data\mvtec_ad\screw\test\good\002.png,2,layer2,0.5,1,0,26.979938507080078,28.74847761014613,2.026023680140134,-0.8729113684119062,,,,
screw,good,D:\Research\research-experiments\industrial-anomaly-detection\data\mvtec_ad\screw\test\good\003.png,2,layer2,0.5,1,0,31.402524948120117,28.74847761014613,2.026023680140134,1.3099784390429317,,,,
screw,good,D:\Research\research-experiments\industrial-anomaly-detection\data\mvtec_ad\screw\test\good\004.png,2,layer2,0.5,1,0,30.564584732055664,28.74847761014613,2.026023680140134,0.8963898792061112,,,,
screw,good,D:\Research\research-experiments\industrial-anomaly-detection\data\mvtec_ad\screw\test\good\005.png,2,layer2,0.5,1,0,33.3685188293457,28.74847761014613,2.026023680140134,2.2803490721688013,,,,
screw,good,D:\Research\research-experiments\industrial-anomaly-detection\data\mvtec_ad\screw\test\good\006.png,2,layer2,0.5,1,0,27.335189819335938,28.74847761014613,2.026023680140134,-0.6975672617569989,,,,
screw,good,D:\Research\research-experiments\industrial-anomaly-detection\data\mvtec_ad\screw\test\good\007.png,2,layer2,0.5,1,0,28.390350341796875,28.74847761014613,2.026023680140134,-0.1767636142952105,,,,
screw,good,D:\Research\research-experiments\industrial-anomaly-detection\data\mvtec_ad\screw\test\good\008.png,2,layer2,0.5,1,0,29.16188621520996,28.74847761014613,2.026023680140134,0.20404924637170982,,,,
screw,good,D:\Research\research-experiments\industrial-anomaly-detection\data\mvtec_ad\screw\test\good\009.png,2,layer2,0.5,1,0,28.20838737487793,28.74847761014613,2.026023680140134,-0.26657646727546763,,,,
screw,good,D:\Research\research-experiments\industrial-anomaly-detection\data\mvtec_ad\screw\test\good\010.png,2,layer2,0.5,1,0,30.120058059692383,28.74847761014613,2.026023680140134,0.6769814504099904,,,,
screw,good,D:\Research\research-experiments\industrial-anomaly-detection\data\mvtec_ad\screw\test\good\011.png,2,layer2,0.5,1,0,27.992630004882812,28.74847761014613,2.026023680140134,-0.37306948219432284,,,,
screw,good,D:\Research\research-experiments\industrial-anomaly-detection\data\mvtec_ad\screw\test\good\012.png,2,layer2,0.5,1,0,29.89066505432129,28.74847761014613,2.026023680140134,0.5637581906723612,,,,
screw,good,D:\Research\research-experiments\industrial-anomaly-detection\data\mvtec_ad\screw\test\good\013.png,2,layer2,0.5,1,0,28.03508758544922,28.74847761014613,2.026023680140134,-0.35211336949801436,,,,
screw,good,D:\Research\research-experiments\industrial-anomaly-detection\data\mvtec_ad\screw\test\good\014.png,2,layer2,0.5,1,0,31.335874557495117,28.74847761014613,2.026023680140134,1.2770812960932552,,,,
screw,good,D:\Research\research-experiments\industrial-anomaly-detection\data\mvtec_ad\screw\test\good\015.png,2,layer2,0.5,1,0,30.24646759033203,28.74847761014613,2.026023680140134,0.7393743690509537,,,,
screw,good,D:\Research\research-experiments\industrial-anomaly-detection\data\mvtec_ad\screw\test\good\016.png,2,layer2,0.5,1,0,26.989700317382812,28.74847761014613,2.026023680140134,-0.8680931570561242,,,,
screw,good,D:\Research\research-experiments\industrial-anomaly-detection\data\mvtec_ad\screw\test\good\017.png,2,layer2,0.5,1,0,26.137842178344727,28.74847761014613,2.026023680140134,-1.2885512925598344,,,,
screw,good,D:\Research\research-experiments\industrial-anomaly-detection\data\mvtec_ad\screw\test\good\018.png,2,layer2,0.5,1,0,28.663007736206055,28.74847761014613,2.026023680140134,-0.042186019234564026,,,,
screw,good,D:\Research\research-experiments\industrial-anomaly-detection\data\mvtec_ad\screw\test\good\019.png,2,layer2,0.5,1,0,29.723365783691406,28.74847761014613,2.026023680140134,0.48118301039692074,,,,
screw,good,D:\Research\research-experiments\industrial-anomaly-detection\data\mvtec_ad\screw\test\good\020.png,2,layer2,0.5,1,0,27.613380432128906,28.74847761014613,2.026023680140134,-0.5602585937883564,,,,
screw,good,D:\Research\research-experiments\industrial-anomaly-detection\data\mvtec_ad\screw\test\good\021.png,2,layer2,0.5,1,0,27.657102584838867,28.74847761014613,2.026023680140134,-0.5386783165494761,,,,
screw,good,D:\Research\research-experiments\industrial-anomaly-detection\data\mvtec_ad\screw\test\good\022.png,2,layer2,0.5,1,0,31.583879470825195,28.74847761014613,2.026023680140134,1.3994909775600208,,,,
screw,good,D:\Research\research-experiments\industrial-anomaly-detection\data\mvtec_ad\screw\test\good\023.png,2,layer2,0.5,1,0,28.86810302734375,28.74847761014613,2.026023680140134,0.05904443189397831,,,,
screw,good,D:\Research\research-experiments\industrial-anomaly-detection\data\mvtec_ad\screw\test\good\024.png,2,layer2,0.5,1,0,29.679885864257812,28.74847761014613,2.026023680140134,0.4597222940885179,,,,
screw,good,D:\Research\research-experiments\industrial-anomaly-detection\data\mvtec_ad\screw\test\good\025.png,2,layer2,0.5,1,0,32.14042663574219,28.74847761014613,2.026023680140134,1.6741902174418062,,,,
screw,good,D:\Research\research-experiments\industrial-anomaly-detection\data\mvtec_ad\screw\test\good\026.png,2,layer2,0.5,1,0,27.823434829711914,28.74847761014613,2.026023680140134,-0.45658043857129654,,,,
screw,good,D:\Research\research-experiments\industrial-anomaly-detection\data\mvtec_ad\screw\test\good\027.png,2,layer2,0.5,1,0,30.693641662597656,28.74847761014613,2.026023680140134,0.9600894952604832,,,,
screw,good,D:\Research\research-experiments\industrial-anomaly-detection\data\mvtec_ad\screw\test\good\028.png,2,layer2,0.5,1,0,25.04693031311035,28.74847761014613,2.026023680140134,-1.827001003650536,,,,
screw,good,D:\Research\research-experiments\industrial-anomaly-detection\data\mvtec_ad\screw\test\good\029.png,2,layer2,0.5,1,0,28.597013473510742,28.74847761014613,2.026023680140134,-0.07475931210483683,,,,
screw,good,D:\Research\research-experiments\industrial-anomaly-detection\data\mvtec_ad\screw\test\good\030.png,2,layer2,0.5,1,0,28.620800018310547,28.74847761014613,2.026023680140134,-0.06301880530179718,,,,
screw,good,D:\Research\research-experiments\industrial-anomaly-detection\data\mvtec_ad\screw\test\good\031.png,2,layer2,0.5,1,0,27.21006202697754,28.74847761014613,2.026023680140134,-0.7593275430335453,,,,
screw,good,D:\Research\research-experiments\industrial-anomaly-detection\data\mvtec_ad\screw\test\good\032.png,2,layer2,0.5,1,0,27.20627212524414,28.74847761014613,2.026023680140134,-0.7611981538119625,,,,
screw,good,D:\Research\research-experiments\industrial-anomaly-detection\data\mvtec_ad\screw\test\good\033.png,2,layer2,0.5,1,0,27.0163631439209,28.74847761014613,2.026023680140134,-0.8549329818817444,,,,
screw,good,D:\Research\research-experiments\industrial-anomaly-detection\data\mvtec_ad\screw\test\good\034.png,2,layer2,0.5,1,0,27.35576820373535,28.74847761014613,2.026023680140134,-0.6874102312143003,,,,
screw,good,D:\Research\research-experiments\industrial-anomaly-detection\data\mvtec_ad\screw\test\good\035.png,2,layer2,0.5,1,0,34.0342903137207,28.74847761014613,2.026023680140134,2.608958994600187,,,,
screw,good,D:\Research\research-experiments\industrial-anomaly-detection\data\mvtec_ad\screw\test\good\036.png,2,layer2,0.5,1,0,26.701902389526367,28.74847761014613,2.026023680140134,-1.0101437809839449,,,,
screw,good,D:\Research\research-experiments\industrial-anomaly-detection\data\mvtec_ad\screw\test\good\037.png,2,layer2,0.5,1,0,26.955806732177734,28.74847761014613,2.026023680140134,-0.8848222730764926,,,,
screw,good,D:\Research\research-experiments\industrial-anomaly-detection\data\mvtec_ad\screw\test\good\038.png,2,layer2,0.5,1,0,30.191959381103516,28.74847761014613,2.026023680140134,0.7124703354195474,,,,
screw,good,D:\Research\research-experiments\industrial-anomaly-detection\data\mvtec_ad\screw\test\good\039.png,2,layer2,0.5,1,0,26.940427780151367,28.74847761014613,2.026023680140134,-0.8924129800248456,,,,
screw,good,D:\Research\research-experiments\industrial-anomaly-detection\data\mvtec_ad\screw\test\good\040.png,2,layer2,0.5,1,0,25.54476547241211,28.74847761014613,2.026023680140134,-1.5812806973275002,,,,
screw,manipulated_front,D:\Research\research-experiments\industrial-anomaly-detection\data\mvtec_ad\screw\test\manipulated_front\000.png,2,layer2,0.5,0,1,35.49844741821289,28.74847761014613,2.026023680140134,3.331634212488517,D:\Research\research-experiments\industrial-anomaly-detection\data\mvtec_ad\screw\ground_truth\manipulated_front\000_mask.png,3806,0.0036296844482421875,-5.618609287836806
screw,manipulated_front,D:\Research\research-experiments\industrial-anomaly-detection\data\mvtec_ad\screw\test\manipulated_front\001.png,2,layer2,0.5,0,1,34.395511627197266,28.74847761014613,2.026023680140134,2.7872497604078097,D:\Research\research-experiments\industrial-anomaly-detection\data\mvtec_ad\screw\ground_truth\manipulated_front\001_mask.png,2866,0.0027332305908203125,-5.902270636943445
screw,manipulated_front,D:\Research\research-experiments\industrial-anomaly-detection\data\mvtec_ad\screw\test\manipulated_front\002.png,2,layer2,0.5,0,1,30.285388946533203,28.74847761014613,2.026023680140134,0.7585850804472192,D:\Research\research-experiments\industrial-anomaly-detection\data\mvtec_ad\screw\ground_truth\manipulated_front\002_mask.png,2520,0.00240325927734375,-6.030929014591936
screw,manipulated_front,D:\Research\research-experiments\industrial-anomaly-detection\data\mvtec_ad\screw\test\manipulated_front\003.png,2,layer2,0.5,0,1,40.038944244384766,28.74847761014613,2.026023680140134,5.572721950346459,D:\Research\research-experiments\industrial-anomaly-detection\data\mvtec_ad\screw\ground_truth\manipulated_front\003_mask.png,4826,0.0046024322509765625,-5.381170147737533
screw,manipulated_front,D:\Research\research-experiments\industrial-anomaly-detection\data\mvtec_ad\screw\test\manipulated_front\004.png,2,layer2,0.5,0,1,38.04544448852539,28.74847761014613,2.026023680140134,4.588775032351162,D:\Research\research-experiments\industrial-anomaly-detection\data\mvtec_ad\screw\ground_truth\manipulated_front\004_mask.png,2245,0.0021409988403320312,-6.146482343950946
screw,manipulated_front,D:\Research\research-experiments\industrial-anomaly-detection\data\mvtec_ad\screw\test\manipulated_front\005.png,2,layer2,0.5,0,1,36.62646484375,28.74847761014613,2.026023680140134,3.888398398709227,D:\Research\research-experiments\industrial-anomaly-detection\data\mvtec_ad\screw\ground_truth\manipulated_front\005_mask.png,3304,0.00315093994140625,-5.76005415919247
screw,manipulated_front,D:\Research\research-experiments\industrial-anomaly-detection\data\mvtec_ad\screw\test\manipulated_front\006.png,2,layer2,0.5,0,1,34.53432846069336,28.74847761014613,2.026023680140134,2.855766646393314,D:\Research\research-experiments\industrial-anomaly-detection\data\mvtec_ad\screw\ground_truth\manipulated_front\006_mask.png,3633,0.0034646987915039062,-5.665129290352367
screw,manipulated_front,D:\Research\research-experiments\industrial-anomaly-detection\data\mvtec_ad\screw\test\manipulated_front\007.png,2,layer2,0.5,0,1,37.63243865966797,28.74847761014613,2.026023680140134,4.384924587311518,D:\Research\research-experiments\industrial-anomaly-detection\data\mvtec_ad\screw\ground_truth\manipulated_front\007_mask.png,4911,0.004683494567871094,-5.363710531643903
screw,manipulated_front,D:\Research\research-experiments\industrial-anomaly-detection\data\mvtec_ad\screw\test\manipulated_front\008.png,2,layer2,0.5,0,1,36.70221710205078,28.74847761014613,2.026023680140134,3.925788020085983,D:\Research\research-experiments\industrial-anomaly-detection\data\mvtec_ad\screw\ground_truth\manipulated_front\008_mask.png,3808,0.003631591796875,-5.618083939926343
screw,manipulated_front,D:\Research\research-experiments\industrial-anomaly-detection\data\mvtec_ad\screw\test\manipulated_front\009.png,2,layer2,0.5,0,1,34.31641387939453,28.74847761014613,2.026023680140134,2.748208880195954,D:\Research\research-experiments\industrial-anomaly-detection\data\mvtec_ad\screw\ground_truth\manipulated_front\009_mask.png,6709,0.006398200988769531,-5.051738267342097
screw,manipulated_front,D:\Research\research-experiments\industrial-anomaly-detection\data\mvtec_ad\screw\test\manipulated_front\010.png,2,layer2,0.5,0,1,34.332298278808594,28.74847761014613,2.026023680140134,2.7560490646764055,D:\Research\research-experiments\industrial-anomaly-detection\data\mvtec_ad\screw\ground_truth\manipulated_front\010_mask.png,3690,0.0035190582275390625,-5.649561589997436
screw,manipulated_front,D:\Research\research-experiments\industrial-anomaly-detection\data\mvtec_ad\screw\test\manipulated_front\011.png,2,layer2,0.5,0,1,34.917137145996094,28.74847761014613,2.026023680140134,3.0447124563831838,D:\Research\research-experiments\industrial-anomaly-detection\data\mvtec_ad\screw\ground_truth\manipulated_front\011_mask.png,3133,0.0029878616333007812,-5.813196985559251
screw,manipulated_front,D:\Research\research-experiments\industrial-anomaly-detection\data\mvtec_ad\screw\test\manipulated_front\012.png,2,layer2,0.5,0,1,31.058074951171875,28.74847761014613,2.026023680140134,1.1399656201777457,D:\Research\research-experiments\industrial-anomaly-detection\data\mvtec_ad\screw\ground_truth\manipulated_front\012_mask.png,1695,0.0016164779663085938,-6.427504972755639
screw,manipulated_front,D:\Research\research-experiments\industrial-anomaly-detection\data\mvtec_ad\screw\test\manipulated_front\013.png,2,layer2,0.5,0,1,35.67396926879883,28.74847761014613,2.026023680140134,3.4182678744276496,D:\Research\research-experiments\industrial-anomaly-detection\data\mvtec_ad\screw\ground_truth\manipulated_front\013_mask.png,3133,0.0029878616333007812,-5.813196985559251
screw,manipulated_front,D:\Research\research-experiments\industrial-anomaly-detection\data\mvtec_ad\screw\test\manipulated_front\014.png,2,layer2,0.5,0,1,37.18429946899414,28.74847761014613,2.026023680140134,4.163733100229377,D:\Research\research-experiments\industrial-anomaly-detection\data\mvtec_ad\screw\ground_truth\manipulated_front\014_mask.png,3315,0.0031614303588867188,-5.7567303922664745
screw,manipulated_front,D:\Research\research-experiments\industrial-anomaly-detection\data\mvtec_ad\screw\test\manipulated_front\015.png,2,layer2,0.5,0,1,35.5943489074707,28.74847761014613,2.026023680140134,3.37896904386185,D:\Research\research-experiments\industrial-anomaly-detection\data\mvtec_ad\screw\ground_truth\manipulated_front\015_mask.png,4777,0.004555702209472656,-5.39137537830384
screw,manipulated_front,D:\Research\research-experiments\industrial-anomaly-detection\data\mvtec_ad\screw\test\manipulated_front\016.png,2,layer2,0.5,0,1,40.001869201660156,28.74847761014613,2.026023680140134,5.554422538010842,D:\Research\research-experiments\industrial-anomaly-detection\data\mvtec_ad\screw\ground_truth\manipulated_front\016_mask.png,7016,0.00669097900390625,-5.006994927691938
screw,manipulated_front,D:\Research\research-experiments\industrial-anomaly-detection\data\mvtec_ad\screw\test\manipulated_front\017.png,2,layer2,0.5,0,1,31.822647094726562,28.74847761014613,2.026023680140134,1.5173413394495976,D:\Research\research-experiments\industrial-anomaly-detection\data\mvtec_ad\screw\ground_truth\manipulated_front\017_mask.png,1443,0.0013761520385742188,-6.5884633257614045
screw,manipulated_front,D:\Research\research-experiments\industrial-anomaly-detection\data\mvtec_ad\screw\test\manipulated_front\018.png,2,layer2,0.5,0,1,34.87901306152344,28.74847761014613,2.026023680140134,3.02589526049038,D:\Research\research-experiments\industrial-anomaly-detection\data\mvtec_ad\screw\ground_truth\manipulated_front\018_mask.png,2756,0.002628326416015625,-5.941407598595183
screw,manipulated_front,D:\Research\research-experiments\industrial-anomaly-detection\data\mvtec_ad\screw\test\manipulated_front\019.png,2,layer2,0.5,0,1,31.437253952026367,28.74847761014613,2.026023680140134,1.3271198990597504,D:\Research\research-experiments\industrial-anomaly-detection\data\mvtec_ad\screw\ground_truth\manipulated_front\019_mask.png,1771,0.0016889572143554688,-6.383643381334938
screw,manipulated_front,D:\Research\research-experiments\industrial-anomaly-detection\data\mvtec_ad\screw\test\manipulated_front\020.png,2,layer2,0.5,0,1,31.03891944885254,28.74847761014613,2.026023680140134,1.1305108924235217,D:\Research\research-experiments\industrial-anomaly-detection\data\mvtec_ad\screw\ground_truth\manipulated_front\020_mask.png,1359,0.0012960433959960938,-6.648438425468958
screw,manipulated_front,D:\Research\research-experiments\industrial-anomaly-detection\data\mvtec_ad\screw\test\manipulated_front\021.png,2,layer2,0.5,0,1,31.092260360717773,28.74847761014613,2.026023680140134,1.156838774169477,D:\Research\research-experiments\industrial-anomaly-detection\data\mvtec_ad\screw\ground_truth\manipulated_front\021_mask.png,1537,0.0014657974243164062,-6.525355185438031
screw,manipulated_front,D:\Research\research-experiments\industrial-anomaly-detection\data\mvtec_ad\screw\test\manipulated_front\022.png,2,layer2,0.5,0,1,31.16103172302246,28.74847761014613,2.026023680140134,1.1907827813293195,D:\Research\research-experiments\industrial-anomaly-detection\data\mvtec_ad\screw\ground_truth\manipulated_front\022_mask.png,1506,0.0014362335205078125,-6.5457305065737055
screw,manipulated_front,D:\Research\research-experiments\industrial-anomaly-detection\data\mvtec_ad\screw\test\manipulated_front\023.png,2,layer2,0.5,0,1,30.87990379333496,28.74847761014613,2.026023680140134,1.0520243194005552,D:\Research\research-experiments\industrial-anomaly-detection\data\mvtec_ad\screw\ground_truth\manipulated_front\023_mask.png,2523,0.0024061203002929688,-6.0297392469511175
screw,scratch_head,D:\Research\research-experiments\industrial-anomaly-detection\data\mvtec_ad\screw\test\scratch_head\000.png,2,layer2,0.5,0,1,40.87430953979492,28.74847761014613,2.026023680140134,5.985039586906549,D:\Research\research-experiments\industrial-anomaly-detection\data\mvtec_ad\screw\ground_truth\scratch_head\000_mask.png,2767,0.0026388168334960938,-5.937424252454337
screw,scratch_head,D:\Research\research-experiments\industrial-anomaly-detection\data\mvtec_ad\screw\test\scratch_head\001.png,2,layer2,0.5,0,1,37.124027252197266,28.74847761014613,2.026023680140134,4.1339840813073945,D:\Research\research-experiments\industrial-anomaly-detection\data\mvtec_ad\screw\ground_truth\scratch_head\001_mask.png,3019,0.0028791427612304688,-5.850262334166524
screw,scratch_head,D:\Research\research-experiments\industrial-anomaly-detection\data\mvtec_ad\screw\test\scratch_head\002.png,2,layer2,0.5,0,1,36.300682067871094,28.74847761014613,2.026023680140134,3.727599302888011,D:\Research\research-experiments\industrial-anomaly-detection\data\mvtec_ad\screw\ground_truth\scratch_head\002_mask.png,3012,0.002872467041015625,-5.852583674146381
screw,scratch_head,D:\Research\research-experiments\industrial-anomaly-detection\data\mvtec_ad\screw\test\scratch_head\003.png,2,layer2,0.5,0,1,31.98296546936035,28.74847761014613,2.026023680140134,1.5964709055081248,D:\Research\research-experiments\industrial-anomaly-detection\data\mvtec_ad\screw\ground_truth\scratch_head\003_mask.png,1741,0.0016603469848632812,-6.400728069147154
screw,scratch_head,D:\Research\research-experiments\industrial-anomaly-detection\data\mvtec_ad\screw\test\scratch_head\004.png,2,layer2,0.5,0,1,35.50243377685547,28.74847761014613,2.026023680140134,3.3336017900058255,D:\Research\research-experiments\industrial-anomaly-detection\data\mvtec_ad\screw\ground_truth\scratch_head\004_mask.png,2981,0.0028429031372070312,-5.8629291657677935
screw,scratch_head,D:\Research\research-experiments\industrial-anomaly-detection\data\mvtec_ad\screw\test\scratch_head\005.png,2,layer2,0.5,0,1,35.53015899658203,28.74847761014613,2.026023680140134,3.347286338709938,D:\Research\research-experiments\industrial-anomaly-detection\data\mvtec_ad\screw\ground_truth\scratch_head\005_mask.png,1355,0.0012922286987304688,-6.651386104028578
screw,scratch_head,D:\Research\research-experiments\industrial-anomaly-detection\data\mvtec_ad\screw\test\scratch_head\006.png,2,layer2,0.5,0,1,33.61384201049805,28.74847761014613,2.026023680140134,2.4014351105784684,D:\Research\research-experiments\industrial-anomaly-detection\data\mvtec_ad\screw\ground_truth\scratch_head\006_mask.png,2586,0.0024662017822265625,-6.00507564638536
screw,scratch_head,D:\Research\research-experiments\industrial-anomaly-detection\data\mvtec_ad\screw\test\scratch_head\007.png,2,layer2,0.5,0,1,36.575172424316406,28.74847761014613,2.026023680140134,3.8630816070367593,D:\Research\research-experiments\industrial-anomaly-detection\data\mvtec_ad\screw\ground_truth\scratch_head\007_mask.png,2707,0.0025815963745117188,-5.959346934227458
screw,scratch_head,D:\Research\research-experiments\industrial-anomaly-detection\data\mvtec_ad\screw\test\scratch_head\008.png,2,layer2,0.5,0,1,38.57917022705078,28.74847761014613,2.026023680140134,4.852210126302519,D:\Research\research-experiments\industrial-anomaly-detection\data\mvtec_ad\screw\ground_truth\scratch_head\008_mask.png,3009,0.0028696060180664062,-5.853580186089028
screw,scratch_head,D:\Research\research-experiments\industrial-anomaly-detection\data\mvtec_ad\screw\test\scratch_head\009.png,2,layer2,0.5,0,1,37.51314926147461,28.74847761014613,2.026023680140134,4.326046006886877,D:\Research\research-experiments\industrial-anomaly-detection\data\mvtec_ad\screw\ground_truth\scratch_head\009_mask.png,3278,0.0031261444091796875,-5.767954532012327
screw,scratch_head,D:\Research\research-experiments\industrial-anomaly-detection\data\mvtec_ad\screw\test\scratch_head\010.png,2,layer2,0.5,0,1,36.889854431152344,28.74847761014613,2.026023680140134,4.018401611398294,D:\Research\research-experiments\industrial-anomaly-detection\data\mvtec_ad\screw\ground_truth\scratch_head\010_mask.png,2213,0.0021104812622070312,-6.160838797322393
screw,scratch_head,D:\Research\research-experiments\industrial-anomaly-detection\data\mvtec_ad\screw\test\scratch_head\011.png,2,layer2,0.5,0,1,40.613243103027344,28.74847761014613,2.026023680140134,5.856183029440488,D:\Research\research-experiments\industrial-anomaly-detection\data\mvtec_ad\screw\ground_truth\scratch_head\011_mask.png,2801,0.0026712417602539062,-5.925211461581139
screw,scratch_head,D:\Research\research-experiments\industrial-anomaly-detection\data\mvtec_ad\screw\test\scratch_head\012.png,2,layer2,0.5,0,1,38.10239791870117,28.74847761014613,2.026023680140134,4.616885972383137,D:\Research\research-experiments\industrial-anomaly-detection\data\mvtec_ad\screw\ground_truth\scratch_head\012_mask.png,3541,0.0033769607543945312,-5.690778862962787
screw,scratch_head,D:\Research\research-experiments\industrial-anomaly-detection\data\mvtec_ad\screw\test\scratch_head\013.png,2,layer2,0.5,0,1,38.01361846923828,28.74847761014613,2.026023680140134,4.5730664206507745,D:\Research\research-experiments\industrial-anomaly-detection\data\mvtec_ad\screw\ground_truth\scratch_head\013_mask.png,1953,0.0018625259399414062,-6.285821143417097
screw,scratch_head,D:\Research\research-experiments\industrial-anomaly-detection\data\mvtec_ad\screw\test\scratch_head\014.png,2,layer2,0.5,0,1,32.05046844482422,28.74847761014613,2.026023680140134,1.6297888652760966,D:\Research\research-experiments\industrial-anomaly-detection\data\mvtec_ad\screw\ground_truth\scratch_head\014_mask.png,2388,0.002277374267578125,-6.084731697584332
screw,scratch_head,D:\Research\research-experiments\industrial-anomaly-detection\data\mvtec_ad\screw\test\scratch_head\015.png,2,layer2,0.5,0,1,43.60854721069336,28.74847761014613,2.026023680140134,7.334598181754423,D:\Research\research-experiments\industrial-anomaly-detection\data\mvtec_ad\screw\ground_truth\scratch_head\015_mask.png,3545,0.0033807754516601562,-5.689649876442595
screw,scratch_head,D:\Research\research-experiments\industrial-anomaly-detection\data\mvtec_ad\screw\test\scratch_head\016.png,2,layer2,0.5,0,1,36.04541778564453,28.74847761014613,2.026023680140134,3.601606559205515,D:\Research\research-experiments\industrial-anomaly-detection\data\mvtec_ad\screw\ground_truth\scratch_head\016_mask.png,2091,0.0019941329956054688,-6.217545410299332
screw,scratch_head,D:\Research\research-experiments\industrial-anomaly-detection\data\mvtec_ad\screw\test\scratch_head\017.png,2,layer2,0.5,0,1,35.7236442565918,28.74847761014613,2.026023680140134,3.4427863379974006,D:\Research\research-experiments\industrial-anomaly-detection\data\mvtec_ad\screw\ground_truth\scratch_head\017_mask.png,2511,0.0023946762084960938,-6.034506834448417
screw,scratch_head,D:\Research\research-experiments\industrial-anomaly-detection\data\mvtec_ad\screw\test\scratch_head\018.png,2,layer2,0.5,0,1,35.89988708496094,28.74847761014613,2.026023680140134,3.5297758584540175,D:\Research\research-experiments\industrial-anomaly-detection\data\mvtec_ad\screw\ground_truth\scratch_head\018_mask.png,3846,0.0036678314208984375,-5.608154412409553
screw,scratch_head,D:\Research\research-experiments\industrial-anomaly-detection\data\mvtec_ad\screw\test\scratch_head\019.png,2,layer2,0.5,0,1,39.57352066040039,28.74847761014613,2.026023680140134,5.342999273091184,D:\Research\research-experiments\industrial-anomaly-detection\data\mvtec_ad\screw\ground_truth\scratch_head\019_mask.png,2618,0.0024967193603515625,-5.992777264203549
screw,scratch_head,D:\Research\research-experiments\industrial-anomaly-detection\data\mvtec_ad\screw\test\scratch_head\020.png,2,layer2,0.5,0,1,36.4592399597168,28.74847761014613,2.026023680140134,3.805859933995114,D:\Research\research-experiments\industrial-anomaly-detection\data\mvtec_ad\screw\ground_truth\scratch_head\020_mask.png,2465,0.0023508071899414062,-6.052996099336405
screw,scratch_head,D:\Research\research-experiments\industrial-anomaly-detection\data\mvtec_ad\screw\test\scratch_head\021.png,2,layer2,0.5,0,1,38.78094482421875,28.74847761014613,2.026023680140134,4.951801557116403,D:\Research\research-experiments\industrial-anomaly-detection\data\mvtec_ad\screw\ground_truth\scratch_head\021_mask.png,2066,0.0019702911376953125,-6.229573453980245
screw,scratch_head,D:\Research\research-experiments\industrial-anomaly-detection\data\mvtec_ad\screw\test\scratch_head\022.png,2,layer2,0.5,0,1,30.42766571044922,28.74847761014613,2.026023680140134,0.8288097107467894,D:\Research\research-experiments\industrial-anomaly-detection\data\mvtec_ad\screw\ground_truth\scratch_head\022_mask.png,1402,0.0013370513916015625,-6.617287795690243
screw,scratch_head,D:\Research\research-experiments\industrial-anomaly-detection\data\mvtec_ad\screw\test\scratch_head\023.png,2,layer2,0.5,0,1,35.38959503173828,28.74847761014613,2.026023680140134,3.2779071077455555,D:\Research\research-experiments\industrial-anomaly-detection\data\mvtec_ad\screw\ground_truth\scratch_head\023_mask.png,2444,0.002330780029296875,-6.061551861866596
screw,scratch_neck,D:\Research\research-experiments\industrial-anomaly-detection\data\mvtec_ad\screw\test\scratch_neck\000.png,2,layer2,0.5,0,1,36.0128173828125,28.74847761014613,2.026023680140134,3.58551572909746,D:\Research\research-experiments\industrial-anomaly-detection\data\mvtec_ad\screw\ground_truth\scratch_neck\000_mask.png,2810,0.0026798248291015625,-5.922003475712465
screw,scratch_neck,D:\Research\research-experiments\industrial-anomaly-detection\data\mvtec_ad\screw\test\scratch_neck\001.png,2,layer2,0.5,0,1,46.85877990722656,28.74847761014613,2.026023680140134,8.938840387012554,D:\Research\research-experiments\industrial-anomaly-detection\data\mvtec_ad\screw\ground_truth\scratch_neck\001_mask.png,7445,0.007100105285644531,-4.947645525237824
screw,scratch_neck,D:\Research\research-experiments\industrial-anomaly-detection\data\mvtec_ad\screw\test\scratch_neck\002.png,2,layer2,0.5,0,1,33.12340545654297,28.74847761014613,2.026023680140134,2.1593665904705714,D:\Research\research-experiments\industrial-anomaly-detection\data\mvtec_ad\screw\ground_truth\scratch_neck\002_mask.png,2926,0.0027904510498046875,-5.881551671253898
screw,scratch_neck,D:\Research\research-experiments\industrial-anomaly-detection\data\mvtec_ad\screw\test\scratch_neck\003.png,2,layer2,0.5,0,1,48.759559631347656,28.74847761014613,2.026023680140134,9.877022769949768,D:\Research\research-experiments\industrial-anomaly-detection\data\mvtec_ad\screw\ground_truth\scratch_neck\003_mask.png,2614,0.0024929046630859375,-5.994306315876335
screw,scratch_neck,D:\Research\research-experiments\industrial-anomaly-detection\data\mvtec_ad\screw\test\scratch_neck\004.png,2,layer2,0.5,0,1,39.73744583129883,28.74847761014613,2.026023680140134,5.423909073161783,D:\Research\research-experiments\industrial-anomaly-detection\data\mvtec_ad\screw\ground_truth\scratch_neck\004_mask.png,3823,0.0036458969116210938,-5.6141526032216
screw,scratch_neck,D:\Research\research-experiments\industrial-anomaly-detection\data\mvtec_ad\screw\test\scratch_neck\005.png,2,layer2,0.5,0,1,33.842411041259766,28.74847761014613,2.026023680140134,2.514251674867544,D:\Research\research-experiments\industrial-anomaly-detection\data\mvtec_ad\screw\ground_truth\scratch_neck\005_mask.png,2145,0.0020456314086914062,-6.1920482909902885
screw,scratch_neck,D:\Research\research-experiments\industrial-anomaly-detection\data\mvtec_ad\screw\test\scratch_neck\006.png,2,layer2,0.5,0,1,43.48291015625,28.74847761014613,2.026023680140134,7.272586540096479,D:\Research\research-experiments\industrial-anomaly-detection\data\mvtec_ad\screw\ground_truth\scratch_neck\006_mask.png,4725,0.004506111145019531,-5.402320549350241
screw,scratch_neck,D:\Research\research-experiments\industrial-anomaly-detection\data\mvtec_ad\screw\test\scratch_neck\007.png,2,layer2,0.5,0,1,46.60298156738281,28.74847761014613,2.026023680140134,8.812584044428219,D:\Research\research-experiments\industrial-anomaly-detection\data\mvtec_ad\screw\ground_truth\scratch_neck\007_mask.png,3062,0.0029201507568359375,-5.836119692533263
screw,scratch_neck,D:\Research\research-experiments\industrial-anomaly-detection\data\mvtec_ad\screw\test\scratch_neck\008.png,2,layer2,0.5,0,1,51.881595611572266,28.74847761014613,2.026023680140134,11.41798994167042,D:\Research\research-experiments\industrial-anomaly-detection\data\mvtec_ad\screw\ground_truth\scratch_neck\008_mask.png,4567,0.004355430603027344,-5.43633156841551
screw,scratch_neck,D:\Research\research-experiments\industrial-anomaly-detection\data\mvtec_ad\screw\test\scratch_neck\009.png,2,layer2,0.5,0,1,51.302730560302734,28.74847761014613,2.026023680140134,11.132275091965656,D:\Research\research-experiments\industrial-anomaly-detection\data\mvtec_ad\screw\ground_truth\scratch_neck\009_mask.png,2582,0.0024623870849609375,-6.006623633682409
screw,scratch_neck,D:\Research\research-experiments\industrial-anomaly-detection\data\mvtec_ad\screw\test\scratch_neck\010.png,2,layer2,0.5,0,1,40.29706954956055,28.74847761014613,2.026023680140134,5.700126831003099,D:\Research\research-experiments\industrial-anomaly-detection\data\mvtec_ad\screw\ground_truth\scratch_neck\010_mask.png,4609,0.004395484924316406,-5.42717719097224
screw,scratch_neck,D:\Research\research-experiments\industrial-anomaly-detection\data\mvtec_ad\screw\test\scratch_neck\011.png,2,layer2,0.5,0,1,33.57645797729492,28.74847761014613,2.026023680140134,2.3829831874496437,D:\Research\research-experiments\industrial-anomaly-detection\data\mvtec_ad\screw\ground_truth\scratch_neck\011_mask.png,1637,0.0015611648559570312,-6.462322393280634
screw,scratch_neck,D:\Research\research-experiments\industrial-anomaly-detection\data\mvtec_ad\screw\test\scratch_neck\012.png,2,layer2,0.5,0,1,36.375370025634766,28.74847761014613,2.026023680140134,3.764463609310385,D:\Research\research-experiments\industrial-anomaly-detection\data\mvtec_ad\screw\ground_truth\scratch_neck\012_mask.png,3583,0.0034170150756835938,-5.6789876012409115
screw,scratch_neck,D:\Research\research-experiments\industrial-anomaly-detection\data\mvtec_ad\screw\test\scratch_neck\013.png,2,layer2,0.5,0,1,40.32481384277344,28.74847761014613,2.026023680140134,5.713820793953706,D:\Research\research-experiments\industrial-anomaly-detection\data\mvtec_ad\screw\ground_truth\scratch_neck\013_mask.png,3198,0.0030498504638671875,-5.792662389920133
screw,scratch_neck,D:\Research\research-experiments\industrial-anomaly-detection\data\mvtec_ad\screw\test\scratch_neck\014.png,2,layer2,0.5,0,1,46.19845962524414,28.74847761014613,2.026023680140134,8.612921056229238,D:\Research\research-experiments\industrial-anomaly-detection\data\mvtec_ad\screw\ground_truth\scratch_neck\014_mask.png,2981,0.0028429031372070312,-5.8629291657677935
screw,scratch_neck,D:\Research\research-experiments\industrial-anomaly-detection\data\mvtec_ad\screw\test\scratch_neck\015.png,2,layer2,0.5,0,1,45.72797393798828,28.74847761014613,2.026023680140134,8.380699837954378,D:\Research\research-experiments\industrial-anomaly-detection\data\mvtec_ad\screw\ground_truth\scratch_neck\015_mask.png,3017,0.0028772354125976562,-5.850925024484055
screw,scratch_neck,D:\Research\research-experiments\industrial-anomaly-detection\data\mvtec_ad\screw\test\scratch_neck\016.png,2,layer2,0.5,0,1,48.66579055786133,28.74847761014613,2.026023680140134,9.830740451334497,D:\Research\research-experiments\industrial-anomaly-detection\data\mvtec_ad\screw\ground_truth\scratch_neck\016_mask.png,3955,0.0037717819213867188,-5.580207465870512
screw,scratch_neck,D:\Research\research-experiments\industrial-anomaly-detection\data\mvtec_ad\screw\test\scratch_neck\017.png,2,layer2,0.5,0,1,40.27955627441406,28.74847761014613,2.026023680140134,5.691482669872034,D:\Research\research-experiments\industrial-anomaly-detection\data\mvtec_ad\screw\ground_truth\scratch_neck\017_mask.png,3813,0.0036363601684570312,-5.6167717763411185
screw,scratch_neck,D:\Research\research-experiments\industrial-anomaly-detection\data\mvtec_ad\screw\test\scratch_neck\018.png,2,layer2,0.5,0,1,43.72486877441406,28.74847761014613,2.026023680140134,7.392011905424551,D:\Research\research-experiments\industrial-anomaly-detection\data\mvtec_ad\screw\ground_truth\scratch_neck\018_mask.png,3269,0.0031175613403320312,-5.770703883711211
screw,scratch_neck,D:\Research\research-experiments\industrial-anomaly-detection\data\mvtec_ad\screw\test\scratch_neck\019.png,2,layer2,0.5,0,1,41.67622756958008,28.74847761014613,2.026023680140134,6.380848400814237,D:\Research\research-experiments\industrial-anomaly-detection\data\mvtec_ad\screw\ground_truth\scratch_neck\019_mask.png,4108,0.003917694091796875,-5.542251784898299
screw,scratch_neck,D:\Research\research-experiments\industrial-anomaly-detection\data\mvtec_ad\screw\test\scratch_neck\020.png,2,layer2,0.5,0,1,48.674415588378906,28.74847761014613,2.026023680140134,9.83499757359922,D:\Research\research-experiments\industrial-anomaly-detection\data\mvtec_ad\screw\ground_truth\scratch_neck\020_mask.png,7369,0.007027626037597656,-4.957906178136354
screw,scratch_neck,D:\Research\research-experiments\industrial-anomaly-detection\data\mvtec_ad\screw\test\scratch_neck\021.png,2,layer2,0.5,0,1,34.188899993896484,28.74847761014613,2.026023680140134,2.6852708766829707,D:\Research\research-experiments\industrial-anomaly-detection\data\mvtec_ad\screw\ground_truth\scratch_neck\021_mask.png,2687,0.0025625228881835938,-5.966762612343074
screw,scratch_neck,D:\Research\research-experiments\industrial-anomaly-detection\data\mvtec_ad\screw\test\scratch_neck\022.png,2,layer2,0.5,0,1,37.45631408691406,28.74847761014613,2.026023680140134,4.297993435183166,D:\Research\research-experiments\industrial-anomaly-detection\data\mvtec_ad\screw\ground_truth\scratch_neck\022_mask.png,1033,0.0009851455688476562,-6.92272012700137
screw,scratch_neck,D:\Research\research-experiments\industrial-anomaly-detection\data\mvtec_ad\screw\test\scratch_neck\023.png,2,layer2,0.5,0,1,37.00699234008789,28.74847761014613,2.026023680140134,4.076218264818379,D:\Research\research-experiments\industrial-anomaly-detection\data\mvtec_ad\screw\ground_truth\scratch_neck\023_mask.png,1717,0.0016374588012695312,-6.4146091395992295
screw,scratch_neck,D:\Research\research-experiments\industrial-anomaly-detection\data\mvtec_ad\screw\test\scratch_neck\024.png,2,layer2,0.5,0,1,46.01075744628906,28.74847761014613,2.026023680140134,8.520275456478847,D:\Research\research-experiments\industrial-anomaly-detection\data\mvtec_ad\screw\ground_truth\scratch_neck\024_mask.png,3240,0.00308990478515625,-5.779614678778016
screw,thread_side,D:\Research\research-experiments\industrial-anomaly-detection\data\mvtec_ad\screw\test\thread_side\000.png,2,layer2,0.5,0,1,29.703445434570312,28.74847761014613,2.026023680140134,0.4713507713582754,D:\Research\research-experiments\industrial-anomaly-detection\data\mvtec_ad\screw\ground_truth\thread_side\000_mask.png,1580,0.001506805419921875,-6.497762821522418
screw,thread_side,D:\Research\research-experiments\industrial-anomaly-detection\data\mvtec_ad\screw\test\thread_side\001.png,2,layer2,0.5,0,1,33.45137405395508,28.74847761014613,2.026023680140134,2.321244558940034,D:\Research\research-experiments\industrial-anomaly-detection\data\mvtec_ad\screw\ground_truth\thread_side\001_mask.png,6009,0.005730628967285156,-5.161929812364078
screw,thread_side,D:\Research\research-experiments\industrial-anomaly-detection\data\mvtec_ad\screw\test\thread_side\002.png,2,layer2,0.5,0,1,32.04928207397461,28.74847761014613,2.026023680140134,1.6292032991441512,D:\Research\research-experiments\industrial-anomaly-detection\data\mvtec_ad\screw\ground_truth\thread_side\002_mask.png,2302,0.0021953582763671875,-6.121409566410666
screw,thread_side,D:\Research\research-experiments\industrial-anomaly-detection\data\mvtec_ad\screw\test\thread_side\003.png,2,layer2,0.5,0,1,31.602741241455078,28.74847761014613,2.026023680140134,1.4088007259182325,D:\Research\research-experiments\industrial-anomaly-detection\data\mvtec_ad\screw\ground_truth\thread_side\003_mask.png,2047,0.0019521713256835938,-6.238812513287626
screw,thread_side,D:\Research\research-experiments\industrial-anomaly-detection\data\mvtec_ad\screw\test\thread_side\004.png,2,layer2,0.5,0,1,32.07688903808594,28.74847761014613,2.026023680140134,1.642829479519999,D:\Research\research-experiments\industrial-anomaly-detection\data\mvtec_ad\screw\ground_truth\thread_side\004_mask.png,1460,0.001392364501953125,-6.576751178294042
screw,thread_side,D:\Research\research-experiments\industrial-anomaly-detection\data\mvtec_ad\screw\test\thread_side\005.png,2,layer2,0.5,0,1,35.14147186279297,28.74847761014613,2.026023680140134,3.155439057950525,D:\Research\research-experiments\industrial-anomaly-detection\data\mvtec_ad\screw\ground_truth\thread_side\005_mask.png,2721,0.0025949478149414062,-5.95418848705153
screw,thread_side,D:\Research\research-experiments\industrial-anomaly-detection\data\mvtec_ad\screw\test\thread_side\006.png,2,layer2,0.5,0,1,31.73257827758789,28.74847761014613,2.026023680140134,1.4728853846542214,D:\Research\research-experiments\industrial-anomaly-detection\data\mvtec_ad\screw\ground_truth\thread_side\006_mask.png,4696,0.00447845458984375,-5.408477026399687
screw,thread_side,D:\Research\research-experiments\industrial-anomaly-detection\data\mvtec_ad\screw\test\thread_side\007.png,2,layer2,0.5,0,1,35.91763687133789,28.74847761014613,2.026023680140134,3.5385367562416117,D:\Research\research-experiments\industrial-anomaly-detection\data\mvtec_ad\screw\ground_truth\thread_side\007_mask.png,3887,0.0037069320678710938,-5.597550410581862
screw,thread_side,D:\Research\research-experiments\industrial-anomaly-detection\data\mvtec_ad\screw\test\thread_side\008.png,2,layer2,0.5,0,1,32.028175354003906,28.74847761014613,2.026023680140134,1.6187854939735606,D:\Research\research-experiments\industrial-anomaly-detection\data\mvtec_ad\screw\ground_truth\thread_side\008_mask.png,2757,0.0026292800903320312,-5.941044819842936
screw,thread_side,D:\Research\research-experiments\industrial-anomaly-detection\data\mvtec_ad\screw\test\thread_side\009.png,2,layer2,0.5,0,1,35.28773880004883,28.74847761014613,2.026023680140134,3.2276331486167025,D:\Research\research-experiments\industrial-anomaly-detection\data\mvtec_ad\screw\ground_truth\thread_side\009_mask.png,2577,0.0024576187133789062,-6.008561993648681
screw,thread_side,D:\Research\research-experiments\industrial-anomaly-detection\data\mvtec_ad\screw\test\thread_side\010.png,2,layer2,0.5,0,1,30.120187759399414,28.74847761014613,2.026023680140134,0.6770454672861516,D:\Research\research-experiments\industrial-anomaly-detection\data\mvtec_ad\screw\ground_truth\thread_side\010_mask.png,3097,0.0029535293579101562,-5.824754092647782
screw,thread_side,D:\Research\research-experiments\industrial-anomaly-detection\data\mvtec_ad\screw\test\thread_side\011.png,2,layer2,0.5,0,1,38.86518859863281,28.74847761014613,2.026023680140134,4.993382401032421,D:\Research\research-experiments\industrial-anomaly-detection\data\mvtec_ad\screw\ground_truth\thread_side\011_mask.png,1761,0.0016794204711914062,-6.389305907259379
screw,thread_side,D:\Research\research-experiments\industrial-anomaly-detection\data\mvtec_ad\screw\test\thread_side\012.png,2,layer2,0.5,0,1,29.697925567626953,28.74847761014613,2.026023680140134,0.4686262884228254,D:\Research\research-experiments\industrial-anomaly-detection\data\mvtec_ad\screw\ground_truth\thread_side\012_mask.png,4231,0.004034996032714844,-5.512749712647151
screw,thread_side,D:\Research\research-experiments\industrial-anomaly-detection\data\mvtec_ad\screw\test\thread_side\013.png,2,layer2,0.5,0,1,30.459745407104492,28.74847761014613,2.026023680140134,0.8446435319255501,D:\Research\research-experiments\industrial-anomaly-detection\data\mvtec_ad\screw\ground_truth\thread_side\013_mask.png,1685,0.0016069412231445312,-6.433422146112341
screw,thread_side,D:\Research\research-experiments\industrial-anomaly-detection\data\mvtec_ad\screw\test\thread_side\014.png,2,layer2,0.5,0,1,34.76033401489258,28.74847761014613,2.026023680140134,2.967317935953556,D:\Research\research-experiments\industrial-anomaly-detection\data\mvtec_ad\screw\ground_truth\thread_side\014_mask.png,2720,0.002593994140625,-5.954556066403055
screw,thread_side,D:\Research\research-experiments\industrial-anomaly-detection\data\mvtec_ad\screw\test\thread_side\015.png,2,layer2,0.5,0,1,31.545942306518555,28.74847761014613,2.026023680140134,1.380766041282861,D:\Research\research-experiments\industrial-anomaly-detection\data\mvtec_ad\screw\ground_truth\thread_side\015_mask.png,2977,0.0028390884399414062,-5.864271897957461
screw,thread_side,D:\Research\research-experiments\industrial-anomaly-detection\data\mvtec_ad\screw\test\thread_side\016.png,2,layer2,0.5,0,1,31.567827224731445,28.74847761014613,2.026023680140134,1.391567947710419,D:\Research\research-experiments\industrial-anomaly-detection\data\mvtec_ad\screw\ground_truth\thread_side\016_mask.png,5564,0.005306243896484375,-5.238870869698365
screw,thread_side,D:\Research\research-experiments\industrial-anomaly-detection\data\mvtec_ad\screw\test\thread_side\017.png,2,layer2,0.5,0,1,37.617271423339844,28.74847761014613,2.026023680140134,4.377438378499252,D:\Research\research-experiments\industrial-anomaly-detection\data\mvtec_ad\screw\ground_truth\thread_side\017_mask.png,2901,0.0027666091918945312,-5.8901324656242755
screw,thread_side,D:\Research\research-experiments\industrial-anomaly-detection\data\mvtec_ad\screw\test\thread_side\018.png,2,layer2,0.5,0,1,35.71539306640625,28.74847761014613,2.026023680140134,3.438713734963967,D:\Research\research-experiments\industrial-anomaly-detection\data\mvtec_ad\screw\ground_truth\thread_side\018_mask.png,2424,0.00231170654296875,-6.069768831428936
screw,thread_side,D:\Research\research-experiments\industrial-anomaly-detection\data\mvtec_ad\screw\test\thread_side\019.png,2,layer2,0.5,0,1,34.922359466552734,28.74847761014613,2.026023680140134,3.0472900770733227,D:\Research\research-experiments\industrial-anomaly-detection\data\mvtec_ad\screw\ground_truth\thread_side\019_mask.png,1207,0.0011510848999023438,-6.7670495213561015
screw,thread_side,D:\Research\research-experiments\industrial-anomaly-detection\data\mvtec_ad\screw\test\thread_side\020.png,2,layer2,0.5,0,1,31.859041213989258,28.74847761014613,2.026023680140134,1.5353046631853686,D:\Research\research-experiments\industrial-anomaly-detection\data\mvtec_ad\screw\ground_truth\thread_side\020_mask.png,1601,0.0015268325805664062,-6.48455924325175
screw,thread_side,D:\Research\research-experiments\industrial-anomaly-detection\data\mvtec_ad\screw\test\thread_side\021.png,2,layer2,0.5,0,1,30.512786865234375,28.74847761014613,2.026023680140134,0.8708236100015447,D:\Research\research-experiments\industrial-anomaly-detection\data\mvtec_ad\screw\ground_truth\thread_side\021_mask.png,3364,0.003208160400390625,-5.7420572784010036
screw,thread_side,D:\Research\research-experiments\industrial-anomaly-detection\data\mvtec_ad\screw\test\thread_side\022.png,2,layer2,0.5,0,1,35.08584976196289,28.74847761014613,2.026023680140134,3.127985232323852,D:\Research\research-experiments\industrial-anomaly-detection\data\mvtec_ad\screw\ground_truth\thread_side\022_mask.png,3904,0.00372314453125,-5.593186395075795
screw,thread_top,D:\Research\research-experiments\industrial-anomaly-detection\data\mvtec_ad\screw\test\thread_top\000.png,2,layer2,0.5,0,1,40.840599060058594,28.74847761014613,2.026023680140134,5.968400847652526,D:\Research\research-experiments\industrial-anomaly-detection\data\mvtec_ad\screw\ground_truth\thread_top\000_mask.png,6803,0.006487846374511719,-5.037824486719504
screw,thread_top,D:\Research\research-experiments\industrial-anomaly-detection\data\mvtec_ad\screw\test\thread_top\001.png,2,layer2,0.5,0,1,37.878597259521484,28.74847761014613,2.026023680140134,4.506422969717636,D:\Research\research-experiments\industrial-anomaly-detection\data\mvtec_ad\screw\ground_truth\thread_top\001_mask.png,6387,0.006091117858886719,-5.100923493463853
screw,thread_top,D:\Research\research-experiments\industrial-anomaly-detection\data\mvtec_ad\screw\test\thread_top\002.png,2,layer2,0.5,0,1,35.010807037353516,28.74847761014613,2.026023680140134,3.090945820916684,D:\Research\research-experiments\industrial-anomaly-detection\data\mvtec_ad\screw\ground_truth\thread_top\002_mask.png,6084,0.005802154541015625,-5.149525785469968
screw,thread_top,D:\Research\research-experiments\industrial-anomaly-detection\data\mvtec_ad\screw\test\thread_top\003.png,2,layer2,0.5,0,1,29.815662384033203,28.74847761014613,2.026023680140134,0.5267385491828311,D:\Research\research-experiments\industrial-anomaly-detection\data\mvtec_ad\screw\ground_truth\thread_top\003_mask.png,4646,0.0044307708740234375,-5.419181472174216
screw,thread_top,D:\Research\research-experiments\industrial-anomaly-detection\data\mvtec_ad\screw\test\thread_top\004.png,2,layer2,0.5,0,1,39.703826904296875,28.74847761014613,2.026023680140134,5.407315522290933,D:\Research\research-experiments\industrial-anomaly-detection\data\mvtec_ad\screw\ground_truth\thread_top\004_mask.png,6696,0.00638580322265625,-5.0536778424322355
screw,thread_top,D:\Research\research-experiments\industrial-anomaly-detection\data\mvtec_ad\screw\test\thread_top\005.png,2,layer2,0.5,0,1,38.738311767578125,28.74847761014613,2.026023680140134,4.930758833352348,D:\Research\research-experiments\industrial-anomaly-detection\data\mvtec_ad\screw\ground_truth\thread_top\005_mask.png,10599,0.010107994079589844,-4.594428576240059
screw,thread_top,D:\Research\research-experiments\industrial-anomaly-detection\data\mvtec_ad\screw\test\thread_top\006.png,2,layer2,0.5,0,1,35.28495788574219,28.74847761014613,2.026023680140134,3.226260551477834,D:\Research\research-experiments\industrial-anomaly-detection\data\mvtec_ad\screw\ground_truth\thread_top\006_mask.png,7649,0.007294654846191406,-4.920613274790371
screw,thread_top,D:\Research\research-experiments\industrial-anomaly-detection\data\mvtec_ad\screw\test\thread_top\007.png,2,layer2,0.5,0,1,43.73843765258789,28.74847761014613,2.026023680140134,7.398709200380596,D:\Research\research-experiments\industrial-anomaly-detection\data\mvtec_ad\screw\ground_truth\thread_top\007_mask.png,6834,0.0065174102783203125,-5.033278025088504
screw,thread_top,D:\Research\research-experiments\industrial-anomaly-detection\data\mvtec_ad\screw\test\thread_top\008.png,2,layer2,0.5,0,1,32.1973876953125,28.74847761014613,2.026023680140134,1.702304923172379,D:\Research\research-experiments\industrial-anomaly-detection\data\mvtec_ad\screw\ground_truth\thread_top\008_mask.png,5620,0.005359649658203125,-5.228856481731827
screw,thread_top,D:\Research\research-experiments\industrial-anomaly-detection\data\mvtec_ad\screw\test\thread_top\009.png,2,layer2,0.5,0,1,39.11738586425781,28.74847761014613,2.026023680140134,5.117861333878634,D:\Research\research-experiments\industrial-anomaly-detection\data\mvtec_ad\screw\ground_truth\thread_top\009_mask.png,4056,0.00386810302734375,-5.554990807403266
screw,thread_top,D:\Research\research-experiments\industrial-anomaly-detection\data\mvtec_ad\screw\test\thread_top\010.png,2,layer2,0.5,0,1,36.461021423339844,28.74847761014613,2.026023680140134,3.8067392246176817,D:\Research\research-experiments\industrial-anomaly-detection\data\mvtec_ad\screw\ground_truth\thread_top\010_mask.png,5418,0.0051670074462890625,-5.265461395018263
screw,thread_top,D:\Research\research-experiments\industrial-anomaly-detection\data\mvtec_ad\screw\test\thread_top\011.png,2,layer2,0.5,0,1,40.225711822509766,28.74847761014613,2.026023680140134,5.66490625201863,D:\Research\research-experiments\industrial-anomaly-detection\data\mvtec_ad\screw\ground_truth\thread_top\011_mask.png,5075,0.004839897155761719,-5.3308616006729785
screw,thread_top,D:\Research\research-experiments\industrial-anomaly-detection\data\mvtec_ad\screw\test\thread_top\012.png,2,layer2,0.5,0,1,36.851768493652344,28.74847761014613,2.026023680140134,3.9996032439984783,D:\Research\research-experiments\industrial-anomaly-detection\data\mvtec_ad\screw\ground_truth\thread_top\012_mask.png,1275,0.0012159347534179688,-6.712241331194169
screw,thread_top,D:\Research\research-experiments\industrial-anomaly-detection\data\mvtec_ad\screw\test\thread_top\013.png,2,layer2,0.5,0,1,37.87678146362305,28.74847761014613,2.026023680140134,4.505526733451378,D:\Research\research-experiments\industrial-anomaly-detection\data\mvtec_ad\screw\ground_truth\thread_top\013_mask.png,3005,0.0028657913208007812,-5.854910415285898
screw,thread_top,D:\Research\research-experiments\industrial-anomaly-detection\data\mvtec_ad\screw\test\thread_top\014.png,2,layer2,0.5,0,1,39.861915588378906,28.74847761014613,2.026023680140134,5.4853445629342765,D:\Research\research-experiments\industrial-anomaly-detection\data\mvtec_ad\screw\ground_truth\thread_top\014_mask.png,4905,0.004677772521972656,-5.364933025422503
screw,thread_top,D:\Research\research-experiments\industrial-anomaly-detection\data\mvtec_ad\screw\test\thread_top\015.png,2,layer2,0.5,0,1,34.71221160888672,28.74847761014613,2.026023680140134,2.943565792048441,D:\Research\research-experiments\industrial-anomaly-detection\data\mvtec_ad\screw\ground_truth\thread_top\015_mask.png,3769,0.0035943984985351562,-5.628378339721143
screw,thread_top,D:\Research\research-experiments\industrial-anomaly-detection\data\mvtec_ad\screw\test\thread_top\016.png,2,layer2,0.5,0,1,36.38020324707031,28.74847761014613,2.026023680140134,3.76684917937204,D:\Research\research-experiments\industrial-anomaly-detection\data\mvtec_ad\screw\ground_truth\thread_top\016_mask.png,4124,0.003932952880859375,-5.538364511800206
screw,thread_top,D:\Research\research-experiments\industrial-anomaly-detection\data\mvtec_ad\screw\test\thread_top\017.png,2,layer2,0.5,0,1,35.485687255859375,28.74847761014613,2.026023680140134,3.3253360815838313,D:\Research\research-experiments\industrial-anomaly-detection\data\mvtec_ad\screw\ground_truth\thread_top\017_mask.png,1161,0.0011072158813476562,-6.805905726335187
screw,thread_top,D:\Research\research-experiments\industrial-anomaly-detection\data\mvtec_ad\screw\test\thread_top\018.png,2,layer2,0.5,0,1,35.897274017333984,28.74847761014613,2.026023680140134,3.5284861066842987,D:\Research\research-experiments\industrial-anomaly-detection\data\mvtec_ad\screw\ground_truth\thread_top\018_mask.png,5585,0.005326271057128906,-5.23510371194701
screw,thread_top,D:\Research\research-experiments\industrial-anomaly-detection\data\mvtec_ad\screw\test\thread_top\019.png,2,layer2,0.5,0,1,42.61283874511719,28.74847761014613,2.026023680140134,6.843138740615363,D:\Research\research-experiments\industrial-anomaly-detection\data\mvtec_ad\screw\ground_truth\thread_top\019_mask.png,7792,0.0074310302734375,-4.902090631305702
screw,thread_top,D:\Research\research-experiments\industrial-anomaly-detection\data\mvtec_ad\screw\test\thread_top\020.png,2,layer2,0.5,0,1,42.44718933105469,28.74847761014613,2.026023680140134,6.761377892661679,D:\Research\research-experiments\industrial-anomaly-detection\data\mvtec_ad\screw\ground_truth\thread_top\020_mask.png,6790,0.0064754486083984375,-5.039737236216721
screw,thread_top,D:\Research\research-experiments\industrial-anomaly-detection\data\mvtec_ad\screw\test\thread_top\021.png,2,layer2,0.5,0,1,38.69294357299805,28.74847761014613,2.026023680140134,4.908366106641009,D:\Research\research-experiments\industrial-anomaly-detection\data\mvtec_ad\screw\ground_truth\thread_top\021_mask.png,5326,0.0050792694091796875,-5.28258764794634
screw,thread_top,D:\Research\research-experiments\industrial-anomaly-detection\data\mvtec_ad\screw\test\thread_top\022.png,2,layer2,0.5,0,1,39.63584899902344,28.74847761014613,2.026023680140134,5.373763147785253,D:\Research\research-experiments\industrial-anomaly-detection\data\mvtec_ad\screw\ground_truth\thread_top\022_mask.png,4004,0.003818511962890625,-5.567894208881712
screw,good,D:\Research\research-experiments\industrial-anomaly-detection\data\mvtec_ad\screw\test\good\000.png,2,layer2,0.75,1,0,28.683197021484375,29.295891971122927,2.0148871437066087,-0.3040840036883811,,,,
screw,good,D:\Research\research-experiments\industrial-anomaly-detection\data\mvtec_ad\screw\test\good\001.png,2,layer2,0.75,1,0,27.534265518188477,29.295891971122927,2.0148871437066087,-0.8743052723507595,,,,
screw,good,D:\Research\research-experiments\industrial-anomaly-detection\data\mvtec_ad\screw\test\good\002.png,2,layer2,0.75,1,0,27.54324722290039,29.295891971122927,2.0148871437066087,-0.8698476009918609,,,,
screw,good,D:\Research\research-experiments\industrial-anomaly-detection\data\mvtec_ad\screw\test\good\003.png,2,layer2,0.75,1,0,32.955299377441406,29.295891971122927,2.0148871437066087,1.8161848010934214,,,,
screw,good,D:\Research\research-experiments\industrial-anomaly-detection\data\mvtec_ad\screw\test\good\004.png,2,layer2,0.75,1,0,30.81300926208496,29.295891971122927,2.0148871437066087,0.7529539784402655,,,,
screw,good,D:\Research\research-experiments\industrial-anomaly-detection\data\mvtec_ad\screw\test\good\005.png,2,layer2,0.75,1,0,33.05366134643555,29.295891971122927,2.0148871437066087,1.8650024082241081,,,,
screw,good,D:\Research\research-experiments\industrial-anomaly-detection\data\mvtec_ad\screw\test\good\006.png,2,layer2,0.75,1,0,27.187376022338867,29.295891971122927,2.0148871437066087,-1.0464685108393768,,,,
screw,good,D:\Research\research-experiments\industrial-anomaly-detection\data\mvtec_ad\screw\test\good\007.png,2,layer2,0.75,1,0,29.441102981567383,29.295891971122927,2.0148871437066087,0.07206905404008085,,,,
screw,good,D:\Research\research-experiments\industrial-anomaly-detection\data\mvtec_ad\screw\test\good\008.png,2,layer2,0.75,1,0,30.160045623779297,29.295891971122927,2.0148871437066087,0.42888439452080834,,,,
screw,good,D:\Research\research-experiments\industrial-anomaly-detection\data\mvtec_ad\screw\test\good\009.png,2,layer2,0.75,1,0,29.054481506347656,29.295891971122927,2.0148871437066087,-0.1198133927894192,,,,
screw,good,D:\Research\research-experiments\industrial-anomaly-detection\data\mvtec_ad\screw\test\good\010.png,2,layer2,0.75,1,0,31.177364349365234,29.295891971122927,2.0148871437066087,0.9337854897327549,,,,
screw,good,D:\Research\research-experiments\industrial-anomaly-detection\data\mvtec_ad\screw\test\good\011.png,2,layer2,0.75,1,0,29.148006439208984,29.295891971122927,2.0148871437066087,-0.07339643432430208,,,,
screw,good,D:\Research\research-experiments\industrial-anomaly-detection\data\mvtec_ad\screw\test\good\012.png,2,layer2,0.75,1,0,30.827571868896484,29.295891971122927,2.0148871437066087,0.760181483393587,,,,
screw,good,D:\Research\research-experiments\industrial-anomaly-detection\data\mvtec_ad\screw\test\good\013.png,2,layer2,0.75,1,0,28.506942749023438,29.295891971122927,2.0148871437066087,-0.39156000601012814,,,,
screw,good,D:\Research\research-experiments\industrial-anomaly-detection\data\mvtec_ad\screw\test\good\014.png,2,layer2,0.75,1,0,31.913911819458008,29.295891971122927,2.0148871437066087,1.299338206863012,,,,
screw,good,D:\Research\research-experiments\industrial-anomaly-detection\data\mvtec_ad\screw\test\good\015.png,2,layer2,0.75,1,0,29.52284049987793,29.295891971122927,2.0148871437066087,0.11263585132490625,,,,
screw,good,D:\Research\research-experiments\industrial-anomaly-detection\data\mvtec_ad\screw\test\good\016.png,2,layer2,0.75,1,0,28.431257247924805,29.295891971122927,2.0148871437066087,-0.4291231525789235,,,,
screw,good,D:\Research\research-experiments\industrial-anomaly-detection\data\mvtec_ad\screw\test\good\017.png,2,layer2,0.75,1,0,25.955055236816406,29.295891971122927,2.0148871437066087,-1.6580763566542396,,,,
screw,good,D:\Research\research-experiments\industrial-anomaly-detection\data\mvtec_ad\screw\test\good\018.png,2,layer2,0.75,1,0,29.288724899291992,29.295891971122927,2.0148871437066087,-0.0035570586934959925,,,,
screw,good,D:\Research\research-experiments\industrial-anomaly-detection\data\mvtec_ad\screw\test\good\019.png,2,layer2,0.75,1,0,30.28429412841797,29.295891971122927,2.0148871437066087,0.4905496371755919,,,,
screw,good,D:\Research\research-experiments\industrial-anomaly-detection\data\mvtec_ad\screw\test\good\020.png,2,layer2,0.75,1,0,29.939064025878906,29.295891971122927,2.0148871437066087,0.31920996506672467,,,,
screw,good,D:\Research\research-experiments\industrial-anomaly-detection\data\mvtec_ad\screw\test\good\021.png,2,layer2,0.75,1,0,27.83312225341797,29.295891971122927,2.0148871437066087,-0.7259809673578198,,,,
screw,good,D:\Research\research-experiments\industrial-anomaly-detection\data\mvtec_ad\screw\test\good\022.png,2,layer2,0.75,1,0,31.929922103881836,29.295891971122927,2.0148871437066087,1.3072842024855635,,,,
screw,good,D:\Research\research-experiments\industrial-anomaly-detection\data\mvtec_ad\screw\test\good\023.png,2,layer2,0.75,1,0,29.383630752563477,29.295891971122927,2.0148871437066087,0.04354525846005659,,,,
screw,good,D:\Research\research-experiments\industrial-anomaly-detection\data\mvtec_ad\screw\test\good\024.png,2,layer2,0.75,1,0,31.126161575317383,29.295891971122927,2.0148871437066087,0.9083732604633485,,,,
screw,good,D:\Research\research-experiments\industrial-anomaly-detection\data\mvtec_ad\screw\test\good\025.png,2,layer2,0.75,1,0,31.336223602294922,29.295891971122927,2.0148871437066087,1.0126282444874695,,,,
screw,good,D:\Research\research-experiments\industrial-anomaly-detection\data\mvtec_ad\screw\test\good\026.png,2,layer2,0.75,1,0,29.454345703125,29.295891971122927,2.0148871437066087,0.07864149240169337,,,,
screw,good,D:\Research\research-experiments\industrial-anomaly-detection\data\mvtec_ad\screw\test\good\027.png,2,layer2,0.75,1,0,30.9639949798584,29.295891971122927,2.0148871437066087,0.8278890527172706,,,,
screw,good,D:\Research\research-experiments\industrial-anomaly-detection\data\mvtec_ad\screw\test\good\028.png,2,layer2,0.75,1,0,25.065641403198242,29.295891971122927,2.0148871437066087,-2.099497523291885,,,,
screw,good,D:\Research\research-experiments\industrial-anomaly-detection\data\mvtec_ad\screw\test\good\029.png,2,layer2,0.75,1,0,27.922767639160156,29.295891971122927,2.0148871437066087,-0.6814894502908764,,,,
screw,good,D:\Research\research-experiments\industrial-anomaly-detection\data\mvtec_ad\screw\test\good\030.png,2,layer2,0.75,1,0,28.154369354248047,29.295891971122927,2.0148871437066087,-0.5665441960063939,,,,
screw,good,D:\Research\research-experiments\industrial-anomaly-detection\data\mvtec_ad\screw\test\good\031.png,2,layer2,0.75,1,0,28.74679183959961,29.295891971122927,2.0148871437066087,-0.2725215321554869,,,,
screw,good,D:\Research\research-experiments\industrial-anomaly-detection\data\mvtec_ad\screw\test\good\032.png,2,layer2,0.75,1,0,28.005142211914062,29.295891971122927,2.0148871437066087,-0.6406064792464689,,,,
screw,good,D:\Research\research-experiments\industrial-anomaly-detection\data\mvtec_ad\screw\test\good\033.png,2,layer2,0.75,1,0,26.512657165527344,29.295891971122927,2.0148871437066087,-1.3813353339857606,,,,
screw,good,D:\Research\research-experiments\industrial-anomaly-detection\data\mvtec_ad\screw\test\good\034.png,2,layer2,0.75,1,0,28.07557487487793,29.295891971122927,2.0148871437066087,-0.6056503462521918,,,,
screw,good,D:\Research\research-experiments\industrial-anomaly-detection\data\mvtec_ad\screw\test\good\035.png,2,layer2,0.75,1,0,34.50672912597656,29.295891971122927,2.0148871437066087,2.5861682482462625,,,,
screw,good,D:\Research\research-experiments\industrial-anomaly-detection\data\mvtec_ad\screw\test\good\036.png,2,layer2,0.75,1,0,26.59444808959961,29.295891971122927,2.0148871437066087,-1.3407420311162994,,,,
screw,good,D:\Research\research-experiments\industrial-anomaly-detection\data\mvtec_ad\screw\test\good\037.png,2,layer2,0.75,1,0,28.63364028930664,29.295891971122927,2.0148871437066087,-0.3286792929741965,,,,
screw,good,D:\Research\research-experiments\industrial-anomaly-detection\data\mvtec_ad\screw\test\good\038.png,2,layer2,0.75,1,0,30.400131225585938,29.295891971122927,2.0148871437066087,0.5480402502502645,,,,
screw,good,D:\Research\research-experiments\industrial-anomaly-detection\data\mvtec_ad\screw\test\good\039.png,2,layer2,0.75,1,0,27.55472183227539,29.295891971122927,2.0148871437066087,-0.8641526868072922,,,,
screw,good,D:\Research\research-experiments\industrial-anomaly-detection\data\mvtec_ad\screw\test\good\040.png,2,layer2,0.75,1,0,27.510835647583008,29.295891971122927,2.0148871437066087,-0.8859336509816177,,,,
screw,manipulated_front,D:\Research\research-experiments\industrial-anomaly-detection\data\mvtec_ad\screw\test\manipulated_front\000.png,2,layer2,0.75,0,1,34.294673919677734,29.295891971122927,2.0148871437066087,2.480924037938419,D:\Research\research-experiments\industrial-anomaly-detection\data\mvtec_ad\screw\ground_truth\manipulated_front\000_mask.png,3806,0.0036296844482421875,-5.618609287836806
screw,manipulated_front,D:\Research\research-experiments\industrial-anomaly-detection\data\mvtec_ad\screw\test\manipulated_front\001.png,2,layer2,0.75,0,1,34.18000411987305,29.295891971122927,2.0148871437066087,2.4240127612136395,D:\Research\research-experiments\industrial-anomaly-detection\data\mvtec_ad\screw\ground_truth\manipulated_front\001_mask.png,2866,0.0027332305908203125,-5.902270636943445
screw,manipulated_front,D:\Research\research-experiments\industrial-anomaly-detection\data\mvtec_ad\screw\test\manipulated_front\002.png,2,layer2,0.75,0,1,31.699127197265625,29.295891971122927,2.0148871437066087,1.1927393718546835,D:\Research\research-experiments\industrial-anomaly-detection\data\mvtec_ad\screw\ground_truth\manipulated_front\002_mask.png,2520,0.00240325927734375,-6.030929014591936
screw,manipulated_front,D:\Research\research-experiments\industrial-anomaly-detection\data\mvtec_ad\screw\test\manipulated_front\003.png,2,layer2,0.75,0,1,40.70877456665039,29.295891971122927,2.0148871437066087,5.6642788312859045,D:\Research\research-experiments\industrial-anomaly-detection\data\mvtec_ad\screw\ground_truth\manipulated_front\003_mask.png,4826,0.0046024322509765625,-5.381170147737533
screw,manipulated_front,D:\Research\research-experiments\industrial-anomaly-detection\data\mvtec_ad\screw\test\manipulated_front\004.png,2,layer2,0.75,0,1,38.282527923583984,29.295891971122927,2.0148871437066087,4.460118761753148,D:\Research\research-experiments\industrial-anomaly-detection\data\mvtec_ad\screw\ground_truth\manipulated_front\004_mask.png,2245,0.0021409988403320312,-6.146482343950946
screw,manipulated_front,D:\Research\research-experiments\industrial-anomaly-detection\data\mvtec_ad\screw\test\manipulated_front\005.png,2,layer2,0.75,0,1,36.954776763916016,29.295891971122927,2.0148871437066087,3.8011482760784903,D:\Research\research-experiments\industrial-anomaly-detection\data\mvtec_ad\screw\ground_truth\manipulated_front\005_mask.png,3304,0.00315093994140625,-5.76005415919247
screw,manipulated_front,D:\Research\research-experiments\industrial-anomaly-detection\data\mvtec_ad\screw\test\manipulated_front\006.png,2,layer2,0.75,0,1,35.024818420410156,29.295891971122927,2.0148871437066087,2.843298924796469,D:\Research\research-experiments\industrial-anomaly-detection\data\mvtec_ad\screw\ground_truth\manipulated_front\006_mask.png,3633,0.0034646987915039062,-5.665129290352367
screw,manipulated_front,D:\Research\research-experiments\industrial-anomaly-detection\data\mvtec_ad\screw\test\manipulated_front\007.png,2,layer2,0.75,0,1,37.80186080932617,29.295891971122927,2.0148871437066087,4.221560927008333,D:\Research\research-experiments\industrial-anomaly-detection\data\mvtec_ad\screw\ground_truth\manipulated_front\007_mask.png,4911,0.004683494567871094,-5.363710531643903
screw,manipulated_front,D:\Research\research-experiments\industrial-anomaly-detection\data\mvtec_ad\screw\test\manipulated_front\008.png,2,layer2,0.75,0,1,37.14051818847656,29.295891971122927,2.0148871437066087,3.8933328061851515,D:\Research\research-experiments\industrial-anomaly-detection\data\mvtec_ad\screw\ground_truth\manipulated_front\008_mask.png,3808,0.003631591796875,-5.618083939926343
screw,manipulated_front,D:\Research\research-experiments\industrial-anomaly-detection\data\mvtec_ad\screw\test\manipulated_front\009.png,2,layer2,0.75,0,1,35.033973693847656,29.295891971122927,2.0148871437066087,2.8478427393054333,D:\Research\research-experiments\industrial-anomaly-detection\data\mvtec_ad\screw\ground_truth\manipulated_front\009_mask.png,6709,0.006398200988769531,-5.051738267342097
screw,manipulated_front,D:\Research\research-experiments\industrial-anomaly-detection\data\mvtec_ad\screw\test\manipulated_front\010.png,2,layer2,0.75,0,1,34.7122688293457,29.295891971122927,2.0148871437066087,2.6881787772285595,D:\Research\research-experiments\industrial-anomaly-detection\data\mvtec_ad\screw\ground_truth\manipulated_front\010_mask.png,3690,0.0035190582275390625,-5.649561589997436
screw,manipulated_front,D:\Research\research-experiments\industrial-anomaly-detection\data\mvtec_ad\screw\test\manipulated_front\011.png,2,layer2,0.75,0,1,33.56637954711914,29.295891971122927,2.0148871437066087,2.119467380262389,D:\Research\research-experiments\industrial-anomaly-detection\data\mvtec_ad\screw\ground_truth\manipulated_front\011_mask.png,3133,0.0029878616333007812,-5.813196985559251
screw,manipulated_front,D:\Research\research-experiments\industrial-anomaly-detection\data\mvtec_ad\screw\test\manipulated_front\012.png,2,layer2,0.75,0,1,31.686174392700195,29.295891971122927,2.0148871437066087,1.1863108209525215,D:\Research\research-experiments\industrial-anomaly-detection\data\mvtec_ad\screw\ground_truth\manipulated_front\012_mask.png,1695,0.0016164779663085938,-6.427504972755639
screw,manipulated_front,D:\Research\research-experiments\industrial-anomaly-detection\data\mvtec_ad\screw\test\manipulated_front\013.png,2,layer2,0.75,0,1,36.552616119384766,29.295891971122927,2.0148871437066087,3.6015536507480457,D:\Research\research-experiments\industrial-anomaly-detection\data\mvtec_ad\screw\ground_truth\manipulated_front\013_mask.png,3133,0.0029878616333007812,-5.813196985559251
screw,manipulated_front,D:\Research\research-experiments\industrial-anomaly-detection\data\mvtec_ad\screw\test\manipulated_front\014.png,2,layer2,0.75,0,1,35.06201934814453,29.295891971122927,2.0148871437066087,2.8617619577512277,D:\Research\research-experiments\industrial-anomaly-detection\data\mvtec_ad\screw\ground_truth\manipulated_front\014_mask.png,3315,0.0031614303588867188,-5.7567303922664745
screw,manipulated_front,D:\Research\research-experiments\industrial-anomaly-detection\data\mvtec_ad\screw\test\manipulated_front\015.png,2,layer2,0.75,0,1,35.96073532104492,29.295891971122927,2.0148871437066087,3.3077998292555857,D:\Research\research-experiments\industrial-anomaly-detection\data\mvtec_ad\screw\ground_truth\manipulated_front\015_mask.png,4777,0.004555702209472656,-5.39137537830384
screw,manipulated_front,D:\Research\research-experiments\industrial-anomaly-detection\data\mvtec_ad\screw\test\manipulated_front\016.png,2,layer2,0.75,0,1,39.67761993408203,29.295891971122927,2.0148871437066087,5.152510896397286,D:\Research\research-experiments\industrial-anomaly-detection\data\mvtec_ad\screw\ground_truth\manipulated_front\016_mask.png,7016,0.00669097900390625,-5.006994927691938
screw,manipulated_front,D:\Research\research-experiments\industrial-anomaly-detection\data\mvtec_ad\screw\test\manipulated_front\017.png,2,layer2,0.75,0,1,31.979488372802734,29.295891971122927,2.0148871437066087,1.3318842249114924,D:\Research\research-experiments\industrial-anomaly-detection\data\mvtec_ad\screw\ground_truth\manipulated_front\017_mask.png,1443,0.0013761520385742188,-6.5884633257614045
screw,manipulated_front,D:\Research\research-experiments\industrial-anomaly-detection\data\mvtec_ad\screw\test\manipulated_front\018.png,2,layer2,0.75,0,1,36.62811279296875,29.295891971122927,2.0148871437066087,3.6390230811425934,D:\Research\research-experiments\industrial-anomaly-detection\data\mvtec_ad\screw\ground_truth\manipulated_front\018_mask.png,2756,0.002628326416015625,-5.941407598595183
screw,manipulated_front,D:\Research\research-experiments\industrial-anomaly-detection\data\mvtec_ad\screw\test\manipulated_front\019.png,2,layer2,0.75,0,1,32.347660064697266,29.295891971122927,2.0148871437066087,1.5146099388774064,D:\Research\research-experiments\industrial-anomaly-detection\data\mvtec_ad\screw\ground_truth\manipulated_front\019_mask.png,1771,0.0016889572143554688,-6.383643381334938
screw,manipulated_front,D:\Research\research-experiments\industrial-anomaly-detection\data\mvtec_ad\screw\test\manipulated_front\020.png,2,layer2,0.75,0,1,31.397966384887695,29.295891971122927,2.0148871437066087,1.043271540210321,D:\Research\research-experiments\industrial-anomaly-detection\data\mvtec_ad\screw\ground_truth\manipulated_front\020_mask.png,1359,0.0012960433959960938,-6.648438425468958
screw,manipulated_front,D:\Research\research-experiments\industrial-anomaly-detection\data\mvtec_ad\screw\test\manipulated_front\021.png,2,layer2,0.75,0,1,31.629371643066406,29.295891971122927,2.0148871437066087,1.1581192918084653,D:\Research\research-experiments\industrial-anomaly-detection\data\mvtec_ad\screw\ground_truth\manipulated_front\021_mask.png,1537,0.0014657974243164062,-6.525355185438031
screw,manipulated_front,D:\Research\research-experiments\industrial-anomaly-detection\data\mvtec_ad\screw\test\manipulated_front\022.png,2,layer2,0.75,0,1,31.305086135864258,29.295891971122927,2.0148871437066087,0.9971745420168768,D:\Research\research-experiments\industrial-anomaly-detection\data\mvtec_ad\screw\ground_truth\manipulated_front\022_mask.png,1506,0.0014362335205078125,-6.5457305065737055
screw,manipulated_front,D:\Research\research-experiments\industrial-anomaly-detection\data\mvtec_ad\screw\test\manipulated_front\023.png,2,layer2,0.75,0,1,31.346736907958984,29.295891971122927,2.0148871437066087,1.0178460581485969,D:\Research\research-experiments\industrial-anomaly-detection\data\mvtec_ad\screw\ground_truth\manipulated_front\023_mask.png,2523,0.0024061203002929688,-6.0297392469511175
screw,scratch_head,D:\Research\research-experiments\industrial-anomaly-detection\data\mvtec_ad\screw\test\scratch_head\000.png,2,layer2,0.75,0,1,41.2464485168457,29.295891971122927,2.0148871437066087,5.931129484373204,D:\Research\research-experiments\industrial-anomaly-detection\data\mvtec_ad\screw\ground_truth\scratch_head\000_mask.png,2767,0.0026388168334960938,-5.937424252454337
screw,scratch_head,D:\Research\research-experiments\industrial-anomaly-detection\data\mvtec_ad\screw\test\scratch_head\001.png,2,layer2,0.75,0,1,38.632965087890625,29.295891971122927,2.0148871437066087,4.634042728363989,D:\Research\research-experiments\industrial-anomaly-detection\data\mvtec_ad\screw\ground_truth\scratch_head\001_mask.png,3019,0.0028791427612304688,-5.850262334166524
screw,scratch_head,D:\Research\research-experiments\industrial-anomaly-detection\data\mvtec_ad\screw\test\scratch_head\002.png,2,layer2,0.75,0,1,36.93564987182617,29.295891971122927,2.0148871437066087,3.7916554902668453,D:\Research\research-experiments\industrial-anomaly-detection\data\mvtec_ad\screw\ground_truth\scratch_head\002_mask.png,3012,0.002872467041015625,-5.852583674146381
screw,scratch_head,D:\Research\research-experiments\industrial-anomaly-detection\data\mvtec_ad\screw\test\scratch_head\003.png,2,layer2,0.75,0,1,31.671051025390625,29.295891971122927,2.0148871437066087,1.1788050073605258,D:\Research\research-experiments\industrial-anomaly-detection\data\mvtec_ad\screw\ground_truth\scratch_head\003_mask.png,1741,0.0016603469848632812,-6.400728069147154
screw,scratch_head,D:\Research\research-experiments\industrial-anomaly-detection\data\mvtec_ad\screw\test\scratch_head\004.png,2,layer2,0.75,0,1,36.17070388793945,29.295891971122927,2.0148871437066087,3.412008428506594,D:\Research\research-experiments\industrial-anomaly-detection\data\mvtec_ad\screw\ground_truth\scratch_head\004_mask.png,2981,0.0028429031372070312,-5.8629291657677935
screw,scratch_head,D:\Research\research-experiments\industrial-anomaly-detection\data\mvtec_ad\screw\test\scratch_head\005.png,2,layer2,0.75,0,1,37.14196014404297,29.295891971122927,2.0148871437066087,3.8940484569703133,D:\Research\research-experiments\industrial-anomaly-detection\data\mvtec_ad\screw\ground_truth\scratch_head\005_mask.png,1355,0.0012922286987304688,-6.651386104028578
screw,scratch_head,D:\Research\research-experiments\industrial-anomaly-detection\data\mvtec_ad\screw\test\scratch_head\006.png,2,layer2,0.75,0,1,34.622650146484375,29.295891971122927,2.0148871437066087,2.643700512953934,D:\Research\research-experiments\industrial-anomaly-detection\data\mvtec_ad\screw\ground_truth\scratch_head\006_mask.png,2586,0.0024662017822265625,-6.00507564638536
screw,scratch_head,D:\Research\research-experiments\industrial-anomaly-detection\data\mvtec_ad\screw\test\scratch_head\007.png,2,layer2,0.75,0,1,36.32622528076172,29.295891971122927,2.0148871437066087,3.489194584221582,D:\Research\research-experiments\industrial-anomaly-detection\data\mvtec_ad\screw\ground_truth\scratch_head\007_mask.png,2707,0.0025815963745117188,-5.959346934227458
screw,scratch_head,D:\Research\research-experiments\industrial-anomaly-detection\data\mvtec_ad\screw\test\scratch_head\008.png,2,layer2,0.75,0,1,39.29123306274414,29.295891971122927,2.0148871437066087,4.960744884814577,D:\Research\research-experiments\industrial-anomaly-detection\data\mvtec_ad\screw\ground_truth\scratch_head\008_mask.png,3009,0.0028696060180664062,-5.853580186089028
screw,scratch_head,D:\Research\research-experiments\industrial-anomaly-detection\data\mvtec_ad\screw\test\scratch_head\009.png,2,layer2,0.75,0,1,39.080177307128906,29.295891971122927,2.0148871437066087,4.855996707590629,D:\Research\research-experiments\industrial-anomaly-detection\data\mvtec_ad\screw\ground_truth\scratch_head\009_mask.png,3278,0.0031261444091796875,-5.767954532012327
screw,scratch_head,D:\Research\research-experiments\industrial-anomaly-detection\data\mvtec_ad\screw\test\scratch_head\010.png,2,layer2,0.75,0,1,38.87348556518555,29.295891971122927,2.0148871437066087,4.753414415282621,D:\Research\research-experiments\industrial-anomaly-detection\data\mvtec_ad\screw\ground_truth\scratch_head\010_mask.png,2213,0.0021104812622070312,-6.160838797322393
screw,scratch_head,D:\Research\research-experiments\industrial-anomaly-detection\data\mvtec_ad\screw\test\scratch_head\011.png,2,layer2,0.75,0,1,42.116798400878906,29.295891971122927,2.0148871437066087,6.363089103923953,D:\Research\research-experiments\industrial-anomaly-detection\data\mvtec_ad\screw\ground_truth\scratch_head\011_mask.png,2801,0.0026712417602539062,-5.925211461581139
screw,scratch_head,D:\Research\research-experiments\industrial-anomaly-detection\data\mvtec_ad\screw\test\scratch_head\012.png,2,layer2,0.75,0,1,39.074554443359375,29.295891971122927,2.0148871437066087,4.8532060481797075,D:\Research\research-experiments\industrial-anomaly-detection\data\mvtec_ad\screw\ground_truth\scratch_head\012_mask.png,3541,0.0033769607543945312,-5.690778862962787
screw,scratch_head,D:\Research\research-experiments\industrial-anomaly-detection\data\mvtec_ad\screw\test\scratch_head\013.png,2,layer2,0.75,0,1,38.79050064086914,29.295891971122927,2.0148871437066087,4.712228523270949,D:\Research\research-experiments\industrial-anomaly-detection\data\mvtec_ad\screw\ground_truth\scratch_head\013_mask.png,1953,0.0018625259399414062,-6.285821143417097
screw,scratch_head,D:\Research\research-experiments\industrial-anomaly-detection\data\mvtec_ad\screw\test\scratch_head\014.png,2,layer2,0.75,0,1,32.17253875732422,29.295891971122927,2.0148871437066087,1.4276962336011436,D:\Research\research-experiments\industrial-anomaly-detection\data\mvtec_ad\screw\ground_truth\scratch_head\014_mask.png,2388,0.002277374267578125,-6.084731697584332
screw,scratch_head,D:\Research\research-experiments\industrial-anomaly-detection\data\mvtec_ad\screw\test\scratch_head\015.png,2,layer2,0.75,0,1,44.5976448059082,29.295891971122927,2.0148871437066087,7.594347347234546,D:\Research\research-experiments\industrial-anomaly-detection\data\mvtec_ad\screw\ground_truth\scratch_head\015_mask.png,3545,0.0033807754516601562,-5.689649876442595
screw,scratch_head,D:\Research\research-experiments\industrial-anomaly-detection\data\mvtec_ad\screw\test\scratch_head\016.png,2,layer2,0.75,0,1,36.92949676513672,29.295891971122927,2.0148871437066087,3.788601668265612,D:\Research\research-experiments\industrial-anomaly-detection\data\mvtec_ad\screw\ground_truth\scratch_head\016_mask.png,2091,0.0019941329956054688,-6.217545410299332
screw,scratch_head,D:\Research\research-experiments\industrial-anomaly-detection\data\mvtec_ad\screw\test\scratch_head\017.png,2,layer2,0.75,0,1,36.986751556396484,29.295891971122927,2.0148871437066087,3.8170175482510484,D:\Research\research-experiments\industrial-anomaly-detection\data\mvtec_ad\screw\ground_truth\scratch_head\017_mask.png,2511,0.0023946762084960938,-6.034506834448417
screw,scratch_head,D:\Research\research-experiments\industrial-anomaly-detection\data\mvtec_ad\screw\test\scratch_head\018.png,2,layer2,0.75,0,1,36.557743072509766,29.295891971122927,2.0148871437066087,3.6040981868730655,D:\Research\research-experiments\industrial-anomaly-detection\data\mvtec_ad\screw\ground_truth\scratch_head\018_mask.png,3846,0.0036678314208984375,-5.608154412409553
screw,scratch_head,D:\Research\research-experiments\industrial-anomaly-detection\data\mvtec_ad\screw\test\scratch_head\019.png,2,layer2,0.75,0,1,39.66672897338867,29.295891971122927,2.0148871437066087,5.147105650387663,D:\Research\research-experiments\industrial-anomaly-detection\data\mvtec_ad\screw\ground_truth\scratch_head\019_mask.png,2618,0.0024967193603515625,-5.992777264203549
screw,scratch_head,D:\Research\research-experiments\industrial-anomaly-detection\data\mvtec_ad\screw\test\scratch_head\020.png,2,layer2,0.75,0,1,37.480037689208984,29.295891971122927,2.0148871437066087,4.061838273994052,D:\Research\research-experiments\industrial-anomaly-detection\data\mvtec_ad\screw\ground_truth\scratch_head\020_mask.png,2465,0.0023508071899414062,-6.052996099336405
screw,scratch_head,D:\Research\research-experiments\industrial-anomaly-detection\data\mvtec_ad\screw\test\scratch_head\021.png,2,layer2,0.75,0,1,39.200355529785156,29.295891971122927,2.0148871437066087,4.915641846044969,D:\Research\research-experiments\industrial-anomaly-detection\data\mvtec_ad\screw\ground_truth\scratch_head\021_mask.png,2066,0.0019702911376953125,-6.229573453980245
screw,scratch_head,D:\Research\research-experiments\industrial-anomaly-detection\data\mvtec_ad\screw\test\scratch_head\022.png,2,layer2,0.75,0,1,31.60031509399414,29.295891971122927,2.0148871437066087,1.1436983605106394,D:\Research\research-experiments\industrial-anomaly-detection\data\mvtec_ad\screw\ground_truth\scratch_head\022_mask.png,1402,0.0013370513916015625,-6.617287795690243
screw,scratch_head,D:\Research\research-experiments\industrial-anomaly-detection\data\mvtec_ad\screw\test\scratch_head\023.png,2,layer2,0.75,0,1,37.06747817993164,29.295891971122927,2.0148871437066087,3.8570826326838423,D:\Research\research-experiments\industrial-anomaly-detection\data\mvtec_ad\screw\ground_truth\scratch_head\023_mask.png,2444,0.002330780029296875,-6.061551861866596
screw,scratch_neck,D:\Research\research-experiments\industrial-anomaly-detection\data\mvtec_ad\screw\test\scratch_neck\000.png,2,layer2,0.75,0,1,35.19685745239258,29.295891971122927,2.0148871437066087,2.928682879188047,D:\Research\research-experiments\industrial-anomaly-detection\data\mvtec_ad\screw\ground_truth\scratch_neck\000_mask.png,2810,0.0026798248291015625,-5.922003475712465
screw,scratch_neck,D:\Research\research-experiments\industrial-anomaly-detection\data\mvtec_ad\screw\test\scratch_neck\001.png,2,layer2,0.75,0,1,46.831932067871094,29.295891971122927,2.0148871437066087,8.703236879306637,D:\Research\research-experiments\industrial-anomaly-detection\data\mvtec_ad\screw\ground_truth\scratch_neck\001_mask.png,7445,0.007100105285644531,-4.947645525237824
screw,scratch_neck,D:\Research\research-experiments\industrial-anomaly-detection\data\mvtec_ad\screw\test\scratch_neck\002.png,2,layer2,0.75,0,1,33.68251037597656,29.295891971122927,2.0148871437066087,2.1771037740525574,D:\Research\research-experiments\industrial-anomaly-detection\data\mvtec_ad\screw\ground_truth\scratch_neck\002_mask.png,2926,0.0027904510498046875,-5.881551671253898
screw,scratch_neck,D:\Research\research-experiments\industrial-anomaly-detection\data\mvtec_ad\screw\test\scratch_neck\003.png,2,layer2,0.75,0,1,49.60906219482422,29.295891971122927,2.0148871437066087,10.081542426407545,D:\Research\research-experiments\industrial-anomaly-detection\data\mvtec_ad\screw\ground_truth\scratch_neck\003_mask.png,2614,0.0024929046630859375,-5.994306315876335
screw,scratch_neck,D:\Research\research-experiments\industrial-anomaly-detection\data\mvtec_ad\screw\test\scratch_neck\004.png,2,layer2,0.75,0,1,41.60237503051758,29.295891971122927,2.0148871437066087,6.107777846433378,D:\Research\research-experiments\industrial-anomaly-detection\data\mvtec_ad\screw\ground_truth\scratch_neck\004_mask.png,3823,0.0036458969116210938,-5.6141526032216
screw,scratch_neck,D:\Research\research-experiments\industrial-anomaly-detection\data\mvtec_ad\screw\test\scratch_neck\005.png,2,layer2,0.75,0,1,32.510433197021484,29.295891971122927,2.0148871437066087,1.5953951743347032,D:\Research\research-experiments\industrial-anomaly-detection\data\mvtec_ad\screw\ground_truth\scratch_neck\005_mask.png,2145,0.0020456314086914062,-6.1920482909902885
screw,scratch_neck,D:\Research\research-experiments\industrial-anomaly-detection\data\mvtec_ad\screw\test\scratch_neck\006.png,2,layer2,0.75,0,1,43.054786682128906,29.295891971122927,2.0148871437066087,6.828618046415723,D:\Research\research-experiments\industrial-anomaly-detection\data\mvtec_ad\screw\ground_truth\scratch_neck\006_mask.png,4725,0.004506111145019531,-5.402320549350241
screw,scratch_neck,D:\Research\research-experiments\industrial-anomaly-detection\data\mvtec_ad\screw\test\scratch_neck\007.png,2,layer2,0.75,0,1,45.49414825439453,29.295891971122927,2.0148871437066087,8.039287130232571,D:\Research\research-experiments\industrial-anomaly-detection\data\mvtec_ad\screw\ground_truth\scratch_neck\007_mask.png,3062,0.0029201507568359375,-5.836119692533263
screw,scratch_neck,D:\Research\research-experiments\industrial-anomaly-detection\data\mvtec_ad\screw\test\scratch_neck\008.png,2,layer2,0.75,0,1,53.29438018798828,29.295891971122927,2.0148871437066087,11.910586799773544,D:\Research\research-experiments\industrial-anomaly-detection\data\mvtec_ad\screw\ground_truth\scratch_neck\008_mask.png,4567,0.004355430603027344,-5.43633156841551
screw,scratch_neck,D:\Research\research-experiments\industrial-anomaly-detection\data\mvtec_ad\screw\test\scratch_neck\009.png,2,layer2,0.75,0,1,51.13214111328125,29.295891971122927,2.0148871437066087,10.837455194630959,D:\Research\research-experiments\industrial-anomaly-detection\data\mvtec_ad\screw\ground_truth\scratch_neck\009_mask.png,2582,0.0024623870849609375,-6.006623633682409
screw,scratch_neck,D:\Research\research-experiments\industrial-anomaly-detection\data\mvtec_ad\screw\test\scratch_neck\010.png,2,layer2,0.75,0,1,40.78742599487305,29.295891971122927,2.0148871437066087,5.703313984429999,D:\Research\research-experiments\industrial-anomaly-detection\data\mvtec_ad\screw\ground_truth\scratch_neck\010_mask.png,4609,0.004395484924316406,-5.42717719097224
screw,scratch_neck,D:\Research\research-experiments\industrial-anomaly-detection\data\mvtec_ad\screw\test\scratch_neck\011.png,2,layer2,0.75,0,1,34.25144577026367,29.295891971122927,2.0148871437066087,2.4594696604319255,D:\Research\research-experiments\industrial-anomaly-detection\data\mvtec_ad\screw\ground_truth\scratch_neck\011_mask.png,1637,0.0015611648559570312,-6.462322393280634
screw,scratch_neck,D:\Research\research-experiments\industrial-anomaly-detection\data\mvtec_ad\screw\test\scratch_neck\012.png,2,layer2,0.75,0,1,37.359031677246094,29.295891971122927,2.0148871437066087,4.00178229897786,D:\Research\research-experiments\industrial-anomaly-detection\data\mvtec_ad\screw\ground_truth\scratch_neck\012_mask.png,3583,0.0034170150756835938,-5.6789876012409115
screw,scratch_neck,D:\Research\research-experiments\industrial-anomaly-detection\data\mvtec_ad\screw\test\scratch_neck\013.png,2,layer2,0.75,0,1,40.119178771972656,29.295891971122927,2.0148871437066087,5.37165907016464,D:\Research\research-experiments\industrial-anomaly-detection\data\mvtec_ad\screw\ground_truth\scratch_neck\013_mask.png,3198,0.0030498504638671875,-5.792662389920133
screw,scratch_neck,D:\Research\research-experiments\industrial-anomaly-detection\data\mvtec_ad\screw\test\scratch_neck\014.png,2,layer2,0.75,0,1,45.27727127075195,29.295891971122927,2.0148871437066087,7.931649844283339,D:\Research\research-experiments\industrial-anomaly-detection\data\mvtec_ad\screw\ground_truth\scratch_neck\014_mask.png,2981,0.0028429031372070312,-5.8629291657677935
screw,scratch_neck,D:\Research\research-experiments\industrial-anomaly-detection\data\mvtec_ad\screw\test\scratch_neck\015.png,2,layer2,0.75,0,1,47.1657829284668,29.295891971122927,2.0148871437066087,8.86892896863207,D:\Research\research-experiments\industrial-anomaly-detection\data\mvtec_ad\screw\ground_truth\scratch_neck\015_mask.png,3017,0.0028772354125976562,-5.850925024484055
screw,scratch_neck,D:\Research\research-experiments\industrial-anomaly-detection\data\mvtec_ad\screw\test\scratch_neck\016.png,2,layer2,0.75,0,1,48.70893478393555,29.295891971122927,2.0148871437066087,9.63480405016639,D:\Research\research-experiments\industrial-anomaly-detection\data\mvtec_ad\screw\ground_truth\scratch_neck\016_mask.png,3955,0.0037717819213867188,-5.580207465870512
screw,scratch_neck,D:\Research\research-experiments\industrial-anomaly-detection\data\mvtec_ad\screw\test\scratch_neck\017.png,2,layer2,0.75,0,1,40.06290817260742,29.295891971122927,2.0148871437066087,5.343731650238917,D:\Research\research-experiments\industrial-anomaly-detection\data\mvtec_ad\screw\ground_truth\scratch_neck\017_mask.png,3813,0.0036363601684570312,-5.6167717763411185
screw,scratch_neck,D:\Research\research-experiments\industrial-anomaly-detection\data\mvtec_ad\screw\test\scratch_neck\018.png,2,layer2,0.75,0,1,44.65593719482422,29.295891971122927,2.0148871437066087,7.623278192864332,D:\Research\research-experiments\industrial-anomaly-detection\data\mvtec_ad\screw\ground_truth\scratch_neck\018_mask.png,3269,0.0031175613403320312,-5.770703883711211
screw,scratch_neck,D:\Research\research-experiments\industrial-anomaly-detection\data\mvtec_ad\screw\test\scratch_neck\019.png,2,layer2,0.75,0,1,42.16726303100586,29.295891971122927,2.0148871437066087,6.3881349881485745,D:\Research\research-experiments\industrial-anomaly-detection\data\mvtec_ad\screw\ground_truth\scratch_neck\019_mask.png,4108,0.003917694091796875,-5.542251784898299
screw,scratch_neck,D:\Research\research-experiments\industrial-anomaly-detection\data\mvtec_ad\screw\test\scratch_neck\020.png,2,layer2,0.75,0,1,48.49361801147461,29.295891971122927,2.0148871437066087,9.527941105939727,D:\Research\research-experiments\industrial-anomaly-detection\data\mvtec_ad\screw\ground_truth\scratch_neck\020_mask.png,7369,0.007027626037597656,-4.957906178136354
screw,scratch_neck,D:\Research\research-experiments\industrial-anomaly-detection\data\mvtec_ad\screw\test\scratch_neck\021.png,2,layer2,0.75,0,1,34.75837326049805,29.295891971122927,2.0148871437066087,2.711060669793286,D:\Research\research-experiments\industrial-anomaly-detection\data\mvtec_ad\screw\ground_truth\scratch_neck\021_mask.png,2687,0.0025625228881835938,-5.966762612343074
screw,scratch_neck,D:\Research\research-experiments\industrial-anomaly-detection\data\mvtec_ad\screw\test\scratch_neck\022.png,2,layer2,0.75,0,1,37.93621826171875,29.295891971122927,2.0148871437066087,4.288243298183432,D:\Research\research-experiments\industrial-anomaly-detection\data\mvtec_ad\screw\ground_truth\scratch_neck\022_mask.png,1033,0.0009851455688476562,-6.92272012700137
screw,scratch_neck,D:\Research\research-experiments\industrial-anomaly-detection\data\mvtec_ad\screw\test\scratch_neck\023.png,2,layer2,0.75,0,1,38.44667434692383,29.295891971122927,2.0148871437066087,4.54158556938679,D:\Research\research-experiments\industrial-anomaly-detection\data\mvtec_ad\screw\ground_truth\scratch_neck\023_mask.png,1717,0.0016374588012695312,-6.4146091395992295
screw,scratch_neck,D:\Research\research-experiments\industrial-anomaly-detection\data\mvtec_ad\screw\test\scratch_neck\024.png,2,layer2,0.75,0,1,46.330204010009766,29.295891971122927,2.0148871437066087,8.454226377935157,D:\Research\research-experiments\industrial-anomaly-detection\data\mvtec_ad\screw\ground_truth\scratch_neck\024_mask.png,3240,0.00308990478515625,-5.779614678778016
screw,thread_side,D:\Research\research-experiments\industrial-anomaly-detection\data\mvtec_ad\screw\test\thread_side\000.png,2,layer2,0.75,0,1,29.33082389831543,29.295891971122927,2.0148871437066087,0.01733691502355881,D:\Research\research-experiments\industrial-anomaly-detection\data\mvtec_ad\screw\ground_truth\thread_side\000_mask.png,1580,0.001506805419921875,-6.497762821522418
screw,thread_side,D:\Research\research-experiments\industrial-anomaly-detection\data\mvtec_ad\screw\test\thread_side\001.png,2,layer2,0.75,0,1,31.65666389465332,29.295891971122927,2.0148871437066087,1.1716645921852928,D:\Research\research-experiments\industrial-anomaly-detection\data\mvtec_ad\screw\ground_truth\thread_side\001_mask.png,6009,0.005730628967285156,-5.161929812364078
screw,thread_side,D:\Research\research-experiments\industrial-anomaly-detection\data\mvtec_ad\screw\test\thread_side\002.png,2,layer2,0.75,0,1,32.659305572509766,29.295891971122927,2.0148871437066087,1.6692813847625558,D:\Research\research-experiments\industrial-anomaly-detection\data\mvtec_ad\screw\ground_truth\thread_side\002_mask.png,2302,0.0021953582763671875,-6.121409566410666
screw,thread_side,D:\Research\research-experiments\industrial-anomaly-detection\data\mvtec_ad\screw\test\thread_side\003.png,2,layer2,0.75,0,1,30.36292839050293,29.295891971122927,2.0148871437066087,0.5295762706674829,D:\Research\research-experiments\industrial-anomaly-detection\data\mvtec_ad\screw\ground_truth\thread_side\003_mask.png,2047,0.0019521713256835938,-6.238812513287626
screw,thread_side,D:\Research\research-experiments\industrial-anomaly-detection\data\mvtec_ad\screw\test\thread_side\004.png,2,layer2,0.75,0,1,32.87076950073242,29.295891971122927,2.0148871437066087,1.7742321403833619,D:\Research\research-experiments\industrial-anomaly-detection\data\mvtec_ad\screw\ground_truth\thread_side\004_mask.png,1460,0.001392364501953125,-6.576751178294042
screw,thread_side,D:\Research\research-experiments\industrial-anomaly-detection\data\mvtec_ad\screw\test\thread_side\005.png,2,layer2,0.75,0,1,35.452640533447266,29.295891971122927,2.0148871437066087,3.055629483544332,D:\Research\research-experiments\industrial-anomaly-detection\data\mvtec_ad\screw\ground_truth\thread_side\005_mask.png,2721,0.0025949478149414062,-5.95418848705153
screw,thread_side,D:\Research\research-experiments\industrial-anomaly-detection\data\mvtec_ad\screw\test\thread_side\006.png,2,layer2,0.75,0,1,31.978822708129883,29.295891971122927,2.0148871437066087,1.3315538517315697,D:\Research\research-experiments\industrial-anomaly-detection\data\mvtec_ad\screw\ground_truth\thread_side\006_mask.png,4696,0.00447845458984375,-5.408477026399687
screw,thread_side,D:\Research\research-experiments\industrial-anomaly-detection\data\mvtec_ad\screw\test\thread_side\007.png,2,layer2,0.75,0,1,36.0673942565918,29.295891971122927,2.0148871437066087,3.3607352682850213,D:\Research\research-experiments\industrial-anomaly-detection\data\mvtec_ad\screw\ground_truth\thread_side\007_mask.png,3887,0.0037069320678710938,-5.597550410581862
screw,thread_side,D:\Research\research-experiments\industrial-anomaly-detection\data\mvtec_ad\screw\test\thread_side\008.png,2,layer2,0.75,0,1,32.48023986816406,29.295891971122927,2.0148871437066087,1.5804100527353475,D:\Research\research-experiments\industrial-anomaly-detection\data\mvtec_ad\screw\ground_truth\thread_side\008_mask.png,2757,0.0026292800903320312,-5.941044819842936
screw,thread_side,D:\Research\research-experiments\industrial-anomaly-detection\data\mvtec_ad\screw\test\thread_side\009.png,2,layer2,0.75,0,1,34.33085250854492,29.295891971122927,2.0148871437066087,2.4988796782730103,D:\Research\research-experiments\industrial-anomaly-detection\data\mvtec_ad\screw\ground_truth\thread_side\009_mask.png,2577,0.0024576187133789062,-6.008561993648681
screw,thread_side,D:\Research\research-experiments\industrial-anomaly-detection\data\mvtec_ad\screw\test\thread_side\010.png,2,layer2,0.75,0,1,30.649320602416992,29.295891971122927,2.0148871437066087,0.6717143615320721,D:\Research\research-experiments\industrial-anomaly-detection\data\mvtec_ad\screw\ground_truth\thread_side\010_mask.png,3097,0.0029535293579101562,-5.824754092647782
screw,thread_side,D:\Research\research-experiments\industrial-anomaly-detection\data\mvtec_ad\screw\test\thread_side\011.png,2,layer2,0.75,0,1,39.762298583984375,29.295891971122927,2.0148871437066087,5.194537394093116,D:\Research\research-experiments\industrial-anomaly-detection\data\mvtec_ad\screw\ground_truth\thread_side\011_mask.png,1761,0.0016794204711914062,-6.389305907259379
screw,thread_side,D:\Research\research-experiments\industrial-anomaly-detection\data\mvtec_ad\screw\test\thread_side\012.png,2,layer2,0.75,0,1,30.344594955444336,29.295891971122927,2.0148871437066087,0.5204772821132817,D:\Research\research-experiments\industrial-anomaly-detection\data\mvtec_ad\screw\ground_truth\thread_side\012_mask.png,4231,0.004034996032714844,-5.512749712647151
screw,thread_side,D:\Research\research-experiments\industrial-anomaly-detection\data\mvtec_ad\screw\test\thread_side\013.png,2,layer2,0.75,0,1,29.793855667114258,29.295891971122927,2.0148871437066087,0.24714222707048059,D:\Research\research-experiments\industrial-anomaly-detection\data\mvtec_ad\screw\ground_truth\thread_side\013_mask.png,1685,0.0016069412231445312,-6.433422146112341
screw,thread_side,D:\Research\research-experiments\industrial-anomaly-detection\data\mvtec_ad\screw\test\thread_side\014.png,2,layer2,0.75,0,1,34.42524719238281,29.295891971122927,2.0148871437066087,2.545728299116479,D:\Research\research-experiments\industrial-anomaly-detection\data\mvtec_ad\screw\ground_truth\thread_side\014_mask.png,2720,0.002593994140625,-5.954556066403055
screw,thread_side,D:\Research\research-experiments\industrial-anomaly-detection\data\mvtec_ad\screw\test\thread_side\015.png,2,layer2,0.75,0,1,31.50869369506836,29.295891971122927,2.0148871437066087,1.0982261368121777,D:\Research\research-experiments\industrial-anomaly-detection\data\mvtec_ad\screw\ground_truth\thread_side\015_mask.png,2977,0.0028390884399414062,-5.864271897957461
screw,thread_side,D:\Research\research-experiments\industrial-anomaly-detection\data\mvtec_ad\screw\test\thread_side\016.png,2,layer2,0.75,0,1,31.42683982849121,29.295891971122927,2.0148871437066087,1.0576015952179676,D:\Research\research-experiments\industrial-anomaly-detection\data\mvtec_ad\screw\ground_truth\thread_side\016_mask.png,5564,0.005306243896484375,-5.238870869698365
screw,thread_side,D:\Research\research-experiments\industrial-anomaly-detection\data\mvtec_ad\screw\test\thread_side\017.png,2,layer2,0.75,0,1,37.15626907348633,29.295891971122927,2.0148871437066087,3.9011500603966156,D:\Research\research-experiments\industrial-anomaly-detection\data\mvtec_ad\screw\ground_truth\thread_side\017_mask.png,2901,0.0027666091918945312,-5.8901324656242755
screw,thread_side,D:\Research\research-experiments\industrial-anomaly-detection\data\mvtec_ad\screw\test\thread_side\018.png,2,layer2,0.75,0,1,35.056068420410156,29.295891971122927,2.0148871437066087,2.858808478320401,D:\Research\research-experiments\industrial-anomaly-detection\data\mvtec_ad\screw\ground_truth\thread_side\018_mask.png,2424,0.00231170654296875,-6.069768831428936
screw,thread_side,D:\Research\research-experiments\industrial-anomaly-detection\data\mvtec_ad\screw\test\thread_side\019.png,2,layer2,0.75,0,1,36.00911331176758,29.295891971122927,2.0148871437066087,3.331810102423372,D:\Research\research-experiments\industrial-anomaly-detection\data\mvtec_ad\screw\ground_truth\thread_side\019_mask.png,1207,0.0011510848999023438,-6.7670495213561015
screw,thread_side,D:\Research\research-experiments\industrial-anomaly-detection\data\mvtec_ad\screw\test\thread_side\020.png,2,layer2,0.75,0,1,32.33832931518555,29.295891971122927,2.0148871437066087,1.5099790345903534,D:\Research\research-experiments\industrial-anomaly-detection\data\mvtec_ad\screw\ground_truth\thread_side\020_mask.png,1601,0.0015268325805664062,-6.48455924325175
screw,thread_side,D:\Research\research-experiments\industrial-anomaly-detection\data\mvtec_ad\screw\test\thread_side\021.png,2,layer2,0.75,0,1,31.616531372070312,29.295891971122927,2.0148871437066087,1.1517465919596428,D:\Research\research-experiments\industrial-anomaly-detection\data\mvtec_ad\screw\ground_truth\thread_side\021_mask.png,3364,0.003208160400390625,-5.7420572784010036
screw,thread_side,D:\Research\research-experiments\industrial-anomaly-detection\data\mvtec_ad\screw\test\thread_side\022.png,2,layer2,0.75,0,1,35.33091354370117,29.295891971122927,2.0148871437066087,2.9952156831355587,D:\Research\research-experiments\industrial-anomaly-detection\data\mvtec_ad\screw\ground_truth\thread_side\022_mask.png,3904,0.00372314453125,-5.593186395075795
screw,thread_top,D:\Research\research-experiments\industrial-anomaly-detection\data\mvtec_ad\screw\test\thread_top\000.png,2,layer2,0.75,0,1,41.029930114746094,29.295891971122927,2.0148871437066087,5.82367016449224,D:\Research\research-experiments\industrial-anomaly-detection\data\mvtec_ad\screw\ground_truth\thread_top\000_mask.png,6803,0.006487846374511719,-5.037824486719504
screw,thread_top,D:\Research\research-experiments\industrial-anomaly-detection\data\mvtec_ad\screw\test\thread_top\001.png,2,layer2,0.75,0,1,38.85304260253906,29.295891971122927,2.0148871437066087,4.743268456135312,D:\Research\research-experiments\industrial-anomaly-detection\data\mvtec_ad\screw\ground_truth\thread_top\001_mask.png,6387,0.006091117858886719,-5.100923493463853
screw,thread_top,D:\Research\research-experiments\industrial-anomaly-detection\data\mvtec_ad\screw\test\thread_top\002.png,2,layer2,0.75,0,1,36.69829559326172,29.295891971122927,2.0148871437066087,3.673855205865897,D:\Research\research-experiments\industrial-anomaly-detection\data\mvtec_ad\screw\ground_truth\thread_top\002_mask.png,6084,0.005802154541015625,-5.149525785469968
screw,thread_top,D:\Research\research-experiments\industrial-anomaly-detection\data\mvtec_ad\screw\test\thread_top\003.png,2,layer2,0.75,0,1,30.87224006652832,29.295891971122927,2.0148871437066087,0.7823505650572199,D:\Research\research-experiments\industrial-anomaly-detection\data\mvtec_ad\screw\ground_truth\thread_top\003_mask.png,4646,0.0044307708740234375,-5.419181472174216
screw,thread_top,D:\Research\research-experiments\industrial-anomaly-detection\data\mvtec_ad\screw\test\thread_top\004.png,2,layer2,0.75,0,1,38.16251754760742,29.295891971122927,2.0148871437066087,4.400556926564806,D:\Research\research-experiments\industrial-anomaly-detection\data\mvtec_ad\screw\ground_truth\thread_top\004_mask.png,6696,0.00638580322265625,-5.0536778424322355
screw,thread_top,D:\Research\research-experiments\industrial-anomaly-detection\data\mvtec_ad\screw\test\thread_top\005.png,2,layer2,0.75,0,1,39.533870697021484,29.295891971122927,2.0148871437066087,5.081167328838408,D:\Research\research-experiments\industrial-anomaly-detection\data\mvtec_ad\screw\ground_truth\thread_top\005_mask.png,10599,0.010107994079589844,-4.594428576240059
screw,thread_top,D:\Research\research-experiments\industrial-anomaly-detection\data\mvtec_ad\screw\test\thread_top\006.png,2,layer2,0.75,0,1,35.7758903503418,29.295891971122927,2.0148871437066087,3.2160602143195938,D:\Research\research-experiments\industrial-anomaly-detection\data\mvtec_ad\screw\ground_truth\thread_top\006_mask.png,7649,0.007294654846191406,-4.920613274790371
screw,thread_top,D:\Research\research-experiments\industrial-anomaly-detection\data\mvtec_ad\screw\test\thread_top\007.png,2,layer2,0.75,0,1,44.305030822753906,29.295891971122927,2.0148871437066087,7.449121355759907,D:\Research\research-experiments\industrial-anomaly-detection\data\mvtec_ad\screw\ground_truth\thread_top\007_mask.png,6834,0.0065174102783203125,-5.033278025088504
screw,thread_top,D:\Research\research-experiments\industrial-anomaly-detection\data\mvtec_ad\screw\test\thread_top\008.png,2,layer2,0.75,0,1,32.43545150756836,29.295891971122927,2.0148871437066087,1.5581813335062846,D:\Research\research-experiments\industrial-anomaly-detection\data\mvtec_ad\screw\ground_truth\thread_top\008_mask.png,5620,0.005359649658203125,-5.228856481731827
screw,thread_top,D:\Research\research-experiments\industrial-anomaly-detection\data\mvtec_ad\screw\test\thread_top\009.png,2,layer2,0.75,0,1,40.19153594970703,29.295891971122927,2.0148871437066087,5.407570350833822,D:\Research\research-experiments\industrial-anomaly-detection\data\mvtec_ad\screw\ground_truth\thread_top\009_mask.png,4056,0.00386810302734375,-5.554990807403266
screw,thread_top,D:\Research\research-experiments\industrial-anomaly-detection\data\mvtec_ad\screw\test\thread_top\010.png,2,layer2,0.75,0,1,36.99186325073242,29.295891971122927,2.0148871437066087,3.8195545113518867,D:\Research\research-experiments\industrial-anomaly-detection\data\mvtec_ad\screw\ground_truth\thread_top\010_mask.png,5418,0.0051670074462890625,-5.265461395018263
screw,thread_top,D:\Research\research-experiments\industrial-anomaly-detection\data\mvtec_ad\screw\test\thread_top\011.png,2,layer2,0.75,0,1,40.47952651977539,29.295891971122927,2.0148871437066087,5.550501715981435,D:\Research\research-experiments\industrial-anomaly-detection\data\mvtec_ad\screw\ground_truth\thread_top\011_mask.png,5075,0.004839897155761719,-5.3308616006729785
screw,thread_top,D:\Research\research-experiments\industrial-anomaly-detection\data\mvtec_ad\screw\test\thread_top\012.png,2,layer2,0.75,0,1,36.66501998901367,29.295891971122927,2.0148871437066087,3.6573403333818564,D:\Research\research-experiments\industrial-anomaly-detection\data\mvtec_ad\screw\ground_truth\thread_top\012_mask.png,1275,0.0012159347534179688,-6.712241331194169
screw,thread_top,D:\Research\research-experiments\industrial-anomaly-detection\data\mvtec_ad\screw\test\thread_top\013.png,2,layer2,0.75,0,1,35.94654846191406,29.295891971122927,2.0148871437066087,3.300758810022736,D:\Research\research-experiments\industrial-anomaly-detection\data\mvtec_ad\screw\ground_truth\thread_top\013_mask.png,3005,0.0028657913208007812,-5.854910415285898
screw,thread_top,D:\Research\research-experiments\industrial-anomaly-detection\data\mvtec_ad\screw\test\thread_top\014.png,2,layer2,0.75,0,1,39.811222076416016,29.295891971122927,2.0148871437066087,5.218818402875394,D:\Research\research-experiments\industrial-anomaly-detection\data\mvtec_ad\screw\ground_truth\thread_top\014_mask.png,4905,0.004677772521972656,-5.364933025422503
screw,thread_top,D:\Research\research-experiments\industrial-anomaly-detection\data\mvtec_ad\screw\test\thread_top\015.png,2,layer2,0.75,0,1,34.894039154052734,29.295891971122927,2.0148871437066087,2.7783924277919576,D:\Research\research-experiments\industrial-anomaly-detection\data\mvtec_ad\screw\ground_truth\thread_top\015_mask.png,3769,0.0035943984985351562,-5.628378339721143
screw,thread_top,D:\Research\research-experiments\industrial-anomaly-detection\data\mvtec_ad\screw\test\thread_top\016.png,2,layer2,0.75,0,1,37.41455841064453,29.295891971122927,2.0148871437066087,4.02934053397473,D:\Research\research-experiments\industrial-anomaly-detection\data\mvtec_ad\screw\ground_truth\thread_top\016_mask.png,4124,0.003932952880859375,-5.538364511800206
screw,thread_top,D:\Research\research-experiments\industrial-anomaly-detection\data\mvtec_ad\screw\test\thread_top\017.png,2,layer2,0.75,0,1,35.014129638671875,29.295891971122927,2.0148871437066087,2.837994021357253,D:\Research\research-experiments\industrial-anomaly-detection\data\mvtec_ad\screw\ground_truth\thread_top\017_mask.png,1161,0.0011072158813476562,-6.805905726335187
screw,thread_top,D:\Research\research-experiments\industrial-anomaly-detection\data\mvtec_ad\screw\test\thread_top\018.png,2,layer2,0.75,0,1,36.81831359863281,29.295891971122927,2.0148871437066087,3.73342082756633,D:\Research\research-experiments\industrial-anomaly-detection\data\mvtec_ad\screw\ground_truth\thread_top\018_mask.png,5585,0.005326271057128906,-5.23510371194701
screw,thread_top,D:\Research\research-experiments\industrial-anomaly-detection\data\mvtec_ad\screw\test\thread_top\019.png,2,layer2,0.75,0,1,41.80274963378906,29.295891971122927,2.0148871437066087,6.207224906730201,D:\Research\research-experiments\industrial-anomaly-detection\data\mvtec_ad\screw\ground_truth\thread_top\019_mask.png,7792,0.0074310302734375,-4.902090631305702
screw,thread_top,D:\Research\research-experiments\industrial-anomaly-detection\data\mvtec_ad\screw\test\thread_top\020.png,2,layer2,0.75,0,1,43.43959045410156,29.295891971122927,2.0148871437066087,7.019598356739589,D:\Research\research-experiments\industrial-anomaly-detection\data\mvtec_ad\screw\ground_truth\thread_top\020_mask.png,6790,0.0064754486083984375,-5.039737236216721
screw,thread_top,D:\Research\research-experiments\industrial-anomaly-detection\data\mvtec_ad\screw\test\thread_top\021.png,2,layer2,0.75,0,1,39.379852294921875,29.295891971122927,2.0148871437066087,5.0047271160053075,D:\Research\research-experiments\industrial-anomaly-detection\data\mvtec_ad\screw\ground_truth\thread_top\021_mask.png,5326,0.0050792694091796875,-5.28258764794634
screw,thread_top,D:\Research\research-experiments\industrial-anomaly-detection\data\mvtec_ad\screw\test\thread_top\022.png,2,layer2,0.75,0,1,39.383689880371094,29.295891971122927,2.0148871437066087,5.006631731586982,D:\Research\research-experiments\industrial-anomaly-detection\data\mvtec_ad\screw\ground_truth\thread_top\022_mask.png,4004,0.003818511962890625,-5.567894208881712
screw,good,D:\Research\research-experiments\industrial-anomaly-detection\data\mvtec_ad\screw\test\good\000.png,2,layer2,1.0,1,0,30.354358673095703,30.33593498788229,2.3709908779028765,0.007770458075194718,,,,
screw,good,D:\Research\research-experiments\industrial-anomaly-detection\data\mvtec_ad\screw\test\good\001.png,2,layer2,1.0,1,0,28.797405242919922,30.33593498788229,2.3709908779028765,-0.6488973699988191,,,,
screw,good,D:\Research\research-experiments\industrial-anomaly-detection\data\mvtec_ad\screw\test\good\002.png,2,layer2,1.0,1,0,28.71595001220703,30.33593498788229,2.3709908779028765,-0.6832523021379664,,,,
screw,good,D:\Research\research-experiments\industrial-anomaly-detection\data\mvtec_ad\screw\test\good\003.png,2,layer2,1.0,1,0,32.88505935668945,30.33593498788229,2.3709908779028765,1.075130399093667,,,,
screw,good,D:\Research\research-experiments\industrial-anomaly-detection\data\mvtec_ad\screw\test\good\004.png,2,layer2,1.0,1,0,30.94916534423828,30.33593498788229,2.3709908779028765,0.2586388509846943,,,,
screw,good,D:\Research\research-experiments\industrial-anomaly-detection\data\mvtec_ad\screw\test\good\005.png,2,layer2,1.0,1,0,34.8400993347168,30.33593498788229,2.3709908779028765,1.8996970375602653,,,,
screw,good,D:\Research\research-experiments\industrial-anomaly-detection\data\mvtec_ad\screw\test\good\006.png,2,layer2,1.0,1,0,29.321266174316406,30.33593498788229,2.3709908779028765,-0.42795137805985584,,,,
screw,good,D:\Research\research-experiments\industrial-anomaly-detection\data\mvtec_ad\screw\test\good\007.png,2,layer2,1.0,1,0,31.99248695373535,30.33593498788229,2.3709908779028765,0.6986749638270517,,,,
screw,good,D:\Research\research-experiments\industrial-anomaly-detection\data\mvtec_ad\screw\test\good\008.png,2,layer2,1.0,1,0,31.840131759643555,30.33593498788229,2.3709908779028765,0.6344169375681933,,,,
screw,good,D:\Research\research-experiments\industrial-anomaly-detection\data\mvtec_ad\screw\test\good\009.png,2,layer2,1.0,1,0,31.563663482666016,30.33593498788229,2.3709908779028765,0.517812407557486,,,,
screw,good,D:\Research\research-experiments\industrial-anomaly-detection\data\mvtec_ad\screw\test\good\010.png,2,layer2,1.0,1,0,32.43797302246094,30.33593498788229,2.3709908779028765,0.8865652137969778,,,,
screw,good,D:\Research\research-experiments\industrial-anomaly-detection\data\mvtec_ad\screw\test\good\011.png,2,layer2,1.0,1,0,30.628881454467773,30.33593498788229,2.3709908779028765,0.1235544469258324,,,,
screw,good,D:\Research\research-experiments\industrial-anomaly-detection\data\mvtec_ad\screw\test\good\012.png,2,layer2,1.0,1,0,30.367584228515625,30.33593498788229,2.3709908779028765,0.013348529059432237,,,,
screw,good,D:\Research\research-experiments\industrial-anomaly-detection\data\mvtec_ad\screw\test\good\013.png,2,layer2,1.0,1,0,28.20844078063965,30.33593498788229,2.3709908779028765,-0.8973017260717568,,,,
screw,good,D:\Research\research-experiments\industrial-anomaly-detection\data\mvtec_ad\screw\test\good\014.png,2,layer2,1.0,1,0,36.0721435546875,30.33593498788229,2.3709908779028765,2.4193296651899576,,,,
screw,good,D:\Research\research-experiments\industrial-anomaly-detection\data\mvtec_ad\screw\test\good\015.png,2,layer2,1.0,1,0,30.772518157958984,30.33593498788229,2.3709908779028765,0.18413532255461446,,,,
screw,good,D:\Research\research-experiments\industrial-anomaly-detection\data\mvtec_ad\screw\test\good\016.png,2,layer2,1.0,1,0,28.159000396728516,30.33593498788229,2.3709908779028765,-0.9181539294150538,,,,
screw,good,D:\Research\research-experiments\industrial-anomaly-detection\data\mvtec_ad\screw\test\good\017.png,2,layer2,1.0,1,0,26.762739181518555,30.33593498788229,2.3709908779028765,-1.5070474710236759,,,,
screw,good,D:\Research\research-experiments\industrial-anomaly-detection\data\mvtec_ad\screw\test\good\018.png,2,layer2,1.0,1,0,28.43235206604004,30.33593498788229,2.3709908779028765,-0.8028638741646933,,,,
screw,good,D:\Research\research-experiments\industrial-anomaly-detection\data\mvtec_ad\screw\test\good\019.png,2,layer2,1.0,1,0,31.321157455444336,30.33593498788229,2.3709908779028765,0.41553195195481646,,,,
screw,good,D:\Research\research-experiments\industrial-anomaly-detection\data\mvtec_ad\screw\test\good\020.png,2,layer2,1.0,1,0,29.24591827392578,30.33593498788229,2.3709908779028765,-0.4597304545180789,,,,
screw,good,D:\Research\research-experiments\industrial-anomaly-detection\data\mvtec_ad\screw\test\good\021.png,2,layer2,1.0,1,0,28.78031349182129,30.33593498788229,2.3709908779028765,-0.6561060654256654,,,,
screw,good,D:\Research\research-experiments\industrial-anomaly-detection\data\mvtec_ad\screw\test\good\022.png,2,layer2,1.0,1,0,34.90218734741211,30.33593498788229,2.3709908779028765,1.925883562896132,,,,
screw,good,D:\Research\research-experiments\industrial-anomaly-detection\data\mvtec_ad\screw\test\good\023.png,2,layer2,1.0,1,0,30.319263458251953,30.33593498788229,2.3709908779028765,-0.007031460890765813,,,,
screw,good,D:\Research\research-experiments\industrial-anomaly-detection\data\mvtec_ad\screw\test\good\024.png,2,layer2,1.0,1,0,32.157249450683594,30.33593498788229,2.3709908779028765,0.7681659511116479,,,,
screw,good,D:\Research\research-experiments\industrial-anomaly-detection\data\mvtec_ad\screw\test\good\025.png,2,layer2,1.0,1,0,33.000267028808594,30.33593498788229,2.3709908779028765,1.1237209159079034,,,,
screw,good,D:\Research\research-experiments\industrial-anomaly-detection\data\mvtec_ad\screw\test\good\026.png,2,layer2,1.0,1,0,30.7434024810791,30.33593498788229,2.3709908779028765,0.17185536097769122,,,,
screw,good,D:\Research\research-experiments\industrial-anomaly-detection\data\mvtec_ad\screw\test\good\027.png,2,layer2,1.0,1,0,32.3707160949707,30.33593498788229,2.3709908779028765,0.8581986232221027,,,,
screw,good,D:\Research\research-experiments\industrial-anomaly-detection\data\mvtec_ad\screw\test\good\028.png,2,layer2,1.0,1,0,25.774883270263672,30.33593498788229,2.3709908779028765,-1.923690116282874,,,,
screw,good,D:\Research\research-experiments\industrial-anomaly-detection\data\mvtec_ad\screw\test\good\029.png,2,layer2,1.0,1,0,28.64439582824707,30.33593498788229,2.3709908779028765,-0.7134313233340539,,,,
screw,good,D:\Research\research-experiments\industrial-anomaly-detection\data\mvtec_ad\screw\test\good\030.png,2,layer2,1.0,1,0,29.302288055419922,30.33593498788229,2.3709908779028765,-0.43595567663112256,,,,
screw,good,D:\Research\research-experiments\industrial-anomaly-detection\data\mvtec_ad\screw\test\good\031.png,2,layer2,1.0,1,0,28.58901596069336,30.33593498788229,2.3709908779028765,-0.736788590571916,,,,
screw,good,D:\Research\research-experiments\industrial-anomaly-detection\data\mvtec_ad\screw\test\good\032.png,2,layer2,1.0,1,0,28.890384674072266,30.33593498788229,2.3709908779028765,-0.6096819381644363,,,,
screw,good,D:\Research\research-experiments\industrial-anomaly-detection\data\mvtec_ad\screw\test\good\033.png,2,layer2,1.0,1,0,26.477779388427734,30.33593498788229,2.3709908779028765,-1.6272334218624513,,,,
screw,good,D:\Research\research-experiments\industrial-anomaly-detection\data\mvtec_ad\screw\test\good\034.png,2,layer2,1.0,1,0,29.779726028442383,30.33593498788229,2.3709908779028765,-0.2345892447852307,,,,
screw,good,D:\Research\research-experiments\industrial-anomaly-detection\data\mvtec_ad\screw\test\good\035.png,2,layer2,1.0,1,0,35.116878509521484,30.33593498788229,2.3709908779028765,2.01643269326616,,,,
screw,good,D:\Research\research-experiments\industrial-anomaly-detection\data\mvtec_ad\screw\test\good\036.png,2,layer2,1.0,1,0,28.005037307739258,30.33593498788229,2.3709908779028765,-0.9830901088091462,,,,
screw,good,D:\Research\research-experiments\industrial-anomaly-detection\data\mvtec_ad\screw\test\good\037.png,2,layer2,1.0,1,0,29.826133728027344,30.33593498788229,2.3709908779028765,-0.21501612030910103,,,,
screw,good,D:\Research\research-experiments\industrial-anomaly-detection\data\mvtec_ad\screw\test\good\038.png,2,layer2,1.0,1,0,30.703672409057617,30.33593498788229,2.3709908779028765,0.15509862336568264,,,,
screw,good,D:\Research\research-experiments\industrial-anomaly-detection\data\mvtec_ad\screw\test\good\039.png,2,layer2,1.0,1,0,28.04391098022461,30.33593498788229,2.3709908779028765,-0.9666945701979918,,,,
screw,good,D:\Research\research-experiments\industrial-anomaly-detection\data\mvtec_ad\screw\test\good\040.png,2,layer2,1.0,1,0,28.677534103393555,30.33593498788229,2.3709908779028765,-0.6994547722408692,,,,
screw,manipulated_front,D:\Research\research-experiments\industrial-anomaly-detection\data\mvtec_ad\screw\test\manipulated_front\000.png,2,layer2,1.0,0,1,35.664817810058594,30.33593498788229,2.3709908779028765,2.2475340887391604,D:\Research\research-experiments\industrial-anomaly-detection\data\mvtec_ad\screw\ground_truth\manipulated_front\000_mask.png,3806,0.0036296844482421875,-5.618609287836806
screw,manipulated_front,D:\Research\research-experiments\industrial-anomaly-detection\data\mvtec_ad\screw\test\manipulated_front\001.png,2,layer2,1.0,0,1,34.926143646240234,30.33593498788229,2.3709908779028765,1.9359874814946354,D:\Research\research-experiments\industrial-anomaly-detection\data\mvtec_ad\screw\ground_truth\manipulated_front\001_mask.png,2866,0.0027332305908203125,-5.902270636943445
screw,manipulated_front,D:\Research\research-experiments\industrial-anomaly-detection\data\mvtec_ad\screw\test\manipulated_front\002.png,2,layer2,1.0,0,1,33.09612274169922,30.33593498788229,2.3709908779028765,1.1641494615358006,D:\Research\research-experiments\industrial-anomaly-detection\data\mvtec_ad\screw\ground_truth\manipulated_front\002_mask.png,2520,0.00240325927734375,-6.030929014591936
screw,manipulated_front,D:\Research\research-experiments\industrial-anomaly-detection\data\mvtec_ad\screw\test\manipulated_front\003.png,2,layer2,1.0,0,1,41.785099029541016,30.33593498788229,2.3709908779028765,4.828851999542666,D:\Research\research-experiments\industrial-anomaly-detection\data\mvtec_ad\screw\ground_truth\manipulated_front\003_mask.png,4826,0.0046024322509765625,-5.381170147737533
screw,manipulated_front,D:\Research\research-experiments\industrial-anomaly-detection\data\mvtec_ad\screw\test\manipulated_front\004.png,2,layer2,1.0,0,1,39.03155517578125,30.33593498788229,2.3709908779028765,3.6675046998030503,D:\Research\research-experiments\industrial-anomaly-detection\data\mvtec_ad\screw\ground_truth\manipulated_front\004_mask.png,2245,0.0021409988403320312,-6.146482343950946
screw,manipulated_front,D:\Research\research-experiments\industrial-anomaly-detection\data\mvtec_ad\screw\test\manipulated_front\005.png,2,layer2,1.0,0,1,37.77338790893555,30.33593498788229,2.3709908779028765,3.13685429596913,D:\Research\research-experiments\industrial-anomaly-detection\data\mvtec_ad\screw\ground_truth\manipulated_front\005_mask.png,3304,0.00315093994140625,-5.76005415919247
screw,manipulated_front,D:\Research\research-experiments\industrial-anomaly-detection\data\mvtec_ad\screw\test\manipulated_front\006.png,2,layer2,1.0,0,1,35.89869689941406,30.33593498788229,2.3709908779028765,2.346176007413404,D:\Research\research-experiments\industrial-anomaly-detection\data\mvtec_ad\screw\ground_truth\manipulated_front\006_mask.png,3633,0.0034646987915039062,-5.665129290352367
screw,manipulated_front,D:\Research\research-experiments\industrial-anomaly-detection\data\mvtec_ad\screw\test\manipulated_front\007.png,2,layer2,1.0,0,1,38.64854049682617,30.33593498788229,2.3709908779028765,3.505962670044652,D:\Research\research-experiments\industrial-anomaly-detection\data\mvtec_ad\screw\ground_truth\manipulated_front\007_mask.png,4911,0.004683494567871094,-5.363710531643903
screw,manipulated_front,D:\Research\research-experiments\industrial-anomaly-detection\data\mvtec_ad\screw\test\manipulated_front\008.png,2,layer2,1.0,0,1,38.23729705810547,30.33593498788229,2.3709908779028765,3.3325147489440674,D:\Research\research-experiments\industrial-anomaly-detection\data\mvtec_ad\screw\ground_truth\manipulated_front\008_mask.png,3808,0.003631591796875,-5.618083939926343
screw,manipulated_front,D:\Research\research-experiments\industrial-anomaly-detection\data\mvtec_ad\screw\test\manipulated_front\009.png,2,layer2,1.0,0,1,36.299713134765625,30.33593498788229,2.3709908779028765,2.515310456258799,D:\Research\research-experiments\industrial-anomaly-detection\data\mvtec_ad\screw\ground_truth\manipulated_front\009_mask.png,6709,0.006398200988769531,-5.051738267342097
screw,manipulated_front,D:\Research\research-experiments\industrial-anomaly-detection\data\mvtec_ad\screw\test\manipulated_front\010.png,2,layer2,1.0,0,1,36.196468353271484,30.33593498788229,2.3709908779028765,2.471765463126873,D:\Research\research-experiments\industrial-anomaly-detection\data\mvtec_ad\screw\ground_truth\manipulated_front\010_mask.png,3690,0.0035190582275390625,-5.649561589997436
screw,manipulated_front,D:\Research\research-experiments\industrial-anomaly-detection\data\mvtec_ad\screw\test\manipulated_front\011.png,2,layer2,1.0,0,1,35.16035079956055,30.33593498788229,2.3709908779028765,2.034767765933126,D:\Research\research-experiments\industrial-anomaly-detection\data\mvtec_ad\screw\ground_truth\manipulated_front\011_mask.png,3133,0.0029878616333007812,-5.813196985559251
screw,manipulated_front,D:\Research\research-experiments\industrial-anomaly-detection\data\mvtec_ad\screw\test\manipulated_front\012.png,2,layer2,1.0,0,1,31.472745895385742,30.33593498788229,2.3709908779028765,0.4794665884623534,D:\Research\research-experiments\industrial-anomaly-detection\data\mvtec_ad\screw\ground_truth\manipulated_front\012_mask.png,1695,0.0016164779663085938,-6.427504972755639
screw,manipulated_front,D:\Research\research-experiments\industrial-anomaly-detection\data\mvtec_ad\screw\test\manipulated_front\013.png,2,layer2,1.0,0,1,38.072265625,30.33593498788229,2.3709908779028765,3.262910333910874,D:\Research\research-experiments\industrial-anomaly-detection\data\mvtec_ad\screw\ground_truth\manipulated_front\013_mask.png,3133,0.0029878616333007812,-5.813196985559251
screw,manipulated_front,D:\Research\research-experiments\industrial-anomaly-detection\data\mvtec_ad\screw\test\manipulated_front\014.png,2,layer2,1.0,0,1,37.04433822631836,30.33593498788229,2.3709908779028765,2.829366954110596,D:\Research\research-experiments\industrial-anomaly-detection\data\mvtec_ad\screw\ground_truth\manipulated_front\014_mask.png,3315,0.0031614303588867188,-5.7567303922664745
screw,manipulated_front,D:\Research\research-experiments\industrial-anomaly-detection\data\mvtec_ad\screw\test\manipulated_front\015.png,2,layer2,1.0,0,1,37.30288314819336,30.33593498788229,2.3709908779028765,2.938412047571133,D:\Research\research-experiments\industrial-anomaly-detection\data\mvtec_ad\screw\ground_truth\manipulated_front\015_mask.png,4777,0.004555702209472656,-5.39137537830384
screw,manipulated_front,D:\Research\research-experiments\industrial-anomaly-detection\data\mvtec_ad\screw\test\manipulated_front\016.png,2,layer2,1.0,0,1,40.06459426879883,30.33593498788229,2.3709908779028765,4.103204011278805,D:\Research\research-experiments\industrial-anomaly-detection\data\mvtec_ad\screw\ground_truth\manipulated_front\016_mask.png,7016,0.00669097900390625,-5.006994927691938
screw,manipulated_front,D:\Research\research-experiments\industrial-anomaly-detection\data\mvtec_ad\screw\test\manipulated_front\017.png,2,layer2,1.0,0,1,33.2341194152832,30.33593498788229,2.3709908779028765,1.2223515722524987,D:\Research\research-experiments\industrial-anomaly-detection\data\mvtec_ad\screw\ground_truth\manipulated_front\017_mask.png,1443,0.0013761520385742188,-6.5884633257614045
screw,manipulated_front,D:\Research\research-experiments\industrial-anomaly-detection\data\mvtec_ad\screw\test\manipulated_front\018.png,2,layer2,1.0,0,1,37.001617431640625,30.33593498788229,2.3709908779028765,2.8113488355780096,D:\Research\research-experiments\industrial-anomaly-detection\data\mvtec_ad\screw\ground_truth\manipulated_front\018_mask.png,2756,0.002628326416015625,-5.941407598595183
screw,manipulated_front,D:\Research\research-experiments\industrial-anomaly-detection\data\mvtec_ad\screw\test\manipulated_front\019.png,2,layer2,1.0,0,1,33.24080276489258,30.33593498788229,2.3709908779028765,1.225170372472973,D:\Research\research-experiments\industrial-anomaly-detection\data\mvtec_ad\screw\ground_truth\manipulated_front\019_mask.png,1771,0.0016889572143554688,-6.383643381334938
screw,manipulated_front,D:\Research\research-experiments\industrial-anomaly-detection\data\mvtec_ad\screw\test\manipulated_front\020.png,2,layer2,1.0,0,1,31.680145263671875,30.33593498788229,2.3709908779028765,0.5669402983863562,D:\Research\research-experiments\industrial-anomaly-detection\data\mvtec_ad\screw\ground_truth\manipulated_front\020_mask.png,1359,0.0012960433959960938,-6.648438425468958
screw,manipulated_front,D:\Research\research-experiments\industrial-anomaly-detection\data\mvtec_ad\screw\test\manipulated_front\021.png,2,layer2,1.0,0,1,31.190597534179688,30.33593498788229,2.3709908779028765,0.3604664000450902,D:\Research\research-experiments\industrial-anomaly-detection\data\mvtec_ad\screw\ground_truth\manipulated_front\021_mask.png,1537,0.0014657974243164062,-6.525355185438031
screw,manipulated_front,D:\Research\research-experiments\industrial-anomaly-detection\data\mvtec_ad\screw\test\manipulated_front\022.png,2,layer2,1.0,0,1,32.537025451660156,30.33593498788229,2.3709908779028765,0.928342021174166,D:\Research\research-experiments\industrial-anomaly-detection\data\mvtec_ad\screw\ground_truth\manipulated_front\022_mask.png,1506,0.0014362335205078125,-6.5457305065737055
screw,manipulated_front,D:\Research\research-experiments\industrial-anomaly-detection\data\mvtec_ad\screw\test\manipulated_front\023.png,2,layer2,1.0,0,1,32.78882598876953,30.33593498788229,2.3709908779028765,1.0345425719464618,D:\Research\research-experiments\industrial-anomaly-detection\data\mvtec_ad\screw\ground_truth\manipulated_front\023_mask.png,2523,0.0024061203002929688,-6.0297392469511175
screw,scratch_head,D:\Research\research-experiments\industrial-anomaly-detection\data\mvtec_ad\screw\test\scratch_head\000.png,2,layer2,1.0,0,1,41.91651153564453,30.33593498788229,2.3709908779028765,4.884277141549011,D:\Research\research-experiments\industrial-anomaly-detection\data\mvtec_ad\screw\ground_truth\scratch_head\000_mask.png,2767,0.0026388168334960938,-5.937424252454337
screw,scratch_head,D:\Research\research-experiments\industrial-anomaly-detection\data\mvtec_ad\screw\test\scratch_head\001.png,2,layer2,1.0,0,1,40.69806671142578,30.33593498788229,2.3709908779028765,4.370380257518628,D:\Research\research-experiments\industrial-anomaly-detection\data\mvtec_ad\screw\ground_truth\scratch_head\001_mask.png,3019,0.0028791427612304688,-5.850262334166524
screw,scratch_head,D:\Research\research-experiments\industrial-anomaly-detection\data\mvtec_ad\screw\test\scratch_head\002.png,2,layer2,1.0,0,1,37.3710823059082,30.33593498788229,2.3709908779028765,2.9671760374921594,D:\Research\research-experiments\industrial-anomaly-detection\data\mvtec_ad\screw\ground_truth\scratch_head\002_mask.png,3012,0.002872467041015625,-5.852583674146381
screw,scratch_head,D:\Research\research-experiments\industrial-anomaly-detection\data\mvtec_ad\screw\test\scratch_head\003.png,2,layer2,1.0,0,1,34.116455078125,30.33593498788229,2.3709908779028765,1.5944895130033363,D:\Research\research-experiments\industrial-anomaly-detection\data\mvtec_ad\screw\ground_truth\scratch_head\003_mask.png,1741,0.0016603469848632812,-6.400728069147154
screw,scratch_head,D:\Research\research-experiments\industrial-anomaly-detection\data\mvtec_ad\screw\test\scratch_head\004.png,2,layer2,1.0,0,1,37.2406005859375,30.33593498788229,2.3709908779028765,2.9121434681192593,D:\Research\research-experiments\industrial-anomaly-detection\data\mvtec_ad\screw\ground_truth\scratch_head\004_mask.png,2981,0.0028429031372070312,-5.8629291657677935
screw,scratch_head,D:\Research\research-experiments\industrial-anomaly-detection\data\mvtec_ad\screw\test\scratch_head\005.png,2,layer2,1.0,0,1,37.64212417602539,30.33593498788229,2.3709908779028765,3.0814919012279667,D:\Research\research-experiments\industrial-anomaly-detection\data\mvtec_ad\screw\ground_truth\scratch_head\005_mask.png,1355,0.0012922286987304688,-6.651386104028578
screw,scratch_head,D:\Research\research-experiments\industrial-anomaly-detection\data\mvtec_ad\screw\test\scratch_head\006.png,2,layer2,1.0,0,1,36.03099822998047,30.33593498788229,2.3709908779028765,2.4019760241066046,D:\Research\research-experiments\industrial-anomaly-detection\data\mvtec_ad\screw\ground_truth\scratch_head\006_mask.png,2586,0.0024662017822265625,-6.00507564638536
screw,scratch_head,D:\Research\research-experiments\industrial-anomaly-detection\data\mvtec_ad\screw\test\scratch_head\007.png,2,layer2,1.0,0,1,38.18341827392578,30.33593498788229,2.3709908779028765,3.309790585522847,D:\Research\research-experiments\industrial-anomaly-detection\data\mvtec_ad\screw\ground_truth\scratch_head\007_mask.png,2707,0.0025815963745117188,-5.959346934227458
screw,scratch_head,D:\Research\research-experiments\industrial-anomaly-detection\data\mvtec_ad\screw\test\scratch_head\008.png,2,layer2,1.0,0,1,39.39194107055664,30.33593498788229,2.3709908779028765,3.8195027096368754,D:\Research\research-experiments\industrial-anomaly-detection\data\mvtec_ad\screw\ground_truth\scratch_head\008_mask.png,3009,0.0028696060180664062,-5.853580186089028
screw,scratch_head,D:\Research\research-experiments\industrial-anomaly-detection\data\mvtec_ad\screw\test\scratch_head\009.png,2,layer2,1.0,0,1,39.09202194213867,30.33593498788229,2.3709908779028765,3.6930074408388593,D:\Research\research-experiments\industrial-anomaly-detection\data\mvtec_ad\screw\ground_truth\scratch_head\009_mask.png,3278,0.0031261444091796875,-5.767954532012327
screw,scratch_head,D:\Research\research-experiments\industrial-anomaly-detection\data\mvtec_ad\screw\test\scratch_head\010.png,2,layer2,1.0,0,1,39.099952697753906,30.33593498788229,2.3709908779028765,3.696352352744319,D:\Research\research-experiments\industrial-anomaly-detection\data\mvtec_ad\screw\ground_truth\scratch_head\010_mask.png,2213,0.0021104812622070312,-6.160838797322393
screw,scratch_head,D:\Research\research-experiments\industrial-anomaly-detection\data\mvtec_ad\screw\test\scratch_head\011.png,2,layer2,1.0,0,1,43.4707145690918,30.33593498788229,2.3709908779028765,5.539784949669279,D:\Research\research-experiments\industrial-anomaly-detection\data\mvtec_ad\screw\ground_truth\scratch_head\011_mask.png,2801,0.0026712417602539062,-5.925211461581139
screw,scratch_head,D:\Research\research-experiments\industrial-anomaly-detection\data\mvtec_ad\screw\test\scratch_head\012.png,2,layer2,1.0,0,1,40.49661636352539,30.33593498788229,2.3709908779028765,4.285415633749779,D:\Research\research-experiments\industrial-anomaly-detection\data\mvtec_ad\screw\ground_truth\scratch_head\012_mask.png,3541,0.0033769607543945312,-5.690778862962787
screw,scratch_head,D:\Research\research-experiments\industrial-anomaly-detection\data\mvtec_ad\screw\test\scratch_head\013.png,2,layer2,1.0,0,1,39.43407440185547,30.33593498788229,2.3709908779028765,3.8372730569172053,D:\Research\research-experiments\industrial-anomaly-detection\data\mvtec_ad\screw\ground_truth\scratch_head\013_mask.png,1953,0.0018625259399414062,-6.285821143417097
screw,scratch_head,D:\Research\research-experiments\industrial-anomaly-detection\data\mvtec_ad\screw\test\scratch_head\014.png,2,layer2,1.0,0,1,33.33110809326172,30.33593498788229,2.3709908779028765,1.2632579624383191,D:\Research\research-experiments\industrial-anomaly-detection\data\mvtec_ad\screw\ground_truth\scratch_head\014_mask.png,2388,0.002277374267578125,-6.084731697584332
screw,scratch_head,D:\Research\research-experiments\industrial-anomaly-detection\data\mvtec_ad\screw\test\scratch_head\015.png,2,layer2,1.0,0,1,44.355674743652344,30.33593498788229,2.3709908779028765,5.913029816534093,D:\Research\research-experiments\industrial-anomaly-detection\data\mvtec_ad\screw\ground_truth\scratch_head\015_mask.png,3545,0.0033807754516601562,-5.689649876442595
screw,scratch_head,D:\Research\research-experiments\industrial-anomaly-detection\data\mvtec_ad\screw\test\scratch_head\016.png,2,layer2,1.0,0,1,38.65122985839844,30.33593498788229,2.3709908779028765,3.50709694753063,D:\Research\research-experiments\industrial-anomaly-detection\data\mvtec_ad\screw\ground_truth\scratch_head\016_mask.png,2091,0.0019941329956054688,-6.217545410299332
screw,scratch_head,D:\Research\research-experiments\industrial-anomaly-detection\data\mvtec_ad\screw\test\scratch_head\017.png,2,layer2,1.0,0,1,38.64347457885742,30.33593498788229,2.3709908779028765,3.5038260452200003,D:\Research\research-experiments\industrial-anomaly-detection\data\mvtec_ad\screw\ground_truth\scratch_head\017_mask.png,2511,0.0023946762084960938,-6.034506834448417
screw,scratch_head,D:\Research\research-experiments\industrial-anomaly-detection\data\mvtec_ad\screw\test\scratch_head\018.png,2,layer2,1.0,0,1,39.11555099487305,30.33593498788229,2.3709908779028765,3.7029311621629946,D:\Research\research-experiments\industrial-anomaly-detection\data\mvtec_ad\screw\ground_truth\scratch_head\018_mask.png,3846,0.0036678314208984375,-5.608154412409553
screw,scratch_head,D:\Research\research-experiments\industrial-anomaly-detection\data\mvtec_ad\screw\test\scratch_head\019.png,2,layer2,1.0,0,1,41.263668060302734,30.33593498788229,2.3709908779028765,4.6089308796016715,D:\Research\research-experiments\industrial-anomaly-detection\data\mvtec_ad\screw\ground_truth\scratch_head\019_mask.png,2618,0.0024967193603515625,-5.992777264203549
screw,scratch_head,D:\Research\research-experiments\industrial-anomaly-detection\data\mvtec_ad\screw\test\scratch_head\020.png,2,layer2,1.0,0,1,39.046661376953125,30.33593498788229,2.3709908779028765,3.673875960575355,D:\Research\research-experiments\industrial-anomaly-detection\data\mvtec_ad\screw\ground_truth\scratch_head\020_mask.png,2465,0.0023508071899414062,-6.052996099336405
screw,scratch_head,D:\Research\research-experiments\industrial-anomaly-detection\data\mvtec_ad\screw\test\scratch_head\021.png,2,layer2,1.0,0,1,41.18995666503906,30.33593498788229,2.3709908779028765,4.577842023060448,D:\Research\research-experiments\industrial-anomaly-detection\data\mvtec_ad\screw\ground_truth\scratch_head\021_mask.png,2066,0.0019702911376953125,-6.229573453980245
screw,scratch_head,D:\Research\research-experiments\industrial-anomaly-detection\data\mvtec_ad\screw\test\scratch_head\022.png,2,layer2,1.0,0,1,33.231807708740234,30.33593498788229,2.3709908779028765,1.221376576285828,D:\Research\research-experiments\industrial-anomaly-detection\data\mvtec_ad\screw\ground_truth\scratch_head\022_mask.png,1402,0.0013370513916015625,-6.617287795690243
screw,scratch_head,D:\Research\research-experiments\industrial-anomaly-detection\data\mvtec_ad\screw\test\scratch_head\023.png,2,layer2,1.0,0,1,36.510108947753906,30.33593498788229,2.3709908779028765,2.6040479604597326,D:\Research\research-experiments\industrial-anomaly-detection\data\mvtec_ad\screw\ground_truth\scratch_head\023_mask.png,2444,0.002330780029296875,-6.061551861866596
screw,scratch_neck,D:\Research\research-experiments\industrial-anomaly-detection\data\mvtec_ad\screw\test\scratch_neck\000.png,2,layer2,1.0,0,1,37.29664611816406,30.33593498788229,2.3709908779028765,2.935781489146204,D:\Research\research-experiments\industrial-anomaly-detection\data\mvtec_ad\screw\ground_truth\scratch_neck\000_mask.png,2810,0.0026798248291015625,-5.922003475712465
screw,scratch_neck,D:\Research\research-experiments\industrial-anomaly-detection\data\mvtec_ad\screw\test\scratch_neck\001.png,2,layer2,1.0,0,1,47.96866226196289,30.33593498788229,2.3709908779028765,7.4368600227077275,D:\Research\research-experiments\industrial-anomaly-detection\data\mvtec_ad\screw\ground_truth\scratch_neck\001_mask.png,7445,0.007100105285644531,-4.947645525237824
screw,scratch_neck,D:\Research\research-experiments\industrial-anomaly-detection\data\mvtec_ad\screw\test\scratch_neck\002.png,2,layer2,1.0,0,1,34.43061447143555,30.33593498788229,2.3709908779028765,1.7269908213122145,D:\Research\research-experiments\industrial-anomaly-detection\data\mvtec_ad\screw\ground_truth\scratch_neck\002_mask.png,2926,0.0027904510498046875,-5.881551671253898
screw,scratch_neck,D:\Research\research-experiments\industrial-anomaly-detection\data\mvtec_ad\screw\test\scratch_neck\003.png,2,layer2,1.0,0,1,50.44068145751953,30.33593498788229,2.3709908779028765,8.479470189872572,D:\Research\research-experiments\industrial-anomaly-detection\data\mvtec_ad\screw\ground_truth\scratch_neck\003_mask.png,2614,0.0024929046630859375,-5.994306315876335
screw,scratch_neck,D:\Research\research-experiments\industrial-anomaly-detection\data\mvtec_ad\screw\test\scratch_neck\004.png,2,layer2,1.0,0,1,40.245201110839844,30.33593498788229,2.3709908779028765,4.1793775823052615,D:\Research\research-experiments\industrial-anomaly-detection\data\mvtec_ad\screw\ground_truth\scratch_neck\004_mask.png,3823,0.0036458969116210938,-5.6141526032216
screw,scratch_neck,D:\Research\research-experiments\industrial-anomaly-detection\data\mvtec_ad\screw\test\scratch_neck\005.png,2,layer2,1.0,0,1,32.530357360839844,30.33593498788229,2.3709908779028765,0.9255296565706335,D:\Research\research-experiments\industrial-anomaly-detection\data\mvtec_ad\screw\ground_truth\scratch_neck\005_mask.png,2145,0.0020456314086914062,-6.1920482909902885
screw,scratch_neck,D:\Research\research-experiments\industrial-anomaly-detection\data\mvtec_ad\screw\test\scratch_neck\006.png,2,layer2,1.0,0,1,43.34324264526367,30.33593498788229,2.3709908779028765,5.486021805738134,D:\Research\research-experiments\industrial-anomaly-detection\data\mvtec_ad\screw\ground_truth\scratch_neck\006_mask.png,4725,0.004506111145019531,-5.402320549350241
screw,scratch_neck,D:\Research\research-experiments\industrial-anomaly-detection\data\mvtec_ad\screw\test\scratch_neck\007.png,2,layer2,1.0,0,1,46.407310485839844,30.33593498788229,2.3709908779028765,6.7783371280502625,D:\Research\research-experiments\industrial-anomaly-detection\data\mvtec_ad\screw\ground_truth\scratch_neck\007_mask.png,3062,0.0029201507568359375,-5.836119692533263
screw,scratch_neck,D:\Research\research-experiments\industrial-anomaly-detection\data\mvtec_ad\screw\test\scratch_neck\008.png,2,layer2,1.0,0,1,55.22465515136719,30.33593498788229,2.3709908779028765,10.4971809024836,D:\Research\research-experiments\industrial-anomaly-detection\data\mvtec_ad\screw\ground_truth\scratch_neck\008_mask.png,4567,0.004355430603027344,-5.43633156841551
screw,scratch_neck,D:\Research\research-experiments\industrial-anomaly-detection\data\mvtec_ad\screw\test\scratch_neck\009.png,2,layer2,1.0,0,1,51.38203430175781,30.33593498788229,2.3709908779028765,8.876499488049754,D:\Research\research-experiments\industrial-anomaly-detection\data\mvtec_ad\screw\ground_truth\scratch_neck\009_mask.png,2582,0.0024623870849609375,-6.006623633682409
screw,scratch_neck,D:\Research\research-experiments\industrial-anomaly-detection\data\mvtec_ad\screw\test\scratch_neck\010.png,2,layer2,1.0,0,1,41.3935432434082,30.33593498788229,2.3709908779028765,4.663707633201138,D:\Research\research-experiments\industrial-anomaly-detection\data\mvtec_ad\screw\ground_truth\scratch_neck\010_mask.png,4609,0.004395484924316406,-5.42717719097224
screw,scratch_neck,D:\Research\research-experiments\industrial-anomaly-detection\data\mvtec_ad\screw\test\scratch_neck\011.png,2,layer2,1.0,0,1,36.99045944213867,30.33593498788229,2.3709908779028765,2.806642790689376,D:\Research\research-experiments\industrial-anomaly-detection\data\mvtec_ad\screw\ground_truth\scratch_neck\011_mask.png,1637,0.0015611648559570312,-6.462322393280634
screw,scratch_neck,D:\Research\research-experiments\industrial-anomaly-detection\data\mvtec_ad\screw\test\scratch_neck\012.png,2,layer2,1.0,0,1,38.603939056396484,30.33593498788229,2.3709908779028765,3.4871513617239986,D:\Research\research-experiments\industrial-anomaly-detection\data\mvtec_ad\screw\ground_truth\scratch_neck\012_mask.png,3583,0.0034170150756835938,-5.6789876012409115
screw,scratch_neck,D:\Research\research-experiments\industrial-anomaly-detection\data\mvtec_ad\screw\test\scratch_neck\013.png,2,layer2,1.0,0,1,42.351348876953125,30.33593498788229,2.3709908779028765,5.0676761353457325,D:\Research\research-experiments\industrial-anomaly-detection\data\mvtec_ad\screw\ground_truth\scratch_neck\013_mask.png,3198,0.0030498504638671875,-5.792662389920133
screw,scratch_neck,D:\Research\research-experiments\industrial-anomaly-detection\data\mvtec_ad\screw\test\scratch_neck\014.png,2,layer2,1.0,0,1,45.96650695800781,30.33593498788229,2.3709908779028765,6.592421808029327,D:\Research\research-experiments\industrial-anomaly-detection\data\mvtec_ad\screw\ground_truth\scratch_neck\014_mask.png,2981,0.0028429031372070312,-5.8629291657677935
screw,scratch_neck,D:\Research\research-experiments\industrial-anomaly-detection\data\mvtec_ad\screw\test\scratch_neck\015.png,2,layer2,1.0,0,1,47.387535095214844,30.33593498788229,2.3709908779028765,7.1917611603864815,D:\Research\research-experiments\industrial-anomaly-detection\data\mvtec_ad\screw\ground_truth\scratch_neck\015_mask.png,3017,0.0028772354125976562,-5.850925024484055
screw,scratch_neck,D:\Research\research-experiments\industrial-anomaly-detection\data\mvtec_ad\screw\test\scratch_neck\016.png,2,layer2,1.0,0,1,49.16787338256836,30.33593498788229,2.3709908779028765,7.94264481158307,D:\Research\research-experiments\industrial-anomaly-detection\data\mvtec_ad\screw\ground_truth\scratch_neck\016_mask.png,3955,0.0037717819213867188,-5.580207465870512
screw,scratch_neck,D:\Research\research-experiments\industrial-anomaly-detection\data\mvtec_ad\screw\test\scratch_neck\017.png,2,layer2,1.0,0,1,40.70106887817383,30.33593498788229,2.3709908779028765,4.371646465151912,D:\Research\research-experiments\industrial-anomaly-detection\data\mvtec_ad\screw\ground_truth\scratch_neck\017_mask.png,3813,0.0036363601684570312,-5.6167717763411185
screw,scratch_neck,D:\Research\research-experiments\industrial-anomaly-detection\data\mvtec_ad\screw\test\scratch_neck\018.png,2,layer2,1.0,0,1,45.31767654418945,30.33593498788229,2.3709908779028765,6.3187681133376605,D:\Research\research-experiments\industrial-anomaly-detection\data\mvtec_ad\screw\ground_truth\scratch_neck\018_mask.png,3269,0.0031175613403320312,-5.770703883711211
screw,scratch_neck,D:\Research\research-experiments\industrial-anomaly-detection\data\mvtec_ad\screw\test\scratch_neck\019.png,2,layer2,1.0,0,1,43.28961181640625,30.33593498788229,2.3709908779028765,5.463402221092217,D:\Research\research-experiments\industrial-anomaly-detection\data\mvtec_ad\screw\ground_truth\scratch_neck\019_mask.png,4108,0.003917694091796875,-5.542251784898299
screw,scratch_neck,D:\Research\research-experiments\industrial-anomaly-detection\data\mvtec_ad\screw\test\scratch_neck\020.png,2,layer2,1.0,0,1,49.027870178222656,30.33593498788229,2.3709908779028765,7.883596417238535,D:\Research\research-experiments\industrial-anomaly-detection\data\mvtec_ad\screw\ground_truth\scratch_neck\020_mask.png,7369,0.007027626037597656,-4.957906178136354
screw,scratch_neck,D:\Research\research-experiments\industrial-anomaly-detection\data\mvtec_ad\screw\test\scratch_neck\021.png,2,layer2,1.0,0,1,36.08441162109375,30.33593498788229,2.3709908779028765,2.4245039012111023,D:\Research\research-experiments\industrial-anomaly-detection\data\mvtec_ad\screw\ground_truth\scratch_neck\021_mask.png,2687,0.0025625228881835938,-5.966762612343074
screw,scratch_neck,D:\Research\research-experiments\industrial-anomaly-detection\data\mvtec_ad\screw\test\scratch_neck\022.png,2,layer2,1.0,0,1,38.8016242980957,30.33593498788229,2.3709908779028765,3.5705279970124777,D:\Research\research-experiments\industrial-anomaly-detection\data\mvtec_ad\screw\ground_truth\scratch_neck\022_mask.png,1033,0.0009851455688476562,-6.92272012700137
screw,scratch_neck,D:\Research\research-experiments\industrial-anomaly-detection\data\mvtec_ad\screw\test\scratch_neck\023.png,2,layer2,1.0,0,1,38.31735610961914,30.33593498788229,2.3709908779028765,3.366280822133047,D:\Research\research-experiments\industrial-anomaly-detection\data\mvtec_ad\screw\ground_truth\scratch_neck\023_mask.png,1717,0.0016374588012695312,-6.4146091395992295
screw,scratch_neck,D:\Research\research-experiments\industrial-anomaly-detection\data\mvtec_ad\screw\test\scratch_neck\024.png,2,layer2,1.0,0,1,48.432437896728516,30.33593498788229,2.3709908779028765,7.632464164034425,D:\Research\research-experiments\industrial-anomaly-detection\data\mvtec_ad\screw\ground_truth\scratch_neck\024_mask.png,3240,0.00308990478515625,-5.779614678778016
screw,thread_side,D:\Research\research-experiments\industrial-anomaly-detection\data\mvtec_ad\screw\test\thread_side\000.png,2,layer2,1.0,0,1,30.385290145874023,30.33593498788229,2.3709908779028765,0.020816258068182866,D:\Research\research-experiments\industrial-anomaly-detection\data\mvtec_ad\screw\ground_truth\thread_side\000_mask.png,1580,0.001506805419921875,-6.497762821522418
screw,thread_side,D:\Research\research-experiments\industrial-anomaly-detection\data\mvtec_ad\screw\test\thread_side\001.png,2,layer2,1.0,0,1,32.92548751831055,30.33593498788229,2.3709908779028765,1.0921815661807592,D:\Research\research-experiments\industrial-anomaly-detection\data\mvtec_ad\screw\ground_truth\thread_side\001_mask.png,6009,0.005730628967285156,-5.161929812364078
screw,thread_side,D:\Research\research-experiments\industrial-anomaly-detection\data\mvtec_ad\screw\test\thread_side\002.png,2,layer2,1.0,0,1,33.272499084472656,30.33593498788229,2.3709908779028765,1.238538757765165,D:\Research\research-experiments\industrial-anomaly-detection\data\mvtec_ad\screw\ground_truth\thread_side\002_mask.png,2302,0.0021953582763671875,-6.121409566410666
screw,thread_side,D:\Research\research-experiments\industrial-anomaly-detection\data\mvtec_ad\screw\test\thread_side\003.png,2,layer2,1.0,0,1,31.97374725341797,30.33593498788229,2.3709908779028765,0.6907712217704994,D:\Research\research-experiments\industrial-anomaly-detection\data\mvtec_ad\screw\ground_truth\thread_side\003_mask.png,2047,0.0019521713256835938,-6.238812513287626
screw,thread_side,D:\Research\research-experiments\industrial-anomaly-detection\data\mvtec_ad\screw\test\thread_side\004.png,2,layer2,1.0,0,1,33.76714324951172,30.33593498788229,2.3709908779028765,1.447162152164966,D:\Research\research-experiments\industrial-anomaly-detection\data\mvtec_ad\screw\ground_truth\thread_side\004_mask.png,1460,0.001392364501953125,-6.576751178294042
screw,thread_side,D:\Research\research-experiments\industrial-anomaly-detection\data\mvtec_ad\screw\test\thread_side\005.png,2,layer2,1.0,0,1,36.025753021240234,30.33593498788229,2.3709908779028765,2.3997637807828873,D:\Research\research-experiments\industrial-anomaly-detection\data\mvtec_ad\screw\ground_truth\thread_side\005_mask.png,2721,0.0025949478149414062,-5.95418848705153
screw,thread_side,D:\Research\research-experiments\industrial-anomaly-detection\data\mvtec_ad\screw\test\thread_side\006.png,2,layer2,1.0,0,1,32.4245491027832,30.33593498788229,2.3709908779028765,0.8809034797924978,D:\Research\research-experiments\industrial-anomaly-detection\data\mvtec_ad\screw\ground_truth\thread_side\006_mask.png,4696,0.00447845458984375,-5.408477026399687
screw,thread_side,D:\Research\research-experiments\industrial-anomaly-detection\data\mvtec_ad\screw\test\thread_side\007.png,2,layer2,1.0,0,1,36.672203063964844,30.33593498788229,2.3709908779028765,2.672413519231645,D:\Research\research-experiments\industrial-anomaly-detection\data\mvtec_ad\screw\ground_truth\thread_side\007_mask.png,3887,0.0037069320678710938,-5.597550410581862
screw,thread_side,D:\Research\research-experiments\industrial-anomaly-detection\data\mvtec_ad\screw\test\thread_side\008.png,2,layer2,1.0,0,1,32.72889709472656,30.33593498788229,2.3709908779028765,1.0092666864078488,D:\Research\research-experiments\industrial-anomaly-detection\data\mvtec_ad\screw\ground_truth\thread_side\008_mask.png,2757,0.0026292800903320312,-5.941044819842936
screw,thread_side,D:\Research\research-experiments\industrial-anomaly-detection\data\mvtec_ad\screw\test\thread_side\009.png,2,layer2,1.0,0,1,36.78857421875,30.33593498788229,2.3709908779028765,2.7214947518376875,D:\Research\research-experiments\industrial-anomaly-detection\data\mvtec_ad\screw\ground_truth\thread_side\009_mask.png,2577,0.0024576187133789062,-6.008561993648681
screw,thread_side,D:\Research\research-experiments\industrial-anomaly-detection\data\mvtec_ad\screw\test\thread_side\010.png,2,layer2,1.0,0,1,31.369016647338867,30.33593498788229,2.3709908779028765,0.43571726449252746,D:\Research\research-experiments\industrial-anomaly-detection\data\mvtec_ad\screw\ground_truth\thread_side\010_mask.png,3097,0.0029535293579101562,-5.824754092647782
screw,thread_side,D:\Research\research-experiments\industrial-anomaly-detection\data\mvtec_ad\screw\test\thread_side\011.png,2,layer2,1.0,0,1,41.53173828125,30.33593498788229,2.3709908779028765,4.721993406938079,D:\Research\research-experiments\industrial-anomaly-detection\data\mvtec_ad\screw\ground_truth\thread_side\011_mask.png,1761,0.0016794204711914062,-6.389305907259379
screw,thread_side,D:\Research\research-experiments\industrial-anomaly-detection\data\mvtec_ad\screw\test\thread_side\012.png,2,layer2,1.0,0,1,30.51151466369629,30.33593498788229,2.3709908779028765,0.07405329031434243,D:\Research\research-experiments\industrial-anomaly-detection\data\mvtec_ad\screw\ground_truth\thread_side\012_mask.png,4231,0.004034996032714844,-5.512749712647151
screw,thread_side,D:\Research\research-experiments\industrial-anomaly-detection\data\mvtec_ad\screw\test\thread_side\013.png,2,layer2,1.0,0,1,30.7271671295166,30.33593498788229,2.3709908779028765,0.16500786455169905,D:\Research\research-experiments\industrial-anomaly-detection\data\mvtec_ad\screw\ground_truth\thread_side\013_mask.png,1685,0.0016069412231445312,-6.433422146112341
screw,thread_side,D:\Research\research-experiments\industrial-anomaly-detection\data\mvtec_ad\screw\test\thread_side\014.png,2,layer2,1.0,0,1,36.88486862182617,30.33593498788229,2.3709908779028765,2.7621083214526596,D:\Research\research-experiments\industrial-anomaly-detection\data\mvtec_ad\screw\ground_truth\thread_side\014_mask.png,2720,0.002593994140625,-5.954556066403055
screw,thread_side,D:\Research\research-experiments\industrial-anomaly-detection\data\mvtec_ad\screw\test\thread_side\015.png,2,layer2,1.0,0,1,31.47138786315918,30.33593498788229,2.3709908779028765,0.4788938185545401,D:\Research\research-experiments\industrial-anomaly-detection\data\mvtec_ad\screw\ground_truth\thread_side\015_mask.png,2977,0.0028390884399414062,-5.864271897957461
screw,thread_side,D:\Research\research-experiments\industrial-anomaly-detection\data\mvtec_ad\screw\test\thread_side\016.png,2,layer2,1.0,0,1,31.98255729675293,30.33593498788229,2.3709908779028765,0.6944869861022261,D:\Research\research-experiments\industrial-anomaly-detection\data\mvtec_ad\screw\ground_truth\thread_side\016_mask.png,5564,0.005306243896484375,-5.238870869698365
screw,thread_side,D:\Research\research-experiments\industrial-anomaly-detection\data\mvtec_ad\screw\test\thread_side\017.png,2,layer2,1.0,0,1,37.130043029785156,30.33593498788229,2.3709908779028765,2.865514205568013,D:\Research\research-experiments\industrial-anomaly-detection\data\mvtec_ad\screw\ground_truth\thread_side\017_mask.png,2901,0.0027666091918945312,-5.8901324656242755
screw,thread_side,D:\Research\research-experiments\industrial-anomaly-detection\data\mvtec_ad\screw\test\thread_side\018.png,2,layer2,1.0,0,1,36.81155014038086,30.33593498788229,2.3709908779028765,2.7311851820476853,D:\Research\research-experiments\industrial-anomaly-detection\data\mvtec_ad\screw\ground_truth\thread_side\018_mask.png,2424,0.00231170654296875,-6.069768831428936
screw,thread_side,D:\Research\research-experiments\industrial-anomaly-detection\data\mvtec_ad\screw\test\thread_side\019.png,2,layer2,1.0,0,1,36.66376495361328,30.33593498788229,2.3709908779028765,2.668854623062873,D:\Research\research-experiments\industrial-anomaly-detection\data\mvtec_ad\screw\ground_truth\thread_side\019_mask.png,1207,0.0011510848999023438,-6.7670495213561015
screw,thread_side,D:\Research\research-experiments\industrial-anomaly-detection\data\mvtec_ad\screw\test\thread_side\020.png,2,layer2,1.0,0,1,33.17786407470703,30.33593498788229,2.3709908779028765,1.1986250614926053,D:\Research\research-experiments\industrial-anomaly-detection\data\mvtec_ad\screw\ground_truth\thread_side\020_mask.png,1601,0.0015268325805664062,-6.48455924325175
screw,thread_side,D:\Research\research-experiments\industrial-anomaly-detection\data\mvtec_ad\screw\test\thread_side\021.png,2,layer2,1.0,0,1,32.618350982666016,30.33593498788229,2.3709908779028765,0.9626422505693086,D:\Research\research-experiments\industrial-anomaly-detection\data\mvtec_ad\screw\ground_truth\thread_side\021_mask.png,3364,0.003208160400390625,-5.7420572784010036
screw,thread_side,D:\Research\research-experiments\industrial-anomaly-detection\data\mvtec_ad\screw\test\thread_side\022.png,2,layer2,1.0,0,1,37.11552047729492,30.33593498788229,2.3709908779028765,2.8593891071437287,D:\Research\research-experiments\industrial-anomaly-detection\data\mvtec_ad\screw\ground_truth\thread_side\022_mask.png,3904,0.00372314453125,-5.593186395075795
screw,thread_top,D:\Research\research-experiments\industrial-anomaly-detection\data\mvtec_ad\screw\test\thread_top\000.png,2,layer2,1.0,0,1,41.39181137084961,30.33593498788229,2.3709908779028765,4.6629771906782524,D:\Research\research-experiments\industrial-anomaly-detection\data\mvtec_ad\screw\ground_truth\thread_top\000_mask.png,6803,0.006487846374511719,-5.037824486719504
screw,thread_top,D:\Research\research-experiments\industrial-anomaly-detection\data\mvtec_ad\screw\test\thread_top\001.png,2,layer2,1.0,0,1,40.002647399902344,30.33593498788229,2.3709908779028765,4.07707701539965,D:\Research\research-experiments\industrial-anomaly-detection\data\mvtec_ad\screw\ground_truth\thread_top\001_mask.png,6387,0.006091117858886719,-5.100923493463853
screw,thread_top,D:\Research\research-experiments\industrial-anomaly-detection\data\mvtec_ad\screw\test\thread_top\002.png,2,layer2,1.0,0,1,37.659149169921875,30.33593498788229,2.3709908779028765,3.088672440830693,D:\Research\research-experiments\industrial-anomaly-detection\data\mvtec_ad\screw\ground_truth\thread_top\002_mask.png,6084,0.005802154541015625,-5.149525785469968
screw,thread_top,D:\Research\research-experiments\industrial-anomaly-detection\data\mvtec_ad\screw\test\thread_top\003.png,2,layer2,1.0,0,1,31.924631118774414,30.33593498788229,2.3709908779028765,0.6700557752872142,D:\Research\research-experiments\industrial-anomaly-detection\data\mvtec_ad\screw\ground_truth\thread_top\003_mask.png,4646,0.0044307708740234375,-5.419181472174216
screw,thread_top,D:\Research\research-experiments\industrial-anomaly-detection\data\mvtec_ad\screw\test\thread_top\004.png,2,layer2,1.0,0,1,41.00372314453125,30.33593498788229,2.3709908779028765,4.499295318286731,D:\Research\research-experiments\industrial-anomaly-detection\data\mvtec_ad\screw\ground_truth\thread_top\004_mask.png,6696,0.00638580322265625,-5.0536778424322355
screw,thread_top,D:\Research\research-experiments\industrial-anomaly-detection\data\mvtec_ad\screw\test\thread_top\005.png,2,layer2,1.0,0,1,40.356807708740234,30.33593498788229,2.3709908779028765,4.226449293521251,D:\Research\research-experiments\industrial-anomaly-detection\data\mvtec_ad\screw\ground_truth\thread_top\005_mask.png,10599,0.010107994079589844,-4.594428576240059
screw,thread_top,D:\Research\research-experiments\industrial-anomaly-detection\data\mvtec_ad\screw\test\thread_top\006.png,2,layer2,1.0,0,1,36.506099700927734,30.33593498788229,2.3709908779028765,2.6023570021082953,D:\Research\research-experiments\industrial-anomaly-detection\data\mvtec_ad\screw\ground_truth\thread_top\006_mask.png,7649,0.007294654846191406,-4.920613274790371
screw,thread_top,D:\Research\research-experiments\industrial-anomaly-detection\data\mvtec_ad\screw\test\thread_top\007.png,2,layer2,1.0,0,1,44.96055221557617,30.33593498788229,2.3709908779028765,6.168145716625129,D:\Research\research-experiments\industrial-anomaly-detection\data\mvtec_ad\screw\ground_truth\thread_top\007_mask.png,6834,0.0065174102783203125,-5.033278025088504
screw,thread_top,D:\Research\research-experiments\industrial-anomaly-detection\data\mvtec_ad\screw\test\thread_top\008.png,2,layer2,1.0,0,1,31.764036178588867,30.33593498788229,2.3709908779028765,0.6023225158798258,D:\Research\research-experiments\industrial-anomaly-detection\data\mvtec_ad\screw\ground_truth\thread_top\008_mask.png,5620,0.005359649658203125,-5.228856481731827
screw,thread_top,D:\Research\research-experiments\industrial-anomaly-detection\data\mvtec_ad\screw\test\thread_top\009.png,2,layer2,1.0,0,1,41.53129196166992,30.33593498788229,2.3709908779028765,4.721805165142533,D:\Research\research-experiments\industrial-anomaly-detection\data\mvtec_ad\screw\ground_truth\thread_top\009_mask.png,4056,0.00386810302734375,-5.554990807403266
screw,thread_top,D:\Research\research-experiments\industrial-anomaly-detection\data\mvtec_ad\screw\test\thread_top\010.png,2,layer2,1.0,0,1,36.6198844909668,30.33593498788229,2.3709908779028765,2.650347397642716,D:\Research\research-experiments\industrial-anomaly-detection\data\mvtec_ad\screw\ground_truth\thread_top\010_mask.png,5418,0.0051670074462890625,-5.265461395018263
screw,thread_top,D:\Research\research-experiments\industrial-anomaly-detection\data\mvtec_ad\screw\test\thread_top\011.png,2,layer2,1.0,0,1,41.53431701660156,30.33593498788229,2.3709908779028765,4.72308102620123,D:\Research\research-experiments\industrial-anomaly-detection\data\mvtec_ad\screw\ground_truth\thread_top\011_mask.png,5075,0.004839897155761719,-5.3308616006729785
screw,thread_top,D:\Research\research-experiments\industrial-anomaly-detection\data\mvtec_ad\screw\test\thread_top\012.png,2,layer2,1.0,0,1,36.979331970214844,30.33593498788229,2.3709908779028765,2.8019496170346248,D:\Research\research-experiments\industrial-anomaly-detection\data\mvtec_ad\screw\ground_truth\thread_top\012_mask.png,1275,0.0012159347534179688,-6.712241331194169
screw,thread_top,D:\Research\research-experiments\industrial-anomaly-detection\data\mvtec_ad\screw\test\thread_top\013.png,2,layer2,1.0,0,1,36.363739013671875,30.33593498788229,2.3709908779028765,2.5423143049462644,D:\Research\research-experiments\industrial-anomaly-detection\data\mvtec_ad\screw\ground_truth\thread_top\013_mask.png,3005,0.0028657913208007812,-5.854910415285898
screw,thread_top,D:\Research\research-experiments\industrial-anomaly-detection\data\mvtec_ad\screw\test\thread_top\014.png,2,layer2,1.0,0,1,39.347511291503906,30.33593498788229,2.3709908779028765,3.8007638020068164,D:\Research\research-experiments\industrial-anomaly-detection\data\mvtec_ad\screw\ground_truth\thread_top\014_mask.png,4905,0.004677772521972656,-5.364933025422503
screw,thread_top,D:\Research\research-experiments\industrial-anomaly-detection\data\mvtec_ad\screw\test\thread_top\015.png,2,layer2,1.0,0,1,35.086273193359375,30.33593498788229,2.3709908779028765,2.003524454585301,D:\Research\research-experiments\industrial-anomaly-detection\data\mvtec_ad\screw\ground_truth\thread_top\015_mask.png,3769,0.0035943984985351562,-5.628378339721143
screw,thread_top,D:\Research\research-experiments\industrial-anomaly-detection\data\mvtec_ad\screw\test\thread_top\016.png,2,layer2,1.0,0,1,38.509098052978516,30.33593498788229,2.3709908779028765,3.4471507846227256,D:\Research\research-experiments\industrial-anomaly-detection\data\mvtec_ad\screw\ground_truth\thread_top\016_mask.png,4124,0.003932952880859375,-5.538364511800206
screw,thread_top,D:\Research\research-experiments\industrial-anomaly-detection\data\mvtec_ad\screw\test\thread_top\017.png,2,layer2,1.0,0,1,35.90321731567383,30.33593498788229,2.3709908779028765,2.348082558932389,D:\Research\research-experiments\industrial-anomaly-detection\data\mvtec_ad\screw\ground_truth\thread_top\017_mask.png,1161,0.0011072158813476562,-6.805905726335187
screw,thread_top,D:\Research\research-experiments\industrial-anomaly-detection\data\mvtec_ad\screw\test\thread_top\018.png,2,layer2,1.0,0,1,37.62251663208008,30.33593498788229,2.3709908779028765,3.073222133457854,D:\Research\research-experiments\industrial-anomaly-detection\data\mvtec_ad\screw\ground_truth\thread_top\018_mask.png,5585,0.005326271057128906,-5.23510371194701
screw,thread_top,D:\Research\research-experiments\industrial-anomaly-detection\data\mvtec_ad\screw\test\thread_top\019.png,2,layer2,1.0,0,1,43.41728591918945,30.33593498788229,2.3709908779028765,5.51725063694784,D:\Research\research-experiments\industrial-anomaly-detection\data\mvtec_ad\screw\ground_truth\thread_top\019_mask.png,7792,0.0074310302734375,-4.902090631305702
screw,thread_top,D:\Research\research-experiments\industrial-anomaly-detection\data\mvtec_ad\screw\test\thread_top\020.png,2,layer2,1.0,0,1,43.492881774902344,30.33593498788229,2.3709908779028765,5.549134292181366,D:\Research\research-experiments\industrial-anomaly-detection\data\mvtec_ad\screw\ground_truth\thread_top\020_mask.png,6790,0.0064754486083984375,-5.039737236216721
screw,thread_top,D:\Research\research-experiments\industrial-anomaly-detection\data\mvtec_ad\screw\test\thread_top\021.png,2,layer2,1.0,0,1,40.40863800048828,30.33593498788229,2.3709908779028765,4.248309475368045,D:\Research\research-experiments\industrial-anomaly-detection\data\mvtec_ad\screw\ground_truth\thread_top\021_mask.png,5326,0.0050792694091796875,-5.28258764794634
screw,thread_top,D:\Research\research-experiments\industrial-anomaly-detection\data\mvtec_ad\screw\test\thread_top\022.png,2,layer2,1.0,0,1,39.838600158691406,30.33593498788229,2.3709908779028765,4.007887697659196,D:\Research\research-experiments\industrial-anomaly-detection\data\mvtec_ad\screw\ground_truth\thread_top\022_mask.png,4004,0.003818511962890625,-5.567894208881712
