category,defect_type,image_path,seed,alpha,is_good,gt_label,anomaly_score,good_mean,good_std,z_score,mask_path,area_pixels,area_ratio,log_area_ratio
screw,good,D:\Research\research-experiments\industrial-anomaly-detection\data\mvtec_ad\screw\test\good\000.png,1,0.0,1,0,28.850419998168945,29.212321351214154,2.1961140469363216,-0.16479169355984832,,,,
screw,good,D:\Research\research-experiments\industrial-anomaly-detection\data\mvtec_ad\screw\test\good\001.png,1,0.0,1,0,28.55398941040039,29.212321351214154,2.1961140469363216,-0.29977128998931823,,,,
screw,good,D:\Research\research-experiments\industrial-anomaly-detection\data\mvtec_ad\screw\test\good\002.png,1,0.0,1,0,27.146373748779297,29.212321351214154,2.1961140469363216,-0.9407287409854453,,,,
screw,good,D:\Research\research-experiments\industrial-anomaly-detection\data\mvtec_ad\screw\test\good\003.png,1,0.0,1,0,31.80731201171875,29.212321351214154,2.1961140469363216,1.1816283694941643,,,,
screw,good,D:\Research\research-experiments\industrial-anomaly-detection\data\mvtec_ad\screw\test\good\004.png,1,0.0,1,0,31.322675704956055,29.212321351214154,2.1961140469363216,0.9609493444504581,,,,
screw,good,D:\Research\research-experiments\industrial-anomaly-detection\data\mvtec_ad\screw\test\good\005.png,1,0.0,1,0,35.26787567138672,29.212321351214154,2.1961140469363216,2.7573951947624655,,,,
screw,good,D:\Research\research-experiments\industrial-anomaly-detection\data\mvtec_ad\screw\test\good\006.png,1,0.0,1,0,27.63629150390625,29.212321351214154,2.1961140469363216,-0.7176448097067348,,,,
screw,good,D:\Research\research-experiments\industrial-anomaly-detection\data\mvtec_ad\screw\test\good\007.png,1,0.0,1,0,28.181190490722656,29.212321351214154,2.1961140469363216,-0.46952518787900466,,,,
screw,good,D:\Research\research-experiments\industrial-anomaly-detection\data\mvtec_ad\screw\test\good\008.png,1,0.0,1,0,30.345582962036133,29.212321351214154,2.1961140469363216,0.5160304003350509,,,,
screw,good,D:\Research\research-experiments\industrial-anomaly-detection\data\mvtec_ad\screw\test\good\009.png,1,0.0,1,0,29.881650924682617,29.212321351214154,2.1961140469363216,0.3047790593581459,,,,
screw,good,D:\Research\research-experiments\industrial-anomaly-detection\data\mvtec_ad\screw\test\good\010.png,1,0.0,1,0,28.31007957458496,29.212321351214154,2.1961140469363216,-0.41083557472247906,,,,
screw,good,D:\Research\research-experiments\industrial-anomaly-detection\data\mvtec_ad\screw\test\good\011.png,1,0.0,1,0,29.254655838012695,29.212321351214154,2.1961140469363216,0.019276998322377597,,,,
screw,good,D:\Research\research-experiments\industrial-anomaly-detection\data\mvtec_ad\screw\test\good\012.png,1,0.0,1,0,29.590490341186523,29.212321351214154,2.1961140469363216,0.17219915809924913,,,,
screw,good,D:\Research\research-experiments\industrial-anomaly-detection\data\mvtec_ad\screw\test\good\013.png,1,0.0,1,0,29.208940505981445,29.212321351214154,2.1961140469363216,-0.0015394670588374422,,,,
screw,good,D:\Research\research-experiments\industrial-anomaly-detection\data\mvtec_ad\screw\test\good\014.png,1,0.0,1,0,31.49436378479004,29.212321351214154,2.1961140469363216,1.039127470068978,,,,
screw,good,D:\Research\research-experiments\industrial-anomaly-detection\data\mvtec_ad\screw\test\good\015.png,1,0.0,1,0,29.280620574951172,29.212321351214154,2.1961140469363216,0.031100035006059186,,,,
screw,good,D:\Research\research-experiments\industrial-anomaly-detection\data\mvtec_ad\screw\test\good\016.png,1,0.0,1,0,27.65777587890625,29.212321351214154,2.1961140469363216,-0.7078619047478728,,,,
screw,good,D:\Research\research-experiments\industrial-anomaly-detection\data\mvtec_ad\screw\test\good\017.png,1,0.0,1,0,26.29474449157715,29.212321351214154,2.1961140469363216,-1.3285179172307364,,,,
screw,good,D:\Research\research-experiments\industrial-anomaly-detection\data\mvtec_ad\screw\test\good\018.png,1,0.0,1,0,30.234481811523438,29.212321351214154,2.1961140469363216,0.4654405183261059,,,,
screw,good,D:\Research\research-experiments\industrial-anomaly-detection\data\mvtec_ad\screw\test\good\019.png,1,0.0,1,0,30.51664924621582,29.212321351214154,2.1961140469363216,0.5939253914528085,,,,
screw,good,D:\Research\research-experiments\industrial-anomaly-detection\data\mvtec_ad\screw\test\good\020.png,1,0.0,1,0,29.04080581665039,29.212321351214154,2.1961140469363216,-0.07809955717146624,,,,
screw,good,D:\Research\research-experiments\industrial-anomaly-detection\data\mvtec_ad\screw\test\good\021.png,1,0.0,1,0,28.03495979309082,29.212321351214154,2.1961140469363216,-0.5361113006702937,,,,
screw,good,D:\Research\research-experiments\industrial-anomaly-detection\data\mvtec_ad\screw\test\good\022.png,1,0.0,1,0,31.240507125854492,29.212321351214154,2.1961140469363216,0.9235339018343556,,,,
screw,good,D:\Research\research-experiments\industrial-anomaly-detection\data\mvtec_ad\screw\test\good\023.png,1,0.0,1,0,29.909395217895508,29.212321351214154,2.1961140469363216,0.317412416560881,,,,
screw,good,D:\Research\research-experiments\industrial-anomaly-detection\data\mvtec_ad\screw\test\good\024.png,1,0.0,1,0,30.273094177246094,29.212321351214154,2.1961140469363216,0.4830226497170153,,,,
screw,good,D:\Research\research-experiments\industrial-anomaly-detection\data\mvtec_ad\screw\test\good\025.png,1,0.0,1,0,32.87151336669922,29.212321351214154,2.1961140469363216,1.6662121990384804,,,,
screw,good,D:\Research\research-experiments\industrial-anomaly-detection\data\mvtec_ad\screw\test\good\026.png,1,0.0,1,0,26.90966033935547,29.212321351214154,2.1961140469363216,-1.0485161347021124,,,,
screw,good,D:\Research\research-experiments\industrial-anomaly-detection\data\mvtec_ad\screw\test\good\027.png,1,0.0,1,0,31.444154739379883,29.212321351214154,2.1961140469363216,1.016264793387774,,,,
screw,good,D:\Research\research-experiments\industrial-anomaly-detection\data\mvtec_ad\screw\test\good\028.png,1,0.0,1,0,26.320178985595703,29.212321351214154,2.1961140469363216,-1.3169363265323675,,,,
screw,good,D:\Research\research-experiments\industrial-anomaly-detection\data\mvtec_ad\screw\test\good\029.png,1,0.0,1,0,27.53774070739746,29.212321351214154,2.1961140469363216,-0.7625198910561174,,,,
screw,good,D:\Research\research-experiments\industrial-anomaly-detection\data\mvtec_ad\screw\test\good\030.png,1,0.0,1,0,29.187589645385742,29.212321351214154,2.1961140469363216,-0.011261576266002044,,,,
screw,good,D:\Research\research-experiments\industrial-anomaly-detection\data\mvtec_ad\screw\test\good\031.png,1,0.0,1,0,29.90882110595703,29.212321351214154,2.1961140469363216,0.31715099482858183,,,,
screw,good,D:\Research\research-experiments\industrial-anomaly-detection\data\mvtec_ad\screw\test\good\032.png,1,0.0,1,0,26.827505111694336,29.212321351214154,2.1961140469363216,-1.085925497743045,,,,
screw,good,D:\Research\research-experiments\industrial-anomaly-detection\data\mvtec_ad\screw\test\good\033.png,1,0.0,1,0,26.57187843322754,29.212321351214154,2.1961140469363216,-1.2023250439430284,,,,
screw,good,D:\Research\research-experiments\industrial-anomaly-detection\data\mvtec_ad\screw\test\good\034.png,1,0.0,1,0,27.021074295043945,29.212321351214154,2.1961140469363216,-0.9977838169320474,,,,
screw,good,D:\Research\research-experiments\industrial-anomaly-detection\data\mvtec_ad\screw\test\good\035.png,1,0.0,1,0,35.15591812133789,29.212321351214154,2.1961140469363216,2.706415351431918,,,,
screw,good,D:\Research\research-experiments\industrial-anomaly-detection\data\mvtec_ad\screw\test\good\036.png,1,0.0,1,0,26.840213775634766,29.212321351214154,2.1961140469363216,-1.080138610692184,,,,
screw,good,D:\Research\research-experiments\industrial-anomaly-detection\data\mvtec_ad\screw\test\good\037.png,1,0.0,1,0,28.784313201904297,29.212321351214154,2.1961140469363216,-0.19489340724674467,,,,
screw,good,D:\Research\research-experiments\industrial-anomaly-detection\data\mvtec_ad\screw\test\good\038.png,1,0.0,1,0,29.53243637084961,29.212321351214154,2.1961140469363216,0.14576429675044897,,,,
screw,good,D:\Research\research-experiments\industrial-anomaly-detection\data\mvtec_ad\screw\test\good\039.png,1,0.0,1,0,27.622018814086914,29.212321351214154,2.1961140469363216,-0.7241438755631948,,,,
screw,good,D:\Research\research-experiments\industrial-anomaly-detection\data\mvtec_ad\screw\test\good\040.png,1,0.0,1,0,25.83523178100586,29.212321351214154,2.1961140469363216,-1.537756918826455,,,,
screw,manipulated_front,D:\Research\research-experiments\industrial-anomaly-detection\data\mvtec_ad\screw\test\manipulated_front\000.png,1,0.0,0,1,35.141624450683594,29.212321351214154,2.1961140469363216,2.699906731957334,D:\Research\research-experiments\industrial-anomaly-detection\data\mvtec_ad\screw\ground_truth\manipulated_front\000_mask.png,3806,0.0036296844482421875,-5.618609287836806
screw,manipulated_front,D:\Research\research-experiments\industrial-anomaly-detection\data\mvtec_ad\screw\test\manipulated_front\001.png,1,0.0,0,1,35.32246398925781,29.212321351214154,2.1961140469363216,2.782251972099347,D:\Research\research-experiments\industrial-anomaly-detection\data\mvtec_ad\screw\ground_truth\manipulated_front\001_mask.png,2866,0.0027332305908203125,-5.902270636943445
screw,manipulated_front,D:\Research\research-experiments\industrial-anomaly-detection\data\mvtec_ad\screw\test\manipulated_front\002.png,1,0.0,0,1,31.472871780395508,29.212321351214154,2.1961140469363216,1.0293410910671619,D:\Research\research-experiments\industrial-anomaly-detection\data\mvtec_ad\screw\ground_truth\manipulated_front\002_mask.png,2520,0.00240325927734375,-6.030929014591936
screw,manipulated_front,D:\Research\research-experiments\industrial-anomaly-detection\data\mvtec_ad\screw\test\manipulated_front\003.png,1,0.0,0,1,40.2484016418457,29.212321351214154,2.1961140469363216,5.025276490548102,D:\Research\research-experiments\industrial-anomaly-detection\data\mvtec_ad\screw\ground_truth\manipulated_front\003_mask.png,4826,0.0046024322509765625,-5.381170147737533
screw,manipulated_front,D:\Research\research-experiments\industrial-anomaly-detection\data\mvtec_ad\screw\test\manipulated_front\004.png,1,0.0,0,1,39.61824417114258,29.212321351214154,2.1961140469363216,4.7383344387078425,D:\Research\research-experiments\industrial-anomaly-detection\data\mvtec_ad\screw\ground_truth\manipulated_front\004_mask.png,2245,0.0021409988403320312,-6.146482343950946
screw,manipulated_front,D:\Research\research-experiments\industrial-anomaly-detection\data\mvtec_ad\screw\test\manipulated_front\005.png,1,0.0,0,1,37.755001068115234,29.212321351214154,2.1961140469363216,3.8899071424903933,D:\Research\research-experiments\industrial-anomaly-detection\data\mvtec_ad\screw\ground_truth\manipulated_front\005_mask.png,3304,0.00315093994140625,-5.76005415919247
screw,manipulated_front,D:\Research\research-experiments\industrial-anomaly-detection\data\mvtec_ad\screw\test\manipulated_front\006.png,1,0.0,0,1,35.46955871582031,29.212321351214154,2.1961140469363216,2.8492315202551923,D:\Research\research-experiments\industrial-anomaly-detection\data\mvtec_ad\screw\ground_truth\manipulated_front\006_mask.png,3633,0.0034646987915039062,-5.665129290352367
screw,manipulated_front,D:\Research\research-experiments\industrial-anomaly-detection\data\mvtec_ad\screw\test\manipulated_front\007.png,1,0.0,0,1,39.7723388671875,29.212321351214154,2.1961140469363216,4.808501421274113,D:\Research\research-experiments\industrial-anomaly-detection\data\mvtec_ad\screw\ground_truth\manipulated_front\007_mask.png,4911,0.004683494567871094,-5.363710531643903
screw,manipulated_front,D:\Research\research-experiments\industrial-anomaly-detection\data\mvtec_ad\screw\test\manipulated_front\008.png,1,0.0,0,1,37.757659912109375,29.212321351214154,2.1961140469363216,3.8911178464599114,D:\Research\research-experiments\industrial-anomaly-detection\data\mvtec_ad\screw\ground_truth\manipulated_front\008_mask.png,3808,0.003631591796875,-5.618083939926343
screw,manipulated_front,D:\Research\research-experiments\industrial-anomaly-detection\data\mvtec_ad\screw\test\manipulated_front\009.png,1,0.0,0,1,34.3548583984375,29.212321351214154,2.1961140469363216,2.3416530003974145,D:\Research\research-experiments\industrial-anomaly-detection\data\mvtec_ad\screw\ground_truth\manipulated_front\009_mask.png,6709,0.006398200988769531,-5.051738267342097
screw,manipulated_front,D:\Research\research-experiments\industrial-anomaly-detection\data\mvtec_ad\screw\test\manipulated_front\010.png,1,0.0,0,1,35.080284118652344,29.212321351214154,2.1961140469363216,2.671975426606038,D:\Research\research-experiments\industrial-anomaly-detection\data\mvtec_ad\screw\ground_truth\manipulated_front\010_mask.png,3690,0.0035190582275390625,-5.649561589997436
screw,manipulated_front,D:\Research\research-experiments\industrial-anomaly-detection\data\mvtec_ad\screw\test\manipulated_front\011.png,1,0.0,0,1,34.736488342285156,29.212321351214154,2.1961140469363216,2.5154281030065198,D:\Research\research-experiments\industrial-anomaly-detection\data\mvtec_ad\screw\ground_truth\manipulated_front\011_mask.png,3133,0.0029878616333007812,-5.813196985559251
screw,manipulated_front,D:\Research\research-experiments\industrial-anomaly-detection\data\mvtec_ad\screw\test\manipulated_front\012.png,1,0.0,0,1,32.611637115478516,29.212321351214154,2.1961140469363216,1.54787761091304,D:\Research\research-experiments\industrial-anomaly-detection\data\mvtec_ad\screw\ground_truth\manipulated_front\012_mask.png,1695,0.0016164779663085938,-6.427504972755639
screw,manipulated_front,D:\Research\research-experiments\industrial-anomaly-detection\data\mvtec_ad\screw\test\manipulated_front\013.png,1,0.0,0,1,36.29496383666992,29.212321351214154,2.1961140469363216,3.2250795423563607,D:\Research\research-experiments\industrial-anomaly-detection\data\mvtec_ad\screw\ground_truth\manipulated_front\013_mask.png,3133,0.0029878616333007812,-5.813196985559251
screw,manipulated_front,D:\Research\research-experiments\industrial-anomaly-detection\data\mvtec_ad\screw\test\manipulated_front\014.png,1,0.0,0,1,36.5686149597168,29.212321351214154,2.1961140469363216,3.3496865150355033,D:\Research\research-experiments\industrial-anomaly-detection\data\mvtec_ad\screw\ground_truth\manipulated_front\014_mask.png,3315,0.0031614303588867188,-5.7567303922664745
screw,manipulated_front,D:\Research\research-experiments\industrial-anomaly-detection\data\mvtec_ad\screw\test\manipulated_front\015.png,1,0.0,0,1,38.24959945678711,29.212321351214154,2.1961140469363216,4.11512239912147,D:\Research\research-experiments\industrial-anomaly-detection\data\mvtec_ad\screw\ground_truth\manipulated_front\015_mask.png,4777,0.004555702209472656,-5.39137537830384
screw,manipulated_front,D:\Research\research-experiments\industrial-anomaly-detection\data\mvtec_ad\screw\test\manipulated_front\016.png,1,0.0,0,1,41.03804016113281,29.212321351214154,2.1961140469363216,5.3848381992802565,D:\Research\research-experiments\industrial-anomaly-detection\data\mvtec_ad\screw\ground_truth\manipulated_front\016_mask.png,7016,0.00669097900390625,-5.006994927691938
screw,manipulated_front,D:\Research\research-experiments\industrial-anomaly-detection\data\mvtec_ad\screw\test\manipulated_front\017.png,1,0.0,0,1,32.666988372802734,29.212321351214154,2.1961140469363216,1.5730817925453358,D:\Research\research-experiments\industrial-anomaly-detection\data\mvtec_ad\screw\ground_truth\manipulated_front\017_mask.png,1443,0.0013761520385742188,-6.5884633257614045
screw,manipulated_front,D:\Research\research-experiments\industrial-anomaly-detection\data\mvtec_ad\screw\test\manipulated_front\018.png,1,0.0,0,1,35.01583480834961,29.212321351214154,2.1961140469363216,2.6426284487509286,D:\Research\research-experiments\industrial-anomaly-detection\data\mvtec_ad\screw\ground_truth\manipulated_front\018_mask.png,2756,0.002628326416015625,-5.941407598595183
screw,manipulated_front,D:\Research\research-experiments\industrial-anomaly-detection\data\mvtec_ad\screw\test\manipulated_front\019.png,1,0.0,0,1,31.233722686767578,29.212321351214154,2.1961140469363216,0.9204446091373854,D:\Research\research-experiments\industrial-anomaly-detection\data\mvtec_ad\screw\ground_truth\manipulated_front\019_mask.png,1771,0.0016889572143554688,-6.383643381334938
screw,manipulated_front,D:\Research\research-experiments\industrial-anomaly-detection\data\mvtec_ad\screw\test\manipulated_front\020.png,1,0.0,0,1,32.18925094604492,29.212321351214154,2.1961140469363216,1.355544170842912,D:\Research\research-experiments\industrial-anomaly-detection\data\mvtec_ad\screw\ground_truth\manipulated_front\020_mask.png,1359,0.0012960433959960938,-6.648438425468958
screw,manipulated_front,D:\Research\research-experiments\industrial-anomaly-detection\data\mvtec_ad\screw\test\manipulated_front\021.png,1,0.0,0,1,32.11842727661133,29.212321351214154,2.1961140469363216,1.3232946300996178,D:\Research\research-experiments\industrial-anomaly-detection\data\mvtec_ad\screw\ground_truth\manipulated_front\021_mask.png,1537,0.0014657974243164062,-6.525355185438031
screw,manipulated_front,D:\Research\research-experiments\industrial-anomaly-detection\data\mvtec_ad\screw\test\manipulated_front\022.png,1,0.0,0,1,31.41094398498535,29.212321351214154,2.1961140469363216,1.0011422844083966,D:\Research\research-experiments\industrial-anomaly-detection\data\mvtec_ad\screw\ground_truth\manipulated_front\022_mask.png,1506,0.0014362335205078125,-6.5457305065737055
screw,manipulated_front,D:\Research\research-experiments\industrial-anomaly-detection\data\mvtec_ad\screw\test\manipulated_front\023.png,1,0.0,0,1,32.259437561035156,29.212321351214154,2.1961140469363216,1.3875036289995355,D:\Research\research-experiments\industrial-anomaly-detection\data\mvtec_ad\screw\ground_truth\manipulated_front\023_mask.png,2523,0.0024061203002929688,-6.0297392469511175
screw,scratch_head,D:\Research\research-experiments\industrial-anomaly-detection\data\mvtec_ad\screw\test\scratch_head\000.png,1,0.0,0,1,40.75932312011719,29.212321351214154,2.1961140469363216,5.257924462079564,D:\Research\research-experiments\industrial-anomaly-detection\data\mvtec_ad\screw\ground_truth\scratch_head\000_mask.png,2767,0.0026388168334960938,-5.937424252454337
screw,scratch_head,D:\Research\research-experiments\industrial-anomaly-detection\data\mvtec_ad\screw\test\scratch_head\001.png,1,0.0,0,1,37.36441421508789,29.212321351214154,2.1961140469363216,3.7120535134531263,D:\Research\research-experiments\industrial-anomaly-detection\data\mvtec_ad\screw\ground_truth\scratch_head\001_mask.png,3019,0.0028791427612304688,-5.850262334166524
screw,scratch_head,D:\Research\research-experiments\industrial-anomaly-detection\data\mvtec_ad\screw\test\scratch_head\002.png,1,0.0,0,1,38.04082107543945,29.212321351214154,2.1961140469363216,4.020055213681391,D:\Research\research-experiments\industrial-anomaly-detection\data\mvtec_ad\screw\ground_truth\scratch_head\002_mask.png,3012,0.002872467041015625,-5.852583674146381
screw,scratch_head,D:\Research\research-experiments\industrial-anomaly-detection\data\mvtec_ad\screw\test\scratch_head\003.png,1,0.0,0,1,31.554956436157227,29.212321351214154,2.1961140469363216,1.066718319210769,D:\Research\research-experiments\industrial-anomaly-detection\data\mvtec_ad\screw\ground_truth\scratch_head\003_mask.png,1741,0.0016603469848632812,-6.400728069147154
screw,scratch_head,D:\Research\research-experiments\industrial-anomaly-detection\data\mvtec_ad\screw\test\scratch_head\004.png,1,0.0,0,1,35.594058990478516,29.212321351214154,2.1961140469363216,2.905922690202348,D:\Research\research-experiments\industrial-anomaly-detection\data\mvtec_ad\screw\ground_truth\scratch_head\004_mask.png,2981,0.0028429031372070312,-5.8629291657677935
screw,scratch_head,D:\Research\research-experiments\industrial-anomaly-detection\data\mvtec_ad\screw\test\scratch_head\005.png,1,0.0,0,1,37.141910552978516,29.212321351214154,2.1961140469363216,3.6107365247385474,D:\Research\research-experiments\industrial-anomaly-detection\data\mvtec_ad\screw\ground_truth\scratch_head\005_mask.png,1355,0.0012922286987304688,-6.651386104028578
screw,scratch_head,D:\Research\research-experiments\industrial-anomaly-detection\data\mvtec_ad\screw\test\scratch_head\006.png,1,0.0,0,1,33.50123596191406,29.212321351214154,2.1961140469363216,1.9529562304303543,D:\Research\research-experiments\industrial-anomaly-detection\data\mvtec_ad\screw\ground_truth\scratch_head\006_mask.png,2586,0.0024662017822265625,-6.00507564638536
screw,scratch_head,D:\Research\research-experiments\industrial-anomaly-detection\data\mvtec_ad\screw\test\scratch_head\007.png,1,0.0,0,1,34.70281982421875,29.212321351214154,2.1961140469363216,2.5000971514498938,D:\Research\research-experiments\industrial-anomaly-detection\data\mvtec_ad\screw\ground_truth\scratch_head\007_mask.png,2707,0.0025815963745117188,-5.959346934227458
screw,scratch_head,D:\Research\research-experiments\industrial-anomaly-detection\data\mvtec_ad\screw\test\scratch_head\008.png,1,0.0,0,1,38.20474624633789,29.212321351214154,2.1961140469363216,4.094698500594072,D:\Research\research-experiments\industrial-anomaly-detection\data\mvtec_ad\screw\ground_truth\scratch_head\008_mask.png,3009,0.0028696060180664062,-5.853580186089028
screw,scratch_head,D:\Research\research-experiments\industrial-anomaly-detection\data\mvtec_ad\screw\test\scratch_head\009.png,1,0.0,0,1,37.718109130859375,29.212321351214154,2.1961140469363216,3.873108407785643,D:\Research\research-experiments\industrial-anomaly-detection\data\mvtec_ad\screw\ground_truth\scratch_head\009_mask.png,3278,0.0031261444091796875,-5.767954532012327
screw,scratch_head,D:\Research\research-experiments\industrial-anomaly-detection\data\mvtec_ad\screw\test\scratch_head\010.png,1,0.0,0,1,38.083335876464844,29.212321351214154,2.1961140469363216,4.0394143180433435,D:\Research\research-experiments\industrial-anomaly-detection\data\mvtec_ad\screw\ground_truth\scratch_head\010_mask.png,2213,0.0021104812622070312,-6.160838797322393
screw,scratch_head,D:\Research\research-experiments\industrial-anomaly-detection\data\mvtec_ad\screw\test\scratch_head\011.png,1,0.0,0,1,39.36253356933594,29.212321351214154,2.1961140469363216,4.621896678035363,D:\Research\research-experiments\industrial-anomaly-detection\data\mvtec_ad\screw\ground_truth\scratch_head\011_mask.png,2801,0.0026712417602539062,-5.925211461581139
screw,scratch_head,D:\Research\research-experiments\industrial-anomaly-detection\data\mvtec_ad\screw\test\scratch_head\012.png,1,0.0,0,1,38.308807373046875,29.212321351214154,2.1961140469363216,4.142082709467084,D:\Research\research-experiments\industrial-anomaly-detection\data\mvtec_ad\screw\ground_truth\scratch_head\012_mask.png,3541,0.0033769607543945312,-5.690778862962787
screw,scratch_head,D:\Research\research-experiments\industrial-anomaly-detection\data\mvtec_ad\screw\test\scratch_head\013.png,1,0.0,0,1,38.17255783081055,29.212321351214154,2.1961140469363216,4.08004151337055,D:\Research\research-experiments\industrial-anomaly-detection\data\mvtec_ad\screw\ground_truth\scratch_head\013_mask.png,1953,0.0018625259399414062,-6.285821143417097
screw,scratch_head,D:\Research\research-experiments\industrial-anomaly-detection\data\mvtec_ad\screw\test\scratch_head\014.png,1,0.0,0,1,31.437881469726562,29.212321351214154,2.1961140469363216,1.0134082615687312,D:\Research\research-experiments\industrial-anomaly-detection\data\mvtec_ad\screw\ground_truth\scratch_head\014_mask.png,2388,0.002277374267578125,-6.084731697584332
screw,scratch_head,D:\Research\research-experiments\industrial-anomaly-detection\data\mvtec_ad\screw\test\scratch_head\015.png,1,0.0,0,1,43.577030181884766,29.212321351214154,2.1961140469363216,6.540966691010437,D:\Research\research-experiments\industrial-anomaly-detection\data\mvtec_ad\screw\ground_truth\scratch_head\015_mask.png,3545,0.0033807754516601562,-5.689649876442595
screw,scratch_head,D:\Research\research-experiments\industrial-anomaly-detection\data\mvtec_ad\screw\test\scratch_head\016.png,1,0.0,0,1,37.288360595703125,29.212321351214154,2.1961140469363216,3.6774225162647682,D:\Research\research-experiments\industrial-anomaly-detection\data\mvtec_ad\screw\ground_truth\scratch_head\016_mask.png,2091,0.0019941329956054688,-6.217545410299332
screw,scratch_head,D:\Research\research-experiments\industrial-anomaly-detection\data\mvtec_ad\screw\test\scratch_head\017.png,1,0.0,0,1,35.05615234375,29.212321351214154,2.1961140469363216,2.6609870287420887,D:\Research\research-experiments\industrial-anomaly-detection\data\mvtec_ad\screw\ground_truth\scratch_head\017_mask.png,2511,0.0023946762084960938,-6.034506834448417
screw,scratch_head,D:\Research\research-experiments\industrial-anomaly-detection\data\mvtec_ad\screw\test\scratch_head\018.png,1,0.0,0,1,35.000267028808594,29.212321351214154,2.1961140469363216,2.635539664103003,D:\Research\research-experiments\industrial-anomaly-detection\data\mvtec_ad\screw\ground_truth\scratch_head\018_mask.png,3846,0.0036678314208984375,-5.608154412409553
screw,scratch_head,D:\Research\research-experiments\industrial-anomaly-detection\data\mvtec_ad\screw\test\scratch_head\019.png,1,0.0,0,1,39.34701919555664,29.212321351214154,2.1961140469363216,4.6148322116881175,D:\Research\research-experiments\industrial-anomaly-detection\data\mvtec_ad\screw\ground_truth\scratch_head\019_mask.png,2618,0.0024967193603515625,-5.992777264203549
screw,scratch_head,D:\Research\research-experiments\industrial-anomaly-detection\data\mvtec_ad\screw\test\scratch_head\020.png,1,0.0,0,1,35.9385871887207,29.212321351214154,2.1961140469363216,3.062803521925464,D:\Research\research-experiments\industrial-anomaly-detection\data\mvtec_ad\screw\ground_truth\scratch_head\020_mask.png,2465,0.0023508071899414062,-6.052996099336405
screw,scratch_head,D:\Research\research-experiments\industrial-anomaly-detection\data\mvtec_ad\screw\test\scratch_head\021.png,1,0.0,0,1,40.802494049072266,29.212321351214154,2.1961140469363216,5.277582334135573,D:\Research\research-experiments\industrial-anomaly-detection\data\mvtec_ad\screw\ground_truth\scratch_head\021_mask.png,2066,0.0019702911376953125,-6.229573453980245
screw,scratch_head,D:\Research\research-experiments\industrial-anomaly-detection\data\mvtec_ad\screw\test\scratch_head\022.png,1,0.0,0,1,29.228557586669922,29.212321351214154,2.1961140469363216,0.007393165886998535,D:\Research\research-experiments\industrial-anomaly-detection\data\mvtec_ad\screw\ground_truth\scratch_head\022_mask.png,1402,0.0013370513916015625,-6.617287795690243
screw,scratch_head,D:\Research\research-experiments\industrial-anomaly-detection\data\mvtec_ad\screw\test\scratch_head\023.png,1,0.0,0,1,36.3657112121582,29.212321351214154,2.1961140469363216,3.257294342670114,D:\Research\research-experiments\industrial-anomaly-detection\data\mvtec_ad\screw\ground_truth\scratch_head\023_mask.png,2444,0.002330780029296875,-6.061551861866596
screw,scratch_neck,D:\Research\research-experiments\industrial-anomaly-detection\data\mvtec_ad\screw\test\scratch_neck\000.png,1,0.0,0,1,33.42572784423828,29.212321351214154,2.1961140469363216,1.918573627313217,D:\Research\research-experiments\industrial-anomaly-detection\data\mvtec_ad\screw\ground_truth\scratch_neck\000_mask.png,2810,0.0026798248291015625,-5.922003475712465
screw,scratch_neck,D:\Research\research-experiments\industrial-anomaly-detection\data\mvtec_ad\screw\test\scratch_neck\001.png,1,0.0,0,1,48.53593063354492,29.212321351214154,2.1961140469363216,8.79900081204256,D:\Research\research-experiments\industrial-anomaly-detection\data\mvtec_ad\screw\ground_truth\scratch_neck\001_mask.png,7445,0.007100105285644531,-4.947645525237824
screw,scratch_neck,D:\Research\research-experiments\industrial-anomaly-detection\data\mvtec_ad\screw\test\scratch_neck\002.png,1,0.0,0,1,34.34457015991211,29.212321351214154,2.1961140469363216,2.336968253473755,D:\Research\research-experiments\industrial-anomaly-detection\data\mvtec_ad\screw\ground_truth\scratch_neck\002_mask.png,2926,0.0027904510498046875,-5.881551671253898
screw,scratch_neck,D:\Research\research-experiments\industrial-anomaly-detection\data\mvtec_ad\screw\test\scratch_neck\003.png,1,0.0,0,1,51.02586364746094,29.212321351214154,2.1961140469363216,9.932791207577612,D:\Research\research-experiments\industrial-anomaly-detection\data\mvtec_ad\screw\ground_truth\scratch_neck\003_mask.png,2614,0.0024929046630859375,-5.994306315876335
screw,scratch_neck,D:\Research\research-experiments\industrial-anomaly-detection\data\mvtec_ad\screw\test\scratch_neck\004.png,1,0.0,0,1,39.97871398925781,29.212321351214154,2.1961140469363216,4.902474283183636,D:\Research\research-experiments\industrial-anomaly-detection\data\mvtec_ad\screw\ground_truth\scratch_neck\004_mask.png,3823,0.0036458969116210938,-5.6141526032216
screw,scratch_neck,D:\Research\research-experiments\industrial-anomaly-detection\data\mvtec_ad\screw\test\scratch_neck\005.png,1,0.0,0,1,33.24589538574219,29.212321351214154,2.1961140469363216,1.8366869608411511,D:\Research\research-experiments\industrial-anomaly-detection\data\mvtec_ad\screw\ground_truth\scratch_neck\005_mask.png,2145,0.0020456314086914062,-6.1920482909902885
screw,scratch_neck,D:\Research\research-experiments\industrial-anomaly-detection\data\mvtec_ad\screw\test\scratch_neck\006.png,1,0.0,0,1,44.438819885253906,29.212321351214154,2.1961140469363216,6.933382423959906,D:\Research\research-experiments\industrial-anomaly-detection\data\mvtec_ad\screw\ground_truth\scratch_neck\006_mask.png,4725,0.004506111145019531,-5.402320549350241
screw,scratch_neck,D:\Research\research-experiments\industrial-anomaly-detection\data\mvtec_ad\screw\test\scratch_neck\007.png,1,0.0,0,1,47.62582778930664,29.212321351214154,2.1961140469363216,8.384585702085992,D:\Research\research-experiments\industrial-anomaly-detection\data\mvtec_ad\screw\ground_truth\scratch_neck\007_mask.png,3062,0.0029201507568359375,-5.836119692533263
screw,scratch_neck,D:\Research\research-experiments\industrial-anomaly-detection\data\mvtec_ad\screw\test\scratch_neck\008.png,1,0.0,0,1,51.098304748535156,29.212321351214154,2.1961140469363216,9.965777245427185,D:\Research\research-experiments\industrial-anomaly-detection\data\mvtec_ad\screw\ground_truth\scratch_neck\008_mask.png,4567,0.004355430603027344,-5.43633156841551
screw,scratch_neck,D:\Research\research-experiments\industrial-anomaly-detection\data\mvtec_ad\screw\test\scratch_neck\009.png,1,0.0,0,1,53.015052795410156,29.212321351214154,2.1961140469363216,10.838568004882028,D:\Research\research-experiments\industrial-anomaly-detection\data\mvtec_ad\screw\ground_truth\scratch_neck\009_mask.png,2582,0.0024623870849609375,-6.006623633682409
screw,scratch_neck,D:\Research\research-experiments\industrial-anomaly-detection\data\mvtec_ad\screw\test\scratch_neck\010.png,1,0.0,0,1,42.01242446899414,29.212321351214154,2.1961140469363216,5.828523858146943,D:\Research\research-experiments\industrial-anomaly-detection\data\mvtec_ad\screw\ground_truth\scratch_neck\010_mask.png,4609,0.004395484924316406,-5.42717719097224
screw,scratch_neck,D:\Research\research-experiments\industrial-anomaly-detection\data\mvtec_ad\screw\test\scratch_neck\011.png,1,0.0,0,1,35.18406677246094,29.212321351214154,2.1961140469363216,2.7192328329112225,D:\Research\research-experiments\industrial-anomaly-detection\data\mvtec_ad\screw\ground_truth\scratch_neck\011_mask.png,1637,0.0015611648559570312,-6.462322393280634
screw,scratch_neck,D:\Research\research-experiments\industrial-anomaly-detection\data\mvtec_ad\screw\test\scratch_neck\012.png,1,0.0,0,1,36.52549362182617,29.212321351214154,2.1961140469363216,3.330051224258696,D:\Research\research-experiments\industrial-anomaly-detection\data\mvtec_ad\screw\ground_truth\scratch_neck\012_mask.png,3583,0.0034170150756835938,-5.6789876012409115
screw,scratch_neck,D:\Research\research-experiments\industrial-anomaly-detection\data\mvtec_ad\screw\test\scratch_neck\013.png,1,0.0,0,1,42.363914489746094,29.212321351214154,2.1961140469363216,5.988574754065713,D:\Research\research-experiments\industrial-anomaly-detection\data\mvtec_ad\screw\ground_truth\scratch_neck\013_mask.png,3198,0.0030498504638671875,-5.792662389920133
screw,scratch_neck,D:\Research\research-experiments\industrial-anomaly-detection\data\mvtec_ad\screw\test\scratch_neck\014.png,1,0.0,0,1,47.481143951416016,29.212321351214154,2.1961140469363216,8.318703951503656,D:\Research\research-experiments\industrial-anomaly-detection\data\mvtec_ad\screw\ground_truth\scratch_neck\014_mask.png,2981,0.0028429031372070312,-5.8629291657677935
screw,scratch_neck,D:\Research\research-experiments\industrial-anomaly-detection\data\mvtec_ad\screw\test\scratch_neck\015.png,1,0.0,0,1,46.32499313354492,29.212321351214154,2.1961140469363216,7.792250956276027,D:\Research\research-experiments\industrial-anomaly-detection\data\mvtec_ad\screw\ground_truth\scratch_neck\015_mask.png,3017,0.0028772354125976562,-5.850925024484055
screw,scratch_neck,D:\Research\research-experiments\industrial-anomaly-detection\data\mvtec_ad\screw\test\scratch_neck\016.png,1,0.0,0,1,50.33272171020508,29.212321351214154,2.1961140469363216,9.617169194129438,D:\Research\research-experiments\industrial-anomaly-detection\data\mvtec_ad\screw\ground_truth\scratch_neck\016_mask.png,3955,0.0037717819213867188,-5.580207465870512
screw,scratch_neck,D:\Research\research-experiments\industrial-anomaly-detection\data\mvtec_ad\screw\test\scratch_neck\017.png,1,0.0,0,1,40.9180908203125,29.212321351214154,2.1961140469363216,5.330219295955246,D:\Research\research-experiments\industrial-anomaly-detection\data\mvtec_ad\screw\ground_truth\scratch_neck\017_mask.png,3813,0.0036363601684570312,-5.6167717763411185
screw,scratch_neck,D:\Research\research-experiments\industrial-anomaly-detection\data\mvtec_ad\screw\test\scratch_neck\018.png,1,0.0,0,1,45.20672607421875,29.212321351214154,2.1961140469363216,7.283048321337188,D:\Research\research-experiments\industrial-anomaly-detection\data\mvtec_ad\screw\ground_truth\scratch_neck\018_mask.png,3269,0.0031175613403320312,-5.770703883711211
screw,scratch_neck,D:\Research\research-experiments\industrial-anomaly-detection\data\mvtec_ad\screw\test\scratch_neck\019.png,1,0.0,0,1,42.12552261352539,29.212321351214154,2.1961140469363216,5.880023070899135,D:\Research\research-experiments\industrial-anomaly-detection\data\mvtec_ad\screw\ground_truth\scratch_neck\019_mask.png,4108,0.003917694091796875,-5.542251784898299
screw,scratch_neck,D:\Research\research-experiments\industrial-anomaly-detection\data\mvtec_ad\screw\test\scratch_neck\020.png,1,0.0,0,1,50.78495788574219,29.212321351214154,2.1961140469363216,9.823094827257645,D:\Research\research-experiments\industrial-anomaly-detection\data\mvtec_ad\screw\ground_truth\scratch_neck\020_mask.png,7369,0.007027626037597656,-4.957906178136354
screw,scratch_neck,D:\Research\research-experiments\industrial-anomaly-detection\data\mvtec_ad\screw\test\scratch_neck\021.png,1,0.0,0,1,34.5261116027832,29.212321351214154,2.1961140469363216,2.4196331055675486,D:\Research\research-experiments\industrial-anomaly-detection\data\mvtec_ad\screw\ground_truth\scratch_neck\021_mask.png,2687,0.0025625228881835938,-5.966762612343074
screw,scratch_neck,D:\Research\research-experiments\industrial-anomaly-detection\data\mvtec_ad\screw\test\scratch_neck\022.png,1,0.0,0,1,37.86640548706055,29.212321351214154,2.1961140469363216,3.9406351177067656,D:\Research\research-experiments\industrial-anomaly-detection\data\mvtec_ad\screw\ground_truth\scratch_neck\022_mask.png,1033,0.0009851455688476562,-6.92272012700137
screw,scratch_neck,D:\Research\research-experiments\industrial-anomaly-detection\data\mvtec_ad\screw\test\scratch_neck\023.png,1,0.0,0,1,37.83724594116211,29.212321351214154,2.1961140469363216,3.9273573255360374,D:\Research\research-experiments\industrial-anomaly-detection\data\mvtec_ad\screw\ground_truth\scratch_neck\023_mask.png,1717,0.0016374588012695312,-6.4146091395992295
screw,scratch_neck,D:\Research\research-experiments\industrial-anomaly-detection\data\mvtec_ad\screw\test\scratch_neck\024.png,1,0.0,0,1,46.927154541015625,29.212321351214154,2.1961140469363216,8.066445007496066,D:\Research\research-experiments\industrial-anomaly-detection\data\mvtec_ad\screw\ground_truth\scratch_neck\024_mask.png,3240,0.00308990478515625,-5.779614678778016
screw,thread_side,D:\Research\research-experiments\industrial-anomaly-detection\data\mvtec_ad\screw\test\thread_side\000.png,1,0.0,0,1,29.87157440185547,29.212321351214154,2.1961140469363216,0.3001907171264637,D:\Research\research-experiments\industrial-anomaly-detection\data\mvtec_ad\screw\ground_truth\thread_side\000_mask.png,1580,0.001506805419921875,-6.497762821522418
screw,thread_side,D:\Research\research-experiments\industrial-anomaly-detection\data\mvtec_ad\screw\test\thread_side\001.png,1,0.0,0,1,35.83751678466797,29.212321351214154,2.1961140469363216,3.0167811378904763,D:\Research\research-experiments\industrial-anomaly-detection\data\mvtec_ad\screw\ground_truth\thread_side\001_mask.png,6009,0.005730628967285156,-5.161929812364078
screw,thread_side,D:\Research\research-experiments\industrial-anomaly-detection\data\mvtec_ad\screw\test\thread_side\002.png,1,0.0,0,1,34.89080047607422,29.212321351214154,2.1961140469363216,2.585694095796983,D:\Research\research-experiments\industrial-anomaly-detection\data\mvtec_ad\screw\ground_truth\thread_side\002_mask.png,2302,0.0021953582763671875,-6.121409566410666
screw,thread_side,D:\Research\research-experiments\industrial-anomaly-detection\data\mvtec_ad\screw\test\thread_side\003.png,1,0.0,0,1,31.81019401550293,29.212321351214154,2.1961140469363216,1.182940689220091,D:\Research\research-experiments\industrial-anomaly-detection\data\mvtec_ad\screw\ground_truth\thread_side\003_mask.png,2047,0.0019521713256835938,-6.238812513287626
screw,thread_side,D:\Research\research-experiments\industrial-anomaly-detection\data\mvtec_ad\screw\test\thread_side\004.png,1,0.0,0,1,33.84184265136719,29.212321351214154,2.1961140469363216,2.108051404075041,D:\Research\research-experiments\industrial-anomaly-detection\data\mvtec_ad\screw\ground_truth\thread_side\004_mask.png,1460,0.001392364501953125,-6.576751178294042
screw,thread_side,D:\Research\research-experiments\industrial-anomaly-detection\data\mvtec_ad\screw\test\thread_side\005.png,1,0.0,0,1,38.05984878540039,29.212321351214154,2.1961140469363216,4.0287194768090195,D:\Research\research-experiments\industrial-anomaly-detection\data\mvtec_ad\screw\ground_truth\thread_side\005_mask.png,2721,0.0025949478149414062,-5.95418848705153
screw,thread_side,D:\Research\research-experiments\industrial-anomaly-detection\data\mvtec_ad\screw\test\thread_side\006.png,1,0.0,0,1,33.599098205566406,29.212321351214154,2.1961140469363216,1.9975177794031254,D:\Research\research-experiments\industrial-anomaly-detection\data\mvtec_ad\screw\ground_truth\thread_side\006_mask.png,4696,0.00447845458984375,-5.408477026399687
screw,thread_side,D:\Research\research-experiments\industrial-anomaly-detection\data\mvtec_ad\screw\test\thread_side\007.png,1,0.0,0,1,37.255332946777344,29.212321351214154,2.1961140469363216,3.66238338431629,D:\Research\research-experiments\industrial-anomaly-detection\data\mvtec_ad\screw\ground_truth\thread_side\007_mask.png,3887,0.0037069320678710938,-5.597550410581862
screw,thread_side,D:\Research\research-experiments\industrial-anomaly-detection\data\mvtec_ad\screw\test\thread_side\008.png,1,0.0,0,1,30.87066650390625,29.212321351214154,2.1961140469363216,0.7551270641001374,D:\Research\research-experiments\industrial-anomaly-detection\data\mvtec_ad\screw\ground_truth\thread_side\008_mask.png,2757,0.0026292800903320312,-5.941044819842936
screw,thread_side,D:\Research\research-experiments\industrial-anomaly-detection\data\mvtec_ad\screw\test\thread_side\009.png,1,0.0,0,1,32.87432098388672,29.212321351214154,2.1961140469363216,1.6674906468456043,D:\Research\research-experiments\industrial-anomaly-detection\data\mvtec_ad\screw\ground_truth\thread_side\009_mask.png,2577,0.0024576187133789062,-6.008561993648681
screw,thread_side,D:\Research\research-experiments\industrial-anomaly-detection\data\mvtec_ad\screw\test\thread_side\010.png,1,0.0,0,1,31.508230209350586,29.212321351214154,2.1961140469363216,1.04544154313813,D:\Research\research-experiments\industrial-anomaly-detection\data\mvtec_ad\screw\ground_truth\thread_side\010_mask.png,3097,0.0029535293579101562,-5.824754092647782
screw,thread_side,D:\Research\research-experiments\industrial-anomaly-detection\data\mvtec_ad\screw\test\thread_side\011.png,1,0.0,0,1,38.889976501464844,29.212321351214154,2.1961140469363216,4.406717931498802,D:\Research\research-experiments\industrial-anomaly-detection\data\mvtec_ad\screw\ground_truth\thread_side\011_mask.png,1761,0.0016794204711914062,-6.389305907259379
screw,thread_side,D:\Research\research-experiments\industrial-anomaly-detection\data\mvtec_ad\screw\test\thread_side\012.png,1,0.0,0,1,32.120201110839844,29.212321351214154,2.1961140469363216,1.3241023450864555,D:\Research\research-experiments\industrial-anomaly-detection\data\mvtec_ad\screw\ground_truth\thread_side\012_mask.png,4231,0.004034996032714844,-5.512749712647151
screw,thread_side,D:\Research\research-experiments\industrial-anomaly-detection\data\mvtec_ad\screw\test\thread_side\013.png,1,0.0,0,1,31.029926300048828,29.212321351214154,2.1961140469363216,0.8276459737463613,D:\Research\research-experiments\industrial-anomaly-detection\data\mvtec_ad\screw\ground_truth\thread_side\013_mask.png,1685,0.0016069412231445312,-6.433422146112341
screw,thread_side,D:\Research\research-experiments\industrial-anomaly-detection\data\mvtec_ad\screw\test\thread_side\014.png,1,0.0,0,1,35.80600357055664,29.212321351214154,2.1961140469363216,3.0024316034683953,D:\Research\research-experiments\industrial-anomaly-detection\data\mvtec_ad\screw\ground_truth\thread_side\014_mask.png,2720,0.002593994140625,-5.954556066403055
screw,thread_side,D:\Research\research-experiments\industrial-anomaly-detection\data\mvtec_ad\screw\test\thread_side\015.png,1,0.0,0,1,31.92696189880371,29.212321351214154,2.1961140469363216,1.2361109166332247,D:\Research\research-experiments\industrial-anomaly-detection\data\mvtec_ad\screw\ground_truth\thread_side\015_mask.png,2977,0.0028390884399414062,-5.864271897957461
screw,thread_side,D:\Research\research-experiments\industrial-anomaly-detection\data\mvtec_ad\screw\test\thread_side\016.png,1,0.0,0,1,32.631893157958984,29.212321351214154,2.1961140469363216,1.5571011949562854,D:\Research\research-experiments\industrial-anomaly-detection\data\mvtec_ad\screw\ground_truth\thread_side\016_mask.png,5564,0.005306243896484375,-5.238870869698365
screw,thread_side,D:\Research\research-experiments\industrial-anomaly-detection\data\mvtec_ad\screw\test\thread_side\017.png,1,0.0,0,1,38.8788948059082,29.212321351214154,2.1961140469363216,4.401671884107912,D:\Research\research-experiments\industrial-anomaly-detection\data\mvtec_ad\screw\ground_truth\thread_side\017_mask.png,2901,0.0027666091918945312,-5.8901324656242755
screw,thread_side,D:\Research\research-experiments\industrial-anomaly-detection\data\mvtec_ad\screw\test\thread_side\018.png,1,0.0,0,1,35.09642028808594,29.212321351214154,2.1961140469363216,2.6793230274540467,D:\Research\research-experiments\industrial-anomaly-detection\data\mvtec_ad\screw\ground_truth\thread_side\018_mask.png,2424,0.00231170654296875,-6.069768831428936
screw,thread_side,D:\Research\research-experiments\industrial-anomaly-detection\data\mvtec_ad\screw\test\thread_side\019.png,1,0.0,0,1,35.876312255859375,29.212321351214154,2.1961140469363216,3.034446646312285,D:\Research\research-experiments\industrial-anomaly-detection\data\mvtec_ad\screw\ground_truth\thread_side\019_mask.png,1207,0.0011510848999023438,-6.7670495213561015
screw,thread_side,D:\Research\research-experiments\industrial-anomaly-detection\data\mvtec_ad\screw\test\thread_side\020.png,1,0.0,0,1,31.78118133544922,29.212321351214154,2.1961140469363216,1.16972977237623,D:\Research\research-experiments\industrial-anomaly-detection\data\mvtec_ad\screw\ground_truth\thread_side\020_mask.png,1601,0.0015268325805664062,-6.48455924325175
screw,thread_side,D:\Research\research-experiments\industrial-anomaly-detection\data\mvtec_ad\screw\test\thread_side\021.png,1,0.0,0,1,34.0533447265625,29.212321351214154,2.1961140469363216,2.204358822849748,D:\Research\research-experiments\industrial-anomaly-detection\data\mvtec_ad\screw\ground_truth\thread_side\021_mask.png,3364,0.003208160400390625,-5.7420572784010036
screw,thread_side,D:\Research\research-experiments\industrial-anomaly-detection\data\mvtec_ad\screw\test\thread_side\022.png,1,0.0,0,1,35.123939514160156,29.212321351214154,2.1961140469363216,2.6918539003896345,D:\Research\research-experiments\industrial-anomaly-detection\data\mvtec_ad\screw\ground_truth\thread_side\022_mask.png,3904,0.00372314453125,-5.593186395075795
screw,thread_top,D:\Research\research-experiments\industrial-anomaly-detection\data\mvtec_ad\screw\test\thread_top\000.png,1,0.0,0,1,43.57340621948242,29.212321351214154,2.1961140469363216,6.53931652060722,D:\Research\research-experiments\industrial-anomaly-detection\data\mvtec_ad\screw\ground_truth\thread_top\000_mask.png,6803,0.006487846374511719,-5.037824486719504
screw,thread_top,D:\Research\research-experiments\industrial-anomaly-detection\data\mvtec_ad\screw\test\thread_top\001.png,1,0.0,0,1,39.18564987182617,29.212321351214154,2.1961140469363216,4.541352729165073,D:\Research\research-experiments\industrial-anomaly-detection\data\mvtec_ad\screw\ground_truth\thread_top\001_mask.png,6387,0.006091117858886719,-5.100923493463853
screw,thread_top,D:\Research\research-experiments\industrial-anomaly-detection\data\mvtec_ad\screw\test\thread_top\002.png,1,0.0,0,1,36.678035736083984,29.212321351214154,2.1961140469363216,3.399511239083799,D:\Research\research-experiments\industrial-anomaly-detection\data\mvtec_ad\screw\ground_truth\thread_top\002_mask.png,6084,0.005802154541015625,-5.149525785469968
screw,thread_top,D:\Research\research-experiments\industrial-anomaly-detection\data\mvtec_ad\screw\test\thread_top\003.png,1,0.0,0,1,30.066593170166016,29.212321351214154,2.1961140469363216,0.38899246609874816,D:\Research\research-experiments\industrial-anomaly-detection\data\mvtec_ad\screw\ground_truth\thread_top\003_mask.png,4646,0.0044307708740234375,-5.419181472174216
screw,thread_top,D:\Research\research-experiments\industrial-anomaly-detection\data\mvtec_ad\screw\test\thread_top\004.png,1,0.0,0,1,41.036155700683594,29.212321351214154,2.1961140469363216,5.383980110670583,D:\Research\research-experiments\industrial-anomaly-detection\data\mvtec_ad\screw\ground_truth\thread_top\004_mask.png,6696,0.00638580322265625,-5.0536778424322355
screw,thread_top,D:\Research\research-experiments\industrial-anomaly-detection\data\mvtec_ad\screw\test\thread_top\005.png,1,0.0,0,1,41.4132080078125,29.212321351214154,2.1961140469363216,5.555670787507204,D:\Research\research-experiments\industrial-anomaly-detection\data\mvtec_ad\screw\ground_truth\thread_top\005_mask.png,10599,0.010107994079589844,-4.594428576240059
screw,thread_top,D:\Research\research-experiments\industrial-anomaly-detection\data\mvtec_ad\screw\test\thread_top\006.png,1,0.0,0,1,36.62299728393555,29.212321351214154,2.1961140469363216,3.374449493212623,D:\Research\research-experiments\industrial-anomaly-detection\data\mvtec_ad\screw\ground_truth\thread_top\006_mask.png,7649,0.007294654846191406,-4.920613274790371
screw,thread_top,D:\Research\research-experiments\industrial-anomaly-detection\data\mvtec_ad\screw\test\thread_top\007.png,1,0.0,0,1,44.33167266845703,29.212321351214154,2.1961140469363216,6.884592964711945,D:\Research\research-experiments\industrial-anomaly-detection\data\mvtec_ad\screw\ground_truth\thread_top\007_mask.png,6834,0.0065174102783203125,-5.033278025088504
screw,thread_top,D:\Research\research-experiments\industrial-anomaly-detection\data\mvtec_ad\screw\test\thread_top\008.png,1,0.0,0,1,33.4538688659668,29.212321351214154,2.1961140469363216,1.9313876347495675,D:\Research\research-experiments\industrial-anomaly-detection\data\mvtec_ad\screw\ground_truth\thread_top\008_mask.png,5620,0.005359649658203125,-5.228856481731827
screw,thread_top,D:\Research\research-experiments\industrial-anomaly-detection\data\mvtec_ad\screw\test\thread_top\009.png,1,0.0,0,1,37.6363525390625,29.212321351214154,2.1961140469363216,3.835880563489064,D:\Research\research-experiments\industrial-anomaly-detection\data\mvtec_ad\screw\ground_truth\thread_top\009_mask.png,4056,0.00386810302734375,-5.554990807403266
screw,thread_top,D:\Research\research-experiments\industrial-anomaly-detection\data\mvtec_ad\screw\test\thread_top\010.png,1,0.0,0,1,37.50059509277344,29.212321351214154,2.1961140469363216,3.7740634431630724,D:\Research\research-experiments\industrial-anomaly-detection\data\mvtec_ad\screw\ground_truth\thread_top\010_mask.png,5418,0.0051670074462890625,-5.265461395018263
screw,thread_top,D:\Research\research-experiments\industrial-anomaly-detection\data\mvtec_ad\screw\test\thread_top\011.png,1,0.0,0,1,40.58222198486328,29.212321351214154,2.1961140469363216,5.177281502985081,D:\Research\research-experiments\industrial-anomaly-detection\data\mvtec_ad\screw\ground_truth\thread_top\011_mask.png,5075,0.004839897155761719,-5.3308616006729785
screw,thread_top,D:\Research\research-experiments\industrial-anomaly-detection\data\mvtec_ad\screw\test\thread_top\012.png,1,0.0,0,1,38.370399475097656,29.212321351214154,2.1961140469363216,4.170128658235867,D:\Research\research-experiments\industrial-anomaly-detection\data\mvtec_ad\screw\ground_truth\thread_top\012_mask.png,1275,0.0012159347534179688,-6.712241331194169
screw,thread_top,D:\Research\research-experiments\industrial-anomaly-detection\data\mvtec_ad\screw\test\thread_top\013.png,1,0.0,0,1,38.642974853515625,29.212321351214154,2.1961140469363216,4.294245790858475,D:\Research\research-experiments\industrial-anomaly-detection\data\mvtec_ad\screw\ground_truth\thread_top\013_mask.png,3005,0.0028657913208007812,-5.854910415285898
screw,thread_top,D:\Research\research-experiments\industrial-anomaly-detection\data\mvtec_ad\screw\test\thread_top\014.png,1,0.0,0,1,41.482784271240234,29.212321351214154,2.1961140469363216,5.5873523222274954,D:\Research\research-experiments\industrial-anomaly-detection\data\mvtec_ad\screw\ground_truth\thread_top\014_mask.png,4905,0.004677772521972656,-5.364933025422503
screw,thread_top,D:\Research\research-experiments\industrial-anomaly-detection\data\mvtec_ad\screw\test\thread_top\015.png,1,0.0,0,1,34.8971061706543,29.212321351214154,2.1961140469363216,2.5885653922985807,D:\Research\research-experiments\industrial-anomaly-detection\data\mvtec_ad\screw\ground_truth\thread_top\015_mask.png,3769,0.0035943984985351562,-5.628378339721143
screw,thread_top,D:\Research\research-experiments\industrial-anomaly-detection\data\mvtec_ad\screw\test\thread_top\016.png,1,0.0,0,1,37.00119400024414,29.212321351214154,2.1961140469363216,3.5466612764923644,D:\Research\research-experiments\industrial-anomaly-detection\data\mvtec_ad\screw\ground_truth\thread_top\016_mask.png,4124,0.003932952880859375,-5.538364511800206
screw,thread_top,D:\Research\research-experiments\industrial-anomaly-detection\data\mvtec_ad\screw\test\thread_top\017.png,1,0.0,0,1,37.87337875366211,29.212321351214154,2.1961140469363216,3.9438103929668507,D:\Research\research-experiments\industrial-anomaly-detection\data\mvtec_ad\screw\ground_truth\thread_top\017_mask.png,1161,0.0011072158813476562,-6.805905726335187
screw,thread_top,D:\Research\research-experiments\industrial-anomaly-detection\data\mvtec_ad\screw\test\thread_top\018.png,1,0.0,0,1,36.6680908203125,29.212321351214154,2.1961140469363216,3.3949828240930753,D:\Research\research-experiments\industrial-anomaly-detection\data\mvtec_ad\screw\ground_truth\thread_top\018_mask.png,5585,0.005326271057128906,-5.23510371194701
screw,thread_top,D:\Research\research-experiments\industrial-anomaly-detection\data\mvtec_ad\screw\test\thread_top\019.png,1,0.0,0,1,44.1585693359375,29.212321351214154,2.1961140469363216,6.805770404125432,D:\Research\research-experiments\industrial-anomaly-detection\data\mvtec_ad\screw\ground_truth\thread_top\019_mask.png,7792,0.0074310302734375,-4.902090631305702
screw,thread_top,D:\Research\research-experiments\industrial-anomaly-detection\data\mvtec_ad\screw\test\thread_top\020.png,1,0.0,0,1,43.878578186035156,29.212321351214154,2.1961140469363216,6.678276501751397,D:\Research\research-experiments\industrial-anomaly-detection\data\mvtec_ad\screw\ground_truth\thread_top\020_mask.png,6790,0.0064754486083984375,-5.039737236216721
screw,thread_top,D:\Research\research-experiments\industrial-anomaly-detection\data\mvtec_ad\screw\test\thread_top\021.png,1,0.0,0,1,40.44206237792969,29.212321351214154,2.1961140469363216,5.11345985987455,D:\Research\research-experiments\industrial-anomaly-detection\data\mvtec_ad\screw\ground_truth\thread_top\021_mask.png,5326,0.0050792694091796875,-5.28258764794634
screw,thread_top,D:\Research\research-experiments\industrial-anomaly-detection\data\mvtec_ad\screw\test\thread_top\022.png,1,0.0,0,1,40.980384826660156,29.212321351214154,2.1961140469363216,5.35858485667581,D:\Research\research-experiments\industrial-anomaly-detection\data\mvtec_ad\screw\ground_truth\thread_top\022_mask.png,4004,0.003818511962890625,-5.567894208881712
screw,good,D:\Research\research-experiments\industrial-anomaly-detection\data\mvtec_ad\screw\test\good\000.png,1,0.25,1,0,29.544557571411133,28.756506524434904,2.3150850392432223,0.3403983152315797,,,,
screw,good,D:\Research\research-experiments\industrial-anomaly-detection\data\mvtec_ad\screw\test\good\001.png,1,0.25,1,0,27.757768630981445,28.756506524434904,2.3150850392432223,-0.43140440913562994,,,,
screw,good,D:\Research\research-experiments\industrial-anomaly-detection\data\mvtec_ad\screw\test\good\002.png,1,0.25,1,0,27.731603622436523,28.756506524434904,2.3150850392432223,-0.44270637347015607,,,,
screw,good,D:\Research\research-experiments\industrial-anomaly-detection\data\mvtec_ad\screw\test\good\003.png,1,0.25,1,0,34.35558319091797,28.756506524434904,2.3150850392432223,2.418518789406261,,,,
screw,good,D:\Research\research-experiments\industrial-anomaly-detection\data\mvtec_ad\screw\test\good\004.png,1,0.25,1,0,29.621049880981445,28.756506524434904,2.3150850392432223,0.37343913588122507,,,,
screw,good,D:\Research\research-experiments\industrial-anomaly-detection\data\mvtec_ad\screw\test\good\005.png,1,0.25,1,0,34.292640686035156,28.756506524434904,2.3150850392432223,2.3913308011397967,,,,
screw,good,D:\Research\research-experiments\industrial-anomaly-detection\data\mvtec_ad\screw\test\good\006.png,1,0.25,1,0,26.425048828125,28.756506524434904,2.3150850392432223,-1.0070721622701315,,,,
screw,good,D:\Research\research-experiments\industrial-anomaly-detection\data\mvtec_ad\screw\test\good\007.png,1,0.25,1,0,27.017580032348633,28.756506524434904,2.3150850392432223,-0.7511285601217953,,,,
screw,good,D:\Research\research-experiments\industrial-anomaly-detection\data\mvtec_ad\screw\test\good\008.png,1,0.25,1,0,29.48273468017578,28.756506524434904,2.3150850392432223,0.3136939436048853,,,,
screw,good,D:\Research\research-experiments\industrial-anomaly-detection\data\mvtec_ad\screw\test\good\009.png,1,0.25,1,0,29.53272819519043,28.756506524434904,2.3150850392432223,0.33528862119434905,,,,
screw,good,D:\Research\research-experiments\industrial-anomaly-detection\data\mvtec_ad\screw\test\good\010.png,1,0.25,1,0,26.604328155517578,28.756506524434904,2.3150850392432223,-0.9296325329029171,,,,
screw,good,D:\Research\research-experiments\industrial-anomaly-detection\data\mvtec_ad\screw\test\good\011.png,1,0.25,1,0,28.171466827392578,28.756506524434904,2.3150850392432223,-0.25270764880134583,,,,
screw,good,D:\Research\research-experiments\industrial-anomaly-detection\data\mvtec_ad\screw\test\good\012.png,1,0.25,1,0,29.244544982910156,28.756506524434904,2.3150850392432223,0.21080800497712462,,,,
screw,good,D:\Research\research-experiments\industrial-anomaly-detection\data\mvtec_ad\screw\test\good\013.png,1,0.25,1,0,28.74061393737793,28.756506524434904,2.3150850392432223,-0.006864796233217303,,,,
screw,good,D:\Research\research-experiments\industrial-anomaly-detection\data\mvtec_ad\screw\test\good\014.png,1,0.25,1,0,32.29058837890625,28.756506524434904,2.3150850392432223,1.5265451569012778,,,,
screw,good,D:\Research\research-experiments\industrial-anomaly-detection\data\mvtec_ad\screw\test\good\015.png,1,0.25,1,0,29.409177780151367,28.756506524434904,2.3150850392432223,0.2819210718625759,,,,
screw,good,D:\Research\research-experiments\industrial-anomaly-detection\data\mvtec_ad\screw\test\good\016.png,1,0.25,1,0,27.320648193359375,28.756506524434904,2.3150850392432223,-0.6202183966187682,,,,
screw,good,D:\Research\research-experiments\industrial-anomaly-detection\data\mvtec_ad\screw\test\good\017.png,1,0.25,1,0,26.515846252441406,28.756506524434904,2.3150850392432223,-0.9678522533781079,,,,
screw,good,D:\Research\research-experiments\industrial-anomaly-detection\data\mvtec_ad\screw\test\good\018.png,1,0.25,1,0,29.021181106567383,28.756506524434904,2.3150850392432223,0.11432607340376488,,,,
screw,good,D:\Research\research-experiments\industrial-anomaly-detection\data\mvtec_ad\screw\test\good\019.png,1,0.25,1,0,30.06492042541504,28.756506524434904,2.3150850392432223,0.5651688291363336,,,,
screw,good,D:\Research\research-experiments\industrial-anomaly-detection\data\mvtec_ad\screw\test\good\020.png,1,0.25,1,0,27.425935745239258,28.756506524434904,2.3150850392432223,-0.5747394832764314,,,,
screw,good,D:\Research\research-experiments\industrial-anomaly-detection\data\mvtec_ad\screw\test\good\021.png,1,0.25,1,0,27.34069061279297,28.756506524434904,2.3150850392432223,-0.61156108205198,,,,
screw,good,D:\Research\research-experiments\industrial-anomaly-detection\data\mvtec_ad\screw\test\good\022.png,1,0.25,1,0,30.963417053222656,28.756506524434904,2.3150850392432223,0.9532740661263867,,,,
screw,good,D:\Research\research-experiments\industrial-anomaly-detection\data\mvtec_ad\screw\test\good\023.png,1,0.25,1,0,28.84332847595215,28.756506524434904,2.3150850392432223,0.03750270510392368,,,,
screw,good,D:\Research\research-experiments\industrial-anomaly-detection\data\mvtec_ad\screw\test\good\024.png,1,0.25,1,0,30.133468627929688,28.756506524434904,2.3150850392432223,0.5947781961153782,,,,
screw,good,D:\Research\research-experiments\industrial-anomaly-detection\data\mvtec_ad\screw\test\good\025.png,1,0.25,1,0,32.57002639770508,28.756506524434904,2.3150850392432223,1.6472482905063284,,,,
screw,good,D:\Research\research-experiments\industrial-anomaly-detection\data\mvtec_ad\screw\test\good\026.png,1,0.25,1,0,27.552392959594727,28.756506524434904,2.3150850392432223,-0.5201163432138071,,,,
screw,good,D:\Research\research-experiments\industrial-anomaly-detection\data\mvtec_ad\screw\test\good\027.png,1,0.25,1,0,30.203289031982422,28.756506524434904,2.3150850392432223,0.6249370900087783,,,,
screw,good,D:\Research\research-experiments\industrial-anomaly-detection\data\mvtec_ad\screw\test\good\028.png,1,0.25,1,0,25.36026954650879,28.756506524434904,2.3150850392432223,-1.4670031209895904,,,,
screw,good,D:\Research\research-experiments\industrial-anomaly-detection\data\mvtec_ad\screw\test\good\029.png,1,0.25,1,0,27.328914642333984,28.756506524434904,2.3150850392432223,-0.6166477074931058,,,,
screw,good,D:\Research\research-experiments\industrial-anomaly-detection\data\mvtec_ad\screw\test\good\030.png,1,0.25,1,0,28.100994110107422,28.756506524434904,2.3150850392432223,-0.2831483091185984,,,,
screw,good,D:\Research\research-experiments\industrial-anomaly-detection\data\mvtec_ad\screw\test\good\031.png,1,0.25,1,0,28.373470306396484,28.756506524434904,2.3150850392432223,-0.1654523317915054,,,,
screw,good,D:\Research\research-experiments\industrial-anomaly-detection\data\mvtec_ad\screw\test\good\032.png,1,0.25,1,0,28.04177474975586,28.756506524434904,2.3150850392432223,-0.30872808668518004,,,,
screw,good,D:\Research\research-experiments\industrial-anomaly-detection\data\mvtec_ad\screw\test\good\033.png,1,0.25,1,0,27.100513458251953,28.756506524434904,2.3150850392432223,-0.715305502006215,,,,
screw,good,D:\Research\research-experiments\industrial-anomaly-detection\data\mvtec_ad\screw\test\good\034.png,1,0.25,1,0,27.191492080688477,28.756506524434904,2.3150850392432223,-0.6760073246631212,,,,
screw,good,D:\Research\research-experiments\industrial-anomaly-detection\data\mvtec_ad\screw\test\good\035.png,1,0.25,1,0,35.05033874511719,28.756506524434904,2.3150850392432223,2.718618156134633,,,,
screw,good,D:\Research\research-experiments\industrial-anomaly-detection\data\mvtec_ad\screw\test\good\036.png,1,0.25,1,0,26.44124984741211,28.756506524434904,2.3150850392432223,-1.0000741388660301,,,,
screw,good,D:\Research\research-experiments\industrial-anomaly-detection\data\mvtec_ad\screw\test\good\037.png,1,0.25,1,0,27.083110809326172,28.756506524434904,2.3150850392432223,-0.7228225688226764,,,,
screw,good,D:\Research\research-experiments\industrial-anomaly-detection\data\mvtec_ad\screw\test\good\038.png,1,0.25,1,0,28.865102767944336,28.756506524434904,2.3150850392432223,0.0469081012872558,,,,
screw,good,D:\Research\research-experiments\industrial-anomaly-detection\data\mvtec_ad\screw\test\good\039.png,1,0.25,1,0,26.385501861572266,28.756506524434904,2.3150850392432223,-1.0241544576857946,,,,
screw,good,D:\Research\research-experiments\industrial-anomaly-detection\data\mvtec_ad\screw\test\good\040.png,1,0.25,1,0,25.516874313354492,28.756506524434904,2.3150850392432223,-1.3993577584257617,,,,
screw,manipulated_front,D:\Research\research-experiments\industrial-anomaly-detection\data\mvtec_ad\screw\test\manipulated_front\000.png,1,0.25,0,1,34.00883102416992,28.756506524434904,2.3150850392432223,2.268739338167875,D:\Research\research-experiments\industrial-anomaly-detection\data\mvtec_ad\screw\ground_truth\manipulated_front\000_mask.png,3806,0.0036296844482421875,-5.618609287836806
screw,manipulated_front,D:\Research\research-experiments\industrial-anomaly-detection\data\mvtec_ad\screw\test\manipulated_front\001.png,1,0.25,0,1,35.07658004760742,28.756506524434904,2.3150850392432223,2.729953075606452,D:\Research\research-experiments\industrial-anomaly-detection\data\mvtec_ad\screw\ground_truth\manipulated_front\001_mask.png,2866,0.0027332305908203125,-5.902270636943445
screw,manipulated_front,D:\Research\research-experiments\industrial-anomaly-detection\data\mvtec_ad\screw\test\manipulated_front\002.png,1,0.25,0,1,30.43828773498535,28.756506524434904,2.3150850392432223,0.7264446800192724,D:\Research\research-experiments\industrial-anomaly-detection\data\mvtec_ad\screw\ground_truth\manipulated_front\002_mask.png,2520,0.00240325927734375,-6.030929014591936
screw,manipulated_front,D:\Research\research-experiments\industrial-anomaly-detection\data\mvtec_ad\screw\test\manipulated_front\003.png,1,0.25,0,1,40.09330749511719,28.756506524434904,2.3150850392432223,4.896926367071236,D:\Research\research-experiments\industrial-anomaly-detection\data\mvtec_ad\screw\ground_truth\manipulated_front\003_mask.png,4826,0.0046024322509765625,-5.381170147737533
screw,manipulated_front,D:\Research\research-experiments\industrial-anomaly-detection\data\mvtec_ad\screw\test\manipulated_front\004.png,1,0.25,0,1,38.05107498168945,28.756506524434904,2.3150850392432223,4.014784899777525,D:\Research\research-experiments\industrial-anomaly-detection\data\mvtec_ad\screw\ground_truth\manipulated_front\004_mask.png,2245,0.0021409988403320312,-6.146482343950946
screw,manipulated_front,D:\Research\research-experiments\industrial-anomaly-detection\data\mvtec_ad\screw\test\manipulated_front\005.png,1,0.25,0,1,37.13431167602539,28.756506524434904,2.3150850392432223,3.6187893790411714,D:\Research\research-experiments\industrial-anomaly-detection\data\mvtec_ad\screw\ground_truth\manipulated_front\005_mask.png,3304,0.00315093994140625,-5.76005415919247
screw,manipulated_front,D:\Research\research-experiments\industrial-anomaly-detection\data\mvtec_ad\screw\test\manipulated_front\006.png,1,0.25,0,1,34.13402557373047,28.756506524434904,2.3150850392432223,2.3228170707083056,D:\Research\research-experiments\industrial-anomaly-detection\data\mvtec_ad\screw\ground_truth\manipulated_front\006_mask.png,3633,0.0034646987915039062,-5.665129290352367
screw,manipulated_front,D:\Research\research-experiments\industrial-anomaly-detection\data\mvtec_ad\screw\test\manipulated_front\007.png,1,0.25,0,1,37.72101974487305,28.756506524434904,2.3150850392432223,3.8722176803356434,D:\Research\research-experiments\industrial-anomaly-detection\data\mvtec_ad\screw\ground_truth\manipulated_front\007_mask.png,4911,0.004683494567871094,-5.363710531643903
screw,manipulated_front,D:\Research\research-experiments\industrial-anomaly-detection\data\mvtec_ad\screw\test\manipulated_front\008.png,1,0.25,0,1,37.52987289428711,28.756506524434904,2.3150850392432223,3.789651879362552,D:\Research\research-experiments\industrial-anomaly-detection\data\mvtec_ad\screw\ground_truth\manipulated_front\008_mask.png,3808,0.003631591796875,-5.618083939926343
screw,manipulated_front,D:\Research\research-experiments\industrial-anomaly-detection\data\mvtec_ad\screw\test\manipulated_front\009.png,1,0.25,0,1,34.067909240722656,28.756506524434904,2.3150850392432223,2.2942581487304654,D:\Research\research-experiments\industrial-anomaly-detection\data\mvtec_ad\screw\ground_truth\manipulated_front\009_mask.png,6709,0.006398200988769531,-5.051738267342097
screw,manipulated_front,D:\Research\research-experiments\industrial-anomaly-detection\data\mvtec_ad\screw\test\manipulated_front\010.png,1,0.25,0,1,33.6929817199707,28.756506524434904,2.3150850392432223,2.1323083652898913,D:\Research\research-experiments\industrial-anomaly-detection\data\mvtec_ad\screw\ground_truth\manipulated_front\010_mask.png,3690,0.0035190582275390625,-5.649561589997436
screw,manipulated_front,D:\Research\research-experiments\industrial-anomaly-detection\data\mvtec_ad\screw\test\manipulated_front\011.png,1,0.25,0,1,33.77730941772461,28.756506524434904,2.3150850392432223,2.1687336785394953,D:\Research\research-experiments\industrial-anomaly-detection\data\mvtec_ad\screw\ground_truth\manipulated_front\011_mask.png,3133,0.0029878616333007812,-5.813196985559251
screw,manipulated_front,D:\Research\research-experiments\industrial-anomaly-detection\data\mvtec_ad\screw\test\manipulated_front\012.png,1,0.25,0,1,32.10624694824219,28.756506524434904,2.3150850392432223,1.4469189541746938,D:\Research\research-experiments\industrial-anomaly-detection\data\mvtec_ad\screw\ground_truth\manipulated_front\012_mask.png,1695,0.0016164779663085938,-6.427504972755639
screw,manipulated_front,D:\Research\research-experiments\industrial-anomaly-detection\data\mvtec_ad\screw\test\manipulated_front\013.png,1,0.25,0,1,35.21250915527344,28.756506524434904,2.3150850392432223,2.788667595963963,D:\Research\research-experiments\industrial-anomaly-detection\data\mvtec_ad\screw\ground_truth\manipulated_front\013_mask.png,3133,0.0029878616333007812,-5.813196985559251
screw,manipulated_front,D:\Research\research-experiments\industrial-anomaly-detection\data\mvtec_ad\screw\test\manipulated_front\014.png,1,0.25,0,1,34.962100982666016,28.756506524434904,2.3150850392432223,2.6805038920987787,D:\Research\research-experiments\industrial-anomaly-detection\data\mvtec_ad\screw\ground_truth\manipulated_front\014_mask.png,3315,0.0031614303588867188,-5.7567303922664745
screw,manipulated_front,D:\Research\research-experiments\industrial-anomaly-detection\data\mvtec_ad\screw\test\manipulated_front\015.png,1,0.25,0,1,37.08476638793945,28.756506524434904,2.3150850392432223,3.597388312883302,D:\Research\research-experiments\industrial-anomaly-detection\data\mvtec_ad\screw\ground_truth\manipulated_front\015_mask.png,4777,0.004555702209472656,-5.39137537830384
screw,manipulated_front,D:\Research\research-experiments\industrial-anomaly-detection\data\mvtec_ad\screw\test\manipulated_front\016.png,1,0.25,0,1,40.87295150756836,28.756506524434904,2.3150850392432223,5.233693267308314,D:\Research\research-experiments\industrial-anomaly-detection\data\mvtec_ad\screw\ground_truth\manipulated_front\016_mask.png,7016,0.00669097900390625,-5.006994927691938
screw,manipulated_front,D:\Research\research-experiments\industrial-anomaly-detection\data\mvtec_ad\screw\test\manipulated_front\017.png,1,0.25,0,1,31.852092742919922,28.756506524434904,2.3150850392432223,1.337137153068439,D:\Research\research-experiments\industrial-anomaly-detection\data\mvtec_ad\screw\ground_truth\manipulated_front\017_mask.png,1443,0.0013761520385742188,-6.5884633257614045
screw,manipulated_front,D:\Research\research-experiments\industrial-anomaly-detection\data\mvtec_ad\screw\test\manipulated_front\018.png,1,0.25,0,1,36.4511604309082,28.756506524434904,2.3150850392432223,3.323702488695017,D:\Research\research-experiments\industrial-anomaly-detection\data\mvtec_ad\screw\ground_truth\manipulated_front\018_mask.png,2756,0.002628326416015625,-5.941407598595183
screw,manipulated_front,D:\Research\research-experiments\industrial-anomaly-detection\data\mvtec_ad\screw\test\manipulated_front\019.png,1,0.25,0,1,31.003711700439453,28.756506524434904,2.3150850392432223,0.9706793218875179,D:\Research\research-experiments\industrial-anomaly-detection\data\mvtec_ad\screw\ground_truth\manipulated_front\019_mask.png,1771,0.0016889572143554688,-6.383643381334938
screw,manipulated_front,D:\Research\research-experiments\industrial-anomaly-detection\data\mvtec_ad\screw\test\manipulated_front\020.png,1,0.25,0,1,32.14931869506836,28.756506524434904,2.3150850392432223,1.4655237769332787,D:\Research\research-experiments\industrial-anomaly-detection\data\mvtec_ad\screw\ground_truth\manipulated_front\020_mask.png,1359,0.0012960433959960938,-6.648438425468958
screw,manipulated_front,D:\Research\research-experiments\industrial-anomaly-detection\data\mvtec_ad\screw\test\manipulated_front\021.png,1,0.25,0,1,32.482444763183594,28.756506524434904,2.3150850392432223,1.6094174406511912,D:\Research\research-experiments\industrial-anomaly-detection\data\mvtec_ad\screw\ground_truth\manipulated_front\021_mask.png,1537,0.0014657974243164062,-6.525355185438031
screw,manipulated_front,D:\Research\research-experiments\industrial-anomaly-detection\data\mvtec_ad\screw\test\manipulated_front\022.png,1,0.25,0,1,32.369834899902344,28.756506524434904,2.3150850392432223,1.5607756580071892,D:\Research\research-experiments\industrial-anomaly-detection\data\mvtec_ad\screw\ground_truth\manipulated_front\022_mask.png,1506,0.0014362335205078125,-6.5457305065737055
screw,manipulated_front,D:\Research\research-experiments\industrial-anomaly-detection\data\mvtec_ad\screw\test\manipulated_front\023.png,1,0.25,0,1,31.5030574798584,28.756506524434904,2.3150850392432223,1.1863715193465696,D:\Research\research-experiments\industrial-anomaly-detection\data\mvtec_ad\screw\ground_truth\manipulated_front\023_mask.png,2523,0.0024061203002929688,-6.0297392469511175
screw,scratch_head,D:\Research\research-experiments\industrial-anomaly-detection\data\mvtec_ad\screw\test\scratch_head\000.png,1,0.25,0,1,40.09034729003906,28.756506524434904,2.3150850392432223,4.89564770774428,D:\Research\research-experiments\industrial-anomaly-detection\data\mvtec_ad\screw\ground_truth\scratch_head\000_mask.png,2767,0.0026388168334960938,-5.937424252454337
screw,scratch_head,D:\Research\research-experiments\industrial-anomaly-detection\data\mvtec_ad\screw\test\scratch_head\001.png,1,0.25,0,1,36.9098014831543,28.756506524434904,2.3150850392432223,3.521812296529989,D:\Research\research-experiments\industrial-anomaly-detection\data\mvtec_ad\screw\ground_truth\scratch_head\001_mask.png,3019,0.0028791427612304688,-5.850262334166524
screw,scratch_head,D:\Research\research-experiments\industrial-anomaly-detection\data\mvtec_ad\screw\test\scratch_head\002.png,1,0.25,0,1,36.59303283691406,28.756506524434904,2.3150850392432223,3.3849842142476283,D:\Research\research-experiments\industrial-anomaly-detection\data\mvtec_ad\screw\ground_truth\scratch_head\002_mask.png,3012,0.002872467041015625,-5.852583674146381
screw,scratch_head,D:\Research\research-experiments\industrial-anomaly-detection\data\mvtec_ad\screw\test\scratch_head\003.png,1,0.25,0,1,31.340728759765625,28.756506524434904,2.3150850392432223,1.1162536976073574,D:\Research\research-experiments\industrial-anomaly-detection\data\mvtec_ad\screw\ground_truth\scratch_head\003_mask.png,1741,0.0016603469848632812,-6.400728069147154
screw,scratch_head,D:\Research\research-experiments\industrial-anomaly-detection\data\mvtec_ad\screw\test\scratch_head\004.png,1,0.25,0,1,35.427894592285156,28.756506524434904,2.3150850392432223,2.88170324405494,D:\Research\research-experiments\industrial-anomaly-detection\data\mvtec_ad\screw\ground_truth\scratch_head\004_mask.png,2981,0.0028429031372070312,-5.8629291657677935
screw,scratch_head,D:\Research\research-experiments\industrial-anomaly-detection\data\mvtec_ad\screw\test\scratch_head\005.png,1,0.25,0,1,37.302223205566406,28.756506524434904,2.3150850392432223,3.691318692951776,D:\Research\research-experiments\industrial-anomaly-detection\data\mvtec_ad\screw\ground_truth\scratch_head\005_mask.png,1355,0.0012922286987304688,-6.651386104028578
screw,scratch_head,D:\Research\research-experiments\industrial-anomaly-detection\data\mvtec_ad\screw\test\scratch_head\006.png,1,0.25,0,1,33.32386016845703,28.756506524434904,2.3150850392432223,1.9728664677972902,D:\Research\research-experiments\industrial-anomaly-detection\data\mvtec_ad\screw\ground_truth\scratch_head\006_mask.png,2586,0.0024662017822265625,-6.00507564638536
screw,scratch_head,D:\Research\research-experiments\industrial-anomaly-detection\data\mvtec_ad\screw\test\scratch_head\007.png,1,0.25,0,1,34.3728141784668,28.756506524434904,2.3150850392432223,2.4259617071638138,D:\Research\research-experiments\industrial-anomaly-detection\data\mvtec_ad\screw\ground_truth\scratch_head\007_mask.png,2707,0.0025815963745117188,-5.959346934227458
screw,scratch_head,D:\Research\research-experiments\industrial-anomaly-detection\data\mvtec_ad\screw\test\scratch_head\008.png,1,0.25,0,1,38.3626594543457,28.756506524434904,2.3150850392432223,4.149373680480848,D:\Research\research-experiments\industrial-anomaly-detection\data\mvtec_ad\screw\ground_truth\scratch_head\008_mask.png,3009,0.0028696060180664062,-5.853580186089028
screw,scratch_head,D:\Research\research-experiments\industrial-anomaly-detection\data\mvtec_ad\screw\test\scratch_head\009.png,1,0.25,0,1,37.6756477355957,28.756506524434904,2.3150850392432223,3.852619260187684,D:\Research\research-experiments\industrial-anomaly-detection\data\mvtec_ad\screw\ground_truth\scratch_head\009_mask.png,3278,0.0031261444091796875,-5.767954532012327
screw,scratch_head,D:\Research\research-experiments\industrial-anomaly-detection\data\mvtec_ad\screw\test\scratch_head\010.png,1,0.25,0,1,36.5035285949707,28.756506524434904,2.3150850392432223,3.3463228949327153,D:\Research\research-experiments\industrial-anomaly-detection\data\mvtec_ad\screw\ground_truth\scratch_head\010_mask.png,2213,0.0021104812622070312,-6.160838797322393
screw,scratch_head,D:\Research\research-experiments\industrial-anomaly-detection\data\mvtec_ad\screw\test\scratch_head\011.png,1,0.25,0,1,38.945823669433594,28.756506524434904,2.3150850392432223,4.401271215648076,D:\Research\research-experiments\industrial-anomaly-detection\data\mvtec_ad\screw\ground_truth\scratch_head\011_mask.png,2801,0.0026712417602539062,-5.925211461581139
screw,scratch_head,D:\Research\research-experiments\industrial-anomaly-detection\data\mvtec_ad\screw\test\scratch_head\012.png,1,0.25,0,1,40.19679260253906,28.756506524434904,2.3150850392432223,4.941626715295033,D:\Research\research-experiments\industrial-anomaly-detection\data\mvtec_ad\screw\ground_truth\scratch_head\012_mask.png,3541,0.0033769607543945312,-5.690778862962787
screw,scratch_head,D:\Research\research-experiments\industrial-anomaly-detection\data\mvtec_ad\screw\test\scratch_head\013.png,1,0.25,0,1,38.01611328125,28.756506524434904,2.3150850392432223,3.999683208113153,D:\Research\research-experiments\industrial-anomaly-detection\data\mvtec_ad\screw\ground_truth\scratch_head\013_mask.png,1953,0.0018625259399414062,-6.285821143417097
screw,scratch_head,D:\Research\research-experiments\industrial-anomaly-detection\data\mvtec_ad\screw\test\scratch_head\014.png,1,0.25,0,1,31.087160110473633,28.756506524434904,2.3150850392432223,1.0067248271798237,D:\Research\research-experiments\industrial-anomaly-detection\data\mvtec_ad\screw\ground_truth\scratch_head\014_mask.png,2388,0.002277374267578125,-6.084731697584332
screw,scratch_head,D:\Research\research-experiments\industrial-anomaly-detection\data\mvtec_ad\screw\test\scratch_head\015.png,1,0.25,0,1,42.64360046386719,28.756506524434904,2.3150850392432223,5.998524332381256,D:\Research\research-experiments\industrial-anomaly-detection\data\mvtec_ad\screw\ground_truth\scratch_head\015_mask.png,3545,0.0033807754516601562,-5.689649876442595
screw,scratch_head,D:\Research\research-experiments\industrial-anomaly-detection\data\mvtec_ad\screw\test\scratch_head\016.png,1,0.25,0,1,35.438575744628906,28.756506524434904,2.3150850392432223,2.886316963275916,D:\Research\research-experiments\industrial-anomaly-detection\data\mvtec_ad\screw\ground_truth\scratch_head\016_mask.png,2091,0.0019941329956054688,-6.217545410299332
screw,scratch_head,D:\Research\research-experiments\industrial-anomaly-detection\data\mvtec_ad\screw\test\scratch_head\017.png,1,0.25,0,1,34.400001525878906,28.756506524434904,2.3150850392432223,2.437705270338062,D:\Research\research-experiments\industrial-anomaly-detection\data\mvtec_ad\screw\ground_truth\scratch_head\017_mask.png,2511,0.0023946762084960938,-6.034506834448417
screw,scratch_head,D:\Research\research-experiments\industrial-anomaly-detection\data\mvtec_ad\screw\test\scratch_head\018.png,1,0.25,0,1,35.47312545776367,28.756506524434904,2.3150850392432223,2.901240697198908,D:\Research\research-experiments\industrial-anomaly-detection\data\mvtec_ad\screw\ground_truth\scratch_head\018_mask.png,3846,0.0036678314208984375,-5.608154412409553
screw,scratch_head,D:\Research\research-experiments\industrial-anomaly-detection\data\mvtec_ad\screw\test\scratch_head\019.png,1,0.25,0,1,38.65434646606445,28.756506524434904,2.3150850392432223,4.27536776137824,D:\Research\research-experiments\industrial-anomaly-detection\data\mvtec_ad\screw\ground_truth\scratch_head\019_mask.png,2618,0.0024967193603515625,-5.992777264203549
screw,scratch_head,D:\Research\research-experiments\industrial-anomaly-detection\data\mvtec_ad\screw\test\scratch_head\020.png,1,0.25,0,1,35.05109786987305,28.756506524434904,2.3150850392432223,2.718946059750695,D:\Research\research-experiments\industrial-anomaly-detection\data\mvtec_ad\screw\ground_truth\scratch_head\020_mask.png,2465,0.0023508071899414062,-6.052996099336405
screw,scratch_head,D:\Research\research-experiments\industrial-anomaly-detection\data\mvtec_ad\screw\test\scratch_head\021.png,1,0.25,0,1,40.921993255615234,28.756506524434904,2.3150850392432223,5.254876829560051,D:\Research\research-experiments\industrial-anomaly-detection\data\mvtec_ad\screw\ground_truth\scratch_head\021_mask.png,2066,0.0019702911376953125,-6.229573453980245
screw,scratch_head,D:\Research\research-experiments\industrial-anomaly-detection\data\mvtec_ad\screw\test\scratch_head\022.png,1,0.25,0,1,29.8238582611084,28.756506524434904,2.3150850392432223,0.46104212958950336,D:\Research\research-experiments\industrial-anomaly-detection\data\mvtec_ad\screw\ground_truth\scratch_head\022_mask.png,1402,0.0013370513916015625,-6.617287795690243
screw,scratch_head,D:\Research\research-experiments\industrial-anomaly-detection\data\mvtec_ad\screw\test\scratch_head\023.png,1,0.25,0,1,35.497291564941406,28.756506524434904,2.3150850392432223,2.911679236936366,D:\Research\research-experiments\industrial-anomaly-detection\data\mvtec_ad\screw\ground_truth\scratch_head\023_mask.png,2444,0.002330780029296875,-6.061551861866596
screw,scratch_neck,D:\Research\research-experiments\industrial-anomaly-detection\data\mvtec_ad\screw\test\scratch_neck\000.png,1,0.25,0,1,33.579837799072266,28.756506524434904,2.3150850392432223,2.0834358966848403,D:\Research\research-experiments\industrial-anomaly-detection\data\mvtec_ad\screw\ground_truth\scratch_neck\000_mask.png,2810,0.0026798248291015625,-5.922003475712465
screw,scratch_neck,D:\Research\research-experiments\industrial-anomaly-detection\data\mvtec_ad\screw\test\scratch_neck\001.png,1,0.25,0,1,47.08697509765625,28.756506524434904,2.3150850392432223,7.917838119334653,D:\Research\research-experiments\industrial-anomaly-detection\data\mvtec_ad\screw\ground_truth\scratch_neck\001_mask.png,7445,0.007100105285644531,-4.947645525237824
screw,scratch_neck,D:\Research\research-experiments\industrial-anomaly-detection\data\mvtec_ad\screw\test\scratch_neck\002.png,1,0.25,0,1,32.51699447631836,28.756506524434904,2.3150850392432223,1.6243411745741834,D:\Research\research-experiments\industrial-anomaly-detection\data\mvtec_ad\screw\ground_truth\scratch_neck\002_mask.png,2926,0.0027904510498046875,-5.881551671253898
screw,scratch_neck,D:\Research\research-experiments\industrial-anomaly-detection\data\mvtec_ad\screw\test\scratch_neck\003.png,1,0.25,0,1,49.44133758544922,28.756506524434904,2.3150850392432223,8.93480399656333,D:\Research\research-experiments\industrial-anomaly-detection\data\mvtec_ad\screw\ground_truth\scratch_neck\003_mask.png,2614,0.0024929046630859375,-5.994306315876335
screw,scratch_neck,D:\Research\research-experiments\industrial-anomaly-detection\data\mvtec_ad\screw\test\scratch_neck\004.png,1,0.25,0,1,40.39238357543945,28.756506524434904,2.3150850392432223,5.026112153015424,D:\Research\research-experiments\industrial-anomaly-detection\data\mvtec_ad\screw\ground_truth\scratch_neck\004_mask.png,3823,0.0036458969116210938,-5.6141526032216
screw,scratch_neck,D:\Research\research-experiments\industrial-anomaly-detection\data\mvtec_ad\screw\test\scratch_neck\005.png,1,0.25,0,1,31.987497329711914,28.756506524434904,2.3150850392432223,1.3956251068570629,D:\Research\research-experiments\industrial-anomaly-detection\data\mvtec_ad\screw\ground_truth\scratch_neck\005_mask.png,2145,0.0020456314086914062,-6.1920482909902885
screw,scratch_neck,D:\Research\research-experiments\industrial-anomaly-detection\data\mvtec_ad\screw\test\scratch_neck\006.png,1,0.25,0,1,43.4827995300293,28.756506524434904,2.3150850392432223,6.361016012789002,D:\Research\research-experiments\industrial-anomaly-detection\data\mvtec_ad\screw\ground_truth\scratch_neck\006_mask.png,4725,0.004506111145019531,-5.402320549350241
screw,scratch_neck,D:\Research\research-experiments\industrial-anomaly-detection\data\mvtec_ad\screw\test\scratch_neck\007.png,1,0.25,0,1,46.82709503173828,28.756506524434904,2.3150850392432223,7.805583035174582,D:\Research\research-experiments\industrial-anomaly-detection\data\mvtec_ad\screw\ground_truth\scratch_neck\007_mask.png,3062,0.0029201507568359375,-5.836119692533263
screw,scratch_neck,D:\Research\research-experiments\industrial-anomaly-detection\data\mvtec_ad\screw\test\scratch_neck\008.png,1,0.25,0,1,51.43666076660156,28.756506524434904,2.3150850392432223,9.796682997692633,D:\Research\research-experiments\industrial-anomaly-detection\data\mvtec_ad\screw\ground_truth\scratch_neck\008_mask.png,4567,0.004355430603027344,-5.43633156841551
screw,scratch_neck,D:\Research\research-experiments\industrial-anomaly-detection\data\mvtec_ad\screw\test\scratch_neck\009.png,1,0.25,0,1,52.05985641479492,28.756506524434904,2.3150850392432223,10.065872093397331,D:\Research\research-experiments\industrial-anomaly-detection\data\mvtec_ad\screw\ground_truth\scratch_neck\009_mask.png,2582,0.0024623870849609375,-6.006623633682409
screw,scratch_neck,D:\Research\research-experiments\industrial-anomaly-detection\data\mvtec_ad\screw\test\scratch_neck\010.png,1,0.25,0,1,41.67887878417969,28.756506524434904,2.3150850392432223,5.581813212342721,D:\Research\research-experiments\industrial-anomaly-detection\data\mvtec_ad\screw\ground_truth\scratch_neck\010_mask.png,4609,0.004395484924316406,-5.42717719097224
screw,scratch_neck,D:\Research\research-experiments\industrial-anomaly-detection\data\mvtec_ad\screw\test\scratch_neck\011.png,1,0.25,0,1,34.988807678222656,28.756506524434904,2.3150850392432223,2.6920398379080828,D:\Research\research-experiments\industrial-anomaly-detection\data\mvtec_ad\screw\ground_truth\scratch_neck\011_mask.png,1637,0.0015611648559570312,-6.462322393280634
screw,scratch_neck,D:\Research\research-experiments\industrial-anomaly-detection\data\mvtec_ad\screw\test\scratch_neck\012.png,1,0.25,0,1,36.23709487915039,28.756506524434904,2.3150850392432223,3.231236964479203,D:\Research\research-experiments\industrial-anomaly-detection\data\mvtec_ad\screw\ground_truth\scratch_neck\012_mask.png,3583,0.0034170150756835938,-5.6789876012409115
screw,scratch_neck,D:\Research\research-experiments\industrial-anomaly-detection\data\mvtec_ad\screw\test\scratch_neck\013.png,1,0.25,0,1,42.05707931518555,28.756506524434904,2.3150850392432223,5.745176771173151,D:\Research\research-experiments\industrial-anomaly-detection\data\mvtec_ad\screw\ground_truth\scratch_neck\013_mask.png,3198,0.0030498504638671875,-5.792662389920133
screw,scratch_neck,D:\Research\research-experiments\industrial-anomaly-detection\data\mvtec_ad\screw\test\scratch_neck\014.png,1,0.25,0,1,46.39234161376953,28.756506524434904,2.3150850392432223,7.617791480825949,D:\Research\research-experiments\industrial-anomaly-detection\data\mvtec_ad\screw\ground_truth\scratch_neck\014_mask.png,2981,0.0028429031372070312,-5.8629291657677935
screw,scratch_neck,D:\Research\research-experiments\industrial-anomaly-detection\data\mvtec_ad\screw\test\scratch_neck\015.png,1,0.25,0,1,45.964324951171875,28.756506524434904,2.3150850392432223,7.43290986510026,D:\Research\research-experiments\industrial-anomaly-detection\data\mvtec_ad\screw\ground_truth\scratch_neck\015_mask.png,3017,0.0028772354125976562,-5.850925024484055
screw,scratch_neck,D:\Research\research-experiments\industrial-anomaly-detection\data\mvtec_ad\screw\test\scratch_neck\016.png,1,0.25,0,1,49.555301666259766,28.756506524434904,2.3150850392432223,8.984030732894276,D:\Research\research-experiments\industrial-anomaly-detection\data\mvtec_ad\screw\ground_truth\scratch_neck\016_mask.png,3955,0.0037717819213867188,-5.580207465870512
screw,scratch_neck,D:\Research\research-experiments\industrial-anomaly-detection\data\mvtec_ad\screw\test\scratch_neck\017.png,1,0.25,0,1,38.848426818847656,28.756506524434904,2.3150850392432223,4.359200687380235,D:\Research\research-experiments\industrial-anomaly-detection\data\mvtec_ad\screw\ground_truth\scratch_neck\017_mask.png,3813,0.0036363601684570312,-5.6167717763411185
screw,scratch_neck,D:\Research\research-experiments\industrial-anomaly-detection\data\mvtec_ad\screw\test\scratch_neck\018.png,1,0.25,0,1,45.32553482055664,28.756506524434904,2.3150850392432223,7.1569847393329376,D:\Research\research-experiments\industrial-anomaly-detection\data\mvtec_ad\screw\ground_truth\scratch_neck\018_mask.png,3269,0.0031175613403320312,-5.770703883711211
screw,scratch_neck,D:\Research\research-experiments\industrial-anomaly-detection\data\mvtec_ad\screw\test\scratch_neck\019.png,1,0.25,0,1,41.685203552246094,28.756506524434904,2.3150850392432223,5.584545193224284,D:\Research\research-experiments\industrial-anomaly-detection\data\mvtec_ad\screw\ground_truth\scratch_neck\019_mask.png,4108,0.003917694091796875,-5.542251784898299
screw,scratch_neck,D:\Research\research-experiments\industrial-anomaly-detection\data\mvtec_ad\screw\test\scratch_neck\020.png,1,0.25,0,1,49.85289001464844,28.756506524434904,2.3150850392432223,9.112573893661256,D:\Research\research-experiments\industrial-anomaly-detection\data\mvtec_ad\screw\ground_truth\scratch_neck\020_mask.png,7369,0.007027626037597656,-4.957906178136354
screw,scratch_neck,D:\Research\research-experiments\industrial-anomaly-detection\data\mvtec_ad\screw\test\scratch_neck\021.png,1,0.25,0,1,34.24130630493164,28.756506524434904,2.3150850392432223,2.3691569370124137,D:\Research\research-experiments\industrial-anomaly-detection\data\mvtec_ad\screw\ground_truth\scratch_neck\021_mask.png,2687,0.0025625228881835938,-5.966762612343074
screw,scratch_neck,D:\Research\research-experiments\industrial-anomaly-detection\data\mvtec_ad\screw\test\scratch_neck\022.png,1,0.25,0,1,38.27178955078125,28.756506524434904,2.3150850392432223,4.110122464208397,D:\Research\research-experiments\industrial-anomaly-detection\data\mvtec_ad\screw\ground_truth\scratch_neck\022_mask.png,1033,0.0009851455688476562,-6.92272012700137
screw,scratch_neck,D:\Research\research-experiments\industrial-anomaly-detection\data\mvtec_ad\screw\test\scratch_neck\023.png,1,0.25,0,1,37.41896057128906,28.756506524434904,2.3150850392432223,3.741743348523312,D:\Research\research-experiments\industrial-anomaly-detection\data\mvtec_ad\screw\ground_truth\scratch_neck\023_mask.png,1717,0.0016374588012695312,-6.4146091395992295
screw,scratch_neck,D:\Research\research-experiments\industrial-anomaly-detection\data\mvtec_ad\screw\test\scratch_neck\024.png,1,0.25,0,1,46.20598220825195,28.756506524434904,2.3150850392432223,7.537293614717973,D:\Research\research-experiments\industrial-anomaly-detection\data\mvtec_ad\screw\ground_truth\scratch_neck\024_mask.png,3240,0.00308990478515625,-5.779614678778016
screw,thread_side,D:\Research\research-experiments\industrial-anomaly-detection\data\mvtec_ad\screw\test\thread_side\000.png,1,0.25,0,1,31.021154403686523,28.756506524434904,2.3150850392432223,0.9782136901510579,D:\Research\research-experiments\industrial-anomaly-detection\data\mvtec_ad\screw\ground_truth\thread_side\000_mask.png,1580,0.001506805419921875,-6.497762821522418
screw,thread_side,D:\Research\research-experiments\industrial-anomaly-detection\data\mvtec_ad\screw\test\thread_side\001.png,1,0.25,0,1,34.520233154296875,28.756506524434904,2.3150850392432223,2.4896392711976034,D:\Research\research-experiments\industrial-anomaly-detection\data\mvtec_ad\screw\ground_truth\thread_side\001_mask.png,6009,0.005730628967285156,-5.161929812364078
screw,thread_side,D:\Research\research-experiments\industrial-anomaly-detection\data\mvtec_ad\screw\test\thread_side\002.png,1,0.25,0,1,32.49148178100586,28.756506524434904,2.3150850392432223,1.6133209766635097,D:\Research\research-experiments\industrial-anomaly-detection\data\mvtec_ad\screw\ground_truth\thread_side\002_mask.png,2302,0.0021953582763671875,-6.121409566410666
screw,thread_side,D:\Research\research-experiments\industrial-anomaly-detection\data\mvtec_ad\screw\test\thread_side\003.png,1,0.25,0,1,32.572608947753906,28.756506524434904,2.3150850392432223,1.6483638219036856,D:\Research\research-experiments\industrial-anomaly-detection\data\mvtec_ad\screw\ground_truth\thread_side\003_mask.png,2047,0.0019521713256835938,-6.238812513287626
screw,thread_side,D:\Research\research-experiments\industrial-anomaly-detection\data\mvtec_ad\screw\test\thread_side\004.png,1,0.25,0,1,31.904794692993164,28.756506524434904,2.3150850392432223,1.359901738031793,D:\Research\research-experiments\industrial-anomaly-detection\data\mvtec_ad\screw\ground_truth\thread_side\004_mask.png,1460,0.001392364501953125,-6.576751178294042
screw,thread_side,D:\Research\research-experiments\industrial-anomaly-detection\data\mvtec_ad\screw\test\thread_side\005.png,1,0.25,0,1,36.956180572509766,28.756506524434904,2.3150850392432223,3.5418457244902117,D:\Research\research-experiments\industrial-anomaly-detection\data\mvtec_ad\screw\ground_truth\thread_side\005_mask.png,2721,0.0025949478149414062,-5.95418848705153
screw,thread_side,D:\Research\research-experiments\industrial-anomaly-detection\data\mvtec_ad\screw\test\thread_side\006.png,1,0.25,0,1,31.769622802734375,28.756506524434904,2.3150850392432223,1.3015142974119118,D:\Research\research-experiments\industrial-anomaly-detection\data\mvtec_ad\screw\ground_truth\thread_side\006_mask.png,4696,0.00447845458984375,-5.408477026399687
screw,thread_side,D:\Research\research-experiments\industrial-anomaly-detection\data\mvtec_ad\screw\test\thread_side\007.png,1,0.25,0,1,36.709327697753906,28.756506524434904,2.3150850392432223,3.435217730022867,D:\Research\research-experiments\industrial-anomaly-detection\data\mvtec_ad\screw\ground_truth\thread_side\007_mask.png,3887,0.0037069320678710938,-5.597550410581862
screw,thread_side,D:\Research\research-experiments\industrial-anomaly-detection\data\mvtec_ad\screw\test\thread_side\008.png,1,0.25,0,1,32.015777587890625,28.756506524434904,2.3150850392432223,1.4078407523730287,D:\Research\research-experiments\industrial-anomaly-detection\data\mvtec_ad\screw\ground_truth\thread_side\008_mask.png,2757,0.0026292800903320312,-5.941044819842936
screw,thread_side,D:\Research\research-experiments\industrial-anomaly-detection\data\mvtec_ad\screw\test\thread_side\009.png,1,0.25,0,1,33.49899673461914,28.756506524434904,2.3150850392432223,2.0485166332095117,D:\Research\research-experiments\industrial-anomaly-detection\data\mvtec_ad\screw\ground_truth\thread_side\009_mask.png,2577,0.0024576187133789062,-6.008561993648681
screw,thread_side,D:\Research\research-experiments\industrial-anomaly-detection\data\mvtec_ad\screw\test\thread_side\010.png,1,0.25,0,1,30.415721893310547,28.756506524434904,2.3150850392432223,0.7166973742865287,D:\Research\research-experiments\industrial-anomaly-detection\data\mvtec_ad\screw\ground_truth\thread_side\010_mask.png,3097,0.0029535293579101562,-5.824754092647782
screw,thread_side,D:\Research\research-experiments\industrial-anomaly-detection\data\mvtec_ad\screw\test\thread_side\011.png,1,0.25,0,1,39.08299255371094,28.756506524434904,2.3150850392432223,4.460521256986593,D:\Research\research-experiments\industrial-anomaly-detection\data\mvtec_ad\screw\ground_truth\thread_side\011_mask.png,1761,0.0016794204711914062,-6.389305907259379
screw,thread_side,D:\Research\research-experiments\industrial-anomaly-detection\data\mvtec_ad\screw\test\thread_side\012.png,1,0.25,0,1,31.565584182739258,28.756506524434904,2.3150850392432223,1.213379902114789,D:\Research\research-experiments\industrial-anomaly-detection\data\mvtec_ad\screw\ground_truth\thread_side\012_mask.png,4231,0.004034996032714844,-5.512749712647151
screw,thread_side,D:\Research\research-experiments\industrial-anomaly-detection\data\mvtec_ad\screw\test\thread_side\013.png,1,0.25,0,1,30.0452823638916,28.756506524434904,2.3150850392432223,0.5566861767971966,D:\Research\research-experiments\industrial-anomaly-detection\data\mvtec_ad\screw\ground_truth\thread_side\013_mask.png,1685,0.0016069412231445312,-6.433422146112341
screw,thread_side,D:\Research\research-experiments\industrial-anomaly-detection\data\mvtec_ad\screw\test\thread_side\014.png,1,0.25,0,1,36.05545425415039,28.756506524434904,2.3150850392432223,3.15277737361278,D:\Research\research-experiments\industrial-anomaly-detection\data\mvtec_ad\screw\ground_truth\thread_side\014_mask.png,2720,0.002593994140625,-5.954556066403055
screw,thread_side,D:\Research\research-experiments\industrial-anomaly-detection\data\mvtec_ad\screw\test\thread_side\015.png,1,0.25,0,1,30.831499099731445,28.756506524434904,2.3150850392432223,0.8962921621120384,D:\Research\research-experiments\industrial-anomaly-detection\data\mvtec_ad\screw\ground_truth\thread_side\015_mask.png,2977,0.0028390884399414062,-5.864271897957461
screw,thread_side,D:\Research\research-experiments\industrial-anomaly-detection\data\mvtec_ad\screw\test\thread_side\016.png,1,0.25,0,1,31.46793556213379,28.756506524434904,2.3150850392432223,1.1712006218938822,D:\Research\research-experiments\industrial-anomaly-detection\data\mvtec_ad\screw\ground_truth\thread_side\016_mask.png,5564,0.005306243896484375,-5.238870869698365
screw,thread_side,D:\Research\research-experiments\industrial-anomaly-detection\data\mvtec_ad\screw\test\thread_side\017.png,1,0.25,0,1,38.15165710449219,28.756506524434904,2.3150850392432223,4.058231305027336,D:\Research\research-experiments\industrial-anomaly-detection\data\mvtec_ad\screw\ground_truth\thread_side\017_mask.png,2901,0.0027666091918945312,-5.8901324656242755
screw,thread_side,D:\Research\research-experiments\industrial-anomaly-detection\data\mvtec_ad\screw\test\thread_side\018.png,1,0.25,0,1,35.00885772705078,28.756506524434904,2.3150850392432223,2.7007004479886003,D:\Research\research-experiments\industrial-anomaly-detection\data\mvtec_ad\screw\ground_truth\thread_side\018_mask.png,2424,0.00231170654296875,-6.069768831428936
screw,thread_side,D:\Research\research-experiments\industrial-anomaly-detection\data\mvtec_ad\screw\test\thread_side\019.png,1,0.25,0,1,35.522918701171875,28.756506524434904,2.3150850392432223,2.9227488675529787,D:\Research\research-experiments\industrial-anomaly-detection\data\mvtec_ad\screw\ground_truth\thread_side\019_mask.png,1207,0.0011510848999023438,-6.7670495213561015
screw,thread_side,D:\Research\research-experiments\industrial-anomaly-detection\data\mvtec_ad\screw\test\thread_side\020.png,1,0.25,0,1,31.192928314208984,28.756506524434904,2.3150850392432223,1.0524113578871044,D:\Research\research-experiments\industrial-anomaly-detection\data\mvtec_ad\screw\ground_truth\thread_side\020_mask.png,1601,0.0015268325805664062,-6.48455924325175
screw,thread_side,D:\Research\research-experiments\industrial-anomaly-detection\data\mvtec_ad\screw\test\thread_side\021.png,1,0.25,0,1,32.056331634521484,28.756506524434904,2.3150850392432223,1.425358055600955,D:\Research\research-experiments\industrial-anomaly-detection\data\mvtec_ad\screw\ground_truth\thread_side\021_mask.png,3364,0.003208160400390625,-5.7420572784010036
screw,thread_side,D:\Research\research-experiments\industrial-anomaly-detection\data\mvtec_ad\screw\test\thread_side\022.png,1,0.25,0,1,35.522804260253906,28.756506524434904,2.3150850392432223,2.9226994348470394,D:\Research\research-experiments\industrial-anomaly-detection\data\mvtec_ad\screw\ground_truth\thread_side\022_mask.png,3904,0.00372314453125,-5.593186395075795
screw,thread_top,D:\Research\research-experiments\industrial-anomaly-detection\data\mvtec_ad\screw\test\thread_top\000.png,1,0.25,0,1,41.29347610473633,28.756506524434904,2.3150850392432223,5.41533868855186,D:\Research\research-experiments\industrial-anomaly-detection\data\mvtec_ad\screw\ground_truth\thread_top\000_mask.png,6803,0.006487846374511719,-5.037824486719504
screw,thread_top,D:\Research\research-experiments\industrial-anomaly-detection\data\mvtec_ad\screw\test\thread_top\001.png,1,0.25,0,1,37.532325744628906,28.756506524434904,2.3150850392432223,3.790711387026512,D:\Research\research-experiments\industrial-anomaly-detection\data\mvtec_ad\screw\ground_truth\thread_top\001_mask.png,6387,0.006091117858886719,-5.100923493463853
screw,thread_top,D:\Research\research-experiments\industrial-anomaly-detection\data\mvtec_ad\screw\test\thread_top\002.png,1,0.25,0,1,34.97504806518555,28.756506524434904,2.3150850392432223,2.6860963788973473,D:\Research\research-experiments\industrial-anomaly-detection\data\mvtec_ad\screw\ground_truth\thread_top\002_mask.png,6084,0.005802154541015625,-5.149525785469968
screw,thread_top,D:\Research\research-experiments\industrial-anomaly-detection\data\mvtec_ad\screw\test\thread_top\003.png,1,0.25,0,1,29.368600845336914,28.756506524434904,2.3150850392432223,0.26439388209346176,D:\Research\research-experiments\industrial-anomaly-detection\data\mvtec_ad\screw\ground_truth\thread_top\003_mask.png,4646,0.0044307708740234375,-5.419181472174216
screw,thread_top,D:\Research\research-experiments\industrial-anomaly-detection\data\mvtec_ad\screw\test\thread_top\004.png,1,0.25,0,1,40.10111618041992,28.756506524434904,2.3150850392432223,4.900299325373143,D:\Research\research-experiments\industrial-anomaly-detection\data\mvtec_ad\screw\ground_truth\thread_top\004_mask.png,6696,0.00638580322265625,-5.0536778424322355
screw,thread_top,D:\Research\research-experiments\industrial-anomaly-detection\data\mvtec_ad\screw\test\thread_top\005.png,1,0.25,0,1,39.834571838378906,28.756506524434904,2.3150850392432223,4.785165609970556,D:\Research\research-experiments\industrial-anomaly-detection\data\mvtec_ad\screw\ground_truth\thread_top\005_mask.png,10599,0.010107994079589844,-4.594428576240059
screw,thread_top,D:\Research\research-experiments\industrial-anomaly-detection\data\mvtec_ad\screw\test\thread_top\006.png,1,0.25,0,1,36.74736022949219,28.756506524434904,2.3150850392432223,3.45164586596327,D:\Research\research-experiments\industrial-anomaly-detection\data\mvtec_ad\screw\ground_truth\thread_top\006_mask.png,7649,0.007294654846191406,-4.920613274790371
screw,thread_top,D:\Research\research-experiments\industrial-anomaly-detection\data\mvtec_ad\screw\test\thread_top\007.png,1,0.25,0,1,43.22149658203125,28.756506524434904,2.3150850392432223,6.248146315318423,D:\Research\research-experiments\industrial-anomaly-detection\data\mvtec_ad\screw\ground_truth\thread_top\007_mask.png,6834,0.0065174102783203125,-5.033278025088504
screw,thread_top,D:\Research\research-experiments\industrial-anomaly-detection\data\mvtec_ad\screw\test\thread_top\008.png,1,0.25,0,1,32.720550537109375,28.756506524434904,2.3150850392432223,1.7122671286279298,D:\Research\research-experiments\industrial-anomaly-detection\data\mvtec_ad\screw\ground_truth\thread_top\008_mask.png,5620,0.005359649658203125,-5.228856481731827
screw,thread_top,D:\Research\research-experiments\industrial-anomaly-detection\data\mvtec_ad\screw\test\thread_top\009.png,1,0.25,0,1,38.52027130126953,28.756506524434904,2.3150850392432223,4.217454050856941,D:\Research\research-experiments\industrial-anomaly-detection\data\mvtec_ad\screw\ground_truth\thread_top\009_mask.png,4056,0.00386810302734375,-5.554990807403266
screw,thread_top,D:\Research\research-experiments\industrial-anomaly-detection\data\mvtec_ad\screw\test\thread_top\010.png,1,0.25,0,1,36.44795608520508,28.756506524434904,2.3150850392432223,3.322318372928724,D:\Research\research-experiments\industrial-anomaly-detection\data\mvtec_ad\screw\ground_truth\thread_top\010_mask.png,5418,0.0051670074462890625,-5.265461395018263
screw,thread_top,D:\Research\research-experiments\industrial-anomaly-detection\data\mvtec_ad\screw\test\thread_top\011.png,1,0.25,0,1,40.28277587890625,28.756506524434904,2.3150850392432223,4.978767155023888,D:\Research\research-experiments\industrial-anomaly-detection\data\mvtec_ad\screw\ground_truth\thread_top\011_mask.png,5075,0.004839897155761719,-5.3308616006729785
screw,thread_top,D:\Research\research-experiments\industrial-anomaly-detection\data\mvtec_ad\screw\test\thread_top\012.png,1,0.25,0,1,37.121742248535156,28.756506524434904,2.3150850392432223,3.613360020172202,D:\Research\research-experiments\industrial-anomaly-detection\data\mvtec_ad\screw\ground_truth\thread_top\012_mask.png,1275,0.0012159347534179688,-6.712241331194169
screw,thread_top,D:\Research\research-experiments\industrial-anomaly-detection\data\mvtec_ad\screw\test\thread_top\013.png,1,0.25,0,1,38.447940826416016,28.756506524434904,2.3150850392432223,4.1862109329466115,D:\Research\research-experiments\industrial-anomaly-detection\data\mvtec_ad\screw\ground_truth\thread_top\013_mask.png,3005,0.0028657913208007812,-5.854910415285898
screw,thread_top,D:\Research\research-experiments\industrial-anomaly-detection\data\mvtec_ad\screw\test\thread_top\014.png,1,0.25,0,1,40.31500244140625,28.756506524434904,2.3150850392432223,4.992687405016318,D:\Research\research-experiments\industrial-anomaly-detection\data\mvtec_ad\screw\ground_truth\thread_top\014_mask.png,4905,0.004677772521972656,-5.364933025422503
screw,thread_top,D:\Research\research-experiments\industrial-anomaly-detection\data\mvtec_ad\screw\test\thread_top\015.png,1,0.25,0,1,35.77011489868164,28.756506524434904,2.3150850392432223,3.0295251601381405,D:\Research\research-experiments\industrial-anomaly-detection\data\mvtec_ad\screw\ground_truth\thread_top\015_mask.png,3769,0.0035943984985351562,-5.628378339721143
screw,thread_top,D:\Research\research-experiments\industrial-anomaly-detection\data\mvtec_ad\screw\test\thread_top\016.png,1,0.25,0,1,37.35460662841797,28.756506524434904,2.3150850392432223,3.7139456902169328,D:\Research\research-experiments\industrial-anomaly-detection\data\mvtec_ad\screw\ground_truth\thread_top\016_mask.png,4124,0.003932952880859375,-5.538364511800206
screw,thread_top,D:\Research\research-experiments\industrial-anomaly-detection\data\mvtec_ad\screw\test\thread_top\017.png,1,0.25,0,1,35.19854736328125,28.756506524434904,2.3150850392432223,2.7826368058394015,D:\Research\research-experiments\industrial-anomaly-detection\data\mvtec_ad\screw\ground_truth\thread_top\017_mask.png,1161,0.0011072158813476562,-6.805905726335187
screw,thread_top,D:\Research\research-experiments\industrial-anomaly-detection\data\mvtec_ad\screw\test\thread_top\018.png,1,0.25,0,1,35.70101547241211,28.756506524434904,2.3150850392432223,2.999677692292156,D:\Research\research-experiments\industrial-anomaly-detection\data\mvtec_ad\screw\ground_truth\thread_top\018_mask.png,5585,0.005326271057128906,-5.23510371194701
screw,thread_top,D:\Research\research-experiments\industrial-anomaly-detection\data\mvtec_ad\screw\test\thread_top\019.png,1,0.25,0,1,42.408836364746094,28.756506524434904,2.3150850392432223,5.897118079417937,D:\Research\research-experiments\industrial-anomaly-detection\data\mvtec_ad\screw\ground_truth\thread_top\019_mask.png,7792,0.0074310302734375,-4.902090631305702
screw,thread_top,D:\Research\research-experiments\industrial-anomaly-detection\data\mvtec_ad\screw\test\thread_top\020.png,1,0.25,0,1,43.18722152709961,28.756506524434904,2.3150850392432223,6.2333412198896845,D:\Research\research-experiments\industrial-anomaly-detection\data\mvtec_ad\screw\ground_truth\thread_top\020_mask.png,6790,0.0064754486083984375,-5.039737236216721
screw,thread_top,D:\Research\research-experiments\industrial-anomaly-detection\data\mvtec_ad\screw\test\thread_top\021.png,1,0.25,0,1,39.98651885986328,28.756506524434904,2.3150850392432223,4.850799061402666,D:\Research\research-experiments\industrial-anomaly-detection\data\mvtec_ad\screw\ground_truth\thread_top\021_mask.png,5326,0.0050792694091796875,-5.28258764794634
screw,thread_top,D:\Research\research-experiments\industrial-anomaly-detection\data\mvtec_ad\screw\test\thread_top\022.png,1,0.25,0,1,40.27938461303711,28.756506524434904,2.3150850392432223,4.977302299171229,D:\Research\research-experiments\industrial-anomaly-detection\data\mvtec_ad\screw\ground_truth\thread_top\022_mask.png,4004,0.003818511962890625,-5.567894208881712
screw,good,D:\Research\research-experiments\industrial-anomaly-detection\data\mvtec_ad\screw\test\good\000.png,1,0.5,1,0,29.58439064025879,30.188659202761766,2.5448595126024185,-0.23744672722033333,,,,
screw,good,D:\Research\research-experiments\industrial-anomaly-detection\data\mvtec_ad\screw\test\good\001.png,1,0.5,1,0,27.701885223388672,30.188659202761766,2.5448595126024185,-0.9771753478171669,,,,
screw,good,D:\Research\research-experiments\industrial-anomaly-detection\data\mvtec_ad\screw\test\good\002.png,1,0.5,1,0,28.602783203125,30.188659202761766,2.5448595126024185,-0.6231683877963939,,,,
screw,good,D:\Research\research-experiments\industrial-anomaly-detection\data\mvtec_ad\screw\test\good\003.png,1,0.5,1,0,37.04022979736328,30.188659202761766,2.5448595126024185,2.6923178119152746,,,,
screw,good,D:\Research\research-experiments\industrial-anomaly-detection\data\mvtec_ad\screw\test\good\004.png,1,0.5,1,0,33.198570251464844,30.188659202761766,2.5448595126024185,1.1827415359463553,,,,
screw,good,D:\Research\research-experiments\industrial-anomaly-detection\data\mvtec_ad\screw\test\good\005.png,1,0.5,1,0,34.43674087524414,30.188659202761766,2.5448595126024185,1.6692794440893168,,,,
screw,good,D:\Research\research-experiments\industrial-anomaly-detection\data\mvtec_ad\screw\test\good\006.png,1,0.5,1,0,27.623703002929688,30.188659202761766,2.5448595126024185,-1.0078969731453304,,,,
screw,good,D:\Research\research-experiments\industrial-anomaly-detection\data\mvtec_ad\screw\test\good\007.png,1,0.5,1,0,28.560731887817383,30.188659202761766,2.5448595126024185,-0.6396924100850014,,,,
screw,good,D:\Research\research-experiments\industrial-anomaly-detection\data\mvtec_ad\screw\test\good\008.png,1,0.5,1,0,30.052730560302734,30.188659202761766,2.5448595126024185,-0.0534130240926457,,,,
screw,good,D:\Research\research-experiments\industrial-anomaly-detection\data\mvtec_ad\screw\test\good\009.png,1,0.5,1,0,31.824954986572266,30.188659202761766,2.5448595126024185,0.6429807915554421,,,,
screw,good,D:\Research\research-experiments\industrial-anomaly-detection\data\mvtec_ad\screw\test\good\010.png,1,0.5,1,0,29.207172393798828,30.188659202761766,2.5448595126024185,-0.38567425985698206,,,,
screw,good,D:\Research\research-experiments\industrial-anomaly-detection\data\mvtec_ad\screw\test\good\011.png,1,0.5,1,0,28.043710708618164,30.188659202761766,2.5448595126024185,-0.8428553653046802,,,,
screw,good,D:\Research\research-experiments\industrial-anomaly-detection\data\mvtec_ad\screw\test\good\012.png,1,0.5,1,0,30.572067260742188,30.188659202761766,2.5448595126024185,0.1506598128823,,,,
screw,good,D:\Research\research-experiments\industrial-anomaly-detection\data\mvtec_ad\screw\test\good\013.png,1,0.5,1,0,29.86522674560547,30.188659202761766,2.5448595126024185,-0.12709246052861653,,,,
screw,good,D:\Research\research-experiments\industrial-anomaly-detection\data\mvtec_ad\screw\test\good\014.png,1,0.5,1,0,36.33003234863281,30.188659202761766,2.5448595126024185,2.413246434806442,,,,
screw,good,D:\Research\research-experiments\industrial-anomaly-detection\data\mvtec_ad\screw\test\good\015.png,1,0.5,1,0,30.373779296875,30.188659202761766,2.5448595126024185,0.07274275581677471,,,,
screw,good,D:\Research\research-experiments\industrial-anomaly-detection\data\mvtec_ad\screw\test\good\016.png,1,0.5,1,0,29.501262664794922,30.188659202761766,2.5448595126024185,-0.2701117820307103,,,,
screw,good,D:\Research\research-experiments\industrial-anomaly-detection\data\mvtec_ad\screw\test\good\017.png,1,0.5,1,0,27.912263870239258,30.188659202761766,2.5448595126024185,-0.8945072689669324,,,,
screw,good,D:\Research\research-experiments\industrial-anomaly-detection\data\mvtec_ad\screw\test\good\018.png,1,0.5,1,0,29.38033103942871,30.188659202761766,2.5448595126024185,-0.3176317432573888,,,,
screw,good,D:\Research\research-experiments\industrial-anomaly-detection\data\mvtec_ad\screw\test\good\019.png,1,0.5,1,0,32.2904167175293,30.188659202761766,2.5448595126024185,0.8258835131603145,,,,
screw,good,D:\Research\research-experiments\industrial-anomaly-detection\data\mvtec_ad\screw\test\good\020.png,1,0.5,1,0,29.0449275970459,30.188659202761766,2.5448595126024185,-0.4494281904568741,,,,
screw,good,D:\Research\research-experiments\industrial-anomaly-detection\data\mvtec_ad\screw\test\good\021.png,1,0.5,1,0,28.66818618774414,30.188659202761766,2.5448595126024185,-0.5974683504091598,,,,
screw,good,D:\Research\research-experiments\industrial-anomaly-detection\data\mvtec_ad\screw\test\good\022.png,1,0.5,1,0,32.517330169677734,30.188659202761766,2.5448595126024185,0.9150489272135216,,,,
screw,good,D:\Research\research-experiments\industrial-anomaly-detection\data\mvtec_ad\screw\test\good\023.png,1,0.5,1,0,31.185089111328125,30.188659202761766,2.5448595126024185,0.3915461358994203,,,,
screw,good,D:\Research\research-experiments\industrial-anomaly-detection\data\mvtec_ad\screw\test\good\024.png,1,0.5,1,0,30.972455978393555,30.188659202761766,2.5448595126024185,0.3079921589975174,,,,
screw,good,D:\Research\research-experiments\industrial-anomaly-detection\data\mvtec_ad\screw\test\good\025.png,1,0.5,1,0,33.94879150390625,30.188659202761766,2.5448595126024185,1.4775402266898836,,,,
screw,good,D:\Research\research-experiments\industrial-anomaly-detection\data\mvtec_ad\screw\test\good\026.png,1,0.5,1,0,29.434024810791016,30.188659202761766,2.5448595126024185,-0.2965328295073734,,,,
screw,good,D:\Research\research-experiments\industrial-anomaly-detection\data\mvtec_ad\screw\test\good\027.png,1,0.5,1,0,30.642990112304688,30.188659202761766,2.5448595126024185,0.17852887646372065,,,,
screw,good,D:\Research\research-experiments\industrial-anomaly-detection\data\mvtec_ad\screw\test\good\028.png,1,0.5,1,0,27.194395065307617,30.188659202761766,2.5448595126024185,-1.1765930978217973,,,,
screw,good,D:\Research\research-experiments\industrial-anomaly-detection\data\mvtec_ad\screw\test\good\029.png,1,0.5,1,0,28.552196502685547,30.188659202761766,2.5448595126024185,-0.6430463811350998,,,,
screw,good,D:\Research\research-experiments\industrial-anomaly-detection\data\mvtec_ad\screw\test\good\030.png,1,0.5,1,0,29.655065536499023,30.188659202761766,2.5448595126024185,-0.20967509743478144,,,,
screw,good,D:\Research\research-experiments\industrial-anomaly-detection\data\mvtec_ad\screw\test\good\031.png,1,0.5,1,0,29.219823837280273,30.188659202761766,2.5448595126024185,-0.38070288779546196,,,,
screw,good,D:\Research\research-experiments\industrial-anomaly-detection\data\mvtec_ad\screw\test\good\032.png,1,0.5,1,0,27.145496368408203,30.188659202761766,2.5448595126024185,-1.195807791857858,,,,
screw,good,D:\Research\research-experiments\industrial-anomaly-detection\data\mvtec_ad\screw\test\good\033.png,1,0.5,1,0,28.125812530517578,30.188659202761766,2.5448595126024185,-0.8105935365110525,,,,
screw,good,D:\Research\research-experiments\industrial-anomaly-detection\data\mvtec_ad\screw\test\good\034.png,1,0.5,1,0,29.143468856811523,30.188659202761766,2.5448595126024185,-0.41070650099714634,,,,
screw,good,D:\Research\research-experiments\industrial-anomaly-detection\data\mvtec_ad\screw\test\good\035.png,1,0.5,1,0,36.24359130859375,30.188659202761766,2.5448595126024185,2.379279514585111,,,,
screw,good,D:\Research\research-experiments\industrial-anomaly-detection\data\mvtec_ad\screw\test\good\036.png,1,0.5,1,0,27.165742874145508,30.188659202761766,2.5448595126024185,-1.1878519476798035,,,,
screw,good,D:\Research\research-experiments\industrial-anomaly-detection\data\mvtec_ad\screw\test\good\037.png,1,0.5,1,0,27.69921112060547,30.188659202761766,2.5448595126024185,-0.9782261338310748,,,,
screw,good,D:\Research\research-experiments\industrial-anomaly-detection\data\mvtec_ad\screw\test\good\038.png,1,0.5,1,0,31.287324905395508,30.188659202761766,2.5448595126024185,0.4317195889175929,,,,
screw,good,D:\Research\research-experiments\industrial-anomaly-detection\data\mvtec_ad\screw\test\good\039.png,1,0.5,1,0,29.13785743713379,30.188659202761766,2.5448595126024185,-0.41291150274673055,,,,
screw,good,D:\Research\research-experiments\industrial-anomaly-detection\data\mvtec_ad\screw\test\good\040.png,1,0.5,1,0,28.64826202392578,30.188659202761766,2.5448595126024185,-0.605297530652585,,,,
screw,manipulated_front,D:\Research\research-experiments\industrial-anomaly-detection\data\mvtec_ad\screw\test\manipulated_front\000.png,1,0.5,0,1,34.73212814331055,30.188659202761766,2.5448595126024185,1.785351575617056,D:\Research\research-experiments\industrial-anomaly-detection\data\mvtec_ad\screw\ground_truth\manipulated_front\000_mask.png,3806,0.0036296844482421875,-5.618609287836806
screw,manipulated_front,D:\Research\research-experiments\industrial-anomaly-detection\data\mvtec_ad\screw\test\manipulated_front\001.png,1,0.5,0,1,34.05303192138672,30.188659202761766,2.5448595126024185,1.5185013944731183,D:\Research\research-experiments\industrial-anomaly-detection\data\mvtec_ad\screw\ground_truth\manipulated_front\001_mask.png,2866,0.0027332305908203125,-5.902270636943445
screw,manipulated_front,D:\Research\research-experiments\industrial-anomaly-detection\data\mvtec_ad\screw\test\manipulated_front\002.png,1,0.5,0,1,31.94566535949707,30.188659202761766,2.5448595126024185,0.6904138118565762,D:\Research\research-experiments\industrial-anomaly-detection\data\mvtec_ad\screw\ground_truth\manipulated_front\002_mask.png,2520,0.00240325927734375,-6.030929014591936
screw,manipulated_front,D:\Research\research-experiments\industrial-anomaly-detection\data\mvtec_ad\screw\test\manipulated_front\003.png,1,0.5,0,1,40.076717376708984,30.188659202761766,2.5448595126024185,3.885502568994669,D:\Research\research-experiments\industrial-anomaly-detection\data\mvtec_ad\screw\ground_truth\manipulated_front\003_mask.png,4826,0.0046024322509765625,-5.381170147737533
screw,manipulated_front,D:\Research\research-experiments\industrial-anomaly-detection\data\mvtec_ad\screw\test\manipulated_front\004.png,1,0.5,0,1,38.57201385498047,30.188659202761766,2.5448595126024185,3.2942308252001444,D:\Research\research-experiments\industrial-anomaly-detection\data\mvtec_ad\screw\ground_truth\manipulated_front\004_mask.png,2245,0.0021409988403320312,-6.146482343950946
screw,manipulated_front,D:\Research\research-experiments\industrial-anomaly-detection\data\mvtec_ad\screw\test\manipulated_front\005.png,1,0.5,0,1,37.78389358520508,30.188659202761766,2.5448595126024185,2.984539753503442,D:\Research\research-experiments\industrial-anomaly-detection\data\mvtec_ad\screw\ground_truth\manipulated_front\005_mask.png,3304,0.00315093994140625,-5.76005415919247
screw,manipulated_front,D:\Research\research-experiments\industrial-anomaly-detection\data\mvtec_ad\screw\test\manipulated_front\006.png,1,0.5,0,1,35.21993637084961,30.188659202761766,2.5448595126024185,1.9770353307019177,D:\Research\research-experiments\industrial-anomaly-detection\data\mvtec_ad\screw\ground_truth\manipulated_front\006_mask.png,3633,0.0034646987915039062,-5.665129290352367
screw,manipulated_front,D:\Research\research-experiments\industrial-anomaly-detection\data\mvtec_ad\screw\test\manipulated_front\007.png,1,0.5,0,1,38.85097885131836,30.188659202761766,2.5448595126024185,3.403849841478421,D:\Research\research-experiments\industrial-anomaly-detection\data\mvtec_ad\screw\ground_truth\manipulated_front\007_mask.png,4911,0.004683494567871094,-5.363710531643903
screw,manipulated_front,D:\Research\research-experiments\industrial-anomaly-detection\data\mvtec_ad\screw\test\manipulated_front\008.png,1,0.5,0,1,39.07421875,30.188659202761766,2.5448595126024185,3.491571736371295,D:\Research\research-experiments\industrial-anomaly-detection\data\mvtec_ad\screw\ground_truth\manipulated_front\008_mask.png,3808,0.003631591796875,-5.618083939926343
screw,manipulated_front,D:\Research\research-experiments\industrial-anomaly-detection\data\mvtec_ad\screw\test\manipulated_front\009.png,1,0.5,0,1,37.16461944580078,30.188659202761766,2.5448595126024185,2.7411965998489536,D:\Research\research-experiments\industrial-anomaly-detection\data\mvtec_ad\screw\ground_truth\manipulated_front\009_mask.png,6709,0.006398200988769531,-5.051738267342097
screw,manipulated_front,D:\Research\research-experiments\industrial-anomaly-detection\data\mvtec_ad\screw\test\manipulated_front\010.png,1,0.5,0,1,35.93180847167969,30.188659202761766,2.5448595126024185,2.256764760678233,D:\Research\research-experiments\industrial-anomaly-detection\data\mvtec_ad\screw\ground_truth\manipulated_front\010_mask.png,3690,0.0035190582275390625,-5.649561589997436
screw,manipulated_front,D:\Research\research-experiments\industrial-anomaly-detection\data\mvtec_ad\screw\test\manipulated_front\011.png,1,0.5,0,1,34.030494689941406,30.188659202761766,2.5448595126024185,1.5096454119193838,D:\Research\research-experiments\industrial-anomaly-detection\data\mvtec_ad\screw\ground_truth\manipulated_front\011_mask.png,3133,0.0029878616333007812,-5.813196985559251
screw,manipulated_front,D:\Research\research-experiments\industrial-anomaly-detection\data\mvtec_ad\screw\test\manipulated_front\012.png,1,0.5,0,1,33.36219787597656,30.188659202761766,2.5448595126024185,1.2470388473309002,D:\Research\research-experiments\industrial-anomaly-detection\data\mvtec_ad\screw\ground_truth\manipulated_front\012_mask.png,1695,0.0016164779663085938,-6.427504972755639
screw,manipulated_front,D:\Research\research-experiments\industrial-anomaly-detection\data\mvtec_ad\screw\test\manipulated_front\013.png,1,0.5,0,1,37.310665130615234,30.188659202761766,2.5448595126024185,2.7985851056156648,D:\Research\research-experiments\industrial-anomaly-detection\data\mvtec_ad\screw\ground_truth\manipulated_front\013_mask.png,3133,0.0029878616333007812,-5.813196985559251
screw,manipulated_front,D:\Research\research-experiments\industrial-anomaly-detection\data\mvtec_ad\screw\test\manipulated_front\014.png,1,0.5,0,1,36.019718170166016,30.188659202761766,2.5448595126024185,2.2913087887674024,D:\Research\research-experiments\industrial-anomaly-detection\data\mvtec_ad\screw\ground_truth\manipulated_front\014_mask.png,3315,0.0031614303588867188,-5.7567303922664745
screw,manipulated_front,D:\Research\research-experiments\industrial-anomaly-detection\data\mvtec_ad\screw\test\manipulated_front\015.png,1,0.5,0,1,37.01910400390625,30.188659202761766,2.5448595126024185,2.6840164525072545,D:\Research\research-experiments\industrial-anomaly-detection\data\mvtec_ad\screw\ground_truth\manipulated_front\015_mask.png,4777,0.004555702209472656,-5.39137537830384
screw,manipulated_front,D:\Research\research-experiments\industrial-anomaly-detection\data\mvtec_ad\screw\test\manipulated_front\016.png,1,0.5,0,1,40.82227325439453,30.188659202761766,2.5448595126024185,4.1784680053943895,D:\Research\research-experiments\industrial-anomaly-detection\data\mvtec_ad\screw\ground_truth\manipulated_front\016_mask.png,7016,0.00669097900390625,-5.006994927691938
screw,manipulated_front,D:\Research\research-experiments\industrial-anomaly-detection\data\mvtec_ad\screw\test\manipulated_front\017.png,1,0.5,0,1,32.672996520996094,30.188659202761766,2.5448595126024185,0.9762178642599412,D:\Research\research-experiments\industrial-anomaly-detection\data\mvtec_ad\screw\ground_truth\manipulated_front\017_mask.png,1443,0.0013761520385742188,-6.5884633257614045
screw,manipulated_front,D:\Research\research-experiments\industrial-anomaly-detection\data\mvtec_ad\screw\test\manipulated_front\018.png,1,0.5,0,1,35.363006591796875,30.188659202761766,2.5448595126024185,2.0332546309182034,D:\Research\research-experiments\industrial-anomaly-detection\data\mvtec_ad\screw\ground_truth\manipulated_front\018_mask.png,2756,0.002628326416015625,-5.941407598595183
screw,manipulated_front,D:\Research\research-experiments\industrial-anomaly-detection\data\mvtec_ad\screw\test\manipulated_front\019.png,1,0.5,0,1,31.922555923461914,30.188659202761766,2.5448595126024185,0.681332982081606,D:\Research\research-experiments\industrial-anomaly-detection\data\mvtec_ad\screw\ground_truth\manipulated_front\019_mask.png,1771,0.0016889572143554688,-6.383643381334938
screw,manipulated_front,D:\Research\research-experiments\industrial-anomaly-detection\data\mvtec_ad\screw\test\manipulated_front\020.png,1,0.5,0,1,31.17475700378418,30.188659202761766,2.5448595126024185,0.38748614457464203,D:\Research\research-experiments\industrial-anomaly-detection\data\mvtec_ad\screw\ground_truth\manipulated_front\020_mask.png,1359,0.0012960433959960938,-6.648438425468958
screw,manipulated_front,D:\Research\research-experiments\industrial-anomaly-detection\data\mvtec_ad\screw\test\manipulated_front\021.png,1,0.5,0,1,32.826637268066406,30.188659202761766,2.5448595126024185,1.0365908421431866,D:\Research\research-experiments\industrial-anomaly-detection\data\mvtec_ad\screw\ground_truth\manipulated_front\021_mask.png,1537,0.0014657974243164062,-6.525355185438031
screw,manipulated_front,D:\Research\research-experiments\industrial-anomaly-detection\data\mvtec_ad\screw\test\manipulated_front\022.png,1,0.5,0,1,35.251617431640625,30.188659202761766,2.5448595126024185,1.9894843718509978,D:\Research\research-experiments\industrial-anomaly-detection\data\mvtec_ad\screw\ground_truth\manipulated_front\022_mask.png,1506,0.0014362335205078125,-6.5457305065737055
screw,manipulated_front,D:\Research\research-experiments\industrial-anomaly-detection\data\mvtec_ad\screw\test\manipulated_front\023.png,1,0.5,0,1,34.99663543701172,30.188659202761766,2.5448595126024185,1.8892894521054449,D:\Research\research-experiments\industrial-anomaly-detection\data\mvtec_ad\screw\ground_truth\manipulated_front\023_mask.png,2523,0.0024061203002929688,-6.0297392469511175
screw,scratch_head,D:\Research\research-experiments\industrial-anomaly-detection\data\mvtec_ad\screw\test\scratch_head\000.png,1,0.5,0,1,40.951229095458984,30.188659202761766,2.5448595126024185,4.229141074153529,D:\Research\research-experiments\industrial-anomaly-detection\data\mvtec_ad\screw\ground_truth\scratch_head\000_mask.png,2767,0.0026388168334960938,-5.937424252454337
screw,scratch_head,D:\Research\research-experiments\industrial-anomaly-detection\data\mvtec_ad\screw\test\scratch_head\001.png,1,0.5,0,1,38.64682388305664,30.188659202761766,2.5448595126024185,3.3236273509044927,D:\Research\research-experiments\industrial-anomaly-detection\data\mvtec_ad\screw\ground_truth\scratch_head\001_mask.png,3019,0.0028791427612304688,-5.850262334166524
screw,scratch_head,D:\Research\research-experiments\industrial-anomaly-detection\data\mvtec_ad\screw\test\scratch_head\002.png,1,0.5,0,1,38.71369171142578,30.188659202761766,2.5448595126024185,3.34990299717809,D:\Research\research-experiments\industrial-anomaly-detection\data\mvtec_ad\screw\ground_truth\scratch_head\002_mask.png,3012,0.002872467041015625,-5.852583674146381
screw,scratch_head,D:\Research\research-experiments\industrial-anomaly-detection\data\mvtec_ad\screw\test\scratch_head\003.png,1,0.5,0,1,33.05744552612305,30.188659202761766,2.5448595126024185,1.127286716282271,D:\Research\research-experiments\industrial-anomaly-detection\data\mvtec_ad\screw\ground_truth\scratch_head\003_mask.png,1741,0.0016603469848632812,-6.400728069147154
screw,scratch_head,D:\Research\research-experiments\industrial-anomaly-detection\data\mvtec_ad\screw\test\scratch_head\004.png,1,0.5,0,1,36.70451354980469,30.188659202761766,2.5448595126024185,2.560398448234847,D:\Research\research-experiments\industrial-anomaly-detection\data\mvtec_ad\screw\ground_truth\scratch_head\004_mask.png,2981,0.0028429031372070312,-5.8629291657677935
screw,scratch_head,D:\Research\research-experiments\industrial-anomaly-detection\data\mvtec_ad\screw\test\scratch_head\005.png,1,0.5,0,1,38.81608581542969,30.188659202761766,2.5448595126024185,3.390138657927471,D:\Research\research-experiments\industrial-anomaly-detection\data\mvtec_ad\screw\ground_truth\scratch_head\005_mask.png,1355,0.0012922286987304688,-6.651386104028578
screw,scratch_head,D:\Research\research-experiments\industrial-anomaly-detection\data\mvtec_ad\screw\test\scratch_head\006.png,1,0.5,0,1,35.274574279785156,30.188659202761766,2.5448595126024185,1.9985052423669718,D:\Research\research-experiments\industrial-anomaly-detection\data\mvtec_ad\screw\ground_truth\scratch_head\006_mask.png,2586,0.0024662017822265625,-6.00507564638536
screw,scratch_head,D:\Research\research-experiments\industrial-anomaly-detection\data\mvtec_ad\screw\test\scratch_head\007.png,1,0.5,0,1,35.45652770996094,30.188659202761766,2.5448595126024185,2.070003660756957,D:\Research\research-experiments\industrial-anomaly-detection\data\mvtec_ad\screw\ground_truth\scratch_head\007_mask.png,2707,0.0025815963745117188,-5.959346934227458
screw,scratch_head,D:\Research\research-experiments\industrial-anomaly-detection\data\mvtec_ad\screw\test\scratch_head\008.png,1,0.5,0,1,38.47664260864258,30.188659202761766,2.5448595126024185,3.256754789346062,D:\Research\research-experiments\industrial-anomaly-detection\data\mvtec_ad\screw\ground_truth\scratch_head\008_mask.png,3009,0.0028696060180664062,-5.853580186089028
screw,scratch_head,D:\Research\research-experiments\industrial-anomaly-detection\data\mvtec_ad\screw\test\scratch_head\009.png,1,0.5,0,1,42.36891174316406,30.188659202761766,2.5448595126024185,4.786218052542536,D:\Research\research-experiments\industrial-anomaly-detection\data\mvtec_ad\screw\ground_truth\scratch_head\009_mask.png,3278,0.0031261444091796875,-5.767954532012327
screw,scratch_head,D:\Research\research-experiments\industrial-anomaly-detection\data\mvtec_ad\screw\test\scratch_head\010.png,1,0.5,0,1,40.85529708862305,30.188659202761766,2.5448595126024185,4.191444688022636,D:\Research\research-experiments\industrial-anomaly-detection\data\mvtec_ad\screw\ground_truth\scratch_head\010_mask.png,2213,0.0021104812622070312,-6.160838797322393
screw,scratch_head,D:\Research\research-experiments\industrial-anomaly-detection\data\mvtec_ad\screw\test\scratch_head\011.png,1,0.5,0,1,40.279747009277344,30.188659202761766,2.5448595126024185,3.9652828600335,D:\Research\research-experiments\industrial-anomaly-detection\data\mvtec_ad\screw\ground_truth\scratch_head\011_mask.png,2801,0.0026712417602539062,-5.925211461581139
screw,scratch_head,D:\Research\research-experiments\industrial-anomaly-detection\data\mvtec_ad\screw\test\scratch_head\012.png,1,0.5,0,1,40.10236358642578,30.188659202761766,2.5448595126024185,3.8955802214504507,D:\Research\research-experiments\industrial-anomaly-detection\data\mvtec_ad\screw\ground_truth\scratch_head\012_mask.png,3541,0.0033769607543945312,-5.690778862962787
screw,scratch_head,D:\Research\research-experiments\industrial-anomaly-detection\data\mvtec_ad\screw\test\scratch_head\013.png,1,0.5,0,1,39.170555114746094,30.188659202761766,2.5448595126024185,3.5294270145385283,D:\Research\research-experiments\industrial-anomaly-detection\data\mvtec_ad\screw\ground_truth\scratch_head\013_mask.png,1953,0.0018625259399414062,-6.285821143417097
screw,scratch_head,D:\Research\research-experiments\industrial-anomaly-detection\data\mvtec_ad\screw\test\scratch_head\014.png,1,0.5,0,1,31.84754180908203,30.188659202761766,2.5448595126024185,0.6518562608683505,D:\Research\research-experiments\industrial-anomaly-detection\data\mvtec_ad\screw\ground_truth\scratch_head\014_mask.png,2388,0.002277374267578125,-6.084731697584332
screw,scratch_head,D:\Research\research-experiments\industrial-anomaly-detection\data\mvtec_ad\screw\test\scratch_head\015.png,1,0.5,0,1,44.125030517578125,30.188659202761766,2.5448595126024185,5.476283168403579,D:\Research\research-experiments\industrial-anomaly-detection\data\mvtec_ad\screw\ground_truth\scratch_head\015_mask.png,3545,0.0033807754516601562,-5.689649876442595
screw,scratch_head,D:\Research\research-experiments\industrial-anomaly-detection\data\mvtec_ad\screw\test\scratch_head\016.png,1,0.5,0,1,36.86589431762695,30.188659202761766,2.5448595126024185,2.6238128595306733,D:\Research\research-experiments\industrial-anomaly-detection\data\mvtec_ad\screw\ground_truth\scratch_head\016_mask.png,2091,0.0019941329956054688,-6.217545410299332
screw,scratch_head,D:\Research\research-experiments\industrial-anomaly-detection\data\mvtec_ad\screw\test\scratch_head\017.png,1,0.5,0,1,35.76604080200195,30.188659202761766,2.5448595126024185,2.191626520686267,D:\Research\research-experiments\industrial-anomaly-detection\data\mvtec_ad\screw\ground_truth\scratch_head\017_mask.png,2511,0.0023946762084960938,-6.034506834448417
screw,scratch_head,D:\Research\research-experiments\industrial-anomaly-detection\data\mvtec_ad\screw\test\scratch_head\018.png,1,0.5,0,1,37.83052062988281,30.188659202761766,2.5448595126024185,3.0028618040711974,D:\Research\research-experiments\industrial-anomaly-detection\data\mvtec_ad\screw\ground_truth\scratch_head\018_mask.png,3846,0.0036678314208984375,-5.608154412409553
screw,scratch_head,D:\Research\research-experiments\industrial-anomaly-detection\data\mvtec_ad\screw\test\scratch_head\019.png,1,0.5,0,1,38.95236587524414,30.188659202761766,2.5448595126024185,3.4436897711184273,D:\Research\research-experiments\industrial-anomaly-detection\data\mvtec_ad\screw\ground_truth\scratch_head\019_mask.png,2618,0.0024967193603515625,-5.992777264203549
screw,scratch_head,D:\Research\research-experiments\industrial-anomaly-detection\data\mvtec_ad\screw\test\scratch_head\020.png,1,0.5,0,1,37.05181121826172,30.188659202761766,2.5448595126024185,2.696868719673084,D:\Research\research-experiments\industrial-anomaly-detection\data\mvtec_ad\screw\ground_truth\scratch_head\020_mask.png,2465,0.0023508071899414062,-6.052996099336405
screw,scratch_head,D:\Research\research-experiments\industrial-anomaly-detection\data\mvtec_ad\screw\test\scratch_head\021.png,1,0.5,0,1,41.13609313964844,30.188659202761766,2.5448595126024185,4.301783215408866,D:\Research\research-experiments\industrial-anomaly-detection\data\mvtec_ad\screw\ground_truth\scratch_head\021_mask.png,2066,0.0019702911376953125,-6.229573453980245
screw,scratch_head,D:\Research\research-experiments\industrial-anomaly-detection\data\mvtec_ad\screw\test\scratch_head\022.png,1,0.5,0,1,31.007278442382812,30.188659202761766,2.5448595126024185,0.3216756113911813,D:\Research\research-experiments\industrial-anomaly-detection\data\mvtec_ad\screw\ground_truth\scratch_head\022_mask.png,1402,0.0013370513916015625,-6.617287795690243
screw,scratch_head,D:\Research\research-experiments\industrial-anomaly-detection\data\mvtec_ad\screw\test\scratch_head\023.png,1,0.5,0,1,37.37331771850586,30.188659202761766,2.5448595126024185,2.823204377359493,D:\Research\research-experiments\industrial-anomaly-detection\data\mvtec_ad\screw\ground_truth\scratch_head\023_mask.png,2444,0.002330780029296875,-6.061551861866596
screw,scratch_neck,D:\Research\research-experiments\industrial-anomaly-detection\data\mvtec_ad\screw\test\scratch_neck\000.png,1,0.5,0,1,35.901676177978516,30.188659202761766,2.5448595126024185,2.244924306007964,D:\Research\research-experiments\industrial-anomaly-detection\data\mvtec_ad\screw\ground_truth\scratch_neck\000_mask.png,2810,0.0026798248291015625,-5.922003475712465
screw,scratch_neck,D:\Research\research-experiments\industrial-anomaly-detection\data\mvtec_ad\screw\test\scratch_neck\001.png,1,0.5,0,1,47.48849868774414,30.188659202761766,2.5448595126024185,6.79795462158587,D:\Research\research-experiments\industrial-anomaly-detection\data\mvtec_ad\screw\ground_truth\scratch_neck\001_mask.png,7445,0.007100105285644531,-4.947645525237824
screw,scratch_neck,D:\Research\research-experiments\industrial-anomaly-detection\data\mvtec_ad\screw\test\scratch_neck\002.png,1,0.5,0,1,34.76759719848633,30.188659202761766,2.5448595126024185,1.799289105370716,D:\Research\research-experiments\industrial-anomaly-detection\data\mvtec_ad\screw\ground_truth\scratch_neck\002_mask.png,2926,0.0027904510498046875,-5.881551671253898
screw,scratch_neck,D:\Research\research-experiments\industrial-anomaly-detection\data\mvtec_ad\screw\test\scratch_neck\003.png,1,0.5,0,1,50.098426818847656,30.188659202761766,2.5448595126024185,7.823523270141466,D:\Research\research-experiments\industrial-anomaly-detection\data\mvtec_ad\screw\ground_truth\scratch_neck\003_mask.png,2614,0.0024929046630859375,-5.994306315876335
screw,scratch_neck,D:\Research\research-experiments\industrial-anomaly-detection\data\mvtec_ad\screw\test\scratch_neck\004.png,1,0.5,0,1,40.088951110839844,30.188659202761766,2.5448595126024185,3.890309802584687,D:\Research\research-experiments\industrial-anomaly-detection\data\mvtec_ad\screw\ground_truth\scratch_neck\004_mask.png,3823,0.0036458969116210938,-5.6141526032216
screw,scratch_neck,D:\Research\research-experiments\industrial-anomaly-detection\data\mvtec_ad\screw\test\scratch_neck\005.png,1,0.5,0,1,33.27970504760742,30.188659202761766,2.5448595126024185,1.214623372936095,D:\Research\research-experiments\industrial-anomaly-detection\data\mvtec_ad\screw\ground_truth\scratch_neck\005_mask.png,2145,0.0020456314086914062,-6.1920482909902885
screw,scratch_neck,D:\Research\research-experiments\industrial-anomaly-detection\data\mvtec_ad\screw\test\scratch_neck\006.png,1,0.5,0,1,43.89750289916992,30.188659202761766,2.5448595126024185,5.386876418332911,D:\Research\research-experiments\industrial-anomaly-detection\data\mvtec_ad\screw\ground_truth\scratch_neck\006_mask.png,4725,0.004506111145019531,-5.402320549350241
screw,scratch_neck,D:\Research\research-experiments\industrial-anomaly-detection\data\mvtec_ad\screw\test\scratch_neck\007.png,1,0.5,0,1,46.389610290527344,30.188659202761766,2.5448595126024185,6.366147525054614,D:\Research\research-experiments\industrial-anomaly-detection\data\mvtec_ad\screw\ground_truth\scratch_neck\007_mask.png,3062,0.0029201507568359375,-5.836119692533263
screw,scratch_neck,D:\Research\research-experiments\industrial-anomaly-detection\data\mvtec_ad\screw\test\scratch_neck\008.png,1,0.5,0,1,51.706825256347656,30.188659202761766,2.5448595126024185,8.455541827368315,D:\Research\research-experiments\industrial-anomaly-detection\data\mvtec_ad\screw\ground_truth\scratch_neck\008_mask.png,4567,0.004355430603027344,-5.43633156841551
screw,scratch_neck,D:\Research\research-experiments\industrial-anomaly-detection\data\mvtec_ad\screw\test\scratch_neck\009.png,1,0.5,0,1,51.78874588012695,30.188659202761766,2.5448595126024185,8.487732454541884,D:\Research\research-experiments\industrial-anomaly-detection\data\mvtec_ad\screw\ground_truth\scratch_neck\009_mask.png,2582,0.0024623870849609375,-6.006623633682409
screw,scratch_neck,D:\Research\research-experiments\industrial-anomaly-detection\data\mvtec_ad\screw\test\scratch_neck\010.png,1,0.5,0,1,41.72425842285156,30.188659202761766,2.5448595126024185,4.53290217513551,D:\Research\research-experiments\industrial-anomaly-detection\data\mvtec_ad\screw\ground_truth\scratch_neck\010_mask.png,4609,0.004395484924316406,-5.42717719097224
screw,scratch_neck,D:\Research\research-experiments\industrial-anomaly-detection\data\mvtec_ad\screw\test\scratch_neck\011.png,1,0.5,0,1,35.710323333740234,30.188659202761766,2.5448595126024185,2.1697323972638145,D:\Research\research-experiments\industrial-anomaly-detection\data\mvtec_ad\screw\ground_truth\scratch_neck\011_mask.png,1637,0.0015611648559570312,-6.462322393280634
screw,scratch_neck,D:\Research\research-experiments\industrial-anomaly-detection\data\mvtec_ad\screw\test\scratch_neck\012.png,1,0.5,0,1,38.47055435180664,30.188659202761766,2.5448595126024185,3.254362414912115,D:\Research\research-experiments\industrial-anomaly-detection\data\mvtec_ad\screw\ground_truth\scratch_neck\012_mask.png,3583,0.0034170150756835938,-5.6789876012409115
screw,scratch_neck,D:\Research\research-experiments\industrial-anomaly-detection\data\mvtec_ad\screw\test\scratch_neck\013.png,1,0.5,0,1,42.7864875793457,30.188659202761766,2.5448595126024185,4.950304059692935,D:\Research\research-experiments\industrial-anomaly-detection\data\mvtec_ad\screw\ground_truth\scratch_neck\013_mask.png,3198,0.0030498504638671875,-5.792662389920133
screw,scratch_neck,D:\Research\research-experiments\industrial-anomaly-detection\data\mvtec_ad\screw\test\scratch_neck\014.png,1,0.5,0,1,47.52488327026367,30.188659202761766,2.5448595126024185,6.812251906893507,D:\Research\research-experiments\industrial-anomaly-detection\data\mvtec_ad\screw\ground_truth\scratch_neck\014_mask.png,2981,0.0028429031372070312,-5.8629291657677935
screw,scratch_neck,D:\Research\research-experiments\industrial-anomaly-detection\data\mvtec_ad\screw\test\scratch_neck\015.png,1,0.5,0,1,47.7650146484375,30.188659202761766,2.5448595126024185,6.906611291757257,D:\Research\research-experiments\industrial-anomaly-detection\data\mvtec_ad\screw\ground_truth\scratch_neck\015_mask.png,3017,0.0028772354125976562,-5.850925024484055
screw,scratch_neck,D:\Research\research-experiments\industrial-anomaly-detection\data\mvtec_ad\screw\test\scratch_neck\016.png,1,0.5,0,1,49.645050048828125,30.188659202761766,2.5448595126024185,7.64536932184909,D:\Research\research-experiments\industrial-anomaly-detection\data\mvtec_ad\screw\ground_truth\scratch_neck\016_mask.png,3955,0.0037717819213867188,-5.580207465870512
screw,scratch_neck,D:\Research\research-experiments\industrial-anomaly-detection\data\mvtec_ad\screw\test\scratch_neck\017.png,1,0.5,0,1,41.52910614013672,30.188659202761766,2.5448595126024185,4.456217280842356,D:\Research\research-experiments\industrial-anomaly-detection\data\mvtec_ad\screw\ground_truth\scratch_neck\017_mask.png,3813,0.0036363601684570312,-5.6167717763411185
screw,scratch_neck,D:\Research\research-experiments\industrial-anomaly-detection\data\mvtec_ad\screw\test\scratch_neck\018.png,1,0.5,0,1,45.6414909362793,30.188659202761766,2.5448595126024185,6.072174773103758,D:\Research\research-experiments\industrial-anomaly-detection\data\mvtec_ad\screw\ground_truth\scratch_neck\018_mask.png,3269,0.0031175613403320312,-5.770703883711211
screw,scratch_neck,D:\Research\research-experiments\industrial-anomaly-detection\data\mvtec_ad\screw\test\scratch_neck\019.png,1,0.5,0,1,42.053123474121094,30.188659202761766,2.5448595126024185,4.662129368087009,D:\Research\research-experiments\industrial-anomaly-detection\data\mvtec_ad\screw\ground_truth\scratch_neck\019_mask.png,4108,0.003917694091796875,-5.542251784898299
screw,scratch_neck,D:\Research\research-experiments\industrial-anomaly-detection\data\mvtec_ad\screw\test\scratch_neck\020.png,1,0.5,0,1,49.35902404785156,30.188659202761766,2.5448595126024185,7.532975690860766,D:\Research\research-experiments\industrial-anomaly-detection\data\mvtec_ad\screw\ground_truth\scratch_neck\020_mask.png,7369,0.007027626037597656,-4.957906178136354
screw,scratch_neck,D:\Research\research-experiments\industrial-anomaly-detection\data\mvtec_ad\screw\test\scratch_neck\021.png,1,0.5,0,1,35.808589935302734,30.188659202761766,2.5448595126024185,2.2083461600573493,D:\Research\research-experiments\industrial-anomaly-detection\data\mvtec_ad\screw\ground_truth\scratch_neck\021_mask.png,2687,0.0025625228881835938,-5.966762612343074
screw,scratch_neck,D:\Research\research-experiments\industrial-anomaly-detection\data\mvtec_ad\screw\test\scratch_neck\022.png,1,0.5,0,1,38.36427688598633,30.188659202761766,2.5448595126024185,3.2126007910212815,D:\Research\research-experiments\industrial-anomaly-detection\data\mvtec_ad\screw\ground_truth\scratch_neck\022_mask.png,1033,0.0009851455688476562,-6.92272012700137
screw,scratch_neck,D:\Research\research-experiments\industrial-anomaly-detection\data\mvtec_ad\screw\test\scratch_neck\023.png,1,0.5,0,1,38.349708557128906,30.188659202761766,2.5448595126024185,3.2068761807686217,D:\Research\research-experiments\industrial-anomaly-detection\data\mvtec_ad\screw\ground_truth\scratch_neck\023_mask.png,1717,0.0016374588012695312,-6.4146091395992295
screw,scratch_neck,D:\Research\research-experiments\industrial-anomaly-detection\data\mvtec_ad\screw\test\scratch_neck\024.png,1,0.5,0,1,47.533023834228516,30.188659202761766,2.5448595126024185,6.815450733360953,D:\Research\research-experiments\industrial-anomaly-detection\data\mvtec_ad\screw\ground_truth\scratch_neck\024_mask.png,3240,0.00308990478515625,-5.779614678778016
screw,thread_side,D:\Research\research-experiments\industrial-anomaly-detection\data\mvtec_ad\screw\test\thread_side\000.png,1,0.5,0,1,31.748722076416016,30.188659202761766,2.5448595126024185,0.6130251457609547,D:\Research\research-experiments\industrial-anomaly-detection\data\mvtec_ad\screw\ground_truth\thread_side\000_mask.png,1580,0.001506805419921875,-6.497762821522418
screw,thread_side,D:\Research\research-experiments\industrial-anomaly-detection\data\mvtec_ad\screw\test\thread_side\001.png,1,0.5,0,1,32.812137603759766,30.188659202761766,2.5448595126024185,1.0308932135570754,D:\Research\research-experiments\industrial-anomaly-detection\data\mvtec_ad\screw\ground_truth\thread_side\001_mask.png,6009,0.005730628967285156,-5.161929812364078
screw,thread_side,D:\Research\research-experiments\industrial-anomaly-detection\data\mvtec_ad\screw\test\thread_side\002.png,1,0.5,0,1,33.6194953918457,30.188659202761766,2.5448595126024185,1.34814364883172,D:\Research\research-experiments\industrial-anomaly-detection\data\mvtec_ad\screw\ground_truth\thread_side\002_mask.png,2302,0.0021953582763671875,-6.121409566410666
screw,thread_side,D:\Research\research-experiments\industrial-anomaly-detection\data\mvtec_ad\screw\test\thread_side\003.png,1,0.5,0,1,31.39923095703125,30.188659202761766,2.5448595126024185,0.47569295997464783,D:\Research\research-experiments\industrial-anomaly-detection\data\mvtec_ad\screw\ground_truth\thread_side\003_mask.png,2047,0.0019521713256835938,-6.238812513287626
screw,thread_side,D:\Research\research-experiments\industrial-anomaly-detection\data\mvtec_ad\screw\test\thread_side\004.png,1,0.5,0,1,32.908512115478516,30.188659202761766,2.5448595126024185,1.0687634815390574,D:\Research\research-experiments\industrial-anomaly-detection\data\mvtec_ad\screw\ground_truth\thread_side\004_mask.png,1460,0.001392364501953125,-6.576751178294042
screw,thread_side,D:\Research\research-experiments\industrial-anomaly-detection\data\mvtec_ad\screw\test\thread_side\005.png,1,0.5,0,1,36.65425109863281,30.188659202761766,2.5448595126024185,2.540647868321508,D:\Research\research-experiments\industrial-anomaly-detection\data\mvtec_ad\screw\ground_truth\thread_side\005_mask.png,2721,0.0025949478149414062,-5.95418848705153
screw,thread_side,D:\Research\research-experiments\industrial-anomaly-detection\data\mvtec_ad\screw\test\thread_side\006.png,1,0.5,0,1,32.36079025268555,30.188659202761766,2.5448595126024185,0.8535367234093489,D:\Research\research-experiments\industrial-anomaly-detection\data\mvtec_ad\screw\ground_truth\thread_side\006_mask.png,4696,0.00447845458984375,-5.408477026399687
screw,thread_side,D:\Research\research-experiments\industrial-anomaly-detection\data\mvtec_ad\screw\test\thread_side\007.png,1,0.5,0,1,37.013671875,30.188659202761766,2.5448595126024185,2.6818819028869907,D:\Research\research-experiments\industrial-anomaly-detection\data\mvtec_ad\screw\ground_truth\thread_side\007_mask.png,3887,0.0037069320678710938,-5.597550410581862
screw,thread_side,D:\Research\research-experiments\industrial-anomaly-detection\data\mvtec_ad\screw\test\thread_side\008.png,1,0.5,0,1,33.276973724365234,30.188659202761766,2.5448595126024185,1.2135501022000634,D:\Research\research-experiments\industrial-anomaly-detection\data\mvtec_ad\screw\ground_truth\thread_side\008_mask.png,2757,0.0026292800903320312,-5.941044819842936
screw,thread_side,D:\Research\research-experiments\industrial-anomaly-detection\data\mvtec_ad\screw\test\thread_side\009.png,1,0.5,0,1,34.8838996887207,30.188659202761766,2.5448595126024185,1.8449900525775982,D:\Research\research-experiments\industrial-anomaly-detection\data\mvtec_ad\screw\ground_truth\thread_side\009_mask.png,2577,0.0024576187133789062,-6.008561993648681
screw,thread_side,D:\Research\research-experiments\industrial-anomaly-detection\data\mvtec_ad\screw\test\thread_side\010.png,1,0.5,0,1,29.651308059692383,30.188659202761766,2.5448595126024185,-0.21115159418756219,D:\Research\research-experiments\industrial-anomaly-detection\data\mvtec_ad\screw\ground_truth\thread_side\010_mask.png,3097,0.0029535293579101562,-5.824754092647782
screw,thread_side,D:\Research\research-experiments\industrial-anomaly-detection\data\mvtec_ad\screw\test\thread_side\011.png,1,0.5,0,1,40.14690399169922,30.188659202761766,2.5448595126024185,3.9130823291514334,D:\Research\research-experiments\industrial-anomaly-detection\data\mvtec_ad\screw\ground_truth\thread_side\011_mask.png,1761,0.0016794204711914062,-6.389305907259379
screw,thread_side,D:\Research\research-experiments\industrial-anomaly-detection\data\mvtec_ad\screw\test\thread_side\012.png,1,0.5,0,1,33.29574203491211,30.188659202761766,2.5448595126024185,1.2209250910565925,D:\Research\research-experiments\industrial-anomaly-detection\data\mvtec_ad\screw\ground_truth\thread_side\012_mask.png,4231,0.004034996032714844,-5.512749712647151
screw,thread_side,D:\Research\research-experiments\industrial-anomaly-detection\data\mvtec_ad\screw\test\thread_side\013.png,1,0.5,0,1,29.909379959106445,30.188659202761766,2.5448595126024185,-0.10974249944733677,D:\Research\research-experiments\industrial-anomaly-detection\data\mvtec_ad\screw\ground_truth\thread_side\013_mask.png,1685,0.0016069412231445312,-6.433422146112341
screw,thread_side,D:\Research\research-experiments\industrial-anomaly-detection\data\mvtec_ad\screw\test\thread_side\014.png,1,0.5,0,1,36.038597106933594,30.188659202761766,2.5448595126024185,2.2987272480867036,D:\Research\research-experiments\industrial-anomaly-detection\data\mvtec_ad\screw\ground_truth\thread_side\014_mask.png,2720,0.002593994140625,-5.954556066403055
screw,thread_side,D:\Research\research-experiments\industrial-anomaly-detection\data\mvtec_ad\screw\test\thread_side\015.png,1,0.5,0,1,30.29846954345703,30.188659202761766,2.5448595126024185,0.043149863539214114,D:\Research\research-experiments\industrial-anomaly-detection\data\mvtec_ad\screw\ground_truth\thread_side\015_mask.png,2977,0.0028390884399414062,-5.864271897957461
screw,thread_side,D:\Research\research-experiments\industrial-anomaly-detection\data\mvtec_ad\screw\test\thread_side\016.png,1,0.5,0,1,32.10775375366211,30.188659202761766,2.5448595126024185,0.7541062842159971,D:\Research\research-experiments\industrial-anomaly-detection\data\mvtec_ad\screw\ground_truth\thread_side\016_mask.png,5564,0.005306243896484375,-5.238870869698365
screw,thread_side,D:\Research\research-experiments\industrial-anomaly-detection\data\mvtec_ad\screw\test\thread_side\017.png,1,0.5,0,1,38.26835632324219,30.188659202761766,2.5448595126024185,3.174908901834813,D:\Research\research-experiments\industrial-anomaly-detection\data\mvtec_ad\screw\ground_truth\thread_side\017_mask.png,2901,0.0027666091918945312,-5.8901324656242755
screw,thread_side,D:\Research\research-experiments\industrial-anomaly-detection\data\mvtec_ad\screw\test\thread_side\018.png,1,0.5,0,1,35.866817474365234,30.188659202761766,2.5448595126024185,2.2312266132902883,D:\Research\research-experiments\industrial-anomaly-detection\data\mvtec_ad\screw\ground_truth\thread_side\018_mask.png,2424,0.00231170654296875,-6.069768831428936
screw,thread_side,D:\Research\research-experiments\industrial-anomaly-detection\data\mvtec_ad\screw\test\thread_side\019.png,1,0.5,0,1,37.14222717285156,30.188659202761766,2.5448595126024185,2.7323975785912658,D:\Research\research-experiments\industrial-anomaly-detection\data\mvtec_ad\screw\ground_truth\thread_side\019_mask.png,1207,0.0011510848999023438,-6.7670495213561015
screw,thread_side,D:\Research\research-experiments\industrial-anomaly-detection\data\mvtec_ad\screw\test\thread_side\020.png,1,0.5,0,1,32.63450622558594,30.188659202761766,2.5448595126024185,0.9610931411781568,D:\Research\research-experiments\industrial-anomaly-detection\data\mvtec_ad\screw\ground_truth\thread_side\020_mask.png,1601,0.0015268325805664062,-6.48455924325175
screw,thread_side,D:\Research\research-experiments\industrial-anomaly-detection\data\mvtec_ad\screw\test\thread_side\021.png,1,0.5,0,1,31.89777374267578,30.188659202761766,2.5448595126024185,0.6715948489298902,D:\Research\research-experiments\industrial-anomaly-detection\data\mvtec_ad\screw\ground_truth\thread_side\021_mask.png,3364,0.003208160400390625,-5.7420572784010036
screw,thread_side,D:\Research\research-experiments\industrial-anomaly-detection\data\mvtec_ad\screw\test\thread_side\022.png,1,0.5,0,1,37.80292510986328,30.188659202761766,2.5448595126024185,2.99201817208174,D:\Research\research-experiments\industrial-anomaly-detection\data\mvtec_ad\screw\ground_truth\thread_side\022_mask.png,3904,0.00372314453125,-5.593186395075795
screw,thread_top,D:\Research\research-experiments\industrial-anomaly-detection\data\mvtec_ad\screw\test\thread_top\000.png,1,0.5,0,1,40.911407470703125,30.188659202761766,2.5448595126024185,4.213493206537003,D:\Research\research-experiments\industrial-anomaly-detection\data\mvtec_ad\screw\ground_truth\thread_top\000_mask.png,6803,0.006487846374511719,-5.037824486719504
screw,thread_top,D:\Research\research-experiments\industrial-anomaly-detection\data\mvtec_ad\screw\test\thread_top\001.png,1,0.5,0,1,38.45379638671875,30.188659202761766,2.5448595126024185,3.2477773892928603,D:\Research\research-experiments\industrial-anomaly-detection\data\mvtec_ad\screw\ground_truth\thread_top\001_mask.png,6387,0.006091117858886719,-5.100923493463853
screw,thread_top,D:\Research\research-experiments\industrial-anomaly-detection\data\mvtec_ad\screw\test\thread_top\002.png,1,0.5,0,1,35.6412353515625,30.188659202761766,2.5448595126024185,2.142584343771823,D:\Research\research-experiments\industrial-anomaly-detection\data\mvtec_ad\screw\ground_truth\thread_top\002_mask.png,6084,0.005802154541015625,-5.149525785469968
screw,thread_top,D:\Research\research-experiments\industrial-anomaly-detection\data\mvtec_ad\screw\test\thread_top\003.png,1,0.5,0,1,30.39326286315918,30.188659202761766,2.5448595126024185,0.0803988036998484,D:\Research\research-experiments\industrial-anomaly-detection\data\mvtec_ad\screw\ground_truth\thread_top\003_mask.png,4646,0.0044307708740234375,-5.419181472174216
screw,thread_top,D:\Research\research-experiments\industrial-anomaly-detection\data\mvtec_ad\screw\test\thread_top\004.png,1,0.5,0,1,38.78171920776367,30.188659202761766,2.5448595126024185,3.3766343338200584,D:\Research\research-experiments\industrial-anomaly-detection\data\mvtec_ad\screw\ground_truth\thread_top\004_mask.png,6696,0.00638580322265625,-5.0536778424322355
screw,thread_top,D:\Research\research-experiments\industrial-anomaly-detection\data\mvtec_ad\screw\test\thread_top\005.png,1,0.5,0,1,39.65615463256836,30.188659202761766,2.5448595126024185,3.7202428593494203,D:\Research\research-experiments\industrial-anomaly-detection\data\mvtec_ad\screw\ground_truth\thread_top\005_mask.png,10599,0.010107994079589844,-4.594428576240059
screw,thread_top,D:\Research\research-experiments\industrial-anomaly-detection\data\mvtec_ad\screw\test\thread_top\006.png,1,0.5,0,1,36.05730056762695,30.188659202761766,2.5448595126024185,2.3060767542581595,D:\Research\research-experiments\industrial-anomaly-detection\data\mvtec_ad\screw\ground_truth\thread_top\006_mask.png,7649,0.007294654846191406,-4.920613274790371
screw,thread_top,D:\Research\research-experiments\industrial-anomaly-detection\data\mvtec_ad\screw\test\thread_top\007.png,1,0.5,0,1,43.62035369873047,30.188659202761766,2.5448595126024185,5.27797091723669,D:\Research\research-experiments\industrial-anomaly-detection\data\mvtec_ad\screw\ground_truth\thread_top\007_mask.png,6834,0.0065174102783203125,-5.033278025088504
screw,thread_top,D:\Research\research-experiments\industrial-anomaly-detection\data\mvtec_ad\screw\test\thread_top\008.png,1,0.5,0,1,33.857566833496094,30.188659202761766,2.5448595126024185,1.4416935836990223,D:\Research\research-experiments\industrial-anomaly-detection\data\mvtec_ad\screw\ground_truth\thread_top\008_mask.png,5620,0.005359649658203125,-5.228856481731827
screw,thread_top,D:\Research\research-experiments\industrial-anomaly-detection\data\mvtec_ad\screw\test\thread_top\009.png,1,0.5,0,1,39.15509796142578,30.188659202761766,2.5448595126024185,3.523353141602216,D:\Research\research-experiments\industrial-anomaly-detection\data\mvtec_ad\screw\ground_truth\thread_top\009_mask.png,4056,0.00386810302734375,-5.554990807403266
screw,thread_top,D:\Research\research-experiments\industrial-anomaly-detection\data\mvtec_ad\screw\test\thread_top\010.png,1,0.5,0,1,36.69869613647461,30.188659202761766,2.5448595126024185,2.558112501485618,D:\Research\research-experiments\industrial-anomaly-detection\data\mvtec_ad\screw\ground_truth\thread_top\010_mask.png,5418,0.0051670074462890625,-5.265461395018263
screw,thread_top,D:\Research\research-experiments\industrial-anomaly-detection\data\mvtec_ad\screw\test\thread_top\011.png,1,0.5,0,1,40.20166015625,30.188659202761766,2.5448595126024185,3.9345987092422092,D:\Research\research-experiments\industrial-anomaly-detection\data\mvtec_ad\screw\ground_truth\thread_top\011_mask.png,5075,0.004839897155761719,-5.3308616006729785
screw,thread_top,D:\Research\research-experiments\industrial-anomaly-detection\data\mvtec_ad\screw\test\thread_top\012.png,1,0.5,0,1,35.88555908203125,30.188659202761766,2.5448595126024185,2.238591109276493,D:\Research\research-experiments\industrial-anomaly-detection\data\mvtec_ad\screw\ground_truth\thread_top\012_mask.png,1275,0.0012159347534179688,-6.712241331194169
screw,thread_top,D:\Research\research-experiments\industrial-anomaly-detection\data\mvtec_ad\screw\test\thread_top\013.png,1,0.5,0,1,38.1459846496582,30.188659202761766,2.5448595126024185,3.126823075101358,D:\Research\research-experiments\industrial-anomaly-detection\data\mvtec_ad\screw\ground_truth\thread_top\013_mask.png,3005,0.0028657913208007812,-5.854910415285898
screw,thread_top,D:\Research\research-experiments\industrial-anomaly-detection\data\mvtec_ad\screw\test\thread_top\014.png,1,0.5,0,1,39.364810943603516,30.188659202761766,2.5448595126024185,3.6057596481850798,D:\Research\research-experiments\industrial-anomaly-detection\data\mvtec_ad\screw\ground_truth\thread_top\014_mask.png,4905,0.004677772521972656,-5.364933025422503
screw,thread_top,D:\Research\research-experiments\industrial-anomaly-detection\data\mvtec_ad\screw\test\thread_top\015.png,1,0.5,0,1,37.39725112915039,30.188659202761766,2.5448595126024185,2.8326089871330424,D:\Research\research-experiments\industrial-anomaly-detection\data\mvtec_ad\screw\ground_truth\thread_top\015_mask.png,3769,0.0035943984985351562,-5.628378339721143
screw,thread_top,D:\Research\research-experiments\industrial-anomaly-detection\data\mvtec_ad\screw\test\thread_top\016.png,1,0.5,0,1,38.436344146728516,30.188659202761766,2.5448595126024185,3.240919549045173,D:\Research\research-experiments\industrial-anomaly-detection\data\mvtec_ad\screw\ground_truth\thread_top\016_mask.png,4124,0.003932952880859375,-5.538364511800206
screw,thread_top,D:\Research\research-experiments\industrial-anomaly-detection\data\mvtec_ad\screw\test\thread_top\017.png,1,0.5,0,1,34.82775115966797,30.188659202761766,2.5448595126024185,1.8229265442484819,D:\Research\research-experiments\industrial-anomaly-detection\data\mvtec_ad\screw\ground_truth\thread_top\017_mask.png,1161,0.0011072158813476562,-6.805905726335187
screw,thread_top,D:\Research\research-experiments\industrial-anomaly-detection\data\mvtec_ad\screw\test\thread_top\018.png,1,0.5,0,1,37.51953887939453,30.188659202761766,2.5448595126024185,2.8806618362740495,D:\Research\research-experiments\industrial-anomaly-detection\data\mvtec_ad\screw\ground_truth\thread_top\018_mask.png,5585,0.005326271057128906,-5.23510371194701
screw,thread_top,D:\Research\research-experiments\industrial-anomaly-detection\data\mvtec_ad\screw\test\thread_top\019.png,1,0.5,0,1,41.95172119140625,30.188659202761766,2.5448595126024185,4.622283442521104,D:\Research\research-experiments\industrial-anomaly-detection\data\mvtec_ad\screw\ground_truth\thread_top\019_mask.png,7792,0.0074310302734375,-4.902090631305702
screw,thread_top,D:\Research\research-experiments\industrial-anomaly-detection\data\mvtec_ad\screw\test\thread_top\020.png,1,0.5,0,1,43.944313049316406,30.188659202761766,2.5448595126024185,5.405270420011463,D:\Research\research-experiments\industrial-anomaly-detection\data\mvtec_ad\screw\ground_truth\thread_top\020_mask.png,6790,0.0064754486083984375,-5.039737236216721
screw,thread_top,D:\Research\research-experiments\industrial-anomaly-detection\data\mvtec_ad\screw\test\thread_top\021.png,1,0.5,0,1,39.714969635009766,30.188659202761766,2.5448595126024185,3.7433541557294947,D:\Research\research-experiments\industrial-anomaly-detection\data\mvtec_ad\screw\ground_truth\thread_top\021_mask.png,5326,0.0050792694091796875,-5.28258764794634
screw,thread_top,D:\Research\research-experiments\industrial-anomaly-detection\data\mvtec_ad\screw\test\thread_top\022.png,1,0.5,0,1,40.3103141784668,30.188659202761766,2.5448595126024185,3.9772941985919084,D:\Research\research-experiments\industrial-anomaly-detection\data\mvtec_ad\screw\ground_truth\thread_top\022_mask.png,4004,0.003818511962890625,-5.567894208881712
screw,good,D:\Research\research-experiments\industrial-anomaly-detection\data\mvtec_ad\screw\test\good\000.png,1,0.75,1,0,32.795074462890625,32.63360102583722,2.6629728957558427,0.06063653043962757,,,,
screw,good,D:\Research\research-experiments\industrial-anomaly-detection\data\mvtec_ad\screw\test\good\001.png,1,0.75,1,0,30.32573890686035,32.63360102583722,2.6629728957558427,-0.866648745338364,,,,
screw,good,D:\Research\research-experiments\industrial-anomaly-detection\data\mvtec_ad\screw\test\good\002.png,1,0.75,1,0,29.43360137939453,32.63360102583722,2.6629728957558427,-1.2016643697510943,,,,
screw,good,D:\Research\research-experiments\industrial-anomaly-detection\data\mvtec_ad\screw\test\good\003.png,1,0.75,1,0,37.83380889892578,32.63360102583722,2.6629728957558427,1.9527828771282187,,,,
screw,good,D:\Research\research-experiments\industrial-anomaly-detection\data\mvtec_ad\screw\test\good\004.png,1,0.75,1,0,32.74171447753906,32.63360102583722,2.6629728957558427,0.04059878036090696,,,,
screw,good,D:\Research\research-experiments\industrial-anomaly-detection\data\mvtec_ad\screw\test\good\005.png,1,0.75,1,0,35.84600067138672,32.63360102583722,2.6629728957558427,1.2063208193629427,,,,
screw,good,D:\Research\research-experiments\industrial-anomaly-detection\data\mvtec_ad\screw\test\good\006.png,1,0.75,1,0,30.736913681030273,32.63360102583722,2.6629728957558427,-0.7122443295723461,,,,
screw,good,D:\Research\research-experiments\industrial-anomaly-detection\data\mvtec_ad\screw\test\good\007.png,1,0.75,1,0,30.853530883789062,32.63360102583722,2.6629728957558427,-0.6684522192791285,,,,
screw,good,D:\Research\research-experiments\industrial-anomaly-detection\data\mvtec_ad\screw\test\good\008.png,1,0.75,1,0,32.714210510253906,32.63360102583722,2.6629728957558427,0.030270486246839496,,,,
screw,good,D:\Research\research-experiments\industrial-anomaly-detection\data\mvtec_ad\screw\test\good\009.png,1,0.75,1,0,35.13868713378906,32.63360102583722,2.6629728957558427,0.9407103286497442,,,,
screw,good,D:\Research\research-experiments\industrial-anomaly-detection\data\mvtec_ad\screw\test\good\010.png,1,0.75,1,0,32.25096893310547,32.63360102583722,2.6629728957558427,-0.14368606355009478,,,,
screw,good,D:\Research\research-experiments\industrial-anomaly-detection\data\mvtec_ad\screw\test\good\011.png,1,0.75,1,0,30.092763900756836,32.63360102583722,2.6629728957558427,-0.9541355562160952,,,,
screw,good,D:\Research\research-experiments\industrial-anomaly-detection\data\mvtec_ad\screw\test\good\012.png,1,0.75,1,0,33.31036376953125,32.63360102583722,2.6629728957558427,0.254138051788897,,,,
screw,good,D:\Research\research-experiments\industrial-anomaly-detection\data\mvtec_ad\screw\test\good\013.png,1,0.75,1,0,32.67715072631836,32.63360102583722,2.6629728957558427,0.016353790363598807,,,,
screw,good,D:\Research\research-experiments\industrial-anomaly-detection\data\mvtec_ad\screw\test\good\014.png,1,0.75,1,0,40.45879364013672,32.63360102583722,2.6629728957558427,2.938517559367963,,,,
screw,good,D:\Research\research-experiments\industrial-anomaly-detection\data\mvtec_ad\screw\test\good\015.png,1,0.75,1,0,31.496171951293945,32.63360102583722,2.6629728957558427,-0.42712754469115094,,,,
screw,good,D:\Research\research-experiments\industrial-anomaly-detection\data\mvtec_ad\screw\test\good\016.png,1,0.75,1,0,32.32090377807617,32.63360102583722,2.6629728957558427,-0.11742411958432518,,,,
screw,good,D:\Research\research-experiments\industrial-anomaly-detection\data\mvtec_ad\screw\test\good\017.png,1,0.75,1,0,31.39511489868164,32.63360102583722,2.6629728957558427,-0.4650765049578386,,,,
screw,good,D:\Research\research-experiments\industrial-anomaly-detection\data\mvtec_ad\screw\test\good\018.png,1,0.75,1,0,33.762542724609375,32.63360102583722,2.6629728957558427,0.42394036400874446,,,,
screw,good,D:\Research\research-experiments\industrial-anomaly-detection\data\mvtec_ad\screw\test\good\019.png,1,0.75,1,0,35.30247497558594,32.63360102583722,2.6629728957558427,1.0022159647220883,,,,
screw,good,D:\Research\research-experiments\industrial-anomaly-detection\data\mvtec_ad\screw\test\good\020.png,1,0.75,1,0,31.100454330444336,32.63360102583722,2.6629728957558427,-0.5757274878149773,,,,
screw,good,D:\Research\research-experiments\industrial-anomaly-detection\data\mvtec_ad\screw\test\good\021.png,1,0.75,1,0,31.072673797607422,32.63360102583722,2.6629728957558427,-0.5861596378684719,,,,
screw,good,D:\Research\research-experiments\industrial-anomaly-detection\data\mvtec_ad\screw\test\good\022.png,1,0.75,1,0,36.50258255004883,32.63360102583722,2.6629728957558427,1.4528805495459076,,,,
screw,good,D:\Research\research-experiments\industrial-anomaly-detection\data\mvtec_ad\screw\test\good\023.png,1,0.75,1,0,32.30048751831055,32.63360102583722,2.6629728957558427,-0.12509083665762463,,,,
screw,good,D:\Research\research-experiments\industrial-anomaly-detection\data\mvtec_ad\screw\test\good\024.png,1,0.75,1,0,33.61787414550781,32.63360102583722,2.6629728957558427,0.3696143964661794,,,,
screw,good,D:\Research\research-experiments\industrial-anomaly-detection\data\mvtec_ad\screw\test\good\025.png,1,0.75,1,0,35.96491622924805,32.63360102583722,2.6629728957558427,1.2509760083251928,,,,
screw,good,D:\Research\research-experiments\industrial-anomaly-detection\data\mvtec_ad\screw\test\good\026.png,1,0.75,1,0,33.38814926147461,32.63360102583722,2.6629728957558427,0.28334807193868194,,,,
screw,good,D:\Research\research-experiments\industrial-anomaly-detection\data\mvtec_ad\screw\test\good\027.png,1,0.75,1,0,34.11128234863281,32.63360102583722,2.6629728957558427,0.5548991223871144,,,,
screw,good,D:\Research\research-experiments\industrial-anomaly-detection\data\mvtec_ad\screw\test\good\028.png,1,0.75,1,0,30.175222396850586,32.63360102583722,2.6629728957558427,-0.9231707288139201,,,,
screw,good,D:\Research\research-experiments\industrial-anomaly-detection\data\mvtec_ad\screw\test\good\029.png,1,0.75,1,0,30.477537155151367,32.63360102583722,2.6629728957558427,-0.8096454433021523,,,,
screw,good,D:\Research\research-experiments\industrial-anomaly-detection\data\mvtec_ad\screw\test\good\030.png,1,0.75,1,0,32.10264587402344,32.63360102583722,2.6629728957558427,-0.19938436198881473,,,,
screw,good,D:\Research\research-experiments\industrial-anomaly-detection\data\mvtec_ad\screw\test\good\031.png,1,0.75,1,0,30.50513458251953,32.63360102583722,2.6629728957558427,-0.799282053043037,,,,
screw,good,D:\Research\research-experiments\industrial-anomaly-detection\data\mvtec_ad\screw\test\good\032.png,1,0.75,1,0,29.219396591186523,32.63360102583722,2.6629728957558427,-1.2821025854570822,,,,
screw,good,D:\Research\research-experiments\industrial-anomaly-detection\data\mvtec_ad\screw\test\good\033.png,1,0.75,1,0,29.77587127685547,32.63360102583722,2.6629728957558427,-1.073135124107462,,,,
screw,good,D:\Research\research-experiments\industrial-anomaly-detection\data\mvtec_ad\screw\test\good\034.png,1,0.75,1,0,33.03986740112305,32.63360102583722,2.6629728957558427,0.15256121304626044,,,,
screw,good,D:\Research\research-experiments\industrial-anomaly-detection\data\mvtec_ad\screw\test\good\035.png,1,0.75,1,0,39.35672378540039,32.63360102583722,2.6629728957558427,2.52466811445143,,,,
screw,good,D:\Research\research-experiments\industrial-anomaly-detection\data\mvtec_ad\screw\test\good\036.png,1,0.75,1,0,29.457706451416016,32.63360102583722,2.6629728957558427,-1.1926124293201938,,,,
screw,good,D:\Research\research-experiments\industrial-anomaly-detection\data\mvtec_ad\screw\test\good\037.png,1,0.75,1,0,31.773406982421875,32.63360102583722,2.6629728957558427,-0.32302020226578204,,,,
screw,good,D:\Research\research-experiments\industrial-anomaly-detection\data\mvtec_ad\screw\test\good\038.png,1,0.75,1,0,31.94447135925293,32.63360102583722,2.6629728957558427,-0.2587820806147163,,,,
screw,good,D:\Research\research-experiments\industrial-anomaly-detection\data\mvtec_ad\screw\test\good\039.png,1,0.75,1,0,30.789405822753906,32.63360102583722,2.6629728957558427,-0.6925324722690693,,,,
screw,good,D:\Research\research-experiments\industrial-anomaly-detection\data\mvtec_ad\screw\test\good\040.png,1,0.75,1,0,29.8153018951416,32.63360102583722,2.6629728957558427,-1.0583281321365803,,,,
screw,manipulated_front,D:\Research\research-experiments\industrial-anomaly-detection\data\mvtec_ad\screw\test\manipulated_front\000.png,1,0.75,0,1,36.70998001098633,32.63360102583722,2.6629728957558427,1.5307624766462709,D:\Research\research-experiments\industrial-anomaly-detection\data\mvtec_ad\screw\ground_truth\manipulated_front\000_mask.png,3806,0.0036296844482421875,-5.618609287836806
screw,manipulated_front,D:\Research\research-experiments\industrial-anomaly-detection\data\mvtec_ad\screw\test\manipulated_front\001.png,1,0.75,0,1,34.67791748046875,32.63360102583722,2.6629728957558427,0.7676820360769314,D:\Research\research-experiments\industrial-anomaly-detection\data\mvtec_ad\screw\ground_truth\manipulated_front\001_mask.png,2866,0.0027332305908203125,-5.902270636943445
screw,manipulated_front,D:\Research\research-experiments\industrial-anomaly-detection\data\mvtec_ad\screw\test\manipulated_front\002.png,1,0.75,0,1,33.73368453979492,32.63360102583722,2.6629728957558427,0.41310353391541293,D:\Research\research-experiments\industrial-anomaly-detection\data\mvtec_ad\screw\ground_truth\manipulated_front\002_mask.png,2520,0.00240325927734375,-6.030929014591936
screw,manipulated_front,D:\Research\research-experiments\industrial-anomaly-detection\data\mvtec_ad\screw\test\manipulated_front\003.png,1,0.75,0,1,42.26348114013672,32.63360102583722,2.6629728957558427,3.616214092771007,D:\Research\research-experiments\industrial-anomaly-detection\data\mvtec_ad\screw\ground_truth\manipulated_front\003_mask.png,4826,0.0046024322509765625,-5.381170147737533
screw,manipulated_front,D:\Research\research-experiments\industrial-anomaly-detection\data\mvtec_ad\screw\test\manipulated_front\004.png,1,0.75,0,1,40.66347122192383,32.63360102583722,2.6629728957558427,3.0153781170226495,D:\Research\research-experiments\industrial-anomaly-detection\data\mvtec_ad\screw\ground_truth\manipulated_front\004_mask.png,2245,0.0021409988403320312,-6.146482343950946
screw,manipulated_front,D:\Research\research-experiments\industrial-anomaly-detection\data\mvtec_ad\screw\test\manipulated_front\005.png,1,0.75,0,1,39.13164138793945,32.63360102583722,2.6629728957558427,2.440145137210593,D:\Research\research-experiments\industrial-anomaly-detection\data\mvtec_ad\screw\ground_truth\manipulated_front\005_mask.png,3304,0.00315093994140625,-5.76005415919247
screw,manipulated_front,D:\Research\research-experiments\industrial-anomaly-detection\data\mvtec_ad\screw\test\manipulated_front\006.png,1,0.75,0,1,37.52688217163086,32.63360102583722,2.6629728957558427,1.8375257042955206,D:\Research\research-experiments\industrial-anomaly-detection\data\mvtec_ad\screw\ground_truth\manipulated_front\006_mask.png,3633,0.0034646987915039062,-5.665129290352367
screw,manipulated_front,D:\Research\research-experiments\industrial-anomaly-detection\data\mvtec_ad\screw\test\manipulated_front\007.png,1,0.75,0,1,41.46147155761719,32.63360102583722,2.6629728957558427,3.315043328397946,D:\Research\research-experiments\industrial-anomaly-detection\data\mvtec_ad\screw\ground_truth\manipulated_front\007_mask.png,4911,0.004683494567871094,-5.363710531643903
screw,manipulated_front,D:\Research\research-experiments\industrial-anomaly-detection\data\mvtec_ad\screw\test\manipulated_front\008.png,1,0.75,0,1,41.37241744995117,32.63360102583722,2.6629728957558427,3.281601715902397,D:\Research\research-experiments\industrial-anomaly-detection\data\mvtec_ad\screw\ground_truth\manipulated_front\008_mask.png,3808,0.003631591796875,-5.618083939926343
screw,manipulated_front,D:\Research\research-experiments\industrial-anomaly-detection\data\mvtec_ad\screw\test\manipulated_front\009.png,1,0.75,0,1,37.69584655761719,32.63360102583722,2.6629728957558427,1.9009752370547979,D:\Research\research-experiments\industrial-anomaly-detection\data\mvtec_ad\screw\ground_truth\manipulated_front\009_mask.png,6709,0.006398200988769531,-5.051738267342097
screw,manipulated_front,D:\Research\research-experiments\industrial-anomaly-detection\data\mvtec_ad\screw\test\manipulated_front\010.png,1,0.75,0,1,38.73002243041992,32.63360102583722,2.6629728957558427,2.289329123213748,D:\Research\research-experiments\industrial-anomaly-detection\data\mvtec_ad\screw\ground_truth\manipulated_front\010_mask.png,3690,0.0035190582275390625,-5.649561589997436
screw,manipulated_front,D:\Research\research-experiments\industrial-anomaly-detection\data\mvtec_ad\screw\test\manipulated_front\011.png,1,0.75,0,1,35.954463958740234,32.63360102583722,2.6629728957558427,1.247050970062704,D:\Research\research-experiments\industrial-anomaly-detection\data\mvtec_ad\screw\ground_truth\manipulated_front\011_mask.png,3133,0.0029878616333007812,-5.813196985559251
screw,manipulated_front,D:\Research\research-experiments\industrial-anomaly-detection\data\mvtec_ad\screw\test\manipulated_front\012.png,1,0.75,0,1,36.89030838012695,32.63360102583722,2.6629728957558427,1.5984794141442178,D:\Research\research-experiments\industrial-anomaly-detection\data\mvtec_ad\screw\ground_truth\manipulated_front\012_mask.png,1695,0.0016164779663085938,-6.427504972755639
screw,manipulated_front,D:\Research\research-experiments\industrial-anomaly-detection\data\mvtec_ad\screw\test\manipulated_front\013.png,1,0.75,0,1,41.039573669433594,32.63360102583722,2.6629728957558427,3.156612167173586,D:\Research\research-experiments\industrial-anomaly-detection\data\mvtec_ad\screw\ground_truth\manipulated_front\013_mask.png,3133,0.0029878616333007812,-5.813196985559251
screw,manipulated_front,D:\Research\research-experiments\industrial-anomaly-detection\data\mvtec_ad\screw\test\manipulated_front\014.png,1,0.75,0,1,37.24570846557617,32.63360102583722,2.6629728957558427,1.731939310043137,D:\Research\research-experiments\industrial-anomaly-detection\data\mvtec_ad\screw\ground_truth\manipulated_front\014_mask.png,3315,0.0031614303588867188,-5.7567303922664745
screw,manipulated_front,D:\Research\research-experiments\industrial-anomaly-detection\data\mvtec_ad\screw\test\manipulated_front\015.png,1,0.75,0,1,38.28955841064453,32.63360102583722,2.6629728957558427,2.123926005338464,D:\Research\research-experiments\industrial-anomaly-detection\data\mvtec_ad\screw\ground_truth\manipulated_front\015_mask.png,4777,0.004555702209472656,-5.39137537830384
screw,manipulated_front,D:\Research\research-experiments\industrial-anomaly-detection\data\mvtec_ad\screw\test\manipulated_front\016.png,1,0.75,0,1,42.96433639526367,32.63360102583722,2.6629728957558427,3.8793993682366166,D:\Research\research-experiments\industrial-anomaly-detection\data\mvtec_ad\screw\ground_truth\manipulated_front\016_mask.png,7016,0.00669097900390625,-5.006994927691938
screw,manipulated_front,D:\Research\research-experiments\industrial-anomaly-detection\data\mvtec_ad\screw\test\manipulated_front\017.png,1,0.75,0,1,34.62788009643555,32.63360102583722,2.6629728957558427,0.7488919897670531,D:\Research\research-experiments\industrial-anomaly-detection\data\mvtec_ad\screw\ground_truth\manipulated_front\017_mask.png,1443,0.0013761520385742188,-6.5884633257614045
screw,manipulated_front,D:\Research\research-experiments\industrial-anomaly-detection\data\mvtec_ad\screw\test\manipulated_front\018.png,1,0.75,0,1,37.650970458984375,32.63360102583722,2.6629728957558427,1.884123357448988,D:\Research\research-experiments\industrial-anomaly-detection\data\mvtec_ad\screw\ground_truth\manipulated_front\018_mask.png,2756,0.002628326416015625,-5.941407598595183
screw,manipulated_front,D:\Research\research-experiments\industrial-anomaly-detection\data\mvtec_ad\screw\test\manipulated_front\019.png,1,0.75,0,1,34.427207946777344,32.63360102583722,2.6629728957558427,0.6735355526144152,D:\Research\research-experiments\industrial-anomaly-detection\data\mvtec_ad\screw\ground_truth\manipulated_front\019_mask.png,1771,0.0016889572143554688,-6.383643381334938
screw,manipulated_front,D:\Research\research-experiments\industrial-anomaly-detection\data\mvtec_ad\screw\test\manipulated_front\020.png,1,0.75,0,1,33.32340621948242,32.63360102583722,2.6629728957558427,0.25903575464271067,D:\Research\research-experiments\industrial-anomaly-detection\data\mvtec_ad\screw\ground_truth\manipulated_front\020_mask.png,1359,0.0012960433959960938,-6.648438425468958
screw,manipulated_front,D:\Research\research-experiments\industrial-anomaly-detection\data\mvtec_ad\screw\test\manipulated_front\021.png,1,0.75,0,1,34.27111053466797,32.63360102583722,2.6629728957558427,0.6149178279060046,D:\Research\research-experiments\industrial-anomaly-detection\data\mvtec_ad\screw\ground_truth\manipulated_front\021_mask.png,1537,0.0014657974243164062,-6.525355185438031
screw,manipulated_front,D:\Research\research-experiments\industrial-anomaly-detection\data\mvtec_ad\screw\test\manipulated_front\022.png,1,0.75,0,1,38.70311737060547,32.63360102583722,2.6629728957558427,2.2792257309271298,D:\Research\research-experiments\industrial-anomaly-detection\data\mvtec_ad\screw\ground_truth\manipulated_front\022_mask.png,1506,0.0014362335205078125,-6.5457305065737055
screw,manipulated_front,D:\Research\research-experiments\industrial-anomaly-detection\data\mvtec_ad\screw\test\manipulated_front\023.png,1,0.75,0,1,39.462467193603516,32.63360102583722,2.6629728957558427,2.5643768957055144,D:\Research\research-experiments\industrial-anomaly-detection\data\mvtec_ad\screw\ground_truth\manipulated_front\023_mask.png,2523,0.0024061203002929688,-6.0297392469511175
screw,scratch_head,D:\Research\research-experiments\industrial-anomaly-detection\data\mvtec_ad\screw\test\scratch_head\000.png,1,0.75,0,1,42.89657211303711,32.63360102583722,2.6629728957558427,3.8539525143333857,D:\Research\research-experiments\industrial-anomaly-detection\data\mvtec_ad\screw\ground_truth\scratch_head\000_mask.png,2767,0.0026388168334960938,-5.937424252454337
screw,scratch_head,D:\Research\research-experiments\industrial-anomaly-detection\data\mvtec_ad\screw\test\scratch_head\001.png,1,0.75,0,1,41.35337448120117,32.63360102583722,2.6629728957558427,3.274450697286943,D:\Research\research-experiments\industrial-anomaly-detection\data\mvtec_ad\screw\ground_truth\scratch_head\001_mask.png,3019,0.0028791427612304688,-5.850262334166524
screw,scratch_head,D:\Research\research-experiments\industrial-anomaly-detection\data\mvtec_ad\screw\test\scratch_head\002.png,1,0.75,0,1,40.73733901977539,32.63360102583722,2.6629728957558427,3.043116964071859,D:\Research\research-experiments\industrial-anomaly-detection\data\mvtec_ad\screw\ground_truth\scratch_head\002_mask.png,3012,0.002872467041015625,-5.852583674146381
screw,scratch_head,D:\Research\research-experiments\industrial-anomaly-detection\data\mvtec_ad\screw\test\scratch_head\003.png,1,0.75,0,1,35.797298431396484,32.63360102583722,2.6629728957558427,1.1880321465537471,D:\Research\research-experiments\industrial-anomaly-detection\data\mvtec_ad\screw\ground_truth\scratch_head\003_mask.png,1741,0.0016603469848632812,-6.400728069147154
screw,scratch_head,D:\Research\research-experiments\industrial-anomaly-detection\data\mvtec_ad\screw\test\scratch_head\004.png,1,0.75,0,1,39.45513916015625,32.63360102583722,2.6629728957558427,2.561625071434624,D:\Research\research-experiments\industrial-anomaly-detection\data\mvtec_ad\screw\ground_truth\scratch_head\004_mask.png,2981,0.0028429031372070312,-5.8629291657677935
screw,scratch_head,D:\Research\research-experiments\industrial-anomaly-detection\data\mvtec_ad\screw\test\scratch_head\005.png,1,0.75,0,1,42.337711334228516,32.63360102583722,2.6629728957558427,3.6440890269132593,D:\Research\research-experiments\industrial-anomaly-detection\data\mvtec_ad\screw\ground_truth\scratch_head\005_mask.png,1355,0.0012922286987304688,-6.651386104028578
screw,scratch_head,D:\Research\research-experiments\industrial-anomaly-detection\data\mvtec_ad\screw\test\scratch_head\006.png,1,0.75,0,1,38.252174377441406,32.63360102583722,2.6629728957558427,2.1098875473193432,D:\Research\research-experiments\industrial-anomaly-detection\data\mvtec_ad\screw\ground_truth\scratch_head\006_mask.png,2586,0.0024662017822265625,-6.00507564638536
screw,scratch_head,D:\Research\research-experiments\industrial-anomaly-detection\data\mvtec_ad\screw\test\scratch_head\007.png,1,0.75,0,1,38.787906646728516,32.63360102583722,2.6629728957558427,2.3110658132119255,D:\Research\research-experiments\industrial-anomaly-detection\data\mvtec_ad\screw\ground_truth\scratch_head\007_mask.png,2707,0.0025815963745117188,-5.959346934227458
screw,scratch_head,D:\Research\research-experiments\industrial-anomaly-detection\data\mvtec_ad\screw\test\scratch_head\008.png,1,0.75,0,1,40.55227279663086,32.63360102583722,2.6629728957558427,2.9736208668943465,D:\Research\research-experiments\industrial-anomaly-detection\data\mvtec_ad\screw\ground_truth\scratch_head\008_mask.png,3009,0.0028696060180664062,-5.853580186089028
screw,scratch_head,D:\Research\research-experiments\industrial-anomaly-detection\data\mvtec_ad\screw\test\scratch_head\009.png,1,0.75,0,1,46.80247116088867,32.63360102583722,2.6629728957558427,5.320696338153994,D:\Research\research-experiments\industrial-anomaly-detection\data\mvtec_ad\screw\ground_truth\scratch_head\009_mask.png,3278,0.0031261444091796875,-5.767954532012327
screw,scratch_head,D:\Research\research-experiments\industrial-anomaly-detection\data\mvtec_ad\screw\test\scratch_head\010.png,1,0.75,0,1,43.59104537963867,32.63360102583722,2.6629728957558427,4.114741224465731,D:\Research\research-experiments\industrial-anomaly-detection\data\mvtec_ad\screw\ground_truth\scratch_head\010_mask.png,2213,0.0021104812622070312,-6.160838797322393
screw,scratch_head,D:\Research\research-experiments\industrial-anomaly-detection\data\mvtec_ad\screw\test\scratch_head\011.png,1,0.75,0,1,43.03374099731445,32.63360102583722,2.6629728957558427,3.905462195297829,D:\Research\research-experiments\industrial-anomaly-detection\data\mvtec_ad\screw\ground_truth\scratch_head\011_mask.png,2801,0.0026712417602539062,-5.925211461581139
screw,scratch_head,D:\Research\research-experiments\industrial-anomaly-detection\data\mvtec_ad\screw\test\scratch_head\012.png,1,0.75,0,1,43.77705001831055,32.63360102583722,2.6629728957558427,4.184589715589438,D:\Research\research-experiments\industrial-anomaly-detection\data\mvtec_ad\screw\ground_truth\scratch_head\012_mask.png,3541,0.0033769607543945312,-5.690778862962787
screw,scratch_head,D:\Research\research-experiments\industrial-anomaly-detection\data\mvtec_ad\screw\test\scratch_head\013.png,1,0.75,0,1,41.518341064453125,32.63360102583722,2.6629728957558427,3.336398974535604,D:\Research\research-experiments\industrial-anomaly-detection\data\mvtec_ad\screw\ground_truth\scratch_head\013_mask.png,1953,0.0018625259399414062,-6.285821143417097
screw,scratch_head,D:\Research\research-experiments\industrial-anomaly-detection\data\mvtec_ad\screw\test\scratch_head\014.png,1,0.75,0,1,34.04359436035156,32.63360102583722,2.6629728957558427,0.5294809183982083,D:\Research\research-experiments\industrial-anomaly-detection\data\mvtec_ad\screw\ground_truth\scratch_head\014_mask.png,2388,0.002277374267578125,-6.084731697584332
screw,scratch_head,D:\Research\research-experiments\industrial-anomaly-detection\data\mvtec_ad\screw\test\scratch_head\015.png,1,0.75,0,1,46.39248275756836,32.63360102583722,2.6629728957558427,5.1667374285557255,D:\Research\research-experiments\industrial-anomaly-detection\data\mvtec_ad\screw\ground_truth\scratch_head\015_mask.png,3545,0.0033807754516601562,-5.689649876442595
screw,scratch_head,D:\Research\research-experiments\industrial-anomaly-detection\data\mvtec_ad\screw\test\scratch_head\016.png,1,0.75,0,1,39.758094787597656,32.63360102583722,2.6629728957558427,2.6753910162267194,D:\Research\research-experiments\industrial-anomaly-detection\data\mvtec_ad\screw\ground_truth\scratch_head\016_mask.png,2091,0.0019941329956054688,-6.217545410299332
screw,scratch_head,D:\Research\research-experiments\industrial-anomaly-detection\data\mvtec_ad\screw\test\scratch_head\017.png,1,0.75,0,1,38.389060974121094,32.63360102583722,2.6629728957558427,2.161291223600785,D:\Research\research-experiments\industrial-anomaly-detection\data\mvtec_ad\screw\ground_truth\scratch_head\017_mask.png,2511,0.0023946762084960938,-6.034506834448417
screw,scratch_head,D:\Research\research-experiments\industrial-anomaly-detection\data\mvtec_ad\screw\test\scratch_head\018.png,1,0.75,0,1,39.87370300292969,32.63360102583722,2.6629728957558427,2.7188042314029923,D:\Research\research-experiments\industrial-anomaly-detection\data\mvtec_ad\screw\ground_truth\scratch_head\018_mask.png,3846,0.0036678314208984375,-5.608154412409553
screw,scratch_head,D:\Research\research-experiments\industrial-anomaly-detection\data\mvtec_ad\screw\test\scratch_head\019.png,1,0.75,0,1,41.84929275512695,32.63360102583722,2.6629728957558427,3.460678005389162,D:\Research\research-experiments\industrial-anomaly-detection\data\mvtec_ad\screw\ground_truth\scratch_head\019_mask.png,2618,0.0024967193603515625,-5.992777264203549
screw,scratch_head,D:\Research\research-experiments\industrial-anomaly-detection\data\mvtec_ad\screw\test\scratch_head\020.png,1,0.75,0,1,38.91170120239258,32.63360102583722,2.6629728957558427,2.357553164195243,D:\Research\research-experiments\industrial-anomaly-detection\data\mvtec_ad\screw\ground_truth\scratch_head\020_mask.png,2465,0.0023508071899414062,-6.052996099336405
screw,scratch_head,D:\Research\research-experiments\industrial-anomaly-detection\data\mvtec_ad\screw\test\scratch_head\021.png,1,0.75,0,1,44.96232604980469,32.63360102583722,2.6629728957558427,4.629684757068529,D:\Research\research-experiments\industrial-anomaly-detection\data\mvtec_ad\screw\ground_truth\scratch_head\021_mask.png,2066,0.0019702911376953125,-6.229573453980245
screw,scratch_head,D:\Research\research-experiments\industrial-anomaly-detection\data\mvtec_ad\screw\test\scratch_head\022.png,1,0.75,0,1,33.61472702026367,32.63360102583722,2.6629728957558427,0.368432587500284,D:\Research\research-experiments\industrial-anomaly-detection\data\mvtec_ad\screw\ground_truth\scratch_head\022_mask.png,1402,0.0013370513916015625,-6.617287795690243
screw,scratch_head,D:\Research\research-experiments\industrial-anomaly-detection\data\mvtec_ad\screw\test\scratch_head\023.png,1,0.75,0,1,38.18963623046875,32.63360102583722,2.6629728957558427,2.086403212547357,D:\Research\research-experiments\industrial-anomaly-detection\data\mvtec_ad\screw\ground_truth\scratch_head\023_mask.png,2444,0.002330780029296875,-6.061551861866596
screw,scratch_neck,D:\Research\research-experiments\industrial-anomaly-detection\data\mvtec_ad\screw\test\scratch_neck\000.png,1,0.75,0,1,37.898250579833984,32.63360102583722,2.6629728957558427,1.9769820272626073,D:\Research\research-experiments\industrial-anomaly-detection\data\mvtec_ad\screw\ground_truth\scratch_neck\000_mask.png,2810,0.0026798248291015625,-5.922003475712465
screw,scratch_neck,D:\Research\research-experiments\industrial-anomaly-detection\data\mvtec_ad\screw\test\scratch_neck\001.png,1,0.75,0,1,48.353816986083984,32.63360102583722,2.6629728957558427,5.903257966050318,D:\Research\research-experiments\industrial-anomaly-detection\data\mvtec_ad\screw\ground_truth\scratch_neck\001_mask.png,7445,0.007100105285644531,-4.947645525237824
screw,scratch_neck,D:\Research\research-experiments\industrial-anomaly-detection\data\mvtec_ad\screw\test\scratch_neck\002.png,1,0.75,0,1,37.05288314819336,32.63360102583722,2.6629728957558427,1.6595295165787984,D:\Research\research-experiments\industrial-anomaly-detection\data\mvtec_ad\screw\ground_truth\scratch_neck\002_mask.png,2926,0.0027904510498046875,-5.881551671253898
screw,scratch_neck,D:\Research\research-experiments\industrial-anomaly-detection\data\mvtec_ad\screw\test\scratch_neck\003.png,1,0.75,0,1,52.80352783203125,32.63360102583722,2.6629728957558427,7.574214081690498,D:\Research\research-experiments\industrial-anomaly-detection\data\mvtec_ad\screw\ground_truth\scratch_neck\003_mask.png,2614,0.0024929046630859375,-5.994306315876335
screw,scratch_neck,D:\Research\research-experiments\industrial-anomaly-detection\data\mvtec_ad\screw\test\scratch_neck\004.png,1,0.75,0,1,42.20987319946289,32.63360102583722,2.6629728957558427,3.596083230470731,D:\Research\research-experiments\industrial-anomaly-detection\data\mvtec_ad\screw\ground_truth\scratch_neck\004_mask.png,3823,0.0036458969116210938,-5.6141526032216
screw,scratch_neck,D:\Research\research-experiments\industrial-anomaly-detection\data\mvtec_ad\screw\test\scratch_neck\005.png,1,0.75,0,1,35.59333038330078,32.63360102583722,2.6629728957558427,1.1114380331022806,D:\Research\research-experiments\industrial-anomaly-detection\data\mvtec_ad\screw\ground_truth\scratch_neck\005_mask.png,2145,0.0020456314086914062,-6.1920482909902885
screw,scratch_neck,D:\Research\research-experiments\industrial-anomaly-detection\data\mvtec_ad\screw\test\scratch_neck\006.png,1,0.75,0,1,45.80392837524414,32.63360102583722,2.6629728957558427,4.945723394480412,D:\Research\research-experiments\industrial-anomaly-detection\data\mvtec_ad\screw\ground_truth\scratch_neck\006_mask.png,4725,0.004506111145019531,-5.402320549350241
screw,scratch_neck,D:\Research\research-experiments\industrial-anomaly-detection\data\mvtec_ad\screw\test\scratch_neck\007.png,1,0.75,0,1,47.53216552734375,32.63360102583722,2.6629728957558427,5.594711281234353,D:\Research\research-experiments\industrial-anomaly-detection\data\mvtec_ad\screw\ground_truth\scratch_neck\007_mask.png,3062,0.0029201507568359375,-5.836119692533263
screw,scratch_neck,D:\Research\research-experiments\industrial-anomaly-detection\data\mvtec_ad\screw\test\scratch_neck\008.png,1,0.75,0,1,54.08567428588867,32.63360102583722,2.6629728957558427,8.055685919387706,D:\Research\research-experiments\industrial-anomaly-detection\data\mvtec_ad\screw\ground_truth\scratch_neck\008_mask.png,4567,0.004355430603027344,-5.43633156841551
screw,scratch_neck,D:\Research\research-experiments\industrial-anomaly-detection\data\mvtec_ad\screw\test\scratch_neck\009.png,1,0.75,0,1,53.18973159790039,32.63360102583722,2.6629728957558427,7.71924138049803,D:\Research\research-experiments\industrial-anomaly-detection\data\mvtec_ad\screw\ground_truth\scratch_neck\009_mask.png,2582,0.0024623870849609375,-6.006623633682409
screw,scratch_neck,D:\Research\research-experiments\industrial-anomaly-detection\data\mvtec_ad\screw\test\scratch_neck\010.png,1,0.75,0,1,43.935447692871094,32.63360102583722,2.6629728957558427,4.244071235214739,D:\Research\research-experiments\industrial-anomaly-detection\data\mvtec_ad\screw\ground_truth\scratch_neck\010_mask.png,4609,0.004395484924316406,-5.42717719097224
screw,scratch_neck,D:\Research\research-experiments\industrial-anomaly-detection\data\mvtec_ad\screw\test\scratch_neck\011.png,1,0.75,0,1,38.077518463134766,32.63360102583722,2.6629728957558427,2.0443007309514405,D:\Research\research-experiments\industrial-anomaly-detection\data\mvtec_ad\screw\ground_truth\scratch_neck\011_mask.png,1637,0.0015611648559570312,-6.462322393280634
screw,scratch_neck,D:\Research\research-experiments\industrial-anomaly-detection\data\mvtec_ad\screw\test\scratch_neck\012.png,1,0.75,0,1,40.27728271484375,32.63360102583722,2.6629728957558427,2.8703565481979827,D:\Research\research-experiments\industrial-anomaly-detection\data\mvtec_ad\screw\ground_truth\scratch_neck\012_mask.png,3583,0.0034170150756835938,-5.6789876012409115
screw,scratch_neck,D:\Research\research-experiments\industrial-anomaly-detection\data\mvtec_ad\screw\test\scratch_neck\013.png,1,0.75,0,1,43.711692810058594,32.63360102583722,2.6629728957558427,4.160046766483153,D:\Research\research-experiments\industrial-anomaly-detection\data\mvtec_ad\screw\ground_truth\scratch_neck\013_mask.png,3198,0.0030498504638671875,-5.792662389920133
screw,scratch_neck,D:\Research\research-experiments\industrial-anomaly-detection\data\mvtec_ad\screw\test\scratch_neck\014.png,1,0.75,0,1,47.81757736206055,32.63360102583722,2.6629728957558427,5.701889178227476,D:\Research\research-experiments\industrial-anomaly-detection\data\mvtec_ad\screw\ground_truth\scratch_neck\014_mask.png,2981,0.0028429031372070312,-5.8629291657677935
screw,scratch_neck,D:\Research\research-experiments\industrial-anomaly-detection\data\mvtec_ad\screw\test\scratch_neck\015.png,1,0.75,0,1,49.84578323364258,32.63360102583722,2.6629728957558427,6.4635213656277,D:\Research\research-experiments\industrial-anomaly-detection\data\mvtec_ad\screw\ground_truth\scratch_neck\015_mask.png,3017,0.0028772354125976562,-5.850925024484055
screw,scratch_neck,D:\Research\research-experiments\industrial-anomaly-detection\data\mvtec_ad\screw\test\scratch_neck\016.png,1,0.75,0,1,50.47821044921875,32.63360102583722,2.6629728957558427,6.701010532935453,D:\Research\research-experiments\industrial-anomaly-detection\data\mvtec_ad\screw\ground_truth\scratch_neck\016_mask.png,3955,0.0037717819213867188,-5.580207465870512
screw,scratch_neck,D:\Research\research-experiments\industrial-anomaly-detection\data\mvtec_ad\screw\test\scratch_neck\017.png,1,0.75,0,1,42.86241912841797,32.63360102583722,2.6629728957558427,3.841127380185917,D:\Research\research-experiments\industrial-anomaly-detection\data\mvtec_ad\screw\ground_truth\scratch_neck\017_mask.png,3813,0.0036363601684570312,-5.6167717763411185
screw,scratch_neck,D:\Research\research-experiments\industrial-anomaly-detection\data\mvtec_ad\screw\test\scratch_neck\018.png,1,0.75,0,1,47.74052047729492,32.63360102583722,2.6629728957558427,5.672952764759493,D:\Research\research-experiments\industrial-anomaly-detection\data\mvtec_ad\screw\ground_truth\scratch_neck\018_mask.png,3269,0.0031175613403320312,-5.770703883711211
screw,scratch_neck,D:\Research\research-experiments\industrial-anomaly-detection\data\mvtec_ad\screw\test\scratch_neck\019.png,1,0.75,0,1,43.97935104370117,32.63360102583722,2.6629728957558427,4.260557828412909,D:\Research\research-experiments\industrial-anomaly-detection\data\mvtec_ad\screw\ground_truth\scratch_neck\019_mask.png,4108,0.003917694091796875,-5.542251784898299
screw,scratch_neck,D:\Research\research-experiments\industrial-anomaly-detection\data\mvtec_ad\screw\test\scratch_neck\020.png,1,0.75,0,1,50.68634033203125,32.63360102583722,2.6629728957558427,6.779167499213334,D:\Research\research-experiments\industrial-anomaly-detection\data\mvtec_ad\screw\ground_truth\scratch_neck\020_mask.png,7369,0.007027626037597656,-4.957906178136354
screw,scratch_neck,D:\Research\research-experiments\industrial-anomaly-detection\data\mvtec_ad\screw\test\scratch_neck\021.png,1,0.75,0,1,38.10422897338867,32.63360102583722,2.6629728957558427,2.0543310659565304,D:\Research\research-experiments\industrial-anomaly-detection\data\mvtec_ad\screw\ground_truth\scratch_neck\021_mask.png,2687,0.0025625228881835938,-5.966762612343074
screw,scratch_neck,D:\Research\research-experiments\industrial-anomaly-detection\data\mvtec_ad\screw\test\scratch_neck\022.png,1,0.75,0,1,40.8181037902832,32.63360102583722,2.6629728957558427,3.073445763376025,D:\Research\research-experiments\industrial-anomaly-detection\data\mvtec_ad\screw\ground_truth\scratch_neck\022_mask.png,1033,0.0009851455688476562,-6.92272012700137
screw,scratch_neck,D:\Research\research-experiments\industrial-anomaly-detection\data\mvtec_ad\screw\test\scratch_neck\023.png,1,0.75,0,1,39.72772216796875,32.63360102583722,2.6629728957558427,2.6639854853340417,D:\Research\research-experiments\industrial-anomaly-detection\data\mvtec_ad\screw\ground_truth\scratch_neck\023_mask.png,1717,0.0016374588012695312,-6.4146091395992295
screw,scratch_neck,D:\Research\research-experiments\industrial-anomaly-detection\data\mvtec_ad\screw\test\scratch_neck\024.png,1,0.75,0,1,48.51769256591797,32.63360102583722,2.6629728957558427,5.964796549524135,D:\Research\research-experiments\industrial-anomaly-detection\data\mvtec_ad\screw\ground_truth\scratch_neck\024_mask.png,3240,0.00308990478515625,-5.779614678778016
screw,thread_side,D:\Research\research-experiments\industrial-anomaly-detection\data\mvtec_ad\screw\test\thread_side\000.png,1,0.75,0,1,35.41291809082031,32.63360102583722,2.6629728957558427,1.0436895806985766,D:\Research\research-experiments\industrial-anomaly-detection\data\mvtec_ad\screw\ground_truth\thread_side\000_mask.png,1580,0.001506805419921875,-6.497762821522418
screw,thread_side,D:\Research\research-experiments\industrial-anomaly-detection\data\mvtec_ad\screw\test\thread_side\001.png,1,0.75,0,1,34.80332565307617,32.63360102583722,2.6629728957558427,0.8147753327482168,D:\Research\research-experiments\industrial-anomaly-detection\data\mvtec_ad\screw\ground_truth\thread_side\001_mask.png,6009,0.005730628967285156,-5.161929812364078
screw,thread_side,D:\Research\research-experiments\industrial-anomaly-detection\data\mvtec_ad\screw\test\thread_side\002.png,1,0.75,0,1,34.842445373535156,32.63360102583722,2.6629728957558427,0.8294655763182254,D:\Research\research-experiments\industrial-anomaly-detection\data\mvtec_ad\screw\ground_truth\thread_side\002_mask.png,2302,0.0021953582763671875,-6.121409566410666
screw,thread_side,D:\Research\research-experiments\industrial-anomaly-detection\data\mvtec_ad\screw\test\thread_side\003.png,1,0.75,0,1,33.525325775146484,32.63360102583722,2.6629728957558427,0.33486061789455795,D:\Research\research-experiments\industrial-anomaly-detection\data\mvtec_ad\screw\ground_truth\thread_side\003_mask.png,2047,0.0019521713256835938,-6.238812513287626
screw,thread_side,D:\Research\research-experiments\industrial-anomaly-detection\data\mvtec_ad\screw\test\thread_side\004.png,1,0.75,0,1,35.292232513427734,32.63360102583722,2.6629728957558427,0.9983697137239924,D:\Research\research-experiments\industrial-anomaly-detection\data\mvtec_ad\screw\ground_truth\thread_side\004_mask.png,1460,0.001392364501953125,-6.576751178294042
screw,thread_side,D:\Research\research-experiments\industrial-anomaly-detection\data\mvtec_ad\screw\test\thread_side\005.png,1,0.75,0,1,38.46925735473633,32.63360102583722,2.6629728957558427,2.1914065810432315,D:\Research\research-experiments\industrial-anomaly-detection\data\mvtec_ad\screw\ground_truth\thread_side\005_mask.png,2721,0.0025949478149414062,-5.95418848705153
screw,thread_side,D:\Research\research-experiments\industrial-anomaly-detection\data\mvtec_ad\screw\test\thread_side\006.png,1,0.75,0,1,34.252559661865234,32.63360102583722,2.6629728957558427,0.607951601237945,D:\Research\research-experiments\industrial-anomaly-detection\data\mvtec_ad\screw\ground_truth\thread_side\006_mask.png,4696,0.00447845458984375,-5.408477026399687
screw,thread_side,D:\Research\research-experiments\industrial-anomaly-detection\data\mvtec_ad\screw\test\thread_side\007.png,1,0.75,0,1,38.39030838012695,32.63360102583722,2.6629728957558427,2.1617596496999947,D:\Research\research-experiments\industrial-anomaly-detection\data\mvtec_ad\screw\ground_truth\thread_side\007_mask.png,3887,0.0037069320678710938,-5.597550410581862
screw,thread_side,D:\Research\research-experiments\industrial-anomaly-detection\data\mvtec_ad\screw\test\thread_side\008.png,1,0.75,0,1,36.51291275024414,32.63360102583722,2.6629728957558427,1.4567597479454768,D:\Research\research-experiments\industrial-anomaly-detection\data\mvtec_ad\screw\ground_truth\thread_side\008_mask.png,2757,0.0026292800903320312,-5.941044819842936
screw,thread_side,D:\Research\research-experiments\industrial-anomaly-detection\data\mvtec_ad\screw\test\thread_side\009.png,1,0.75,0,1,37.387779235839844,32.63360102583722,2.6629728957558427,1.785289748002945,D:\Research\research-experiments\industrial-anomaly-detection\data\mvtec_ad\screw\ground_truth\thread_side\009_mask.png,2577,0.0024576187133789062,-6.008561993648681
screw,thread_side,D:\Research\research-experiments\industrial-anomaly-detection\data\mvtec_ad\screw\test\thread_side\010.png,1,0.75,0,1,31.542991638183594,32.63360102583722,2.6629728957558427,-0.40954580851791833,D:\Research\research-experiments\industrial-anomaly-detection\data\mvtec_ad\screw\ground_truth\thread_side\010_mask.png,3097,0.0029535293579101562,-5.824754092647782
screw,thread_side,D:\Research\research-experiments\industrial-anomaly-detection\data\mvtec_ad\screw\test\thread_side\011.png,1,0.75,0,1,42.501590728759766,32.63360102583722,2.6629728957558427,3.705629042882793,D:\Research\research-experiments\industrial-anomaly-detection\data\mvtec_ad\screw\ground_truth\thread_side\011_mask.png,1761,0.0016794204711914062,-6.389305907259379
screw,thread_side,D:\Research\research-experiments\industrial-anomaly-detection\data\mvtec_ad\screw\test\thread_side\012.png,1,0.75,0,1,35.230159759521484,32.63360102583722,2.6629728957558427,0.9750601434293868,D:\Research\research-experiments\industrial-anomaly-detection\data\mvtec_ad\screw\ground_truth\thread_side\012_mask.png,4231,0.004034996032714844,-5.512749712647151
screw,thread_side,D:\Research\research-experiments\industrial-anomaly-detection\data\mvtec_ad\screw\test\thread_side\013.png,1,0.75,0,1,31.909181594848633,32.63360102583722,2.6629728957558427,-0.2720340984856231,D:\Research\research-experiments\industrial-anomaly-detection\data\mvtec_ad\screw\ground_truth\thread_side\013_mask.png,1685,0.0016069412231445312,-6.433422146112341
screw,thread_side,D:\Research\research-experiments\industrial-anomaly-detection\data\mvtec_ad\screw\test\thread_side\014.png,1,0.75,0,1,39.272212982177734,32.63360102583722,2.6629728957558427,2.4929326043539195,D:\Research\research-experiments\industrial-anomaly-detection\data\mvtec_ad\screw\ground_truth\thread_side\014_mask.png,2720,0.002593994140625,-5.954556066403055
screw,thread_side,D:\Research\research-experiments\industrial-anomaly-detection\data\mvtec_ad\screw\test\thread_side\015.png,1,0.75,0,1,32.91276168823242,32.63360102583722,2.6629728957558427,0.10483045578124965,D:\Research\research-experiments\industrial-anomaly-detection\data\mvtec_ad\screw\ground_truth\thread_side\015_mask.png,2977,0.0028390884399414062,-5.864271897957461
screw,thread_side,D:\Research\research-experiments\industrial-anomaly-detection\data\mvtec_ad\screw\test\thread_side\016.png,1,0.75,0,1,33.77125549316406,32.63360102583722,2.6629728957558427,0.42721218422462937,D:\Research\research-experiments\industrial-anomaly-detection\data\mvtec_ad\screw\ground_truth\thread_side\016_mask.png,5564,0.005306243896484375,-5.238870869698365
screw,thread_side,D:\Research\research-experiments\industrial-anomaly-detection\data\mvtec_ad\screw\test\thread_side\017.png,1,0.75,0,1,39.380611419677734,32.63360102583722,2.6629728957558427,2.533638402626505,D:\Research\research-experiments\industrial-anomaly-detection\data\mvtec_ad\screw\ground_truth\thread_side\017_mask.png,2901,0.0027666091918945312,-5.8901324656242755
screw,thread_side,D:\Research\research-experiments\industrial-anomaly-detection\data\mvtec_ad\screw\test\thread_side\018.png,1,0.75,0,1,37.4396858215332,32.63360102583722,2.6629728957558427,1.8047817172137794,D:\Research\research-experiments\industrial-anomaly-detection\data\mvtec_ad\screw\ground_truth\thread_side\018_mask.png,2424,0.00231170654296875,-6.069768831428936
screw,thread_side,D:\Research\research-experiments\industrial-anomaly-detection\data\mvtec_ad\screw\test\thread_side\019.png,1,0.75,0,1,38.594547271728516,32.63360102583722,2.6629728957558427,2.2384554703473136,D:\Research\research-experiments\industrial-anomaly-detection\data\mvtec_ad\screw\ground_truth\thread_side\019_mask.png,1207,0.0011510848999023438,-6.7670495213561015
screw,thread_side,D:\Research\research-experiments\industrial-anomaly-detection\data\mvtec_ad\screw\test\thread_side\020.png,1,0.75,0,1,35.436492919921875,32.63360102583722,2.6629728957558427,1.05254240422492,D:\Research\research-experiments\industrial-anomaly-detection\data\mvtec_ad\screw\ground_truth\thread_side\020_mask.png,1601,0.0015268325805664062,-6.48455924325175
screw,thread_side,D:\Research\research-experiments\industrial-anomaly-detection\data\mvtec_ad\screw\test\thread_side\021.png,1,0.75,0,1,34.413169860839844,32.63360102583722,2.6629728957558427,0.6682639683786638,D:\Research\research-experiments\industrial-anomaly-detection\data\mvtec_ad\screw\ground_truth\thread_side\021_mask.png,3364,0.003208160400390625,-5.7420572784010036
screw,thread_side,D:\Research\research-experiments\industrial-anomaly-detection\data\mvtec_ad\screw\test\thread_side\022.png,1,0.75,0,1,40.291385650634766,32.63360102583722,2.6629728957558427,2.87565248486091,D:\Research\research-experiments\industrial-anomaly-detection\data\mvtec_ad\screw\ground_truth\thread_side\022_mask.png,3904,0.00372314453125,-5.593186395075795
screw,thread_top,D:\Research\research-experiments\industrial-anomaly-detection\data\mvtec_ad\screw\test\thread_top\000.png,1,0.75,0,1,42.001556396484375,32.63360102583722,2.6629728957558427,3.5178560719027545,D:\Research\research-experiments\industrial-anomaly-detection\data\mvtec_ad\screw\ground_truth\thread_top\000_mask.png,6803,0.006487846374511719,-5.037824486719504
screw,thread_top,D:\Research\research-experiments\industrial-anomaly-detection\data\mvtec_ad\screw\test\thread_top\001.png,1,0.75,0,1,40.250186920166016,32.63360102583722,2.6629728957558427,2.8601815311255527,D:\Research\research-experiments\industrial-anomaly-detection\data\mvtec_ad\screw\ground_truth\thread_top\001_mask.png,6387,0.006091117858886719,-5.100923493463853
screw,thread_top,D:\Research\research-experiments\industrial-anomaly-detection\data\mvtec_ad\screw\test\thread_top\002.png,1,0.75,0,1,36.408111572265625,32.63360102583722,2.6629728957558427,1.4174047931333027,D:\Research\research-experiments\industrial-anomaly-detection\data\mvtec_ad\screw\ground_truth\thread_top\002_mask.png,6084,0.005802154541015625,-5.149525785469968
screw,thread_top,D:\Research\research-experiments\industrial-anomaly-detection\data\mvtec_ad\screw\test\thread_top\003.png,1,0.75,0,1,31.89468002319336,32.63360102583722,2.6629728957558427,-0.27747973095089734,D:\Research\research-experiments\industrial-anomaly-detection\data\mvtec_ad\screw\ground_truth\thread_top\003_mask.png,4646,0.0044307708740234375,-5.419181472174216
screw,thread_top,D:\Research\research-experiments\industrial-anomaly-detection\data\mvtec_ad\screw\test\thread_top\004.png,1,0.75,0,1,40.16758346557617,32.63360102583722,2.6629728957558427,2.8291622688861606,D:\Research\research-experiments\industrial-anomaly-detection\data\mvtec_ad\screw\ground_truth\thread_top\004_mask.png,6696,0.00638580322265625,-5.0536778424322355
screw,thread_top,D:\Research\research-experiments\industrial-anomaly-detection\data\mvtec_ad\screw\test\thread_top\005.png,1,0.75,0,1,41.06529235839844,32.63360102583722,2.6629728957558427,3.166270053292455,D:\Research\research-experiments\industrial-anomaly-detection\data\mvtec_ad\screw\ground_truth\thread_top\005_mask.png,10599,0.010107994079589844,-4.594428576240059
screw,thread_top,D:\Research\research-experiments\industrial-anomaly-detection\data\mvtec_ad\screw\test\thread_top\006.png,1,0.75,0,1,37.57549285888672,32.63360102583722,2.6629728957558427,1.8557799972075264,D:\Research\research-experiments\industrial-anomaly-detection\data\mvtec_ad\screw\ground_truth\thread_top\006_mask.png,7649,0.007294654846191406,-4.920613274790371
screw,thread_top,D:\Research\research-experiments\industrial-anomaly-detection\data\mvtec_ad\screw\test\thread_top\007.png,1,0.75,0,1,44.80967712402344,32.63360102583722,2.6629728957558427,4.572362008487596,D:\Research\research-experiments\industrial-anomaly-detection\data\mvtec_ad\screw\ground_truth\thread_top\007_mask.png,6834,0.0065174102783203125,-5.033278025088504
screw,thread_top,D:\Research\research-experiments\industrial-anomaly-detection\data\mvtec_ad\screw\test\thread_top\008.png,1,0.75,0,1,35.05070495605469,32.63360102583722,2.6629728957558427,0.9076712474504582,D:\Research\research-experiments\industrial-anomaly-detection\data\mvtec_ad\screw\ground_truth\thread_top\008_mask.png,5620,0.005359649658203125,-5.228856481731827
screw,thread_top,D:\Research\research-experiments\industrial-anomaly-detection\data\mvtec_ad\screw\test\thread_top\009.png,1,0.75,0,1,42.411746978759766,32.63360102583722,2.6629728957558427,3.6718909037739835,D:\Research\research-experiments\industrial-anomaly-detection\data\mvtec_ad\screw\ground_truth\thread_top\009_mask.png,4056,0.00386810302734375,-5.554990807403266
screw,thread_top,D:\Research\research-experiments\industrial-anomaly-detection\data\mvtec_ad\screw\test\thread_top\010.png,1,0.75,0,1,38.895328521728516,32.63360102583722,2.6629728957558427,2.3514048925811544,D:\Research\research-experiments\industrial-anomaly-detection\data\mvtec_ad\screw\ground_truth\thread_top\010_mask.png,5418,0.0051670074462890625,-5.265461395018263
screw,thread_top,D:\Research\research-experiments\industrial-anomaly-detection\data\mvtec_ad\screw\test\thread_top\011.png,1,0.75,0,1,42.38681411743164,32.63360102583722,2.6629728957558427,3.6625281117726596,D:\Research\research-experiments\industrial-anomaly-detection\data\mvtec_ad\screw\ground_truth\thread_top\011_mask.png,5075,0.004839897155761719,-5.3308616006729785
screw,thread_top,D:\Research\research-experiments\industrial-anomaly-detection\data\mvtec_ad\screw\test\thread_top\012.png,1,0.75,0,1,36.67107391357422,32.63360102583722,2.6629728957558427,1.5161524528363715,D:\Research\research-experiments\industrial-anomaly-detection\data\mvtec_ad\screw\ground_truth\thread_top\012_mask.png,1275,0.0012159347534179688,-6.712241331194169
screw,thread_top,D:\Research\research-experiments\industrial-anomaly-detection\data\mvtec_ad\screw\test\thread_top\013.png,1,0.75,0,1,38.59598159790039,32.63360102583722,2.6629728957558427,2.238994088736619,D:\Research\research-experiments\industrial-anomaly-detection\data\mvtec_ad\screw\ground_truth\thread_top\013_mask.png,3005,0.0028657913208007812,-5.854910415285898
screw,thread_top,D:\Research\research-experiments\industrial-anomaly-detection\data\mvtec_ad\screw\test\thread_top\014.png,1,0.75,0,1,40.243263244628906,32.63360102583722,2.6629728957558427,2.8575815514005827,D:\Research\research-experiments\industrial-anomaly-detection\data\mvtec_ad\screw\ground_truth\thread_top\014_mask.png,4905,0.004677772521972656,-5.364933025422503
screw,thread_top,D:\Research\research-experiments\industrial-anomaly-detection\data\mvtec_ad\screw\test\thread_top\015.png,1,0.75,0,1,39.08192825317383,32.63360102583722,2.6629728957558427,2.4214768530365944,D:\Research\research-experiments\industrial-anomaly-detection\data\mvtec_ad\screw\ground_truth\thread_top\015_mask.png,3769,0.0035943984985351562,-5.628378339721143
screw,thread_top,D:\Research\research-experiments\industrial-anomaly-detection\data\mvtec_ad\screw\test\thread_top\016.png,1,0.75,0,1,39.84656524658203,32.63360102583722,2.6629728957558427,2.7086134568776834,D:\Research\research-experiments\industrial-anomaly-detection\data\mvtec_ad\screw\ground_truth\thread_top\016_mask.png,4124,0.003932952880859375,-5.538364511800206
screw,thread_top,D:\Research\research-experiments\industrial-anomaly-detection\data\mvtec_ad\screw\test\thread_top\017.png,1,0.75,0,1,37.641727447509766,32.63360102583722,2.6629728957558427,1.8806524203285462,D:\Research\research-experiments\industrial-anomaly-detection\data\mvtec_ad\screw\ground_truth\thread_top\017_mask.png,1161,0.0011072158813476562,-6.805905726335187
screw,thread_top,D:\Research\research-experiments\industrial-anomaly-detection\data\mvtec_ad\screw\test\thread_top\018.png,1,0.75,0,1,37.81496047973633,32.63360102583722,2.6629728957558427,1.9457049157942925,D:\Research\research-experiments\industrial-anomaly-detection\data\mvtec_ad\screw\ground_truth\thread_top\018_mask.png,5585,0.005326271057128906,-5.23510371194701
screw,thread_top,D:\Research\research-experiments\industrial-anomaly-detection\data\mvtec_ad\screw\test\thread_top\019.png,1,0.75,0,1,42.806907653808594,32.63360102583722,2.6629728957558427,3.820281702523239,D:\Research\research-experiments\industrial-anomaly-detection\data\mvtec_ad\screw\ground_truth\thread_top\019_mask.png,7792,0.0074310302734375,-4.902090631305702
screw,thread_top,D:\Research\research-experiments\industrial-anomaly-detection\data\mvtec_ad\screw\test\thread_top\020.png,1,0.75,0,1,46.12152099609375,32.63360102583722,2.6629728957558427,5.064985825335708,D:\Research\research-experiments\industrial-anomaly-detection\data\mvtec_ad\screw\ground_truth\thread_top\020_mask.png,6790,0.0064754486083984375,-5.039737236216721
screw,thread_top,D:\Research\research-experiments\industrial-anomaly-detection\data\mvtec_ad\screw\test\thread_top\021.png,1,0.75,0,1,40.535560607910156,32.63360102583722,2.6629728957558427,2.967345103161513,D:\Research\research-experiments\industrial-anomaly-detection\data\mvtec_ad\screw\ground_truth\thread_top\021_mask.png,5326,0.0050792694091796875,-5.28258764794634
screw,thread_top,D:\Research\research-experiments\industrial-anomaly-detection\data\mvtec_ad\screw\test\thread_top\022.png,1,0.75,0,1,42.46517562866211,32.63360102583722,2.6629728957558427,3.6919544387755963,D:\Research\research-experiments\industrial-anomaly-detection\data\mvtec_ad\screw\ground_truth\thread_top\022_mask.png,4004,0.003818511962890625,-5.567894208881712
screw,good,D:\Research\research-experiments\industrial-anomaly-detection\data\mvtec_ad\screw\test\good\000.png,1,1.0,1,0,35.68765640258789,36.656472182855374,3.3131746323735807,-0.2924131347623586,,,,
screw,good,D:\Research\research-experiments\industrial-anomaly-detection\data\mvtec_ad\screw\test\good\001.png,1,1.0,1,0,34.60401916503906,36.656472182855374,3.3131746323735807,-0.6194822928322135,,,,
screw,good,D:\Research\research-experiments\industrial-anomaly-detection\data\mvtec_ad\screw\test\good\002.png,1,1.0,1,0,35.18867111206055,36.656472182855374,3.3131746323735807,-0.44301953071012284,,,,
screw,good,D:\Research\research-experiments\industrial-anomaly-detection\data\mvtec_ad\screw\test\good\003.png,1,1.0,1,0,43.47002029418945,36.656472182855374,3.3131746323735807,2.056501352134526,,,,
screw,good,D:\Research\research-experiments\industrial-anomaly-detection\data\mvtec_ad\screw\test\good\004.png,1,1.0,1,0,37.25326156616211,36.656472182855374,3.3131746323735807,0.18012614773619437,,,,
screw,good,D:\Research\research-experiments\industrial-anomaly-detection\data\mvtec_ad\screw\test\good\005.png,1,1.0,1,0,42.323238372802734,36.656472182855374,3.3131746323735807,1.7103735295376359,,,,
screw,good,D:\Research\research-experiments\industrial-anomaly-detection\data\mvtec_ad\screw\test\good\006.png,1,1.0,1,0,34.778892517089844,36.656472182855374,3.3131746323735807,-0.5667010870539051,,,,
screw,good,D:\Research\research-experiments\industrial-anomaly-detection\data\mvtec_ad\screw\test\good\007.png,1,1.0,1,0,34.45509338378906,36.656472182855374,3.3131746323735807,-0.6644318647004819,,,,
screw,good,D:\Research\research-experiments\industrial-anomaly-detection\data\mvtec_ad\screw\test\good\008.png,1,1.0,1,0,35.899444580078125,36.656472182855374,3.3131746323735807,-0.22849009991209238,,,,
screw,good,D:\Research\research-experiments\industrial-anomaly-detection\data\mvtec_ad\screw\test\good\009.png,1,1.0,1,0,39.87340545654297,36.656472182855374,3.3131746323735807,0.9709519209323904,,,,
screw,good,D:\Research\research-experiments\industrial-anomaly-detection\data\mvtec_ad\screw\test\good\010.png,1,1.0,1,0,37.58136749267578,36.656472182855374,3.3131746323735807,0.2791568246307034,,,,
screw,good,D:\Research\research-experiments\industrial-anomaly-detection\data\mvtec_ad\screw\test\good\011.png,1,1.0,1,0,32.16911315917969,36.656472182855374,3.3131746323735807,-1.35439858190056,,,,
screw,good,D:\Research\research-experiments\industrial-anomaly-detection\data\mvtec_ad\screw\test\good\012.png,1,1.0,1,0,38.00973892211914,36.656472182855374,3.3131746323735807,0.40845016922463784,,,,
screw,good,D:\Research\research-experiments\industrial-anomaly-detection\data\mvtec_ad\screw\test\good\013.png,1,1.0,1,0,34.46243667602539,36.656472182855374,3.3131746323735807,-0.6622154731572848,,,,
screw,good,D:\Research\research-experiments\industrial-anomaly-detection\data\mvtec_ad\screw\test\good\014.png,1,1.0,1,0,47.98582077026367,36.656472182855374,3.3131746323735807,3.4194842845612023,,,,
screw,good,D:\Research\research-experiments\industrial-anomaly-detection\data\mvtec_ad\screw\test\good\015.png,1,1.0,1,0,36.073970794677734,36.656472182855374,3.3131746323735807,-0.1758136690067351,,,,
screw,good,D:\Research\research-experiments\industrial-anomaly-detection\data\mvtec_ad\screw\test\good\016.png,1,1.0,1,0,36.154144287109375,36.656472182855374,3.3131746323735807,-0.15161527884394319,,,,
screw,good,D:\Research\research-experiments\industrial-anomaly-detection\data\mvtec_ad\screw\test\good\017.png,1,1.0,1,0,35.43092346191406,36.656472182855374,3.3131746323735807,-0.3699016372292216,,,,
screw,good,D:\Research\research-experiments\industrial-anomaly-detection\data\mvtec_ad\screw\test\good\018.png,1,1.0,1,0,38.07091522216797,36.656472182855374,3.3131746323735807,0.42691472568087296,,,,
screw,good,D:\Research\research-experiments\industrial-anomaly-detection\data\mvtec_ad\screw\test\good\019.png,1,1.0,1,0,39.36839294433594,36.656472182855374,3.3131746323735807,0.8185263568608591,,,,
screw,good,D:\Research\research-experiments\industrial-anomaly-detection\data\mvtec_ad\screw\test\good\020.png,1,1.0,1,0,33.817264556884766,36.656472182855374,3.3131746323735807,-0.8569447557120107,,,,
screw,good,D:\Research\research-experiments\industrial-anomaly-detection\data\mvtec_ad\screw\test\good\021.png,1,1.0,1,0,33.134788513183594,36.656472182855374,3.3131746323735807,-1.062933307306178,,,,
screw,good,D:\Research\research-experiments\industrial-anomaly-detection\data\mvtec_ad\screw\test\good\022.png,1,1.0,1,0,39.957271575927734,36.656472182855374,3.3131746323735807,0.9962648394140472,,,,
screw,good,D:\Research\research-experiments\industrial-anomaly-detection\data\mvtec_ad\screw\test\good\023.png,1,1.0,1,0,36.38020706176758,36.656472182855374,3.3131746323735807,-0.08338380910814774,,,,
screw,good,D:\Research\research-experiments\industrial-anomaly-detection\data\mvtec_ad\screw\test\good\024.png,1,1.0,1,0,36.65324020385742,36.656472182855374,3.3131746323735807,-0.0009754931015021854,,,,
screw,good,D:\Research\research-experiments\industrial-anomaly-detection\data\mvtec_ad\screw\test\good\025.png,1,1.0,1,0,40.16826629638672,36.656472182855374,3.3131746323735807,1.059948388840425,,,,
screw,good,D:\Research\research-experiments\industrial-anomaly-detection\data\mvtec_ad\screw\test\good\026.png,1,1.0,1,0,36.23271560668945,36.656472182855374,3.3131746323735807,-0.1279004650178488,,,,
screw,good,D:\Research\research-experiments\industrial-anomaly-detection\data\mvtec_ad\screw\test\good\027.png,1,1.0,1,0,38.40019989013672,36.656472182855374,3.3131746323735807,0.5263011765945238,,,,
screw,good,D:\Research\research-experiments\industrial-anomaly-detection\data\mvtec_ad\screw\test\good\028.png,1,1.0,1,0,33.46806716918945,36.656472182855374,3.3131746323735807,-0.962341369667474,,,,
screw,good,D:\Research\research-experiments\industrial-anomaly-detection\data\mvtec_ad\screw\test\good\029.png,1,1.0,1,0,36.50336837768555,36.656472182855374,3.3131746323735807,-0.04621060528286819,,,,
screw,good,D:\Research\research-experiments\industrial-anomaly-detection\data\mvtec_ad\screw\test\good\030.png,1,1.0,1,0,34.39903259277344,36.656472182855374,3.3131746323735807,-0.6813524309959755,,,,
screw,good,D:\Research\research-experiments\industrial-anomaly-detection\data\mvtec_ad\screw\test\good\031.png,1,1.0,1,0,34.51820373535156,36.656472182855374,3.3131746323735807,-0.645383562523519,,,,
screw,good,D:\Research\research-experiments\industrial-anomaly-detection\data\mvtec_ad\screw\test\good\032.png,1,1.0,1,0,32.893089294433594,36.656472182855374,3.3131746323735807,-1.1358842518136956,,,,
screw,good,D:\Research\research-experiments\industrial-anomaly-detection\data\mvtec_ad\screw\test\good\033.png,1,1.0,1,0,33.584651947021484,36.656472182855374,3.3131746323735807,-0.9271531315671149,,,,
screw,good,D:\Research\research-experiments\industrial-anomaly-detection\data\mvtec_ad\screw\test\good\034.png,1,1.0,1,0,38.206581115722656,36.656472182855374,3.3131746323735807,0.467862127676854,,,,
screw,good,D:\Research\research-experiments\industrial-anomaly-detection\data\mvtec_ad\screw\test\good\035.png,1,1.0,1,0,43.1435661315918,36.656472182855374,3.3131746323735807,1.9579692194157072,,,,
screw,good,D:\Research\research-experiments\industrial-anomaly-detection\data\mvtec_ad\screw\test\good\036.png,1,1.0,1,0,33.288116455078125,36.656472182855374,3.3131746323735807,-1.0166550518842215,,,,
screw,good,D:\Research\research-experiments\industrial-anomaly-detection\data\mvtec_ad\screw\test\good\037.png,1,1.0,1,0,35.282958984375,36.656472182855374,3.3131746323735807,-0.41456106329547143,,,,
screw,good,D:\Research\research-experiments\industrial-anomaly-detection\data\mvtec_ad\screw\test\good\038.png,1,1.0,1,0,36.448490142822266,36.656472182855374,3.3131746323735807,-0.06277424618698985,,,,
screw,good,D:\Research\research-experiments\industrial-anomaly-detection\data\mvtec_ad\screw\test\good\039.png,1,1.0,1,0,32.90312194824219,36.656472182855374,3.3131746323735807,-1.1328561428481847,,,,
screw,good,D:\Research\research-experiments\industrial-anomaly-detection\data\mvtec_ad\screw\test\good\040.png,1,1.0,1,0,34.69163131713867,36.656472182855374,3.3131746323735807,-0.5930387268204687,,,,
screw,manipulated_front,D:\Research\research-experiments\industrial-anomaly-detection\data\mvtec_ad\screw\test\manipulated_front\000.png,1,1.0,0,1,39.58481979370117,36.656472182855374,3.3131746323735807,0.8838494603430878,D:\Research\research-experiments\industrial-anomaly-detection\data\mvtec_ad\screw\ground_truth\manipulated_front\000_mask.png,3806,0.0036296844482421875,-5.618609287836806
screw,manipulated_front,D:\Research\research-experiments\industrial-anomaly-detection\data\mvtec_ad\screw\test\manipulated_front\001.png,1,1.0,0,1,36.970123291015625,36.656472182855374,3.3131746323735807,0.09466784669166349,D:\Research\research-experiments\industrial-anomaly-detection\data\mvtec_ad\screw\ground_truth\manipulated_front\001_mask.png,2866,0.0027332305908203125,-5.902270636943445
screw,manipulated_front,D:\Research\research-experiments\industrial-anomaly-detection\data\mvtec_ad\screw\test\manipulated_front\002.png,1,1.0,0,1,37.305850982666016,36.656472182855374,3.3131746323735807,0.19599896530217664,D:\Research\research-experiments\industrial-anomaly-detection\data\mvtec_ad\screw\ground_truth\manipulated_front\002_mask.png,2520,0.00240325927734375,-6.030929014591936
screw,manipulated_front,D:\Research\research-experiments\industrial-anomaly-detection\data\mvtec_ad\screw\test\manipulated_front\003.png,1,1.0,0,1,46.06825637817383,36.656472182855374,3.3131746323735807,2.8407147946124978,D:\Research\research-experiments\industrial-anomaly-detection\data\mvtec_ad\screw\ground_truth\manipulated_front\003_mask.png,4826,0.0046024322509765625,-5.381170147737533
screw,manipulated_front,D:\Research\research-experiments\industrial-anomaly-detection\data\mvtec_ad\screw\test\manipulated_front\004.png,1,1.0,0,1,43.404273986816406,36.656472182855374,3.3131746323735807,2.036657451746472,D:\Research\research-experiments\industrial-anomaly-detection\data\mvtec_ad\screw\ground_truth\manipulated_front\004_mask.png,2245,0.0021409988403320312,-6.146482343950946
screw,manipulated_front,D:\Research\research-experiments\industrial-anomaly-detection\data\mvtec_ad\screw\test\manipulated_front\005.png,1,1.0,0,1,43.33854675292969,36.656472182855374,3.3131746323735807,2.0168193082195702,D:\Research\research-experiments\industrial-anomaly-detection\data\mvtec_ad\screw\ground_truth\manipulated_front\005_mask.png,3304,0.00315093994140625,-5.76005415919247
screw,manipulated_front,D:\Research\research-experiments\industrial-anomaly-detection\data\mvtec_ad\screw\test\manipulated_front\006.png,1,1.0,0,1,43.9283332824707,36.656472182855374,3.3131746323735807,2.1948318173635535,D:\Research\research-experiments\industrial-anomaly-detection\data\mvtec_ad\screw\ground_truth\manipulated_front\006_mask.png,3633,0.0034646987915039062,-5.665129290352367
screw,manipulated_front,D:\Research\research-experiments\industrial-anomaly-detection\data\mvtec_ad\screw\test\manipulated_front\007.png,1,1.0,0,1,45.19424819946289,36.656472182855374,3.3131746323735807,2.5769169947105977,D:\Research\research-experiments\industrial-anomaly-detection\data\mvtec_ad\screw\ground_truth\manipulated_front\007_mask.png,4911,0.004683494567871094,-5.363710531643903
screw,manipulated_front,D:\Research\research-experiments\industrial-anomaly-detection\data\mvtec_ad\screw\test\manipulated_front\008.png,1,1.0,0,1,44.940284729003906,36.656472182855374,3.3131746323735807,2.5002643884828832,D:\Research\research-experiments\industrial-anomaly-detection\data\mvtec_ad\screw\ground_truth\manipulated_front\008_mask.png,3808,0.003631591796875,-5.618083939926343
screw,manipulated_front,D:\Research\research-experiments\industrial-anomaly-detection\data\mvtec_ad\screw\test\manipulated_front\009.png,1,1.0,0,1,43.80394744873047,36.656472182855374,3.3131746323735807,2.1572890230523694,D:\Research\research-experiments\industrial-anomaly-detection\data\mvtec_ad\screw\ground_truth\manipulated_front\009_mask.png,6709,0.006398200988769531,-5.051738267342097
screw,manipulated_front,D:\Research\research-experiments\industrial-anomaly-detection\data\mvtec_ad\screw\test\manipulated_front\010.png,1,1.0,0,1,41.95744705200195,36.656472182855374,3.3131746323735807,1.599968446380662,D:\Research\research-experiments\industrial-anomaly-detection\data\mvtec_ad\screw\ground_truth\manipulated_front\010_mask.png,3690,0.0035190582275390625,-5.649561589997436
screw,manipulated_front,D:\Research\research-experiments\industrial-anomaly-detection\data\mvtec_ad\screw\test\manipulated_front\011.png,1,1.0,0,1,41.69896697998047,36.656472182855374,3.3131746323735807,1.5219526154323526,D:\Research\research-experiments\industrial-anomaly-detection\data\mvtec_ad\screw\ground_truth\manipulated_front\011_mask.png,3133,0.0029878616333007812,-5.813196985559251
screw,manipulated_front,D:\Research\research-experiments\industrial-anomaly-detection\data\mvtec_ad\screw\test\manipulated_front\012.png,1,1.0,0,1,40.85393142700195,36.656472182855374,3.3131746323735807,1.2668994876190667,D:\Research\research-experiments\industrial-anomaly-detection\data\mvtec_ad\screw\ground_truth\manipulated_front\012_mask.png,1695,0.0016164779663085938,-6.427504972755639
screw,manipulated_front,D:\Research\research-experiments\industrial-anomaly-detection\data\mvtec_ad\screw\test\manipulated_front\013.png,1,1.0,0,1,46.370018005371094,36.656472182855374,3.3131746323735807,2.9317940948850225,D:\Research\research-experiments\industrial-anomaly-detection\data\mvtec_ad\screw\ground_truth\manipulated_front\013_mask.png,3133,0.0029878616333007812,-5.813196985559251
screw,manipulated_front,D:\Research\research-experiments\industrial-anomaly-detection\data\mvtec_ad\screw\test\manipulated_front\014.png,1,1.0,0,1,39.62397766113281,36.656472182855374,3.3131746323735807,0.8956682962864222,D:\Research\research-experiments\industrial-anomaly-detection\data\mvtec_ad\screw\ground_truth\manipulated_front\014_mask.png,3315,0.0031614303588867188,-5.7567303922664745
screw,manipulated_front,D:\Research\research-experiments\industrial-anomaly-detection\data\mvtec_ad\screw\test\manipulated_front\015.png,1,1.0,0,1,40.723228454589844,36.656472182855374,3.3131746323735807,1.2274500208946177,D:\Research\research-experiments\industrial-anomaly-detection\data\mvtec_ad\screw\ground_truth\manipulated_front\015_mask.png,4777,0.004555702209472656,-5.39137537830384
screw,manipulated_front,D:\Research\research-experiments\industrial-anomaly-detection\data\mvtec_ad\screw\test\manipulated_front\016.png,1,1.0,0,1,46.73416519165039,36.656472182855374,3.3131746323735807,3.041702936610766,D:\Research\research-experiments\industrial-anomaly-detection\data\mvtec_ad\screw\ground_truth\manipulated_front\016_mask.png,7016,0.00669097900390625,-5.006994927691938
screw,manipulated_front,D:\Research\research-experiments\industrial-anomaly-detection\data\mvtec_ad\screw\test\manipulated_front\017.png,1,1.0,0,1,37.32252883911133,36.656472182855374,3.3131746323735807,0.2010327646927522,D:\Research\research-experiments\industrial-anomaly-detection\data\mvtec_ad\screw\ground_truth\manipulated_front\017_mask.png,1443,0.0013761520385742188,-6.5884633257614045
screw,manipulated_front,D:\Research\research-experiments\industrial-anomaly-detection\data\mvtec_ad\screw\test\manipulated_front\018.png,1,1.0,0,1,41.08237075805664,36.656472182855374,3.3131746323735807,1.3358482622542969,D:\Research\research-experiments\industrial-anomaly-detection\data\mvtec_ad\screw\ground_truth\manipulated_front\018_mask.png,2756,0.002628326416015625,-5.941407598595183
screw,manipulated_front,D:\Research\research-experiments\industrial-anomaly-detection\data\mvtec_ad\screw\test\manipulated_front\019.png,1,1.0,0,1,38.588478088378906,36.656472182855374,3.3131746323735807,0.5831283043898685,D:\Research\research-experiments\industrial-anomaly-detection\data\mvtec_ad\screw\ground_truth\manipulated_front\019_mask.png,1771,0.0016889572143554688,-6.383643381334938
screw,manipulated_front,D:\Research\research-experiments\industrial-anomaly-detection\data\mvtec_ad\screw\test\manipulated_front\020.png,1,1.0,0,1,35.3277702331543,36.656472182855374,3.3131746323735807,-0.4010358937069328,D:\Research\research-experiments\industrial-anomaly-detection\data\mvtec_ad\screw\ground_truth\manipulated_front\020_mask.png,1359,0.0012960433959960938,-6.648438425468958
screw,manipulated_front,D:\Research\research-experiments\industrial-anomaly-detection\data\mvtec_ad\screw\test\manipulated_front\021.png,1,1.0,0,1,40.30446243286133,36.656472182855374,3.3131746323735807,1.1010558315764083,D:\Research\research-experiments\industrial-anomaly-detection\data\mvtec_ad\screw\ground_truth\manipulated_front\021_mask.png,1537,0.0014657974243164062,-6.525355185438031
screw,manipulated_front,D:\Research\research-experiments\industrial-anomaly-detection\data\mvtec_ad\screw\test\manipulated_front\022.png,1,1.0,0,1,42.94548797607422,36.656472182855374,3.3131746323735807,1.8981842163608957,D:\Research\research-experiments\industrial-anomaly-detection\data\mvtec_ad\screw\ground_truth\manipulated_front\022_mask.png,1506,0.0014362335205078125,-6.5457305065737055
screw,manipulated_front,D:\Research\research-experiments\industrial-anomaly-detection\data\mvtec_ad\screw\test\manipulated_front\023.png,1,1.0,0,1,43.89487838745117,36.656472182855374,3.3131746323735807,2.184734282904416,D:\Research\research-experiments\industrial-anomaly-detection\data\mvtec_ad\screw\ground_truth\manipulated_front\023_mask.png,2523,0.0024061203002929688,-6.0297392469511175
screw,scratch_head,D:\Research\research-experiments\industrial-anomaly-detection\data\mvtec_ad\screw\test\scratch_head\000.png,1,1.0,0,1,45.17022705078125,36.656472182855374,3.3131746323735807,2.569666803776825,D:\Research\research-experiments\industrial-anomaly-detection\data\mvtec_ad\screw\ground_truth\scratch_head\000_mask.png,2767,0.0026388168334960938,-5.937424252454337
screw,scratch_head,D:\Research\research-experiments\industrial-anomaly-detection\data\mvtec_ad\screw\test\scratch_head\001.png,1,1.0,0,1,45.298465728759766,36.656472182855374,3.3131746323735807,2.6083724840405433,D:\Research\research-experiments\industrial-anomaly-detection\data\mvtec_ad\screw\ground_truth\scratch_head\001_mask.png,3019,0.0028791427612304688,-5.850262334166524
screw,scratch_head,D:\Research\research-experiments\industrial-anomaly-detection\data\mvtec_ad\screw\test\scratch_head\002.png,1,1.0,0,1,45.17460250854492,36.656472182855374,3.3131746323735807,2.5709874277249014,D:\Research\research-experiments\industrial-anomaly-detection\data\mvtec_ad\screw\ground_truth\scratch_head\002_mask.png,3012,0.002872467041015625,-5.852583674146381
screw,scratch_head,D:\Research\research-experiments\industrial-anomaly-detection\data\mvtec_ad\screw\test\scratch_head\003.png,1,1.0,0,1,38.580291748046875,36.656472182855374,3.3131746323735807,0.58065745958379,D:\Research\research-experiments\industrial-anomaly-detection\data\mvtec_ad\screw\ground_truth\scratch_head\003_mask.png,1741,0.0016603469848632812,-6.400728069147154
screw,scratch_head,D:\Research\research-experiments\industrial-anomaly-detection\data\mvtec_ad\screw\test\scratch_head\004.png,1,1.0,0,1,43.226200103759766,36.656472182855374,3.3131746323735807,1.982910244666999,D:\Research\research-experiments\industrial-anomaly-detection\data\mvtec_ad\screw\ground_truth\scratch_head\004_mask.png,2981,0.0028429031372070312,-5.8629291657677935
screw,scratch_head,D:\Research\research-experiments\industrial-anomaly-detection\data\mvtec_ad\screw\test\scratch_head\005.png,1,1.0,0,1,44.57742691040039,36.656472182855374,3.3131746323735807,2.390744710570958,D:\Research\research-experiments\industrial-anomaly-detection\data\mvtec_ad\screw\ground_truth\scratch_head\005_mask.png,1355,0.0012922286987304688,-6.651386104028578
screw,scratch_head,D:\Research\research-experiments\industrial-anomaly-detection\data\mvtec_ad\screw\test\scratch_head\006.png,1,1.0,0,1,43.40287399291992,36.656472182855374,3.3131746323735807,2.036234898137977,D:\Research\research-experiments\industrial-anomaly-detection\data\mvtec_ad\screw\ground_truth\scratch_head\006_mask.png,2586,0.0024662017822265625,-6.00507564638536
screw,scratch_head,D:\Research\research-experiments\industrial-anomaly-detection\data\mvtec_ad\screw\test\scratch_head\007.png,1,1.0,0,1,41.99683380126953,36.656472182855374,3.3131746323735807,1.6118563646578103,D:\Research\research-experiments\industrial-anomaly-detection\data\mvtec_ad\screw\ground_truth\scratch_head\007_mask.png,2707,0.0025815963745117188,-5.959346934227458
screw,scratch_head,D:\Research\research-experiments\industrial-anomaly-detection\data\mvtec_ad\screw\test\scratch_head\008.png,1,1.0,0,1,43.82825469970703,36.656472182855374,3.3131746323735807,2.164625566903409,D:\Research\research-experiments\industrial-anomaly-detection\data\mvtec_ad\screw\ground_truth\scratch_head\008_mask.png,3009,0.0028696060180664062,-5.853580186089028
screw,scratch_head,D:\Research\research-experiments\industrial-anomaly-detection\data\mvtec_ad\screw\test\scratch_head\009.png,1,1.0,0,1,54.09817123413086,36.656472182855374,3.3131746323735807,5.264346431018076,D:\Research\research-experiments\industrial-anomaly-detection\data\mvtec_ad\screw\ground_truth\scratch_head\009_mask.png,3278,0.0031261444091796875,-5.767954532012327
screw,scratch_head,D:\Research\research-experiments\industrial-anomaly-detection\data\mvtec_ad\screw\test\scratch_head\010.png,1,1.0,0,1,47.813514709472656,36.656472182855374,3.3131746323735807,3.3674779522938403,D:\Research\research-experiments\industrial-anomaly-detection\data\mvtec_ad\screw\ground_truth\scratch_head\010_mask.png,2213,0.0021104812622070312,-6.160838797322393
screw,scratch_head,D:\Research\research-experiments\industrial-anomaly-detection\data\mvtec_ad\screw\test\scratch_head\011.png,1,1.0,0,1,47.17036437988281,36.656472182855374,3.3131746323735807,3.1733588970211373,D:\Research\research-experiments\industrial-anomaly-detection\data\mvtec_ad\screw\ground_truth\scratch_head\011_mask.png,2801,0.0026712417602539062,-5.925211461581139
screw,scratch_head,D:\Research\research-experiments\industrial-anomaly-detection\data\mvtec_ad\screw\test\scratch_head\012.png,1,1.0,0,1,46.2689094543457,36.656472182855374,3.3131746323735807,2.901276973922716,D:\Research\research-experiments\industrial-anomaly-detection\data\mvtec_ad\screw\ground_truth\scratch_head\012_mask.png,3541,0.0033769607543945312,-5.690778862962787
screw,scratch_head,D:\Research\research-experiments\industrial-anomaly-detection\data\mvtec_ad\screw\test\scratch_head\013.png,1,1.0,0,1,44.901126861572266,36.656472182855374,3.3131746323735807,2.488445552539549,D:\Research\research-experiments\industrial-anomaly-detection\data\mvtec_ad\screw\ground_truth\scratch_head\013_mask.png,1953,0.0018625259399414062,-6.285821143417097
screw,scratch_head,D:\Research\research-experiments\industrial-anomaly-detection\data\mvtec_ad\screw\test\scratch_head\014.png,1,1.0,0,1,37.32438659667969,36.656472182855374,3.3131746323735807,0.2015934829688753,D:\Research\research-experiments\industrial-anomaly-detection\data\mvtec_ad\screw\ground_truth\scratch_head\014_mask.png,2388,0.002277374267578125,-6.084731697584332
screw,scratch_head,D:\Research\research-experiments\industrial-anomaly-detection\data\mvtec_ad\screw\test\scratch_head\015.png,1,1.0,0,1,50.12100601196289,36.656472182855374,3.3131746323735807,4.063937257500198,D:\Research\research-experiments\industrial-anomaly-detection\data\mvtec_ad\screw\ground_truth\scratch_head\015_mask.png,3545,0.0033807754516601562,-5.689649876442595
screw,scratch_head,D:\Research\research-experiments\industrial-anomaly-detection\data\mvtec_ad\screw\test\scratch_head\016.png,1,1.0,0,1,44.39976119995117,36.656472182855374,3.3131746323735807,2.3371207003201198,D:\Research\research-experiments\industrial-anomaly-detection\data\mvtec_ad\screw\ground_truth\scratch_head\016_mask.png,2091,0.0019941329956054688,-6.217545410299332
screw,scratch_head,D:\Research\research-experiments\industrial-anomaly-detection\data\mvtec_ad\screw\test\scratch_head\017.png,1,1.0,0,1,44.04335403442383,36.656472182855374,3.3131746323735807,2.229547992849517,D:\Research\research-experiments\industrial-anomaly-detection\data\mvtec_ad\screw\ground_truth\scratch_head\017_mask.png,2511,0.0023946762084960938,-6.034506834448417
screw,scratch_head,D:\Research\research-experiments\industrial-anomaly-detection\data\mvtec_ad\screw\test\scratch_head\018.png,1,1.0,0,1,45.424644470214844,36.656472182855374,3.3131746323735807,2.646456423299937,D:\Research\research-experiments\industrial-anomaly-detection\data\mvtec_ad\screw\ground_truth\scratch_head\018_mask.png,3846,0.0036678314208984375,-5.608154412409553
screw,scratch_head,D:\Research\research-experiments\industrial-anomaly-detection\data\mvtec_ad\screw\test\scratch_head\019.png,1,1.0,0,1,46.43527603149414,36.656472182855374,3.3131746323735807,2.9514906196276063,D:\Research\research-experiments\industrial-anomaly-detection\data\mvtec_ad\screw\ground_truth\scratch_head\019_mask.png,2618,0.0024967193603515625,-5.992777264203549
screw,scratch_head,D:\Research\research-experiments\industrial-anomaly-detection\data\mvtec_ad\screw\test\scratch_head\020.png,1,1.0,0,1,42.9144172668457,36.656472182855374,3.3131746323735807,1.8888062895456539,D:\Research\research-experiments\industrial-anomaly-detection\data\mvtec_ad\screw\ground_truth\scratch_head\020_mask.png,2465,0.0023508071899414062,-6.052996099336405
screw,scratch_head,D:\Research\research-experiments\industrial-anomaly-detection\data\mvtec_ad\screw\test\scratch_head\021.png,1,1.0,0,1,48.05092239379883,36.656472182855374,3.3131746323735807,3.4391336030423463,D:\Research\research-experiments\industrial-anomaly-detection\data\mvtec_ad\screw\ground_truth\scratch_head\021_mask.png,2066,0.0019702911376953125,-6.229573453980245
screw,scratch_head,D:\Research\research-experiments\industrial-anomaly-detection\data\mvtec_ad\screw\test\scratch_head\022.png,1,1.0,0,1,37.264007568359375,36.656472182855374,3.3131746323735807,0.1833695633087587,D:\Research\research-experiments\industrial-anomaly-detection\data\mvtec_ad\screw\ground_truth\scratch_head\022_mask.png,1402,0.0013370513916015625,-6.617287795690243
screw,scratch_head,D:\Research\research-experiments\industrial-anomaly-detection\data\mvtec_ad\screw\test\scratch_head\023.png,1,1.0,0,1,41.31660842895508,36.656472182855374,3.3131746323735807,1.40654712267948,D:\Research\research-experiments\industrial-anomaly-detection\data\mvtec_ad\screw\ground_truth\scratch_head\023_mask.png,2444,0.002330780029296875,-6.061551861866596
screw,scratch_neck,D:\Research\research-experiments\industrial-anomaly-detection\data\mvtec_ad\screw\test\scratch_neck\000.png,1,1.0,0,1,40.72874069213867,36.656472182855374,3.3131746323735807,1.2291137537673036,D:\Research\research-experiments\industrial-anomaly-detection\data\mvtec_ad\screw\ground_truth\scratch_neck\000_mask.png,2810,0.0026798248291015625,-5.922003475712465
screw,scratch_neck,D:\Research\research-experiments\industrial-anomaly-detection\data\mvtec_ad\screw\test\scratch_neck\001.png,1,1.0,0,1,50.70336151123047,36.656472182855374,3.3131746323735807,4.239706893539688,D:\Research\research-experiments\industrial-anomaly-detection\data\mvtec_ad\screw\ground_truth\scratch_neck\001_mask.png,7445,0.007100105285644531,-4.947645525237824
screw,scratch_neck,D:\Research\research-experiments\industrial-anomaly-detection\data\mvtec_ad\screw\test\scratch_neck\002.png,1,1.0,0,1,39.22028350830078,36.656472182855374,3.3131746323735807,0.7738231786498604,D:\Research\research-experiments\industrial-anomaly-detection\data\mvtec_ad\screw\ground_truth\scratch_neck\002_mask.png,2926,0.0027904510498046875,-5.881551671253898
screw,scratch_neck,D:\Research\research-experiments\industrial-anomaly-detection\data\mvtec_ad\screw\test\scratch_neck\003.png,1,1.0,0,1,55.95783996582031,36.656472182855374,3.3131746323735807,5.825641544628545,D:\Research\research-experiments\industrial-anomaly-detection\data\mvtec_ad\screw\ground_truth\scratch_neck\003_mask.png,2614,0.0024929046630859375,-5.994306315876335
screw,scratch_neck,D:\Research\research-experiments\industrial-anomaly-detection\data\mvtec_ad\screw\test\scratch_neck\004.png,1,1.0,0,1,44.226924896240234,36.656472182855374,3.3131746323735807,2.284954327312755,D:\Research\research-experiments\industrial-anomaly-detection\data\mvtec_ad\screw\ground_truth\scratch_neck\004_mask.png,3823,0.0036458969116210938,-5.6141526032216
screw,scratch_neck,D:\Research\research-experiments\industrial-anomaly-detection\data\mvtec_ad\screw\test\scratch_neck\005.png,1,1.0,0,1,38.95500946044922,36.656472182855374,3.3131746323735807,0.6937567537595073,D:\Research\research-experiments\industrial-anomaly-detection\data\mvtec_ad\screw\ground_truth\scratch_neck\005_mask.png,2145,0.0020456314086914062,-6.1920482909902885
screw,scratch_neck,D:\Research\research-experiments\industrial-anomaly-detection\data\mvtec_ad\screw\test\scratch_neck\006.png,1,1.0,0,1,46.406375885009766,36.656472182855374,3.3131746323735807,2.9427678236113666,D:\Research\research-experiments\industrial-anomaly-detection\data\mvtec_ad\screw\ground_truth\scratch_neck\006_mask.png,4725,0.004506111145019531,-5.402320549350241
screw,scratch_neck,D:\Research\research-experiments\industrial-anomaly-detection\data\mvtec_ad\screw\test\scratch_neck\007.png,1,1.0,0,1,50.18681716918945,36.656472182855374,3.3131746323735807,4.083800731216165,D:\Research\research-experiments\industrial-anomaly-detection\data\mvtec_ad\screw\ground_truth\scratch_neck\007_mask.png,3062,0.0029201507568359375,-5.836119692533263
screw,scratch_neck,D:\Research\research-experiments\industrial-anomaly-detection\data\mvtec_ad\screw\test\scratch_neck\008.png,1,1.0,0,1,58.7119140625,36.656472182855374,3.3131746323735807,6.656890845455966,D:\Research\research-experiments\industrial-anomaly-detection\data\mvtec_ad\screw\ground_truth\scratch_neck\008_mask.png,4567,0.004355430603027344,-5.43633156841551
screw,scratch_neck,D:\Research\research-experiments\industrial-anomaly-detection\data\mvtec_ad\screw\test\scratch_neck\009.png,1,1.0,0,1,55.088226318359375,36.656472182855374,3.3131746323735807,5.563170125535873,D:\Research\research-experiments\industrial-anomaly-detection\data\mvtec_ad\screw\ground_truth\scratch_neck\009_mask.png,2582,0.0024623870849609375,-6.006623633682409
screw,scratch_neck,D:\Research\research-experiments\industrial-anomaly-detection\data\mvtec_ad\screw\test\scratch_neck\010.png,1,1.0,0,1,46.5008544921875,36.656472182855374,3.3131746323735807,2.9712838596375293,D:\Research\research-experiments\industrial-anomaly-detection\data\mvtec_ad\screw\ground_truth\scratch_neck\010_mask.png,4609,0.004395484924316406,-5.42717719097224
screw,scratch_neck,D:\Research\research-experiments\industrial-anomaly-detection\data\mvtec_ad\screw\test\scratch_neck\011.png,1,1.0,0,1,40.204647064208984,36.656472182855374,3.3131746323735807,1.0709290258001503,D:\Research\research-experiments\industrial-anomaly-detection\data\mvtec_ad\screw\ground_truth\scratch_neck\011_mask.png,1637,0.0015611648559570312,-6.462322393280634
screw,scratch_neck,D:\Research\research-experiments\industrial-anomaly-detection\data\mvtec_ad\screw\test\scratch_neck\012.png,1,1.0,0,1,42.34429931640625,36.656472182855374,3.3131746323735807,1.7167302556207482,D:\Research\research-experiments\industrial-anomaly-detection\data\mvtec_ad\screw\ground_truth\scratch_neck\012_mask.png,3583,0.0034170150756835938,-5.6789876012409115
screw,scratch_neck,D:\Research\research-experiments\industrial-anomaly-detection\data\mvtec_ad\screw\test\scratch_neck\013.png,1,1.0,0,1,45.613712310791016,36.656472182855374,3.3131746323735807,2.7035218851469396,D:\Research\research-experiments\industrial-anomaly-detection\data\mvtec_ad\screw\ground_truth\scratch_neck\013_mask.png,3198,0.0030498504638671875,-5.792662389920133
screw,scratch_neck,D:\Research\research-experiments\industrial-anomaly-detection\data\mvtec_ad\screw\test\scratch_neck\014.png,1,1.0,0,1,50.01032638549805,36.656472182855374,3.3131746323735807,4.030531343612238,D:\Research\research-experiments\industrial-anomaly-detection\data\mvtec_ad\screw\ground_truth\scratch_neck\014_mask.png,2981,0.0028429031372070312,-5.8629291657677935
screw,scratch_neck,D:\Research\research-experiments\industrial-anomaly-detection\data\mvtec_ad\screw\test\scratch_neck\015.png,1,1.0,0,1,54.39921569824219,36.656472182855374,3.3131746323735807,5.355209273311317,D:\Research\research-experiments\industrial-anomaly-detection\data\mvtec_ad\screw\ground_truth\scratch_neck\015_mask.png,3017,0.0028772354125976562,-5.850925024484055
screw,scratch_neck,D:\Research\research-experiments\industrial-anomaly-detection\data\mvtec_ad\screw\test\scratch_neck\016.png,1,1.0,0,1,54.07147979736328,36.656472182855374,3.3131746323735807,5.2562902795231405,D:\Research\research-experiments\industrial-anomaly-detection\data\mvtec_ad\screw\ground_truth\scratch_neck\016_mask.png,3955,0.0037717819213867188,-5.580207465870512
screw,scratch_neck,D:\Research\research-experiments\industrial-anomaly-detection\data\mvtec_ad\screw\test\scratch_neck\017.png,1,1.0,0,1,44.444332122802734,36.656472182855374,3.3131746323735807,2.350573333458154,D:\Research\research-experiments\industrial-anomaly-detection\data\mvtec_ad\screw\ground_truth\scratch_neck\017_mask.png,3813,0.0036363601684570312,-5.6167717763411185
screw,scratch_neck,D:\Research\research-experiments\industrial-anomaly-detection\data\mvtec_ad\screw\test\scratch_neck\018.png,1,1.0,0,1,50.90159225463867,36.656472182855374,3.3131746323735807,4.2995379514837095,D:\Research\research-experiments\industrial-anomaly-detection\data\mvtec_ad\screw\ground_truth\scratch_neck\018_mask.png,3269,0.0031175613403320312,-5.770703883711211
screw,scratch_neck,D:\Research\research-experiments\industrial-anomaly-detection\data\mvtec_ad\screw\test\scratch_neck\019.png,1,1.0,0,1,46.75952911376953,36.656472182855374,3.3131746323735807,3.049358410569581,D:\Research\research-experiments\industrial-anomaly-detection\data\mvtec_ad\screw\ground_truth\scratch_neck\019_mask.png,4108,0.003917694091796875,-5.542251784898299
screw,scratch_neck,D:\Research\research-experiments\industrial-anomaly-detection\data\mvtec_ad\screw\test\scratch_neck\020.png,1,1.0,0,1,52.7520637512207,36.656472182855374,3.3131746323735807,4.858057106647089,D:\Research\research-experiments\industrial-anomaly-detection\data\mvtec_ad\screw\ground_truth\scratch_neck\020_mask.png,7369,0.007027626037597656,-4.957906178136354
screw,scratch_neck,D:\Research\research-experiments\industrial-anomaly-detection\data\mvtec_ad\screw\test\scratch_neck\021.png,1,1.0,0,1,40.6451416015625,36.656472182855374,3.3131746323735807,1.203881431341763,D:\Research\research-experiments\industrial-anomaly-detection\data\mvtec_ad\screw\ground_truth\scratch_neck\021_mask.png,2687,0.0025625228881835938,-5.966762612343074
screw,scratch_neck,D:\Research\research-experiments\industrial-anomaly-detection\data\mvtec_ad\screw\test\scratch_neck\022.png,1,1.0,0,1,42.29022216796875,36.656472182855374,3.3131746323735807,1.7004084028849753,D:\Research\research-experiments\industrial-anomaly-detection\data\mvtec_ad\screw\ground_truth\scratch_neck\022_mask.png,1033,0.0009851455688476562,-6.92272012700137
screw,scratch_neck,D:\Research\research-experiments\industrial-anomaly-detection\data\mvtec_ad\screw\test\scratch_neck\023.png,1,1.0,0,1,42.50634002685547,36.656472182855374,3.3131746323735807,1.7656382452165553,D:\Research\research-experiments\industrial-anomaly-detection\data\mvtec_ad\screw\ground_truth\scratch_neck\023_mask.png,1717,0.0016374588012695312,-6.4146091395992295
screw,scratch_neck,D:\Research\research-experiments\industrial-anomaly-detection\data\mvtec_ad\screw\test\scratch_neck\024.png,1,1.0,0,1,51.57107925415039,36.656472182855374,3.3131746323735807,4.501606080633936,D:\Research\research-experiments\industrial-anomaly-detection\data\mvtec_ad\screw\ground_truth\scratch_neck\024_mask.png,3240,0.00308990478515625,-5.779614678778016
screw,thread_side,D:\Research\research-experiments\industrial-anomaly-detection\data\mvtec_ad\screw\test\thread_side\000.png,1,1.0,0,1,38.99700927734375,36.656472182855374,3.3131746323735807,0.7064333620143648,D:\Research\research-experiments\industrial-anomaly-detection\data\mvtec_ad\screw\ground_truth\thread_side\000_mask.png,1580,0.001506805419921875,-6.497762821522418
screw,thread_side,D:\Research\research-experiments\industrial-anomaly-detection\data\mvtec_ad\screw\test\thread_side\001.png,1,1.0,0,1,36.60895919799805,36.656472182855374,3.3131746323735807,-0.014340621950038547,D:\Research\research-experiments\industrial-anomaly-detection\data\mvtec_ad\screw\ground_truth\thread_side\001_mask.png,6009,0.005730628967285156,-5.161929812364078
screw,thread_side,D:\Research\research-experiments\industrial-anomaly-detection\data\mvtec_ad\screw\test\thread_side\002.png,1,1.0,0,1,38.383941650390625,36.656472182855374,3.3131746323735807,0.5213940281492738,D:\Research\research-experiments\industrial-anomaly-detection\data\mvtec_ad\screw\ground_truth\thread_side\002_mask.png,2302,0.0021953582763671875,-6.121409566410666
screw,thread_side,D:\Research\research-experiments\industrial-anomaly-detection\data\mvtec_ad\screw\test\thread_side\003.png,1,1.0,0,1,37.42594909667969,36.656472182855374,3.3131746323735807,0.23224761722657966,D:\Research\research-experiments\industrial-anomaly-detection\data\mvtec_ad\screw\ground_truth\thread_side\003_mask.png,2047,0.0019521713256835938,-6.238812513287626
screw,thread_side,D:\Research\research-experiments\industrial-anomaly-detection\data\mvtec_ad\screw\test\thread_side\004.png,1,1.0,0,1,38.703609466552734,36.656472182855374,3.3131746323735807,0.6178778696705091,D:\Research\research-experiments\industrial-anomaly-detection\data\mvtec_ad\screw\ground_truth\thread_side\004_mask.png,1460,0.001392364501953125,-6.576751178294042
screw,thread_side,D:\Research\research-experiments\industrial-anomaly-detection\data\mvtec_ad\screw\test\thread_side\005.png,1,1.0,0,1,41.30864334106445,36.656472182855374,3.3131746323735807,1.404143057462755,D:\Research\research-experiments\industrial-anomaly-detection\data\mvtec_ad\screw\ground_truth\thread_side\005_mask.png,2721,0.0025949478149414062,-5.95418848705153
screw,thread_side,D:\Research\research-experiments\industrial-anomaly-detection\data\mvtec_ad\screw\test\thread_side\006.png,1,1.0,0,1,37.28004455566406,36.656472182855374,3.3131746323735807,0.18820993216465523,D:\Research\research-experiments\industrial-anomaly-detection\data\mvtec_ad\screw\ground_truth\thread_side\006_mask.png,4696,0.00447845458984375,-5.408477026399687
screw,thread_side,D:\Research\research-experiments\industrial-anomaly-detection\data\mvtec_ad\screw\test\thread_side\007.png,1,1.0,0,1,40.591129302978516,36.656472182855374,3.3131746323735807,1.187579151933904,D:\Research\research-experiments\industrial-anomaly-detection\data\mvtec_ad\screw\ground_truth\thread_side\007_mask.png,3887,0.0037069320678710938,-5.597550410581862
screw,thread_side,D:\Research\research-experiments\industrial-anomaly-detection\data\mvtec_ad\screw\test\thread_side\008.png,1,1.0,0,1,39.86764907836914,36.656472182855374,3.3131746323735807,0.9692145002369699,D:\Research\research-experiments\industrial-anomaly-detection\data\mvtec_ad\screw\ground_truth\thread_side\008_mask.png,2757,0.0026292800903320312,-5.941044819842936
screw,thread_side,D:\Research\research-experiments\industrial-anomaly-detection\data\mvtec_ad\screw\test\thread_side\009.png,1,1.0,0,1,39.44676971435547,36.656472182855374,3.3131746323735807,0.8421824507032116,D:\Research\research-experiments\industrial-anomaly-detection\data\mvtec_ad\screw\ground_truth\thread_side\009_mask.png,2577,0.0024576187133789062,-6.008561993648681
screw,thread_side,D:\Research\research-experiments\industrial-anomaly-detection\data\mvtec_ad\screw\test\thread_side\010.png,1,1.0,0,1,35.793190002441406,36.656472182855374,3.3131746323735807,-0.2605604220129824,D:\Research\research-experiments\industrial-anomaly-detection\data\mvtec_ad\screw\ground_truth\thread_side\010_mask.png,3097,0.0029535293579101562,-5.824754092647782
screw,thread_side,D:\Research\research-experiments\industrial-anomaly-detection\data\mvtec_ad\screw\test\thread_side\011.png,1,1.0,0,1,46.57611846923828,36.656472182855374,3.3131746323735807,2.9940004337400126,D:\Research\research-experiments\industrial-anomaly-detection\data\mvtec_ad\screw\ground_truth\thread_side\011_mask.png,1761,0.0016794204711914062,-6.389305907259379
screw,thread_side,D:\Research\research-experiments\industrial-anomaly-detection\data\mvtec_ad\screw\test\thread_side\012.png,1,1.0,0,1,40.29450607299805,36.656472182855374,3.3131746323735807,1.0980507500555021,D:\Research\research-experiments\industrial-anomaly-detection\data\mvtec_ad\screw\ground_truth\thread_side\012_mask.png,4231,0.004034996032714844,-5.512749712647151
screw,thread_side,D:\Research\research-experiments\industrial-anomaly-detection\data\mvtec_ad\screw\test\thread_side\013.png,1,1.0,0,1,36.08644104003906,36.656472182855374,3.3131746323735807,-0.17204983318610576,D:\Research\research-experiments\industrial-anomaly-detection\data\mvtec_ad\screw\ground_truth\thread_side\013_mask.png,1685,0.0016069412231445312,-6.433422146112341
screw,thread_side,D:\Research\research-experiments\industrial-anomaly-detection\data\mvtec_ad\screw\test\thread_side\014.png,1,1.0,0,1,41.337520599365234,36.656472182855374,3.3131746323735807,1.4128589452456133,D:\Research\research-experiments\industrial-anomaly-detection\data\mvtec_ad\screw\ground_truth\thread_side\014_mask.png,2720,0.002593994140625,-5.954556066403055
screw,thread_side,D:\Research\research-experiments\industrial-anomaly-detection\data\mvtec_ad\screw\test\thread_side\015.png,1,1.0,0,1,37.20802688598633,36.656472182855374,3.3131746323735807,0.16647317583009993,D:\Research\research-experiments\industrial-anomaly-detection\data\mvtec_ad\screw\ground_truth\thread_side\015_mask.png,2977,0.0028390884399414062,-5.864271897957461
screw,thread_side,D:\Research\research-experiments\industrial-anomaly-detection\data\mvtec_ad\screw\test\thread_side\016.png,1,1.0,0,1,36.70508575439453,36.656472182855374,3.3131746323735807,0.014672806879584797,D:\Research\research-experiments\industrial-anomaly-detection\data\mvtec_ad\screw\ground_truth\thread_side\016_mask.png,5564,0.005306243896484375,-5.238870869698365
screw,thread_side,D:\Research\research-experiments\industrial-anomaly-detection\data\mvtec_ad\screw\test\thread_side\017.png,1,1.0,0,1,40.574256896972656,36.656472182855374,3.3131746323735807,1.1824866325595866,D:\Research\research-experiments\industrial-anomaly-detection\data\mvtec_ad\screw\ground_truth\thread_side\017_mask.png,2901,0.0027666091918945312,-5.8901324656242755
screw,thread_side,D:\Research\research-experiments\industrial-anomaly-detection\data\mvtec_ad\screw\test\thread_side\018.png,1,1.0,0,1,40.577728271484375,36.656472182855374,3.3131746323735807,1.183534381289098,D:\Research\research-experiments\industrial-anomaly-detection\data\mvtec_ad\screw\ground_truth\thread_side\018_mask.png,2424,0.00231170654296875,-6.069768831428936
screw,thread_side,D:\Research\research-experiments\industrial-anomaly-detection\data\mvtec_ad\screw\test\thread_side\019.png,1,1.0,0,1,43.84148406982422,36.656472182855374,3.3131746323735807,2.168618525797855,D:\Research\research-experiments\industrial-anomaly-detection\data\mvtec_ad\screw\ground_truth\thread_side\019_mask.png,1207,0.0011510848999023438,-6.7670495213561015
screw,thread_side,D:\Research\research-experiments\industrial-anomaly-detection\data\mvtec_ad\screw\test\thread_side\020.png,1,1.0,0,1,40.77820587158203,36.656472182855374,3.3131746323735807,1.2440435974767254,D:\Research\research-experiments\industrial-anomaly-detection\data\mvtec_ad\screw\ground_truth\thread_side\020_mask.png,1601,0.0015268325805664062,-6.48455924325175
screw,thread_side,D:\Research\research-experiments\industrial-anomaly-detection\data\mvtec_ad\screw\test\thread_side\021.png,1,1.0,0,1,36.85176086425781,36.656472182855374,3.3131746323735807,0.05894306913201615,D:\Research\research-experiments\industrial-anomaly-detection\data\mvtec_ad\screw\ground_truth\thread_side\021_mask.png,3364,0.003208160400390625,-5.7420572784010036
screw,thread_side,D:\Research\research-experiments\industrial-anomaly-detection\data\mvtec_ad\screw\test\thread_side\022.png,1,1.0,0,1,45.30799865722656,36.656472182855374,3.3131746323735807,2.6112497632438942,D:\Research\research-experiments\industrial-anomaly-detection\data\mvtec_ad\screw\ground_truth\thread_side\022_mask.png,3904,0.00372314453125,-5.593186395075795
screw,thread_top,D:\Research\research-experiments\industrial-anomaly-detection\data\mvtec_ad\screw\test\thread_top\000.png,1,1.0,0,1,44.285423278808594,36.656472182855374,3.3131746323735807,2.3026106204633674,D:\Research\research-experiments\industrial-anomaly-detection\data\mvtec_ad\screw\ground_truth\thread_top\000_mask.png,6803,0.006487846374511719,-5.037824486719504
screw,thread_top,D:\Research\research-experiments\industrial-anomaly-detection\data\mvtec_ad\screw\test\thread_top\001.png,1,1.0,0,1,43.3911247253418,36.656472182855374,3.3131746323735807,2.0326886716688617,D:\Research\research-experiments\industrial-anomaly-detection\data\mvtec_ad\screw\ground_truth\thread_top\001_mask.png,6387,0.006091117858886719,-5.100923493463853
screw,thread_top,D:\Research\research-experiments\industrial-anomaly-detection\data\mvtec_ad\screw\test\thread_top\002.png,1,1.0,0,1,37.74715042114258,36.656472182855374,3.3131746323735807,0.3291943103843683,D:\Research\research-experiments\industrial-anomaly-detection\data\mvtec_ad\screw\ground_truth\thread_top\002_mask.png,6084,0.005802154541015625,-5.149525785469968
screw,thread_top,D:\Research\research-experiments\industrial-anomaly-detection\data\mvtec_ad\screw\test\thread_top\003.png,1,1.0,0,1,35.84794235229492,36.656472182855374,3.3131746323735807,-0.24403477639245844,D:\Research\research-experiments\industrial-anomaly-detection\data\mvtec_ad\screw\ground_truth\thread_top\003_mask.png,4646,0.0044307708740234375,-5.419181472174216
screw,thread_top,D:\Research\research-experiments\industrial-anomaly-detection\data\mvtec_ad\screw\test\thread_top\004.png,1,1.0,0,1,43.42433166503906,36.656472182855374,3.3131746323735807,2.0427113669330335,D:\Research\research-experiments\industrial-anomaly-detection\data\mvtec_ad\screw\ground_truth\thread_top\004_mask.png,6696,0.00638580322265625,-5.0536778424322355
screw,thread_top,D:\Research\research-experiments\industrial-anomaly-detection\data\mvtec_ad\screw\test\thread_top\005.png,1,1.0,0,1,43.50590515136719,36.656472182855374,3.3131746323735807,2.067332310704321,D:\Research\research-experiments\industrial-anomaly-detection\data\mvtec_ad\screw\ground_truth\thread_top\005_mask.png,10599,0.010107994079589844,-4.594428576240059
screw,thread_top,D:\Research\research-experiments\industrial-anomaly-detection\data\mvtec_ad\screw\test\thread_top\006.png,1,1.0,0,1,40.417686462402344,36.656472182855374,3.3131746323735807,1.1352297107419327,D:\Research\research-experiments\industrial-anomaly-detection\data\mvtec_ad\screw\ground_truth\thread_top\006_mask.png,7649,0.007294654846191406,-4.920613274790371
screw,thread_top,D:\Research\research-experiments\industrial-anomaly-detection\data\mvtec_ad\screw\test\thread_top\007.png,1,1.0,0,1,47.618431091308594,36.656472182855374,3.3131746323735807,3.308596776439761,D:\Research\research-experiments\industrial-anomaly-detection\data\mvtec_ad\screw\ground_truth\thread_top\007_mask.png,6834,0.0065174102783203125,-5.033278025088504
screw,thread_top,D:\Research\research-experiments\industrial-anomaly-detection\data\mvtec_ad\screw\test\thread_top\008.png,1,1.0,0,1,36.767234802246094,36.656472182855374,3.3131746323735807,0.033430963254529183,D:\Research\research-experiments\industrial-anomaly-detection\data\mvtec_ad\screw\ground_truth\thread_top\008_mask.png,5620,0.005359649658203125,-5.228856481731827
screw,thread_top,D:\Research\research-experiments\industrial-anomaly-detection\data\mvtec_ad\screw\test\thread_top\009.png,1,1.0,0,1,45.64898681640625,36.656472182855374,3.3131746323735807,2.7141686241598975,D:\Research\research-experiments\industrial-anomaly-detection\data\mvtec_ad\screw\ground_truth\thread_top\009_mask.png,4056,0.00386810302734375,-5.554990807403266
screw,thread_top,D:\Research\research-experiments\industrial-anomaly-detection\data\mvtec_ad\screw\test\thread_top\010.png,1,1.0,0,1,41.37362289428711,36.656472182855374,3.3131746323735807,1.4237555320325317,D:\Research\research-experiments\industrial-anomaly-detection\data\mvtec_ad\screw\ground_truth\thread_top\010_mask.png,5418,0.0051670074462890625,-5.265461395018263
screw,thread_top,D:\Research\research-experiments\industrial-anomaly-detection\data\mvtec_ad\screw\test\thread_top\011.png,1,1.0,0,1,44.51055145263672,36.656472182855374,3.3131746323735807,2.3705600040027557,D:\Research\research-experiments\industrial-anomaly-detection\data\mvtec_ad\screw\ground_truth\thread_top\011_mask.png,5075,0.004839897155761719,-5.3308616006729785
screw,thread_top,D:\Research\research-experiments\industrial-anomaly-detection\data\mvtec_ad\screw\test\thread_top\012.png,1,1.0,0,1,41.91582107543945,36.656472182855374,3.3131746323735807,1.5874046726043674,D:\Research\research-experiments\industrial-anomaly-detection\data\mvtec_ad\screw\ground_truth\thread_top\012_mask.png,1275,0.0012159347534179688,-6.712241331194169
screw,thread_top,D:\Research\research-experiments\industrial-anomaly-detection\data\mvtec_ad\screw\test\thread_top\013.png,1,1.0,0,1,41.52629852294922,36.656472182855374,3.3131746323735807,1.4698369028031184,D:\Research\research-experiments\industrial-anomaly-detection\data\mvtec_ad\screw\ground_truth\thread_top\013_mask.png,3005,0.0028657913208007812,-5.854910415285898
screw,thread_top,D:\Research\research-experiments\industrial-anomaly-detection\data\mvtec_ad\screw\test\thread_top\014.png,1,1.0,0,1,40.930992126464844,36.656472182855374,3.3131746323735807,1.290158358041989,D:\Research\research-experiments\industrial-anomaly-detection\data\mvtec_ad\screw\ground_truth\thread_top\014_mask.png,4905,0.004677772521972656,-5.364933025422503
screw,thread_top,D:\Research\research-experiments\industrial-anomaly-detection\data\mvtec_ad\screw\test\thread_top\015.png,1,1.0,0,1,42.46976089477539,36.656472182855374,3.3131746323735807,1.7545977369008579,D:\Research\research-experiments\industrial-anomaly-detection\data\mvtec_ad\screw\ground_truth\thread_top\015_mask.png,3769,0.0035943984985351562,-5.628378339721143
screw,thread_top,D:\Research\research-experiments\industrial-anomaly-detection\data\mvtec_ad\screw\test\thread_top\016.png,1,1.0,0,1,44.039737701416016,36.656472182855374,3.3131746323735807,2.228456491975257,D:\Research\research-experiments\industrial-anomaly-detection\data\mvtec_ad\screw\ground_truth\thread_top\016_mask.png,4124,0.003932952880859375,-5.538364511800206
screw,thread_top,D:\Research\research-experiments\industrial-anomaly-detection\data\mvtec_ad\screw\test\thread_top\017.png,1,1.0,0,1,40.88629913330078,36.656472182855374,3.3131746323735807,1.2766688809925875,D:\Research\research-experiments\industrial-anomaly-detection\data\mvtec_ad\screw\ground_truth\thread_top\017_mask.png,1161,0.0011072158813476562,-6.805905726335187
screw,thread_top,D:\Research\research-experiments\industrial-anomaly-detection\data\mvtec_ad\screw\test\thread_top\018.png,1,1.0,0,1,40.8370246887207,36.656472182855374,3.3131746323735807,1.2617966058946772,D:\Research\research-experiments\industrial-anomaly-detection\data\mvtec_ad\screw\ground_truth\thread_top\018_mask.png,5585,0.005326271057128906,-5.23510371194701
screw,thread_top,D:\Research\research-experiments\industrial-anomaly-detection\data\mvtec_ad\screw\test\thread_top\019.png,1,1.0,0,1,45.01130676269531,36.656472182855374,3.3131746323735807,2.521700636665348,D:\Research\research-experiments\industrial-anomaly-detection\data\mvtec_ad\screw\ground_truth\thread_top\019_mask.png,7792,0.0074310302734375,-4.902090631305702
screw,thread_top,D:\Research\research-experiments\industrial-anomaly-detection\data\mvtec_ad\screw\test\thread_top\020.png,1,1.0,0,1,49.16228485107422,36.656472182855374,3.3131746323735807,3.7745709344815297,D:\Research\research-experiments\industrial-anomaly-detection\data\mvtec_ad\screw\ground_truth\thread_top\020_mask.png,6790,0.0064754486083984375,-5.039737236216721
screw,thread_top,D:\Research\research-experiments\industrial-anomaly-detection\data\mvtec_ad\screw\test\thread_top\021.png,1,1.0,0,1,42.88247299194336,36.656472182855374,3.3131746323735807,1.8791646984896888,D:\Research\research-experiments\industrial-anomaly-detection\data\mvtec_ad\screw\ground_truth\thread_top\021_mask.png,5326,0.0050792694091796875,-5.28258764794634
screw,thread_top,D:\Research\research-experiments\industrial-anomaly-detection\data\mvtec_ad\screw\test\thread_top\022.png,1,1.0,0,1,46.69082260131836,36.656472182855374,3.3131746323735807,3.028621045330867,D:\Research\research-experiments\industrial-anomaly-detection\data\mvtec_ad\screw\ground_truth\thread_top\022_mask.png,4004,0.003818511962890625,-5.567894208881712
