category,defect_type,image_path,seed,alpha,is_good,gt_label,anomaly_score,good_mean,good_std,z_score,mask_path,area_pixels,area_ratio,log_area_ratio
grid,good,D:\Research\research-experiments\industrial-anomaly-detection\data\mvtec_ad\grid\test\good\000.png,2,0.0,1,0,25.169269561767578,27.93796884445917,2.4092633182407437,-1.1491891574198336,,,,
grid,good,D:\Research\research-experiments\industrial-anomaly-detection\data\mvtec_ad\grid\test\good\001.png,2,0.0,1,0,30.522377014160156,27.93796884445917,2.4092633182407437,1.0726964338576879,,,,
grid,good,D:\Research\research-experiments\industrial-anomaly-detection\data\mvtec_ad\grid\test\good\002.png,2,0.0,1,0,25.662858963012695,27.93796884445917,2.4092633182407437,-0.9443176527121047,,,,
grid,good,D:\Research\research-experiments\industrial-anomaly-detection\data\mvtec_ad\grid\test\good\003.png,2,0.0,1,0,30.65899085998535,27.93796884445917,2.4092633182407437,1.1294000099221553,,,,
grid,good,D:\Research\research-experiments\industrial-anomaly-detection\data\mvtec_ad\grid\test\good\004.png,2,0.0,1,0,28.708877563476562,27.93796884445917,2.4092633182407437,0.3199769461398322,,,,
grid,good,D:\Research\research-experiments\industrial-anomaly-detection\data\mvtec_ad\grid\test\good\005.png,2,0.0,1,0,29.143152236938477,27.93796884445917,2.4092633182407437,0.500229005005288,,,,
grid,good,D:\Research\research-experiments\industrial-anomaly-detection\data\mvtec_ad\grid\test\good\006.png,2,0.0,1,0,32.705501556396484,27.93796884445917,2.4092633182407437,1.9788342253177167,,,,
grid,good,D:\Research\research-experiments\industrial-anomaly-detection\data\mvtec_ad\grid\test\good\007.png,2,0.0,1,0,26.272506713867188,27.93796884445917,2.4092633182407437,-0.6912744314756397,,,,
grid,good,D:\Research\research-experiments\industrial-anomaly-detection\data\mvtec_ad\grid\test\good\008.png,2,0.0,1,0,27.55780792236328,27.93796884445917,2.4092633182407437,-0.15779135440184466,,,,
grid,good,D:\Research\research-experiments\industrial-anomaly-detection\data\mvtec_ad\grid\test\good\009.png,2,0.0,1,0,26.86640739440918,27.93796884445917,2.4092633182407437,-0.4447672622320298,,,,
grid,good,D:\Research\research-experiments\industrial-anomaly-detection\data\mvtec_ad\grid\test\good\010.png,2,0.0,1,0,25.53362464904785,27.93796884445917,2.4092633182407437,-0.9979582460778855,,,,
grid,good,D:\Research\research-experiments\industrial-anomaly-detection\data\mvtec_ad\grid\test\good\011.png,2,0.0,1,0,27.8395938873291,27.93796884445917,2.4092633182407437,-0.040831965682316146,,,,
grid,good,D:\Research\research-experiments\industrial-anomaly-detection\data\mvtec_ad\grid\test\good\012.png,2,0.0,1,0,27.775510787963867,27.93796884445917,2.4092633182407437,-0.06743059393521636,,,,
grid,good,D:\Research\research-experiments\industrial-anomaly-detection\data\mvtec_ad\grid\test\good\013.png,2,0.0,1,0,24.504972457885742,27.93796884445917,2.4092633182407437,-1.424915392428014,,,,
grid,good,D:\Research\research-experiments\industrial-anomaly-detection\data\mvtec_ad\grid\test\good\014.png,2,0.0,1,0,26.154523849487305,27.93796884445917,2.4092633182407437,-0.7402449460253048,,,,
grid,good,D:\Research\research-experiments\industrial-anomaly-detection\data\mvtec_ad\grid\test\good\015.png,2,0.0,1,0,26.709482192993164,27.93796884445917,2.4092633182407437,-0.5099013636928046,,,,
grid,good,D:\Research\research-experiments\industrial-anomaly-detection\data\mvtec_ad\grid\test\good\016.png,2,0.0,1,0,28.440473556518555,27.93796884445917,2.4092633182407437,0.20857193493748763,,,,
grid,good,D:\Research\research-experiments\industrial-anomaly-detection\data\mvtec_ad\grid\test\good\017.png,2,0.0,1,0,27.167882919311523,27.93796884445917,2.4092633182407437,-0.31963543350253965,,,,
grid,good,D:\Research\research-experiments\industrial-anomaly-detection\data\mvtec_ad\grid\test\good\018.png,2,0.0,1,0,34.02111053466797,27.93796884445917,2.4092633182407437,2.524896985793458,,,,
grid,good,D:\Research\research-experiments\industrial-anomaly-detection\data\mvtec_ad\grid\test\good\019.png,2,0.0,1,0,27.690372467041016,27.93796884445917,2.4092633182407437,-0.10276850004048177,,,,
grid,good,D:\Research\research-experiments\industrial-anomaly-detection\data\mvtec_ad\grid\test\good\020.png,2,0.0,1,0,27.59204864501953,27.93796884445917,2.4092633182407437,-0.14357924134761332,,,,
grid,bent,D:\Research\research-experiments\industrial-anomaly-detection\data\mvtec_ad\grid\test\bent\000.png,2,0.0,0,1,34.935707092285156,27.93796884445917,2.4092633182407437,2.9045136722273135,D:\Research\research-experiments\industrial-anomaly-detection\data\mvtec_ad\grid\ground_truth\bent\000_mask.png,5460,0.005207061767578125,-5.257739350413088
grid,bent,D:\Research\research-experiments\industrial-anomaly-detection\data\mvtec_ad\grid\test\bent\001.png,2,0.0,0,1,46.335914611816406,27.93796884445917,2.4092633182407437,7.6363366461709585,D:\Research\research-experiments\industrial-anomaly-detection\data\mvtec_ad\grid\ground_truth\bent\001_mask.png,4554,0.0043430328369140625,-5.439182134321405
grid,bent,D:\Research\research-experiments\industrial-anomaly-detection\data\mvtec_ad\grid\test\bent\002.png,2,0.0,0,1,39.52988052368164,27.93796884445917,2.4092633182407437,4.81139259102942,D:\Research\research-experiments\industrial-anomaly-detection\data\mvtec_ad\grid\ground_truth\bent\002_mask.png,4315,0.004115104675292969,-5.493090764674223
grid,bent,D:\Research\research-experiments\industrial-anomaly-detection\data\mvtec_ad\grid\test\bent\003.png,2,0.0,0,1,51.82646942138672,27.93796884445917,2.4092633182407437,9.915271774598326,D:\Research\research-experiments\industrial-anomaly-detection\data\mvtec_ad\grid\ground_truth\bent\003_mask.png,7860,0.007495880126953125,-4.893401592369047
grid,bent,D:\Research\research-experiments\industrial-anomaly-detection\data\mvtec_ad\grid\test\bent\004.png,2,0.0,0,1,39.63363265991211,27.93796884445917,2.4092633182407437,4.8544564335928095,D:\Research\research-experiments\industrial-anomaly-detection\data\mvtec_ad\grid\ground_truth\bent\004_mask.png,8709,0.008305549621582031,-4.79083123810475
grid,bent,D:\Research\research-experiments\industrial-anomaly-detection\data\mvtec_ad\grid\test\bent\005.png,2,0.0,0,1,45.48966979980469,27.93796884445917,2.4092633182407437,7.285090352083996,D:\Research\research-experiments\industrial-anomaly-detection\data\mvtec_ad\grid\ground_truth\bent\005_mask.png,14959,0.014266014099121094,-4.249875136727783
grid,bent,D:\Research\research-experiments\industrial-anomaly-detection\data\mvtec_ad\grid\test\bent\006.png,2,0.0,0,1,46.03901290893555,27.93796884445917,2.4092633182407437,7.513103249209742,D:\Research\research-experiments\industrial-anomaly-detection\data\mvtec_ad\grid\ground_truth\bent\006_mask.png,22629,0.02158069610595703,-3.8359560163394586
grid,bent,D:\Research\research-experiments\industrial-anomaly-detection\data\mvtec_ad\grid\test\bent\007.png,2,0.0,0,1,38.198570251464844,27.93796884445917,2.4092633182407437,4.258812778711966,D:\Research\research-experiments\industrial-anomaly-detection\data\mvtec_ad\grid\ground_truth\bent\007_mask.png,11967,0.011412620544433594,-4.473035383003099
grid,bent,D:\Research\research-experiments\industrial-anomaly-detection\data\mvtec_ad\grid\test\bent\008.png,2,0.0,0,1,37.55072021484375,27.93796884445917,2.4092633182407437,3.9899131396745204,D:\Research\research-experiments\industrial-anomaly-detection\data\mvtec_ad\grid\ground_truth\bent\008_mask.png,6220,0.005931854248046875,-5.1274182568843445
grid,bent,D:\Research\research-experiments\industrial-anomaly-detection\data\mvtec_ad\grid\test\bent\009.png,2,0.0,0,1,44.41609573364258,27.93796884445917,2.4092633182407437,6.839487724079832,D:\Research\research-experiments\industrial-anomaly-detection\data\mvtec_ad\grid\ground_truth\bent\009_mask.png,14468,0.013797760009765625,-4.283248945651388
grid,bent,D:\Research\research-experiments\industrial-anomaly-detection\data\mvtec_ad\grid\test\bent\010.png,2,0.0,0,1,48.48301315307617,27.93796884445917,2.4092633182407437,8.527521318682217,D:\Research\research-experiments\industrial-anomaly-detection\data\mvtec_ad\grid\ground_truth\bent\010_mask.png,19594,0.018686294555664062,-3.9799648817791624
grid,bent,D:\Research\research-experiments\industrial-anomaly-detection\data\mvtec_ad\grid\test\bent\011.png,2,0.0,0,1,48.885169982910156,27.93796884445917,2.4092633182407437,8.694442396502653,D:\Research\research-experiments\industrial-anomaly-detection\data\mvtec_ad\grid\ground_truth\bent\011_mask.png,15136,0.014434814453125,-4.2381122506302935
grid,broken,D:\Research\research-experiments\industrial-anomaly-detection\data\mvtec_ad\grid\test\broken\000.png,2,0.0,0,1,41.80235290527344,27.93796884445917,2.4092633182407437,5.754615510826816,D:\Research\research-experiments\industrial-anomaly-detection\data\mvtec_ad\grid\ground_truth\broken\000_mask.png,7428,0.007083892822265625,-4.9499315475609995
grid,broken,D:\Research\research-experiments\industrial-anomaly-detection\data\mvtec_ad\grid\test\broken\001.png,2,0.0,0,1,59.33964920043945,27.93796884445917,2.4092633182407437,13.03372699788994,D:\Research\research-experiments\industrial-anomaly-detection\data\mvtec_ad\grid\ground_truth\broken\001_mask.png,24376,0.02324676513671875,-3.7615892475166244
grid,broken,D:\Research\research-experiments\industrial-anomaly-detection\data\mvtec_ad\grid\test\broken\002.png,2,0.0,0,1,40.68031311035156,27.93796884445917,2.4092633182407437,5.288896472801037,D:\Research\research-experiments\industrial-anomaly-detection\data\mvtec_ad\grid\ground_truth\broken\002_mask.png,2682,0.0025577545166015625,-5.968625156389424
grid,broken,D:\Research\research-experiments\industrial-anomaly-detection\data\mvtec_ad\grid\test\broken\003.png,2,0.0,0,1,51.953861236572266,27.93796884445917,2.4092633182407437,9.96814761188064,D:\Research\research-experiments\industrial-anomaly-detection\data\mvtec_ad\grid\ground_truth\broken\003_mask.png,11860,0.011310577392578125,-4.482016850234378
grid,broken,D:\Research\research-experiments\industrial-anomaly-detection\data\mvtec_ad\grid\test\broken\004.png,2,0.0,0,1,55.16856002807617,27.93796884445917,2.4092633182407437,11.30245539267203,D:\Research\research-experiments\industrial-anomaly-detection\data\mvtec_ad\grid\ground_truth\broken\004_mask.png,4616,0.00440216064453125,-5.425659575849818
grid,broken,D:\Research\research-experiments\industrial-anomaly-detection\data\mvtec_ad\grid\test\broken\005.png,2,0.0,0,1,41.5253791809082,27.93796884445917,2.4092633182407437,5.639653512996092,D:\Research\research-experiments\industrial-anomaly-detection\data\mvtec_ad\grid\ground_truth\broken\005_mask.png,6628,0.006320953369140625,-5.063885074448482
grid,broken,D:\Research\research-experiments\industrial-anomaly-detection\data\mvtec_ad\grid\test\broken\006.png,2,0.0,0,1,47.08000564575195,27.93796884445917,2.4092633182407437,7.945182519638574,D:\Research\research-experiments\industrial-anomaly-detection\data\mvtec_ad\grid\ground_truth\broken\006_mask.png,5489,0.005234718322753906,-5.2524420516167885
grid,broken,D:\Research\research-experiments\industrial-anomaly-detection\data\mvtec_ad\grid\test\broken\007.png,2,0.0,0,1,44.50331497192383,27.93796884445917,2.4092633182407437,6.875689345389095,D:\Research\research-experiments\industrial-anomaly-detection\data\mvtec_ad\grid\ground_truth\broken\007_mask.png,4852,0.004627227783203125,-5.37579712502287
grid,broken,D:\Research\research-experiments\industrial-anomaly-detection\data\mvtec_ad\grid\test\broken\008.png,2,0.0,0,1,34.94089126586914,27.93796884445917,2.4092633182407437,2.9066654393441476,D:\Research\research-experiments\industrial-anomaly-detection\data\mvtec_ad\grid\ground_truth\broken\008_mask.png,4135,0.003943443298339844,-5.535700750155657
grid,broken,D:\Research\research-experiments\industrial-anomaly-detection\data\mvtec_ad\grid\test\broken\009.png,2,0.0,0,1,52.733585357666016,27.93796884445917,2.4092633182407437,10.291783519666389,D:\Research\research-experiments\industrial-anomaly-detection\data\mvtec_ad\grid\ground_truth\broken\009_mask.png,6307,0.006014823913574219,-5.113528038279362
grid,broken,D:\Research\research-experiments\industrial-anomaly-detection\data\mvtec_ad\grid\test\broken\010.png,2,0.0,0,1,48.670650482177734,27.93796884445917,2.4092633182407437,8.60540293821336,D:\Research\research-experiments\industrial-anomaly-detection\data\mvtec_ad\grid\ground_truth\broken\010_mask.png,5170,0.0049304962158203125,-5.31231544087711
grid,broken,D:\Research\research-experiments\industrial-anomaly-detection\data\mvtec_ad\grid\test\broken\011.png,2,0.0,0,1,45.148983001708984,27.93796884445917,2.4092633182407437,7.143683310555438,D:\Research\research-experiments\industrial-anomaly-detection\data\mvtec_ad\grid\ground_truth\broken\011_mask.png,4002,0.0038166046142578125,-5.5683938340422685
grid,glue,D:\Research\research-experiments\industrial-anomaly-detection\data\mvtec_ad\grid\test\glue\000.png,2,0.0,0,1,38.12672805786133,27.93796884445917,2.4092633182407437,4.228993624840493,D:\Research\research-experiments\industrial-anomaly-detection\data\mvtec_ad\grid\ground_truth\glue\000_mask.png,5771,0.005503654479980469,-5.2023427747905036
grid,glue,D:\Research\research-experiments\industrial-anomaly-detection\data\mvtec_ad\grid\test\glue\001.png,2,0.0,0,1,30.909961700439453,27.93796884445917,2.4092633182407437,1.233569130231247,D:\Research\research-experiments\industrial-anomaly-detection\data\mvtec_ad\grid\ground_truth\glue\001_mask.png,5019,0.004786491394042969,-5.341957412622695
grid,glue,D:\Research\research-experiments\industrial-anomaly-detection\data\mvtec_ad\grid\test\glue\002.png,2,0.0,0,1,39.30527877807617,27.93796884445917,2.4092633182407437,4.718168349451096,D:\Research\research-experiments\industrial-anomaly-detection\data\mvtec_ad\grid\ground_truth\glue\002_mask.png,5399,0.005148887634277344,-5.268974386763931
grid,glue,D:\Research\research-experiments\industrial-anomaly-detection\data\mvtec_ad\grid\test\glue\003.png,2,0.0,0,1,39.066375732421875,27.93796884445917,2.4092633182407437,4.61900814398682,D:\Research\research-experiments\industrial-anomaly-detection\data\mvtec_ad\grid\ground_truth\glue\003_mask.png,4794,0.0045719146728515625,-5.3878229774778585
grid,glue,D:\Research\research-experiments\industrial-anomaly-detection\data\mvtec_ad\grid\test\glue\004.png,2,0.0,0,1,37.279659271240234,27.93796884445917,2.4092633182407437,3.8774053280329746,D:\Research\research-experiments\industrial-anomaly-detection\data\mvtec_ad\grid\ground_truth\glue\004_mask.png,7696,0.0073394775390625,-4.914487482603893
grid,glue,D:\Research\research-experiments\industrial-anomaly-detection\data\mvtec_ad\grid\test\glue\005.png,2,0.0,0,1,43.765480041503906,27.93796884445917,2.4092633182407437,6.569440159244222,D:\Research\research-experiments\industrial-anomaly-detection\data\mvtec_ad\grid\ground_truth\glue\005_mask.png,2542,0.0024242401123046875,-6.022236746949199
grid,glue,D:\Research\research-experiments\industrial-anomaly-detection\data\mvtec_ad\grid\test\glue\006.png,2,0.0,0,1,32.824249267578125,27.93796884445917,2.4092633182407437,2.0281222007260467,D:\Research\research-experiments\industrial-anomaly-detection\data\mvtec_ad\grid\ground_truth\glue\006_mask.png,4838,0.0046138763427734375,-5.3786867032914625
grid,glue,D:\Research\research-experiments\industrial-anomaly-detection\data\mvtec_ad\grid\test\glue\007.png,2,0.0,0,1,36.00273513793945,27.93796884445917,2.4092633182407437,3.347399278618169,D:\Research\research-experiments\industrial-anomaly-detection\data\mvtec_ad\grid\ground_truth\glue\007_mask.png,5125,0.004887580871582031,-5.321057602592123
grid,glue,D:\Research\research-experiments\industrial-anomaly-detection\data\mvtec_ad\grid\test\glue\008.png,2,0.0,0,1,28.300159454345703,27.93796884445917,2.4092633182407437,0.15033251332237352,D:\Research\research-experiments\industrial-anomaly-detection\data\mvtec_ad\grid\ground_truth\glue\008_mask.png,2384,0.0022735595703125,-6.086408143174836
grid,glue,D:\Research\research-experiments\industrial-anomaly-detection\data\mvtec_ad\grid\test\glue\009.png,2,0.0,0,1,44.34926223754883,27.93796884445917,2.4092633182407437,6.811747503412482,D:\Research\research-experiments\industrial-anomaly-detection\data\mvtec_ad\grid\ground_truth\glue\009_mask.png,6548,0.006244659423828125,-5.076028512571058
grid,glue,D:\Research\research-experiments\industrial-anomaly-detection\data\mvtec_ad\grid\test\glue\010.png,2,0.0,0,1,43.92570877075195,27.93796884445917,2.4092633182407437,6.63594543827908,D:\Research\research-experiments\industrial-anomaly-detection\data\mvtec_ad\grid\ground_truth\glue\010_mask.png,6811,0.006495475769042969,-5.036649226004289
grid,metal_contamination,D:\Research\research-experiments\industrial-anomaly-detection\data\mvtec_ad\grid\test\metal_contamination\000.png,2,0.0,0,1,46.36129379272461,27.93796884445917,2.4092633182407437,7.64687064663328,D:\Research\research-experiments\industrial-anomaly-detection\data\mvtec_ad\grid\ground_truth\metal_contamination\000_mask.png,2624,0.00250244140625,-5.990488061525251
grid,metal_contamination,D:\Research\research-experiments\industrial-anomaly-detection\data\mvtec_ad\grid\test\metal_contamination\001.png,2,0.0,0,1,52.33116912841797,27.93796884445917,2.4092633182407437,10.124754774322815,D:\Research\research-experiments\industrial-anomaly-detection\data\mvtec_ad\grid\ground_truth\metal_contamination\001_mask.png,7452,0.007106781005859375,-4.946705738766755
grid,metal_contamination,D:\Research\research-experiments\industrial-anomaly-detection\data\mvtec_ad\grid\test\metal_contamination\002.png,2,0.0,0,1,57.979103088378906,27.93796884445917,2.4092633182407437,12.469012422376448,D:\Research\research-experiments\industrial-anomaly-detection\data\mvtec_ad\grid\ground_truth\metal_contamination\002_mask.png,4647,0.004431724548339844,-5.418966256468161
grid,metal_contamination,D:\Research\research-experiments\industrial-anomaly-detection\data\mvtec_ad\grid\test\metal_contamination\003.png,2,0.0,0,1,45.397464752197266,27.93796884445917,2.4092633182407437,7.246819297646182,D:\Research\research-experiments\industrial-anomaly-detection\data\mvtec_ad\grid\ground_truth\metal_contamination\003_mask.png,8548,0.008152008056640625,-4.809490872090713
grid,metal_contamination,D:\Research\research-experiments\industrial-anomaly-detection\data\mvtec_ad\grid\test\metal_contamination\004.png,2,0.0,0,1,44.32963180541992,27.93796884445917,2.4092633182407437,6.803599605264412,D:\Research\research-experiments\industrial-anomaly-detection\data\mvtec_ad\grid\ground_truth\metal_contamination\004_mask.png,4391,0.004187583923339844,-5.475631101836033
grid,metal_contamination,D:\Research\research-experiments\industrial-anomaly-detection\data\mvtec_ad\grid\test\metal_contamination\005.png,2,0.0,0,1,46.93962860107422,27.93796884445917,2.4092633182407437,7.886916972815639,D:\Research\research-experiments\industrial-anomaly-detection\data\mvtec_ad\grid\ground_truth\metal_contamination\005_mask.png,4072,0.00388336181640625,-5.551053795459739
grid,metal_contamination,D:\Research\research-experiments\industrial-anomaly-detection\data\mvtec_ad\grid\test\metal_contamination\006.png,2,0.0,0,1,40.43157958984375,27.93796884445917,2.4092633182407437,5.185655984879012,D:\Research\research-experiments\industrial-anomaly-detection\data\mvtec_ad\grid\ground_truth\metal_contamination\006_mask.png,3131,0.0029859542846679688,-5.813835554971247
grid,metal_contamination,D:\Research\research-experiments\industrial-anomaly-detection\data\mvtec_ad\grid\test\metal_contamination\007.png,2,0.0,0,1,36.924400329589844,27.93796884445917,2.4092633182407437,3.729949905057539,D:\Research\research-experiments\industrial-anomaly-detection\data\mvtec_ad\grid\ground_truth\metal_contamination\007_mask.png,1976,0.00188446044921875,-6.274113202235363
grid,metal_contamination,D:\Research\research-experiments\industrial-anomaly-detection\data\mvtec_ad\grid\test\metal_contamination\008.png,2,0.0,0,1,45.9783821105957,27.93796884445917,2.4092633182407437,7.487937549022136,D:\Research\research-experiments\industrial-anomaly-detection\data\mvtec_ad\grid\ground_truth\metal_contamination\008_mask.png,4243,0.004046440124511719,-5.509917518865808
grid,metal_contamination,D:\Research\research-experiments\industrial-anomaly-detection\data\mvtec_ad\grid\test\metal_contamination\009.png,2,0.0,0,1,35.22722244262695,27.93796884445917,2.4092633182407437,3.0255113847374857,D:\Research\research-experiments\industrial-anomaly-detection\data\mvtec_ad\grid\ground_truth\metal_contamination\009_mask.png,4249,0.004052162170410156,-5.508504424302294
grid,metal_contamination,D:\Research\research-experiments\industrial-anomaly-detection\data\mvtec_ad\grid\test\metal_contamination\010.png,2,0.0,0,1,42.890655517578125,27.93796884445917,2.4092633182407437,6.206331437460926,D:\Research\research-experiments\industrial-anomaly-detection\data\mvtec_ad\grid\ground_truth\metal_contamination\010_mask.png,5163,0.004923820495605469,-5.313670323224953
grid,thread,D:\Research\research-experiments\industrial-anomaly-detection\data\mvtec_ad\grid\test\thread\000.png,2,0.0,0,1,45.14881134033203,27.93796884445917,2.4092633182407437,7.143612059988655,D:\Research\research-experiments\industrial-anomaly-detection\data\mvtec_ad\grid\ground_truth\thread\000_mask.png,7354,0.0070133209228515625,-4.9599438067518955
grid,thread,D:\Research\research-experiments\industrial-anomaly-detection\data\mvtec_ad\grid\test\thread\001.png,2,0.0,0,1,58.57033157348633,27.93796884445917,2.4092633182407437,12.714410457797143,D:\Research\research-experiments\industrial-anomaly-detection\data\mvtec_ad\grid\ground_truth\thread\001_mask.png,14256,0.0135955810546875,-4.298010387935007
grid,thread,D:\Research\research-experiments\industrial-anomaly-detection\data\mvtec_ad\grid\test\thread\002.png,2,0.0,0,1,36.586143493652344,27.93796884445917,2.4092633182407437,3.5895514548854353,D:\Research\research-experiments\industrial-anomaly-detection\data\mvtec_ad\grid\ground_truth\thread\002_mask.png,15995,0.015254020690917969,-4.182912093258803
grid,thread,D:\Research\research-experiments\industrial-anomaly-detection\data\mvtec_ad\grid\test\thread\003.png,2,0.0,0,1,33.348602294921875,27.93796884445917,2.4092633182407437,2.2457625986741774,D:\Research\research-experiments\industrial-anomaly-detection\data\mvtec_ad\grid\ground_truth\thread\003_mask.png,18349,0.01749897003173828,-4.045613197967734
grid,thread,D:\Research\research-experiments\industrial-anomaly-detection\data\mvtec_ad\grid\test\thread\004.png,2,0.0,0,1,40.77390670776367,27.93796884445917,2.4092633182407437,5.327743865156826,D:\Research\research-experiments\industrial-anomaly-detection\data\mvtec_ad\grid\ground_truth\thread\004_mask.png,32883,0.03135967254638672,-3.4622324934269857
grid,thread,D:\Research\research-experiments\industrial-anomaly-detection\data\mvtec_ad\grid\test\thread\005.png,2,0.0,0,1,54.884178161621094,27.93796884445917,2.4092633182407437,11.184418537048156,D:\Research\research-experiments\industrial-anomaly-detection\data\mvtec_ad\grid\ground_truth\thread\005_mask.png,15724,0.014995574951171875,-4.2000000579708185
grid,thread,D:\Research\research-experiments\industrial-anomaly-detection\data\mvtec_ad\grid\test\thread\006.png,2,0.0,0,1,39.538970947265625,27.93796884445917,2.4092633182407437,4.81516570437704,D:\Research\research-experiments\industrial-anomaly-detection\data\mvtec_ad\grid\ground_truth\thread\006_mask.png,16043,0.015299797058105469,-4.179915649487488
grid,thread,D:\Research\research-experiments\industrial-anomaly-detection\data\mvtec_ad\grid\test\thread\007.png,2,0.0,0,1,37.961761474609375,27.93796884445917,2.4092633182407437,4.160521830162437,D:\Research\research-experiments\industrial-anomaly-detection\data\mvtec_ad\grid\ground_truth\thread\007_mask.png,33899,0.03232860565185547,-3.431802785858171
grid,thread,D:\Research\research-experiments\industrial-anomaly-detection\data\mvtec_ad\grid\test\thread\008.png,2,0.0,0,1,39.9526252746582,27.93796884445917,2.4092633182407437,4.98685898682598,D:\Research\research-experiments\industrial-anomaly-detection\data\mvtec_ad\grid\ground_truth\thread\008_mask.png,37555,0.03581523895263672,-3.3293817791577185
grid,thread,D:\Research\research-experiments\industrial-anomaly-detection\data\mvtec_ad\grid\test\thread\009.png,2,0.0,0,1,38.510494232177734,27.93796884445917,2.4092633182407437,4.388281391939622,D:\Research\research-experiments\industrial-anomaly-detection\data\mvtec_ad\grid\ground_truth\thread\009_mask.png,16580,0.015811920166015625,-4.146991119266197
grid,thread,D:\Research\research-experiments\industrial-anomaly-detection\data\mvtec_ad\grid\test\thread\010.png,2,0.0,0,1,42.226505279541016,27.93796884445917,2.4092633182407437,5.9306661612709926,D:\Research\research-experiments\industrial-anomaly-detection\data\mvtec_ad\grid\ground_truth\thread\010_mask.png,25467,0.02428722381591797,-3.7178047946189183
grid,good,D:\Research\research-experiments\industrial-anomaly-detection\data\mvtec_ad\grid\test\good\000.png,2,0.25,1,0,30.262331008911133,31.883396239507768,2.131405041896416,-0.7605617884596413,,,,
grid,good,D:\Research\research-experiments\industrial-anomaly-detection\data\mvtec_ad\grid\test\good\001.png,2,0.25,1,0,37.61167907714844,31.883396239507768,2.131405041896416,2.687561831299758,,,,
grid,good,D:\Research\research-experiments\industrial-anomaly-detection\data\mvtec_ad\grid\test\good\002.png,2,0.25,1,0,29.687856674194336,31.883396239507768,2.131405041896416,-1.030090256031276,,,,
grid,good,D:\Research\research-experiments\industrial-anomaly-detection\data\mvtec_ad\grid\test\good\003.png,2,0.25,1,0,31.68909454345703,31.883396239507768,2.131405041896416,-0.09116131951994288,,,,
grid,good,D:\Research\research-experiments\industrial-anomaly-detection\data\mvtec_ad\grid\test\good\004.png,2,0.25,1,0,34.874488830566406,31.883396239507768,2.131405041896416,1.403343115111202,,,,
grid,good,D:\Research\research-experiments\industrial-anomaly-detection\data\mvtec_ad\grid\test\good\005.png,2,0.25,1,0,34.14873504638672,31.883396239507768,2.131405041896416,1.0628382509892946,,,,
grid,good,D:\Research\research-experiments\industrial-anomaly-detection\data\mvtec_ad\grid\test\good\006.png,2,0.25,1,0,34.919315338134766,31.883396239507768,2.131405041896416,1.42437455056679,,,,
grid,good,D:\Research\research-experiments\industrial-anomaly-detection\data\mvtec_ad\grid\test\good\007.png,2,0.25,1,0,30.340351104736328,31.883396239507768,2.131405041896416,-0.7239567817661331,,,,
grid,good,D:\Research\research-experiments\industrial-anomaly-detection\data\mvtec_ad\grid\test\good\008.png,2,0.25,1,0,30.603971481323242,31.883396239507768,2.131405041896416,-0.6002729340670783,,,,
grid,good,D:\Research\research-experiments\industrial-anomaly-detection\data\mvtec_ad\grid\test\good\009.png,2,0.25,1,0,30.094642639160156,31.883396239507768,2.131405041896416,-0.8392368250926484,,,,
grid,good,D:\Research\research-experiments\industrial-anomaly-detection\data\mvtec_ad\grid\test\good\010.png,2,0.25,1,0,30.745969772338867,31.883396239507768,2.131405041896416,-0.5336510164942071,,,,
grid,good,D:\Research\research-experiments\industrial-anomaly-detection\data\mvtec_ad\grid\test\good\011.png,2,0.25,1,0,30.938480377197266,31.883396239507768,2.131405041896416,-0.44333003053692877,,,,
grid,good,D:\Research\research-experiments\industrial-anomaly-detection\data\mvtec_ad\grid\test\good\012.png,2,0.25,1,0,31.825002670288086,31.883396239507768,2.131405041896416,-0.02739674912644765,,,,
grid,good,D:\Research\research-experiments\industrial-anomaly-detection\data\mvtec_ad\grid\test\good\013.png,2,0.25,1,0,29.177494049072266,31.883396239507768,2.131405041896416,-1.2695391712257222,,,,
grid,good,D:\Research\research-experiments\industrial-anomaly-detection\data\mvtec_ad\grid\test\good\014.png,2,0.25,1,0,31.888484954833984,31.883396239507768,2.131405041896416,0.0023874933324212304,,,,
grid,good,D:\Research\research-experiments\industrial-anomaly-detection\data\mvtec_ad\grid\test\good\015.png,2,0.25,1,0,31.706954956054688,31.883396239507768,2.131405041896416,-0.082781676867993,,,,
grid,good,D:\Research\research-experiments\industrial-anomaly-detection\data\mvtec_ad\grid\test\good\016.png,2,0.25,1,0,32.825889587402344,31.883396239507768,2.131405041896416,0.44219344956413975,,,,
grid,good,D:\Research\research-experiments\industrial-anomaly-detection\data\mvtec_ad\grid\test\good\017.png,2,0.25,1,0,32.54280090332031,31.883396239507768,2.131405041896416,0.3093755766036098,,,,
grid,good,D:\Research\research-experiments\industrial-anomaly-detection\data\mvtec_ad\grid\test\good\018.png,2,0.25,1,0,33.417484283447266,31.883396239507768,2.131405041896416,0.7197543469140639,,,,
grid,good,D:\Research\research-experiments\industrial-anomaly-detection\data\mvtec_ad\grid\test\good\019.png,2,0.25,1,0,30.692277908325195,31.883396239507768,2.131405041896416,-0.5588418474053978,,,,
grid,good,D:\Research\research-experiments\industrial-anomaly-detection\data\mvtec_ad\grid\test\good\020.png,2,0.25,1,0,29.558015823364258,31.883396239507768,2.131405041896416,-1.0910082177878797,,,,
grid,bent,D:\Research\research-experiments\industrial-anomaly-detection\data\mvtec_ad\grid\test\bent\000.png,2,0.25,0,1,38.95377731323242,31.883396239507768,2.131405041896416,3.317239536711327,D:\Research\research-experiments\industrial-anomaly-detection\data\mvtec_ad\grid\ground_truth\bent\000_mask.png,5460,0.005207061767578125,-5.257739350413088
grid,bent,D:\Research\research-experiments\industrial-anomaly-detection\data\mvtec_ad\grid\test\bent\001.png,2,0.25,0,1,50.65615463256836,31.883396239507768,2.131405041896416,8.807691651305067,D:\Research\research-experiments\industrial-anomaly-detection\data\mvtec_ad\grid\ground_truth\bent\001_mask.png,4554,0.0043430328369140625,-5.439182134321405
grid,bent,D:\Research\research-experiments\industrial-anomaly-detection\data\mvtec_ad\grid\test\bent\002.png,2,0.25,0,1,41.833797454833984,31.883396239507768,2.131405041896416,4.668470337516352,D:\Research\research-experiments\industrial-anomaly-detection\data\mvtec_ad\grid\ground_truth\bent\002_mask.png,4315,0.004115104675292969,-5.493090764674223
grid,bent,D:\Research\research-experiments\industrial-anomaly-detection\data\mvtec_ad\grid\test\bent\003.png,2,0.25,0,1,56.453372955322266,31.883396239507768,2.131405041896416,11.527596225423855,D:\Research\research-experiments\industrial-anomaly-detection\data\mvtec_ad\grid\ground_truth\bent\003_mask.png,7860,0.007495880126953125,-4.893401592369047
grid,bent,D:\Research\research-experiments\industrial-anomaly-detection\data\mvtec_ad\grid\test\bent\004.png,2,0.25,0,1,43.3853759765625,31.883396239507768,2.131405041896416,5.396430763258801,D:\Research\research-experiments\industrial-anomaly-detection\data\mvtec_ad\grid\ground_truth\bent\004_mask.png,8709,0.008305549621582031,-4.79083123810475
grid,bent,D:\Research\research-experiments\industrial-anomaly-detection\data\mvtec_ad\grid\test\bent\005.png,2,0.25,0,1,51.8608283996582,31.883396239507768,2.131405041896416,9.372893357883553,D:\Research\research-experiments\industrial-anomaly-detection\data\mvtec_ad\grid\ground_truth\bent\005_mask.png,14959,0.014266014099121094,-4.249875136727783
grid,bent,D:\Research\research-experiments\industrial-anomaly-detection\data\mvtec_ad\grid\test\bent\006.png,2,0.25,0,1,49.8242301940918,31.883396239507768,2.131405041896416,8.417374268112448,D:\Research\research-experiments\industrial-anomaly-detection\data\mvtec_ad\grid\ground_truth\bent\006_mask.png,22629,0.02158069610595703,-3.8359560163394586
grid,bent,D:\Research\research-experiments\industrial-anomaly-detection\data\mvtec_ad\grid\test\bent\007.png,2,0.25,0,1,43.138824462890625,31.883396239507768,2.131405041896416,5.280755183617445,D:\Research\research-experiments\industrial-anomaly-detection\data\mvtec_ad\grid\ground_truth\bent\007_mask.png,11967,0.011412620544433594,-4.473035383003099
grid,bent,D:\Research\research-experiments\industrial-anomaly-detection\data\mvtec_ad\grid\test\bent\008.png,2,0.25,0,1,40.186729431152344,31.883396239507768,2.131405041896416,3.8957087125292205,D:\Research\research-experiments\industrial-anomaly-detection\data\mvtec_ad\grid\ground_truth\bent\008_mask.png,6220,0.005931854248046875,-5.1274182568843445
grid,bent,D:\Research\research-experiments\industrial-anomaly-detection\data\mvtec_ad\grid\test\bent\009.png,2,0.25,0,1,47.74591064453125,31.883396239507768,2.131405041896416,7.442280605149466,D:\Research\research-experiments\industrial-anomaly-detection\data\mvtec_ad\grid\ground_truth\bent\009_mask.png,14468,0.013797760009765625,-4.283248945651388
grid,bent,D:\Research\research-experiments\industrial-anomaly-detection\data\mvtec_ad\grid\test\bent\010.png,2,0.25,0,1,54.515228271484375,31.883396239507768,2.131405041896416,10.618268976149157,D:\Research\research-experiments\industrial-anomaly-detection\data\mvtec_ad\grid\ground_truth\bent\010_mask.png,19594,0.018686294555664062,-3.9799648817791624
grid,bent,D:\Research\research-experiments\industrial-anomaly-detection\data\mvtec_ad\grid\test\bent\011.png,2,0.25,0,1,53.580562591552734,31.883396239507768,2.131405041896416,10.179748065501398,D:\Research\research-experiments\industrial-anomaly-detection\data\mvtec_ad\grid\ground_truth\bent\011_mask.png,15136,0.014434814453125,-4.2381122506302935
grid,broken,D:\Research\research-experiments\industrial-anomaly-detection\data\mvtec_ad\grid\test\broken\000.png,2,0.25,0,1,47.627342224121094,31.883396239507768,2.131405041896416,7.386651375566402,D:\Research\research-experiments\industrial-anomaly-detection\data\mvtec_ad\grid\ground_truth\broken\000_mask.png,7428,0.007083892822265625,-4.9499315475609995
grid,broken,D:\Research\research-experiments\industrial-anomaly-detection\data\mvtec_ad\grid\test\broken\001.png,2,0.25,0,1,64.67066955566406,31.883396239507768,2.131405041896416,15.38293879936769,D:\Research\research-experiments\industrial-anomaly-detection\data\mvtec_ad\grid\ground_truth\broken\001_mask.png,24376,0.02324676513671875,-3.7615892475166244
grid,broken,D:\Research\research-experiments\industrial-anomaly-detection\data\mvtec_ad\grid\test\broken\002.png,2,0.25,0,1,45.82135009765625,31.883396239507768,2.131405041896416,6.539326680839226,D:\Research\research-experiments\industrial-anomaly-detection\data\mvtec_ad\grid\ground_truth\broken\002_mask.png,2682,0.0025577545166015625,-5.968625156389424
grid,broken,D:\Research\research-experiments\industrial-anomaly-detection\data\mvtec_ad\grid\test\broken\003.png,2,0.25,0,1,58.03220748901367,31.883396239507768,2.131405041896416,12.268344465508076,D:\Research\research-experiments\industrial-anomaly-detection\data\mvtec_ad\grid\ground_truth\broken\003_mask.png,11860,0.011310577392578125,-4.482016850234378
grid,broken,D:\Research\research-experiments\industrial-anomaly-detection\data\mvtec_ad\grid\test\broken\004.png,2,0.25,0,1,62.34893798828125,31.883396239507768,2.131405041896416,14.293642526840786,D:\Research\research-experiments\industrial-anomaly-detection\data\mvtec_ad\grid\ground_truth\broken\004_mask.png,4616,0.00440216064453125,-5.425659575849818
grid,broken,D:\Research\research-experiments\industrial-anomaly-detection\data\mvtec_ad\grid\test\broken\005.png,2,0.25,0,1,45.9056282043457,31.883396239507768,2.131405041896416,6.578867784023662,D:\Research\research-experiments\industrial-anomaly-detection\data\mvtec_ad\grid\ground_truth\broken\005_mask.png,6628,0.006320953369140625,-5.063885074448482
grid,broken,D:\Research\research-experiments\industrial-anomaly-detection\data\mvtec_ad\grid\test\broken\006.png,2,0.25,0,1,54.22428894042969,31.883396239507768,2.131405041896416,10.481767783116496,D:\Research\research-experiments\industrial-anomaly-detection\data\mvtec_ad\grid\ground_truth\broken\006_mask.png,5489,0.005234718322753906,-5.2524420516167885
grid,broken,D:\Research\research-experiments\industrial-anomaly-detection\data\mvtec_ad\grid\test\broken\007.png,2,0.25,0,1,49.239383697509766,31.883396239507768,2.131405041896416,8.142979451038325,D:\Research\research-experiments\industrial-anomaly-detection\data\mvtec_ad\grid\ground_truth\broken\007_mask.png,4852,0.004627227783203125,-5.37579712502287
grid,broken,D:\Research\research-experiments\industrial-anomaly-detection\data\mvtec_ad\grid\test\broken\008.png,2,0.25,0,1,39.57264709472656,31.883396239507768,2.131405041896416,3.607597197188428,D:\Research\research-experiments\industrial-anomaly-detection\data\mvtec_ad\grid\ground_truth\broken\008_mask.png,4135,0.003943443298339844,-5.535700750155657
grid,broken,D:\Research\research-experiments\industrial-anomaly-detection\data\mvtec_ad\grid\test\broken\009.png,2,0.25,0,1,56.230751037597656,31.883396239507768,2.131405041896416,11.42314779194988,D:\Research\research-experiments\industrial-anomaly-detection\data\mvtec_ad\grid\ground_truth\broken\009_mask.png,6307,0.006014823913574219,-5.113528038279362
grid,broken,D:\Research\research-experiments\industrial-anomaly-detection\data\mvtec_ad\grid\test\broken\010.png,2,0.25,0,1,55.04264831542969,31.883396239507768,2.131405041896416,10.86572079013006,D:\Research\research-experiments\industrial-anomaly-detection\data\mvtec_ad\grid\ground_truth\broken\010_mask.png,5170,0.0049304962158203125,-5.31231544087711
grid,broken,D:\Research\research-experiments\industrial-anomaly-detection\data\mvtec_ad\grid\test\broken\011.png,2,0.25,0,1,49.01517868041992,31.883396239507768,2.131405041896416,8.037788268375852,D:\Research\research-experiments\industrial-anomaly-detection\data\mvtec_ad\grid\ground_truth\broken\011_mask.png,4002,0.0038166046142578125,-5.5683938340422685
grid,glue,D:\Research\research-experiments\industrial-anomaly-detection\data\mvtec_ad\grid\test\glue\000.png,2,0.25,0,1,46.40127182006836,31.883396239507768,2.131405041896416,6.811410921522135,D:\Research\research-experiments\industrial-anomaly-detection\data\mvtec_ad\grid\ground_truth\glue\000_mask.png,5771,0.005503654479980469,-5.2023427747905036
grid,glue,D:\Research\research-experiments\industrial-anomaly-detection\data\mvtec_ad\grid\test\glue\001.png,2,0.25,0,1,32.880775451660156,31.883396239507768,2.131405041896416,0.46794447444159704,D:\Research\research-experiments\industrial-anomaly-detection\data\mvtec_ad\grid\ground_truth\glue\001_mask.png,5019,0.004786491394042969,-5.341957412622695
grid,glue,D:\Research\research-experiments\industrial-anomaly-detection\data\mvtec_ad\grid\test\glue\002.png,2,0.25,0,1,45.77481460571289,31.883396239507768,2.131405041896416,6.517493434211474,D:\Research\research-experiments\industrial-anomaly-detection\data\mvtec_ad\grid\ground_truth\glue\002_mask.png,5399,0.005148887634277344,-5.268974386763931
grid,glue,D:\Research\research-experiments\industrial-anomaly-detection\data\mvtec_ad\grid\test\glue\003.png,2,0.25,0,1,46.43340301513672,31.883396239507768,2.131405041896416,6.826486045413073,D:\Research\research-experiments\industrial-anomaly-detection\data\mvtec_ad\grid\ground_truth\glue\003_mask.png,4794,0.0045719146728515625,-5.3878229774778585
grid,glue,D:\Research\research-experiments\industrial-anomaly-detection\data\mvtec_ad\grid\test\glue\004.png,2,0.25,0,1,43.18563461303711,31.883396239507768,2.131405041896416,5.30271729275501,D:\Research\research-experiments\industrial-anomaly-detection\data\mvtec_ad\grid\ground_truth\glue\004_mask.png,7696,0.0073394775390625,-4.914487482603893
grid,glue,D:\Research\research-experiments\industrial-anomaly-detection\data\mvtec_ad\grid\test\glue\005.png,2,0.25,0,1,50.99868392944336,31.883396239507768,2.131405041896416,8.968397519097438,D:\Research\research-experiments\industrial-anomaly-detection\data\mvtec_ad\grid\ground_truth\glue\005_mask.png,2542,0.0024242401123046875,-6.022236746949199
grid,glue,D:\Research\research-experiments\industrial-anomaly-detection\data\mvtec_ad\grid\test\glue\006.png,2,0.25,0,1,35.31850814819336,31.883396239507768,2.131405041896416,1.6116654700362365,D:\Research\research-experiments\industrial-anomaly-detection\data\mvtec_ad\grid\ground_truth\glue\006_mask.png,4838,0.0046138763427734375,-5.3786867032914625
grid,glue,D:\Research\research-experiments\industrial-anomaly-detection\data\mvtec_ad\grid\test\glue\007.png,2,0.25,0,1,39.23478317260742,31.883396239507768,2.131405041896416,3.449080202305782,D:\Research\research-experiments\industrial-anomaly-detection\data\mvtec_ad\grid\ground_truth\glue\007_mask.png,5125,0.004887580871582031,-5.321057602592123
grid,glue,D:\Research\research-experiments\industrial-anomaly-detection\data\mvtec_ad\grid\test\glue\008.png,2,0.25,0,1,32.83169174194336,31.883396239507768,2.131405041896416,0.444915670083921,D:\Research\research-experiments\industrial-anomaly-detection\data\mvtec_ad\grid\ground_truth\glue\008_mask.png,2384,0.0022735595703125,-6.086408143174836
grid,glue,D:\Research\research-experiments\industrial-anomaly-detection\data\mvtec_ad\grid\test\glue\009.png,2,0.25,0,1,50.148681640625,31.883396239507768,2.131405041896416,8.56959847709927,D:\Research\research-experiments\industrial-anomaly-detection\data\mvtec_ad\grid\ground_truth\glue\009_mask.png,6548,0.006244659423828125,-5.076028512571058
grid,glue,D:\Research\research-experiments\industrial-anomaly-detection\data\mvtec_ad\grid\test\glue\010.png,2,0.25,0,1,49.6683464050293,31.883396239507768,2.131405041896416,8.344237634765742,D:\Research\research-experiments\industrial-anomaly-detection\data\mvtec_ad\grid\ground_truth\glue\010_mask.png,6811,0.006495475769042969,-5.036649226004289
grid,metal_contamination,D:\Research\research-experiments\industrial-anomaly-detection\data\mvtec_ad\grid\test\metal_contamination\000.png,2,0.25,0,1,50.81037902832031,31.883396239507768,2.131405041896416,8.88004974032166,D:\Research\research-experiments\industrial-anomaly-detection\data\mvtec_ad\grid\ground_truth\metal_contamination\000_mask.png,2624,0.00250244140625,-5.990488061525251
grid,metal_contamination,D:\Research\research-experiments\industrial-anomaly-detection\data\mvtec_ad\grid\test\metal_contamination\001.png,2,0.25,0,1,60.6494026184082,31.883396239507768,2.131405041896416,13.496264582965377,D:\Research\research-experiments\industrial-anomaly-detection\data\mvtec_ad\grid\ground_truth\metal_contamination\001_mask.png,7452,0.007106781005859375,-4.946705738766755
grid,metal_contamination,D:\Research\research-experiments\industrial-anomaly-detection\data\mvtec_ad\grid\test\metal_contamination\002.png,2,0.25,0,1,65.87914276123047,31.883396239507768,2.131405041896416,15.949923103998577,D:\Research\research-experiments\industrial-anomaly-detection\data\mvtec_ad\grid\ground_truth\metal_contamination\002_mask.png,4647,0.004431724548339844,-5.418966256468161
grid,metal_contamination,D:\Research\research-experiments\industrial-anomaly-detection\data\mvtec_ad\grid\test\metal_contamination\003.png,2,0.25,0,1,51.699623107910156,31.883396239507768,2.131405041896416,9.297260013409236,D:\Research\research-experiments\industrial-anomaly-detection\data\mvtec_ad\grid\ground_truth\metal_contamination\003_mask.png,8548,0.008152008056640625,-4.809490872090713
grid,metal_contamination,D:\Research\research-experiments\industrial-anomaly-detection\data\mvtec_ad\grid\test\metal_contamination\004.png,2,0.25,0,1,50.9360237121582,31.883396239507768,2.131405041896416,8.938998969289466,D:\Research\research-experiments\industrial-anomaly-detection\data\mvtec_ad\grid\ground_truth\metal_contamination\004_mask.png,4391,0.004187583923339844,-5.475631101836033
grid,metal_contamination,D:\Research\research-experiments\industrial-anomaly-detection\data\mvtec_ad\grid\test\metal_contamination\005.png,2,0.25,0,1,54.21547317504883,31.883396239507768,2.131405041896416,10.477631654502943,D:\Research\research-experiments\industrial-anomaly-detection\data\mvtec_ad\grid\ground_truth\metal_contamination\005_mask.png,4072,0.00388336181640625,-5.551053795459739
grid,metal_contamination,D:\Research\research-experiments\industrial-anomaly-detection\data\mvtec_ad\grid\test\metal_contamination\006.png,2,0.25,0,1,45.572044372558594,31.883396239507768,2.131405041896416,6.422358896585588,D:\Research\research-experiments\industrial-anomaly-detection\data\mvtec_ad\grid\ground_truth\metal_contamination\006_mask.png,3131,0.0029859542846679688,-5.813835554971247
grid,metal_contamination,D:\Research\research-experiments\industrial-anomaly-detection\data\mvtec_ad\grid\test\metal_contamination\007.png,2,0.25,0,1,43.36721420288086,31.883396239507768,2.131405041896416,5.387909729797474,D:\Research\research-experiments\industrial-anomaly-detection\data\mvtec_ad\grid\ground_truth\metal_contamination\007_mask.png,1976,0.00188446044921875,-6.274113202235363
grid,metal_contamination,D:\Research\research-experiments\industrial-anomaly-detection\data\mvtec_ad\grid\test\metal_contamination\008.png,2,0.25,0,1,52.1243782043457,31.883396239507768,2.131405041896416,9.496544095076615,D:\Research\research-experiments\industrial-anomaly-detection\data\mvtec_ad\grid\ground_truth\metal_contamination\008_mask.png,4243,0.004046440124511719,-5.509917518865808
grid,metal_contamination,D:\Research\research-experiments\industrial-anomaly-detection\data\mvtec_ad\grid\test\metal_contamination\009.png,2,0.25,0,1,38.38665771484375,31.883396239507768,2.131405041896416,3.0511617207913284,D:\Research\research-experiments\industrial-anomaly-detection\data\mvtec_ad\grid\ground_truth\metal_contamination\009_mask.png,4249,0.004052162170410156,-5.508504424302294
grid,metal_contamination,D:\Research\research-experiments\industrial-anomaly-detection\data\mvtec_ad\grid\test\metal_contamination\010.png,2,0.25,0,1,48.19511795043945,31.883396239507768,2.131405041896416,7.653037029704285,D:\Research\research-experiments\industrial-anomaly-detection\data\mvtec_ad\grid\ground_truth\metal_contamination\010_mask.png,5163,0.004923820495605469,-5.313670323224953
grid,thread,D:\Research\research-experiments\industrial-anomaly-detection\data\mvtec_ad\grid\test\thread\000.png,2,0.25,0,1,49.74379348754883,31.883396239507768,2.131405041896416,8.379635450308303,D:\Research\research-experiments\industrial-anomaly-detection\data\mvtec_ad\grid\ground_truth\thread\000_mask.png,7354,0.0070133209228515625,-4.9599438067518955
grid,thread,D:\Research\research-experiments\industrial-anomaly-detection\data\mvtec_ad\grid\test\thread\001.png,2,0.25,0,1,68.33846282958984,31.883396239507768,2.131405041896416,17.10377233491303,D:\Research\research-experiments\industrial-anomaly-detection\data\mvtec_ad\grid\ground_truth\thread\001_mask.png,14256,0.0135955810546875,-4.298010387935007
grid,thread,D:\Research\research-experiments\industrial-anomaly-detection\data\mvtec_ad\grid\test\thread\002.png,2,0.25,0,1,38.419010162353516,31.883396239507768,2.131405041896416,3.0663406505929487,D:\Research\research-experiments\industrial-anomaly-detection\data\mvtec_ad\grid\ground_truth\thread\002_mask.png,15995,0.015254020690917969,-4.182912093258803
grid,thread,D:\Research\research-experiments\industrial-anomaly-detection\data\mvtec_ad\grid\test\thread\003.png,2,0.25,0,1,35.19272994995117,31.883396239507768,2.131405041896416,1.552653599570604,D:\Research\research-experiments\industrial-anomaly-detection\data\mvtec_ad\grid\ground_truth\thread\003_mask.png,18349,0.01749897003173828,-4.045613197967734
grid,thread,D:\Research\research-experiments\industrial-anomaly-detection\data\mvtec_ad\grid\test\thread\004.png,2,0.25,0,1,44.764251708984375,31.883396239507768,2.131405041896416,6.04336351668563,D:\Research\research-experiments\industrial-anomaly-detection\data\mvtec_ad\grid\ground_truth\thread\004_mask.png,32883,0.03135967254638672,-3.4622324934269857
grid,thread,D:\Research\research-experiments\industrial-anomaly-detection\data\mvtec_ad\grid\test\thread\005.png,2,0.25,0,1,61.421390533447266,31.883396239507768,2.131405041896416,13.85846130290566,D:\Research\research-experiments\industrial-anomaly-detection\data\mvtec_ad\grid\ground_truth\thread\005_mask.png,15724,0.014995574951171875,-4.2000000579708185
grid,thread,D:\Research\research-experiments\industrial-anomaly-detection\data\mvtec_ad\grid\test\thread\006.png,2,0.25,0,1,42.92326736450195,31.883396239507768,2.131405041896416,5.179621380256973,D:\Research\research-experiments\industrial-anomaly-detection\data\mvtec_ad\grid\ground_truth\thread\006_mask.png,16043,0.015299797058105469,-4.179915649487488
grid,thread,D:\Research\research-experiments\industrial-anomaly-detection\data\mvtec_ad\grid\test\thread\007.png,2,0.25,0,1,38.56297302246094,31.883396239507768,2.131405041896416,3.1338842930623927,D:\Research\research-experiments\industrial-anomaly-detection\data\mvtec_ad\grid\ground_truth\thread\007_mask.png,33899,0.03232860565185547,-3.431802785858171
grid,thread,D:\Research\research-experiments\industrial-anomaly-detection\data\mvtec_ad\grid\test\thread\008.png,2,0.25,0,1,40.66812515258789,31.883396239507768,2.131405041896416,4.121567107331189,D:\Research\research-experiments\industrial-anomaly-detection\data\mvtec_ad\grid\ground_truth\thread\008_mask.png,37555,0.03581523895263672,-3.3293817791577185
grid,thread,D:\Research\research-experiments\industrial-anomaly-detection\data\mvtec_ad\grid\test\thread\009.png,2,0.25,0,1,39.81421661376953,31.883396239507768,2.131405041896416,3.7209353540823575,D:\Research\research-experiments\industrial-anomaly-detection\data\mvtec_ad\grid\ground_truth\thread\009_mask.png,16580,0.015811920166015625,-4.146991119266197
grid,thread,D:\Research\research-experiments\industrial-anomaly-detection\data\mvtec_ad\grid\test\thread\010.png,2,0.25,0,1,44.83669662475586,31.883396239507768,2.131405041896416,6.07735279340566,D:\Research\research-experiments\industrial-anomaly-detection\data\mvtec_ad\grid\ground_truth\thread\010_mask.png,25467,0.02428722381591797,-3.7178047946189183
grid,good,D:\Research\research-experiments\industrial-anomaly-detection\data\mvtec_ad\grid\test\good\000.png,2,0.5,1,0,40.45701599121094,40.89255505516415,3.60729418441279,-0.12073843764536589,,,,
grid,good,D:\Research\research-experiments\industrial-anomaly-detection\data\mvtec_ad\grid\test\good\001.png,2,0.5,1,0,47.978973388671875,40.89255505516415,3.60729418441279,1.9644692035732259,,,,
grid,good,D:\Research\research-experiments\industrial-anomaly-detection\data\mvtec_ad\grid\test\good\002.png,2,0.5,1,0,37.193260192871094,40.89255505516415,3.60729418441279,-1.0255040684726535,,,,
grid,good,D:\Research\research-experiments\industrial-anomaly-detection\data\mvtec_ad\grid\test\good\003.png,2,0.5,1,0,37.114688873291016,40.89255505516415,3.60729418441279,-1.0472853027062203,,,,
grid,good,D:\Research\research-experiments\industrial-anomaly-detection\data\mvtec_ad\grid\test\good\004.png,2,0.5,1,0,49.507354736328125,40.89255505516415,3.60729418441279,2.3881611093402757,,,,
grid,good,D:\Research\research-experiments\industrial-anomaly-detection\data\mvtec_ad\grid\test\good\005.png,2,0.5,1,0,45.65760803222656,40.89255505516415,3.60729418441279,1.3209493691011744,,,,
grid,good,D:\Research\research-experiments\industrial-anomaly-detection\data\mvtec_ad\grid\test\good\006.png,2,0.5,1,0,42.281803131103516,40.89255505516415,3.60729418441279,0.3851219237794189,,,,
grid,good,D:\Research\research-experiments\industrial-anomaly-detection\data\mvtec_ad\grid\test\good\007.png,2,0.5,1,0,39.360069274902344,40.89255505516415,3.60729418441279,-0.4248297205378254,,,,
grid,good,D:\Research\research-experiments\industrial-anomaly-detection\data\mvtec_ad\grid\test\good\008.png,2,0.5,1,0,39.69265365600586,40.89255505516415,3.60729418441279,-0.33263197782512366,,,,
grid,good,D:\Research\research-experiments\industrial-anomaly-detection\data\mvtec_ad\grid\test\good\009.png,2,0.5,1,0,38.675498962402344,40.89255505516415,3.60729418441279,-0.6146036279330265,,,,
grid,good,D:\Research\research-experiments\industrial-anomaly-detection\data\mvtec_ad\grid\test\good\010.png,2,0.5,1,0,38.198673248291016,40.89255505516415,3.60729418441279,-0.7467873894270859,,,,
grid,good,D:\Research\research-experiments\industrial-anomaly-detection\data\mvtec_ad\grid\test\good\011.png,2,0.5,1,0,39.18000030517578,40.89255505516415,3.60729418441279,-0.47474773679074017,,,,
grid,good,D:\Research\research-experiments\industrial-anomaly-detection\data\mvtec_ad\grid\test\good\012.png,2,0.5,1,0,40.09090042114258,40.89255505516415,3.60729418441279,-0.2222315655555746,,,,
grid,good,D:\Research\research-experiments\industrial-anomaly-detection\data\mvtec_ad\grid\test\good\013.png,2,0.5,1,0,39.98731994628906,40.89255505516415,3.60729418441279,-0.25094574010254933,,,,
grid,good,D:\Research\research-experiments\industrial-anomaly-detection\data\mvtec_ad\grid\test\good\014.png,2,0.5,1,0,39.99415588378906,40.89255505516415,3.60729418441279,-0.24905070821700523,,,,
grid,good,D:\Research\research-experiments\industrial-anomaly-detection\data\mvtec_ad\grid\test\good\015.png,2,0.5,1,0,39.83305358886719,40.89255505516415,3.60729418441279,-0.2937108569839126,,,,
grid,good,D:\Research\research-experiments\industrial-anomaly-detection\data\mvtec_ad\grid\test\good\016.png,2,0.5,1,0,44.85326385498047,40.89255505516415,3.60729418441279,1.0979722188810217,,,,
grid,good,D:\Research\research-experiments\industrial-anomaly-detection\data\mvtec_ad\grid\test\good\017.png,2,0.5,1,0,44.236812591552734,40.89255505516415,3.60729418441279,0.9270820081265355,,,,
grid,good,D:\Research\research-experiments\industrial-anomaly-detection\data\mvtec_ad\grid\test\good\018.png,2,0.5,1,0,40.465084075927734,40.89255505516415,3.60729418441279,-0.11850183472241625,,,,
grid,good,D:\Research\research-experiments\industrial-anomaly-detection\data\mvtec_ad\grid\test\good\019.png,2,0.5,1,0,38.273433685302734,40.89255505516415,3.60729418441279,-0.7260625931698912,,,,
grid,good,D:\Research\research-experiments\industrial-anomaly-detection\data\mvtec_ad\grid\test\good\020.png,2,0.5,1,0,35.712032318115234,40.89255505516415,3.60729418441279,-1.4361242727122419,,,,
grid,bent,D:\Research\research-experiments\industrial-anomaly-detection\data\mvtec_ad\grid\test\bent\000.png,2,0.5,0,1,46.67039108276367,40.89255505516415,3.60729418441279,1.601709129398344,D:\Research\research-experiments\industrial-anomaly-detection\data\mvtec_ad\grid\ground_truth\bent\000_mask.png,5460,0.005207061767578125,-5.257739350413088
grid,bent,D:\Research\research-experiments\industrial-anomaly-detection\data\mvtec_ad\grid\test\bent\001.png,2,0.5,0,1,60.457271575927734,40.89255505516415,3.60729418441279,5.423654273971671,D:\Research\research-experiments\industrial-anomaly-detection\data\mvtec_ad\grid\ground_truth\bent\001_mask.png,4554,0.0043430328369140625,-5.439182134321405
grid,bent,D:\Research\research-experiments\industrial-anomaly-detection\data\mvtec_ad\grid\test\bent\002.png,2,0.5,0,1,48.6256103515625,40.89255505516415,3.60729418441279,2.143727375996412,D:\Research\research-experiments\industrial-anomaly-detection\data\mvtec_ad\grid\ground_truth\bent\002_mask.png,4315,0.004115104675292969,-5.493090764674223
grid,bent,D:\Research\research-experiments\industrial-anomaly-detection\data\mvtec_ad\grid\test\bent\003.png,2,0.5,0,1,65.11431121826172,40.89255505516415,3.60729418441279,6.71466060843066,D:\Research\research-experiments\industrial-anomaly-detection\data\mvtec_ad\grid\ground_truth\bent\003_mask.png,7860,0.007495880126953125,-4.893401592369047
grid,bent,D:\Research\research-experiments\industrial-anomaly-detection\data\mvtec_ad\grid\test\bent\004.png,2,0.5,0,1,52.1276741027832,40.89255505516415,3.60729418441279,3.114555806445254,D:\Research\research-experiments\industrial-anomaly-detection\data\mvtec_ad\grid\ground_truth\bent\004_mask.png,8709,0.008305549621582031,-4.79083123810475
grid,bent,D:\Research\research-experiments\industrial-anomaly-detection\data\mvtec_ad\grid\test\bent\005.png,2,0.5,0,1,62.16877746582031,40.89255505516415,3.60729418441279,5.8981112498645825,D:\Research\research-experiments\industrial-anomaly-detection\data\mvtec_ad\grid\ground_truth\bent\005_mask.png,14959,0.014266014099121094,-4.249875136727783
grid,bent,D:\Research\research-experiments\industrial-anomaly-detection\data\mvtec_ad\grid\test\bent\006.png,2,0.5,0,1,57.81529235839844,40.89255505516415,3.60729418441279,4.691255117577564,D:\Research\research-experiments\industrial-anomaly-detection\data\mvtec_ad\grid\ground_truth\bent\006_mask.png,22629,0.02158069610595703,-3.8359560163394586
grid,bent,D:\Research\research-experiments\industrial-anomaly-detection\data\mvtec_ad\grid\test\bent\007.png,2,0.5,0,1,51.97032928466797,40.89255505516415,3.60729418441279,3.0709372907181125,D:\Research\research-experiments\industrial-anomaly-detection\data\mvtec_ad\grid\ground_truth\bent\007_mask.png,11967,0.011412620544433594,-4.473035383003099
grid,bent,D:\Research\research-experiments\industrial-anomaly-detection\data\mvtec_ad\grid\test\bent\008.png,2,0.5,0,1,47.225746154785156,40.89255505516415,3.60729418441279,1.7556624926757802,D:\Research\research-experiments\industrial-anomaly-detection\data\mvtec_ad\grid\ground_truth\bent\008_mask.png,6220,0.005931854248046875,-5.1274182568843445
grid,bent,D:\Research\research-experiments\industrial-anomaly-detection\data\mvtec_ad\grid\test\bent\009.png,2,0.5,0,1,56.66865158081055,40.89255505516415,3.60729418441279,4.373387841173395,D:\Research\research-experiments\industrial-anomaly-detection\data\mvtec_ad\grid\ground_truth\bent\009_mask.png,14468,0.013797760009765625,-4.283248945651388
grid,bent,D:\Research\research-experiments\industrial-anomaly-detection\data\mvtec_ad\grid\test\bent\010.png,2,0.5,0,1,63.99852752685547,40.89255505516415,3.60729418441279,6.405347412898236,D:\Research\research-experiments\industrial-anomaly-detection\data\mvtec_ad\grid\ground_truth\bent\010_mask.png,19594,0.018686294555664062,-3.9799648817791624
grid,bent,D:\Research\research-experiments\industrial-anomaly-detection\data\mvtec_ad\grid\test\bent\011.png,2,0.5,0,1,62.644535064697266,40.89255505516415,3.60729418441279,6.029998912626525,D:\Research\research-experiments\industrial-anomaly-detection\data\mvtec_ad\grid\ground_truth\bent\011_mask.png,15136,0.014434814453125,-4.2381122506302935
grid,broken,D:\Research\research-experiments\industrial-anomaly-detection\data\mvtec_ad\grid\test\broken\000.png,2,0.5,0,1,58.912837982177734,40.89255505516415,3.60729418441279,4.9955124272591025,D:\Research\research-experiments\industrial-anomaly-detection\data\mvtec_ad\grid\ground_truth\broken\000_mask.png,7428,0.007083892822265625,-4.9499315475609995
grid,broken,D:\Research\research-experiments\industrial-anomaly-detection\data\mvtec_ad\grid\test\broken\001.png,2,0.5,0,1,75.39482879638672,40.89255505516415,3.60729418441279,9.564585525158378,D:\Research\research-experiments\industrial-anomaly-detection\data\mvtec_ad\grid\ground_truth\broken\001_mask.png,24376,0.02324676513671875,-3.7615892475166244
grid,broken,D:\Research\research-experiments\industrial-anomaly-detection\data\mvtec_ad\grid\test\broken\002.png,2,0.5,0,1,55.13887405395508,40.89255505516415,3.60729418441279,3.9493088920636508,D:\Research\research-experiments\industrial-anomaly-detection\data\mvtec_ad\grid\ground_truth\broken\002_mask.png,2682,0.0025577545166015625,-5.968625156389424
grid,broken,D:\Research\research-experiments\industrial-anomaly-detection\data\mvtec_ad\grid\test\broken\003.png,2,0.5,0,1,67.55424499511719,40.89255505516415,3.60729418441279,7.391049517158561,D:\Research\research-experiments\industrial-anomaly-detection\data\mvtec_ad\grid\ground_truth\broken\003_mask.png,11860,0.011310577392578125,-4.482016850234378
grid,broken,D:\Research\research-experiments\industrial-anomaly-detection\data\mvtec_ad\grid\test\broken\004.png,2,0.5,0,1,75.66836547851562,40.89255505516415,3.60729418441279,9.64041429546241,D:\Research\research-experiments\industrial-anomaly-detection\data\mvtec_ad\grid\ground_truth\broken\004_mask.png,4616,0.00440216064453125,-5.425659575849818
grid,broken,D:\Research\research-experiments\industrial-anomaly-detection\data\mvtec_ad\grid\test\broken\005.png,2,0.5,0,1,53.69304656982422,40.89255505516415,3.60729418441279,3.548502245802773,D:\Research\research-experiments\industrial-anomaly-detection\data\mvtec_ad\grid\ground_truth\broken\005_mask.png,6628,0.006320953369140625,-5.063885074448482
grid,broken,D:\Research\research-experiments\industrial-anomaly-detection\data\mvtec_ad\grid\test\broken\006.png,2,0.5,0,1,66.126953125,40.89255505516415,3.60729418441279,6.995381241395372,D:\Research\research-experiments\industrial-anomaly-detection\data\mvtec_ad\grid\ground_truth\broken\006_mask.png,5489,0.005234718322753906,-5.2524420516167885
grid,broken,D:\Research\research-experiments\industrial-anomaly-detection\data\mvtec_ad\grid\test\broken\007.png,2,0.5,0,1,60.269771575927734,40.89255505516415,3.60729418441279,5.371676256539605,D:\Research\research-experiments\industrial-anomaly-detection\data\mvtec_ad\grid\ground_truth\broken\007_mask.png,4852,0.004627227783203125,-5.37579712502287
grid,broken,D:\Research\research-experiments\industrial-anomaly-detection\data\mvtec_ad\grid\test\broken\008.png,2,0.5,0,1,46.63085174560547,40.89255505516415,3.60729418441279,1.590748188832683,D:\Research\research-experiments\industrial-anomaly-detection\data\mvtec_ad\grid\ground_truth\broken\008_mask.png,4135,0.003943443298339844,-5.535700750155657
grid,broken,D:\Research\research-experiments\industrial-anomaly-detection\data\mvtec_ad\grid\test\broken\009.png,2,0.5,0,1,64.59059143066406,40.89255505516415,3.60729418441279,6.569477055101225,D:\Research\research-experiments\industrial-anomaly-detection\data\mvtec_ad\grid\ground_truth\broken\009_mask.png,6307,0.006014823913574219,-5.113528038279362
grid,broken,D:\Research\research-experiments\industrial-anomaly-detection\data\mvtec_ad\grid\test\broken\010.png,2,0.5,0,1,65.6197280883789,40.89255505516415,3.60729418441279,6.854770298486189,D:\Research\research-experiments\industrial-anomaly-detection\data\mvtec_ad\grid\ground_truth\broken\010_mask.png,5170,0.0049304962158203125,-5.31231544087711
grid,broken,D:\Research\research-experiments\industrial-anomaly-detection\data\mvtec_ad\grid\test\broken\011.png,2,0.5,0,1,55.92131423950195,40.89255505516415,3.60729418441279,4.1662139032844765,D:\Research\research-experiments\industrial-anomaly-detection\data\mvtec_ad\grid\ground_truth\broken\011_mask.png,4002,0.0038166046142578125,-5.5683938340422685
grid,glue,D:\Research\research-experiments\industrial-anomaly-detection\data\mvtec_ad\grid\test\glue\000.png,2,0.5,0,1,57.89081573486328,40.89255505516415,3.60729418441279,4.712191412929127,D:\Research\research-experiments\industrial-anomaly-detection\data\mvtec_ad\grid\ground_truth\glue\000_mask.png,5771,0.005503654479980469,-5.2023427747905036
grid,glue,D:\Research\research-experiments\industrial-anomaly-detection\data\mvtec_ad\grid\test\glue\001.png,2,0.5,0,1,38.517189025878906,40.89255505516415,3.60729418441279,-0.6584896900145442,D:\Research\research-experiments\industrial-anomaly-detection\data\mvtec_ad\grid\ground_truth\glue\001_mask.png,5019,0.004786491394042969,-5.341957412622695
grid,glue,D:\Research\research-experiments\industrial-anomaly-detection\data\mvtec_ad\grid\test\glue\002.png,2,0.5,0,1,57.34360885620117,40.89255505516415,3.60729418441279,4.5604968599795495,D:\Research\research-experiments\industrial-anomaly-detection\data\mvtec_ad\grid\ground_truth\glue\002_mask.png,5399,0.005148887634277344,-5.268974386763931
grid,glue,D:\Research\research-experiments\industrial-anomaly-detection\data\mvtec_ad\grid\test\glue\003.png,2,0.5,0,1,57.591495513916016,40.89255505516415,3.60729418441279,4.6292150307309035,D:\Research\research-experiments\industrial-anomaly-detection\data\mvtec_ad\grid\ground_truth\glue\003_mask.png,4794,0.0045719146728515625,-5.3878229774778585
grid,glue,D:\Research\research-experiments\industrial-anomaly-detection\data\mvtec_ad\grid\test\glue\004.png,2,0.5,0,1,51.59274673461914,40.89255505516415,3.60729418441279,2.9662653314195415,D:\Research\research-experiments\industrial-anomaly-detection\data\mvtec_ad\grid\ground_truth\glue\004_mask.png,7696,0.0073394775390625,-4.914487482603893
grid,glue,D:\Research\research-experiments\industrial-anomaly-detection\data\mvtec_ad\grid\test\glue\005.png,2,0.5,0,1,62.332244873046875,40.89255505516415,3.60729418441279,5.943427045824033,D:\Research\research-experiments\industrial-anomaly-detection\data\mvtec_ad\grid\ground_truth\glue\005_mask.png,2542,0.0024242401123046875,-6.022236746949199
grid,glue,D:\Research\research-experiments\industrial-anomaly-detection\data\mvtec_ad\grid\test\glue\006.png,2,0.5,0,1,41.647247314453125,40.89255505516415,3.60729418441279,0.20921283951556194,D:\Research\research-experiments\industrial-anomaly-detection\data\mvtec_ad\grid\ground_truth\glue\006_mask.png,4838,0.0046138763427734375,-5.3786867032914625
grid,glue,D:\Research\research-experiments\industrial-anomaly-detection\data\mvtec_ad\grid\test\glue\007.png,2,0.5,0,1,46.77529525756836,40.89255505516415,3.60729418441279,1.6307902548740487,D:\Research\research-experiments\industrial-anomaly-detection\data\mvtec_ad\grid\ground_truth\glue\007_mask.png,5125,0.004887580871582031,-5.321057602592123
grid,glue,D:\Research\research-experiments\industrial-anomaly-detection\data\mvtec_ad\grid\test\glue\008.png,2,0.5,0,1,41.184173583984375,40.89255505516415,3.60729418441279,0.08084134919749933,D:\Research\research-experiments\industrial-anomaly-detection\data\mvtec_ad\grid\ground_truth\glue\008_mask.png,2384,0.0022735595703125,-6.086408143174836
grid,glue,D:\Research\research-experiments\industrial-anomaly-detection\data\mvtec_ad\grid\test\glue\009.png,2,0.5,0,1,60.92169952392578,40.89255505516415,3.60729418441279,5.552401175182238,D:\Research\research-experiments\industrial-anomaly-detection\data\mvtec_ad\grid\ground_truth\glue\009_mask.png,6548,0.006244659423828125,-5.076028512571058
grid,glue,D:\Research\research-experiments\industrial-anomaly-detection\data\mvtec_ad\grid\test\glue\010.png,2,0.5,0,1,60.38017272949219,40.89255505516415,3.60729418441279,5.402281232990236,D:\Research\research-experiments\industrial-anomaly-detection\data\mvtec_ad\grid\ground_truth\glue\010_mask.png,6811,0.006495475769042969,-5.036649226004289
grid,metal_contamination,D:\Research\research-experiments\industrial-anomaly-detection\data\mvtec_ad\grid\test\metal_contamination\000.png,2,0.5,0,1,59.80078887939453,40.89255505516415,3.60729418441279,5.241666705735656,D:\Research\research-experiments\industrial-anomaly-detection\data\mvtec_ad\grid\ground_truth\metal_contamination\000_mask.png,2624,0.00250244140625,-5.990488061525251
grid,metal_contamination,D:\Research\research-experiments\industrial-anomaly-detection\data\mvtec_ad\grid\test\metal_contamination\001.png,2,0.5,0,1,75.35774230957031,40.89255505516415,3.60729418441279,9.554304554181112,D:\Research\research-experiments\industrial-anomaly-detection\data\mvtec_ad\grid\ground_truth\metal_contamination\001_mask.png,7452,0.007106781005859375,-4.946705738766755
grid,metal_contamination,D:\Research\research-experiments\industrial-anomaly-detection\data\mvtec_ad\grid\test\metal_contamination\002.png,2,0.5,0,1,81.80970001220703,40.89255505516415,3.60729418441279,11.34289106052035,D:\Research\research-experiments\industrial-anomaly-detection\data\mvtec_ad\grid\ground_truth\metal_contamination\002_mask.png,4647,0.004431724548339844,-5.418966256468161
grid,metal_contamination,D:\Research\research-experiments\industrial-anomaly-detection\data\mvtec_ad\grid\test\metal_contamination\003.png,2,0.5,0,1,61.90085983276367,40.89255505516415,3.60729418441279,5.823840170390577,D:\Research\research-experiments\industrial-anomaly-detection\data\mvtec_ad\grid\ground_truth\metal_contamination\003_mask.png,8548,0.008152008056640625,-4.809490872090713
grid,metal_contamination,D:\Research\research-experiments\industrial-anomaly-detection\data\mvtec_ad\grid\test\metal_contamination\004.png,2,0.5,0,1,64.00050354003906,40.89255505516415,3.60729418441279,6.4058951955526515,D:\Research\research-experiments\industrial-anomaly-detection\data\mvtec_ad\grid\ground_truth\metal_contamination\004_mask.png,4391,0.004187583923339844,-5.475631101836033
grid,metal_contamination,D:\Research\research-experiments\industrial-anomaly-detection\data\mvtec_ad\grid\test\metal_contamination\005.png,2,0.5,0,1,68.00774383544922,40.89255505516415,3.60729418441279,7.516766693842295,D:\Research\research-experiments\industrial-anomaly-detection\data\mvtec_ad\grid\ground_truth\metal_contamination\005_mask.png,4072,0.00388336181640625,-5.551053795459739
grid,metal_contamination,D:\Research\research-experiments\industrial-anomaly-detection\data\mvtec_ad\grid\test\metal_contamination\006.png,2,0.5,0,1,55.896060943603516,40.89255505516415,3.60729418441279,4.15921328326087,D:\Research\research-experiments\industrial-anomaly-detection\data\mvtec_ad\grid\ground_truth\metal_contamination\006_mask.png,3131,0.0029859542846679688,-5.813835554971247
grid,metal_contamination,D:\Research\research-experiments\industrial-anomaly-detection\data\mvtec_ad\grid\test\metal_contamination\007.png,2,0.5,0,1,55.66063690185547,40.89255505516415,3.60729418441279,4.093949950216031,D:\Research\research-experiments\industrial-anomaly-detection\data\mvtec_ad\grid\ground_truth\metal_contamination\007_mask.png,1976,0.00188446044921875,-6.274113202235363
grid,metal_contamination,D:\Research\research-experiments\industrial-anomaly-detection\data\mvtec_ad\grid\test\metal_contamination\008.png,2,0.5,0,1,62.915138244628906,40.89255505516415,3.60729418441279,6.105014468912709,D:\Research\research-experiments\industrial-anomaly-detection\data\mvtec_ad\grid\ground_truth\metal_contamination\008_mask.png,4243,0.004046440124511719,-5.509917518865808
grid,metal_contamination,D:\Research\research-experiments\industrial-anomaly-detection\data\mvtec_ad\grid\test\metal_contamination\009.png,2,0.5,0,1,44.97316360473633,40.89255505516415,3.60729418441279,1.1312103590565443,D:\Research\research-experiments\industrial-anomaly-detection\data\mvtec_ad\grid\ground_truth\metal_contamination\009_mask.png,4249,0.004052162170410156,-5.508504424302294
grid,metal_contamination,D:\Research\research-experiments\industrial-anomaly-detection\data\mvtec_ad\grid\test\metal_contamination\010.png,2,0.5,0,1,58.211307525634766,40.89255505516415,3.60729418441279,4.801036894996084,D:\Research\research-experiments\industrial-anomaly-detection\data\mvtec_ad\grid\ground_truth\metal_contamination\010_mask.png,5163,0.004923820495605469,-5.313670323224953
grid,thread,D:\Research\research-experiments\industrial-anomaly-detection\data\mvtec_ad\grid\test\thread\000.png,2,0.5,0,1,58.27480697631836,40.89255505516415,3.60729418441279,4.818639964620396,D:\Research\research-experiments\industrial-anomaly-detection\data\mvtec_ad\grid\ground_truth\thread\000_mask.png,7354,0.0070133209228515625,-4.9599438067518955
grid,thread,D:\Research\research-experiments\industrial-anomaly-detection\data\mvtec_ad\grid\test\thread\001.png,2,0.5,0,1,82.3770980834961,40.89255505516415,3.60729418441279,11.500182937002396,D:\Research\research-experiments\industrial-anomaly-detection\data\mvtec_ad\grid\ground_truth\thread\001_mask.png,14256,0.0135955810546875,-4.298010387935007
grid,thread,D:\Research\research-experiments\industrial-anomaly-detection\data\mvtec_ad\grid\test\thread\002.png,2,0.5,0,1,43.42509078979492,40.89255505516415,3.60729418441279,0.7020596616638369,D:\Research\research-experiments\industrial-anomaly-detection\data\mvtec_ad\grid\ground_truth\thread\002_mask.png,15995,0.015254020690917969,-4.182912093258803
grid,thread,D:\Research\research-experiments\industrial-anomaly-detection\data\mvtec_ad\grid\test\thread\003.png,2,0.5,0,1,38.90142059326172,40.89255505516415,3.60729418441279,-0.5519745161085492,D:\Research\research-experiments\industrial-anomaly-detection\data\mvtec_ad\grid\ground_truth\thread\003_mask.png,18349,0.01749897003173828,-4.045613197967734
grid,thread,D:\Research\research-experiments\industrial-anomaly-detection\data\mvtec_ad\grid\test\thread\004.png,2,0.5,0,1,51.538673400878906,40.89255505516415,3.60729418441279,2.9512753331061554,D:\Research\research-experiments\industrial-anomaly-detection\data\mvtec_ad\grid\ground_truth\thread\004_mask.png,32883,0.03135967254638672,-3.4622324934269857
grid,thread,D:\Research\research-experiments\industrial-anomaly-detection\data\mvtec_ad\grid\test\thread\005.png,2,0.5,0,1,73.23013305664062,40.89255505516415,3.60729418441279,8.964497029714952,D:\Research\research-experiments\industrial-anomaly-detection\data\mvtec_ad\grid\ground_truth\thread\005_mask.png,15724,0.014995574951171875,-4.2000000579708185
grid,thread,D:\Research\research-experiments\industrial-anomaly-detection\data\mvtec_ad\grid\test\thread\006.png,2,0.5,0,1,50.776676177978516,40.89255505516415,3.60729418441279,2.740037440118941,D:\Research\research-experiments\industrial-anomaly-detection\data\mvtec_ad\grid\ground_truth\thread\006_mask.png,16043,0.015299797058105469,-4.179915649487488
grid,thread,D:\Research\research-experiments\industrial-anomaly-detection\data\mvtec_ad\grid\test\thread\007.png,2,0.5,0,1,43.1338996887207,40.89255505516415,3.60729418441279,0.6213368023161122,D:\Research\research-experiments\industrial-anomaly-detection\data\mvtec_ad\grid\ground_truth\thread\007_mask.png,33899,0.03232860565185547,-3.431802785858171
grid,thread,D:\Research\research-experiments\industrial-anomaly-detection\data\mvtec_ad\grid\test\thread\008.png,2,0.5,0,1,47.53773880004883,40.89255505516415,3.60729418441279,1.8421518748314691,D:\Research\research-experiments\industrial-anomaly-detection\data\mvtec_ad\grid\ground_truth\thread\008_mask.png,37555,0.03581523895263672,-3.3293817791577185
grid,thread,D:\Research\research-experiments\industrial-anomaly-detection\data\mvtec_ad\grid\test\thread\009.png,2,0.5,0,1,46.22488021850586,40.89255505516415,3.60729418441279,1.4782063482326504,D:\Research\research-experiments\industrial-anomaly-detection\data\mvtec_ad\grid\ground_truth\thread\009_mask.png,16580,0.015811920166015625,-4.146991119266197
grid,thread,D:\Research\research-experiments\industrial-anomaly-detection\data\mvtec_ad\grid\test\thread\010.png,2,0.5,0,1,54.4373893737793,40.89255505516415,3.60729418441279,3.7548460497462943,D:\Research\research-experiments\industrial-anomaly-detection\data\mvtec_ad\grid\ground_truth\thread\010_mask.png,25467,0.02428722381591797,-3.7178047946189183
grid,good,D:\Research\research-experiments\industrial-anomaly-detection\data\mvtec_ad\grid\test\good\000.png,2,0.75,1,0,49.56209182739258,52.66101873488653,5.768538149876604,-0.5372118250722229,,,,
grid,good,D:\Research\research-experiments\industrial-anomaly-detection\data\mvtec_ad\grid\test\good\001.png,2,0.75,1,0,62.22380065917969,52.66101873488653,5.768538149876604,1.6577478861776644,,,,
grid,good,D:\Research\research-experiments\industrial-anomaly-detection\data\mvtec_ad\grid\test\good\002.png,2,0.75,1,0,45.2155876159668,52.66101873488653,5.768538149876604,-1.2906963472329644,,,,
grid,good,D:\Research\research-experiments\industrial-anomaly-detection\data\mvtec_ad\grid\test\good\003.png,2,0.75,1,0,46.27155685424805,52.66101873488653,5.768538149876604,-1.1076397025778817,,,,
grid,good,D:\Research\research-experiments\industrial-anomaly-detection\data\mvtec_ad\grid\test\good\004.png,2,0.75,1,0,66.65513610839844,52.66101873488653,5.768538149876604,2.4259382550518898,,,,
grid,good,D:\Research\research-experiments\industrial-anomaly-detection\data\mvtec_ad\grid\test\good\005.png,2,0.75,1,0,60.23247528076172,52.66101873488653,5.768538149876604,1.3125433773957358,,,,
grid,good,D:\Research\research-experiments\industrial-anomaly-detection\data\mvtec_ad\grid\test\good\006.png,2,0.75,1,0,54.58440017700195,52.66101873488653,5.768538149876604,0.33342614578297697,,,,
grid,good,D:\Research\research-experiments\industrial-anomaly-detection\data\mvtec_ad\grid\test\good\007.png,2,0.75,1,0,49.56535339355469,52.66101873488653,5.768538149876604,-0.5366464190581915,,,,
grid,good,D:\Research\research-experiments\industrial-anomaly-detection\data\mvtec_ad\grid\test\good\008.png,2,0.75,1,0,51.98367691040039,52.66101873488653,5.768538149876604,-0.11742001298901542,,,,
grid,good,D:\Research\research-experiments\industrial-anomaly-detection\data\mvtec_ad\grid\test\good\009.png,2,0.75,1,0,50.16082000732422,52.66101873488653,5.768538149876604,-0.4334198132356628,,,,
grid,good,D:\Research\research-experiments\industrial-anomaly-detection\data\mvtec_ad\grid\test\good\010.png,2,0.75,1,0,49.28017807006836,52.66101873488653,5.768538149876604,-0.5860827434920394,,,,
grid,good,D:\Research\research-experiments\industrial-anomaly-detection\data\mvtec_ad\grid\test\good\011.png,2,0.75,1,0,49.140010833740234,52.66101873488653,5.768538149876604,-0.6103813149301295,,,,
grid,good,D:\Research\research-experiments\industrial-anomaly-detection\data\mvtec_ad\grid\test\good\012.png,2,0.75,1,0,55.28990173339844,52.66101873488653,5.768538149876604,0.45572776502624673,,,,
grid,good,D:\Research\research-experiments\industrial-anomaly-detection\data\mvtec_ad\grid\test\good\013.png,2,0.75,1,0,52.46147918701172,52.66101873488653,5.768538149876604,-0.03459100775455252,,,,
grid,good,D:\Research\research-experiments\industrial-anomaly-detection\data\mvtec_ad\grid\test\good\014.png,2,0.75,1,0,50.28873825073242,52.66101873488653,5.768538149876604,-0.41124465549471256,,,,
grid,good,D:\Research\research-experiments\industrial-anomaly-detection\data\mvtec_ad\grid\test\good\015.png,2,0.75,1,0,50.637664794921875,52.66101873488653,5.768538149876604,-0.3507567926906992,,,,
grid,good,D:\Research\research-experiments\industrial-anomaly-detection\data\mvtec_ad\grid\test\good\016.png,2,0.75,1,0,60.04250717163086,52.66101873488653,5.768538149876604,1.2796116182229333,,,,
grid,good,D:\Research\research-experiments\industrial-anomaly-detection\data\mvtec_ad\grid\test\good\017.png,2,0.75,1,0,57.81591796875,52.66101873488653,5.768538149876604,0.8936231502557952,,,,
grid,good,D:\Research\research-experiments\industrial-anomaly-detection\data\mvtec_ad\grid\test\good\018.png,2,0.75,1,0,50.2568359375,52.66101873488653,5.768538149876604,-0.41677505373488094,,,,
grid,good,D:\Research\research-experiments\industrial-anomaly-detection\data\mvtec_ad\grid\test\good\019.png,2,0.75,1,0,48.84073257446289,52.66101873488653,5.768538149876604,-0.6622624417427772,,,,
grid,good,D:\Research\research-experiments\industrial-anomaly-detection\data\mvtec_ad\grid\test\good\020.png,2,0.75,1,0,45.372528076171875,52.66101873488653,5.768538149876604,-1.263490067907511,,,,
grid,bent,D:\Research\research-experiments\industrial-anomaly-detection\data\mvtec_ad\grid\test\bent\000.png,2,0.75,0,1,55.11170196533203,52.66101873488653,5.768538149876604,0.42483609655904275,D:\Research\research-experiments\industrial-anomaly-detection\data\mvtec_ad\grid\ground_truth\bent\000_mask.png,5460,0.005207061767578125,-5.257739350413088
grid,bent,D:\Research\research-experiments\industrial-anomaly-detection\data\mvtec_ad\grid\test\bent\001.png,2,0.75,0,1,72.69892120361328,52.66101873488653,5.768538149876604,3.473653453978697,D:\Research\research-experiments\industrial-anomaly-detection\data\mvtec_ad\grid\ground_truth\bent\001_mask.png,4554,0.0043430328369140625,-5.439182134321405
grid,bent,D:\Research\research-experiments\industrial-anomaly-detection\data\mvtec_ad\grid\test\bent\002.png,2,0.75,0,1,57.68065643310547,52.66101873488653,5.768538149876604,0.870175002366295,D:\Research\research-experiments\industrial-anomaly-detection\data\mvtec_ad\grid\ground_truth\bent\002_mask.png,4315,0.004115104675292969,-5.493090764674223
grid,bent,D:\Research\research-experiments\industrial-anomaly-detection\data\mvtec_ad\grid\test\bent\003.png,2,0.75,0,1,77.32917022705078,52.66101873488653,5.768538149876604,4.276326315479413,D:\Research\research-experiments\industrial-anomaly-detection\data\mvtec_ad\grid\ground_truth\bent\003_mask.png,7860,0.007495880126953125,-4.893401592369047
grid,bent,D:\Research\research-experiments\industrial-anomaly-detection\data\mvtec_ad\grid\test\bent\004.png,2,0.75,0,1,62.2603759765625,52.66101873488653,5.768538149876604,1.6640883690578192,D:\Research\research-experiments\industrial-anomaly-detection\data\mvtec_ad\grid\ground_truth\bent\004_mask.png,8709,0.008305549621582031,-4.79083123810475
grid,bent,D:\Research\research-experiments\industrial-anomaly-detection\data\mvtec_ad\grid\test\bent\005.png,2,0.75,0,1,78.05989074707031,52.66101873488653,5.768538149876604,4.402999746604275,D:\Research\research-experiments\industrial-anomaly-detection\data\mvtec_ad\grid\ground_truth\bent\005_mask.png,14959,0.014266014099121094,-4.249875136727783
grid,bent,D:\Research\research-experiments\industrial-anomaly-detection\data\mvtec_ad\grid\test\bent\006.png,2,0.75,0,1,69.27336120605469,52.66101873488653,5.768538149876604,2.879818428785725,D:\Research\research-experiments\industrial-anomaly-detection\data\mvtec_ad\grid\ground_truth\bent\006_mask.png,22629,0.02158069610595703,-3.8359560163394586
grid,bent,D:\Research\research-experiments\industrial-anomaly-detection\data\mvtec_ad\grid\test\bent\007.png,2,0.75,0,1,63.03544616699219,52.66101873488653,5.768538149876604,1.7984499993863396,D:\Research\research-experiments\industrial-anomaly-detection\data\mvtec_ad\grid\ground_truth\bent\007_mask.png,11967,0.011412620544433594,-4.473035383003099
grid,bent,D:\Research\research-experiments\industrial-anomaly-detection\data\mvtec_ad\grid\test\bent\008.png,2,0.75,0,1,57.80411148071289,52.66101873488653,5.768538149876604,0.8915764466143602,D:\Research\research-experiments\industrial-anomaly-detection\data\mvtec_ad\grid\ground_truth\bent\008_mask.png,6220,0.005931854248046875,-5.1274182568843445
grid,bent,D:\Research\research-experiments\industrial-anomaly-detection\data\mvtec_ad\grid\test\bent\009.png,2,0.75,0,1,68.78968811035156,52.66101873488653,5.768538149876604,2.7959716927260057,D:\Research\research-experiments\industrial-anomaly-detection\data\mvtec_ad\grid\ground_truth\bent\009_mask.png,14468,0.013797760009765625,-4.283248945651388
grid,bent,D:\Research\research-experiments\industrial-anomaly-detection\data\mvtec_ad\grid\test\bent\010.png,2,0.75,0,1,78.2491455078125,52.66101873488653,5.768538149876604,4.435807843876932,D:\Research\research-experiments\industrial-anomaly-detection\data\mvtec_ad\grid\ground_truth\bent\010_mask.png,19594,0.018686294555664062,-3.9799648817791624
grid,bent,D:\Research\research-experiments\industrial-anomaly-detection\data\mvtec_ad\grid\test\bent\011.png,2,0.75,0,1,74.26087188720703,52.66101873488653,5.768538149876604,3.7444240795707566,D:\Research\research-experiments\industrial-anomaly-detection\data\mvtec_ad\grid\ground_truth\bent\011_mask.png,15136,0.014434814453125,-4.2381122506302935
grid,broken,D:\Research\research-experiments\industrial-anomaly-detection\data\mvtec_ad\grid\test\broken\000.png,2,0.75,0,1,70.80870056152344,52.66101873488653,5.768538149876604,3.145975870338156,D:\Research\research-experiments\industrial-anomaly-detection\data\mvtec_ad\grid\ground_truth\broken\000_mask.png,7428,0.007083892822265625,-4.9499315475609995
grid,broken,D:\Research\research-experiments\industrial-anomaly-detection\data\mvtec_ad\grid\test\broken\001.png,2,0.75,0,1,91.6131591796875,52.66101873488653,5.768538149876604,6.75251501034698,D:\Research\research-experiments\industrial-anomaly-detection\data\mvtec_ad\grid\ground_truth\broken\001_mask.png,24376,0.02324676513671875,-3.7615892475166244
grid,broken,D:\Research\research-experiments\industrial-anomaly-detection\data\mvtec_ad\grid\test\broken\002.png,2,0.75,0,1,70.19444274902344,52.66101873488653,5.768538149876604,3.0394917323225066,D:\Research\research-experiments\industrial-anomaly-detection\data\mvtec_ad\grid\ground_truth\broken\002_mask.png,2682,0.0025577545166015625,-5.968625156389424
grid,broken,D:\Research\research-experiments\industrial-anomaly-detection\data\mvtec_ad\grid\test\broken\003.png,2,0.75,0,1,80.72122955322266,52.66101873488653,5.768538149876604,4.864353860420662,D:\Research\research-experiments\industrial-anomaly-detection\data\mvtec_ad\grid\ground_truth\broken\003_mask.png,11860,0.011310577392578125,-4.482016850234378
grid,broken,D:\Research\research-experiments\industrial-anomaly-detection\data\mvtec_ad\grid\test\broken\004.png,2,0.75,0,1,91.16073608398438,52.66101873488653,5.768538149876604,6.674085591324623,D:\Research\research-experiments\industrial-anomaly-detection\data\mvtec_ad\grid\ground_truth\broken\004_mask.png,4616,0.00440216064453125,-5.425659575849818
grid,broken,D:\Research\research-experiments\industrial-anomaly-detection\data\mvtec_ad\grid\test\broken\005.png,2,0.75,0,1,63.52143096923828,52.66101873488653,5.768538149876604,1.8826974793577582,D:\Research\research-experiments\industrial-anomaly-detection\data\mvtec_ad\grid\ground_truth\broken\005_mask.png,6628,0.006320953369140625,-5.063885074448482
grid,broken,D:\Research\research-experiments\industrial-anomaly-detection\data\mvtec_ad\grid\test\broken\006.png,2,0.75,0,1,82.11325073242188,52.66101873488653,5.768538149876604,5.105666502034898,D:\Research\research-experiments\industrial-anomaly-detection\data\mvtec_ad\grid\ground_truth\broken\006_mask.png,5489,0.005234718322753906,-5.2524420516167885
grid,broken,D:\Research\research-experiments\industrial-anomaly-detection\data\mvtec_ad\grid\test\broken\007.png,2,0.75,0,1,74.8459243774414,52.66101873488653,5.768538149876604,3.8458453539098874,D:\Research\research-experiments\industrial-anomaly-detection\data\mvtec_ad\grid\ground_truth\broken\007_mask.png,4852,0.004627227783203125,-5.37579712502287
grid,broken,D:\Research\research-experiments\industrial-anomaly-detection\data\mvtec_ad\grid\test\broken\008.png,2,0.75,0,1,54.922279357910156,52.66101873488653,5.768538149876604,0.3919989023687041,D:\Research\research-experiments\industrial-anomaly-detection\data\mvtec_ad\grid\ground_truth\broken\008_mask.png,4135,0.003943443298339844,-5.535700750155657
grid,broken,D:\Research\research-experiments\industrial-anomaly-detection\data\mvtec_ad\grid\test\broken\009.png,2,0.75,0,1,74.50980377197266,52.66101873488653,5.768538149876604,3.7875774536662283,D:\Research\research-experiments\industrial-anomaly-detection\data\mvtec_ad\grid\ground_truth\broken\009_mask.png,6307,0.006014823913574219,-5.113528038279362
grid,broken,D:\Research\research-experiments\industrial-anomaly-detection\data\mvtec_ad\grid\test\broken\010.png,2,0.75,0,1,79.39900207519531,52.66101873488653,5.768538149876604,4.635140246213114,D:\Research\research-experiments\industrial-anomaly-detection\data\mvtec_ad\grid\ground_truth\broken\010_mask.png,5170,0.0049304962158203125,-5.31231544087711
grid,broken,D:\Research\research-experiments\industrial-anomaly-detection\data\mvtec_ad\grid\test\broken\011.png,2,0.75,0,1,64.95575714111328,52.66101873488653,5.768538149876604,2.1313438668148095,D:\Research\research-experiments\industrial-anomaly-detection\data\mvtec_ad\grid\ground_truth\broken\011_mask.png,4002,0.0038166046142578125,-5.5683938340422685
grid,glue,D:\Research\research-experiments\industrial-anomaly-detection\data\mvtec_ad\grid\test\glue\000.png,2,0.75,0,1,70.23689270019531,52.66101873488653,5.768538149876604,3.046850607321501,D:\Research\research-experiments\industrial-anomaly-detection\data\mvtec_ad\grid\ground_truth\glue\000_mask.png,5771,0.005503654479980469,-5.2023427747905036
grid,glue,D:\Research\research-experiments\industrial-anomaly-detection\data\mvtec_ad\grid\test\glue\001.png,2,0.75,0,1,47.289981842041016,52.66101873488653,5.768538149876604,-0.931091509373204,D:\Research\research-experiments\industrial-anomaly-detection\data\mvtec_ad\grid\ground_truth\glue\001_mask.png,5019,0.004786491394042969,-5.341957412622695
grid,glue,D:\Research\research-experiments\industrial-anomaly-detection\data\mvtec_ad\grid\test\glue\002.png,2,0.75,0,1,70.45825958251953,52.66101873488653,5.768538149876604,3.0852254739814287,D:\Research\research-experiments\industrial-anomaly-detection\data\mvtec_ad\grid\ground_truth\glue\002_mask.png,5399,0.005148887634277344,-5.268974386763931
grid,glue,D:\Research\research-experiments\industrial-anomaly-detection\data\mvtec_ad\grid\test\glue\003.png,2,0.75,0,1,71.42620086669922,52.66101873488653,5.768538149876604,3.2530221078999184,D:\Research\research-experiments\industrial-anomaly-detection\data\mvtec_ad\grid\ground_truth\glue\003_mask.png,4794,0.0045719146728515625,-5.3878229774778585
grid,glue,D:\Research\research-experiments\industrial-anomaly-detection\data\mvtec_ad\grid\test\glue\004.png,2,0.75,0,1,61.71390151977539,52.66101873488653,5.768538149876604,1.5693547567302664,D:\Research\research-experiments\industrial-anomaly-detection\data\mvtec_ad\grid\ground_truth\glue\004_mask.png,7696,0.0073394775390625,-4.914487482603893
grid,glue,D:\Research\research-experiments\industrial-anomaly-detection\data\mvtec_ad\grid\test\glue\005.png,2,0.75,0,1,74.15972900390625,52.66101873488653,5.768538149876604,3.7268905414935327,D:\Research\research-experiments\industrial-anomaly-detection\data\mvtec_ad\grid\ground_truth\glue\005_mask.png,2542,0.0024242401123046875,-6.022236746949199
grid,glue,D:\Research\research-experiments\industrial-anomaly-detection\data\mvtec_ad\grid\test\glue\006.png,2,0.75,0,1,49.280216217041016,52.66101873488653,5.768538149876604,-0.5860761305562028,D:\Research\research-experiments\industrial-anomaly-detection\data\mvtec_ad\grid\ground_truth\glue\006_mask.png,4838,0.0046138763427734375,-5.3786867032914625
grid,glue,D:\Research\research-experiments\industrial-anomaly-detection\data\mvtec_ad\grid\test\glue\007.png,2,0.75,0,1,54.811588287353516,52.66101873488653,5.768538149876604,0.3728101464515731,D:\Research\research-experiments\industrial-anomaly-detection\data\mvtec_ad\grid\ground_truth\glue\007_mask.png,5125,0.004887580871582031,-5.321057602592123
grid,glue,D:\Research\research-experiments\industrial-anomaly-detection\data\mvtec_ad\grid\test\glue\008.png,2,0.75,0,1,52.61143112182617,52.66101873488653,5.768538149876604,-0.008596218274368397,D:\Research\research-experiments\industrial-anomaly-detection\data\mvtec_ad\grid\ground_truth\glue\008_mask.png,2384,0.0022735595703125,-6.086408143174836
grid,glue,D:\Research\research-experiments\industrial-anomaly-detection\data\mvtec_ad\grid\test\glue\009.png,2,0.75,0,1,73.03999328613281,52.66101873488653,5.768538149876604,3.53277971329395,D:\Research\research-experiments\industrial-anomaly-detection\data\mvtec_ad\grid\ground_truth\glue\009_mask.png,6548,0.006244659423828125,-5.076028512571058
grid,glue,D:\Research\research-experiments\industrial-anomaly-detection\data\mvtec_ad\grid\test\glue\010.png,2,0.75,0,1,72.46949005126953,52.66101873488653,5.768538149876604,3.4338806126829073,D:\Research\research-experiments\industrial-anomaly-detection\data\mvtec_ad\grid\ground_truth\glue\010_mask.png,6811,0.006495475769042969,-5.036649226004289
grid,metal_contamination,D:\Research\research-experiments\industrial-anomaly-detection\data\mvtec_ad\grid\test\metal_contamination\000.png,2,0.75,0,1,74.10966491699219,52.66101873488653,5.768538149876604,3.718211724501548,D:\Research\research-experiments\industrial-anomaly-detection\data\mvtec_ad\grid\ground_truth\metal_contamination\000_mask.png,2624,0.00250244140625,-5.990488061525251
grid,metal_contamination,D:\Research\research-experiments\industrial-anomaly-detection\data\mvtec_ad\grid\test\metal_contamination\001.png,2,0.75,0,1,93.16446685791016,52.66101873488653,5.768538149876604,7.021440626840622,D:\Research\research-experiments\industrial-anomaly-detection\data\mvtec_ad\grid\ground_truth\metal_contamination\001_mask.png,7452,0.007106781005859375,-4.946705738766755
grid,metal_contamination,D:\Research\research-experiments\industrial-anomaly-detection\data\mvtec_ad\grid\test\metal_contamination\002.png,2,0.75,0,1,102.33094787597656,52.66101873488653,5.768538149876604,8.610488108179112,D:\Research\research-experiments\industrial-anomaly-detection\data\mvtec_ad\grid\ground_truth\metal_contamination\002_mask.png,4647,0.004431724548339844,-5.418966256468161
grid,metal_contamination,D:\Research\research-experiments\industrial-anomaly-detection\data\mvtec_ad\grid\test\metal_contamination\003.png,2,0.75,0,1,76.53075408935547,52.66101873488653,5.768538149876604,4.137917568418879,D:\Research\research-experiments\industrial-anomaly-detection\data\mvtec_ad\grid\ground_truth\metal_contamination\003_mask.png,8548,0.008152008056640625,-4.809490872090713
grid,metal_contamination,D:\Research\research-experiments\industrial-anomaly-detection\data\mvtec_ad\grid\test\metal_contamination\004.png,2,0.75,0,1,78.25047302246094,52.66101873488653,5.768538149876604,4.436037974044047,D:\Research\research-experiments\industrial-anomaly-detection\data\mvtec_ad\grid\ground_truth\metal_contamination\004_mask.png,4391,0.004187583923339844,-5.475631101836033
grid,metal_contamination,D:\Research\research-experiments\industrial-anomaly-detection\data\mvtec_ad\grid\test\metal_contamination\005.png,2,0.75,0,1,84.25320434570312,52.66101873488653,5.768538149876604,5.47663633142348,D:\Research\research-experiments\industrial-anomaly-detection\data\mvtec_ad\grid\ground_truth\metal_contamination\005_mask.png,4072,0.00388336181640625,-5.551053795459739
grid,metal_contamination,D:\Research\research-experiments\industrial-anomaly-detection\data\mvtec_ad\grid\test\metal_contamination\006.png,2,0.75,0,1,68.2785415649414,52.66101873488653,5.768538149876604,2.7073623202767503,D:\Research\research-experiments\industrial-anomaly-detection\data\mvtec_ad\grid\ground_truth\metal_contamination\006_mask.png,3131,0.0029859542846679688,-5.813835554971247
grid,metal_contamination,D:\Research\research-experiments\industrial-anomaly-detection\data\mvtec_ad\grid\test\metal_contamination\007.png,2,0.75,0,1,68.2717056274414,52.66101873488653,5.768538149876604,2.7061772821748273,D:\Research\research-experiments\industrial-anomaly-detection\data\mvtec_ad\grid\ground_truth\metal_contamination\007_mask.png,1976,0.00188446044921875,-6.274113202235363
grid,metal_contamination,D:\Research\research-experiments\industrial-anomaly-detection\data\mvtec_ad\grid\test\metal_contamination\008.png,2,0.75,0,1,77.70134735107422,52.66101873488653,5.768538149876604,4.340844762675848,D:\Research\research-experiments\industrial-anomaly-detection\data\mvtec_ad\grid\ground_truth\metal_contamination\008_mask.png,4243,0.004046440124511719,-5.509917518865808
grid,metal_contamination,D:\Research\research-experiments\industrial-anomaly-detection\data\mvtec_ad\grid\test\metal_contamination\009.png,2,0.75,0,1,52.5318717956543,52.66101873488653,5.768538149876604,-0.022388157255230797,D:\Research\research-experiments\industrial-anomaly-detection\data\mvtec_ad\grid\ground_truth\metal_contamination\009_mask.png,4249,0.004052162170410156,-5.508504424302294
grid,metal_contamination,D:\Research\research-experiments\industrial-anomaly-detection\data\mvtec_ad\grid\test\metal_contamination\010.png,2,0.75,0,1,68.73616027832031,52.66101873488653,5.768538149876604,2.786692421160055,D:\Research\research-experiments\industrial-anomaly-detection\data\mvtec_ad\grid\ground_truth\metal_contamination\010_mask.png,5163,0.004923820495605469,-5.313670323224953
grid,thread,D:\Research\research-experiments\industrial-anomaly-detection\data\mvtec_ad\grid\test\thread\000.png,2,0.75,0,1,69.65110778808594,52.66101873488653,5.768538149876604,2.9453023646143075,D:\Research\research-experiments\industrial-anomaly-detection\data\mvtec_ad\grid\ground_truth\thread\000_mask.png,7354,0.0070133209228515625,-4.9599438067518955
grid,thread,D:\Research\research-experiments\industrial-anomaly-detection\data\mvtec_ad\grid\test\thread\001.png,2,0.75,0,1,99.89570617675781,52.66101873488653,5.768538149876604,8.188328865066392,D:\Research\research-experiments\industrial-anomaly-detection\data\mvtec_ad\grid\ground_truth\thread\001_mask.png,14256,0.0135955810546875,-4.298010387935007
grid,thread,D:\Research\research-experiments\industrial-anomaly-detection\data\mvtec_ad\grid\test\thread\002.png,2,0.75,0,1,53.23506164550781,52.66101873488653,5.768538149876604,0.0995127180763396,D:\Research\research-experiments\industrial-anomaly-detection\data\mvtec_ad\grid\ground_truth\thread\002_mask.png,15995,0.015254020690917969,-4.182912093258803
grid,thread,D:\Research\research-experiments\industrial-anomaly-detection\data\mvtec_ad\grid\test\thread\003.png,2,0.75,0,1,51.36634063720703,52.66101873488653,5.768538149876604,-0.2244378149266805,D:\Research\research-experiments\industrial-anomaly-detection\data\mvtec_ad\grid\ground_truth\thread\003_mask.png,18349,0.01749897003173828,-4.045613197967734
grid,thread,D:\Research\research-experiments\industrial-anomaly-detection\data\mvtec_ad\grid\test\thread\004.png,2,0.75,0,1,58.28697967529297,52.66101873488653,5.768538149876604,0.9752836497279267,D:\Research\research-experiments\industrial-anomaly-detection\data\mvtec_ad\grid\ground_truth\thread\004_mask.png,32883,0.03135967254638672,-3.4622324934269857
grid,thread,D:\Research\research-experiments\industrial-anomaly-detection\data\mvtec_ad\grid\test\thread\005.png,2,0.75,0,1,88.06796264648438,52.66101873488653,5.768538149876604,6.137940495783189,D:\Research\research-experiments\industrial-anomaly-detection\data\mvtec_ad\grid\ground_truth\thread\005_mask.png,15724,0.014995574951171875,-4.2000000579708185
grid,thread,D:\Research\research-experiments\industrial-anomaly-detection\data\mvtec_ad\grid\test\thread\006.png,2,0.75,0,1,61.330970764160156,52.66101873488653,5.768538149876604,1.5029721229214865,D:\Research\research-experiments\industrial-anomaly-detection\data\mvtec_ad\grid\ground_truth\thread\006_mask.png,16043,0.015299797058105469,-4.179915649487488
grid,thread,D:\Research\research-experiments\industrial-anomaly-detection\data\mvtec_ad\grid\test\thread\007.png,2,0.75,0,1,51.46569061279297,52.66101873488653,5.768538149876604,-0.2072150848337777,D:\Research\research-experiments\industrial-anomaly-detection\data\mvtec_ad\grid\ground_truth\thread\007_mask.png,33899,0.03232860565185547,-3.431802785858171
grid,thread,D:\Research\research-experiments\industrial-anomaly-detection\data\mvtec_ad\grid\test\thread\008.png,2,0.75,0,1,56.77455139160156,52.66101873488653,5.768538149876604,0.7130979374389721,D:\Research\research-experiments\industrial-anomaly-detection\data\mvtec_ad\grid\ground_truth\thread\008_mask.png,37555,0.03581523895263672,-3.3293817791577185
grid,thread,D:\Research\research-experiments\industrial-anomaly-detection\data\mvtec_ad\grid\test\thread\009.png,2,0.75,0,1,56.643768310546875,52.66101873488653,5.768538149876604,0.6904261482166913,D:\Research\research-experiments\industrial-anomaly-detection\data\mvtec_ad\grid\ground_truth\thread\009_mask.png,16580,0.015811920166015625,-4.146991119266197
grid,thread,D:\Research\research-experiments\industrial-anomaly-detection\data\mvtec_ad\grid\test\thread\010.png,2,0.75,0,1,65.71797180175781,52.66101873488653,5.768538149876604,2.263476937766388,D:\Research\research-experiments\industrial-anomaly-detection\data\mvtec_ad\grid\ground_truth\thread\010_mask.png,25467,0.02428722381591797,-3.7178047946189183
grid,good,D:\Research\research-experiments\industrial-anomaly-detection\data\mvtec_ad\grid\test\good\000.png,2,1.0,1,0,60.53712844848633,65.92948368617466,7.649054388869469,-0.7049701784752672,,,,
grid,good,D:\Research\research-experiments\industrial-anomaly-detection\data\mvtec_ad\grid\test\good\001.png,2,1.0,1,0,78.27181243896484,65.92948368617466,7.649054388869469,1.613575760521475,,,,
grid,good,D:\Research\research-experiments\industrial-anomaly-detection\data\mvtec_ad\grid\test\good\002.png,2,1.0,1,0,54.8816032409668,65.92948368617466,7.649054388869469,-1.444345913043082,,,,
grid,good,D:\Research\research-experiments\industrial-anomaly-detection\data\mvtec_ad\grid\test\good\003.png,2,1.0,1,0,57.387840270996094,65.92948368617466,7.649054388869469,-1.1166927283989447,,,,
grid,good,D:\Research\research-experiments\industrial-anomaly-detection\data\mvtec_ad\grid\test\good\004.png,2,1.0,1,0,83.9130630493164,65.92948368617466,7.649054388869469,2.3510853039966055,,,,
grid,good,D:\Research\research-experiments\industrial-anomaly-detection\data\mvtec_ad\grid\test\good\005.png,2,1.0,1,0,77.27203369140625,65.92948368617466,7.649054388869469,1.482869571660611,,,,
grid,good,D:\Research\research-experiments\industrial-anomaly-detection\data\mvtec_ad\grid\test\good\006.png,2,1.0,1,0,68.6001968383789,65.92948368617466,7.649054388869469,0.3491559892802612,,,,
grid,good,D:\Research\research-experiments\industrial-anomaly-detection\data\mvtec_ad\grid\test\good\007.png,2,1.0,1,0,62.074832916259766,65.92948368617466,7.649054388869469,-0.5039382090842494,,,,
grid,good,D:\Research\research-experiments\industrial-anomaly-detection\data\mvtec_ad\grid\test\good\008.png,2,1.0,1,0,65.73908233642578,65.92948368617466,7.649054388869469,-0.024892142226880316,,,,
grid,good,D:\Research\research-experiments\industrial-anomaly-detection\data\mvtec_ad\grid\test\good\009.png,2,1.0,1,0,63.63319778442383,65.92948368617466,7.649054388869469,-0.30020519988618183,,,,
grid,good,D:\Research\research-experiments\industrial-anomaly-detection\data\mvtec_ad\grid\test\good\010.png,2,1.0,1,0,61.26268768310547,65.92948368617466,7.649054388869469,-0.6101141089884377,,,,
grid,good,D:\Research\research-experiments\industrial-anomaly-detection\data\mvtec_ad\grid\test\good\011.png,2,1.0,1,0,59.9362907409668,65.92948368617466,7.649054388869469,-0.7835207648580547,,,,
grid,good,D:\Research\research-experiments\industrial-anomaly-detection\data\mvtec_ad\grid\test\good\012.png,2,1.0,1,0,69.5441665649414,65.92948368617466,7.649054388869469,0.4725659794008856,,,,
grid,good,D:\Research\research-experiments\industrial-anomaly-detection\data\mvtec_ad\grid\test\good\013.png,2,1.0,1,0,65.53323364257812,65.92948368617466,7.649054388869469,-0.051803794750517385,,,,
grid,good,D:\Research\research-experiments\industrial-anomaly-detection\data\mvtec_ad\grid\test\good\014.png,2,1.0,1,0,63.54296875,65.92948368617466,7.649054388869469,-0.31200130301693285,,,,
grid,good,D:\Research\research-experiments\industrial-anomaly-detection\data\mvtec_ad\grid\test\good\015.png,2,1.0,1,0,63.31167984008789,65.92948368617466,7.649054388869469,-0.34223888509618566,,,,
grid,good,D:\Research\research-experiments\industrial-anomaly-detection\data\mvtec_ad\grid\test\good\016.png,2,1.0,1,0,75.97266387939453,65.92948368617466,7.649054388869469,1.3129963107379932,,,,
grid,good,D:\Research\research-experiments\industrial-anomaly-detection\data\mvtec_ad\grid\test\good\017.png,2,1.0,1,0,71.34679412841797,65.92948368617466,7.649054388869469,0.7082326999957422,,,,
grid,good,D:\Research\research-experiments\industrial-anomaly-detection\data\mvtec_ad\grid\test\good\018.png,2,1.0,1,0,62.530067443847656,65.92948368617466,7.649054388869469,-0.4444230710757753,,,,
grid,good,D:\Research\research-experiments\industrial-anomaly-detection\data\mvtec_ad\grid\test\good\019.png,2,1.0,1,0,61.77741622924805,65.92948368617466,7.649054388869469,-0.5428210136626173,,,,
grid,good,D:\Research\research-experiments\industrial-anomaly-detection\data\mvtec_ad\grid\test\good\020.png,2,1.0,1,0,57.45039749145508,65.92948368617466,7.649054388869469,-1.1085143030304423,,,,
grid,bent,D:\Research\research-experiments\industrial-anomaly-detection\data\mvtec_ad\grid\test\bent\000.png,2,1.0,0,1,68.69927978515625,65.92948368617466,7.649054388869469,0.3621096096547645,D:\Research\research-experiments\industrial-anomaly-detection\data\mvtec_ad\grid\ground_truth\bent\000_mask.png,5460,0.005207061767578125,-5.257739350413088
grid,bent,D:\Research\research-experiments\industrial-anomaly-detection\data\mvtec_ad\grid\test\bent\001.png,2,1.0,0,1,89.188720703125,65.92948368617466,7.649054388869469,3.04079901050201,D:\Research\research-experiments\industrial-anomaly-detection\data\mvtec_ad\grid\ground_truth\bent\001_mask.png,4554,0.0043430328369140625,-5.439182134321405
grid,bent,D:\Research\research-experiments\industrial-anomaly-detection\data\mvtec_ad\grid\test\bent\002.png,2,1.0,0,1,71.7392807006836,65.92948368617466,7.649054388869469,0.7595444768915572,D:\Research\research-experiments\industrial-anomaly-detection\data\mvtec_ad\grid\ground_truth\bent\002_mask.png,4315,0.004115104675292969,-5.493090764674223
grid,bent,D:\Research\research-experiments\industrial-anomaly-detection\data\mvtec_ad\grid\test\bent\003.png,2,1.0,0,1,91.82640838623047,65.92948368617466,7.649054388869469,3.385637411304036,D:\Research\research-experiments\industrial-anomaly-detection\data\mvtec_ad\grid\ground_truth\bent\003_mask.png,7860,0.007495880126953125,-4.893401592369047
grid,bent,D:\Research\research-experiments\industrial-anomaly-detection\data\mvtec_ad\grid\test\bent\004.png,2,1.0,0,1,74.3619613647461,65.92948368617466,7.649054388869469,1.1024209333433375,D:\Research\research-experiments\industrial-anomaly-detection\data\mvtec_ad\grid\ground_truth\bent\004_mask.png,8709,0.008305549621582031,-4.79083123810475
grid,bent,D:\Research\research-experiments\industrial-anomaly-detection\data\mvtec_ad\grid\test\bent\005.png,2,1.0,0,1,95.26982116699219,65.92948368617466,7.649054388869469,3.8358123748619377,D:\Research\research-experiments\industrial-anomaly-detection\data\mvtec_ad\grid\ground_truth\bent\005_mask.png,14959,0.014266014099121094,-4.249875136727783
grid,bent,D:\Research\research-experiments\industrial-anomaly-detection\data\mvtec_ad\grid\test\bent\006.png,2,1.0,0,1,82.51016998291016,65.92948368617466,7.649054388869469,2.167677918575517,D:\Research\research-experiments\industrial-anomaly-detection\data\mvtec_ad\grid\ground_truth\bent\006_mask.png,22629,0.02158069610595703,-3.8359560163394586
grid,bent,D:\Research\research-experiments\industrial-anomaly-detection\data\mvtec_ad\grid\test\bent\007.png,2,1.0,0,1,76.84818267822266,65.92948368617466,7.649054388869469,1.4274573609956744,D:\Research\research-experiments\industrial-anomaly-detection\data\mvtec_ad\grid\ground_truth\bent\007_mask.png,11967,0.011412620544433594,-4.473035383003099
grid,bent,D:\Research\research-experiments\industrial-anomaly-detection\data\mvtec_ad\grid\test\bent\008.png,2,1.0,0,1,70.3808364868164,65.92948368617466,7.649054388869469,0.5819481172887376,D:\Research\research-experiments\industrial-anomaly-detection\data\mvtec_ad\grid\ground_truth\bent\008_mask.png,6220,0.005931854248046875,-5.1274182568843445
grid,bent,D:\Research\research-experiments\industrial-anomaly-detection\data\mvtec_ad\grid\test\bent\009.png,2,1.0,0,1,84.08472442626953,65.92948368617466,7.649054388869469,2.373527473737602,D:\Research\research-experiments\industrial-anomaly-detection\data\mvtec_ad\grid\ground_truth\bent\009_mask.png,14468,0.013797760009765625,-4.283248945651388
grid,bent,D:\Research\research-experiments\industrial-anomaly-detection\data\mvtec_ad\grid\test\bent\010.png,2,1.0,0,1,95.4256591796875,65.92948368617466,7.649054388869469,3.856185875267698,D:\Research\research-experiments\industrial-anomaly-detection\data\mvtec_ad\grid\ground_truth\bent\010_mask.png,19594,0.018686294555664062,-3.9799648817791624
grid,bent,D:\Research\research-experiments\industrial-anomaly-detection\data\mvtec_ad\grid\test\bent\011.png,2,1.0,0,1,89.78401947021484,65.92948368617466,7.649054388869469,3.118625462874488,D:\Research\research-experiments\industrial-anomaly-detection\data\mvtec_ad\grid\ground_truth\bent\011_mask.png,15136,0.014434814453125,-4.2381122506302935
grid,broken,D:\Research\research-experiments\industrial-anomaly-detection\data\mvtec_ad\grid\test\broken\000.png,2,1.0,0,1,84.98866271972656,65.92948368617466,7.649054388869469,2.4917039498746263,D:\Research\research-experiments\industrial-anomaly-detection\data\mvtec_ad\grid\ground_truth\broken\000_mask.png,7428,0.007083892822265625,-4.9499315475609995
grid,broken,D:\Research\research-experiments\industrial-anomaly-detection\data\mvtec_ad\grid\test\broken\001.png,2,1.0,0,1,110.81449890136719,65.92948368617466,7.649054388869469,5.868047595596524,D:\Research\research-experiments\industrial-anomaly-detection\data\mvtec_ad\grid\ground_truth\broken\001_mask.png,24376,0.02324676513671875,-3.7615892475166244
grid,broken,D:\Research\research-experiments\industrial-anomaly-detection\data\mvtec_ad\grid\test\broken\002.png,2,1.0,0,1,87.71125793457031,65.92948368617466,7.649054388869469,2.8476427465454326,D:\Research\research-experiments\industrial-anomaly-detection\data\mvtec_ad\grid\ground_truth\broken\002_mask.png,2682,0.0025577545166015625,-5.968625156389424
grid,broken,D:\Research\research-experiments\industrial-anomaly-detection\data\mvtec_ad\grid\test\broken\003.png,2,1.0,0,1,97.7135009765625,65.92948368617466,7.649054388869469,4.155287134137573,D:\Research\research-experiments\industrial-anomaly-detection\data\mvtec_ad\grid\ground_truth\broken\003_mask.png,11860,0.011310577392578125,-4.482016850234378
grid,broken,D:\Research\research-experiments\industrial-anomaly-detection\data\mvtec_ad\grid\test\broken\004.png,2,1.0,0,1,109.27616119384766,65.92948368617466,7.649054388869469,5.666932839534906,D:\Research\research-experiments\industrial-anomaly-detection\data\mvtec_ad\grid\ground_truth\broken\004_mask.png,4616,0.00440216064453125,-5.425659575849818
grid,broken,D:\Research\research-experiments\industrial-anomaly-detection\data\mvtec_ad\grid\test\broken\005.png,2,1.0,0,1,75.19164276123047,65.92948368617466,7.649054388869469,1.2108894255652893,D:\Research\research-experiments\industrial-anomaly-detection\data\mvtec_ad\grid\ground_truth\broken\005_mask.png,6628,0.006320953369140625,-5.063885074448482
grid,broken,D:\Research\research-experiments\industrial-anomaly-detection\data\mvtec_ad\grid\test\broken\006.png,2,1.0,0,1,102.19763946533203,65.92948368617466,7.649054388869469,4.7415214921118904,D:\Research\research-experiments\industrial-anomaly-detection\data\mvtec_ad\grid\ground_truth\broken\006_mask.png,5489,0.005234718322753906,-5.2524420516167885
grid,broken,D:\Research\research-experiments\industrial-anomaly-detection\data\mvtec_ad\grid\test\broken\007.png,2,1.0,0,1,92.42758178710938,65.92948368617466,7.649054388869469,3.4642318845965394,D:\Research\research-experiments\industrial-anomaly-detection\data\mvtec_ad\grid\ground_truth\broken\007_mask.png,4852,0.004627227783203125,-5.37579712502287
grid,broken,D:\Research\research-experiments\industrial-anomaly-detection\data\mvtec_ad\grid\test\broken\008.png,2,1.0,0,1,69.66358184814453,65.92948368617466,7.649054388869469,0.48817775010248926,D:\Research\research-experiments\industrial-anomaly-detection\data\mvtec_ad\grid\ground_truth\broken\008_mask.png,4135,0.003943443298339844,-5.535700750155657
grid,broken,D:\Research\research-experiments\industrial-anomaly-detection\data\mvtec_ad\grid\test\broken\009.png,2,1.0,0,1,88.01776885986328,65.92948368617466,7.649054388869469,2.8877144874051903,D:\Research\research-experiments\industrial-anomaly-detection\data\mvtec_ad\grid\ground_truth\broken\009_mask.png,6307,0.006014823913574219,-5.113528038279362
grid,broken,D:\Research\research-experiments\industrial-anomaly-detection\data\mvtec_ad\grid\test\broken\010.png,2,1.0,0,1,95.44888305664062,65.92948368617466,7.649054388869469,3.859222051476213,D:\Research\research-experiments\industrial-anomaly-detection\data\mvtec_ad\grid\ground_truth\broken\010_mask.png,5170,0.0049304962158203125,-5.31231544087711
grid,broken,D:\Research\research-experiments\industrial-anomaly-detection\data\mvtec_ad\grid\test\broken\011.png,2,1.0,0,1,77.69873809814453,65.92948368617466,7.649054388869469,1.5386548210581314,D:\Research\research-experiments\industrial-anomaly-detection\data\mvtec_ad\grid\ground_truth\broken\011_mask.png,4002,0.0038166046142578125,-5.5683938340422685
grid,glue,D:\Research\research-experiments\industrial-anomaly-detection\data\mvtec_ad\grid\test\glue\000.png,2,1.0,0,1,84.47576904296875,65.92948368617466,7.649054388869469,2.424650736407593,D:\Research\research-experiments\industrial-anomaly-detection\data\mvtec_ad\grid\ground_truth\glue\000_mask.png,5771,0.005503654479980469,-5.2023427747905036
grid,glue,D:\Research\research-experiments\industrial-anomaly-detection\data\mvtec_ad\grid\test\glue\001.png,2,1.0,0,1,57.53603744506836,65.92948368617466,7.649054388869469,-1.0973181539041006,D:\Research\research-experiments\industrial-anomaly-detection\data\mvtec_ad\grid\ground_truth\glue\001_mask.png,5019,0.004786491394042969,-5.341957412622695
grid,glue,D:\Research\research-experiments\industrial-anomaly-detection\data\mvtec_ad\grid\test\glue\002.png,2,1.0,0,1,85.7808609008789,65.92948368617466,7.649054388869469,2.5952720696549108,D:\Research\research-experiments\industrial-anomaly-detection\data\mvtec_ad\grid\ground_truth\glue\002_mask.png,5399,0.005148887634277344,-5.268974386763931
grid,glue,D:\Research\research-experiments\industrial-anomaly-detection\data\mvtec_ad\grid\test\glue\003.png,2,1.0,0,1,87.56216430664062,65.92948368617466,7.649054388869469,2.8281509740530524,D:\Research\research-experiments\industrial-anomaly-detection\data\mvtec_ad\grid\ground_truth\glue\003_mask.png,4794,0.0045719146728515625,-5.3878229774778585
grid,glue,D:\Research\research-experiments\industrial-anomaly-detection\data\mvtec_ad\grid\test\glue\004.png,2,1.0,0,1,74.63367462158203,65.92948368617466,7.649054388869469,1.1379433970391533,D:\Research\research-experiments\industrial-anomaly-detection\data\mvtec_ad\grid\ground_truth\glue\004_mask.png,7696,0.0073394775390625,-4.914487482603893
grid,glue,D:\Research\research-experiments\industrial-anomaly-detection\data\mvtec_ad\grid\test\glue\005.png,2,1.0,0,1,88.71052551269531,65.92948368617466,7.649054388869469,2.9782821076119568,D:\Research\research-experiments\industrial-anomaly-detection\data\mvtec_ad\grid\ground_truth\glue\005_mask.png,2542,0.0024242401123046875,-6.022236746949199
grid,glue,D:\Research\research-experiments\industrial-anomaly-detection\data\mvtec_ad\grid\test\glue\006.png,2,1.0,0,1,59.99070739746094,65.92948368617466,7.649054388869469,-0.7764065970501587,D:\Research\research-experiments\industrial-anomaly-detection\data\mvtec_ad\grid\ground_truth\glue\006_mask.png,4838,0.0046138763427734375,-5.3786867032914625
grid,glue,D:\Research\research-experiments\industrial-anomaly-detection\data\mvtec_ad\grid\test\glue\007.png,2,1.0,0,1,66.56727600097656,65.92948368617466,7.649054388869469,0.08338185119064961,D:\Research\research-experiments\industrial-anomaly-detection\data\mvtec_ad\grid\ground_truth\glue\007_mask.png,5125,0.004887580871582031,-5.321057602592123
grid,glue,D:\Research\research-experiments\industrial-anomaly-detection\data\mvtec_ad\grid\test\glue\008.png,2,1.0,0,1,64.57471466064453,65.92948368617466,7.649054388869469,-0.17711588343541207,D:\Research\research-experiments\industrial-anomaly-detection\data\mvtec_ad\grid\ground_truth\glue\008_mask.png,2384,0.0022735595703125,-6.086408143174836
grid,glue,D:\Research\research-experiments\industrial-anomaly-detection\data\mvtec_ad\grid\test\glue\009.png,2,1.0,0,1,86.57749938964844,65.92948368617466,7.649054388869469,2.699420693559162,D:\Research\research-experiments\industrial-anomaly-detection\data\mvtec_ad\grid\ground_truth\glue\009_mask.png,6548,0.006244659423828125,-5.076028512571058
grid,glue,D:\Research\research-experiments\industrial-anomaly-detection\data\mvtec_ad\grid\test\glue\010.png,2,1.0,0,1,86.58773803710938,65.92948368617466,7.649054388869469,2.700759244305492,D:\Research\research-experiments\industrial-anomaly-detection\data\mvtec_ad\grid\ground_truth\glue\010_mask.png,6811,0.006495475769042969,-5.036649226004289
grid,metal_contamination,D:\Research\research-experiments\industrial-anomaly-detection\data\mvtec_ad\grid\test\metal_contamination\000.png,2,1.0,0,1,91.48331451416016,65.92948368617466,7.649054388869469,3.3407829947150307,D:\Research\research-experiments\industrial-anomaly-detection\data\mvtec_ad\grid\ground_truth\metal_contamination\000_mask.png,2624,0.00250244140625,-5.990488061525251
grid,metal_contamination,D:\Research\research-experiments\industrial-anomaly-detection\data\mvtec_ad\grid\test\metal_contamination\001.png,2,1.0,0,1,112.3751449584961,65.92948368617466,7.649054388869469,6.072078836294705,D:\Research\research-experiments\industrial-anomaly-detection\data\mvtec_ad\grid\ground_truth\metal_contamination\001_mask.png,7452,0.007106781005859375,-4.946705738766755
grid,metal_contamination,D:\Research\research-experiments\industrial-anomaly-detection\data\mvtec_ad\grid\test\metal_contamination\002.png,2,1.0,0,1,123.75555419921875,65.92948368617466,7.649054388869469,7.559897939435464,D:\Research\research-experiments\industrial-anomaly-detection\data\mvtec_ad\grid\ground_truth\metal_contamination\002_mask.png,4647,0.004431724548339844,-5.418966256468161
grid,metal_contamination,D:\Research\research-experiments\industrial-anomaly-detection\data\mvtec_ad\grid\test\metal_contamination\003.png,2,1.0,0,1,92.40773010253906,65.92948368617466,7.649054388869469,3.4616365723447142,D:\Research\research-experiments\industrial-anomaly-detection\data\mvtec_ad\grid\ground_truth\metal_contamination\003_mask.png,8548,0.008152008056640625,-4.809490872090713
grid,metal_contamination,D:\Research\research-experiments\industrial-anomaly-detection\data\mvtec_ad\grid\test\metal_contamination\004.png,2,1.0,0,1,94.81189727783203,65.92948368617466,7.649054388869469,3.775945642860855,D:\Research\research-experiments\industrial-anomaly-detection\data\mvtec_ad\grid\ground_truth\metal_contamination\004_mask.png,4391,0.004187583923339844,-5.475631101836033
grid,metal_contamination,D:\Research\research-experiments\industrial-anomaly-detection\data\mvtec_ad\grid\test\metal_contamination\005.png,2,1.0,0,1,102.43608093261719,65.92948368617466,7.649054388869469,4.772694164597018,D:\Research\research-experiments\industrial-anomaly-detection\data\mvtec_ad\grid\ground_truth\metal_contamination\005_mask.png,4072,0.00388336181640625,-5.551053795459739
grid,metal_contamination,D:\Research\research-experiments\industrial-anomaly-detection\data\mvtec_ad\grid\test\metal_contamination\006.png,2,1.0,0,1,84.02286529541016,65.92948368617466,7.649054388869469,2.365440313192713,D:\Research\research-experiments\industrial-anomaly-detection\data\mvtec_ad\grid\ground_truth\metal_contamination\006_mask.png,3131,0.0029859542846679688,-5.813835554971247
grid,metal_contamination,D:\Research\research-experiments\industrial-anomaly-detection\data\mvtec_ad\grid\test\metal_contamination\007.png,2,1.0,0,1,84.10669708251953,65.92948368617466,7.649054388869469,2.3764000714644498,D:\Research\research-experiments\industrial-anomaly-detection\data\mvtec_ad\grid\ground_truth\metal_contamination\007_mask.png,1976,0.00188446044921875,-6.274113202235363
grid,metal_contamination,D:\Research\research-experiments\industrial-anomaly-detection\data\mvtec_ad\grid\test\metal_contamination\008.png,2,1.0,0,1,95.48838806152344,65.92948368617466,7.649054388869469,3.8643867428059413,D:\Research\research-experiments\industrial-anomaly-detection\data\mvtec_ad\grid\ground_truth\metal_contamination\008_mask.png,4243,0.004046440124511719,-5.509917518865808
grid,metal_contamination,D:\Research\research-experiments\industrial-anomaly-detection\data\mvtec_ad\grid\test\metal_contamination\009.png,2,1.0,0,1,63.00236892700195,65.92948368617466,7.649054388869469,-0.382676682680163,D:\Research\research-experiments\industrial-anomaly-detection\data\mvtec_ad\grid\ground_truth\metal_contamination\009_mask.png,4249,0.004052162170410156,-5.508504424302294
grid,metal_contamination,D:\Research\research-experiments\industrial-anomaly-detection\data\mvtec_ad\grid\test\metal_contamination\010.png,2,1.0,0,1,82.04826354980469,65.92948368617466,7.649054388869469,2.107290528236443,D:\Research\research-experiments\industrial-anomaly-detection\data\mvtec_ad\grid\ground_truth\metal_contamination\010_mask.png,5163,0.004923820495605469,-5.313670323224953
grid,thread,D:\Research\research-experiments\industrial-anomaly-detection\data\mvtec_ad\grid\test\thread\000.png,2,1.0,0,1,82.40680694580078,65.92948368617466,7.649054388869469,2.154164740102138,D:\Research\research-experiments\industrial-anomaly-detection\data\mvtec_ad\grid\ground_truth\thread\000_mask.png,7354,0.0070133209228515625,-4.9599438067518955
grid,thread,D:\Research\research-experiments\industrial-anomaly-detection\data\mvtec_ad\grid\test\thread\001.png,2,1.0,0,1,121.3753662109375,65.92948368617466,7.649054388869469,7.248723790674699,D:\Research\research-experiments\industrial-anomaly-detection\data\mvtec_ad\grid\ground_truth\thread\001_mask.png,14256,0.0135955810546875,-4.298010387935007
grid,thread,D:\Research\research-experiments\industrial-anomaly-detection\data\mvtec_ad\grid\test\thread\002.png,2,1.0,0,1,62.42395782470703,65.92948368617466,7.649054388869469,-0.45829532426501013,D:\Research\research-experiments\industrial-anomaly-detection\data\mvtec_ad\grid\ground_truth\thread\002_mask.png,15995,0.015254020690917969,-4.182912093258803
grid,thread,D:\Research\research-experiments\industrial-anomaly-detection\data\mvtec_ad\grid\test\thread\003.png,2,1.0,0,1,66.37669372558594,65.92948368617466,7.649054388869469,0.058466055629311856,D:\Research\research-experiments\industrial-anomaly-detection\data\mvtec_ad\grid\ground_truth\thread\003_mask.png,18349,0.01749897003173828,-4.045613197967734
grid,thread,D:\Research\research-experiments\industrial-anomaly-detection\data\mvtec_ad\grid\test\thread\004.png,2,1.0,0,1,67.12621307373047,65.92948368617466,7.649054388869469,0.1564545532971014,D:\Research\research-experiments\industrial-anomaly-detection\data\mvtec_ad\grid\ground_truth\thread\004_mask.png,32883,0.03135967254638672,-3.4622324934269857
grid,thread,D:\Research\research-experiments\industrial-anomaly-detection\data\mvtec_ad\grid\test\thread\005.png,2,1.0,0,1,106.7700424194336,65.92948368617466,7.649054388869469,5.3392951150521455,D:\Research\research-experiments\industrial-anomaly-detection\data\mvtec_ad\grid\ground_truth\thread\005_mask.png,15724,0.014995574951171875,-4.2000000579708185
grid,thread,D:\Research\research-experiments\industrial-anomaly-detection\data\mvtec_ad\grid\test\thread\006.png,2,1.0,0,1,74.36412811279297,65.92948368617466,7.649054388869469,1.102704203396957,D:\Research\research-experiments\industrial-anomaly-detection\data\mvtec_ad\grid\ground_truth\thread\006_mask.png,16043,0.015299797058105469,-4.179915649487488
grid,thread,D:\Research\research-experiments\industrial-anomaly-detection\data\mvtec_ad\grid\test\thread\007.png,2,1.0,0,1,63.523681640625,65.92948368617466,7.649054388869469,-0.3145228054660546,D:\Research\research-experiments\industrial-anomaly-detection\data\mvtec_ad\grid\ground_truth\thread\007_mask.png,33899,0.03232860565185547,-3.431802785858171
grid,thread,D:\Research\research-experiments\industrial-anomaly-detection\data\mvtec_ad\grid\test\thread\008.png,2,1.0,0,1,67.68902587890625,65.92948368617466,7.649054388869469,0.23003394972481656,D:\Research\research-experiments\industrial-anomaly-detection\data\mvtec_ad\grid\ground_truth\thread\008_mask.png,37555,0.03581523895263672,-3.3293817791577185
grid,thread,D:\Research\research-experiments\industrial-anomaly-detection\data\mvtec_ad\grid\test\thread\009.png,2,1.0,0,1,69.03862762451172,65.92948368617466,7.649054388869469,0.40647428822853326,D:\Research\research-experiments\industrial-anomaly-detection\data\mvtec_ad\grid\ground_truth\thread\009_mask.png,16580,0.015811920166015625,-4.146991119266197
grid,thread,D:\Research\research-experiments\industrial-anomaly-detection\data\mvtec_ad\grid\test\thread\010.png,2,1.0,0,1,78.96369934082031,65.92948368617466,7.649054388869469,1.7040296737348875,D:\Research\research-experiments\industrial-anomaly-detection\data\mvtec_ad\grid\ground_truth\thread\010_mask.png,25467,0.02428722381591797,-3.7178047946189183
