category,sub,specimen_id,filename,view_id,illumination_id,relpath,size_bytes
Bird,Good,000,A000_I01.png,000,01,Good/000/A000_I01.png,1211317
Bird,Good,000,A000_I02.png,000,02,Good/000/A000_I02.png,1340891
Bird,Good,000,A000_I03.png,000,03,Good/000/A000_I03.png,1249296
Bird,Good,000,A000_I04.png,000,04,Good/000/A000_I04.png,1317628
Bird,Good,000,A000_I05.png,000,05,Good/000/A000_I05.png,1302914
Bird,Good,000,A000_I06.png,000,06,Good/000/A000_I06.png,1229703
Bird,Good,000,A000_I07.png,000,07,Good/000/A000_I07.png,1050133
Bird,Good,000,A000_I08.png,000,08,Good/000/A000_I08.png,1298134
Bird,Good,000,A000_I09.png,000,09,Good/000/A000_I09.png,1447925
Bird,Good,000,A000_I10.png,000,10,Good/000/A000_I10.png,1469111
Bird,Good,000,A030_I01.png,030,01,Good/000/A030_I01.png,1204117
Bird,Good,000,A030_I02.png,030,02,Good/000/A030_I02.png,1326708
Bird,Good,000,A030_I03.png,030,03,Good/000/A030_I03.png,1223068
Bird,Good,000,A030_I04.png,030,04,Good/000/A030_I04.png,1298632
Bird,Good,000,A030_I05.png,030,05,Good/000/A030_I05.png,1291074
Bird,Good,000,A030_I06.png,030,06,Good/000/A030_I06.png,1226825
Bird,Good,000,A030_I07.png,030,07,Good/000/A030_I07.png,1057899
Bird,Good,000,A030_I08.png,030,08,Good/000/A030_I08.png,1292842
Bird,Good,000,A030_I09.png,030,09,Good/000/A030_I09.png,1433832
Bird,Good,000,A030_I10.png,030,10,Good/000/A030_I10.png,1457222
Bird,Good,000,A060_I01.png,060,01,Good/000/A060_I01.png,1182718
Bird,Good,000,A060_I02.png,060,02,Good/000/A060_I02.png,1308660
Bird,Good,000,A060_I03.png,060,03,Good/000/A060_I03.png,1205539
Bird,Good,000,A060_I04.png,060,04,Good/000/A060_I04.png,1292630
Bird,Good,000,A060_I05.png,060,05,Good/000/A060_I05.png,1279400
Bird,Good,000,A060_I06.png,060,06,Good/000/A060_I06.png,1228061
Bird,Good,000,A060_I07.png,060,07,Good/000/A060_I07.png,1069355
Bird,Good,000,A060_I08.png,060,08,Good/000/A060_I08.png,1275007
Bird,Good,000,A060_I09.png,060,09,Good/000/A060_I09.png,1421396
Bird,Good,000,A060_I10.png,060,10,Good/000/A060_I10.png,1447626
Bird,Good,000,A090_I01.png,090,01,Good/000/A090_I01.png,1168813
Bird,Good,000,A090_I02.png,090,02,Good/000/A090_I02.png,1299352
Bird,Good,000,A090_I03.png,090,03,Good/000/A090_I03.png,1194951
Bird,Good,000,A090_I04.png,090,04,Good/000/A090_I04.png,1297865
Bird,Good,000,A090_I05.png,090,05,Good/000/A090_I05.png,1290671
Bird,Good,000,A090_I06.png,090,06,Good/000/A090_I06.png,1233880
Bird,Good,000,A090_I07.png,090,07,Good/000/A090_I07.png,1064110
Bird,Good,000,A090_I08.png,090,08,Good/000/A090_I08.png,1260643
Bird,Good,000,A090_I09.png,090,09,Good/000/A090_I09.png,1418497
Bird,Good,000,A090_I10.png,090,10,Good/000/A090_I10.png,1443872
Bird,Good,000,A120_I01.png,120,01,Good/000/A120_I01.png,1152403
Bird,Good,000,A120_I02.png,120,02,Good/000/A120_I02.png,1289051
Bird,Good,000,A120_I03.png,120,03,Good/000/A120_I03.png,1200383
Bird,Good,000,A120_I04.png,120,04,Good/000/A120_I04.png,1315824
Bird,Good,000,A120_I05.png,120,05,Good/000/A120_I05.png,1322716
Bird,Good,000,A120_I06.png,120,06,Good/000/A120_I06.png,1255711
Bird,Good,000,A120_I07.png,120,07,Good/000/A120_I07.png,1063945
Bird,Good,000,A120_I08.png,120,08,Good/000/A120_I08.png,1255479
Bird,Good,000,A120_I09.png,120,09,Good/000/A120_I09.png,1430139
Bird,Good,000,A120_I10.png,120,10,Good/000/A120_I10.png,1460004
Bird,Good,000,A150_I01.png,150,01,Good/000/A150_I01.png,1164607
Bird,Good,000,A150_I02.png,150,02,Good/000/A150_I02.png,1296508
Bird,Good,000,A150_I03.png,150,03,Good/000/A150_I03.png,1219895
Bird,Good,000,A150_I04.png,150,04,Good/000/A150_I04.png,1324963
Bird,Good,000,A150_I05.png,150,05,Good/000/A150_I05.png,1332384
Bird,Good,000,A150_I06.png,150,06,Good/000/A150_I06.png,1270243
Bird,Good,000,A150_I07.png,150,07,Good/000/A150_I07.png,1091445
Bird,Good,000,A150_I08.png,150,08,Good/000/A150_I08.png,1273147
Bird,Good,000,A150_I09.png,150,09,Good/000/A150_I09.png,1447858
Bird,Good,000,A150_I10.png,150,10,Good/000/A150_I10.png,1475617
Bird,Good,000,A180_I01.png,180,01,Good/000/A180_I01.png,1182762
Bird,Good,000,A180_I02.png,180,02,Good/000/A180_I02.png,1325327
Bird,Good,000,A180_I03.png,180,03,Good/000/A180_I03.png,1252114
Bird,Good,000,A180_I04.png,180,04,Good/000/A180_I04.png,1344747
Bird,Good,000,A180_I05.png,180,05,Good/000/A180_I05.png,1345145
Bird,Good,000,A180_I06.png,180,06,Good/000/A180_I06.png,1282075
Bird,Good,000,A180_I07.png,180,07,Good/000/A180_I07.png,1090153
Bird,Good,000,A180_I08.png,180,08,Good/000/A180_I08.png,1284016
Bird,Good,000,A180_I09.png,180,09,Good/000/A180_I09.png,1466132
Bird,Good,000,A180_I10.png,180,10,Good/000/A180_I10.png,1490989
Bird,Good,000,A210_I01.png,210,01,Good/000/A210_I01.png,1199741
Bird,Good,000,A210_I02.png,210,02,Good/000/A210_I02.png,1347452
Bird,Good,000,A210_I03.png,210,03,Good/000/A210_I03.png,1271060
Bird,Good,000,A210_I04.png,210,04,Good/000/A210_I04.png,1366039
Bird,Good,000,A210_I05.png,210,05,Good/000/A210_I05.png,1380713
Bird,Good,000,A210_I06.png,210,06,Good/000/A210_I06.png,1308019
Bird,Good,000,A210_I07.png,210,07,Good/000/A210_I07.png,1109276
Bird,Good,000,A210_I08.png,210,08,Good/000/A210_I08.png,1299569
Bird,Good,000,A210_I09.png,210,09,Good/000/A210_I09.png,1489696
Bird,Good,000,A210_I10.png,210,10,Good/000/A210_I10.png,1512205
Bird,Good,000,A240_I01.png,240,01,Good/000/A240_I01.png,1203569
Bird,Good,000,A240_I02.png,240,02,Good/000/A240_I02.png,1357009
Bird,Good,000,A240_I03.png,240,03,Good/000/A240_I03.png,1281199
Bird,Good,000,A240_I04.png,240,04,Good/000/A240_I04.png,1381353
Bird,Good,000,A240_I05.png,240,05,Good/000/A240_I05.png,1401086
Bird,Good,000,A240_I06.png,240,06,Good/000/A240_I06.png,1332277
Bird,Good,000,A240_I07.png,240,07,Good/000/A240_I07.png,1161327
Bird,Good,000,A240_I08.png,240,08,Good/000/A240_I08.png,1315852
Bird,Good,000,A240_I09.png,240,09,Good/000/A240_I09.png,1505163
Bird,Good,000,A240_I10.png,240,10,Good/000/A240_I10.png,1531685
Bird,Good,000,A270_I01.png,270,01,Good/000/A270_I01.png,1233641
Bird,Good,000,A270_I02.png,270,02,Good/000/A270_I02.png,1382492
Bird,Good,000,A270_I03.png,270,03,Good/000/A270_I03.png,1300831
Bird,Good,000,A270_I04.png,270,04,Good/000/A270_I04.png,1370910
Bird,Good,000,A270_I05.png,270,05,Good/000/A270_I05.png,1359015
Bird,Good,000,A270_I06.png,270,06,Good/000/A270_I06.png,1291282
Bird,Good,000,A270_I07.png,270,07,Good/000/A270_I07.png,1123926
Bird,Good,000,A270_I08.png,270,08,Good/000/A270_I08.png,1334050
Bird,Good,000,A270_I09.png,270,09,Good/000/A270_I09.png,1504312
Bird,Good,000,A270_I10.png,270,10,Good/000/A270_I10.png,1525430
Bird,Good,000,A300_I01.png,300,01,Good/000/A300_I01.png,1291522
Bird,Good,000,A300_I02.png,300,02,Good/000/A300_I02.png,1397925
Bird,Good,000,A300_I03.png,300,03,Good/000/A300_I03.png,1267661
Bird,Good,000,A300_I04.png,300,04,Good/000/A300_I04.png,1358831
Bird,Good,000,A300_I05.png,300,05,Good/000/A300_I05.png,1364596
Bird,Good,000,A300_I06.png,300,06,Good/000/A300_I06.png,1297921
Bird,Good,000,A300_I07.png,300,07,Good/000/A300_I07.png,1128914
Bird,Good,000,A300_I08.png,300,08,Good/000/A300_I08.png,1373975
Bird,Good,000,A300_I09.png,300,09,Good/000/A300_I09.png,1517056
Bird,Good,000,A300_I10.png,300,10,Good/000/A300_I10.png,1521023
Bird,Good,000,A330_I01.png,330,01,Good/000/A330_I01.png,1234098
Bird,Good,000,A330_I02.png,330,02,Good/000/A330_I02.png,1362940
Bird,Good,000,A330_I03.png,330,03,Good/000/A330_I03.png,1274777
Bird,Good,000,A330_I04.png,330,04,Good/000/A330_I04.png,1332465
Bird,Good,000,A330_I05.png,330,05,Good/000/A330_I05.png,1305373
Bird,Good,000,A330_I06.png,330,06,Good/000/A330_I06.png,1233405
Bird,Good,000,A330_I07.png,330,07,Good/000/A330_I07.png,1062400
Bird,Good,000,A330_I08.png,330,08,Good/000/A330_I08.png,1314443
Bird,Good,000,A330_I09.png,330,09,Good/000/A330_I09.png,1468537
Bird,Good,000,A330_I10.png,330,10,Good/000/A330_I10.png,1486142
Bird,Good,001,A000_I01.png,000,01,Good/001/A000_I01.png,1214381
Bird,Good,001,A000_I02.png,000,02,Good/001/A000_I02.png,1342465
Bird,Good,001,A000_I03.png,000,03,Good/001/A000_I03.png,1249715
Bird,Good,001,A000_I04.png,000,04,Good/001/A000_I04.png,1316565
Bird,Good,001,A000_I05.png,000,05,Good/001/A000_I05.png,1311933
Bird,Good,001,A000_I06.png,000,06,Good/001/A000_I06.png,1242152
Bird,Good,001,A000_I07.png,000,07,Good/001/A000_I07.png,1078751
Bird,Good,001,A000_I08.png,000,08,Good/001/A000_I08.png,1304474
Bird,Good,001,A000_I09.png,000,09,Good/001/A000_I09.png,1455630
Bird,Good,001,A000_I10.png,000,10,Good/001/A000_I10.png,1477642
Bird,Good,001,A030_I01.png,030,01,Good/001/A030_I01.png,1199622
Bird,Good,001,A030_I02.png,030,02,Good/001/A030_I02.png,1321459
Bird,Good,001,A030_I03.png,030,03,Good/001/A030_I03.png,1215895
Bird,Good,001,A030_I04.png,030,04,Good/001/A030_I04.png,1293440
Bird,Good,001,A030_I05.png,030,05,Good/001/A030_I05.png,1295181
Bird,Good,001,A030_I06.png,030,06,Good/001/A030_I06.png,1232692
Bird,Good,001,A030_I07.png,030,07,Good/001/A030_I07.png,1068303
Bird,Good,001,A030_I08.png,030,08,Good/001/A030_I08.png,1287911
Bird,Good,001,A030_I09.png,030,09,Good/001/A030_I09.png,1430681
Bird,Good,001,A030_I10.png,030,10,Good/001/A030_I10.png,1455402
Bird,Good,001,A060_I01.png,060,01,Good/001/A060_I01.png,1188467
Bird,Good,001,A060_I02.png,060,02,Good/001/A060_I02.png,1312627
Bird,Good,001,A060_I03.png,060,03,Good/001/A060_I03.png,1206164
Bird,Good,001,A060_I04.png,060,04,Good/001/A060_I04.png,1290235
Bird,Good,001,A060_I05.png,060,05,Good/001/A060_I05.png,1283491
Bird,Good,001,A060_I06.png,060,06,Good/001/A060_I06.png,1220110
Bird,Good,001,A060_I07.png,060,07,Good/001/A060_I07.png,1036565
Bird,Good,001,A060_I08.png,060,08,Good/001/A060_I08.png,1269152
Bird,Good,001,A060_I09.png,060,09,Good/001/A060_I09.png,1417588
Bird,Good,001,A060_I10.png,060,10,Good/001/A060_I10.png,1442874
Bird,Good,001,A090_I01.png,090,01,Good/001/A090_I01.png,1170569
Bird,Good,001,A090_I02.png,090,02,Good/001/A090_I02.png,1299486
Bird,Good,001,A090_I03.png,090,03,Good/001/A090_I03.png,1197379
Bird,Good,001,A090_I04.png,090,04,Good/001/A090_I04.png,1296048
Bird,Good,001,A090_I05.png,090,05,Good/001/A090_I05.png,1290301
Bird,Good,001,A090_I06.png,090,06,Good/001/A090_I06.png,1226052
Bird,Good,001,A090_I07.png,090,07,Good/001/A090_I07.png,1033884
Bird,Good,001,A090_I08.png,090,08,Good/001/A090_I08.png,1255300
Bird,Good,001,A090_I09.png,090,09,Good/001/A090_I09.png,1417047
Bird,Good,001,A090_I10.png,090,10,Good/001/A090_I10.png,1443476
Bird,Good,001,A120_I01.png,120,01,Good/001/A120_I01.png,1158006
Bird,Good,001,A120_I02.png,120,02,Good/001/A120_I02.png,1293290
Bird,Good,001,A120_I03.png,120,03,Good/001/A120_I03.png,1207894
Bird,Good,001,A120_I04.png,120,04,Good/001/A120_I04.png,1313630
Bird,Good,001,A120_I05.png,120,05,Good/001/A120_I05.png,1323506
Bird,Good,001,A120_I06.png,120,06,Good/001/A120_I06.png,1246354
Bird,Good,001,A120_I07.png,120,07,Good/001/A120_I07.png,1037825
Bird,Good,001,A120_I08.png,120,08,Good/001/A120_I08.png,1252244
Bird,Good,001,A120_I09.png,120,09,Good/001/A120_I09.png,1427099
Bird,Good,001,A120_I10.png,120,10,Good/001/A120_I10.png,1456837
Bird,Good,001,A150_I01.png,150,01,Good/001/A150_I01.png,1174019
Bird,Good,001,A150_I02.png,150,02,Good/001/A150_I02.png,1297926
Bird,Good,001,A150_I03.png,150,03,Good/001/A150_I03.png,1216714
Bird,Good,001,A150_I04.png,150,04,Good/001/A150_I04.png,1330478
Bird,Good,001,A150_I05.png,150,05,Good/001/A150_I05.png,1353289
Bird,Good,001,A150_I06.png,150,06,Good/001/A150_I06.png,1283447
Bird,Good,001,A150_I07.png,150,07,Good/001/A150_I07.png,1091554
Bird,Good,001,A150_I08.png,150,08,Good/001/A150_I08.png,1277708
Bird,Good,001,A150_I09.png,150,09,Good/001/A150_I09.png,1456185
Bird,Good,001,A150_I10.png,150,10,Good/001/A150_I10.png,1482019
Bird,Good,001,A180_I01.png,180,01,Good/001/A180_I01.png,1200429
Bird,Good,001,A180_I02.png,180,02,Good/001/A180_I02.png,1334711
Bird,Good,001,A180_I03.png,180,03,Good/001/A180_I03.png,1252031
Bird,Good,001,A180_I04.png,180,04,Good/001/A180_I04.png,1361454
Bird,Good,001,A180_I05.png,180,05,Good/001/A180_I05.png,1373091
Bird,Good,001,A180_I06.png,180,06,Good/001/A180_I06.png,1302258
Bird,Good,001,A180_I07.png,180,07,Good/001/A180_I07.png,1093073
Bird,Good,001,A180_I08.png,180,08,Good/001/A180_I08.png,1301063
Bird,Good,001,A180_I09.png,180,09,Good/001/A180_I09.png,1493269
Bird,Good,001,A180_I10.png,180,10,Good/001/A180_I10.png,1515111
Bird,Good,001,A210_I01.png,210,01,Good/001/A210_I01.png,1216447
Bird,Good,001,A210_I02.png,210,02,Good/001/A210_I02.png,1359671
Bird,Good,001,A210_I03.png,210,03,Good/001/A210_I03.png,1275943
Bird,Good,001,A210_I04.png,210,04,Good/001/A210_I04.png,1378555
Bird,Good,001,A210_I05.png,210,05,Good/001/A210_I05.png,1392305
Bird,Good,001,A210_I06.png,210,06,Good/001/A210_I06.png,1315073
Bird,Good,001,A210_I07.png,210,07,Good/001/A210_I07.png,1095505
Bird,Good,001,A210_I08.png,210,08,Good/001/A210_I08.png,1309611
Bird,Good,001,A210_I09.png,210,09,Good/001/A210_I09.png,1509703
Bird,Good,001,A210_I10.png,210,10,Good/001/A210_I10.png,1533759
Bird,Good,001,A240_I01.png,240,01,Good/001/A240_I01.png,1228721
Bird,Good,001,A240_I02.png,240,02,Good/001/A240_I02.png,1378613
Bird,Good,001,A240_I03.png,240,03,Good/001/A240_I03.png,1294056
Bird,Good,001,A240_I04.png,240,04,Good/001/A240_I04.png,1384769
Bird,Good,001,A240_I05.png,240,05,Good/001/A240_I05.png,1389859
Bird,Good,001,A240_I06.png,240,06,Good/001/A240_I06.png,1304710
Bird,Good,001,A240_I07.png,240,07,Good/001/A240_I07.png,1098174
Bird,Good,001,A240_I08.png,240,08,Good/001/A240_I08.png,1313777
Bird,Good,001,A240_I09.png,240,09,Good/001/A240_I09.png,1514353
Bird,Good,001,A240_I10.png,240,10,Good/001/A240_I10.png,1539986
Bird,Good,001,A270_I01.png,270,01,Good/001/A270_I01.png,1245919
Bird,Good,001,A270_I02.png,270,02,Good/001/A270_I02.png,1390216
Bird,Good,001,A270_I03.png,270,03,Good/001/A270_I03.png,1289472
Bird,Good,001,A270_I04.png,270,04,Good/001/A270_I04.png,1391477
Bird,Good,001,A270_I05.png,270,05,Good/001/A270_I05.png,1398895
Bird,Good,001,A270_I06.png,270,06,Good/001/A270_I06.png,1323145
Bird,Good,001,A270_I07.png,270,07,Good/001/A270_I07.png,1136533
Bird,Good,001,A270_I08.png,270,08,Good/001/A270_I08.png,1340968
Bird,Good,001,A270_I09.png,270,09,Good/001/A270_I09.png,1527644
Bird,Good,001,A270_I10.png,270,10,Good/001/A270_I10.png,1548227
Bird,Good,001,A300_I01.png,300,01,Good/001/A300_I01.png,1258978
Bird,Good,001,A300_I02.png,300,02,Good/001/A300_I02.png,1397041
Bird,Good,001,A300_I03.png,300,03,Good/001/A300_I03.png,1297620
Bird,Good,001,A300_I04.png,300,04,Good/001/A300_I04.png,1365182
Bird,Good,001,A300_I05.png,300,05,Good/001/A300_I05.png,1351128
Bird,Good,001,A300_I06.png,300,06,Good/001/A300_I06.png,1274992
Bird,Good,001,A300_I07.png,300,07,Good/001/A300_I07.png,1090954
Bird,Good,001,A300_I08.png,300,08,Good/001/A300_I08.png,1347079
Bird,Good,001,A300_I09.png,300,09,Good/001/A300_I09.png,1512631
Bird,Good,001,A300_I10.png,300,10,Good/001/A300_I10.png,1529770
Bird,Good,001,A330_I01.png,330,01,Good/001/A330_I01.png,1243603
Bird,Good,001,A330_I02.png,330,02,Good/001/A330_I02.png,1375543
Bird,Good,001,A330_I03.png,330,03,Good/001/A330_I03.png,1280088
Bird,Good,001,A330_I04.png,330,04,Good/001/A330_I04.png,1343876
Bird,Good,001,A330_I05.png,330,05,Good/001/A330_I05.png,1334319
Bird,Good,001,A330_I06.png,330,06,Good/001/A330_I06.png,1257546
Bird,Good,001,A330_I07.png,330,07,Good/001/A330_I07.png,1079468
Bird,Good,001,A330_I08.png,330,08,Good/001/A330_I08.png,1329713
Bird,Good,001,A330_I09.png,330,09,Good/001/A330_I09.png,1489898
Bird,Good,001,A330_I10.png,330,10,Good/001/A330_I10.png,1507689
Bird,Good,002,A000_I01.png,000,01,Good/002/A000_I01.png,1212311
Bird,Good,002,A000_I02.png,000,02,Good/002/A000_I02.png,1343723
Bird,Good,002,A000_I03.png,000,03,Good/002/A000_I03.png,1248120
Bird,Good,002,A000_I04.png,000,04,Good/002/A000_I04.png,1320293
Bird,Good,002,A000_I05.png,000,05,Good/002/A000_I05.png,1305782
Bird,Good,002,A000_I06.png,000,06,Good/002/A000_I06.png,1236883
Bird,Good,002,A000_I07.png,000,07,Good/002/A000_I07.png,1067424
Bird,Good,002,A000_I08.png,000,08,Good/002/A000_I08.png,1303099
Bird,Good,002,A000_I09.png,000,09,Good/002/A000_I09.png,1458479
Bird,Good,002,A000_I10.png,000,10,Good/002/A000_I10.png,1481757
Bird,Good,002,A030_I01.png,030,01,Good/002/A030_I01.png,1204213
Bird,Good,002,A030_I02.png,030,02,Good/002/A030_I02.png,1326456
Bird,Good,002,A030_I03.png,030,03,Good/002/A030_I03.png,1215971
Bird,Good,002,A030_I04.png,030,04,Good/002/A030_I04.png,1300501
Bird,Good,002,A030_I05.png,030,05,Good/002/A030_I05.png,1298627
Bird,Good,002,A030_I06.png,030,06,Good/002/A030_I06.png,1237346
Bird,Good,002,A030_I07.png,030,07,Good/002/A030_I07.png,1064542
Bird,Good,002,A030_I08.png,030,08,Good/002/A030_I08.png,1297817
Bird,Good,002,A030_I09.png,030,09,Good/002/A030_I09.png,1441840
Bird,Good,002,A030_I10.png,030,10,Good/002/A030_I10.png,1465170
Bird,Good,002,A060_I01.png,060,01,Good/002/A060_I01.png,1182925
Bird,Good,002,A060_I02.png,060,02,Good/002/A060_I02.png,1308564
Bird,Good,002,A060_I03.png,060,03,Good/002/A060_I03.png,1197179
Bird,Good,002,A060_I04.png,060,04,Good/002/A060_I04.png,1289845
Bird,Good,002,A060_I05.png,060,05,Good/002/A060_I05.png,1277603
Bird,Good,002,A060_I06.png,060,06,Good/002/A060_I06.png,1229145
Bird,Good,002,A060_I07.png,060,07,Good/002/A060_I07.png,1056868
Bird,Good,002,A060_I08.png,060,08,Good/002/A060_I08.png,1278351
Bird,Good,002,A060_I09.png,060,09,Good/002/A060_I09.png,1424616
Bird,Good,002,A060_I10.png,060,10,Good/002/A060_I10.png,1450670
Bird,Good,002,A090_I01.png,090,01,Good/002/A090_I01.png,1175533
Bird,Good,002,A090_I02.png,090,02,Good/002/A090_I02.png,1299800
Bird,Good,002,A090_I03.png,090,03,Good/002/A090_I03.png,1186455
Bird,Good,002,A090_I04.png,090,04,Good/002/A090_I04.png,1290713
Bird,Good,002,A090_I05.png,090,05,Good/002/A090_I05.png,1281604
Bird,Good,002,A090_I06.png,090,06,Good/002/A090_I06.png,1231518
Bird,Good,002,A090_I07.png,090,07,Good/002/A090_I07.png,1067196
Bird,Good,002,A090_I08.png,090,08,Good/002/A090_I08.png,1269034
Bird,Good,002,A090_I09.png,090,09,Good/002/A090_I09.png,1422660
Bird,Good,002,A090_I10.png,090,10,Good/002/A090_I10.png,1447868
Bird,Good,002,A120_I01.png,120,01,Good/002/A120_I01.png,1163431
Bird,Good,002,A120_I02.png,120,02,Good/002/A120_I02.png,1292964
Bird,Good,002,A120_I03.png,120,03,Good/002/A120_I03.png,1192006
Bird,Good,002,A120_I04.png,120,04,Good/002/A120_I04.png,1306660
Bird,Good,002,A120_I05.png,120,05,Good/002/A120_I05.png,1314178
Bird,Good,002,A120_I06.png,120,06,Good/002/A120_I06.png,1247744
Bird,Good,002,A120_I07.png,120,07,Good/002/A120_I07.png,1051334
Bird,Good,002,A120_I08.png,120,08,Good/002/A120_I08.png,1263570
Bird,Good,002,A120_I09.png,120,09,Good/002/A120_I09.png,1429646
Bird,Good,002,A120_I10.png,120,10,Good/002/A120_I10.png,1457434
Bird,Good,002,A150_I01.png,150,01,Good/002/A150_I01.png,1169457
Bird,Good,002,A150_I02.png,150,02,Good/002/A150_I02.png,1298357
Bird,Good,002,A150_I03.png,150,03,Good/002/A150_I03.png,1216395
Bird,Good,002,A150_I04.png,150,04,Good/002/A150_I04.png,1327007
Bird,Good,002,A150_I05.png,150,05,Good/002/A150_I05.png,1339649
Bird,Good,002,A150_I06.png,150,06,Good/002/A150_I06.png,1277026
Bird,Good,002,A150_I07.png,150,07,Good/002/A150_I07.png,1087622
Bird,Good,002,A150_I08.png,150,08,Good/002/A150_I08.png,1279922
Bird,Good,002,A150_I09.png,150,09,Good/002/A150_I09.png,1458155
Bird,Good,002,A150_I10.png,150,10,Good/002/A150_I10.png,1484575
Bird,Good,002,A180_I01.png,180,01,Good/002/A180_I01.png,1187022
Bird,Good,002,A180_I02.png,180,02,Good/002/A180_I02.png,1326797
Bird,Good,002,A180_I03.png,180,03,Good/002/A180_I03.png,1249600
Bird,Good,002,A180_I04.png,180,04,Good/002/A180_I04.png,1348197
Bird,Good,002,A180_I05.png,180,05,Good/002/A180_I05.png,1352460
Bird,Good,002,A180_I06.png,180,06,Good/002/A180_I06.png,1286067
Bird,Good,002,A180_I07.png,180,07,Good/002/A180_I07.png,1080764
Bird,Good,002,A180_I08.png,180,08,Good/002/A180_I08.png,1290101
Bird,Good,002,A180_I09.png,180,09,Good/002/A180_I09.png,1478353
Bird,Good,002,A180_I10.png,180,10,Good/002/A180_I10.png,1499365
Bird,Good,002,A210_I01.png,210,01,Good/002/A210_I01.png,1197043
Bird,Good,002,A210_I02.png,210,02,Good/002/A210_I02.png,1342063
Bird,Good,002,A210_I03.png,210,03,Good/002/A210_I03.png,1256017
Bird,Good,002,A210_I04.png,210,04,Good/002/A210_I04.png,1382729
Bird,Good,002,A210_I05.png,210,05,Good/002/A210_I05.png,1414574
Bird,Good,002,A210_I06.png,210,06,Good/002/A210_I06.png,1350804
Bird,Good,002,A210_I07.png,210,07,Good/002/A210_I07.png,1156085
Bird,Good,002,A210_I08.png,210,08,Good/002/A210_I08.png,1314997
Bird,Good,002,A210_I09.png,210,09,Good/002/A210_I09.png,1517293
Bird,Good,002,A210_I10.png,210,10,Good/002/A210_I10.png,1542099
Bird,Good,002,A240_I01.png,240,01,Good/002/A240_I01.png,1215418
Bird,Good,002,A240_I02.png,240,02,Good/002/A240_I02.png,1362338
Bird,Good,002,A240_I03.png,240,03,Good/002/A240_I03.png,1276112
Bird,Good,002,A240_I04.png,240,04,Good/002/A240_I04.png,1400395
Bird,Good,002,A240_I05.png,240,05,Good/002/A240_I05.png,1432488
Bird,Good,002,A240_I06.png,240,06,Good/002/A240_I06.png,1357283
Bird,Good,002,A240_I07.png,240,07,Good/002/A240_I07.png,1161363
Bird,Good,002,A240_I08.png,240,08,Good/002/A240_I08.png,1321152
Bird,Good,002,A240_I09.png,240,09,Good/002/A240_I09.png,1529273
Bird,Good,002,A240_I10.png,240,10,Good/002/A240_I10.png,1553512
Bird,Good,002,A270_I01.png,270,01,Good/002/A270_I01.png,1242569
Bird,Good,002,A270_I02.png,270,02,Good/002/A270_I02.png,1387722
Bird,Good,002,A270_I03.png,270,03,Good/002/A270_I03.png,1285256
Bird,Good,002,A270_I04.png,270,04,Good/002/A270_I04.png,1395349
Bird,Good,002,A270_I05.png,270,05,Good/002/A270_I05.png,1411207
Bird,Good,002,A270_I06.png,270,06,Good/002/A270_I06.png,1334615
Bird,Good,002,A270_I07.png,270,07,Good/002/A270_I07.png,1157382
Bird,Good,002,A270_I08.png,270,08,Good/002/A270_I08.png,1342529
Bird,Good,002,A270_I09.png,270,09,Good/002/A270_I09.png,1530119
Bird,Good,002,A270_I10.png,270,10,Good/002/A270_I10.png,1552146
Bird,Good,002,A300_I01.png,300,01,Good/002/A300_I01.png,1246901
Bird,Good,002,A300_I02.png,300,02,Good/002/A300_I02.png,1395722
Bird,Good,002,A300_I03.png,300,03,Good/002/A300_I03.png,1296768
Bird,Good,002,A300_I04.png,300,04,Good/002/A300_I04.png,1365960
Bird,Good,002,A300_I05.png,300,05,Good/002/A300_I05.png,1342653
Bird,Good,002,A300_I06.png,300,06,Good/002/A300_I06.png,1271128
Bird,Good,002,A300_I07.png,300,07,Good/002/A300_I07.png,1102866
Bird,Good,002,A300_I08.png,300,08,Good/002/A300_I08.png,1345489
Bird,Good,002,A300_I09.png,300,09,Good/002/A300_I09.png,1514586
Bird,Good,002,A300_I10.png,300,10,Good/002/A300_I10.png,1539924
Bird,Good,002,A330_I01.png,330,01,Good/002/A330_I01.png,1256017
Bird,Good,002,A330_I02.png,330,02,Good/002/A330_I02.png,1383817
Bird,Good,002,A330_I03.png,330,03,Good/002/A330_I03.png,1272569
Bird,Good,002,A330_I04.png,330,04,Good/002/A330_I04.png,1347877
Bird,Good,002,A330_I05.png,330,05,Good/002/A330_I05.png,1334181
Bird,Good,002,A330_I06.png,330,06,Good/002/A330_I06.png,1266316
Bird,Good,002,A330_I07.png,330,07,Good/002/A330_I07.png,1094546
Bird,Good,002,A330_I08.png,330,08,Good/002/A330_I08.png,1346974
Bird,Good,002,A330_I09.png,330,09,Good/002/A330_I09.png,1504729
Bird,Good,002,A330_I10.png,330,10,Good/002/A330_I10.png,1522348
Bird,Good,003,A000_I01.png,000,01,Good/003/A000_I01.png,1209235
Bird,Good,003,A000_I02.png,000,02,Good/003/A000_I02.png,1336000
Bird,Good,003,A000_I03.png,000,03,Good/003/A000_I03.png,1235746
Bird,Good,003,A000_I04.png,000,04,Good/003/A000_I04.png,1315803
Bird,Good,003,A000_I05.png,000,05,Good/003/A000_I05.png,1309541
Bird,Good,003,A000_I06.png,000,06,Good/003/A000_I06.png,1243203
Bird,Good,003,A000_I07.png,000,07,Good/003/A000_I07.png,1087311
Bird,Good,003,A000_I08.png,000,08,Good/003/A000_I08.png,1305217
Bird,Good,003,A000_I09.png,000,09,Good/003/A000_I09.png,1450759
Bird,Good,003,A000_I10.png,000,10,Good/003/A000_I10.png,1472194
Bird,Good,003,A030_I01.png,030,01,Good/003/A030_I01.png,1204501
Bird,Good,003,A030_I02.png,030,02,Good/003/A030_I02.png,1319716
Bird,Good,003,A030_I03.png,030,03,Good/003/A030_I03.png,1197945
Bird,Good,003,A030_I04.png,030,04,Good/003/A030_I04.png,1289535
Bird,Good,003,A030_I05.png,030,05,Good/003/A030_I05.png,1283602
Bird,Good,003,A030_I06.png,030,06,Good/003/A030_I06.png,1228493
Bird,Good,003,A030_I07.png,030,07,Good/003/A030_I07.png,1077629
Bird,Good,003,A030_I08.png,030,08,Good/003/A030_I08.png,1292451
Bird,Good,003,A030_I09.png,030,09,Good/003/A030_I09.png,1425796
Bird,Good,003,A030_I10.png,030,10,Good/003/A030_I10.png,1450932
Bird,Good,003,A060_I01.png,060,01,Good/003/A060_I01.png,1180240
Bird,Good,003,A060_I02.png,060,02,Good/003/A060_I02.png,1304332
Bird,Good,003,A060_I03.png,060,03,Good/003/A060_I03.png,1186972
Bird,Good,003,A060_I04.png,060,04,Good/003/A060_I04.png,1285959
Bird,Good,003,A060_I05.png,060,05,Good/003/A060_I05.png,1266512
Bird,Good,003,A060_I06.png,060,06,Good/003/A060_I06.png,1216746
Bird,Good,003,A060_I07.png,060,07,Good/003/A060_I07.png,1051449
Bird,Good,003,A060_I08.png,060,08,Good/003/A060_I08.png,1267535
Bird,Good,003,A060_I09.png,060,09,Good/003/A060_I09.png,1412347
Bird,Good,003,A060_I10.png,060,10,Good/003/A060_I10.png,1440900
Bird,Good,003,A090_I01.png,090,01,Good/003/A090_I01.png,1165793
Bird,Good,003,A090_I02.png,090,02,Good/003/A090_I02.png,1295126
Bird,Good,003,A090_I03.png,090,03,Good/003/A090_I03.png,1182963
Bird,Good,003,A090_I04.png,090,04,Good/003/A090_I04.png,1296709
Bird,Good,003,A090_I05.png,090,05,Good/003/A090_I05.png,1281341
Bird,Good,003,A090_I06.png,090,06,Good/003/A090_I06.png,1230015
Bird,Good,003,A090_I07.png,090,07,Good/003/A090_I07.png,1067971
Bird,Good,003,A090_I08.png,090,08,Good/003/A090_I08.png,1262475
Bird,Good,003,A090_I09.png,090,09,Good/003/A090_I09.png,1417393
Bird,Good,003,A090_I10.png,090,10,Good/003/A090_I10.png,1443474
Bird,Good,003,A120_I01.png,120,01,Good/003/A120_I01.png,1160737
Bird,Good,003,A120_I02.png,120,02,Good/003/A120_I02.png,1293921
Bird,Good,003,A120_I03.png,120,03,Good/003/A120_I03.png,1186735
Bird,Good,003,A120_I04.png,120,04,Good/003/A120_I04.png,1325275
Bird,Good,003,A120_I05.png,120,05,Good/003/A120_I05.png,1342148
Bird,Good,003,A120_I06.png,120,06,Good/003/A120_I06.png,1273433
Bird,Good,003,A120_I07.png,120,07,Good/003/A120_I07.png,1086567
Bird,Good,003,A120_I08.png,120,08,Good/003/A120_I08.png,1267786
Bird,Good,003,A120_I09.png,120,09,Good/003/A120_I09.png,1441544
Bird,Good,003,A120_I10.png,120,10,Good/003/A120_I10.png,1467924
Bird,Good,003,A150_I01.png,150,01,Good/003/A150_I01.png,1177069
Bird,Good,003,A150_I02.png,150,02,Good/003/A150_I02.png,1308653
Bird,Good,003,A150_I03.png,150,03,Good/003/A150_I03.png,1220160
Bird,Good,003,A150_I04.png,150,04,Good/003/A150_I04.png,1332776
Bird,Good,003,A150_I05.png,150,05,Good/003/A150_I05.png,1348622
Bird,Good,003,A150_I06.png,150,06,Good/003/A150_I06.png,1277621
Bird,Good,003,A150_I07.png,150,07,Good/003/A150_I07.png,1081792
Bird,Good,003,A150_I08.png,150,08,Good/003/A150_I08.png,1275844
Bird,Good,003,A150_I09.png,150,09,Good/003/A150_I09.png,1451318
Bird,Good,003,A150_I10.png,150,10,Good/003/A150_I10.png,1478300
Bird,Good,003,A180_I01.png,180,01,Good/003/A180_I01.png,1212216
Bird,Good,003,A180_I02.png,180,02,Good/003/A180_I02.png,1352059
Bird,Good,003,A180_I03.png,180,03,Good/003/A180_I03.png,1259560
Bird,Good,003,A180_I04.png,180,04,Good/003/A180_I04.png,1363095
Bird,Good,003,A180_I05.png,180,05,Good/003/A180_I05.png,1369881
Bird,Good,003,A180_I06.png,180,06,Good/003/A180_I06.png,1285621
Bird,Good,003,A180_I07.png,180,07,Good/003/A180_I07.png,1064843
Bird,Good,003,A180_I08.png,180,08,Good/003/A180_I08.png,1296555
Bird,Good,003,A180_I09.png,180,09,Good/003/A180_I09.png,1487465
Bird,Good,003,A180_I10.png,180,10,Good/003/A180_I10.png,1512128
Bird,Good,003,A210_I01.png,210,01,Good/003/A210_I01.png,1210764
Bird,Good,003,A210_I02.png,210,02,Good/003/A210_I02.png,1362224
Bird,Good,003,A210_I03.png,210,03,Good/003/A210_I03.png,1282987
Bird,Good,003,A210_I04.png,210,04,Good/003/A210_I04.png,1388254
Bird,Good,003,A210_I05.png,210,05,Good/003/A210_I05.png,1396500
Bird,Good,003,A210_I06.png,210,06,Good/003/A210_I06.png,1316215
Bird,Good,003,A210_I07.png,210,07,Good/003/A210_I07.png,1099720
Bird,Good,003,A210_I08.png,210,08,Good/003/A210_I08.png,1307086
Bird,Good,003,A210_I09.png,210,09,Good/003/A210_I09.png,1508773
Bird,Good,003,A210_I10.png,210,10,Good/003/A210_I10.png,1533166
Bird,Good,003,A240_I01.png,240,01,Good/003/A240_I01.png,1224501
Bird,Good,003,A240_I02.png,240,02,Good/003/A240_I02.png,1378705
Bird,Good,003,A240_I03.png,240,03,Good/003/A240_I03.png,1301598
Bird,Good,003,A240_I04.png,240,04,Good/003/A240_I04.png,1396446
Bird,Good,003,A240_I05.png,240,05,Good/003/A240_I05.png,1401534
Bird,Good,003,A240_I06.png,240,06,Good/003/A240_I06.png,1322657
Bird,Good,003,A240_I07.png,240,07,Good/003/A240_I07.png,1119270
Bird,Good,003,A240_I08.png,240,08,Good/003/A240_I08.png,1317832
Bird,Good,003,A240_I09.png,240,09,Good/003/A240_I09.png,1520198
Bird,Good,003,A240_I10.png,240,10,Good/003/A240_I10.png,1548070
Bird,Good,003,A270_I01.png,270,01,Good/003/A270_I01.png,1251041
Bird,Good,003,A270_I02.png,270,02,Good/003/A270_I02.png,1394124
Bird,Good,003,A270_I03.png,270,03,Good/003/A270_I03.png,1288098
Bird,Good,003,A270_I04.png,270,04,Good/003/A270_I04.png,1390541
Bird,Good,003,A270_I05.png,270,05,Good/003/A270_I05.png,1398930
Bird,Good,003,A270_I06.png,270,06,Good/003/A270_I06.png,1329895
Bird,Good,003,A270_I07.png,270,07,Good/003/A270_I07.png,1171424
Bird,Good,003,A270_I08.png,270,08,Good/003/A270_I08.png,1351607
Bird,Good,003,A270_I09.png,270,09,Good/003/A270_I09.png,1529458
Bird,Good,003,A270_I10.png,270,10,Good/003/A270_I10.png,1554483
Bird,Good,003,A300_I01.png,300,01,Good/003/A300_I01.png,1261368
Bird,Good,003,A300_I02.png,300,02,Good/003/A300_I02.png,1399912
Bird,Good,003,A300_I03.png,300,03,Good/003/A300_I03.png,1294304
Bird,Good,003,A300_I04.png,300,04,Good/003/A300_I04.png,1362075
Bird,Good,003,A300_I05.png,300,05,Good/003/A300_I05.png,1342793
Bird,Good,003,A300_I06.png,300,06,Good/003/A300_I06.png,1269498
Bird,Good,003,A300_I07.png,300,07,Good/003/A300_I07.png,1111848
Bird,Good,003,A300_I08.png,300,08,Good/003/A300_I08.png,1356548
Bird,Good,003,A300_I09.png,300,09,Good/003/A300_I09.png,1511440
Bird,Good,003,A300_I10.png,300,10,Good/003/A300_I10.png,1534927
Bird,Good,003,A330_I01.png,330,01,Good/003/A330_I01.png,1237470
Bird,Good,003,A330_I02.png,330,02,Good/003/A330_I02.png,1369145
Bird,Good,003,A330_I03.png,330,03,Good/003/A330_I03.png,1268020
Bird,Good,003,A330_I04.png,330,04,Good/003/A330_I04.png,1339539
Bird,Good,003,A330_I05.png,330,05,Good/003/A330_I05.png,1324580
Bird,Good,003,A330_I06.png,330,06,Good/003/A330_I06.png,1258217
Bird,Good,003,A330_I07.png,330,07,Good/003/A330_I07.png,1100546
Bird,Good,003,A330_I08.png,330,08,Good/003/A330_I08.png,1332798
Bird,Good,003,A330_I09.png,330,09,Good/003/A330_I09.png,1484929
Bird,Good,003,A330_I10.png,330,10,Good/003/A330_I10.png,1502376
Bird,Good,004,A000_I01.png,000,01,Good/004/A000_I01.png,1215584
Bird,Good,004,A000_I02.png,000,02,Good/004/A000_I02.png,1344458
Bird,Good,004,A000_I03.png,000,03,Good/004/A000_I03.png,1244729
Bird,Good,004,A000_I04.png,000,04,Good/004/A000_I04.png,1319959
Bird,Good,004,A000_I05.png,000,05,Good/004/A000_I05.png,1308316
Bird,Good,004,A000_I06.png,000,06,Good/004/A000_I06.png,1240111
Bird,Good,004,A000_I07.png,000,07,Good/004/A000_I07.png,1070400
Bird,Good,004,A000_I08.png,000,08,Good/004/A000_I08.png,1304991
Bird,Good,004,A000_I09.png,000,09,Good/004/A000_I09.png,1458907
Bird,Good,004,A000_I10.png,000,10,Good/004/A000_I10.png,1481273
Bird,Good,004,A030_I01.png,030,01,Good/004/A030_I01.png,1206447
Bird,Good,004,A030_I02.png,030,02,Good/004/A030_I02.png,1327293
Bird,Good,004,A030_I03.png,030,03,Good/004/A030_I03.png,1215372
Bird,Good,004,A030_I04.png,030,04,Good/004/A030_I04.png,1299777
Bird,Good,004,A030_I05.png,030,05,Good/004/A030_I05.png,1300631
Bird,Good,004,A030_I06.png,030,06,Good/004/A030_I06.png,1238502
Bird,Good,004,A030_I07.png,030,07,Good/004/A030_I07.png,1064299
Bird,Good,004,A030_I08.png,030,08,Good/004/A030_I08.png,1300313
Bird,Good,004,A030_I09.png,030,09,Good/004/A030_I09.png,1442686
Bird,Good,004,A030_I10.png,030,10,Good/004/A030_I10.png,1466626
Bird,Good,004,A060_I01.png,060,01,Good/004/A060_I01.png,1186590
Bird,Good,004,A060_I02.png,060,02,Good/004/A060_I02.png,1309683
Bird,Good,004,A060_I03.png,060,03,Good/004/A060_I03.png,1198324
Bird,Good,004,A060_I04.png,060,04,Good/004/A060_I04.png,1289866
Bird,Good,004,A060_I05.png,060,05,Good/004/A060_I05.png,1278763
Bird,Good,004,A060_I06.png,060,06,Good/004/A060_I06.png,1228917
Bird,Good,004,A060_I07.png,060,07,Good/004/A060_I07.png,1060560
Bird,Good,004,A060_I08.png,060,08,Good/004/A060_I08.png,1278557
Bird,Good,004,A060_I09.png,060,09,Good/004/A060_I09.png,1423925
Bird,Good,004,A060_I10.png,060,10,Good/004/A060_I10.png,1449897
Bird,Good,004,A090_I01.png,090,01,Good/004/A090_I01.png,1174645
Bird,Good,004,A090_I02.png,090,02,Good/004/A090_I02.png,1298521
Bird,Good,004,A090_I03.png,090,03,Good/004/A090_I03.png,1190310
Bird,Good,004,A090_I04.png,090,04,Good/004/A090_I04.png,1292977
Bird,Good,004,A090_I05.png,090,05,Good/004/A090_I05.png,1284439
Bird,Good,004,A090_I06.png,090,06,Good/004/A090_I06.png,1234390
Bird,Good,004,A090_I07.png,090,07,Good/004/A090_I07.png,1070307
Bird,Good,004,A090_I08.png,090,08,Good/004/A090_I08.png,1268512
Bird,Good,004,A090_I09.png,090,09,Good/004/A090_I09.png,1421648
Bird,Good,004,A090_I10.png,090,10,Good/004/A090_I10.png,1448320
Bird,Good,004,A120_I01.png,120,01,Good/004/A120_I01.png,1132667
Bird,Good,004,A120_I02.png,120,02,Good/004/A120_I02.png,1278685
Bird,Good,004,A120_I03.png,120,03,Good/004/A120_I03.png,1202362
Bird,Good,004,A120_I04.png,120,04,Good/004/A120_I04.png,1309018
Bird,Good,004,A120_I05.png,120,05,Good/004/A120_I05.png,1312349
Bird,Good,004,A120_I06.png,120,06,Good/004/A120_I06.png,1247399
Bird,Good,004,A120_I07.png,120,07,Good/004/A120_I07.png,1061822
Bird,Good,004,A120_I08.png,120,08,Good/004/A120_I08.png,1244990
Bird,Good,004,A120_I09.png,120,09,Good/004/A120_I09.png,1419844
Bird,Good,004,A120_I10.png,120,10,Good/004/A120_I10.png,1456274
Bird,Good,004,A150_I01.png,150,01,Good/004/A150_I01.png,1170021
Bird,Good,004,A150_I02.png,150,02,Good/004/A150_I02.png,1299800
Bird,Good,004,A150_I03.png,150,03,Good/004/A150_I03.png,1223325
Bird,Good,004,A150_I04.png,150,04,Good/004/A150_I04.png,1329049
Bird,Good,004,A150_I05.png,150,05,Good/004/A150_I05.png,1342634
Bird,Good,004,A150_I06.png,150,06,Good/004/A150_I06.png,1279145
Bird,Good,004,A150_I07.png,150,07,Good/004/A150_I07.png,1093165
Bird,Good,004,A150_I08.png,150,08,Good/004/A150_I08.png,1280601
Bird,Good,004,A150_I09.png,150,09,Good/004/A150_I09.png,1460342
Bird,Good,004,A150_I10.png,150,10,Good/004/A150_I10.png,1487295
Bird,Good,004,A180_I01.png,180,01,Good/004/A180_I01.png,1188801
Bird,Good,004,A180_I02.png,180,02,Good/004/A180_I02.png,1327828
Bird,Good,004,A180_I03.png,180,03,Good/004/A180_I03.png,1255395
Bird,Good,004,A180_I04.png,180,04,Good/004/A180_I04.png,1349298
Bird,Good,004,A180_I05.png,180,05,Good/004/A180_I05.png,1352257
Bird,Good,004,A180_I06.png,180,06,Good/004/A180_I06.png,1287317
Bird,Good,004,A180_I07.png,180,07,Good/004/A180_I07.png,1086417
Bird,Good,004,A180_I08.png,180,08,Good/004/A180_I08.png,1290852
Bird,Good,004,A180_I09.png,180,09,Good/004/A180_I09.png,1479433
Bird,Good,004,A180_I10.png,180,10,Good/004/A180_I10.png,1501997
Bird,Good,004,A210_I01.png,210,01,Good/004/A210_I01.png,1213604
Bird,Good,004,A210_I02.png,210,02,Good/004/A210_I02.png,1356851
Bird,Good,004,A210_I03.png,210,03,Good/004/A210_I03.png,1273266
Bird,Good,004,A210_I04.png,210,04,Good/004/A210_I04.png,1379247
Bird,Good,004,A210_I05.png,210,05,Good/004/A210_I05.png,1396842
Bird,Good,004,A210_I06.png,210,06,Good/004/A210_I06.png,1328601
Bird,Good,004,A210_I07.png,210,07,Good/004/A210_I07.png,1118921
Bird,Good,004,A210_I08.png,210,08,Good/004/A210_I08.png,1317452
Bird,Good,004,A210_I09.png,210,09,Good/004/A210_I09.png,1516464
Bird,Good,004,A210_I10.png,210,10,Good/004/A210_I10.png,1536806
Bird,Good,004,A240_I01.png,240,01,Good/004/A240_I01.png,1218939
Bird,Good,004,A240_I02.png,240,02,Good/004/A240_I02.png,1364711
Bird,Good,004,A240_I03.png,240,03,Good/004/A240_I03.png,1275998
Bird,Good,004,A240_I04.png,240,04,Good/004/A240_I04.png,1401154
Bird,Good,004,A240_I05.png,240,05,Good/004/A240_I05.png,1433097
Bird,Good,004,A240_I06.png,240,06,Good/004/A240_I06.png,1357901
Bird,Good,004,A240_I07.png,240,07,Good/004/A240_I07.png,1164478
Bird,Good,004,A240_I08.png,240,08,Good/004/A240_I08.png,1322808
Bird,Good,004,A240_I09.png,240,09,Good/004/A240_I09.png,1530151
Bird,Good,004,A240_I10.png,240,10,Good/004/A240_I10.png,1553650
Bird,Good,004,A270_I01.png,270,01,Good/004/A270_I01.png,1247666
Bird,Good,004,A270_I02.png,270,02,Good/004/A270_I02.png,1389653
Bird,Good,004,A270_I03.png,270,03,Good/004/A270_I03.png,1284713
Bird,Good,004,A270_I04.png,270,04,Good/004/A270_I04.png,1393089
Bird,Good,004,A270_I05.png,270,05,Good/004/A270_I05.png,1407238
Bird,Good,004,A270_I06.png,270,06,Good/004/A270_I06.png,1334297
Bird,Good,004,A270_I07.png,270,07,Good/004/A270_I07.png,1162544
Bird,Good,004,A270_I08.png,270,08,Good/004/A270_I08.png,1346472
Bird,Good,004,A270_I09.png,270,09,Good/004/A270_I09.png,1530293
Bird,Good,004,A270_I10.png,270,10,Good/004/A270_I10.png,1550632
Bird,Good,004,A300_I01.png,300,01,Good/004/A300_I01.png,1245219
Bird,Good,004,A300_I02.png,300,02,Good/004/A300_I02.png,1392990
Bird,Good,004,A300_I03.png,300,03,Good/004/A300_I03.png,1295738
Bird,Good,004,A300_I04.png,300,04,Good/004/A300_I04.png,1363449
Bird,Good,004,A300_I05.png,300,05,Good/004/A300_I05.png,1341818
Bird,Good,004,A300_I06.png,300,06,Good/004/A300_I06.png,1272712
Bird,Good,004,A300_I07.png,300,07,Good/004/A300_I07.png,1110464
Bird,Good,004,A300_I08.png,300,08,Good/004/A300_I08.png,1345402
Bird,Good,004,A300_I09.png,300,09,Good/004/A300_I09.png,1512978
Bird,Good,004,A300_I10.png,300,10,Good/004/A300_I10.png,1538886
Bird,Good,004,A330_I01.png,330,01,Good/004/A330_I01.png,1256296
Bird,Good,004,A330_I02.png,330,02,Good/004/A330_I02.png,1381210
Bird,Good,004,A330_I03.png,330,03,Good/004/A330_I03.png,1270066
Bird,Good,004,A330_I04.png,330,04,Good/004/A330_I04.png,1344674
Bird,Good,004,A330_I05.png,330,05,Good/004/A330_I05.png,1332889
Bird,Good,004,A330_I06.png,330,06,Good/004/A330_I06.png,1267754
Bird,Good,004,A330_I07.png,330,07,Good/004/A330_I07.png,1097878
Bird,Good,004,A330_I08.png,330,08,Good/004/A330_I08.png,1346436
Bird,Good,004,A330_I09.png,330,09,Good/004/A330_I09.png,1502197
Bird,Good,004,A330_I10.png,330,10,Good/004/A330_I10.png,1518941
Bird,Good,005,A000_I01.png,000,01,Good/005/A000_I01.png,1226218
Bird,Good,005,A000_I02.png,000,02,Good/005/A000_I02.png,1345796
Bird,Good,005,A000_I03.png,000,03,Good/005/A000_I03.png,1241263
Bird,Good,005,A000_I04.png,000,04,Good/005/A000_I04.png,1308780
Bird,Good,005,A000_I05.png,000,05,Good/005/A000_I05.png,1300598
Bird,Good,005,A000_I06.png,000,06,Good/005/A000_I06.png,1231898
Bird,Good,005,A000_I07.png,000,07,Good/005/A000_I07.png,1065934
Bird,Good,005,A000_I08.png,000,08,Good/005/A000_I08.png,1309468
Bird,Good,005,A000_I09.png,000,09,Good/005/A000_I09.png,1450507
Bird,Good,005,A000_I10.png,000,10,Good/005/A000_I10.png,1471522
Bird,Good,005,A030_I01.png,030,01,Good/005/A030_I01.png,1221806
Bird,Good,005,A030_I02.png,030,02,Good/005/A030_I02.png,1333863
Bird,Good,005,A030_I03.png,030,03,Good/005/A030_I03.png,1216648
Bird,Good,005,A030_I04.png,030,04,Good/005/A030_I04.png,1291436
Bird,Good,005,A030_I05.png,030,05,Good/005/A030_I05.png,1294786
Bird,Good,005,A030_I06.png,030,06,Good/005/A030_I06.png,1240790
Bird,Good,005,A030_I07.png,030,07,Good/005/A030_I07.png,1080691
Bird,Good,005,A030_I08.png,030,08,Good/005/A030_I08.png,1305014
Bird,Good,005,A030_I09.png,030,09,Good/005/A030_I09.png,1439713
Bird,Good,005,A030_I10.png,030,10,Good/005/A030_I10.png,1461647
Bird,Good,005,A060_I01.png,060,01,Good/005/A060_I01.png,1196293
Bird,Good,005,A060_I02.png,060,02,Good/005/A060_I02.png,1316431
Bird,Good,005,A060_I03.png,060,03,Good/005/A060_I03.png,1216366
Bird,Good,005,A060_I04.png,060,04,Good/005/A060_I04.png,1294833
Bird,Good,005,A060_I05.png,060,05,Good/005/A060_I05.png,1286453
Bird,Good,005,A060_I06.png,060,06,Good/005/A060_I06.png,1222069
Bird,Good,005,A060_I07.png,060,07,Good/005/A060_I07.png,1040256
Bird,Good,005,A060_I08.png,060,08,Good/005/A060_I08.png,1269082
Bird,Good,005,A060_I09.png,060,09,Good/005/A060_I09.png,1418173
Bird,Good,005,A060_I10.png,060,10,Good/005/A060_I10.png,1443652
Bird,Good,005,A090_I01.png,090,01,Good/005/A090_I01.png,1174647
Bird,Good,005,A090_I02.png,090,02,Good/005/A090_I02.png,1306189
Bird,Good,005,A090_I03.png,090,03,Good/005/A090_I03.png,1218718
Bird,Good,005,A090_I04.png,090,04,Good/005/A090_I04.png,1305395
Bird,Good,005,A090_I05.png,090,05,Good/005/A090_I05.png,1294753
Bird,Good,005,A090_I06.png,090,06,Good/005/A090_I06.png,1225980
Bird,Good,005,A090_I07.png,090,07,Good/005/A090_I07.png,1030852
Bird,Good,005,A090_I08.png,090,08,Good/005/A090_I08.png,1255916
Bird,Good,005,A090_I09.png,090,09,Good/005/A090_I09.png,1420350
Bird,Good,005,A090_I10.png,090,10,Good/005/A090_I10.png,1444345
Bird,Good,005,A120_I01.png,120,01,Good/005/A120_I01.png,1159407
Bird,Good,005,A120_I02.png,120,02,Good/005/A120_I02.png,1303057
Bird,Good,005,A120_I03.png,120,03,Good/005/A120_I03.png,1241547
Bird,Good,005,A120_I04.png,120,04,Good/005/A120_I04.png,1316167
Bird,Good,005,A120_I05.png,120,05,Good/005/A120_I05.png,1301191
Bird,Good,005,A120_I06.png,120,06,Good/005/A120_I06.png,1228221
Bird,Good,005,A120_I07.png,120,07,Good/005/A120_I07.png,1033956
Bird,Good,005,A120_I08.png,120,08,Good/005/A120_I08.png,1252862
Bird,Good,005,A120_I09.png,120,09,Good/005/A120_I09.png,1426773
Bird,Good,005,A120_I10.png,120,10,Good/005/A120_I10.png,1456146
Bird,Good,005,A150_I01.png,150,01,Good/005/A150_I01.png,1176668
Bird,Good,005,A150_I02.png,150,02,Good/005/A150_I02.png,1308619
Bird,Good,005,A150_I03.png,150,03,Good/005/A150_I03.png,1246555
Bird,Good,005,A150_I04.png,150,04,Good/005/A150_I04.png,1330749
Bird,Good,005,A150_I05.png,150,05,Good/005/A150_I05.png,1339006
Bird,Good,005,A150_I06.png,150,06,Good/005/A150_I06.png,1276233
Bird,Good,005,A150_I07.png,150,07,Good/005/A150_I07.png,1104818
Bird,Good,005,A150_I08.png,150,08,Good/005/A150_I08.png,1281296
Bird,Good,005,A150_I09.png,150,09,Good/005/A150_I09.png,1455886
Bird,Good,005,A150_I10.png,150,10,Good/005/A150_I10.png,1483006
Bird,Good,005,A180_I01.png,180,01,Good/005/A180_I01.png,1190572
Bird,Good,005,A180_I02.png,180,02,Good/005/A180_I02.png,1332493
Bird,Good,005,A180_I03.png,180,03,Good/005/A180_I03.png,1267439
Bird,Good,005,A180_I04.png,180,04,Good/005/A180_I04.png,1344532
Bird,Good,005,A180_I05.png,180,05,Good/005/A180_I05.png,1348650
Bird,Good,005,A180_I06.png,180,06,Good/005/A180_I06.png,1272032
Bird,Good,005,A180_I07.png,180,07,Good/005/A180_I07.png,1082550
Bird,Good,005,A180_I08.png,180,08,Good/005/A180_I08.png,1280209
Bird,Good,005,A180_I09.png,180,09,Good/005/A180_I09.png,1462121
Bird,Good,005,A180_I10.png,180,10,Good/005/A180_I10.png,1487085
Bird,Good,005,A210_I01.png,210,01,Good/005/A210_I01.png,1171444
Bird,Good,005,A210_I02.png,210,02,Good/005/A210_I02.png,1327050
Bird,Good,005,A210_I03.png,210,03,Good/005/A210_I03.png,1262567
Bird,Good,005,A210_I04.png,210,04,Good/005/A210_I04.png,1373640
Bird,Good,005,A210_I05.png,210,05,Good/005/A210_I05.png,1400241
Bird,Good,005,A210_I06.png,210,06,Good/005/A210_I06.png,1326619
Bird,Good,005,A210_I07.png,210,07,Good/005/A210_I07.png,1144883
Bird,Good,005,A210_I08.png,210,08,Good/005/A210_I08.png,1283916
Bird,Good,005,A210_I09.png,210,09,Good/005/A210_I09.png,1486423
Bird,Good,005,A210_I10.png,210,10,Good/005/A210_I10.png,1515028
Bird,Good,005,A240_I01.png,240,01,Good/005/A240_I01.png,1195187
Bird,Good,005,A240_I02.png,240,02,Good/005/A240_I02.png,1348081
Bird,Good,005,A240_I03.png,240,03,Good/005/A240_I03.png,1276878
Bird,Good,005,A240_I04.png,240,04,Good/005/A240_I04.png,1377723
Bird,Good,005,A240_I05.png,240,05,Good/005/A240_I05.png,1397302
Bird,Good,005,A240_I06.png,240,06,Good/005/A240_I06.png,1330077
Bird,Good,005,A240_I07.png,240,07,Good/005/A240_I07.png,1166397
Bird,Good,005,A240_I08.png,240,08,Good/005/A240_I08.png,1305965
Bird,Good,005,A240_I09.png,240,09,Good/005/A240_I09.png,1498929
Bird,Good,005,A240_I10.png,240,10,Good/005/A240_I10.png,1526111
Bird,Good,005,A270_I01.png,270,01,Good/005/A270_I01.png,1261228
Bird,Good,005,A270_I02.png,270,02,Good/005/A270_I02.png,1393746
Bird,Good,005,A270_I03.png,270,03,Good/005/A270_I03.png,1277758
Bird,Good,005,A270_I04.png,270,04,Good/005/A270_I04.png,1372946
Bird,Good,005,A270_I05.png,270,05,Good/005/A270_I05.png,1382564
Bird,Good,005,A270_I06.png,270,06,Good/005/A270_I06.png,1315026
Bird,Good,005,A270_I07.png,270,07,Good/005/A270_I07.png,1152154
Bird,Good,005,A270_I08.png,270,08,Good/005/A270_I08.png,1352912
Bird,Good,005,A270_I09.png,270,09,Good/005/A270_I09.png,1518307
Bird,Good,005,A270_I10.png,270,10,Good/005/A270_I10.png,1532756
Bird,Good,005,A300_I01.png,300,01,Good/005/A300_I01.png,1273323
Bird,Good,005,A300_I02.png,300,02,Good/005/A300_I02.png,1386426
Bird,Good,005,A300_I03.png,300,03,Good/005/A300_I03.png,1264439
Bird,Good,005,A300_I04.png,300,04,Good/005/A300_I04.png,1355377
Bird,Good,005,A300_I05.png,300,05,Good/005/A300_I05.png,1360215
Bird,Good,005,A300_I06.png,300,06,Good/005/A300_I06.png,1298406
Bird,Good,005,A300_I07.png,300,07,Good/005/A300_I07.png,1137524
Bird,Good,005,A300_I08.png,300,08,Good/005/A300_I08.png,1362399
Bird,Good,005,A300_I09.png,300,09,Good/005/A300_I09.png,1510235
Bird,Good,005,A300_I10.png,300,10,Good/005/A300_I10.png,1518785
Bird,Good,005,A330_I01.png,330,01,Good/005/A330_I01.png,1232772
Bird,Good,005,A330_I02.png,330,02,Good/005/A330_I02.png,1354666
Bird,Good,005,A330_I03.png,330,03,Good/005/A330_I03.png,1252590
Bird,Good,005,A330_I04.png,330,04,Good/005/A330_I04.png,1330680
Bird,Good,005,A330_I05.png,330,05,Good/005/A330_I05.png,1326944
Bird,Good,005,A330_I06.png,330,06,Good/005/A330_I06.png,1263253
Bird,Good,005,A330_I07.png,330,07,Good/005/A330_I07.png,1103004
Bird,Good,005,A330_I08.png,330,08,Good/005/A330_I08.png,1323022
Bird,Good,005,A330_I09.png,330,09,Good/005/A330_I09.png,1472710
Bird,Good,005,A330_I10.png,330,10,Good/005/A330_I10.png,1490214
Bird,Good,006,A000_I01.png,000,01,Good/006/A000_I01.png,1208661
Bird,Good,006,A000_I02.png,000,02,Good/006/A000_I02.png,1331708
Bird,Good,006,A000_I03.png,000,03,Good/006/A000_I03.png,1217061
Bird,Good,006,A000_I04.png,000,04,Good/006/A000_I04.png,1304983
Bird,Good,006,A000_I05.png,000,05,Good/006/A000_I05.png,1309506
Bird,Good,006,A000_I06.png,000,06,Good/006/A000_I06.png,1242667
Bird,Good,006,A000_I07.png,000,07,Good/006/A000_I07.png,1086738
Bird,Good,006,A000_I08.png,000,08,Good/006/A000_I08.png,1300929
Bird,Good,006,A000_I09.png,000,09,Good/006/A000_I09.png,1445754
Bird,Good,006,A000_I10.png,000,10,Good/006/A000_I10.png,1472389
Bird,Good,006,A030_I01.png,030,01,Good/006/A030_I01.png,1206403
Bird,Good,006,A030_I02.png,030,02,Good/006/A030_I02.png,1323407
Bird,Good,006,A030_I03.png,030,03,Good/006/A030_I03.png,1202189
Bird,Good,006,A030_I04.png,030,04,Good/006/A030_I04.png,1286382
Bird,Good,006,A030_I05.png,030,05,Good/006/A030_I05.png,1285758
Bird,Good,006,A030_I06.png,030,06,Good/006/A030_I06.png,1226357
Bird,Good,006,A030_I07.png,030,07,Good/006/A030_I07.png,1060469
Bird,Good,006,A030_I08.png,030,08,Good/006/A030_I08.png,1289072
Bird,Good,006,A030_I09.png,030,09,Good/006/A030_I09.png,1428600
Bird,Good,006,A030_I10.png,030,10,Good/006/A030_I10.png,1455882
Bird,Good,006,A060_I01.png,060,01,Good/006/A060_I01.png,1180916
Bird,Good,006,A060_I02.png,060,02,Good/006/A060_I02.png,1306522
Bird,Good,006,A060_I03.png,060,03,Good/006/A060_I03.png,1196285
Bird,Good,006,A060_I04.png,060,04,Good/006/A060_I04.png,1289686
Bird,Good,006,A060_I05.png,060,05,Good/006/A060_I05.png,1279403
Bird,Good,006,A060_I06.png,060,06,Good/006/A060_I06.png,1219873
Bird,Good,006,A060_I07.png,060,07,Good/006/A060_I07.png,1036245
Bird,Good,006,A060_I08.png,060,08,Good/006/A060_I08.png,1262755
Bird,Good,006,A060_I09.png,060,09,Good/006/A060_I09.png,1414121
Bird,Good,006,A060_I10.png,060,10,Good/006/A060_I10.png,1442028
Bird,Good,006,A090_I01.png,090,01,Good/006/A090_I01.png,1167128
Bird,Good,006,A090_I02.png,090,02,Good/006/A090_I02.png,1297097
Bird,Good,006,A090_I03.png,090,03,Good/006/A090_I03.png,1191528
Bird,Good,006,A090_I04.png,090,04,Good/006/A090_I04.png,1302326
Bird,Good,006,A090_I05.png,090,05,Good/006/A090_I05.png,1300482
Bird,Good,006,A090_I06.png,090,06,Good/006/A090_I06.png,1236854
Bird,Good,006,A090_I07.png,090,07,Good/006/A090_I07.png,1047819
Bird,Good,006,A090_I08.png,090,08,Good/006/A090_I08.png,1258157
Bird,Good,006,A090_I09.png,090,09,Good/006/A090_I09.png,1422366
Bird,Good,006,A090_I10.png,090,10,Good/006/A090_I10.png,1447140
Bird,Good,006,A120_I01.png,120,01,Good/006/A120_I01.png,1164647
Bird,Good,006,A120_I02.png,120,02,Good/006/A120_I02.png,1297916
Bird,Good,006,A120_I03.png,120,03,Good/006/A120_I03.png,1208253
Bird,Good,006,A120_I04.png,120,04,Good/006/A120_I04.png,1333257
Bird,Good,006,A120_I05.png,120,05,Good/006/A120_I05.png,1350918
Bird,Good,006,A120_I06.png,120,06,Good/006/A120_I06.png,1278736
Bird,Good,006,A120_I07.png,120,07,Good/006/A120_I07.png,1076117
Bird,Good,006,A120_I08.png,120,08,Good/006/A120_I08.png,1268433
Bird,Good,006,A120_I09.png,120,09,Good/006/A120_I09.png,1451423
Bird,Good,006,A120_I10.png,120,10,Good/006/A120_I10.png,1476242
Bird,Good,006,A150_I01.png,150,01,Good/006/A150_I01.png,1181522
Bird,Good,006,A150_I02.png,150,02,Good/006/A150_I02.png,1316203
Bird,Good,006,A150_I03.png,150,03,Good/006/A150_I03.png,1244114
Bird,Good,006,A150_I04.png,150,04,Good/006/A150_I04.png,1342877
Bird,Good,006,A150_I05.png,150,05,Good/006/A150_I05.png,1351310
Bird,Good,006,A150_I06.png,150,06,Good/006/A150_I06.png,1269917
Bird,Good,006,A150_I07.png,150,07,Good/006/A150_I07.png,1052916
Bird,Good,006,A150_I08.png,150,08,Good/006/A150_I08.png,1268512
Bird,Good,006,A150_I09.png,150,09,Good/006/A150_I09.png,1458529
Bird,Good,006,A150_I10.png,150,10,Good/006/A150_I10.png,1484998
Bird,Good,006,A180_I01.png,180,01,Good/006/A180_I01.png,1212353
Bird,Good,006,A180_I02.png,180,02,Good/006/A180_I02.png,1353048
Bird,Good,006,A180_I03.png,180,03,Good/006/A180_I03.png,1273221
Bird,Good,006,A180_I04.png,180,04,Good/006/A180_I04.png,1367657
Bird,Good,006,A180_I05.png,180,05,Good/006/A180_I05.png,1373025
Bird,Good,006,A180_I06.png,180,06,Good/006/A180_I06.png,1287077
Bird,Good,006,A180_I07.png,180,07,Good/006/A180_I07.png,1069836
Bird,Good,006,A180_I08.png,180,08,Good/006/A180_I08.png,1296342
Bird,Good,006,A180_I09.png,180,09,Good/006/A180_I09.png,1490358
Bird,Good,006,A180_I10.png,180,10,Good/006/A180_I10.png,1516764
Bird,Good,006,A210_I01.png,210,01,Good/006/A210_I01.png,1206498
Bird,Good,006,A210_I02.png,210,02,Good/006/A210_I02.png,1355987
Bird,Good,006,A210_I03.png,210,03,Good/006/A210_I03.png,1271123
Bird,Good,006,A210_I04.png,210,04,Good/006/A210_I04.png,1394432
Bird,Good,006,A210_I05.png,210,05,Good/006/A210_I05.png,1420706
Bird,Good,006,A210_I06.png,210,06,Good/006/A210_I06.png,1351951
Bird,Good,006,A210_I07.png,210,07,Good/006/A210_I07.png,1161555
Bird,Good,006,A210_I08.png,210,08,Good/006/A210_I08.png,1317469
Bird,Good,006,A210_I09.png,210,09,Good/006/A210_I09.png,1522423
Bird,Good,006,A210_I10.png,210,10,Good/006/A210_I10.png,1547767
Bird,Good,006,A240_I01.png,240,01,Good/006/A240_I01.png,1219017
Bird,Good,006,A240_I02.png,240,02,Good/006/A240_I02.png,1375116
Bird,Good,006,A240_I03.png,240,03,Good/006/A240_I03.png,1286400
Bird,Good,006,A240_I04.png,240,04,Good/006/A240_I04.png,1394128
Bird,Good,006,A240_I05.png,240,05,Good/006/A240_I05.png,1411023
Bird,Good,006,A240_I06.png,240,06,Good/006/A240_I06.png,1339440
Bird,Good,006,A240_I07.png,240,07,Good/006/A240_I07.png,1167651
Bird,Good,006,A240_I08.png,240,08,Good/006/A240_I08.png,1324938
Bird,Good,006,A240_I09.png,240,09,Good/006/A240_I09.png,1522239
Bird,Good,006,A240_I10.png,240,10,Good/006/A240_I10.png,1553253
Bird,Good,006,A270_I01.png,270,01,Good/006/A270_I01.png,1260713
Bird,Good,006,A270_I02.png,270,02,Good/006/A270_I02.png,1397267
Bird,Good,006,A270_I03.png,270,03,Good/006/A270_I03.png,1286141
Bird,Good,006,A270_I04.png,270,04,Good/006/A270_I04.png,1394082
Bird,Good,006,A270_I05.png,270,05,Good/006/A270_I05.png,1405325
Bird,Good,006,A270_I06.png,270,06,Good/006/A270_I06.png,1331329
Bird,Good,006,A270_I07.png,270,07,Good/006/A270_I07.png,1159451
Bird,Good,006,A270_I08.png,270,08,Good/006/A270_I08.png,1356701
Bird,Good,006,A270_I09.png,270,09,Good/006/A270_I09.png,1532896
Bird,Good,006,A270_I10.png,270,10,Good/006/A270_I10.png,1556175
Bird,Good,006,A300_I01.png,300,01,Good/006/A300_I01.png,1258649
Bird,Good,006,A300_I02.png,300,02,Good/006/A300_I02.png,1388812
Bird,Good,006,A300_I03.png,300,03,Good/006/A300_I03.png,1283680
Bird,Good,006,A300_I04.png,300,04,Good/006/A300_I04.png,1369124
Bird,Good,006,A300_I05.png,300,05,Good/006/A300_I05.png,1362071
Bird,Good,006,A300_I06.png,300,06,Good/006/A300_I06.png,1293444
Bird,Good,006,A300_I07.png,300,07,Good/006/A300_I07.png,1125448
Bird,Good,006,A300_I08.png,300,08,Good/006/A300_I08.png,1355216
Bird,Good,006,A300_I09.png,300,09,Good/006/A300_I09.png,1517264
Bird,Good,006,A300_I10.png,300,10,Good/006/A300_I10.png,1535726
Bird,Good,006,A330_I01.png,330,01,Good/006/A330_I01.png,1238441
Bird,Good,006,A330_I02.png,330,02,Good/006/A330_I02.png,1365150
Bird,Good,006,A330_I03.png,330,03,Good/006/A330_I03.png,1255553
Bird,Good,006,A330_I04.png,330,04,Good/006/A330_I04.png,1340928
Bird,Good,006,A330_I05.png,330,05,Good/006/A330_I05.png,1338710
Bird,Good,006,A330_I06.png,330,06,Good/006/A330_I06.png,1270372
Bird,Good,006,A330_I07.png,330,07,Good/006/A330_I07.png,1104101
Bird,Good,006,A330_I08.png,330,08,Good/006/A330_I08.png,1331430
Bird,Good,006,A330_I09.png,330,09,Good/006/A330_I09.png,1489369
Bird,Good,006,A330_I10.png,330,10,Good/006/A330_I10.png,1509654
Bird,Good,007,A000_I01.png,000,01,Good/007/A000_I01.png,1220055
Bird,Good,007,A000_I02.png,000,02,Good/007/A000_I02.png,1341455
Bird,Good,007,A000_I03.png,000,03,Good/007/A000_I03.png,1242512
Bird,Good,007,A000_I04.png,000,04,Good/007/A000_I04.png,1314100
Bird,Good,007,A000_I05.png,000,05,Good/007/A000_I05.png,1315545
Bird,Good,007,A000_I06.png,000,06,Good/007/A000_I06.png,1247694
Bird,Good,007,A000_I07.png,000,07,Good/007/A000_I07.png,1088373
Bird,Good,007,A000_I08.png,000,08,Good/007/A000_I08.png,1307272
Bird,Good,007,A000_I09.png,000,09,Good/007/A000_I09.png,1451762
Bird,Good,007,A000_I10.png,000,10,Good/007/A000_I10.png,1472975
Bird,Good,007,A030_I01.png,030,01,Good/007/A030_I01.png,1211799
Bird,Good,007,A030_I02.png,030,02,Good/007/A030_I02.png,1327921
Bird,Good,007,A030_I03.png,030,03,Good/007/A030_I03.png,1223806
Bird,Good,007,A030_I04.png,030,04,Good/007/A030_I04.png,1292576
Bird,Good,007,A030_I05.png,030,05,Good/007/A030_I05.png,1296228
Bird,Good,007,A030_I06.png,030,06,Good/007/A030_I06.png,1235971
Bird,Good,007,A030_I07.png,030,07,Good/007/A030_I07.png,1071092
Bird,Good,007,A030_I08.png,030,08,Good/007/A030_I08.png,1295333
Bird,Good,007,A030_I09.png,030,09,Good/007/A030_I09.png,1432954
Bird,Good,007,A030_I10.png,030,10,Good/007/A030_I10.png,1456362
Bird,Good,007,A060_I01.png,060,01,Good/007/A060_I01.png,1199455
Bird,Good,007,A060_I02.png,060,02,Good/007/A060_I02.png,1317755
Bird,Good,007,A060_I03.png,060,03,Good/007/A060_I03.png,1214037
Bird,Good,007,A060_I04.png,060,04,Good/007/A060_I04.png,1293052
Bird,Good,007,A060_I05.png,060,05,Good/007/A060_I05.png,1284603
Bird,Good,007,A060_I06.png,060,06,Good/007/A060_I06.png,1229000
Bird,Good,007,A060_I07.png,060,07,Good/007/A060_I07.png,1054800
Bird,Good,007,A060_I08.png,060,08,Good/007/A060_I08.png,1276878
Bird,Good,007,A060_I09.png,060,09,Good/007/A060_I09.png,1424143
Bird,Good,007,A060_I10.png,060,10,Good/007/A060_I10.png,1449157
Bird,Good,007,A090_I01.png,090,01,Good/007/A090_I01.png,1180586
Bird,Good,007,A090_I02.png,090,02,Good/007/A090_I02.png,1304335
Bird,Good,007,A090_I03.png,090,03,Good/007/A090_I03.png,1208381
Bird,Good,007,A090_I04.png,090,04,Good/007/A090_I04.png,1302327
Bird,Good,007,A090_I05.png,090,05,Good/007/A090_I05.png,1301649
Bird,Good,007,A090_I06.png,090,06,Good/007/A090_I06.png,1239982
Bird,Good,007,A090_I07.png,090,07,Good/007/A090_I07.png,1062502
Bird,Good,007,A090_I08.png,090,08,Good/007/A090_I08.png,1267901
Bird,Good,007,A090_I09.png,090,09,Good/007/A090_I09.png,1426385
Bird,Good,007,A090_I10.png,090,10,Good/007/A090_I10.png,1450180
Bird,Good,007,A120_I01.png,120,01,Good/007/A120_I01.png,1171733
Bird,Good,007,A120_I02.png,120,02,Good/007/A120_I02.png,1300701
Bird,Good,007,A120_I03.png,120,03,Good/007/A120_I03.png,1215349
Bird,Good,007,A120_I04.png,120,04,Good/007/A120_I04.png,1318401
Bird,Good,007,A120_I05.png,120,05,Good/007/A120_I05.png,1334536
Bird,Good,007,A120_I06.png,120,06,Good/007/A120_I06.png,1268461
Bird,Good,007,A120_I07.png,120,07,Good/007/A120_I07.png,1084012
Bird,Good,007,A120_I08.png,120,08,Good/007/A120_I08.png,1272784
Bird,Good,007,A120_I09.png,120,09,Good/007/A120_I09.png,1442312
Bird,Good,007,A120_I10.png,120,10,Good/007/A120_I10.png,1469482
Bird,Good,007,A150_I01.png,150,01,Good/007/A150_I01.png,1190197
Bird,Good,007,A150_I02.png,150,02,Good/007/A150_I02.png,1310530
Bird,Good,007,A150_I03.png,150,03,Good/007/A150_I03.png,1233158
Bird,Good,007,A150_I04.png,150,04,Good/007/A150_I04.png,1333597
Bird,Good,007,A150_I05.png,150,05,Good/007/A150_I05.png,1351908
Bird,Good,007,A150_I06.png,150,06,Good/007/A150_I06.png,1283984
Bird,Good,007,A150_I07.png,150,07,Good/007/A150_I07.png,1097655
Bird,Good,007,A150_I08.png,150,08,Good/007/A150_I08.png,1287966
Bird,Good,007,A150_I09.png,150,09,Good/007/A150_I09.png,1460459
Bird,Good,007,A150_I10.png,150,10,Good/007/A150_I10.png,1485511
Bird,Good,007,A180_I01.png,180,01,Good/007/A180_I01.png,1211166
Bird,Good,007,A180_I02.png,180,02,Good/007/A180_I02.png,1341230
Bird,Good,007,A180_I03.png,180,03,Good/007/A180_I03.png,1265478
Bird,Good,007,A180_I04.png,180,04,Good/007/A180_I04.png,1342418
Bird,Good,007,A180_I05.png,180,05,Good/007/A180_I05.png,1346076
Bird,Good,007,A180_I06.png,180,06,Good/007/A180_I06.png,1269529
Bird,Good,007,A180_I07.png,180,07,Good/007/A180_I07.png,1075101
Bird,Good,007,A180_I08.png,180,08,Good/007/A180_I08.png,1292681
Bird,Good,007,A180_I09.png,180,09,Good/007/A180_I09.png,1468318
Bird,Good,007,A180_I10.png,180,10,Good/007/A180_I10.png,1493557
Bird,Good,007,A210_I01.png,210,01,Good/007/A210_I01.png,1208148
Bird,Good,007,A210_I02.png,210,02,Good/007/A210_I02.png,1346535
Bird,Good,007,A210_I03.png,210,03,Good/007/A210_I03.png,1276356
Bird,Good,007,A210_I04.png,210,04,Good/007/A210_I04.png,1363818
Bird,Good,007,A210_I05.png,210,05,Good/007/A210_I05.png,1371673
Bird,Good,007,A210_I06.png,210,06,Good/007/A210_I06.png,1295992
Bird,Good,007,A210_I07.png,210,07,Good/007/A210_I07.png,1096366
Bird,Good,007,A210_I08.png,210,08,Good/007/A210_I08.png,1294564
Bird,Good,007,A210_I09.png,210,09,Good/007/A210_I09.png,1482510
Bird,Good,007,A210_I10.png,210,10,Good/007/A210_I10.png,1504800
Bird,Good,007,A240_I01.png,240,01,Good/007/A240_I01.png,1215000
Bird,Good,007,A240_I02.png,240,02,Good/007/A240_I02.png,1358374
Bird,Good,007,A240_I03.png,240,03,Good/007/A240_I03.png,1286908
Bird,Good,007,A240_I04.png,240,04,Good/007/A240_I04.png,1370819
Bird,Good,007,A240_I05.png,240,05,Good/007/A240_I05.png,1379694
Bird,Good,007,A240_I06.png,240,06,Good/007/A240_I06.png,1302333
Bird,Good,007,A240_I07.png,240,07,Good/007/A240_I07.png,1116558
Bird,Good,007,A240_I08.png,240,08,Good/007/A240_I08.png,1301970
Bird,Good,007,A240_I09.png,240,09,Good/007/A240_I09.png,1492177
Bird,Good,007,A240_I10.png,240,10,Good/007/A240_I10.png,1515280
Bird,Good,007,A270_I01.png,270,01,Good/007/A270_I01.png,1235733
Bird,Good,007,A270_I02.png,270,02,Good/007/A270_I02.png,1375956
Bird,Good,007,A270_I03.png,270,03,Good/007/A270_I03.png,1280253
Bird,Good,007,A270_I04.png,270,04,Good/007/A270_I04.png,1372437
Bird,Good,007,A270_I05.png,270,05,Good/007/A270_I05.png,1381945
Bird,Good,007,A270_I06.png,270,06,Good/007/A270_I06.png,1311585
Bird,Good,007,A270_I07.png,270,07,Good/007/A270_I07.png,1147126
Bird,Good,007,A270_I08.png,270,08,Good/007/A270_I08.png,1330860
Bird,Good,007,A270_I09.png,270,09,Good/007/A270_I09.png,1504931
Bird,Good,007,A270_I10.png,270,10,Good/007/A270_I10.png,1527009
Bird,Good,007,A300_I01.png,300,01,Good/007/A300_I01.png,1264252
Bird,Good,007,A300_I02.png,300,02,Good/007/A300_I02.png,1388077
Bird,Good,007,A300_I03.png,300,03,Good/007/A300_I03.png,1272891
Bird,Good,007,A300_I04.png,300,04,Good/007/A300_I04.png,1355306
Bird,Good,007,A300_I05.png,300,05,Good/007/A300_I05.png,1362905
Bird,Good,007,A300_I06.png,300,06,Good/007/A300_I06.png,1295977
Bird,Good,007,A300_I07.png,300,07,Good/007/A300_I07.png,1135511
Bird,Good,007,A300_I08.png,300,08,Good/007/A300_I08.png,1357331
Bird,Good,007,A300_I09.png,300,09,Good/007/A300_I09.png,1508957
Bird,Good,007,A300_I10.png,300,10,Good/007/A300_I10.png,1522218
Bird,Good,007,A330_I01.png,330,01,Good/007/A330_I01.png,1247399
Bird,Good,007,A330_I02.png,330,02,Good/007/A330_I02.png,1368318
Bird,Good,007,A330_I03.png,330,03,Good/007/A330_I03.png,1263090
Bird,Good,007,A330_I04.png,330,04,Good/007/A330_I04.png,1333297
Bird,Good,007,A330_I05.png,330,05,Good/007/A330_I05.png,1334987
Bird,Good,007,A330_I06.png,330,06,Good/007/A330_I06.png,1268414
Bird,Good,007,A330_I07.png,330,07,Good/007/A330_I07.png,1104505
Bird,Good,007,A330_I08.png,330,08,Good/007/A330_I08.png,1332046
Bird,Good,007,A330_I09.png,330,09,Good/007/A330_I09.png,1482812
Bird,Good,007,A330_I10.png,330,10,Good/007/A330_I10.png,1496915
Bird,Good,008,A000_I01.png,000,01,Good/008/A000_I01.png,1221103
Bird,Good,008,A000_I02.png,000,02,Good/008/A000_I02.png,1344152
Bird,Good,008,A000_I03.png,000,03,Good/008/A000_I03.png,1243572
Bird,Good,008,A000_I04.png,000,04,Good/008/A000_I04.png,1314209
Bird,Good,008,A000_I05.png,000,05,Good/008/A000_I05.png,1309449
Bird,Good,008,A000_I06.png,000,06,Good/008/A000_I06.png,1241151
Bird,Good,008,A000_I07.png,000,07,Good/008/A000_I07.png,1076057
Bird,Good,008,A000_I08.png,000,08,Good/008/A000_I08.png,1306738
Bird,Good,008,A000_I09.png,000,09,Good/008/A000_I09.png,1454134
Bird,Good,008,A000_I10.png,000,10,Good/008/A000_I10.png,1476722
Bird,Good,008,A030_I01.png,030,01,Good/008/A030_I01.png,1213506
Bird,Good,008,A030_I02.png,030,02,Good/008/A030_I02.png,1329456
Bird,Good,008,A030_I03.png,030,03,Good/008/A030_I03.png,1219407
Bird,Good,008,A030_I04.png,030,04,Good/008/A030_I04.png,1294987
Bird,Good,008,A030_I05.png,030,05,Good/008/A030_I05.png,1297583
Bird,Good,008,A030_I06.png,030,06,Good/008/A030_I06.png,1242420
Bird,Good,008,A030_I07.png,030,07,Good/008/A030_I07.png,1082300
Bird,Good,008,A030_I08.png,030,08,Good/008/A030_I08.png,1305192
Bird,Good,008,A030_I09.png,030,09,Good/008/A030_I09.png,1441559
Bird,Good,008,A030_I10.png,030,10,Good/008/A030_I10.png,1465735
Bird,Good,008,A060_I01.png,060,01,Good/008/A060_I01.png,1190903
Bird,Good,008,A060_I02.png,060,02,Good/008/A060_I02.png,1313332
Bird,Good,008,A060_I03.png,060,03,Good/008/A060_I03.png,1210795
Bird,Good,008,A060_I04.png,060,04,Good/008/A060_I04.png,1292953
Bird,Good,008,A060_I05.png,060,05,Good/008/A060_I05.png,1283901
Bird,Good,008,A060_I06.png,060,06,Good/008/A060_I06.png,1230989
Bird,Good,008,A060_I07.png,060,07,Good/008/A060_I07.png,1062411
Bird,Good,008,A060_I08.png,060,08,Good/008/A060_I08.png,1276420
Bird,Good,008,A060_I09.png,060,09,Good/008/A060_I09.png,1424268
Bird,Good,008,A060_I10.png,060,10,Good/008/A060_I10.png,1450460
Bird,Good,008,A090_I01.png,090,01,Good/008/A090_I01.png,1175924
Bird,Good,008,A090_I02.png,090,02,Good/008/A090_I02.png,1302920
Bird,Good,008,A090_I03.png,090,03,Good/008/A090_I03.png,1202496
Bird,Good,008,A090_I04.png,090,04,Good/008/A090_I04.png,1300962
Bird,Good,008,A090_I05.png,090,05,Good/008/A090_I05.png,1293030
Bird,Good,008,A090_I06.png,090,06,Good/008/A090_I06.png,1237832
Bird,Good,008,A090_I07.png,090,07,Good/008/A090_I07.png,1065192
Bird,Good,008,A090_I08.png,090,08,Good/008/A090_I08.png,1264817
Bird,Good,008,A090_I09.png,090,09,Good/008/A090_I09.png,1421870
Bird,Good,008,A090_I10.png,090,10,Good/008/A090_I10.png,1446953
Bird,Good,008,A120_I01.png,120,01,Good/008/A120_I01.png,1171698
Bird,Good,008,A120_I02.png,120,02,Good/008/A120_I02.png,1300824
Bird,Good,008,A120_I03.png,120,03,Good/008/A120_I03.png,1210811
Bird,Good,008,A120_I04.png,120,04,Good/008/A120_I04.png,1320771
Bird,Good,008,A120_I05.png,120,05,Good/008/A120_I05.png,1336287
Bird,Good,008,A120_I06.png,120,06,Good/008/A120_I06.png,1270809
Bird,Good,008,A120_I07.png,120,07,Good/008/A120_I07.png,1097349
Bird,Good,008,A120_I08.png,120,08,Good/008/A120_I08.png,1277358
Bird,Good,008,A120_I09.png,120,09,Good/008/A120_I09.png,1445657
Bird,Good,008,A120_I10.png,120,10,Good/008/A120_I10.png,1471978
Bird,Good,008,A150_I01.png,150,01,Good/008/A150_I01.png,1186563
Bird,Good,008,A150_I02.png,150,02,Good/008/A150_I02.png,1311785
Bird,Good,008,A150_I03.png,150,03,Good/008/A150_I03.png,1235326
Bird,Good,008,A150_I04.png,150,04,Good/008/A150_I04.png,1332720
Bird,Good,008,A150_I05.png,150,05,Good/008/A150_I05.png,1346924
Bird,Good,008,A150_I06.png,150,06,Good/008/A150_I06.png,1281239
Bird,Good,008,A150_I07.png,150,07,Good/008/A150_I07.png,1099573
Bird,Good,008,A150_I08.png,150,08,Good/008/A150_I08.png,1285201
Bird,Good,008,A150_I09.png,150,09,Good/008/A150_I09.png,1460150
Bird,Good,008,A150_I10.png,150,10,Good/008/A150_I10.png,1486190
Bird,Good,008,A180_I01.png,180,01,Good/008/A180_I01.png,1180244
Bird,Good,008,A180_I02.png,180,02,Good/008/A180_I02.png,1323523
Bird,Good,008,A180_I03.png,180,03,Good/008/A180_I03.png,1253930
Bird,Good,008,A180_I04.png,180,04,Good/008/A180_I04.png,1354496
Bird,Good,008,A180_I05.png,180,05,Good/008/A180_I05.png,1370244
Bird,Good,008,A180_I06.png,180,06,Good/008/A180_I06.png,1298677
Bird,Good,008,A180_I07.png,180,07,Good/008/A180_I07.png,1114526
Bird,Good,008,A180_I08.png,180,08,Good/008/A180_I08.png,1281348
Bird,Good,008,A180_I09.png,180,09,Good/008/A180_I09.png,1472060
Bird,Good,008,A180_I10.png,180,10,Good/008/A180_I10.png,1502763
Bird,Good,008,A210_I01.png,210,01,Good/008/A210_I01.png,1206730
Bird,Good,008,A210_I02.png,210,02,Good/008/A210_I02.png,1349139
Bird,Good,008,A210_I03.png,210,03,Good/008/A210_I03.png,1280046
Bird,Good,008,A210_I04.png,210,04,Good/008/A210_I04.png,1369309
Bird,Good,008,A210_I05.png,210,05,Good/008/A210_I05.png,1377243
Bird,Good,008,A210_I06.png,210,06,Good/008/A210_I06.png,1299165
Bird,Good,008,A210_I07.png,210,07,Good/008/A210_I07.png,1097644
Bird,Good,008,A210_I08.png,210,08,Good/008/A210_I08.png,1296744
Bird,Good,008,A210_I09.png,210,09,Good/008/A210_I09.png,1489344
Bird,Good,008,A210_I10.png,210,10,Good/008/A210_I10.png,1511025
Bird,Good,008,A240_I01.png,240,01,Good/008/A240_I01.png,1209823
Bird,Good,008,A240_I02.png,240,02,Good/008/A240_I02.png,1357444
Bird,Good,008,A240_I03.png,240,03,Good/008/A240_I03.png,1278945
Bird,Good,008,A240_I04.png,240,04,Good/008/A240_I04.png,1383104
Bird,Good,008,A240_I05.png,240,05,Good/008/A240_I05.png,1407409
Bird,Good,008,A240_I06.png,240,06,Good/008/A240_I06.png,1330111
Bird,Good,008,A240_I07.png,240,07,Good/008/A240_I07.png,1150446
Bird,Good,008,A240_I08.png,240,08,Good/008/A240_I08.png,1309677
Bird,Good,008,A240_I09.png,240,09,Good/008/A240_I09.png,1504870
Bird,Good,008,A240_I10.png,240,10,Good/008/A240_I10.png,1529184
Bird,Good,008,A270_I01.png,270,01,Good/008/A270_I01.png,1241636
Bird,Good,008,A270_I02.png,270,02,Good/008/A270_I02.png,1382485
Bird,Good,008,A270_I03.png,270,03,Good/008/A270_I03.png,1283057
Bird,Good,008,A270_I04.png,270,04,Good/008/A270_I04.png,1376697
Bird,Good,008,A270_I05.png,270,05,Good/008/A270_I05.png,1389762
Bird,Good,008,A270_I06.png,270,06,Good/008/A270_I06.png,1320480
Bird,Good,008,A270_I07.png,270,07,Good/008/A270_I07.png,1161573
Bird,Good,008,A270_I08.png,270,08,Good/008/A270_I08.png,1338473
Bird,Good,008,A270_I09.png,270,09,Good/008/A270_I09.png,1513055
Bird,Good,008,A270_I10.png,270,10,Good/008/A270_I10.png,1531915
Bird,Good,008,A300_I01.png,300,01,Good/008/A300_I01.png,1252880
Bird,Good,008,A300_I02.png,300,02,Good/008/A300_I02.png,1387580
Bird,Good,008,A300_I03.png,300,03,Good/008/A300_I03.png,1288067
Bird,Good,008,A300_I04.png,300,04,Good/008/A300_I04.png,1359142
Bird,Good,008,A300_I05.png,300,05,Good/008/A300_I05.png,1352684
Bird,Good,008,A300_I06.png,300,06,Good/008/A300_I06.png,1283045
Bird,Good,008,A300_I07.png,300,07,Good/008/A300_I07.png,1119848
Bird,Good,008,A300_I08.png,300,08,Good/008/A300_I08.png,1344760
Bird,Good,008,A300_I09.png,300,09,Good/008/A300_I09.png,1504450
Bird,Good,008,A300_I10.png,300,10,Good/008/A300_I10.png,1521107
Bird,Good,008,A330_I01.png,330,01,Good/008/A330_I01.png,1239135
Bird,Good,008,A330_I02.png,330,02,Good/008/A330_I02.png,1361223
Bird,Good,008,A330_I03.png,330,03,Good/008/A330_I03.png,1263964
Bird,Good,008,A330_I04.png,330,04,Good/008/A330_I04.png,1342564
Bird,Good,008,A330_I05.png,330,05,Good/008/A330_I05.png,1338461
Bird,Good,008,A330_I06.png,330,06,Good/008/A330_I06.png,1269218
Bird,Good,008,A330_I07.png,330,07,Good/008/A330_I07.png,1102022
Bird,Good,008,A330_I08.png,330,08,Good/008/A330_I08.png,1325170
Bird,Good,008,A330_I09.png,330,09,Good/008/A330_I09.png,1482234
Bird,Good,008,A330_I10.png,330,10,Good/008/A330_I10.png,1498638
Bird,Good,009,A000_I01.png,000,01,Good/009/A000_I01.png,1214042
Bird,Good,009,A000_I02.png,000,02,Good/009/A000_I02.png,1343048
Bird,Good,009,A000_I03.png,000,03,Good/009/A000_I03.png,1256686
Bird,Good,009,A000_I04.png,000,04,Good/009/A000_I04.png,1316694
Bird,Good,009,A000_I05.png,000,05,Good/009/A000_I05.png,1298696
Bird,Good,009,A000_I06.png,000,06,Good/009/A000_I06.png,1228130
Bird,Good,009,A000_I07.png,000,07,Good/009/A000_I07.png,1068917
Bird,Good,009,A000_I08.png,000,08,Good/009/A000_I08.png,1300321
Bird,Good,009,A000_I09.png,000,09,Good/009/A000_I09.png,1448037
Bird,Good,009,A000_I10.png,000,10,Good/009/A000_I10.png,1471071
Bird,Good,009,A030_I01.png,030,01,Good/009/A030_I01.png,1206111
Bird,Good,009,A030_I02.png,030,02,Good/009/A030_I02.png,1323896
Bird,Good,009,A030_I03.png,030,03,Good/009/A030_I03.png,1217155
Bird,Good,009,A030_I04.png,030,04,Good/009/A030_I04.png,1294882
Bird,Good,009,A030_I05.png,030,05,Good/009/A030_I05.png,1289088
Bird,Good,009,A030_I06.png,030,06,Good/009/A030_I06.png,1227651
Bird,Good,009,A030_I07.png,030,07,Good/009/A030_I07.png,1075256
Bird,Good,009,A030_I08.png,030,08,Good/009/A030_I08.png,1294463
Bird,Good,009,A030_I09.png,030,09,Good/009/A030_I09.png,1430434
Bird,Good,009,A030_I10.png,030,10,Good/009/A030_I10.png,1454829
Bird,Good,009,A060_I01.png,060,01,Good/009/A060_I01.png,1185399
Bird,Good,009,A060_I02.png,060,02,Good/009/A060_I02.png,1308630
Bird,Good,009,A060_I03.png,060,03,Good/009/A060_I03.png,1198205
Bird,Good,009,A060_I04.png,060,04,Good/009/A060_I04.png,1288876
Bird,Good,009,A060_I05.png,060,05,Good/009/A060_I05.png,1278067
Bird,Good,009,A060_I06.png,060,06,Good/009/A060_I06.png,1228865
Bird,Good,009,A060_I07.png,060,07,Good/009/A060_I07.png,1068037
Bird,Good,009,A060_I08.png,060,08,Good/009/A060_I08.png,1276026
Bird,Good,009,A060_I09.png,060,09,Good/009/A060_I09.png,1419471
Bird,Good,009,A060_I10.png,060,10,Good/009/A060_I10.png,1447319
Bird,Good,009,A090_I01.png,090,01,Good/009/A090_I01.png,1163776
Bird,Good,009,A090_I02.png,090,02,Good/009/A090_I02.png,1293916
Bird,Good,009,A090_I03.png,090,03,Good/009/A090_I03.png,1189390
Bird,Good,009,A090_I04.png,090,04,Good/009/A090_I04.png,1296238
Bird,Good,009,A090_I05.png,090,05,Good/009/A090_I05.png,1282361
Bird,Good,009,A090_I06.png,090,06,Good/009/A090_I06.png,1225518
Bird,Good,009,A090_I07.png,090,07,Good/009/A090_I07.png,1058887
Bird,Good,009,A090_I08.png,090,08,Good/009/A090_I08.png,1258892
Bird,Good,009,A090_I09.png,090,09,Good/009/A090_I09.png,1410868
Bird,Good,009,A090_I10.png,090,10,Good/009/A090_I10.png,1438864
Bird,Good,009,A120_I01.png,120,01,Good/009/A120_I01.png,1163631
Bird,Good,009,A120_I02.png,120,02,Good/009/A120_I02.png,1295260
Bird,Good,009,A120_I03.png,120,03,Good/009/A120_I03.png,1192421
Bird,Good,009,A120_I04.png,120,04,Good/009/A120_I04.png,1313228
Bird,Good,009,A120_I05.png,120,05,Good/009/A120_I05.png,1318132
Bird,Good,009,A120_I06.png,120,06,Good/009/A120_I06.png,1253131
Bird,Good,009,A120_I07.png,120,07,Good/009/A120_I07.png,1073686
Bird,Good,009,A120_I08.png,120,08,Good/009/A120_I08.png,1262032
Bird,Good,009,A120_I09.png,120,09,Good/009/A120_I09.png,1428408
Bird,Good,009,A120_I10.png,120,10,Good/009/A120_I10.png,1456187
Bird,Good,009,A150_I01.png,150,01,Good/009/A150_I01.png,1174865
Bird,Good,009,A150_I02.png,150,02,Good/009/A150_I02.png,1301518
Bird,Good,009,A150_I03.png,150,03,Good/009/A150_I03.png,1211827
Bird,Good,009,A150_I04.png,150,04,Good/009/A150_I04.png,1331459
Bird,Good,009,A150_I05.png,150,05,Good/009/A150_I05.png,1350840
Bird,Good,009,A150_I06.png,150,06,Good/009/A150_I06.png,1283204
Bird,Good,009,A150_I07.png,150,07,Good/009/A150_I07.png,1102179
Bird,Good,009,A150_I08.png,150,08,Good/009/A150_I08.png,1275793
Bird,Good,009,A150_I09.png,150,09,Good/009/A150_I09.png,1448757
Bird,Good,009,A150_I10.png,150,10,Good/009/A150_I10.png,1474082
Bird,Good,009,A180_I01.png,180,01,Good/009/A180_I01.png,1198495
Bird,Good,009,A180_I02.png,180,02,Good/009/A180_I02.png,1330169
Bird,Good,009,A180_I03.png,180,03,Good/009/A180_I03.png,1248108
Bird,Good,009,A180_I04.png,180,04,Good/009/A180_I04.png,1354780
Bird,Good,009,A180_I05.png,180,05,Good/009/A180_I05.png,1368921
Bird,Good,009,A180_I06.png,180,06,Good/009/A180_I06.png,1295598
Bird,Good,009,A180_I07.png,180,07,Good/009/A180_I07.png,1099377
Bird,Good,009,A180_I08.png,180,08,Good/009/A180_I08.png,1290829
Bird,Good,009,A180_I09.png,180,09,Good/009/A180_I09.png,1471240
Bird,Good,009,A180_I10.png,180,10,Good/009/A180_I10.png,1492090
Bird,Good,009,A210_I01.png,210,01,Good/009/A210_I01.png,1214806
Bird,Good,009,A210_I02.png,210,02,Good/009/A210_I02.png,1355864
Bird,Good,009,A210_I03.png,210,03,Good/009/A210_I03.png,1273464
Bird,Good,009,A210_I04.png,210,04,Good/009/A210_I04.png,1375485
Bird,Good,009,A210_I05.png,210,05,Good/009/A210_I05.png,1391717
Bird,Good,009,A210_I06.png,210,06,Good/009/A210_I06.png,1320274
Bird,Good,009,A210_I07.png,210,07,Good/009/A210_I07.png,1117621
Bird,Good,009,A210_I08.png,210,08,Good/009/A210_I08.png,1308992
Bird,Good,009,A210_I09.png,210,09,Good/009/A210_I09.png,1498072
Bird,Good,009,A210_I10.png,210,10,Good/009/A210_I10.png,1517689
Bird,Good,009,A240_I01.png,240,01,Good/009/A240_I01.png,1210289
Bird,Good,009,A240_I02.png,240,02,Good/009/A240_I02.png,1367078
Bird,Good,009,A240_I03.png,240,03,Good/009/A240_I03.png,1296468
Bird,Good,009,A240_I04.png,240,04,Good/009/A240_I04.png,1378006
Bird,Good,009,A240_I05.png,240,05,Good/009/A240_I05.png,1391157
Bird,Good,009,A240_I06.png,240,06,Good/009/A240_I06.png,1313520
Bird,Good,009,A240_I07.png,240,07,Good/009/A240_I07.png,1131309
Bird,Good,009,A240_I08.png,240,08,Good/009/A240_I08.png,1307936
Bird,Good,009,A240_I09.png,240,09,Good/009/A240_I09.png,1499586
Bird,Good,009,A240_I10.png,240,10,Good/009/A240_I10.png,1527889
Bird,Good,009,A270_I01.png,270,01,Good/009/A270_I01.png,1242290
Bird,Good,009,A270_I02.png,270,02,Good/009/A270_I02.png,1383796
Bird,Good,009,A270_I03.png,270,03,Good/009/A270_I03.png,1287262
Bird,Good,009,A270_I04.png,270,04,Good/009/A270_I04.png,1388677
Bird,Good,009,A270_I05.png,270,05,Good/009/A270_I05.png,1403908
Bird,Good,009,A270_I06.png,270,06,Good/009/A270_I06.png,1331137
Bird,Good,009,A270_I07.png,270,07,Good/009/A270_I07.png,1171498
Bird,Good,009,A270_I08.png,270,08,Good/009/A270_I08.png,1340618
Bird,Good,009,A270_I09.png,270,09,Good/009/A270_I09.png,1518273
Bird,Good,009,A270_I10.png,270,10,Good/009/A270_I10.png,1533176
Bird,Good,009,A300_I01.png,300,01,Good/009/A300_I01.png,1251810
Bird,Good,009,A300_I02.png,300,02,Good/009/A300_I02.png,1387314
Bird,Good,009,A300_I03.png,300,03,Good/009/A300_I03.png,1299592
Bird,Good,009,A300_I04.png,300,04,Good/009/A300_I04.png,1364216
Bird,Good,009,A300_I05.png,300,05,Good/009/A300_I05.png,1343338
Bird,Good,009,A300_I06.png,300,06,Good/009/A300_I06.png,1273812
Bird,Good,009,A300_I07.png,300,07,Good/009/A300_I07.png,1114220
Bird,Good,009,A300_I08.png,300,08,Good/009/A300_I08.png,1338474
Bird,Good,009,A300_I09.png,300,09,Good/009/A300_I09.png,1496554
Bird,Good,009,A300_I10.png,300,10,Good/009/A300_I10.png,1513393
Bird,Good,009,A330_I01.png,330,01,Good/009/A330_I01.png,1247785
Bird,Good,009,A330_I02.png,330,02,Good/009/A330_I02.png,1372567
Bird,Good,009,A330_I03.png,330,03,Good/009/A330_I03.png,1280182
Bird,Good,009,A330_I04.png,330,04,Good/009/A330_I04.png,1342495
Bird,Good,009,A330_I05.png,330,05,Good/009/A330_I05.png,1324503
Bird,Good,009,A330_I06.png,330,06,Good/009/A330_I06.png,1256121
Bird,Good,009,A330_I07.png,330,07,Good/009/A330_I07.png,1099184
Bird,Good,009,A330_I08.png,330,08,Good/009/A330_I08.png,1331066
Bird,Good,009,A330_I09.png,330,09,Good/009/A330_I09.png,1482263
Bird,Good,009,A330_I10.png,330,10,Good/009/A330_I10.png,1499430
Bird,Good,010,A000_I01.png,000,01,Good/010/A000_I01.png,1222485
Bird,Good,010,A000_I02.png,000,02,Good/010/A000_I02.png,1354066
Bird,Good,010,A000_I03.png,000,03,Good/010/A000_I03.png,1266189
Bird,Good,010,A000_I04.png,000,04,Good/010/A000_I04.png,1328083
Bird,Good,010,A000_I05.png,000,05,Good/010/A000_I05.png,1310112
Bird,Good,010,A000_I06.png,000,06,Good/010/A000_I06.png,1233816
Bird,Good,010,A000_I07.png,000,07,Good/010/A000_I07.png,1064719
Bird,Good,010,A000_I08.png,000,08,Good/010/A000_I08.png,1307471
Bird,Good,010,A000_I09.png,000,09,Good/010/A000_I09.png,1463779
Bird,Good,010,A000_I10.png,000,10,Good/010/A000_I10.png,1488052
Bird,Good,010,A030_I01.png,030,01,Good/010/A030_I01.png,1206545
Bird,Good,010,A030_I02.png,030,02,Good/010/A030_I02.png,1328537
Bird,Good,010,A030_I03.png,030,03,Good/010/A030_I03.png,1233379
Bird,Good,010,A030_I04.png,030,04,Good/010/A030_I04.png,1298534
Bird,Good,010,A030_I05.png,030,05,Good/010/A030_I05.png,1292694
Bird,Good,010,A030_I06.png,030,06,Good/010/A030_I06.png,1232093
Bird,Good,010,A030_I07.png,030,07,Good/010/A030_I07.png,1077946
Bird,Good,010,A030_I08.png,030,08,Good/010/A030_I08.png,1298143
Bird,Good,010,A030_I09.png,030,09,Good/010/A030_I09.png,1438932
Bird,Good,010,A030_I10.png,030,10,Good/010/A030_I10.png,1465244
Bird,Good,010,A060_I01.png,060,01,Good/010/A060_I01.png,1190815
Bird,Good,010,A060_I02.png,060,02,Good/010/A060_I02.png,1314494
Bird,Good,010,A060_I03.png,060,03,Good/010/A060_I03.png,1207540
Bird,Good,010,A060_I04.png,060,04,Good/010/A060_I04.png,1291954
Bird,Good,010,A060_I05.png,060,05,Good/010/A060_I05.png,1284616
Bird,Good,010,A060_I06.png,060,06,Good/010/A060_I06.png,1232168
Bird,Good,010,A060_I07.png,060,07,Good/010/A060_I07.png,1079364
Bird,Good,010,A060_I08.png,060,08,Good/010/A060_I08.png,1279961
Bird,Good,010,A060_I09.png,060,09,Good/010/A060_I09.png,1426807
Bird,Good,010,A060_I10.png,060,10,Good/010/A060_I10.png,1454190
Bird,Good,010,A090_I01.png,090,01,Good/010/A090_I01.png,1166357
Bird,Good,010,A090_I02.png,090,02,Good/010/A090_I02.png,1295879
Bird,Good,010,A090_I03.png,090,03,Good/010/A090_I03.png,1195068
Bird,Good,010,A090_I04.png,090,04,Good/010/A090_I04.png,1296622
Bird,Good,010,A090_I05.png,090,05,Good/010/A090_I05.png,1287505
Bird,Good,010,A090_I06.png,090,06,Good/010/A090_I06.png,1232285
Bird,Good,010,A090_I07.png,090,07,Good/010/A090_I07.png,1067502
Bird,Good,010,A090_I08.png,090,08,Good/010/A090_I08.png,1258878
Bird,Good,010,A090_I09.png,090,09,Good/010/A090_I09.png,1417116
Bird,Good,010,A090_I10.png,090,10,Good/010/A090_I10.png,1444164
Bird,Good,010,A120_I01.png,120,01,Good/010/A120_I01.png,1159280
Bird,Good,010,A120_I02.png,120,02,Good/010/A120_I02.png,1291327
Bird,Good,010,A120_I03.png,120,03,Good/010/A120_I03.png,1197639
Bird,Good,010,A120_I04.png,120,04,Good/010/A120_I04.png,1312233
Bird,Good,010,A120_I05.png,120,05,Good/010/A120_I05.png,1320913
Bird,Good,010,A120_I06.png,120,06,Good/010/A120_I06.png,1252712
Bird,Good,010,A120_I07.png,120,07,Good/010/A120_I07.png,1054603
Bird,Good,010,A120_I08.png,120,08,Good/010/A120_I08.png,1258048
Bird,Good,010,A120_I09.png,120,09,Good/010/A120_I09.png,1428900
Bird,Good,010,A120_I10.png,120,10,Good/010/A120_I10.png,1457418
Bird,Good,010,A150_I01.png,150,01,Good/010/A150_I01.png,1172185
Bird,Good,010,A150_I02.png,150,02,Good/010/A150_I02.png,1296092
Bird,Good,010,A150_I03.png,150,03,Good/010/A150_I03.png,1207765
Bird,Good,010,A150_I04.png,150,04,Good/010/A150_I04.png,1324413
Bird,Good,010,A150_I05.png,150,05,Good/010/A150_I05.png,1345172
Bird,Good,010,A150_I06.png,150,06,Good/010/A150_I06.png,1283169
Bird,Good,010,A150_I07.png,150,07,Good/010/A150_I07.png,1103155
Bird,Good,010,A150_I08.png,150,08,Good/010/A150_I08.png,1280285
Bird,Good,010,A150_I09.png,150,09,Good/010/A150_I09.png,1450174
Bird,Good,010,A150_I10.png,150,10,Good/010/A150_I10.png,1475949
Bird,Good,010,A180_I01.png,180,01,Good/010/A180_I01.png,1200111
Bird,Good,010,A180_I02.png,180,02,Good/010/A180_I02.png,1325225
Bird,Good,010,A180_I03.png,180,03,Good/010/A180_I03.png,1238722
Bird,Good,010,A180_I04.png,180,04,Good/010/A180_I04.png,1351617
Bird,Good,010,A180_I05.png,180,05,Good/010/A180_I05.png,1371174
Bird,Good,010,A180_I06.png,180,06,Good/010/A180_I06.png,1304035
Bird,Good,010,A180_I07.png,180,07,Good/010/A180_I07.png,1116313
Bird,Good,010,A180_I08.png,180,08,Good/010/A180_I08.png,1301121
Bird,Good,010,A180_I09.png,180,09,Good/010/A180_I09.png,1480720
Bird,Good,010,A180_I10.png,180,10,Good/010/A180_I10.png,1498531
Bird,Good,010,A210_I01.png,210,01,Good/010/A210_I01.png,1220164
Bird,Good,010,A210_I02.png,210,02,Good/010/A210_I02.png,1354099
Bird,Good,010,A210_I03.png,210,03,Good/010/A210_I03.png,1266212
Bird,Good,010,A210_I04.png,210,04,Good/010/A210_I04.png,1373430
Bird,Good,010,A210_I05.png,210,05,Good/010/A210_I05.png,1393274
Bird,Good,010,A210_I06.png,210,06,Good/010/A210_I06.png,1330632
Bird,Good,010,A210_I07.png,210,07,Good/010/A210_I07.png,1135857
Bird,Good,010,A210_I08.png,210,08,Good/010/A210_I08.png,1321715
Bird,Good,010,A210_I09.png,210,09,Good/010/A210_I09.png,1509332
Bird,Good,010,A210_I10.png,210,10,Good/010/A210_I10.png,1525853
Bird,Good,010,A240_I01.png,240,01,Good/010/A240_I01.png,1236565
Bird,Good,010,A240_I02.png,240,02,Good/010/A240_I02.png,1380694
Bird,Good,010,A240_I03.png,240,03,Good/010/A240_I03.png,1293884
Bird,Good,010,A240_I04.png,240,04,Good/010/A240_I04.png,1379161
Bird,Good,010,A240_I05.png,240,05,Good/010/A240_I05.png,1389892
Bird,Good,010,A240_I06.png,240,06,Good/010/A240_I06.png,1318982
Bird,Good,010,A240_I07.png,240,07,Good/010/A240_I07.png,1135141
Bird,Good,010,A240_I08.png,240,08,Good/010/A240_I08.png,1331305
Bird,Good,010,A240_I09.png,240,09,Good/010/A240_I09.png,1516113
Bird,Good,010,A240_I10.png,240,10,Good/010/A240_I10.png,1537332
Bird,Good,010,A270_I01.png,270,01,Good/010/A270_I01.png,1253020
Bird,Good,010,A270_I02.png,270,02,Good/010/A270_I02.png,1391017
Bird,Good,010,A270_I03.png,270,03,Good/010/A270_I03.png,1287319
Bird,Good,010,A270_I04.png,270,04,Good/010/A270_I04.png,1384567
Bird,Good,010,A270_I05.png,270,05,Good/010/A270_I05.png,1396878
Bird,Good,010,A270_I06.png,270,06,Good/010/A270_I06.png,1324712
Bird,Good,010,A270_I07.png,270,07,Good/010/A270_I07.png,1156808
Bird,Good,010,A270_I08.png,270,08,Good/010/A270_I08.png,1343863
Bird,Good,010,A270_I09.png,270,09,Good/010/A270_I09.png,1520114
Bird,Good,010,A270_I10.png,270,10,Good/010/A270_I10.png,1534287
Bird,Good,010,A300_I01.png,300,01,Good/010/A300_I01.png,1265397
Bird,Good,010,A300_I02.png,300,02,Good/010/A300_I02.png,1389506
Bird,Good,010,A300_I03.png,300,03,Good/010/A300_I03.png,1281020
Bird,Good,010,A300_I04.png,300,04,Good/010/A300_I04.png,1377788
Bird,Good,010,A300_I05.png,300,05,Good/010/A300_I05.png,1384264
Bird,Good,010,A300_I06.png,300,06,Good/010/A300_I06.png,1310963
Bird,Good,010,A300_I07.png,300,07,Good/010/A300_I07.png,1145318
Bird,Good,010,A300_I08.png,300,08,Good/010/A300_I08.png,1351950
Bird,Good,010,A300_I09.png,300,09,Good/010/A300_I09.png,1517414
Bird,Good,010,A300_I10.png,300,10,Good/010/A300_I10.png,1526947
Bird,Good,010,A330_I01.png,330,01,Good/010/A330_I01.png,1250197
Bird,Good,010,A330_I02.png,330,02,Good/010/A330_I02.png,1377043
Bird,Good,010,A330_I03.png,330,03,Good/010/A330_I03.png,1286231
Bird,Good,010,A330_I04.png,330,04,Good/010/A330_I04.png,1344259
Bird,Good,010,A330_I05.png,330,05,Good/010/A330_I05.png,1323962
Bird,Good,010,A330_I06.png,330,06,Good/010/A330_I06.png,1248607
Bird,Good,010,A330_I07.png,330,07,Good/010/A330_I07.png,1079041
Bird,Good,010,A330_I08.png,330,08,Good/010/A330_I08.png,1325754
Bird,Good,010,A330_I09.png,330,09,Good/010/A330_I09.png,1482772
Bird,Good,010,A330_I10.png,330,10,Good/010/A330_I10.png,1503034
Bird,Good,011,A000_I01.png,000,01,Good/011/A000_I01.png,1222268
Bird,Good,011,A000_I02.png,000,02,Good/011/A000_I02.png,1352206
Bird,Good,011,A000_I03.png,000,03,Good/011/A000_I03.png,1258121
Bird,Good,011,A000_I04.png,000,04,Good/011/A000_I04.png,1315208
Bird,Good,011,A000_I05.png,000,05,Good/011/A000_I05.png,1299963
Bird,Good,011,A000_I06.png,000,06,Good/011/A000_I06.png,1234695
Bird,Good,011,A000_I07.png,000,07,Good/011/A000_I07.png,1080715
Bird,Good,011,A000_I08.png,000,08,Good/011/A000_I08.png,1312860
Bird,Good,011,A000_I09.png,000,09,Good/011/A000_I09.png,1461032
Bird,Good,011,A000_I10.png,000,10,Good/011/A000_I10.png,1485031
Bird,Good,011,A030_I01.png,030,01,Good/011/A030_I01.png,1203401
Bird,Good,011,A030_I02.png,030,02,Good/011/A030_I02.png,1324804
Bird,Good,011,A030_I03.png,030,03,Good/011/A030_I03.png,1220710
Bird,Good,011,A030_I04.png,030,04,Good/011/A030_I04.png,1295901
Bird,Good,011,A030_I05.png,030,05,Good/011/A030_I05.png,1297476
Bird,Good,011,A030_I06.png,030,06,Good/011/A030_I06.png,1246010
Bird,Good,011,A030_I07.png,030,07,Good/011/A030_I07.png,1088545
Bird,Good,011,A030_I08.png,030,08,Good/011/A030_I08.png,1300494
Bird,Good,011,A030_I09.png,030,09,Good/011/A030_I09.png,1443634
Bird,Good,011,A030_I10.png,030,10,Good/011/A030_I10.png,1468978
Bird,Good,011,A060_I01.png,060,01,Good/011/A060_I01.png,1175289
Bird,Good,011,A060_I02.png,060,02,Good/011/A060_I02.png,1303997
Bird,Good,011,A060_I03.png,060,03,Good/011/A060_I03.png,1207107
Bird,Good,011,A060_I04.png,060,04,Good/011/A060_I04.png,1290630
Bird,Good,011,A060_I05.png,060,05,Good/011/A060_I05.png,1282388
Bird,Good,011,A060_I06.png,060,06,Good/011/A060_I06.png,1223679
Bird,Good,011,A060_I07.png,060,07,Good/011/A060_I07.png,1051152
Bird,Good,011,A060_I08.png,060,08,Good/011/A060_I08.png,1266048
Bird,Good,011,A060_I09.png,060,09,Good/011/A060_I09.png,1417842
Bird,Good,011,A060_I10.png,060,10,Good/011/A060_I10.png,1447752
Bird,Good,011,A090_I01.png,090,01,Good/011/A090_I01.png,1165828
Bird,Good,011,A090_I02.png,090,02,Good/011/A090_I02.png,1296152
Bird,Good,011,A090_I03.png,090,03,Good/011/A090_I03.png,1203882
Bird,Good,011,A090_I04.png,090,04,Good/011/A090_I04.png,1296856
Bird,Good,011,A090_I05.png,090,05,Good/011/A090_I05.png,1289748
Bird,Good,011,A090_I06.png,090,06,Good/011/A090_I06.png,1228479
Bird,Good,011,A090_I07.png,090,07,Good/011/A090_I07.png,1046858
Bird,Good,011,A090_I08.png,090,08,Good/011/A090_I08.png,1253095
Bird,Good,011,A090_I09.png,090,09,Good/011/A090_I09.png,1415261
Bird,Good,011,A090_I10.png,090,10,Good/011/A090_I10.png,1442298
Bird,Good,011,A120_I01.png,120,01,Good/011/A120_I01.png,1153301
Bird,Good,011,A120_I02.png,120,02,Good/011/A120_I02.png,1290961
Bird,Good,011,A120_I03.png,120,03,Good/011/A120_I03.png,1207367
Bird,Good,011,A120_I04.png,120,04,Good/011/A120_I04.png,1314396
Bird,Good,011,A120_I05.png,120,05,Good/011/A120_I05.png,1322770
Bird,Good,011,A120_I06.png,120,06,Good/011/A120_I06.png,1258100
Bird,Good,011,A120_I07.png,120,07,Good/011/A120_I07.png,1066120
Bird,Good,011,A120_I08.png,120,08,Good/011/A120_I08.png,1259884
Bird,Good,011,A120_I09.png,120,09,Good/011/A120_I09.png,1433287
Bird,Good,011,A120_I10.png,120,10,Good/011/A120_I10.png,1461695
Bird,Good,011,A150_I01.png,150,01,Good/011/A150_I01.png,1177501
Bird,Good,011,A150_I02.png,150,02,Good/011/A150_I02.png,1300131
Bird,Good,011,A150_I03.png,150,03,Good/011/A150_I03.png,1214517
Bird,Good,011,A150_I04.png,150,04,Good/011/A150_I04.png,1335708
Bird,Good,011,A150_I05.png,150,05,Good/011/A150_I05.png,1355746
Bird,Good,011,A150_I06.png,150,06,Good/011/A150_I06.png,1295204
Bird,Good,011,A150_I07.png,150,07,Good/011/A150_I07.png,1116892
Bird,Good,011,A150_I08.png,150,08,Good/011/A150_I08.png,1287866
Bird,Good,011,A150_I09.png,150,09,Good/011/A150_I09.png,1463003
Bird,Good,011,A150_I10.png,150,10,Good/011/A150_I10.png,1487839
Bird,Good,011,A180_I01.png,180,01,Good/011/A180_I01.png,1207256
Bird,Good,011,A180_I02.png,180,02,Good/011/A180_I02.png,1336181
Bird,Good,011,A180_I03.png,180,03,Good/011/A180_I03.png,1247671
Bird,Good,011,A180_I04.png,180,04,Good/011/A180_I04.png,1360428
Bird,Good,011,A180_I05.png,180,05,Good/011/A180_I05.png,1375371
Bird,Good,011,A180_I06.png,180,06,Good/011/A180_I06.png,1305121
Bird,Good,011,A180_I07.png,180,07,Good/011/A180_I07.png,1096768
Bird,Good,011,A180_I08.png,180,08,Good/011/A180_I08.png,1301185
Bird,Good,011,A180_I09.png,180,09,Good/011/A180_I09.png,1489559
Bird,Good,011,A180_I10.png,180,10,Good/011/A180_I10.png,1509901
Bird,Good,011,A210_I01.png,210,01,Good/011/A210_I01.png,1210317
Bird,Good,011,A210_I02.png,210,02,Good/011/A210_I02.png,1352056
Bird,Good,011,A210_I03.png,210,03,Good/011/A210_I03.png,1259013
Bird,Good,011,A210_I04.png,210,04,Good/011/A210_I04.png,1391788
Bird,Good,011,A210_I05.png,210,05,Good/011/A210_I05.png,1420818
Bird,Good,011,A210_I06.png,210,06,Good/011/A210_I06.png,1354671
Bird,Good,011,A210_I07.png,210,07,Good/011/A210_I07.png,1156549
Bird,Good,011,A210_I08.png,210,08,Good/011/A210_I08.png,1320545
Bird,Good,011,A210_I09.png,210,09,Good/011/A210_I09.png,1525047
Bird,Good,011,A210_I10.png,210,10,Good/011/A210_I10.png,1550771
Bird,Good,011,A240_I01.png,240,01,Good/011/A240_I01.png,1240793
Bird,Good,011,A240_I02.png,240,02,Good/011/A240_I02.png,1383942
Bird,Good,011,A240_I03.png,240,03,Good/011/A240_I03.png,1289496
Bird,Good,011,A240_I04.png,240,04,Good/011/A240_I04.png,1392338
Bird,Good,011,A240_I05.png,240,05,Good/011/A240_I05.png,1408014
Bird,Good,011,A240_I06.png,240,06,Good/011/A240_I06.png,1329973
Bird,Good,011,A240_I07.png,240,07,Good/011/A240_I07.png,1136797
Bird,Good,011,A240_I08.png,240,08,Good/011/A240_I08.png,1332486
Bird,Good,011,A240_I09.png,240,09,Good/011/A240_I09.png,1526280
Bird,Good,011,A240_I10.png,240,10,Good/011/A240_I10.png,1550944
Bird,Good,011,A270_I01.png,270,01,Good/011/A270_I01.png,1265766
Bird,Good,011,A270_I02.png,270,02,Good/011/A270_I02.png,1400007
Bird,Good,011,A270_I03.png,270,03,Good/011/A270_I03.png,1283646
Bird,Good,011,A270_I04.png,270,04,Good/011/A270_I04.png,1389230
Bird,Good,011,A270_I05.png,270,05,Good/011/A270_I05.png,1401234
Bird,Good,011,A270_I06.png,270,06,Good/011/A270_I06.png,1331052
Bird,Good,011,A270_I07.png,270,07,Good/011/A270_I07.png,1159750
Bird,Good,011,A270_I08.png,270,08,Good/011/A270_I08.png,1356928
Bird,Good,011,A270_I09.png,270,09,Good/011/A270_I09.png,1533349
Bird,Good,011,A270_I10.png,270,10,Good/011/A270_I10.png,1552093
Bird,Good,011,A300_I01.png,300,01,Good/011/A300_I01.png,1267743
Bird,Good,011,A300_I02.png,300,02,Good/011/A300_I02.png,1396665
Bird,Good,011,A300_I03.png,300,03,Good/011/A300_I03.png,1291484
Bird,Good,011,A300_I04.png,300,04,Good/011/A300_I04.png,1368618
Bird,Good,011,A300_I05.png,300,05,Good/011/A300_I05.png,1357094
Bird,Good,011,A300_I06.png,300,06,Good/011/A300_I06.png,1284856
Bird,Good,011,A300_I07.png,300,07,Good/011/A300_I07.png,1112809
Bird,Good,011,A300_I08.png,300,08,Good/011/A300_I08.png,1351777
Bird,Good,011,A300_I09.png,300,09,Good/011/A300_I09.png,1514331
Bird,Good,011,A300_I10.png,300,10,Good/011/A300_I10.png,1530662
Bird,Good,011,A330_I01.png,330,01,Good/011/A330_I01.png,1249720
Bird,Good,011,A330_I02.png,330,02,Good/011/A330_I02.png,1377150
Bird,Good,011,A330_I03.png,330,03,Good/011/A330_I03.png,1279114
Bird,Good,011,A330_I04.png,330,04,Good/011/A330_I04.png,1341502
Bird,Good,011,A330_I05.png,330,05,Good/011/A330_I05.png,1324775
Bird,Good,011,A330_I06.png,330,06,Good/011/A330_I06.png,1258132
Bird,Good,011,A330_I07.png,330,07,Good/011/A330_I07.png,1094343
Bird,Good,011,A330_I08.png,330,08,Good/011/A330_I08.png,1335829
Bird,Good,011,A330_I09.png,330,09,Good/011/A330_I09.png,1490431
Bird,Good,011,A330_I10.png,330,10,Good/011/A330_I10.png,1511419
Bird,Good,012,A000_I01.png,000,01,Good/012/A000_I01.png,1226567
Bird,Good,012,A000_I02.png,000,02,Good/012/A000_I02.png,1349957
Bird,Good,012,A000_I03.png,000,03,Good/012/A000_I03.png,1265174
Bird,Good,012,A000_I04.png,000,04,Good/012/A000_I04.png,1326305
Bird,Good,012,A000_I05.png,000,05,Good/012/A000_I05.png,1320466
Bird,Good,012,A000_I06.png,000,06,Good/012/A000_I06.png,1244138
Bird,Good,012,A000_I07.png,000,07,Good/012/A000_I07.png,1071346
Bird,Good,012,A000_I08.png,000,08,Good/012/A000_I08.png,1309256
Bird,Good,012,A000_I09.png,000,09,Good/012/A000_I09.png,1460586
Bird,Good,012,A000_I10.png,000,10,Good/012/A000_I10.png,1482397
Bird,Good,012,A030_I01.png,030,01,Good/012/A030_I01.png,1222011
Bird,Good,012,A030_I02.png,030,02,Good/012/A030_I02.png,1334677
Bird,Good,012,A030_I03.png,030,03,Good/012/A030_I03.png,1232760
Bird,Good,012,A030_I04.png,030,04,Good/012/A030_I04.png,1302145
Bird,Good,012,A030_I05.png,030,05,Good/012/A030_I05.png,1310720
Bird,Good,012,A030_I06.png,030,06,Good/012/A030_I06.png,1246827
Bird,Good,012,A030_I07.png,030,07,Good/012/A030_I07.png,1080000
Bird,Good,012,A030_I08.png,030,08,Good/012/A030_I08.png,1303919
Bird,Good,012,A030_I09.png,030,09,Good/012/A030_I09.png,1443857
Bird,Good,012,A030_I10.png,030,10,Good/012/A030_I10.png,1466575
Bird,Good,012,A060_I01.png,060,01,Good/012/A060_I01.png,1203267
Bird,Good,012,A060_I02.png,060,02,Good/012/A060_I02.png,1321402
Bird,Good,012,A060_I03.png,060,03,Good/012/A060_I03.png,1224789
Bird,Good,012,A060_I04.png,060,04,Good/012/A060_I04.png,1297001
Bird,Good,012,A060_I05.png,060,05,Good/012/A060_I05.png,1294446
Bird,Good,012,A060_I06.png,060,06,Good/012/A060_I06.png,1234999
Bird,Good,012,A060_I07.png,060,07,Good/012/A060_I07.png,1061681
Bird,Good,012,A060_I08.png,060,08,Good/012/A060_I08.png,1280567
Bird,Good,012,A060_I09.png,060,09,Good/012/A060_I09.png,1428192
Bird,Good,012,A060_I10.png,060,10,Good/012/A060_I10.png,1452225
Bird,Good,012,A090_I01.png,090,01,Good/012/A090_I01.png,1178662
Bird,Good,012,A090_I02.png,090,02,Good/012/A090_I02.png,1306346
Bird,Good,012,A090_I03.png,090,03,Good/012/A090_I03.png,1217508
Bird,Good,012,A090_I04.png,090,04,Good/012/A090_I04.png,1301962
Bird,Good,012,A090_I05.png,090,05,Good/012/A090_I05.png,1297522
Bird,Good,012,A090_I06.png,090,06,Good/012/A090_I06.png,1232035
Bird,Good,012,A090_I07.png,090,07,Good/012/A090_I07.png,1053718
Bird,Good,012,A090_I08.png,090,08,Good/012/A090_I08.png,1259612
Bird,Good,012,A090_I09.png,090,09,Good/012/A090_I09.png,1420097
Bird,Good,012,A090_I10.png,090,10,Good/012/A090_I10.png,1445717
Bird,Good,012,A120_I01.png,120,01,Good/012/A120_I01.png,1163497
Bird,Good,012,A120_I02.png,120,02,Good/012/A120_I02.png,1297425
Bird,Good,012,A120_I03.png,120,03,Good/012/A120_I03.png,1219222
Bird,Good,012,A120_I04.png,120,04,Good/012/A120_I04.png,1319126
Bird,Good,012,A120_I05.png,120,05,Good/012/A120_I05.png,1327301
Bird,Good,012,A120_I06.png,120,06,Good/012/A120_I06.png,1257215
Bird,Good,012,A120_I07.png,120,07,Good/012/A120_I07.png,1066343
Bird,Good,012,A120_I08.png,120,08,Good/012/A120_I08.png,1260282
Bird,Good,012,A120_I09.png,120,09,Good/012/A120_I09.png,1433667
Bird,Good,012,A120_I10.png,120,10,Good/012/A120_I10.png,1462037
Bird,Good,012,A150_I01.png,150,01,Good/012/A150_I01.png,1179353
Bird,Good,012,A150_I02.png,150,02,Good/012/A150_I02.png,1302440
Bird,Good,012,A150_I03.png,150,03,Good/012/A150_I03.png,1229899
Bird,Good,012,A150_I04.png,150,04,Good/012/A150_I04.png,1333413
Bird,Good,012,A150_I05.png,150,05,Good/012/A150_I05.png,1351652
Bird,Good,012,A150_I06.png,150,06,Good/012/A150_I06.png,1286446
Bird,Good,012,A150_I07.png,150,07,Good/012/A150_I07.png,1108253
Bird,Good,012,A150_I08.png,150,08,Good/012/A150_I08.png,1284933
Bird,Good,012,A150_I09.png,150,09,Good/012/A150_I09.png,1460087
Bird,Good,012,A150_I10.png,150,10,Good/012/A150_I10.png,1485132
Bird,Good,012,A180_I01.png,180,01,Good/012/A180_I01.png,1206872
Bird,Good,012,A180_I02.png,180,02,Good/012/A180_I02.png,1331825
Bird,Good,012,A180_I03.png,180,03,Good/012/A180_I03.png,1251802
Bird,Good,012,A180_I04.png,180,04,Good/012/A180_I04.png,1350017
Bird,Good,012,A180_I05.png,180,05,Good/012/A180_I05.png,1365954
Bird,Good,012,A180_I06.png,180,06,Good/012/A180_I06.png,1302557
Bird,Good,012,A180_I07.png,180,07,Good/012/A180_I07.png,1124227
Bird,Good,012,A180_I08.png,180,08,Good/012/A180_I08.png,1306617
Bird,Good,012,A180_I09.png,180,09,Good/012/A180_I09.png,1482091
Bird,Good,012,A180_I10.png,180,10,Good/012/A180_I10.png,1502503
Bird,Good,012,A210_I01.png,210,01,Good/012/A210_I01.png,1213749
Bird,Good,012,A210_I02.png,210,02,Good/012/A210_I02.png,1348815
Bird,Good,012,A210_I03.png,210,03,Good/012/A210_I03.png,1266051
Bird,Good,012,A210_I04.png,210,04,Good/012/A210_I04.png,1370631
Bird,Good,012,A210_I05.png,210,05,Good/012/A210_I05.png,1391355
Bird,Good,012,A210_I06.png,210,06,Good/012/A210_I06.png,1323110
Bird,Good,012,A210_I07.png,210,07,Good/012/A210_I07.png,1127593
Bird,Good,012,A210_I08.png,210,08,Good/012/A210_I08.png,1310677
Bird,Good,012,A210_I09.png,210,09,Good/012/A210_I09.png,1498115
Bird,Good,012,A210_I10.png,210,10,Good/012/A210_I10.png,1518548
Bird,Good,012,A240_I01.png,240,01,Good/012/A240_I01.png,1229434
Bird,Good,012,A240_I02.png,240,02,Good/012/A240_I02.png,1366964
Bird,Good,012,A240_I03.png,240,03,Good/012/A240_I03.png,1282740
Bird,Good,012,A240_I04.png,240,04,Good/012/A240_I04.png,1386082
Bird,Good,012,A240_I05.png,240,05,Good/012/A240_I05.png,1407467
Bird,Good,012,A240_I06.png,240,06,Good/012/A240_I06.png,1330797
Bird,Good,012,A240_I07.png,240,07,Good/012/A240_I07.png,1140754
Bird,Good,012,A240_I08.png,240,08,Good/012/A240_I08.png,1319685
Bird,Good,012,A240_I09.png,240,09,Good/012/A240_I09.png,1512470
Bird,Good,012,A240_I10.png,240,10,Good/012/A240_I10.png,1533393
Bird,Good,012,A270_I01.png,270,01,Good/012/A270_I01.png,1246468
Bird,Good,012,A270_I02.png,270,02,Good/012/A270_I02.png,1382521
Bird,Good,012,A270_I03.png,270,03,Good/012/A270_I03.png,1284116
Bird,Good,012,A270_I04.png,270,04,Good/012/A270_I04.png,1375874
Bird,Good,012,A270_I05.png,270,05,Good/012/A270_I05.png,1387297
Bird,Good,012,A270_I06.png,270,06,Good/012/A270_I06.png,1318337
Bird,Good,012,A270_I07.png,270,07,Good/012/A270_I07.png,1156185
Bird,Good,012,A270_I08.png,270,08,Good/012/A270_I08.png,1337754
Bird,Good,012,A270_I09.png,270,09,Good/012/A270_I09.png,1508746
Bird,Good,012,A270_I10.png,270,10,Good/012/A270_I10.png,1525575
Bird,Good,012,A300_I01.png,300,01,Good/012/A300_I01.png,1234525
Bird,Good,012,A300_I02.png,300,02,Good/012/A300_I02.png,1379364
Bird,Good,012,A300_I03.png,300,03,Good/012/A300_I03.png,1299170
Bird,Good,012,A300_I04.png,300,04,Good/012/A300_I04.png,1352832
Bird,Good,012,A300_I05.png,300,05,Good/012/A300_I05.png,1330851
Bird,Good,012,A300_I06.png,300,06,Good/012/A300_I06.png,1259020
Bird,Good,012,A300_I07.png,300,07,Good/012/A300_I07.png,1094989
Bird,Good,012,A300_I08.png,300,08,Good/012/A300_I08.png,1322356
Bird,Good,012,A300_I09.png,300,09,Good/012/A300_I09.png,1488674
Bird,Good,012,A300_I10.png,300,10,Good/012/A300_I10.png,1512160
Bird,Good,012,A330_I01.png,330,01,Good/012/A330_I01.png,1229164
Bird,Good,012,A330_I02.png,330,02,Good/012/A330_I02.png,1355021
Bird,Good,012,A330_I03.png,330,03,Good/012/A330_I03.png,1265690
Bird,Good,012,A330_I04.png,330,04,Good/012/A330_I04.png,1339800
Bird,Good,012,A330_I05.png,330,05,Good/012/A330_I05.png,1342447
Bird,Good,012,A330_I06.png,330,06,Good/012/A330_I06.png,1274965
Bird,Good,012,A330_I07.png,330,07,Good/012/A330_I07.png,1123917
Bird,Good,012,A330_I08.png,330,08,Good/012/A330_I08.png,1319273
Bird,Good,012,A330_I09.png,330,09,Good/012/A330_I09.png,1478147
Bird,Good,012,A330_I10.png,330,10,Good/012/A330_I10.png,1498945
Bird,Good,013,A000_I01.png,000,01,Good/013/A000_I01.png,1234385
Bird,Good,013,A000_I02.png,000,02,Good/013/A000_I02.png,1358435
Bird,Good,013,A000_I03.png,000,03,Good/013/A000_I03.png,1268809
Bird,Good,013,A000_I04.png,000,04,Good/013/A000_I04.png,1317628
Bird,Good,013,A000_I05.png,000,05,Good/013/A000_I05.png,1308342
Bird,Good,013,A000_I06.png,000,06,Good/013/A000_I06.png,1236752
Bird,Good,013,A000_I07.png,000,07,Good/013/A000_I07.png,1066783
Bird,Good,013,A000_I08.png,000,08,Good/013/A000_I08.png,1311383
Bird,Good,013,A000_I09.png,000,09,Good/013/A000_I09.png,1462092
Bird,Good,013,A000_I10.png,000,10,Good/013/A000_I10.png,1481047
Bird,Good,013,A030_I01.png,030,01,Good/013/A030_I01.png,1214205
Bird,Good,013,A030_I02.png,030,02,Good/013/A030_I02.png,1329898
Bird,Good,013,A030_I03.png,030,03,Good/013/A030_I03.png,1234958
Bird,Good,013,A030_I04.png,030,04,Good/013/A030_I04.png,1299547
Bird,Good,013,A030_I05.png,030,05,Good/013/A030_I05.png,1308133
Bird,Good,013,A030_I06.png,030,06,Good/013/A030_I06.png,1246116
Bird,Good,013,A030_I07.png,030,07,Good/013/A030_I07.png,1082047
Bird,Good,013,A030_I08.png,030,08,Good/013/A030_I08.png,1298798
Bird,Good,013,A030_I09.png,030,09,Good/013/A030_I09.png,1441145
Bird,Good,013,A030_I10.png,030,10,Good/013/A030_I10.png,1463513
Bird,Good,013,A060_I01.png,060,01,Good/013/A060_I01.png,1194327
Bird,Good,013,A060_I02.png,060,02,Good/013/A060_I02.png,1315808
Bird,Good,013,A060_I03.png,060,03,Good/013/A060_I03.png,1223523
Bird,Good,013,A060_I04.png,060,04,Good/013/A060_I04.png,1296143
Bird,Good,013,A060_I05.png,060,05,Good/013/A060_I05.png,1295496
Bird,Good,013,A060_I06.png,060,06,Good/013/A060_I06.png,1227473
Bird,Good,013,A060_I07.png,060,07,Good/013/A060_I07.png,1050114
Bird,Good,013,A060_I08.png,060,08,Good/013/A060_I08.png,1269401
Bird,Good,013,A060_I09.png,060,09,Good/013/A060_I09.png,1420001
Bird,Good,013,A060_I10.png,060,10,Good/013/A060_I10.png,1446183
Bird,Good,013,A090_I01.png,090,01,Good/013/A090_I01.png,1173439
Bird,Good,013,A090_I02.png,090,02,Good/013/A090_I02.png,1303073
Bird,Good,013,A090_I03.png,090,03,Good/013/A090_I03.png,1217623
Bird,Good,013,A090_I04.png,090,04,Good/013/A090_I04.png,1302048
Bird,Good,013,A090_I05.png,090,05,Good/013/A090_I05.png,1298496
Bird,Good,013,A090_I06.png,090,06,Good/013/A090_I06.png,1234085
Bird,Good,013,A090_I07.png,090,07,Good/013/A090_I07.png,1052686
Bird,Good,013,A090_I08.png,090,08,Good/013/A090_I08.png,1254257
Bird,Good,013,A090_I09.png,090,09,Good/013/A090_I09.png,1417031
Bird,Good,013,A090_I10.png,090,10,Good/013/A090_I10.png,1442566
Bird,Good,013,A120_I01.png,120,01,Good/013/A120_I01.png,1165688
Bird,Good,013,A120_I02.png,120,02,Good/013/A120_I02.png,1296985
Bird,Good,013,A120_I03.png,120,03,Good/013/A120_I03.png,1220980
Bird,Good,013,A120_I04.png,120,04,Good/013/A120_I04.png,1312051
Bird,Good,013,A120_I05.png,120,05,Good/013/A120_I05.png,1318530
Bird,Good,013,A120_I06.png,120,06,Good/013/A120_I06.png,1256247
Bird,Good,013,A120_I07.png,120,07,Good/013/A120_I07.png,1082181
Bird,Good,013,A120_I08.png,120,08,Good/013/A120_I08.png,1266132
Bird,Good,013,A120_I09.png,120,09,Good/013/A120_I09.png,1433081
Bird,Good,013,A120_I10.png,120,10,Good/013/A120_I10.png,1461295
Bird,Good,013,A150_I01.png,150,01,Good/013/A150_I01.png,1176607
Bird,Good,013,A150_I02.png,150,02,Good/013/A150_I02.png,1302429
Bird,Good,013,A150_I03.png,150,03,Good/013/A150_I03.png,1233277
Bird,Good,013,A150_I04.png,150,04,Good/013/A150_I04.png,1331012
Bird,Good,013,A150_I05.png,150,05,Good/013/A150_I05.png,1347477
Bird,Good,013,A150_I06.png,150,06,Good/013/A150_I06.png,1283003
Bird,Good,013,A150_I07.png,150,07,Good/013/A150_I07.png,1101731
Bird,Good,013,A150_I08.png,150,08,Good/013/A150_I08.png,1282287
Bird,Good,013,A150_I09.png,150,09,Good/013/A150_I09.png,1455922
Bird,Good,013,A150_I10.png,150,10,Good/013/A150_I10.png,1483141
Bird,Good,013,A180_I01.png,180,01,Good/013/A180_I01.png,1201818
Bird,Good,013,A180_I02.png,180,02,Good/013/A180_I02.png,1326980
Bird,Good,013,A180_I03.png,180,03,Good/013/A180_I03.png,1249710
Bird,Good,013,A180_I04.png,180,04,Good/013/A180_I04.png,1353493
Bird,Good,013,A180_I05.png,180,05,Good/013/A180_I05.png,1372382
Bird,Good,013,A180_I06.png,180,06,Good/013/A180_I06.png,1299699
Bird,Good,013,A180_I07.png,180,07,Good/013/A180_I07.png,1101375
Bird,Good,013,A180_I08.png,180,08,Good/013/A180_I08.png,1293650
Bird,Good,013,A180_I09.png,180,09,Good/013/A180_I09.png,1476141
Bird,Good,013,A180_I10.png,180,10,Good/013/A180_I10.png,1497889
Bird,Good,013,A210_I01.png,210,01,Good/013/A210_I01.png,1225095
Bird,Good,013,A210_I02.png,210,02,Good/013/A210_I02.png,1355955
Bird,Good,013,A210_I03.png,210,03,Good/013/A210_I03.png,1263397
Bird,Good,013,A210_I04.png,210,04,Good/013/A210_I04.png,1378973
Bird,Good,013,A210_I05.png,210,05,Good/013/A210_I05.png,1405185
Bird,Good,013,A210_I06.png,210,06,Good/013/A210_I06.png,1331523
Bird,Good,013,A210_I07.png,210,07,Good/013/A210_I07.png,1128211
Bird,Good,013,A210_I08.png,210,08,Good/013/A210_I08.png,1319022
Bird,Good,013,A210_I09.png,210,09,Good/013/A210_I09.png,1508594
Bird,Good,013,A210_I10.png,210,10,Good/013/A210_I10.png,1526928
Bird,Good,013,A240_I01.png,240,01,Good/013/A240_I01.png,1217796
Bird,Good,013,A240_I02.png,240,02,Good/013/A240_I02.png,1358548
Bird,Good,013,A240_I03.png,240,03,Good/013/A240_I03.png,1274928
Bird,Good,013,A240_I04.png,240,04,Good/013/A240_I04.png,1386738
Bird,Good,013,A240_I05.png,240,05,Good/013/A240_I05.png,1413052
Bird,Good,013,A240_I06.png,240,06,Good/013/A240_I06.png,1343784
Bird,Good,013,A240_I07.png,240,07,Good/013/A240_I07.png,1164177
Bird,Good,013,A240_I08.png,240,08,Good/013/A240_I08.png,1323512
Bird,Good,013,A240_I09.png,240,09,Good/013/A240_I09.png,1514850
Bird,Good,013,A240_I10.png,240,10,Good/013/A240_I10.png,1538431
Bird,Good,013,A270_I01.png,270,01,Good/013/A270_I01.png,1255656
Bird,Good,013,A270_I02.png,270,02,Good/013/A270_I02.png,1387938
Bird,Good,013,A270_I03.png,270,03,Good/013/A270_I03.png,1282624
Bird,Good,013,A270_I04.png,270,04,Good/013/A270_I04.png,1375121
Bird,Good,013,A270_I05.png,270,05,Good/013/A270_I05.png,1390097
Bird,Good,013,A270_I06.png,270,06,Good/013/A270_I06.png,1321223
Bird,Good,013,A270_I07.png,270,07,Good/013/A270_I07.png,1151977
Bird,Good,013,A270_I08.png,270,08,Good/013/A270_I08.png,1344698
Bird,Good,013,A270_I09.png,270,09,Good/013/A270_I09.png,1513940
Bird,Good,013,A270_I10.png,270,10,Good/013/A270_I10.png,1525865
Bird,Good,013,A300_I01.png,300,01,Good/013/A300_I01.png,1293057
Bird,Good,013,A300_I02.png,300,02,Good/013/A300_I02.png,1401947
Bird,Good,013,A300_I03.png,300,03,Good/013/A300_I03.png,1272393
Bird,Good,013,A300_I04.png,300,04,Good/013/A300_I04.png,1362787
Bird,Good,013,A300_I05.png,300,05,Good/013/A300_I05.png,1376751
Bird,Good,013,A300_I06.png,300,06,Good/013/A300_I06.png,1302714
Bird,Good,013,A300_I07.png,300,07,Good/013/A300_I07.png,1127453
Bird,Good,013,A300_I08.png,300,08,Good/013/A300_I08.png,1366818
Bird,Good,013,A300_I09.png,300,09,Good/013/A300_I09.png,1516391
Bird,Good,013,A300_I10.png,300,10,Good/013/A300_I10.png,1518490
Bird,Good,013,A330_I01.png,330,01,Good/013/A330_I01.png,1232916
Bird,Good,013,A330_I02.png,330,02,Good/013/A330_I02.png,1356559
Bird,Good,013,A330_I03.png,330,03,Good/013/A330_I03.png,1263592
Bird,Good,013,A330_I04.png,330,04,Good/013/A330_I04.png,1334391
Bird,Good,013,A330_I05.png,330,05,Good/013/A330_I05.png,1337709
Bird,Good,013,A330_I06.png,330,06,Good/013/A330_I06.png,1270885
Bird,Good,013,A330_I07.png,330,07,Good/013/A330_I07.png,1116733
Bird,Good,013,A330_I08.png,330,08,Good/013/A330_I08.png,1320432
Bird,Good,013,A330_I09.png,330,09,Good/013/A330_I09.png,1474847
Bird,Good,013,A330_I10.png,330,10,Good/013/A330_I10.png,1494829
Bird,Good,014,A000_I01.png,000,01,Good/014/A000_I01.png,1230356
Bird,Good,014,A000_I02.png,000,02,Good/014/A000_I02.png,1353269
Bird,Good,014,A000_I03.png,000,03,Good/014/A000_I03.png,1257976
Bird,Good,014,A000_I04.png,000,04,Good/014/A000_I04.png,1320429
Bird,Good,014,A000_I05.png,000,05,Good/014/A000_I05.png,1314774
Bird,Good,014,A000_I06.png,000,06,Good/014/A000_I06.png,1245574
Bird,Good,014,A000_I07.png,000,07,Good/014/A000_I07.png,1084033
Bird,Good,014,A000_I08.png,000,08,Good/014/A000_I08.png,1311844
Bird,Good,014,A000_I09.png,000,09,Good/014/A000_I09.png,1460924
Bird,Good,014,A000_I10.png,000,10,Good/014/A000_I10.png,1480520
Bird,Good,014,A030_I01.png,030,01,Good/014/A030_I01.png,1213893
Bird,Good,014,A030_I02.png,030,02,Good/014/A030_I02.png,1332323
Bird,Good,014,A030_I03.png,030,03,Good/014/A030_I03.png,1231126
Bird,Good,014,A030_I04.png,030,04,Good/014/A030_I04.png,1297876
Bird,Good,014,A030_I05.png,030,05,Good/014/A030_I05.png,1298729
Bird,Good,014,A030_I06.png,030,06,Good/014/A030_I06.png,1240043
Bird,Good,014,A030_I07.png,030,07,Good/014/A030_I07.png,1083020
Bird,Good,014,A030_I08.png,030,08,Good/014/A030_I08.png,1300932
Bird,Good,014,A030_I09.png,030,09,Good/014/A030_I09.png,1440794
Bird,Good,014,A030_I10.png,030,10,Good/014/A030_I10.png,1462797
Bird,Good,014,A060_I01.png,060,01,Good/014/A060_I01.png,1198005
Bird,Good,014,A060_I02.png,060,02,Good/014/A060_I02.png,1319937
Bird,Good,014,A060_I03.png,060,03,Good/014/A060_I03.png,1219726
Bird,Good,014,A060_I04.png,060,04,Good/014/A060_I04.png,1295623
Bird,Good,014,A060_I05.png,060,05,Good/014/A060_I05.png,1292564
Bird,Good,014,A060_I06.png,060,06,Good/014/A060_I06.png,1236723
Bird,Good,014,A060_I07.png,060,07,Good/014/A060_I07.png,1069861
Bird,Good,014,A060_I08.png,060,08,Good/014/A060_I08.png,1282760
Bird,Good,014,A060_I09.png,060,09,Good/014/A060_I09.png,1430280
Bird,Good,014,A060_I10.png,060,10,Good/014/A060_I10.png,1455440
Bird,Good,014,A090_I01.png,090,01,Good/014/A090_I01.png,1170870
Bird,Good,014,A090_I02.png,090,02,Good/014/A090_I02.png,1300972
Bird,Good,014,A090_I03.png,090,03,Good/014/A090_I03.png,1211908
Bird,Good,014,A090_I04.png,090,04,Good/014/A090_I04.png,1303998
Bird,Good,014,A090_I05.png,090,05,Good/014/A090_I05.png,1297091
Bird,Good,014,A090_I06.png,090,06,Good/014/A090_I06.png,1240122
Bird,Good,014,A090_I07.png,090,07,Good/014/A090_I07.png,1067661
Bird,Good,014,A090_I08.png,090,08,Good/014/A090_I08.png,1262434
Bird,Good,014,A090_I09.png,090,09,Good/014/A090_I09.png,1423748
Bird,Good,014,A090_I10.png,090,10,Good/014/A090_I10.png,1448935
Bird,Good,014,A120_I01.png,120,01,Good/014/A120_I01.png,1160148
Bird,Good,014,A120_I02.png,120,02,Good/014/A120_I02.png,1297060
Bird,Good,014,A120_I03.png,120,03,Good/014/A120_I03.png,1214408
Bird,Good,014,A120_I04.png,120,04,Good/014/A120_I04.png,1319807
Bird,Good,014,A120_I05.png,120,05,Good/014/A120_I05.png,1329291
Bird,Good,014,A120_I06.png,120,06,Good/014/A120_I06.png,1266664
Bird,Good,014,A120_I07.png,120,07,Good/014/A120_I07.png,1092538
Bird,Good,014,A120_I08.png,120,08,Good/014/A120_I08.png,1268481
Bird,Good,014,A120_I09.png,120,09,Good/014/A120_I09.png,1439537
Bird,Good,014,A120_I10.png,120,10,Good/014/A120_I10.png,1466967
Bird,Good,014,A150_I01.png,150,01,Good/014/A150_I01.png,1175157
Bird,Good,014,A150_I02.png,150,02,Good/014/A150_I02.png,1300324
Bird,Good,014,A150_I03.png,150,03,Good/014/A150_I03.png,1222431
Bird,Good,014,A150_I04.png,150,04,Good/014/A150_I04.png,1329403
Bird,Good,014,A150_I05.png,150,05,Good/014/A150_I05.png,1349540
Bird,Good,014,A150_I06.png,150,06,Good/014/A150_I06.png,1282272
Bird,Good,014,A150_I07.png,150,07,Good/014/A150_I07.png,1095289
Bird,Good,014,A150_I08.png,150,08,Good/014/A150_I08.png,1278439
Bird,Good,014,A150_I09.png,150,09,Good/014/A150_I09.png,1451924
Bird,Good,014,A150_I10.png,150,10,Good/014/A150_I10.png,1478830
Bird,Good,014,A180_I01.png,180,01,Good/014/A180_I01.png,1202370
Bird,Good,014,A180_I02.png,180,02,Good/014/A180_I02.png,1333714
Bird,Good,014,A180_I03.png,180,03,Good/014/A180_I03.png,1250117
Bird,Good,014,A180_I04.png,180,04,Good/014/A180_I04.png,1355093
Bird,Good,014,A180_I05.png,180,05,Good/014/A180_I05.png,1371240
Bird,Good,014,A180_I06.png,180,06,Good/014/A180_I06.png,1299866
Bird,Good,014,A180_I07.png,180,07,Good/014/A180_I07.png,1104515
Bird,Good,014,A180_I08.png,180,08,Good/014/A180_I08.png,1298581
Bird,Good,014,A180_I09.png,180,09,Good/014/A180_I09.png,1482391
Bird,Good,014,A180_I10.png,180,10,Good/014/A180_I10.png,1505464
Bird,Good,014,A210_I01.png,210,01,Good/014/A210_I01.png,1208771
Bird,Good,014,A210_I02.png,210,02,Good/014/A210_I02.png,1348229
Bird,Good,014,A210_I03.png,210,03,Good/014/A210_I03.png,1266805
Bird,Good,014,A210_I04.png,210,04,Good/014/A210_I04.png,1370919
Bird,Good,014,A210_I05.png,210,05,Good/014/A210_I05.png,1388842
Bird,Good,014,A210_I06.png,210,06,Good/014/A210_I06.png,1319750
Bird,Good,014,A210_I07.png,210,07,Good/014/A210_I07.png,1120339
Bird,Good,014,A210_I08.png,210,08,Good/014/A210_I08.png,1304920
Bird,Good,014,A210_I09.png,210,09,Good/014/A210_I09.png,1497325
Bird,Good,014,A210_I10.png,210,10,Good/014/A210_I10.png,1518727
Bird,Good,014,A240_I01.png,240,01,Good/014/A240_I01.png,1219937
Bird,Good,014,A240_I02.png,240,02,Good/014/A240_I02.png,1365916
Bird,Good,014,A240_I03.png,240,03,Good/014/A240_I03.png,1285725
Bird,Good,014,A240_I04.png,240,04,Good/014/A240_I04.png,1383016
Bird,Good,014,A240_I05.png,240,05,Good/014/A240_I05.png,1398162
Bird,Good,014,A240_I06.png,240,06,Good/014/A240_I06.png,1327578
Bird,Good,014,A240_I07.png,240,07,Good/014/A240_I07.png,1140761
Bird,Good,014,A240_I08.png,240,08,Good/014/A240_I08.png,1318418
Bird,Good,014,A240_I09.png,240,09,Good/014/A240_I09.png,1511167
Bird,Good,014,A240_I10.png,240,10,Good/014/A240_I10.png,1534571
Bird,Good,014,A270_I01.png,270,01,Good/014/A270_I01.png,1244904
Bird,Good,014,A270_I02.png,270,02,Good/014/A270_I02.png,1383753
Bird,Good,014,A270_I03.png,270,03,Good/014/A270_I03.png,1284682
Bird,Good,014,A270_I04.png,270,04,Good/014/A270_I04.png,1382503
Bird,Good,014,A270_I05.png,270,05,Good/014/A270_I05.png,1392173
Bird,Good,014,A270_I06.png,270,06,Good/014/A270_I06.png,1321667
Bird,Good,014,A270_I07.png,270,07,Good/014/A270_I07.png,1155108
Bird,Good,014,A270_I08.png,270,08,Good/014/A270_I08.png,1338163
Bird,Good,014,A270_I09.png,270,09,Good/014/A270_I09.png,1514092
Bird,Good,014,A270_I10.png,270,10,Good/014/A270_I10.png,1530865
Bird,Good,014,A300_I01.png,300,01,Good/014/A300_I01.png,1236980
Bird,Good,014,A300_I02.png,300,02,Good/014/A300_I02.png,1373963
Bird,Good,014,A300_I03.png,300,03,Good/014/A300_I03.png,1279797
Bird,Good,014,A300_I04.png,300,04,Good/014/A300_I04.png,1368077
Bird,Good,014,A300_I05.png,300,05,Good/014/A300_I05.png,1367824
Bird,Good,014,A300_I06.png,300,06,Good/014/A300_I06.png,1303141
Bird,Good,014,A300_I07.png,300,07,Good/014/A300_I07.png,1150467
Bird,Good,014,A300_I08.png,300,08,Good/014/A300_I08.png,1337497
Bird,Good,014,A300_I09.png,300,09,Good/014/A300_I09.png,1504720
Bird,Good,014,A300_I10.png,300,10,Good/014/A300_I10.png,1523502
Bird,Good,014,A330_I01.png,330,01,Good/014/A330_I01.png,1229561
Bird,Good,014,A330_I02.png,330,02,Good/014/A330_I02.png,1355774
Bird,Good,014,A330_I03.png,330,03,Good/014/A330_I03.png,1262871
Bird,Good,014,A330_I04.png,330,04,Good/014/A330_I04.png,1341732
Bird,Good,014,A330_I05.png,330,05,Good/014/A330_I05.png,1345436
Bird,Good,014,A330_I06.png,330,06,Good/014/A330_I06.png,1283862
Bird,Good,014,A330_I07.png,330,07,Good/014/A330_I07.png,1135785
Bird,Good,014,A330_I08.png,330,08,Good/014/A330_I08.png,1325021
Bird,Good,014,A330_I09.png,330,09,Good/014/A330_I09.png,1481550
Bird,Good,014,A330_I10.png,330,10,Good/014/A330_I10.png,1500895
Bird,Good,015,A000_I01.png,000,01,Good/015/A000_I01.png,1220755
Bird,Good,015,A000_I02.png,000,02,Good/015/A000_I02.png,1346388
Bird,Good,015,A000_I03.png,000,03,Good/015/A000_I03.png,1255040
Bird,Good,015,A000_I04.png,000,04,Good/015/A000_I04.png,1327009
Bird,Good,015,A000_I05.png,000,05,Good/015/A000_I05.png,1315065
Bird,Good,015,A000_I06.png,000,06,Good/015/A000_I06.png,1240739
Bird,Good,015,A000_I07.png,000,07,Good/015/A000_I07.png,1072260
Bird,Good,015,A000_I08.png,000,08,Good/015/A000_I08.png,1303287
Bird,Good,015,A000_I09.png,000,09,Good/015/A000_I09.png,1458964
Bird,Good,015,A000_I10.png,000,10,Good/015/A000_I10.png,1483190
Bird,Good,015,A030_I01.png,030,01,Good/015/A030_I01.png,1209355
Bird,Good,015,A030_I02.png,030,02,Good/015/A030_I02.png,1328319
Bird,Good,015,A030_I03.png,030,03,Good/015/A030_I03.png,1226031
Bird,Good,015,A030_I04.png,030,04,Good/015/A030_I04.png,1299760
Bird,Good,015,A030_I05.png,030,05,Good/015/A030_I05.png,1296606
Bird,Good,015,A030_I06.png,030,06,Good/015/A030_I06.png,1231358
Bird,Good,015,A030_I07.png,030,07,Good/015/A030_I07.png,1075754
Bird,Good,015,A030_I08.png,030,08,Good/015/A030_I08.png,1295441
Bird,Good,015,A030_I09.png,030,09,Good/015/A030_I09.png,1437510
Bird,Good,015,A030_I10.png,030,10,Good/015/A030_I10.png,1463441
Bird,Good,015,A060_I01.png,060,01,Good/015/A060_I01.png,1190323
Bird,Good,015,A060_I02.png,060,02,Good/015/A060_I02.png,1314806
Bird,Good,015,A060_I03.png,060,03,Good/015/A060_I03.png,1209384
Bird,Good,015,A060_I04.png,060,04,Good/015/A060_I04.png,1293682
Bird,Good,015,A060_I05.png,060,05,Good/015/A060_I05.png,1284056
Bird,Good,015,A060_I06.png,060,06,Good/015/A060_I06.png,1225750
Bird,Good,015,A060_I07.png,060,07,Good/015/A060_I07.png,1069812
Bird,Good,015,A060_I08.png,060,08,Good/015/A060_I08.png,1276545
Bird,Good,015,A060_I09.png,060,09,Good/015/A060_I09.png,1423762
Bird,Good,015,A060_I10.png,060,10,Good/015/A060_I10.png,1451214
Bird,Good,015,A090_I01.png,090,01,Good/015/A090_I01.png,1168470
Bird,Good,015,A090_I02.png,090,02,Good/015/A090_I02.png,1298261
Bird,Good,015,A090_I03.png,090,03,Good/015/A090_I03.png,1200315
Bird,Good,015,A090_I04.png,090,04,Good/015/A090_I04.png,1295484
Bird,Good,015,A090_I05.png,090,05,Good/015/A090_I05.png,1285478
Bird,Good,015,A090_I06.png,090,06,Good/015/A090_I06.png,1230407
Bird,Good,015,A090_I07.png,090,07,Good/015/A090_I07.png,1069968
Bird,Good,015,A090_I08.png,090,08,Good/015/A090_I08.png,1261819
Bird,Good,015,A090_I09.png,090,09,Good/015/A090_I09.png,1418155
Bird,Good,015,A090_I10.png,090,10,Good/015/A090_I10.png,1445064
Bird,Good,015,A120_I01.png,120,01,Good/015/A120_I01.png,1168744
Bird,Good,015,A120_I02.png,120,02,Good/015/A120_I02.png,1297927
Bird,Good,015,A120_I03.png,120,03,Good/015/A120_I03.png,1201831
Bird,Good,015,A120_I04.png,120,04,Good/015/A120_I04.png,1313571
Bird,Good,015,A120_I05.png,120,05,Good/015/A120_I05.png,1320324
Bird,Good,015,A120_I06.png,120,06,Good/015/A120_I06.png,1256843
Bird,Good,015,A120_I07.png,120,07,Good/015/A120_I07.png,1072652
Bird,Good,015,A120_I08.png,120,08,Good/015/A120_I08.png,1265575
Bird,Good,015,A120_I09.png,120,09,Good/015/A120_I09.png,1432638
Bird,Good,015,A120_I10.png,120,10,Good/015/A120_I10.png,1458961
Bird,Good,015,A150_I01.png,150,01,Good/015/A150_I01.png,1171471
Bird,Good,015,A150_I02.png,150,02,Good/015/A150_I02.png,1298174
Bird,Good,015,A150_I03.png,150,03,Good/015/A150_I03.png,1217461
Bird,Good,015,A150_I04.png,150,04,Good/015/A150_I04.png,1334939
Bird,Good,015,A150_I05.png,150,05,Good/015/A150_I05.png,1356380
Bird,Good,015,A150_I06.png,150,06,Good/015/A150_I06.png,1283906
Bird,Good,015,A150_I07.png,150,07,Good/015/A150_I07.png,1089662
Bird,Good,015,A150_I08.png,150,08,Good/015/A150_I08.png,1271858
Bird,Good,015,A150_I09.png,150,09,Good/015/A150_I09.png,1450733
Bird,Good,015,A150_I10.png,150,10,Good/015/A150_I10.png,1477531
Bird,Good,015,A180_I01.png,180,01,Good/015/A180_I01.png,1197217
Bird,Good,015,A180_I02.png,180,02,Good/015/A180_I02.png,1326815
Bird,Good,015,A180_I03.png,180,03,Good/015/A180_I03.png,1242816
Bird,Good,015,A180_I04.png,180,04,Good/015/A180_I04.png,1341600
Bird,Good,015,A180_I05.png,180,05,Good/015/A180_I05.png,1356630
Bird,Good,015,A180_I06.png,180,06,Good/015/A180_I06.png,1289130
Bird,Good,015,A180_I07.png,180,07,Good/015/A180_I07.png,1105552
Bird,Good,015,A180_I08.png,180,08,Good/015/A180_I08.png,1294729
Bird,Good,015,A180_I09.png,180,09,Good/015/A180_I09.png,1467602
Bird,Good,015,A180_I10.png,180,10,Good/015/A180_I10.png,1490165
Bird,Good,015,A210_I01.png,210,01,Good/015/A210_I01.png,1223877
Bird,Good,015,A210_I02.png,210,02,Good/015/A210_I02.png,1358837
Bird,Good,015,A210_I03.png,210,03,Good/015/A210_I03.png,1264780
Bird,Good,015,A210_I04.png,210,04,Good/015/A210_I04.png,1366816
Bird,Good,015,A210_I05.png,210,05,Good/015/A210_I05.png,1385254
Bird,Good,015,A210_I06.png,210,06,Good/015/A210_I06.png,1311962
Bird,Good,015,A210_I07.png,210,07,Good/015/A210_I07.png,1112514
Bird,Good,015,A210_I08.png,210,08,Good/015/A210_I08.png,1313407
Bird,Good,015,A210_I09.png,210,09,Good/015/A210_I09.png,1499158
Bird,Good,015,A210_I10.png,210,10,Good/015/A210_I10.png,1517911
Bird,Good,015,A240_I01.png,240,01,Good/015/A240_I01.png,1213645
Bird,Good,015,A240_I02.png,240,02,Good/015/A240_I02.png,1361028
Bird,Good,015,A240_I03.png,240,03,Good/015/A240_I03.png,1285564
Bird,Good,015,A240_I04.png,240,04,Good/015/A240_I04.png,1385434
Bird,Good,015,A240_I05.png,240,05,Good/015/A240_I05.png,1404079
Bird,Good,015,A240_I06.png,240,06,Good/015/A240_I06.png,1332451
Bird,Good,015,A240_I07.png,240,07,Good/015/A240_I07.png,1145935
Bird,Good,015,A240_I08.png,240,08,Good/015/A240_I08.png,1320252
Bird,Good,015,A240_I09.png,240,09,Good/015/A240_I09.png,1510736
Bird,Good,015,A240_I10.png,240,10,Good/015/A240_I10.png,1531441
Bird,Good,015,A270_I01.png,270,01,Good/015/A270_I01.png,1239511
Bird,Good,015,A270_I02.png,270,02,Good/015/A270_I02.png,1378909
Bird,Good,015,A270_I03.png,270,03,Good/015/A270_I03.png,1283815
Bird,Good,015,A270_I04.png,270,04,Good/015/A270_I04.png,1375667
Bird,Good,015,A270_I05.png,270,05,Good/015/A270_I05.png,1388438
Bird,Good,015,A270_I06.png,270,06,Good/015/A270_I06.png,1328385
Bird,Good,015,A270_I07.png,270,07,Good/015/A270_I07.png,1178246
Bird,Good,015,A270_I08.png,270,08,Good/015/A270_I08.png,1344177
Bird,Good,015,A270_I09.png,270,09,Good/015/A270_I09.png,1513501
Bird,Good,015,A270_I10.png,270,10,Good/015/A270_I10.png,1528451
Bird,Good,015,A300_I01.png,300,01,Good/015/A300_I01.png,1264714
Bird,Good,015,A300_I02.png,300,02,Good/015/A300_I02.png,1390490
Bird,Good,015,A300_I03.png,300,03,Good/015/A300_I03.png,1277903
Bird,Good,015,A300_I04.png,300,04,Good/015/A300_I04.png,1363598
Bird,Good,015,A300_I05.png,300,05,Good/015/A300_I05.png,1367078
Bird,Good,015,A300_I06.png,300,06,Good/015/A300_I06.png,1306484
Bird,Good,015,A300_I07.png,300,07,Good/015/A300_I07.png,1158517
Bird,Good,015,A300_I08.png,300,08,Good/015/A300_I08.png,1359358
Bird,Good,015,A300_I09.png,300,09,Good/015/A300_I09.png,1515131
Bird,Good,015,A300_I10.png,300,10,Good/015/A300_I10.png,1524323
Bird,Good,015,A330_I01.png,330,01,Good/015/A330_I01.png,1236821
Bird,Good,015,A330_I02.png,330,02,Good/015/A330_I02.png,1364930
Bird,Good,015,A330_I03.png,330,03,Good/015/A330_I03.png,1278880
Bird,Good,015,A330_I04.png,330,04,Good/015/A330_I04.png,1340484
Bird,Good,015,A330_I05.png,330,05,Good/015/A330_I05.png,1321360
Bird,Good,015,A330_I06.png,330,06,Good/015/A330_I06.png,1250739
Bird,Good,015,A330_I07.png,330,07,Good/015/A330_I07.png,1087853
Bird,Good,015,A330_I08.png,330,08,Good/015/A330_I08.png,1319676
Bird,Good,015,A330_I09.png,330,09,Good/015/A330_I09.png,1475487
Bird,Good,015,A330_I10.png,330,10,Good/015/A330_I10.png,1493350
Bird,Good,016,A000_I01.png,000,01,Good/016/A000_I01.png,1213035
Bird,Good,016,A000_I02.png,000,02,Good/016/A000_I02.png,1340386
Bird,Good,016,A000_I03.png,000,03,Good/016/A000_I03.png,1246364
Bird,Good,016,A000_I04.png,000,04,Good/016/A000_I04.png,1312997
Bird,Good,016,A000_I05.png,000,05,Good/016/A000_I05.png,1297454
Bird,Good,016,A000_I06.png,000,06,Good/016/A000_I06.png,1225549
Bird,Good,016,A000_I07.png,000,07,Good/016/A000_I07.png,1065900
Bird,Good,016,A000_I08.png,000,08,Good/016/A000_I08.png,1300425
Bird,Good,016,A000_I09.png,000,09,Good/016/A000_I09.png,1448188
Bird,Good,016,A000_I10.png,000,10,Good/016/A000_I10.png,1471102
Bird,Good,016,A030_I01.png,030,01,Good/016/A030_I01.png,1195313
Bird,Good,016,A030_I02.png,030,02,Good/016/A030_I02.png,1320327
Bird,Good,016,A030_I03.png,030,03,Good/016/A030_I03.png,1226285
Bird,Good,016,A030_I04.png,030,04,Good/016/A030_I04.png,1287883
Bird,Good,016,A030_I05.png,030,05,Good/016/A030_I05.png,1268907
Bird,Good,016,A030_I06.png,030,06,Good/016/A030_I06.png,1211427
Bird,Good,016,A030_I07.png,030,07,Good/016/A030_I07.png,1056100
Bird,Good,016,A030_I08.png,030,08,Good/016/A030_I08.png,1282759
Bird,Good,016,A030_I09.png,030,09,Good/016/A030_I09.png,1424504
Bird,Good,016,A030_I10.png,030,10,Good/016/A030_I10.png,1451807
Bird,Good,016,A060_I01.png,060,01,Good/016/A060_I01.png,1174587
Bird,Good,016,A060_I02.png,060,02,Good/016/A060_I02.png,1302919
Bird,Good,016,A060_I03.png,060,03,Good/016/A060_I03.png,1205950
Bird,Good,016,A060_I04.png,060,04,Good/016/A060_I04.png,1287500
Bird,Good,016,A060_I05.png,060,05,Good/016/A060_I05.png,1272774
Bird,Good,016,A060_I06.png,060,06,Good/016/A060_I06.png,1218417
Bird,Good,016,A060_I07.png,060,07,Good/016/A060_I07.png,1056085
Bird,Good,016,A060_I08.png,060,08,Good/016/A060_I08.png,1261890
Bird,Good,016,A060_I09.png,060,09,Good/016/A060_I09.png,1415492
Bird,Good,016,A060_I10.png,060,10,Good/016/A060_I10.png,1443967
Bird,Good,016,A090_I01.png,090,01,Good/016/A090_I01.png,1165373
Bird,Good,016,A090_I02.png,090,02,Good/016/A090_I02.png,1295386
Bird,Good,016,A090_I03.png,090,03,Good/016/A090_I03.png,1199611
Bird,Good,016,A090_I04.png,090,04,Good/016/A090_I04.png,1301658
Bird,Good,016,A090_I05.png,090,05,Good/016/A090_I05.png,1294085
Bird,Good,016,A090_I06.png,090,06,Good/016/A090_I06.png,1239950
Bird,Good,016,A090_I07.png,090,07,Good/016/A090_I07.png,1062539
Bird,Good,016,A090_I08.png,090,08,Good/016/A090_I08.png,1257953
Bird,Good,016,A090_I09.png,090,09,Good/016/A090_I09.png,1422198
Bird,Good,016,A090_I10.png,090,10,Good/016/A090_I10.png,1450417
Bird,Good,016,A120_I01.png,120,01,Good/016/A120_I01.png,1158735
Bird,Good,016,A120_I02.png,120,02,Good/016/A120_I02.png,1293807
Bird,Good,016,A120_I03.png,120,03,Good/016/A120_I03.png,1208628
Bird,Good,016,A120_I04.png,120,04,Good/016/A120_I04.png,1322009
Bird,Good,016,A120_I05.png,120,05,Good/016/A120_I05.png,1333028
Bird,Good,016,A120_I06.png,120,06,Good/016/A120_I06.png,1263197
Bird,Good,016,A120_I07.png,120,07,Good/016/A120_I07.png,1074227
Bird,Good,016,A120_I08.png,120,08,Good/016/A120_I08.png,1259573
Bird,Good,016,A120_I09.png,120,09,Good/016/A120_I09.png,1436433
Bird,Good,016,A120_I10.png,120,10,Good/016/A120_I10.png,1465545
Bird,Good,016,A150_I01.png,150,01,Good/016/A150_I01.png,1175737
Bird,Good,016,A150_I02.png,150,02,Good/016/A150_I02.png,1303800
Bird,Good,016,A150_I03.png,150,03,Good/016/A150_I03.png,1226954
Bird,Good,016,A150_I04.png,150,04,Good/016/A150_I04.png,1334917
Bird,Good,016,A150_I05.png,150,05,Good/016/A150_I05.png,1349434
Bird,Good,016,A150_I06.png,150,06,Good/016/A150_I06.png,1278976
Bird,Good,016,A150_I07.png,150,07,Good/016/A150_I07.png,1093974
Bird,Good,016,A150_I08.png,150,08,Good/016/A150_I08.png,1276819
Bird,Good,016,A150_I09.png,150,09,Good/016/A150_I09.png,1455279
Bird,Good,016,A150_I10.png,150,10,Good/016/A150_I10.png,1482743
Bird,Good,016,A180_I01.png,180,01,Good/016/A180_I01.png,1202167
Bird,Good,016,A180_I02.png,180,02,Good/016/A180_I02.png,1340808
Bird,Good,016,A180_I03.png,180,03,Good/016/A180_I03.png,1257140
Bird,Good,016,A180_I04.png,180,04,Good/016/A180_I04.png,1355803
Bird,Good,016,A180_I05.png,180,05,Good/016/A180_I05.png,1362725
Bird,Good,016,A180_I06.png,180,06,Good/016/A180_I06.png,1292614
Bird,Good,016,A180_I07.png,180,07,Good/016/A180_I07.png,1101785
Bird,Good,016,A180_I08.png,180,08,Good/016/A180_I08.png,1301760
Bird,Good,016,A180_I09.png,180,09,Good/016/A180_I09.png,1486456
Bird,Good,016,A180_I10.png,180,10,Good/016/A180_I10.png,1509093
Bird,Good,016,A210_I01.png,210,01,Good/016/A210_I01.png,1218306
Bird,Good,016,A210_I02.png,210,02,Good/016/A210_I02.png,1361978
Bird,Good,016,A210_I03.png,210,03,Good/016/A210_I03.png,1274220
Bird,Good,016,A210_I04.png,210,04,Good/016/A210_I04.png,1377846
Bird,Good,016,A210_I05.png,210,05,Good/016/A210_I05.png,1393245
Bird,Good,016,A210_I06.png,210,06,Good/016/A210_I06.png,1324007
Bird,Good,016,A210_I07.png,210,07,Good/016/A210_I07.png,1129986
Bird,Good,016,A210_I08.png,210,08,Good/016/A210_I08.png,1317074
Bird,Good,016,A210_I09.png,210,09,Good/016/A210_I09.png,1511987
Bird,Good,016,A210_I10.png,210,10,Good/016/A210_I10.png,1532952
Bird,Good,016,A240_I01.png,240,01,Good/016/A240_I01.png,1236986
Bird,Good,016,A240_I02.png,240,02,Good/016/A240_I02.png,1382277
Bird,Good,016,A240_I03.png,240,03,Good/016/A240_I03.png,1291612
Bird,Good,016,A240_I04.png,240,04,Good/016/A240_I04.png,1383497
Bird,Good,016,A240_I05.png,240,05,Good/016/A240_I05.png,1395504
Bird,Good,016,A240_I06.png,240,06,Good/016/A240_I06.png,1321597
Bird,Good,016,A240_I07.png,240,07,Good/016/A240_I07.png,1140631
Bird,Good,016,A240_I08.png,240,08,Good/016/A240_I08.png,1334287
Bird,Good,016,A240_I09.png,240,09,Good/016/A240_I09.png,1520954
Bird,Good,016,A240_I10.png,240,10,Good/016/A240_I10.png,1542273
Bird,Good,016,A270_I01.png,270,01,Good/016/A270_I01.png,1258588
Bird,Good,016,A270_I02.png,270,02,Good/016/A270_I02.png,1392891
Bird,Good,016,A270_I03.png,270,03,Good/016/A270_I03.png,1280431
Bird,Good,016,A270_I04.png,270,04,Good/016/A270_I04.png,1375630
Bird,Good,016,A270_I05.png,270,05,Good/016/A270_I05.png,1382899
Bird,Good,016,A270_I06.png,270,06,Good/016/A270_I06.png,1325617
Bird,Good,016,A270_I07.png,270,07,Good/016/A270_I07.png,1177425
Bird,Good,016,A270_I08.png,270,08,Good/016/A270_I08.png,1361178
Bird,Good,016,A270_I09.png,270,09,Good/016/A270_I09.png,1525888
Bird,Good,016,A270_I10.png,270,10,Good/016/A270_I10.png,1541060
Bird,Good,016,A300_I01.png,300,01,Good/016/A300_I01.png,1257233
Bird,Good,016,A300_I02.png,300,02,Good/016/A300_I02.png,1384863
Bird,Good,016,A300_I03.png,300,03,Good/016/A300_I03.png,1285224
Bird,Good,016,A300_I04.png,300,04,Good/016/A300_I04.png,1356984
Bird,Good,016,A300_I05.png,300,05,Good/016/A300_I05.png,1340633
Bird,Good,016,A300_I06.png,300,06,Good/016/A300_I06.png,1278060
Bird,Good,016,A300_I07.png,300,07,Good/016/A300_I07.png,1119978
Bird,Good,016,A300_I08.png,300,08,Good/016/A300_I08.png,1348597
Bird,Good,016,A300_I09.png,300,09,Good/016/A300_I09.png,1504089
Bird,Good,016,A300_I10.png,300,10,Good/016/A300_I10.png,1520196
Bird,Good,016,A330_I01.png,330,01,Good/016/A330_I01.png,1233645
Bird,Good,016,A330_I02.png,330,02,Good/016/A330_I02.png,1361028
Bird,Good,016,A330_I03.png,330,03,Good/016/A330_I03.png,1266052
Bird,Good,016,A330_I04.png,330,04,Good/016/A330_I04.png,1335457
Bird,Good,016,A330_I05.png,330,05,Good/016/A330_I05.png,1319238
Bird,Good,016,A330_I06.png,330,06,Good/016/A330_I06.png,1255335
Bird,Good,016,A330_I07.png,330,07,Good/016/A330_I07.png,1096764
Bird,Good,016,A330_I08.png,330,08,Good/016/A330_I08.png,1320176
Bird,Good,016,A330_I09.png,330,09,Good/016/A330_I09.png,1475954
Bird,Good,016,A330_I10.png,330,10,Good/016/A330_I10.png,1494832
Bird,Good,017,A000_I01.png,000,01,Good/017/A000_I01.png,1224508
Bird,Good,017,A000_I02.png,000,02,Good/017/A000_I02.png,1349658
Bird,Good,017,A000_I03.png,000,03,Good/017/A000_I03.png,1255091
Bird,Good,017,A000_I04.png,000,04,Good/017/A000_I04.png,1321746
Bird,Good,017,A000_I05.png,000,05,Good/017/A000_I05.png,1312317
Bird,Good,017,A000_I06.png,000,06,Good/017/A000_I06.png,1238046
Bird,Good,017,A000_I07.png,000,07,Good/017/A000_I07.png,1071824
Bird,Good,017,A000_I08.png,000,08,Good/017/A000_I08.png,1309881
Bird,Good,017,A000_I09.png,000,09,Good/017/A000_I09.png,1459011
Bird,Good,017,A000_I10.png,000,10,Good/017/A000_I10.png,1480468
Bird,Good,017,A030_I01.png,030,01,Good/017/A030_I01.png,1207450
Bird,Good,017,A030_I02.png,030,02,Good/017/A030_I02.png,1323382
Bird,Good,017,A030_I03.png,030,03,Good/017/A030_I03.png,1220614
Bird,Good,017,A030_I04.png,030,04,Good/017/A030_I04.png,1297010
Bird,Good,017,A030_I05.png,030,05,Good/017/A030_I05.png,1300034
Bird,Good,017,A030_I06.png,030,06,Good/017/A030_I06.png,1234736
Bird,Good,017,A030_I07.png,030,07,Good/017/A030_I07.png,1074627
Bird,Good,017,A030_I08.png,030,08,Good/017/A030_I08.png,1292434
Bird,Good,017,A030_I09.png,030,09,Good/017/A030_I09.png,1432415
Bird,Good,017,A030_I10.png,030,10,Good/017/A030_I10.png,1456971
Bird,Good,017,A060_I01.png,060,01,Good/017/A060_I01.png,1178573
Bird,Good,017,A060_I02.png,060,02,Good/017/A060_I02.png,1303865
Bird,Good,017,A060_I03.png,060,03,Good/017/A060_I03.png,1205922
Bird,Good,017,A060_I04.png,060,04,Good/017/A060_I04.png,1291051
Bird,Good,017,A060_I05.png,060,05,Good/017/A060_I05.png,1283140
Bird,Good,017,A060_I06.png,060,06,Good/017/A060_I06.png,1223060
Bird,Good,017,A060_I07.png,060,07,Good/017/A060_I07.png,1056642
Bird,Good,017,A060_I08.png,060,08,Good/017/A060_I08.png,1264346
Bird,Good,017,A060_I09.png,060,09,Good/017/A060_I09.png,1413685
Bird,Good,017,A060_I10.png,060,10,Good/017/A060_I10.png,1442672
Bird,Good,017,A090_I01.png,090,01,Good/017/A090_I01.png,1171799
Bird,Good,017,A090_I02.png,090,02,Good/017/A090_I02.png,1299069
Bird,Good,017,A090_I03.png,090,03,Good/017/A090_I03.png,1200090
Bird,Good,017,A090_I04.png,090,04,Good/017/A090_I04.png,1297139
Bird,Good,017,A090_I05.png,090,05,Good/017/A090_I05.png,1289964
Bird,Good,017,A090_I06.png,090,06,Good/017/A090_I06.png,1230682
Bird,Good,017,A090_I07.png,090,07,Good/017/A090_I07.png,1054342
Bird,Good,017,A090_I08.png,090,08,Good/017/A090_I08.png,1257272
Bird,Good,017,A090_I09.png,090,09,Good/017/A090_I09.png,1414443
Bird,Good,017,A090_I10.png,090,10,Good/017/A090_I10.png,1440171
Bird,Good,017,A120_I01.png,120,01,Good/017/A120_I01.png,1161273
Bird,Good,017,A120_I02.png,120,02,Good/017/A120_I02.png,1294395
Bird,Good,017,A120_I03.png,120,03,Good/017/A120_I03.png,1206852
Bird,Good,017,A120_I04.png,120,04,Good/017/A120_I04.png,1314064
Bird,Good,017,A120_I05.png,120,05,Good/017/A120_I05.png,1323962
Bird,Good,017,A120_I06.png,120,06,Good/017/A120_I06.png,1254275
Bird,Good,017,A120_I07.png,120,07,Good/017/A120_I07.png,1062251
Bird,Good,017,A120_I08.png,120,08,Good/017/A120_I08.png,1259223
Bird,Good,017,A120_I09.png,120,09,Good/017/A120_I09.png,1430031
Bird,Good,017,A120_I10.png,120,10,Good/017/A120_I10.png,1459575
Bird,Good,017,A150_I01.png,150,01,Good/017/A150_I01.png,1174106
Bird,Good,017,A150_I02.png,150,02,Good/017/A150_I02.png,1298188
Bird,Good,017,A150_I03.png,150,03,Good/017/A150_I03.png,1220297
Bird,Good,017,A150_I04.png,150,04,Good/017/A150_I04.png,1328259
Bird,Good,017,A150_I05.png,150,05,Good/017/A150_I05.png,1349233
Bird,Good,017,A150_I06.png,150,06,Good/017/A150_I06.png,1283679
Bird,Good,017,A150_I07.png,150,07,Good/017/A150_I07.png,1104360
Bird,Good,017,A150_I08.png,150,08,Good/017/A150_I08.png,1277102
Bird,Good,017,A150_I09.png,150,09,Good/017/A150_I09.png,1450355
Bird,Good,017,A150_I10.png,150,10,Good/017/A150_I10.png,1476886
Bird,Good,017,A180_I01.png,180,01,Good/017/A180_I01.png,1193936
Bird,Good,017,A180_I02.png,180,02,Good/017/A180_I02.png,1328591
Bird,Good,017,A180_I03.png,180,03,Good/017/A180_I03.png,1256630
Bird,Good,017,A180_I04.png,180,04,Good/017/A180_I04.png,1357843
Bird,Good,017,A180_I05.png,180,05,Good/017/A180_I05.png,1369272
Bird,Good,017,A180_I06.png,180,06,Good/017/A180_I06.png,1300617
Bird,Good,017,A180_I07.png,180,07,Good/017/A180_I07.png,1100890
Bird,Good,017,A180_I08.png,180,08,Good/017/A180_I08.png,1289653
Bird,Good,017,A180_I09.png,180,09,Good/017/A180_I09.png,1479592
Bird,Good,017,A180_I10.png,180,10,Good/017/A180_I10.png,1501184
Bird,Good,017,A210_I01.png,210,01,Good/017/A210_I01.png,1211822
Bird,Good,017,A210_I02.png,210,02,Good/017/A210_I02.png,1350381
Bird,Good,017,A210_I03.png,210,03,Good/017/A210_I03.png,1271785
Bird,Good,017,A210_I04.png,210,04,Good/017/A210_I04.png,1366264
Bird,Good,017,A210_I05.png,210,05,Good/017/A210_I05.png,1385214
Bird,Good,017,A210_I06.png,210,06,Good/017/A210_I06.png,1314605
Bird,Good,017,A210_I07.png,210,07,Good/017/A210_I07.png,1121751
Bird,Good,017,A210_I08.png,210,08,Good/017/A210_I08.png,1305702
Bird,Good,017,A210_I09.png,210,09,Good/017/A210_I09.png,1492882
Bird,Good,017,A210_I10.png,210,10,Good/017/A210_I10.png,1514445
Bird,Good,017,A240_I01.png,240,01,Good/017/A240_I01.png,1209079
Bird,Good,017,A240_I02.png,240,02,Good/017/A240_I02.png,1357151
Bird,Good,017,A240_I03.png,240,03,Good/017/A240_I03.png,1278912
Bird,Good,017,A240_I04.png,240,04,Good/017/A240_I04.png,1381953
Bird,Good,017,A240_I05.png,240,05,Good/017/A240_I05.png,1409085
Bird,Good,017,A240_I06.png,240,06,Good/017/A240_I06.png,1340909
Bird,Good,017,A240_I07.png,240,07,Good/017/A240_I07.png,1169266
Bird,Good,017,A240_I08.png,240,08,Good/017/A240_I08.png,1318849
Bird,Good,017,A240_I09.png,240,09,Good/017/A240_I09.png,1510715
Bird,Good,017,A240_I10.png,240,10,Good/017/A240_I10.png,1538162
Bird,Good,017,A270_I01.png,270,01,Good/017/A270_I01.png,1245717
Bird,Good,017,A270_I02.png,270,02,Good/017/A270_I02.png,1382150
Bird,Good,017,A270_I03.png,270,03,Good/017/A270_I03.png,1286191
Bird,Good,017,A270_I04.png,270,04,Good/017/A270_I04.png,1377008
Bird,Good,017,A270_I05.png,270,05,Good/017/A270_I05.png,1388326
Bird,Good,017,A270_I06.png,270,06,Good/017/A270_I06.png,1317419
Bird,Good,017,A270_I07.png,270,07,Good/017/A270_I07.png,1155710
Bird,Good,017,A270_I08.png,270,08,Good/017/A270_I08.png,1337831
Bird,Good,017,A270_I09.png,270,09,Good/017/A270_I09.png,1510085
Bird,Good,017,A270_I10.png,270,10,Good/017/A270_I10.png,1526449
Bird,Good,017,A300_I01.png,300,01,Good/017/A300_I01.png,1263708
Bird,Good,017,A300_I02.png,300,02,Good/017/A300_I02.png,1390801
Bird,Good,017,A300_I03.png,300,03,Good/017/A300_I03.png,1291334
Bird,Good,017,A300_I04.png,300,04,Good/017/A300_I04.png,1363620
Bird,Good,017,A300_I05.png,300,05,Good/017/A300_I05.png,1353679
Bird,Good,017,A300_I06.png,300,06,Good/017/A300_I06.png,1281427
Bird,Good,017,A300_I07.png,300,07,Good/017/A300_I07.png,1113896
Bird,Good,017,A300_I08.png,300,08,Good/017/A300_I08.png,1344576
Bird,Good,017,A300_I09.png,300,09,Good/017/A300_I09.png,1504080
Bird,Good,017,A300_I10.png,300,10,Good/017/A300_I10.png,1516411
Bird,Good,017,A330_I01.png,330,01,Good/017/A330_I01.png,1241220
Bird,Good,017,A330_I02.png,330,02,Good/017/A330_I02.png,1365524
Bird,Good,017,A330_I03.png,330,03,Good/017/A330_I03.png,1277546
Bird,Good,017,A330_I04.png,330,04,Good/017/A330_I04.png,1342184
Bird,Good,017,A330_I05.png,330,05,Good/017/A330_I05.png,1326014
Bird,Good,017,A330_I06.png,330,06,Good/017/A330_I06.png,1251096
Bird,Good,017,A330_I07.png,330,07,Good/017/A330_I07.png,1076649
Bird,Good,017,A330_I08.png,330,08,Good/017/A330_I08.png,1320097
Bird,Good,017,A330_I09.png,330,09,Good/017/A330_I09.png,1476488
Bird,Good,017,A330_I10.png,330,10,Good/017/A330_I10.png,1495977
Bird,Good,018,A000_I01.png,000,01,Good/018/A000_I01.png,1226457
Bird,Good,018,A000_I02.png,000,02,Good/018/A000_I02.png,1349814
Bird,Good,018,A000_I03.png,000,03,Good/018/A000_I03.png,1252058
Bird,Good,018,A000_I04.png,000,04,Good/018/A000_I04.png,1311336
Bird,Good,018,A000_I05.png,000,05,Good/018/A000_I05.png,1296169
Bird,Good,018,A000_I06.png,000,06,Good/018/A000_I06.png,1235454
Bird,Good,018,A000_I07.png,000,07,Good/018/A000_I07.png,1079005
Bird,Good,018,A000_I08.png,000,08,Good/018/A000_I08.png,1314362
Bird,Good,018,A000_I09.png,000,09,Good/018/A000_I09.png,1457353
Bird,Good,018,A000_I10.png,000,10,Good/018/A000_I10.png,1477527
Bird,Good,018,A030_I01.png,030,01,Good/018/A030_I01.png,1217281
Bird,Good,018,A030_I02.png,030,02,Good/018/A030_I02.png,1328879
Bird,Good,018,A030_I03.png,030,03,Good/018/A030_I03.png,1217449
Bird,Good,018,A030_I04.png,030,04,Good/018/A030_I04.png,1293159
Bird,Good,018,A030_I05.png,030,05,Good/018/A030_I05.png,1300623
Bird,Good,018,A030_I06.png,030,06,Good/018/A030_I06.png,1246783
Bird,Good,018,A030_I07.png,030,07,Good/018/A030_I07.png,1090718
Bird,Good,018,A030_I08.png,030,08,Good/018/A030_I08.png,1304217
Bird,Good,018,A030_I09.png,030,09,Good/018/A030_I09.png,1440747
Bird,Good,018,A030_I10.png,030,10,Good/018/A030_I10.png,1461933
Bird,Good,018,A060_I01.png,060,01,Good/018/A060_I01.png,1194435
Bird,Good,018,A060_I02.png,060,02,Good/018/A060_I02.png,1312928
Bird,Good,018,A060_I03.png,060,03,Good/018/A060_I03.png,1213463
Bird,Good,018,A060_I04.png,060,04,Good/018/A060_I04.png,1292487
Bird,Good,018,A060_I05.png,060,05,Good/018/A060_I05.png,1284176
Bird,Good,018,A060_I06.png,060,06,Good/018/A060_I06.png,1230569
Bird,Good,018,A060_I07.png,060,07,Good/018/A060_I07.png,1062489
Bird,Good,018,A060_I08.png,060,08,Good/018/A060_I08.png,1276402
Bird,Good,018,A060_I09.png,060,09,Good/018/A060_I09.png,1424006
Bird,Good,018,A060_I10.png,060,10,Good/018/A060_I10.png,1448772
Bird,Good,018,A090_I01.png,090,01,Good/018/A090_I01.png,1174884
Bird,Good,018,A090_I02.png,090,02,Good/018/A090_I02.png,1300900
Bird,Good,018,A090_I03.png,090,03,Good/018/A090_I03.png,1208477
Bird,Good,018,A090_I04.png,090,04,Good/018/A090_I04.png,1303750
Bird,Good,018,A090_I05.png,090,05,Good/018/A090_I05.png,1298471
Bird,Good,018,A090_I06.png,090,06,Good/018/A090_I06.png,1238016
Bird,Good,018,A090_I07.png,090,07,Good/018/A090_I07.png,1058879
Bird,Good,018,A090_I08.png,090,08,Good/018/A090_I08.png,1263571
Bird,Good,018,A090_I09.png,090,09,Good/018/A090_I09.png,1423917
Bird,Good,018,A090_I10.png,090,10,Good/018/A090_I10.png,1448403
Bird,Good,018,A120_I01.png,120,01,Good/018/A120_I01.png,1170115
Bird,Good,018,A120_I02.png,120,02,Good/018/A120_I02.png,1300362
Bird,Good,018,A120_I03.png,120,03,Good/018/A120_I03.png,1214217
Bird,Good,018,A120_I04.png,120,04,Good/018/A120_I04.png,1321705
Bird,Good,018,A120_I05.png,120,05,Good/018/A120_I05.png,1332650
Bird,Good,018,A120_I06.png,120,06,Good/018/A120_I06.png,1270711
Bird,Good,018,A120_I07.png,120,07,Good/018/A120_I07.png,1091766
Bird,Good,018,A120_I08.png,120,08,Good/018/A120_I08.png,1273315
Bird,Good,018,A120_I09.png,120,09,Good/018/A120_I09.png,1443459
Bird,Good,018,A120_I10.png,120,10,Good/018/A120_I10.png,1469291
Bird,Good,018,A150_I01.png,150,01,Good/018/A150_I01.png,1183065
Bird,Good,018,A150_I02.png,150,02,Good/018/A150_I02.png,1309175
Bird,Good,018,A150_I03.png,150,03,Good/018/A150_I03.png,1234693
Bird,Good,018,A150_I04.png,150,04,Good/018/A150_I04.png,1340328
Bird,Good,018,A150_I05.png,150,05,Good/018/A150_I05.png,1359644
Bird,Good,018,A150_I06.png,150,06,Good/018/A150_I06.png,1301720
Bird,Good,018,A150_I07.png,150,07,Good/018/A150_I07.png,1125618
Bird,Good,018,A150_I08.png,150,08,Good/018/A150_I08.png,1297974
Bird,Good,018,A150_I09.png,150,09,Good/018/A150_I09.png,1473186
Bird,Good,018,A150_I10.png,150,10,Good/018/A150_I10.png,1496280
Bird,Good,018,A180_I01.png,180,01,Good/018/A180_I01.png,1205502
Bird,Good,018,A180_I02.png,180,02,Good/018/A180_I02.png,1340889
Bird,Good,018,A180_I03.png,180,03,Good/018/A180_I03.png,1266581
Bird,Good,018,A180_I04.png,180,04,Good/018/A180_I04.png,1356688
Bird,Good,018,A180_I05.png,180,05,Good/018/A180_I05.png,1369219
Bird,Good,018,A180_I06.png,180,06,Good/018/A180_I06.png,1302162
Bird,Good,018,A180_I07.png,180,07,Good/018/A180_I07.png,1114906
Bird,Good,018,A180_I08.png,180,08,Good/018/A180_I08.png,1306937
Bird,Good,018,A180_I09.png,180,09,Good/018/A180_I09.png,1486371
Bird,Good,018,A180_I10.png,180,10,Good/018/A180_I10.png,1506704
Bird,Good,018,A210_I01.png,210,01,Good/018/A210_I01.png,1213985
Bird,Good,018,A210_I02.png,210,02,Good/018/A210_I02.png,1354631
Bird,Good,018,A210_I03.png,210,03,Good/018/A210_I03.png,1280982
Bird,Good,018,A210_I04.png,210,04,Good/018/A210_I04.png,1372135
Bird,Good,018,A210_I05.png,210,05,Good/018/A210_I05.png,1386827
Bird,Good,018,A210_I06.png,210,06,Good/018/A210_I06.png,1312235
Bird,Good,018,A210_I07.png,210,07,Good/018/A210_I07.png,1122197
Bird,Good,018,A210_I08.png,210,08,Good/018/A210_I08.png,1306446
Bird,Good,018,A210_I09.png,210,09,Good/018/A210_I09.png,1493519
Bird,Good,018,A210_I10.png,210,10,Good/018/A210_I10.png,1513342
Bird,Good,018,A240_I01.png,240,01,Good/018/A240_I01.png,1219921
Bird,Good,018,A240_I02.png,240,02,Good/018/A240_I02.png,1365531
Bird,Good,018,A240_I03.png,240,03,Good/018/A240_I03.png,1290629
Bird,Good,018,A240_I04.png,240,04,Good/018/A240_I04.png,1382974
Bird,Good,018,A240_I05.png,240,05,Good/018/A240_I05.png,1400091
Bird,Good,018,A240_I06.png,240,06,Good/018/A240_I06.png,1326289
Bird,Good,018,A240_I07.png,240,07,Good/018/A240_I07.png,1147472
Bird,Good,018,A240_I08.png,240,08,Good/018/A240_I08.png,1317831
Bird,Good,018,A240_I09.png,240,09,Good/018/A240_I09.png,1505753
Bird,Good,018,A240_I10.png,240,10,Good/018/A240_I10.png,1527748
Bird,Good,018,A270_I01.png,270,01,Good/018/A270_I01.png,1242119
Bird,Good,018,A270_I02.png,270,02,Good/018/A270_I02.png,1382572
Bird,Good,018,A270_I03.png,270,03,Good/018/A270_I03.png,1287193
Bird,Good,018,A270_I04.png,270,04,Good/018/A270_I04.png,1377202
Bird,Good,018,A270_I05.png,270,05,Good/018/A270_I05.png,1385128
Bird,Good,018,A270_I06.png,270,06,Good/018/A270_I06.png,1317822
Bird,Good,018,A270_I07.png,270,07,Good/018/A270_I07.png,1160044
Bird,Good,018,A270_I08.png,270,08,Good/018/A270_I08.png,1335941
Bird,Good,018,A270_I09.png,270,09,Good/018/A270_I09.png,1509032
Bird,Good,018,A270_I10.png,270,10,Good/018/A270_I10.png,1528282
Bird,Good,018,A300_I01.png,300,01,Good/018/A300_I01.png,1258052
Bird,Good,018,A300_I02.png,300,02,Good/018/A300_I02.png,1388701
Bird,Good,018,A300_I03.png,300,03,Good/018/A300_I03.png,1289149
Bird,Good,018,A300_I04.png,300,04,Good/018/A300_I04.png,1364685
Bird,Good,018,A300_I05.png,300,05,Good/018/A300_I05.png,1354908
Bird,Good,018,A300_I06.png,300,06,Good/018/A300_I06.png,1281556
Bird,Good,018,A300_I07.png,300,07,Good/018/A300_I07.png,1111357
Bird,Good,018,A300_I08.png,300,08,Good/018/A300_I08.png,1342328
Bird,Good,018,A300_I09.png,300,09,Good/018/A300_I09.png,1502507
Bird,Good,018,A300_I10.png,300,10,Good/018/A300_I10.png,1518080
Bird,Good,018,A330_I01.png,330,01,Good/018/A330_I01.png,1242388
Bird,Good,018,A330_I02.png,330,02,Good/018/A330_I02.png,1367086
Bird,Good,018,A330_I03.png,330,03,Good/018/A330_I03.png,1269505
Bird,Good,018,A330_I04.png,330,04,Good/018/A330_I04.png,1340211
Bird,Good,018,A330_I05.png,330,05,Good/018/A330_I05.png,1327311
Bird,Good,018,A330_I06.png,330,06,Good/018/A330_I06.png,1257171
Bird,Good,018,A330_I07.png,330,07,Good/018/A330_I07.png,1092860
Bird,Good,018,A330_I08.png,330,08,Good/018/A330_I08.png,1325348
Bird,Good,018,A330_I09.png,330,09,Good/018/A330_I09.png,1480573
Bird,Good,018,A330_I10.png,330,10,Good/018/A330_I10.png,1497864
Bird,Good,019,A000_I01.png,000,01,Good/019/A000_I01.png,1216454
Bird,Good,019,A000_I02.png,000,02,Good/019/A000_I02.png,1343098
Bird,Good,019,A000_I03.png,000,03,Good/019/A000_I03.png,1244535
Bird,Good,019,A000_I04.png,000,04,Good/019/A000_I04.png,1325173
Bird,Good,019,A000_I05.png,000,05,Good/019/A000_I05.png,1309414
Bird,Good,019,A000_I06.png,000,06,Good/019/A000_I06.png,1236262
Bird,Good,019,A000_I07.png,000,07,Good/019/A000_I07.png,1060376
Bird,Good,019,A000_I08.png,000,08,Good/019/A000_I08.png,1299297
Bird,Good,019,A000_I09.png,000,09,Good/019/A000_I09.png,1454740
Bird,Good,019,A000_I10.png,000,10,Good/019/A000_I10.png,1476814
Bird,Good,019,A030_I01.png,030,01,Good/019/A030_I01.png,1212916
Bird,Good,019,A030_I02.png,030,02,Good/019/A030_I02.png,1327529
Bird,Good,019,A030_I03.png,030,03,Good/019/A030_I03.png,1213419
Bird,Good,019,A030_I04.png,030,04,Good/019/A030_I04.png,1300020
Bird,Good,019,A030_I05.png,030,05,Good/019/A030_I05.png,1300239
Bird,Good,019,A030_I06.png,030,06,Good/019/A030_I06.png,1245220
Bird,Good,019,A030_I07.png,030,07,Good/019/A030_I07.png,1089567
Bird,Good,019,A030_I08.png,030,08,Good/019/A030_I08.png,1303261
Bird,Good,019,A030_I09.png,030,09,Good/019/A030_I09.png,1440394
Bird,Good,019,A030_I10.png,030,10,Good/019/A030_I10.png,1464318
Bird,Good,019,A060_I01.png,060,01,Good/019/A060_I01.png,1199699
Bird,Good,019,A060_I02.png,060,02,Good/019/A060_I02.png,1320179
Bird,Good,019,A060_I03.png,060,03,Good/019/A060_I03.png,1203199
Bird,Good,019,A060_I04.png,060,04,Good/019/A060_I04.png,1295199
Bird,Good,019,A060_I05.png,060,05,Good/019/A060_I05.png,1282586
Bird,Good,019,A060_I06.png,060,06,Good/019/A060_I06.png,1234233
Bird,Good,019,A060_I07.png,060,07,Good/019/A060_I07.png,1081694
Bird,Good,019,A060_I08.png,060,08,Good/019/A060_I08.png,1288687
Bird,Good,019,A060_I09.png,060,09,Good/019/A060_I09.png,1430690
Bird,Good,019,A060_I10.png,060,10,Good/019/A060_I10.png,1455709
Bird,Good,019,A090_I01.png,090,01,Good/019/A090_I01.png,1184570
Bird,Good,019,A090_I02.png,090,02,Good/019/A090_I02.png,1310985
Bird,Good,019,A090_I03.png,090,03,Good/019/A090_I03.png,1205487
Bird,Good,019,A090_I04.png,090,04,Good/019/A090_I04.png,1296894
Bird,Good,019,A090_I05.png,090,05,Good/019/A090_I05.png,1280468
Bird,Good,019,A090_I06.png,090,06,Good/019/A090_I06.png,1225971
Bird,Good,019,A090_I07.png,090,07,Good/019/A090_I07.png,1066613
Bird,Good,019,A090_I08.png,090,08,Good/019/A090_I08.png,1272806
Bird,Good,019,A090_I09.png,090,09,Good/019/A090_I09.png,1423513
Bird,Good,019,A090_I10.png,090,10,Good/019/A090_I10.png,1447771
Bird,Good,019,A120_I01.png,120,01,Good/019/A120_I01.png,1171378
Bird,Good,019,A120_I02.png,120,02,Good/019/A120_I02.png,1304226
Bird,Good,019,A120_I03.png,120,03,Good/019/A120_I03.png,1217259
Bird,Good,019,A120_I04.png,120,04,Good/019/A120_I04.png,1308263
Bird,Good,019,A120_I05.png,120,05,Good/019/A120_I05.png,1301404
Bird,Good,019,A120_I06.png,120,06,Good/019/A120_I06.png,1237515
Bird,Good,019,A120_I07.png,120,07,Good/019/A120_I07.png,1070142
Bird,Good,019,A120_I08.png,120,08,Good/019/A120_I08.png,1269364
Bird,Good,019,A120_I09.png,120,09,Good/019/A120_I09.png,1429995
Bird,Good,019,A120_I10.png,120,10,Good/019/A120_I10.png,1456191
Bird,Good,019,A150_I01.png,150,01,Good/019/A150_I01.png,1176625
Bird,Good,019,A150_I02.png,150,02,Good/019/A150_I02.png,1306327
Bird,Good,019,A150_I03.png,150,03,Good/019/A150_I03.png,1234966
Bird,Good,019,A150_I04.png,150,04,Good/019/A150_I04.png,1326496
Bird,Good,019,A150_I05.png,150,05,Good/019/A150_I05.png,1328815
Bird,Good,019,A150_I06.png,150,06,Good/019/A150_I06.png,1266346
Bird,Good,019,A150_I07.png,150,07,Good/019/A150_I07.png,1106489
Bird,Good,019,A150_I08.png,150,08,Good/019/A150_I08.png,1278832
Bird,Good,019,A150_I09.png,150,09,Good/019/A150_I09.png,1448934
Bird,Good,019,A150_I10.png,150,10,Good/019/A150_I10.png,1475977
Bird,Good,019,A180_I01.png,180,01,Good/019/A180_I01.png,1185883
Bird,Good,019,A180_I02.png,180,02,Good/019/A180_I02.png,1323987
Bird,Good,019,A180_I03.png,180,03,Good/019/A180_I03.png,1259557
Bird,Good,019,A180_I04.png,180,04,Good/019/A180_I04.png,1340013
Bird,Good,019,A180_I05.png,180,05,Good/019/A180_I05.png,1337210
Bird,Good,019,A180_I06.png,180,06,Good/019/A180_I06.png,1272106
Bird,Good,019,A180_I07.png,180,07,Good/019/A180_I07.png,1099912
Bird,Good,019,A180_I08.png,180,08,Good/019/A180_I08.png,1282064
Bird,Good,019,A180_I09.png,180,09,Good/019/A180_I09.png,1460595
Bird,Good,019,A180_I10.png,180,10,Good/019/A180_I10.png,1483788
Bird,Good,019,A210_I01.png,210,01,Good/019/A210_I01.png,1193314
Bird,Good,019,A210_I02.png,210,02,Good/019/A210_I02.png,1342569
Bird,Good,019,A210_I03.png,210,03,Good/019/A210_I03.png,1275290
Bird,Good,019,A210_I04.png,210,04,Good/019/A210_I04.png,1363296
Bird,Good,019,A210_I05.png,210,05,Good/019/A210_I05.png,1369817
Bird,Good,019,A210_I06.png,210,06,Good/019/A210_I06.png,1298887
Bird,Good,019,A210_I07.png,210,07,Good/019/A210_I07.png,1114667
Bird,Good,019,A210_I08.png,210,08,Good/019/A210_I08.png,1293045
Bird,Good,019,A210_I09.png,210,09,Good/019/A210_I09.png,1479757
Bird,Good,019,A210_I10.png,210,10,Good/019/A210_I10.png,1503769
Bird,Good,019,A240_I01.png,240,01,Good/019/A240_I01.png,1201015
Bird,Good,019,A240_I02.png,240,02,Good/019/A240_I02.png,1358618
Bird,Good,019,A240_I03.png,240,03,Good/019/A240_I03.png,1292949
Bird,Good,019,A240_I04.png,240,04,Good/019/A240_I04.png,1381638
Bird,Good,019,A240_I05.png,240,05,Good/019/A240_I05.png,1391578
Bird,Good,019,A240_I06.png,240,06,Good/019/A240_I06.png,1321963
Bird,Good,019,A240_I07.png,240,07,Good/019/A240_I07.png,1147623
Bird,Good,019,A240_I08.png,240,08,Good/019/A240_I08.png,1311482
Bird,Good,019,A240_I09.png,240,09,Good/019/A240_I09.png,1505030
Bird,Good,019,A240_I10.png,240,10,Good/019/A240_I10.png,1532580
Bird,Good,019,A270_I01.png,270,01,Good/019/A270_I01.png,1233010
Bird,Good,019,A270_I02.png,270,02,Good/019/A270_I02.png,1382939
Bird,Good,019,A270_I03.png,270,03,Good/019/A270_I03.png,1300113
Bird,Good,019,A270_I04.png,270,04,Good/019/A270_I04.png,1375510
Bird,Good,019,A270_I05.png,270,05,Good/019/A270_I05.png,1367390
Bird,Good,019,A270_I06.png,270,06,Good/019/A270_I06.png,1306449
Bird,Good,019,A270_I07.png,270,07,Good/019/A270_I07.png,1140089
Bird,Good,019,A270_I08.png,270,08,Good/019/A270_I08.png,1334513
Bird,Good,019,A270_I09.png,270,09,Good/019/A270_I09.png,1509977
Bird,Good,019,A270_I10.png,270,10,Good/019/A270_I10.png,1532625
Bird,Good,019,A300_I01.png,300,01,Good/019/A300_I01.png,1248311
Bird,Good,019,A300_I02.png,300,02,Good/019/A300_I02.png,1381783
Bird,Good,019,A300_I03.png,300,03,Good/019/A300_I03.png,1285062
Bird,Good,019,A300_I04.png,300,04,Good/019/A300_I04.png,1360025
Bird,Good,019,A300_I05.png,300,05,Good/019/A300_I05.png,1343544
Bird,Good,019,A300_I06.png,300,06,Good/019/A300_I06.png,1281769
Bird,Good,019,A300_I07.png,300,07,Good/019/A300_I07.png,1125936
Bird,Good,019,A300_I08.png,300,08,Good/019/A300_I08.png,1345031
Bird,Good,019,A300_I09.png,300,09,Good/019/A300_I09.png,1503493
Bird,Good,019,A300_I10.png,300,10,Good/019/A300_I10.png,1521745
Bird,Good,019,A330_I01.png,330,01,Good/019/A330_I01.png,1233646
Bird,Good,019,A330_I02.png,330,02,Good/019/A330_I02.png,1361476
Bird,Good,019,A330_I03.png,330,03,Good/019/A330_I03.png,1260111
Bird,Good,019,A330_I04.png,330,04,Good/019/A330_I04.png,1338599
Bird,Good,019,A330_I05.png,330,05,Good/019/A330_I05.png,1319536
Bird,Good,019,A330_I06.png,330,06,Good/019/A330_I06.png,1253997
Bird,Good,019,A330_I07.png,330,07,Good/019/A330_I07.png,1089437
Bird,Good,019,A330_I08.png,330,08,Good/019/A330_I08.png,1317747
Bird,Good,019,A330_I09.png,330,09,Good/019/A330_I09.png,1476721
Bird,Good,019,A330_I10.png,330,10,Good/019/A330_I10.png,1495754
Bird,Good,020,A000_I01.png,000,01,Good/020/A000_I01.png,1211870
Bird,Good,020,A000_I02.png,000,02,Good/020/A000_I02.png,1333891
Bird,Good,020,A000_I03.png,000,03,Good/020/A000_I03.png,1211754
Bird,Good,020,A000_I04.png,000,04,Good/020/A000_I04.png,1315065
Bird,Good,020,A000_I05.png,000,05,Good/020/A000_I05.png,1312495
Bird,Good,020,A000_I06.png,000,06,Good/020/A000_I06.png,1250656
Bird,Good,020,A000_I07.png,000,07,Good/020/A000_I07.png,1096499
Bird,Good,020,A000_I08.png,000,08,Good/020/A000_I08.png,1308141
Bird,Good,020,A000_I09.png,000,09,Good/020/A000_I09.png,1455817
Bird,Good,020,A000_I10.png,000,10,Good/020/A000_I10.png,1478307
Bird,Good,020,A030_I01.png,030,01,Good/020/A030_I01.png,1201323
Bird,Good,020,A030_I02.png,030,02,Good/020/A030_I02.png,1315867
Bird,Good,020,A030_I03.png,030,03,Good/020/A030_I03.png,1182369
Bird,Good,020,A030_I04.png,030,04,Good/020/A030_I04.png,1286022
Bird,Good,020,A030_I05.png,030,05,Good/020/A030_I05.png,1282678
Bird,Good,020,A030_I06.png,030,06,Good/020/A030_I06.png,1231225
Bird,Good,020,A030_I07.png,030,07,Good/020/A030_I07.png,1075199
Bird,Good,020,A030_I08.png,030,08,Good/020/A030_I08.png,1298338
Bird,Good,020,A030_I09.png,030,09,Good/020/A030_I09.png,1430574
Bird,Good,020,A030_I10.png,030,10,Good/020/A030_I10.png,1455518
Bird,Good,020,A060_I01.png,060,01,Good/020/A060_I01.png,1181019
Bird,Good,020,A060_I02.png,060,02,Good/020/A060_I02.png,1302835
Bird,Good,020,A060_I03.png,060,03,Good/020/A060_I03.png,1174076
Bird,Good,020,A060_I04.png,060,04,Good/020/A060_I04.png,1282347
Bird,Good,020,A060_I05.png,060,05,Good/020/A060_I05.png,1267238
Bird,Good,020,A060_I06.png,060,06,Good/020/A060_I06.png,1224507
Bird,Good,020,A060_I07.png,060,07,Good/020/A060_I07.png,1065956
Bird,Good,020,A060_I08.png,060,08,Good/020/A060_I08.png,1277256
Bird,Good,020,A060_I09.png,060,09,Good/020/A060_I09.png,1417840
Bird,Good,020,A060_I10.png,060,10,Good/020/A060_I10.png,1444844
Bird,Good,020,A090_I01.png,090,01,Good/020/A090_I01.png,1171284
Bird,Good,020,A090_I02.png,090,02,Good/020/A090_I02.png,1293946
Bird,Good,020,A090_I03.png,090,03,Good/020/A090_I03.png,1171845
Bird,Good,020,A090_I04.png,090,04,Good/020/A090_I04.png,1295740
Bird,Good,020,A090_I05.png,090,05,Good/020/A090_I05.png,1287754
Bird,Good,020,A090_I06.png,090,06,Good/020/A090_I06.png,1240936
Bird,Good,020,A090_I07.png,090,07,Good/020/A090_I07.png,1076337
Bird,Good,020,A090_I08.png,090,08,Good/020/A090_I08.png,1269107
Bird,Good,020,A090_I09.png,090,09,Good/020/A090_I09.png,1425036
Bird,Good,020,A090_I10.png,090,10,Good/020/A090_I10.png,1448846
Bird,Good,020,A120_I01.png,120,01,Good/020/A120_I01.png,1168998
Bird,Good,020,A120_I02.png,120,02,Good/020/A120_I02.png,1298976
Bird,Good,020,A120_I03.png,120,03,Good/020/A120_I03.png,1186737
Bird,Good,020,A120_I04.png,120,04,Good/020/A120_I04.png,1325755
Bird,Good,020,A120_I05.png,120,05,Good/020/A120_I05.png,1340317
Bird,Good,020,A120_I06.png,120,06,Good/020/A120_I06.png,1277163
Bird,Good,020,A120_I07.png,120,07,Good/020/A120_I07.png,1087540
Bird,Good,020,A120_I08.png,120,08,Good/020/A120_I08.png,1273579
Bird,Good,020,A120_I09.png,120,09,Good/020/A120_I09.png,1449503
Bird,Good,020,A120_I10.png,120,10,Good/020/A120_I10.png,1473109
Bird,Good,020,A150_I01.png,150,01,Good/020/A150_I01.png,1179502
Bird,Good,020,A150_I02.png,150,02,Good/020/A150_I02.png,1311852
Bird,Good,020,A150_I03.png,150,03,Good/020/A150_I03.png,1226538
Bird,Good,020,A150_I04.png,150,04,Good/020/A150_I04.png,1347074
Bird,Good,020,A150_I05.png,150,05,Good/020/A150_I05.png,1362815
Bird,Good,020,A150_I06.png,150,06,Good/020/A150_I06.png,1290377
Bird,Good,020,A150_I07.png,150,07,Good/020/A150_I07.png,1080790
Bird,Good,020,A150_I08.png,150,08,Good/020/A150_I08.png,1279323
Bird,Good,020,A150_I09.png,150,09,Good/020/A150_I09.png,1468380
Bird,Good,020,A150_I10.png,150,10,Good/020/A150_I10.png,1494536
Bird,Good,020,A180_I01.png,180,01,Good/020/A180_I01.png,1202202
Bird,Good,020,A180_I02.png,180,02,Good/020/A180_I02.png,1348620
Bird,Good,020,A180_I03.png,180,03,Good/020/A180_I03.png,1266671
Bird,Good,020,A180_I04.png,180,04,Good/020/A180_I04.png,1366681
Bird,Good,020,A180_I05.png,180,05,Good/020/A180_I05.png,1362359
Bird,Good,020,A180_I06.png,180,06,Good/020/A180_I06.png,1286811
Bird,Good,020,A180_I07.png,180,07,Good/020/A180_I07.png,1068142
Bird,Good,020,A180_I08.png,180,08,Good/020/A180_I08.png,1292127
Bird,Good,020,A180_I09.png,180,09,Good/020/A180_I09.png,1489023
Bird,Good,020,A180_I10.png,180,10,Good/020/A180_I10.png,1518062
Bird,Good,020,A210_I01.png,210,01,Good/020/A210_I01.png,1213965
Bird,Good,020,A210_I02.png,210,02,Good/020/A210_I02.png,1371692
Bird,Good,020,A210_I03.png,210,03,Good/020/A210_I03.png,1289812
Bird,Good,020,A210_I04.png,210,04,Good/020/A210_I04.png,1379690
Bird,Good,020,A210_I05.png,210,05,Good/020/A210_I05.png,1373349
Bird,Good,020,A210_I06.png,210,06,Good/020/A210_I06.png,1296853
Bird,Good,020,A210_I07.png,210,07,Good/020/A210_I07.png,1080624
Bird,Good,020,A210_I08.png,210,08,Good/020/A210_I08.png,1300878
Bird,Good,020,A210_I09.png,210,09,Good/020/A210_I09.png,1505721
Bird,Good,020,A210_I10.png,210,10,Good/020/A210_I10.png,1536396
Bird,Good,020,A240_I01.png,240,01,Good/020/A240_I01.png,1213035
Bird,Good,020,A240_I02.png,240,02,Good/020/A240_I02.png,1374365
Bird,Good,020,A240_I03.png,240,03,Good/020/A240_I03.png,1304870
Bird,Good,020,A240_I04.png,240,04,Good/020/A240_I04.png,1396546
Bird,Good,020,A240_I05.png,240,05,Good/020/A240_I05.png,1395074
Bird,Good,020,A240_I06.png,240,06,Good/020/A240_I06.png,1316168
Bird,Good,020,A240_I07.png,240,07,Good/020/A240_I07.png,1118593
Bird,Good,020,A240_I08.png,240,08,Good/020/A240_I08.png,1311078
Bird,Good,020,A240_I09.png,240,09,Good/020/A240_I09.png,1519907
Bird,Good,020,A240_I10.png,240,10,Good/020/A240_I10.png,1550506
Bird,Good,020,A270_I01.png,270,01,Good/020/A270_I01.png,1242478
Bird,Good,020,A270_I02.png,270,02,Good/020/A270_I02.png,1388972
Bird,Good,020,A270_I03.png,270,03,Good/020/A270_I03.png,1283737
Bird,Good,020,A270_I04.png,270,04,Good/020/A270_I04.png,1403424
Bird,Good,020,A270_I05.png,270,05,Good/020/A270_I05.png,1416845
Bird,Good,020,A270_I06.png,270,06,Good/020/A270_I06.png,1352702
Bird,Good,020,A270_I07.png,270,07,Good/020/A270_I07.png,1193051
Bird,Good,020,A270_I08.png,270,08,Good/020/A270_I08.png,1357933
Bird,Good,020,A270_I09.png,270,09,Good/020/A270_I09.png,1546696
Bird,Good,020,A270_I10.png,270,10,Good/020/A270_I10.png,1570284
Bird,Good,020,A300_I01.png,300,01,Good/020/A300_I01.png,1261567
Bird,Good,020,A300_I02.png,300,02,Good/020/A300_I02.png,1397788
Bird,Good,020,A300_I03.png,300,03,Good/020/A300_I03.png,1284212
Bird,Good,020,A300_I04.png,300,04,Good/020/A300_I04.png,1380555
Bird,Good,020,A300_I05.png,300,05,Good/020/A300_I05.png,1365950
Bird,Good,020,A300_I06.png,300,06,Good/020/A300_I06.png,1305484
Bird,Good,020,A300_I07.png,300,07,Good/020/A300_I07.png,1144516
Bird,Good,020,A300_I08.png,300,08,Good/020/A300_I08.png,1365761
Bird,Good,020,A300_I09.png,300,09,Good/020/A300_I09.png,1534802
Bird,Good,020,A300_I10.png,300,10,Good/020/A300_I10.png,1557261
Bird,Good,020,A330_I01.png,330,01,Good/020/A330_I01.png,1197182
Bird,Good,020,A330_I02.png,330,02,Good/020/A330_I02.png,1345372
Bird,Good,020,A330_I03.png,330,03,Good/020/A330_I03.png,1259751
Bird,Good,020,A330_I04.png,330,04,Good/020/A330_I04.png,1329680
Bird,Good,020,A330_I05.png,330,05,Good/020/A330_I05.png,1291158
Bird,Good,020,A330_I06.png,330,06,Good/020/A330_I06.png,1230395
Bird,Good,020,A330_I07.png,330,07,Good/020/A330_I07.png,1078776
Bird,Good,020,A330_I08.png,330,08,Good/020/A330_I08.png,1297395
Bird,Good,020,A330_I09.png,330,09,Good/020/A330_I09.png,1463092
Bird,Good,020,A330_I10.png,330,10,Good/020/A330_I10.png,1496631
Bird,Good,021,A000_I01.png,000,01,Good/021/A000_I01.png,1196268
Bird,Good,021,A000_I02.png,000,02,Good/021/A000_I02.png,1334612
Bird,Good,021,A000_I03.png,000,03,Good/021/A000_I03.png,1253735
Bird,Good,021,A000_I04.png,000,04,Good/021/A000_I04.png,1317572
Bird,Good,021,A000_I05.png,000,05,Good/021/A000_I05.png,1295144
Bird,Good,021,A000_I06.png,000,06,Good/021/A000_I06.png,1232370
Bird,Good,021,A000_I07.png,000,07,Good/021/A000_I07.png,1079132
Bird,Good,021,A000_I08.png,000,08,Good/021/A000_I08.png,1289496
Bird,Good,021,A000_I09.png,000,09,Good/021/A000_I09.png,1447231
Bird,Good,021,A000_I10.png,000,10,Good/021/A000_I10.png,1474690
Bird,Good,021,A030_I01.png,030,01,Good/021/A030_I01.png,1222482
Bird,Good,021,A030_I02.png,030,02,Good/021/A030_I02.png,1336214
Bird,Good,021,A030_I03.png,030,03,Good/021/A030_I03.png,1220688
Bird,Good,021,A030_I04.png,030,04,Good/021/A030_I04.png,1302150
Bird,Good,021,A030_I05.png,030,05,Good/021/A030_I05.png,1308576
Bird,Good,021,A030_I06.png,030,06,Good/021/A030_I06.png,1252019
Bird,Good,021,A030_I07.png,030,07,Good/021/A030_I07.png,1096168
Bird,Good,021,A030_I08.png,030,08,Good/021/A030_I08.png,1310500
Bird,Good,021,A030_I09.png,030,09,Good/021/A030_I09.png,1449244
Bird,Good,021,A030_I10.png,030,10,Good/021/A030_I10.png,1470895
Bird,Good,021,A060_I01.png,060,01,Good/021/A060_I01.png,1204577
Bird,Good,021,A060_I02.png,060,02,Good/021/A060_I02.png,1324646
Bird,Good,021,A060_I03.png,060,03,Good/021/A060_I03.png,1216254
Bird,Good,021,A060_I04.png,060,04,Good/021/A060_I04.png,1299484
Bird,Good,021,A060_I05.png,060,05,Good/021/A060_I05.png,1288572
Bird,Good,021,A060_I06.png,060,06,Good/021/A060_I06.png,1238512
Bird,Good,021,A060_I07.png,060,07,Good/021/A060_I07.png,1076929
Bird,Good,021,A060_I08.png,060,08,Good/021/A060_I08.png,1289431
Bird,Good,021,A060_I09.png,060,09,Good/021/A060_I09.png,1435152
Bird,Good,021,A060_I10.png,060,10,Good/021/A060_I10.png,1458610
Bird,Good,021,A090_I01.png,090,01,Good/021/A090_I01.png,1187983
Bird,Good,021,A090_I02.png,090,02,Good/021/A090_I02.png,1312396
Bird,Good,021,A090_I03.png,090,03,Good/021/A090_I03.png,1211638
Bird,Good,021,A090_I04.png,090,04,Good/021/A090_I04.png,1308078
Bird,Good,021,A090_I05.png,090,05,Good/021/A090_I05.png,1300105
Bird,Good,021,A090_I06.png,090,06,Good/021/A090_I06.png,1242171
Bird,Good,021,A090_I07.png,090,07,Good/021/A090_I07.png,1064043
Bird,Good,021,A090_I08.png,090,08,Good/021/A090_I08.png,1272900
Bird,Good,021,A090_I09.png,090,09,Good/021/A090_I09.png,1432727
Bird,Good,021,A090_I10.png,090,10,Good/021/A090_I10.png,1456595
Bird,Good,021,A120_I01.png,120,01,Good/021/A120_I01.png,1149130
Bird,Good,021,A120_I02.png,120,02,Good/021/A120_I02.png,1292215
Bird,Good,021,A120_I03.png,120,03,Good/021/A120_I03.png,1217455
Bird,Good,021,A120_I04.png,120,04,Good/021/A120_I04.png,1328321
Bird,Good,021,A120_I05.png,120,05,Good/021/A120_I05.png,1336925
Bird,Good,021,A120_I06.png,120,06,Good/021/A120_I06.png,1265371
Bird,Good,021,A120_I07.png,120,07,Good/021/A120_I07.png,1079896
Bird,Good,021,A120_I08.png,120,08,Good/021/A120_I08.png,1253761
Bird,Good,021,A120_I09.png,120,09,Good/021/A120_I09.png,1436599
Bird,Good,021,A120_I10.png,120,10,Good/021/A120_I10.png,1469368
Bird,Good,021,A150_I01.png,150,01,Good/021/A150_I01.png,1177376
Bird,Good,021,A150_I02.png,150,02,Good/021/A150_I02.png,1312297
Bird,Good,021,A150_I03.png,150,03,Good/021/A150_I03.png,1246425
Bird,Good,021,A150_I04.png,150,04,Good/021/A150_I04.png,1334355
Bird,Good,021,A150_I05.png,150,05,Good/021/A150_I05.png,1336199
Bird,Good,021,A150_I06.png,150,06,Good/021/A150_I06.png,1266959
Bird,Good,021,A150_I07.png,150,07,Good/021/A150_I07.png,1078153
Bird,Good,021,A150_I08.png,150,08,Good/021/A150_I08.png,1278290
Bird,Good,021,A150_I09.png,150,09,Good/021/A150_I09.png,1456895
Bird,Good,021,A150_I10.png,150,10,Good/021/A150_I10.png,1486509
Bird,Good,021,A180_I01.png,180,01,Good/021/A180_I01.png,1169035
Bird,Good,021,A180_I02.png,180,02,Good/021/A180_I02.png,1316536
Bird,Good,021,A180_I03.png,180,03,Good/021/A180_I03.png,1246138
Bird,Good,021,A180_I04.png,180,04,Good/021/A180_I04.png,1355454
Bird,Good,021,A180_I05.png,180,05,Good/021/A180_I05.png,1373768
Bird,Good,021,A180_I06.png,180,06,Good/021/A180_I06.png,1299788
Bird,Good,021,A180_I07.png,180,07,Good/021/A180_I07.png,1116539
Bird,Good,021,A180_I08.png,180,08,Good/021/A180_I08.png,1274540
Bird,Good,021,A180_I09.png,180,09,Good/021/A180_I09.png,1469789
Bird,Good,021,A180_I10.png,180,10,Good/021/A180_I10.png,1504146
Bird,Good,021,A210_I01.png,210,01,Good/021/A210_I01.png,1201297
Bird,Good,021,A210_I02.png,210,02,Good/021/A210_I02.png,1349574
Bird,Good,021,A210_I03.png,210,03,Good/021/A210_I03.png,1275298
Bird,Good,021,A210_I04.png,210,04,Good/021/A210_I04.png,1373230
Bird,Good,021,A210_I05.png,210,05,Good/021/A210_I05.png,1382937
Bird,Good,021,A210_I06.png,210,06,Good/021/A210_I06.png,1309688
Bird,Good,021,A210_I07.png,210,07,Good/021/A210_I07.png,1118891
Bird,Good,021,A210_I08.png,210,08,Good/021/A210_I08.png,1299136
Bird,Good,021,A210_I09.png,210,09,Good/021/A210_I09.png,1496094
Bird,Good,021,A210_I10.png,210,10,Good/021/A210_I10.png,1520180
Bird,Good,021,A240_I01.png,240,01,Good/021/A240_I01.png,1194099
Bird,Good,021,A240_I02.png,240,02,Good/021/A240_I02.png,1349557
Bird,Good,021,A240_I03.png,240,03,Good/021/A240_I03.png,1273255
Bird,Good,021,A240_I04.png,240,04,Good/021/A240_I04.png,1380705
Bird,Good,021,A240_I05.png,240,05,Good/021/A240_I05.png,1406122
Bird,Good,021,A240_I06.png,240,06,Good/021/A240_I06.png,1334733
Bird,Good,021,A240_I07.png,240,07,Good/021/A240_I07.png,1164940
Bird,Good,021,A240_I08.png,240,08,Good/021/A240_I08.png,1307161
Bird,Good,021,A240_I09.png,240,09,Good/021/A240_I09.png,1504976
Bird,Good,021,A240_I10.png,240,10,Good/021/A240_I10.png,1535296
Bird,Good,021,A270_I01.png,270,01,Good/021/A270_I01.png,1227128
Bird,Good,021,A270_I02.png,270,02,Good/021/A270_I02.png,1376544
Bird,Good,021,A270_I03.png,270,03,Good/021/A270_I03.png,1292375
Bird,Good,021,A270_I04.png,270,04,Good/021/A270_I04.png,1379769
Bird,Good,021,A270_I05.png,270,05,Good/021/A270_I05.png,1379440
Bird,Good,021,A270_I06.png,270,06,Good/021/A270_I06.png,1314660
Bird,Good,021,A270_I07.png,270,07,Good/021/A270_I07.png,1151373
Bird,Good,021,A270_I08.png,270,08,Good/021/A270_I08.png,1330558
Bird,Good,021,A270_I09.png,270,09,Good/021/A270_I09.png,1511980
Bird,Good,021,A270_I10.png,270,10,Good/021/A270_I10.png,1532861
Bird,Good,021,A300_I01.png,300,01,Good/021/A300_I01.png,1262843
Bird,Good,021,A300_I02.png,300,02,Good/021/A300_I02.png,1391090
Bird,Good,021,A300_I03.png,300,03,Good/021/A300_I03.png,1281000
Bird,Good,021,A300_I04.png,300,04,Good/021/A300_I04.png,1365917
Bird,Good,021,A300_I05.png,300,05,Good/021/A300_I05.png,1364497
Bird,Good,021,A300_I06.png,300,06,Good/021/A300_I06.png,1307290
Bird,Good,021,A300_I07.png,300,07,Good/021/A300_I07.png,1154724
Bird,Good,021,A300_I08.png,300,08,Good/021/A300_I08.png,1361540
Bird,Good,021,A300_I09.png,300,09,Good/021/A300_I09.png,1517982
Bird,Good,021,A300_I10.png,300,10,Good/021/A300_I10.png,1528538
Bird,Good,021,A330_I01.png,330,01,Good/021/A330_I01.png,1249122
Bird,Good,021,A330_I02.png,330,02,Good/021/A330_I02.png,1372396
Bird,Good,021,A330_I03.png,330,03,Good/021/A330_I03.png,1263454
Bird,Good,021,A330_I04.png,330,04,Good/021/A330_I04.png,1344477
Bird,Good,021,A330_I05.png,330,05,Good/021/A330_I05.png,1340079
Bird,Good,021,A330_I06.png,330,06,Good/021/A330_I06.png,1279528
Bird,Good,021,A330_I07.png,330,07,Good/021/A330_I07.png,1124029
Bird,Good,021,A330_I08.png,330,08,Good/021/A330_I08.png,1336699
Bird,Good,021,A330_I09.png,330,09,Good/021/A330_I09.png,1490053
Bird,Good,021,A330_I10.png,330,10,Good/021/A330_I10.png,1502676
Bird,Good,022,A000_I01.png,000,01,Good/022/A000_I01.png,1217111
Bird,Good,022,A000_I02.png,000,02,Good/022/A000_I02.png,1344126
Bird,Good,022,A000_I03.png,000,03,Good/022/A000_I03.png,1249165
Bird,Good,022,A000_I04.png,000,04,Good/022/A000_I04.png,1317117
Bird,Good,022,A000_I05.png,000,05,Good/022/A000_I05.png,1305045
Bird,Good,022,A000_I06.png,000,06,Good/022/A000_I06.png,1239743
Bird,Good,022,A000_I07.png,000,07,Good/022/A000_I07.png,1085377
Bird,Good,022,A000_I08.png,000,08,Good/022/A000_I08.png,1306741
Bird,Good,022,A000_I09.png,000,09,Good/022/A000_I09.png,1454486
Bird,Good,022,A000_I10.png,000,10,Good/022/A000_I10.png,1476763
Bird,Good,022,A030_I01.png,030,01,Good/022/A030_I01.png,1208324
Bird,Good,022,A030_I02.png,030,02,Good/022/A030_I02.png,1326274
Bird,Good,022,A030_I03.png,030,03,Good/022/A030_I03.png,1217145
Bird,Good,022,A030_I04.png,030,04,Good/022/A030_I04.png,1296558
Bird,Good,022,A030_I05.png,030,05,Good/022/A030_I05.png,1294493
Bird,Good,022,A030_I06.png,030,06,Good/022/A030_I06.png,1245689
Bird,Good,022,A030_I07.png,030,07,Good/022/A030_I07.png,1096572
Bird,Good,022,A030_I08.png,030,08,Good/022/A030_I08.png,1302665
Bird,Good,022,A030_I09.png,030,09,Good/022/A030_I09.png,1439723
Bird,Good,022,A030_I10.png,030,10,Good/022/A030_I10.png,1463479
Bird,Good,022,A060_I01.png,060,01,Good/022/A060_I01.png,1192881
Bird,Good,022,A060_I02.png,060,02,Good/022/A060_I02.png,1314122
Bird,Good,022,A060_I03.png,060,03,Good/022/A060_I03.png,1207277
Bird,Good,022,A060_I04.png,060,04,Good/022/A060_I04.png,1291943
Bird,Good,022,A060_I05.png,060,05,Good/022/A060_I05.png,1283224
Bird,Good,022,A060_I06.png,060,06,Good/022/A060_I06.png,1232203
Bird,Good,022,A060_I07.png,060,07,Good/022/A060_I07.png,1067868
Bird,Good,022,A060_I08.png,060,08,Good/022/A060_I08.png,1278536
Bird,Good,022,A060_I09.png,060,09,Good/022/A060_I09.png,1422704
Bird,Good,022,A060_I10.png,060,10,Good/022/A060_I10.png,1447676
Bird,Good,022,A090_I01.png,090,01,Good/022/A090_I01.png,1176258
Bird,Good,022,A090_I02.png,090,02,Good/022/A090_I02.png,1301637
Bird,Good,022,A090_I03.png,090,03,Good/022/A090_I03.png,1199900
Bird,Good,022,A090_I04.png,090,04,Good/022/A090_I04.png,1295480
Bird,Good,022,A090_I05.png,090,05,Good/022/A090_I05.png,1287216
Bird,Good,022,A090_I06.png,090,06,Good/022/A090_I06.png,1229508
Bird,Good,022,A090_I07.png,090,07,Good/022/A090_I07.png,1053204
Bird,Good,022,A090_I08.png,090,08,Good/022/A090_I08.png,1261533
Bird,Good,022,A090_I09.png,090,09,Good/022/A090_I09.png,1417167
Bird,Good,022,A090_I10.png,090,10,Good/022/A090_I10.png,1441847
Bird,Good,022,A120_I01.png,120,01,Good/022/A120_I01.png,1172252
Bird,Good,022,A120_I02.png,120,02,Good/022/A120_I02.png,1299510
Bird,Good,022,A120_I03.png,120,03,Good/022/A120_I03.png,1203156
Bird,Good,022,A120_I04.png,120,04,Good/022/A120_I04.png,1307989
Bird,Good,022,A120_I05.png,120,05,Good/022/A120_I05.png,1313496
Bird,Good,022,A120_I06.png,120,06,Good/022/A120_I06.png,1251412
Bird,Good,022,A120_I07.png,120,07,Good/022/A120_I07.png,1066857
Bird,Good,022,A120_I08.png,120,08,Good/022/A120_I08.png,1265710
Bird,Good,022,A120_I09.png,120,09,Good/022/A120_I09.png,1430696
Bird,Good,022,A120_I10.png,120,10,Good/022/A120_I10.png,1456826
Bird,Good,022,A150_I01.png,150,01,Good/022/A150_I01.png,1175445
Bird,Good,022,A150_I02.png,150,02,Good/022/A150_I02.png,1301970
Bird,Good,022,A150_I03.png,150,03,Good/022/A150_I03.png,1220680
Bird,Good,022,A150_I04.png,150,04,Good/022/A150_I04.png,1325387
Bird,Good,022,A150_I05.png,150,05,Good/022/A150_I05.png,1340698
Bird,Good,022,A150_I06.png,150,06,Good/022/A150_I06.png,1276392
Bird,Good,022,A150_I07.png,150,07,Good/022/A150_I07.png,1092233
Bird,Good,022,A150_I08.png,150,08,Good/022/A150_I08.png,1277687
Bird,Good,022,A150_I09.png,150,09,Good/022/A150_I09.png,1450516
Bird,Good,022,A150_I10.png,150,10,Good/022/A150_I10.png,1474393
Bird,Good,022,A180_I01.png,180,01,Good/022/A180_I01.png,1190811
Bird,Good,022,A180_I02.png,180,02,Good/022/A180_I02.png,1324730
Bird,Good,022,A180_I03.png,180,03,Good/022/A180_I03.png,1257297
Bird,Good,022,A180_I04.png,180,04,Good/022/A180_I04.png,1341482
Bird,Good,022,A180_I05.png,180,05,Good/022/A180_I05.png,1345076
Bird,Good,022,A180_I06.png,180,06,Good/022/A180_I06.png,1270918
Bird,Good,022,A180_I07.png,180,07,Good/022/A180_I07.png,1071384
Bird,Good,022,A180_I08.png,180,08,Good/022/A180_I08.png,1278206
Bird,Good,022,A180_I09.png,180,09,Good/022/A180_I09.png,1459117
Bird,Good,022,A180_I10.png,180,10,Good/022/A180_I10.png,1481384
Bird,Good,022,A210_I01.png,210,01,Good/022/A210_I01.png,1205479
Bird,Good,022,A210_I02.png,210,02,Good/022/A210_I02.png,1346287
Bird,Good,022,A210_I03.png,210,03,Good/022/A210_I03.png,1273997
Bird,Good,022,A210_I04.png,210,04,Good/022/A210_I04.png,1359003
Bird,Good,022,A210_I05.png,210,05,Good/022/A210_I05.png,1365907
Bird,Good,022,A210_I06.png,210,06,Good/022/A210_I06.png,1286247
Bird,Good,022,A210_I07.png,210,07,Good/022/A210_I07.png,1082321
Bird,Good,022,A210_I08.png,210,08,Good/022/A210_I08.png,1286685
Bird,Good,022,A210_I09.png,210,09,Good/022/A210_I09.png,1475008
Bird,Good,022,A210_I10.png,210,10,Good/022/A210_I10.png,1498219
Bird,Good,022,A240_I01.png,240,01,Good/022/A240_I01.png,1204131
Bird,Good,022,A240_I02.png,240,02,Good/022/A240_I02.png,1352687
Bird,Good,022,A240_I03.png,240,03,Good/022/A240_I03.png,1276946
Bird,Good,022,A240_I04.png,240,04,Good/022/A240_I04.png,1380729
Bird,Good,022,A240_I05.png,240,05,Good/022/A240_I05.png,1407781
Bird,Good,022,A240_I06.png,240,06,Good/022/A240_I06.png,1336635
Bird,Good,022,A240_I07.png,240,07,Good/022/A240_I07.png,1159195
Bird,Good,022,A240_I08.png,240,08,Good/022/A240_I08.png,1309864
Bird,Good,022,A240_I09.png,240,09,Good/022/A240_I09.png,1506260
Bird,Good,022,A240_I10.png,240,10,Good/022/A240_I10.png,1530638
Bird,Good,022,A270_I01.png,270,01,Good/022/A270_I01.png,1224401
Bird,Good,022,A270_I02.png,270,02,Good/022/A270_I02.png,1373530
Bird,Good,022,A270_I03.png,270,03,Good/022/A270_I03.png,1285779
Bird,Good,022,A270_I04.png,270,04,Good/022/A270_I04.png,1377020
Bird,Good,022,A270_I05.png,270,05,Good/022/A270_I05.png,1383464
Bird,Good,022,A270_I06.png,270,06,Good/022/A270_I06.png,1315196
Bird,Good,022,A270_I07.png,270,07,Good/022/A270_I07.png,1154351
Bird,Good,022,A270_I08.png,270,08,Good/022/A270_I08.png,1323407
Bird,Good,022,A270_I09.png,270,09,Good/022/A270_I09.png,1504298
Bird,Good,022,A270_I10.png,270,10,Good/022/A270_I10.png,1525899
Bird,Good,022,A300_I01.png,300,01,Good/022/A300_I01.png,1228480
Bird,Good,022,A300_I02.png,300,02,Good/022/A300_I02.png,1380108
Bird,Good,022,A300_I03.png,300,03,Good/022/A300_I03.png,1298808
Bird,Good,022,A300_I04.png,300,04,Good/022/A300_I04.png,1360254
Bird,Good,022,A300_I05.png,300,05,Good/022/A300_I05.png,1336188
Bird,Good,022,A300_I06.png,300,06,Good/022/A300_I06.png,1265142
Bird,Good,022,A300_I07.png,300,07,Good/022/A300_I07.png,1102230
Bird,Good,022,A300_I08.png,300,08,Good/022/A300_I08.png,1324287
Bird,Good,022,A300_I09.png,300,09,Good/022/A300_I09.png,1495141
Bird,Good,022,A300_I10.png,300,10,Good/022/A300_I10.png,1518544
Bird,Good,022,A330_I01.png,330,01,Good/022/A330_I01.png,1236834
Bird,Good,022,A330_I02.png,330,02,Good/022/A330_I02.png,1366154
Bird,Good,022,A330_I03.png,330,03,Good/022/A330_I03.png,1274813
Bird,Good,022,A330_I04.png,330,04,Good/022/A330_I04.png,1343643
Bird,Good,022,A330_I05.png,330,05,Good/022/A330_I05.png,1332342
Bird,Good,022,A330_I06.png,330,06,Good/022/A330_I06.png,1261361
Bird,Good,022,A330_I07.png,330,07,Good/022/A330_I07.png,1096992
Bird,Good,022,A330_I08.png,330,08,Good/022/A330_I08.png,1324879
Bird,Good,022,A330_I09.png,330,09,Good/022/A330_I09.png,1481667
Bird,Good,022,A330_I10.png,330,10,Good/022/A330_I10.png,1500491
Bird,Good,023,A000_I01.png,000,01,Good/023/A000_I01.png,1227261
Bird,Good,023,A000_I02.png,000,02,Good/023/A000_I02.png,1350606
Bird,Good,023,A000_I03.png,000,03,Good/023/A000_I03.png,1253787
Bird,Good,023,A000_I04.png,000,04,Good/023/A000_I04.png,1316769
Bird,Good,023,A000_I05.png,000,05,Good/023/A000_I05.png,1312519
Bird,Good,023,A000_I06.png,000,06,Good/023/A000_I06.png,1245629
Bird,Good,023,A000_I07.png,000,07,Good/023/A000_I07.png,1088958
Bird,Good,023,A000_I08.png,000,08,Good/023/A000_I08.png,1313187
Bird,Good,023,A000_I09.png,000,09,Good/023/A000_I09.png,1458172
Bird,Good,023,A000_I10.png,000,10,Good/023/A000_I10.png,1477563
Bird,Good,023,A030_I01.png,030,01,Good/023/A030_I01.png,1217021
Bird,Good,023,A030_I02.png,030,02,Good/023/A030_I02.png,1332684
Bird,Good,023,A030_I03.png,030,03,Good/023/A030_I03.png,1225347
Bird,Good,023,A030_I04.png,030,04,Good/023/A030_I04.png,1296627
Bird,Good,023,A030_I05.png,030,05,Good/023/A030_I05.png,1300940
Bird,Good,023,A030_I06.png,030,06,Good/023/A030_I06.png,1247332
Bird,Good,023,A030_I07.png,030,07,Good/023/A030_I07.png,1092635
Bird,Good,023,A030_I08.png,030,08,Good/023/A030_I08.png,1304380
Bird,Good,023,A030_I09.png,030,09,Good/023/A030_I09.png,1444287
Bird,Good,023,A030_I10.png,030,10,Good/023/A030_I10.png,1465955
Bird,Good,023,A060_I01.png,060,01,Good/023/A060_I01.png,1196932
Bird,Good,023,A060_I02.png,060,02,Good/023/A060_I02.png,1318605
Bird,Good,023,A060_I03.png,060,03,Good/023/A060_I03.png,1217348
Bird,Good,023,A060_I04.png,060,04,Good/023/A060_I04.png,1297435
Bird,Good,023,A060_I05.png,060,05,Good/023/A060_I05.png,1288947
Bird,Good,023,A060_I06.png,060,06,Good/023/A060_I06.png,1228012
Bird,Good,023,A060_I07.png,060,07,Good/023/A060_I07.png,1053415
Bird,Good,023,A060_I08.png,060,08,Good/023/A060_I08.png,1275607
Bird,Good,023,A060_I09.png,060,09,Good/023/A060_I09.png,1424221
Bird,Good,023,A060_I10.png,060,10,Good/023/A060_I10.png,1449797
Bird,Good,023,A090_I01.png,090,01,Good/023/A090_I01.png,1175942
Bird,Good,023,A090_I02.png,090,02,Good/023/A090_I02.png,1302157
Bird,Good,023,A090_I03.png,090,03,Good/023/A090_I03.png,1210429
Bird,Good,023,A090_I04.png,090,04,Good/023/A090_I04.png,1303982
Bird,Good,023,A090_I05.png,090,05,Good/023/A090_I05.png,1301195
Bird,Good,023,A090_I06.png,090,06,Good/023/A090_I06.png,1240404
Bird,Good,023,A090_I07.png,090,07,Good/023/A090_I07.png,1057893
Bird,Good,023,A090_I08.png,090,08,Good/023/A090_I08.png,1262120
Bird,Good,023,A090_I09.png,090,09,Good/023/A090_I09.png,1423428
Bird,Good,023,A090_I10.png,090,10,Good/023/A090_I10.png,1448048
Bird,Good,023,A120_I01.png,120,01,Good/023/A120_I01.png,1170332
Bird,Good,023,A120_I02.png,120,02,Good/023/A120_I02.png,1299363
Bird,Good,023,A120_I03.png,120,03,Good/023/A120_I03.png,1215643
Bird,Good,023,A120_I04.png,120,04,Good/023/A120_I04.png,1323190
Bird,Good,023,A120_I05.png,120,05,Good/023/A120_I05.png,1338067
Bird,Good,023,A120_I06.png,120,06,Good/023/A120_I06.png,1269558
Bird,Good,023,A120_I07.png,120,07,Good/023/A120_I07.png,1081270
Bird,Good,023,A120_I08.png,120,08,Good/023/A120_I08.png,1268740
Bird,Good,023,A120_I09.png,120,09,Good/023/A120_I09.png,1442604
Bird,Good,023,A120_I10.png,120,10,Good/023/A120_I10.png,1469753
Bird,Good,023,A150_I01.png,150,01,Good/023/A150_I01.png,1181997
Bird,Good,023,A150_I02.png,150,02,Good/023/A150_I02.png,1306915
Bird,Good,023,A150_I03.png,150,03,Good/023/A150_I03.png,1232860
Bird,Good,023,A150_I04.png,150,04,Good/023/A150_I04.png,1341338
Bird,Good,023,A150_I05.png,150,05,Good/023/A150_I05.png,1360285
Bird,Good,023,A150_I06.png,150,06,Good/023/A150_I06.png,1289107
Bird,Good,023,A150_I07.png,150,07,Good/023/A150_I07.png,1094410
Bird,Good,023,A150_I08.png,150,08,Good/023/A150_I08.png,1280274
Bird,Good,023,A150_I09.png,150,09,Good/023/A150_I09.png,1462575
Bird,Good,023,A150_I10.png,150,10,Good/023/A150_I10.png,1488237
Bird,Good,023,A180_I01.png,180,01,Good/023/A180_I01.png,1207808
Bird,Good,023,A180_I02.png,180,02,Good/023/A180_I02.png,1341393
Bird,Good,023,A180_I03.png,180,03,Good/023/A180_I03.png,1263825
Bird,Good,023,A180_I04.png,180,04,Good/023/A180_I04.png,1364407
Bird,Good,023,A180_I05.png,180,05,Good/023/A180_I05.png,1376162
Bird,Good,023,A180_I06.png,180,06,Good/023/A180_I06.png,1300851
Bird,Good,023,A180_I07.png,180,07,Good/023/A180_I07.png,1098001
Bird,Good,023,A180_I08.png,180,08,Good/023/A180_I08.png,1300753
Bird,Good,023,A180_I09.png,180,09,Good/023/A180_I09.png,1490275
Bird,Good,023,A180_I10.png,180,10,Good/023/A180_I10.png,1511727
Bird,Good,023,A210_I01.png,210,01,Good/023/A210_I01.png,1210516
Bird,Good,023,A210_I02.png,210,02,Good/023/A210_I02.png,1351495
Bird,Good,023,A210_I03.png,210,03,Good/023/A210_I03.png,1265164
Bird,Good,023,A210_I04.png,210,04,Good/023/A210_I04.png,1386870
Bird,Good,023,A210_I05.png,210,05,Good/023/A210_I05.png,1416424
Bird,Good,023,A210_I06.png,210,06,Good/023/A210_I06.png,1346467
Bird,Good,023,A210_I07.png,210,07,Good/023/A210_I07.png,1150008
Bird,Good,023,A210_I08.png,210,08,Good/023/A210_I08.png,1316336
Bird,Good,023,A210_I09.png,210,09,Good/023/A210_I09.png,1515581
Bird,Good,023,A210_I10.png,210,10,Good/023/A210_I10.png,1539258
Bird,Good,023,A240_I01.png,240,01,Good/023/A240_I01.png,1233009
Bird,Good,023,A240_I02.png,240,02,Good/023/A240_I02.png,1376845
Bird,Good,023,A240_I03.png,240,03,Good/023/A240_I03.png,1291091
Bird,Good,023,A240_I04.png,240,04,Good/023/A240_I04.png,1382222
Bird,Good,023,A240_I05.png,240,05,Good/023/A240_I05.png,1396982
Bird,Good,023,A240_I06.png,240,06,Good/023/A240_I06.png,1324569
Bird,Good,023,A240_I07.png,240,07,Good/023/A240_I07.png,1140268
Bird,Good,023,A240_I08.png,240,08,Good/023/A240_I08.png,1326008
Bird,Good,023,A240_I09.png,240,09,Good/023/A240_I09.png,1515969
Bird,Good,023,A240_I10.png,240,10,Good/023/A240_I10.png,1536842
Bird,Good,023,A270_I01.png,270,01,Good/023/A270_I01.png,1257537
Bird,Good,023,A270_I02.png,270,02,Good/023/A270_I02.png,1394236
Bird,Good,023,A270_I03.png,270,03,Good/023/A270_I03.png,1287151
Bird,Good,023,A270_I04.png,270,04,Good/023/A270_I04.png,1383961
Bird,Good,023,A270_I05.png,270,05,Good/023/A270_I05.png,1397188
Bird,Good,023,A270_I06.png,270,06,Good/023/A270_I06.png,1328351
Bird,Good,023,A270_I07.png,270,07,Good/023/A270_I07.png,1162092
Bird,Good,023,A270_I08.png,270,08,Good/023/A270_I08.png,1352853
Bird,Good,023,A270_I09.png,270,09,Good/023/A270_I09.png,1525957
Bird,Good,023,A270_I10.png,270,10,Good/023/A270_I10.png,1541356
Bird,Good,023,A300_I01.png,300,01,Good/023/A300_I01.png,1261649
Bird,Good,023,A300_I02.png,300,02,Good/023/A300_I02.png,1388667
Bird,Good,023,A300_I03.png,300,03,Good/023/A300_I03.png,1288113
Bird,Good,023,A300_I04.png,300,04,Good/023/A300_I04.png,1365038
Bird,Good,023,A300_I05.png,300,05,Good/023/A300_I05.png,1361036
Bird,Good,023,A300_I06.png,300,06,Good/023/A300_I06.png,1292882
Bird,Good,023,A300_I07.png,300,07,Good/023/A300_I07.png,1130925
Bird,Good,023,A300_I08.png,300,08,Good/023/A300_I08.png,1353327
Bird,Good,023,A300_I09.png,300,09,Good/023/A300_I09.png,1510064
Bird,Good,023,A300_I10.png,300,10,Good/023/A300_I10.png,1521870
Bird,Good,023,A330_I01.png,330,01,Good/023/A330_I01.png,1229784
Bird,Good,023,A330_I02.png,330,02,Good/023/A330_I02.png,1356641
Bird,Good,023,A330_I03.png,330,03,Good/023/A330_I03.png,1259162
Bird,Good,023,A330_I04.png,330,04,Good/023/A330_I04.png,1340268
Bird,Good,023,A330_I05.png,330,05,Good/023/A330_I05.png,1345987
Bird,Good,023,A330_I06.png,330,06,Good/023/A330_I06.png,1282426
Bird,Good,023,A330_I07.png,330,07,Good/023/A330_I07.png,1139879
Bird,Good,023,A330_I08.png,330,08,Good/023/A330_I08.png,1328303
Bird,Good,023,A330_I09.png,330,09,Good/023/A330_I09.png,1483744
Bird,Good,023,A330_I10.png,330,10,Good/023/A330_I10.png,1502629
Bird,Good,024,A000_I01.png,000,01,Good/024/A000_I01.png,1211857
Bird,Good,024,A000_I02.png,000,02,Good/024/A000_I02.png,1335520
Bird,Good,024,A000_I03.png,000,03,Good/024/A000_I03.png,1231525
Bird,Good,024,A000_I04.png,000,04,Good/024/A000_I04.png,1316645
Bird,Good,024,A000_I05.png,000,05,Good/024/A000_I05.png,1312787
Bird,Good,024,A000_I06.png,000,06,Good/024/A000_I06.png,1252830
Bird,Good,024,A000_I07.png,000,07,Good/024/A000_I07.png,1091220
Bird,Good,024,A000_I08.png,000,08,Good/024/A000_I08.png,1304693
Bird,Good,024,A000_I09.png,000,09,Good/024/A000_I09.png,1455603
Bird,Good,024,A000_I10.png,000,10,Good/024/A000_I10.png,1478256
Bird,Good,024,A030_I01.png,030,01,Good/024/A030_I01.png,1206874
Bird,Good,024,A030_I02.png,030,02,Good/024/A030_I02.png,1324875
Bird,Good,024,A030_I03.png,030,03,Good/024/A030_I03.png,1208868
Bird,Good,024,A030_I04.png,030,04,Good/024/A030_I04.png,1294183
Bird,Good,024,A030_I05.png,030,05,Good/024/A030_I05.png,1291188
Bird,Good,024,A030_I06.png,030,06,Good/024/A030_I06.png,1236903
Bird,Good,024,A030_I07.png,030,07,Good/024/A030_I07.png,1066971
Bird,Good,024,A030_I08.png,030,08,Good/024/A030_I08.png,1301710
Bird,Good,024,A030_I09.png,030,09,Good/024/A030_I09.png,1439007
Bird,Good,024,A030_I10.png,030,10,Good/024/A030_I10.png,1463021
Bird,Good,024,A060_I01.png,060,01,Good/024/A060_I01.png,1190088
Bird,Good,024,A060_I02.png,060,02,Good/024/A060_I02.png,1310212
Bird,Good,024,A060_I03.png,060,03,Good/024/A060_I03.png,1195650
Bird,Good,024,A060_I04.png,060,04,Good/024/A060_I04.png,1286175
Bird,Good,024,A060_I05.png,060,05,Good/024/A060_I05.png,1275772
Bird,Good,024,A060_I06.png,060,06,Good/024/A060_I06.png,1226997
Bird,Good,024,A060_I07.png,060,07,Good/024/A060_I07.png,1056814
Bird,Good,024,A060_I08.png,060,08,Good/024/A060_I08.png,1280277
Bird,Good,024,A060_I09.png,060,09,Good/024/A060_I09.png,1421591
Bird,Good,024,A060_I10.png,060,10,Good/024/A060_I10.png,1448097
Bird,Good,024,A090_I01.png,090,01,Good/024/A090_I01.png,1187690
Bird,Good,024,A090_I02.png,090,02,Good/024/A090_I02.png,1304878
Bird,Good,024,A090_I03.png,090,03,Good/024/A090_I03.png,1190078
Bird,Good,024,A090_I04.png,090,04,Good/024/A090_I04.png,1292753
Bird,Good,024,A090_I05.png,090,05,Good/024/A090_I05.png,1289328
Bird,Good,024,A090_I06.png,090,06,Good/024/A090_I06.png,1237827
Bird,Good,024,A090_I07.png,090,07,Good/024/A090_I07.png,1070812
Bird,Good,024,A090_I08.png,090,08,Good/024/A090_I08.png,1274292
Bird,Good,024,A090_I09.png,090,09,Good/024/A090_I09.png,1424669
Bird,Good,024,A090_I10.png,090,10,Good/024/A090_I10.png,1448058
Bird,Good,024,A120_I01.png,120,01,Good/024/A120_I01.png,1179772
Bird,Good,024,A120_I02.png,120,02,Good/024/A120_I02.png,1304506
Bird,Good,024,A120_I03.png,120,03,Good/024/A120_I03.png,1205736
Bird,Good,024,A120_I04.png,120,04,Good/024/A120_I04.png,1311301
Bird,Good,024,A120_I05.png,120,05,Good/024/A120_I05.png,1320186
Bird,Good,024,A120_I06.png,120,06,Good/024/A120_I06.png,1252879
Bird,Good,024,A120_I07.png,120,07,Good/024/A120_I07.png,1057788
Bird,Good,024,A120_I08.png,120,08,Good/024/A120_I08.png,1270289
Bird,Good,024,A120_I09.png,120,09,Good/024/A120_I09.png,1436276
Bird,Good,024,A120_I10.png,120,10,Good/024/A120_I10.png,1460891
Bird,Good,024,A150_I01.png,150,01,Good/024/A150_I01.png,1187019
Bird,Good,024,A150_I02.png,150,02,Good/024/A150_I02.png,1310910
Bird,Good,024,A150_I03.png,150,03,Good/024/A150_I03.png,1233670
Bird,Good,024,A150_I04.png,150,04,Good/024/A150_I04.png,1335549
Bird,Good,024,A150_I05.png,150,05,Good/024/A150_I05.png,1347365
Bird,Good,024,A150_I06.png,150,06,Good/024/A150_I06.png,1284168
Bird,Good,024,A150_I07.png,150,07,Good/024/A150_I07.png,1093283
Bird,Good,024,A150_I08.png,150,08,Good/024/A150_I08.png,1289280
Bird,Good,024,A150_I09.png,150,09,Good/024/A150_I09.png,1467811
Bird,Good,024,A150_I10.png,150,10,Good/024/A150_I10.png,1490902
Bird,Good,024,A180_I01.png,180,01,Good/024/A180_I01.png,1198614
Bird,Good,024,A180_I02.png,180,02,Good/024/A180_I02.png,1336534
Bird,Good,024,A180_I03.png,180,03,Good/024/A180_I03.png,1271004
Bird,Good,024,A180_I04.png,180,04,Good/024/A180_I04.png,1347224
Bird,Good,024,A180_I05.png,180,05,Good/024/A180_I05.png,1342898
Bird,Good,024,A180_I06.png,180,06,Good/024/A180_I06.png,1273525
Bird,Good,024,A180_I07.png,180,07,Good/024/A180_I07.png,1073222
Bird,Good,024,A180_I08.png,180,08,Good/024/A180_I08.png,1289761
Bird,Good,024,A180_I09.png,180,09,Good/024/A180_I09.png,1472076
Bird,Good,024,A180_I10.png,180,10,Good/024/A180_I10.png,1495914
Bird,Good,024,A210_I01.png,210,01,Good/024/A210_I01.png,1211470
Bird,Good,024,A210_I02.png,210,02,Good/024/A210_I02.png,1356786
Bird,Good,024,A210_I03.png,210,03,Good/024/A210_I03.png,1287585
Bird,Good,024,A210_I04.png,210,04,Good/024/A210_I04.png,1367664
Bird,Good,024,A210_I05.png,210,05,Good/024/A210_I05.png,1371803
Bird,Good,024,A210_I06.png,210,06,Good/024/A210_I06.png,1299137
Bird,Good,024,A210_I07.png,210,07,Good/024/A210_I07.png,1098011
Bird,Good,024,A210_I08.png,210,08,Good/024/A210_I08.png,1301000
Bird,Good,024,A210_I09.png,210,09,Good/024/A210_I09.png,1494277
Bird,Good,024,A210_I10.png,210,10,Good/024/A210_I10.png,1515468
Bird,Good,024,A240_I01.png,240,01,Good/024/A240_I01.png,1204806
Bird,Good,024,A240_I02.png,240,02,Good/024/A240_I02.png,1352703
Bird,Good,024,A240_I03.png,240,03,Good/024/A240_I03.png,1280176
Bird,Good,024,A240_I04.png,240,04,Good/024/A240_I04.png,1390965
Bird,Good,024,A240_I05.png,240,05,Good/024/A240_I05.png,1419809
Bird,Good,024,A240_I06.png,240,06,Good/024/A240_I06.png,1342904
Bird,Good,024,A240_I07.png,240,07,Good/024/A240_I07.png,1158804
Bird,Good,024,A240_I08.png,240,08,Good/024/A240_I08.png,1304580
Bird,Good,024,A240_I09.png,240,09,Good/024/A240_I09.png,1509524
Bird,Good,024,A240_I10.png,240,10,Good/024/A240_I10.png,1535032
Bird,Good,024,A270_I01.png,270,01,Good/024/A270_I01.png,1232267
Bird,Good,024,A270_I02.png,270,02,Good/024/A270_I02.png,1378084
Bird,Good,024,A270_I03.png,270,03,Good/024/A270_I03.png,1286077
Bird,Good,024,A270_I04.png,270,04,Good/024/A270_I04.png,1392908
Bird,Good,024,A270_I05.png,270,05,Good/024/A270_I05.png,1409026
Bird,Good,024,A270_I06.png,270,06,Good/024/A270_I06.png,1332805
Bird,Good,024,A270_I07.png,270,07,Good/024/A270_I07.png,1164178
Bird,Good,024,A270_I08.png,270,08,Good/024/A270_I08.png,1333444
Bird,Good,024,A270_I09.png,270,09,Good/024/A270_I09.png,1520779
Bird,Good,024,A270_I10.png,270,10,Good/024/A270_I10.png,1541284
Bird,Good,024,A300_I01.png,300,01,Good/024/A300_I01.png,1263739
Bird,Good,024,A300_I02.png,300,02,Good/024/A300_I02.png,1399010
Bird,Good,024,A300_I03.png,300,03,Good/024/A300_I03.png,1291839
Bird,Good,024,A300_I04.png,300,04,Good/024/A300_I04.png,1371383
Bird,Good,024,A300_I05.png,300,05,Good/024/A300_I05.png,1363428
Bird,Good,024,A300_I06.png,300,06,Good/024/A300_I06.png,1294629
Bird,Good,024,A300_I07.png,300,07,Good/024/A300_I07.png,1132584
Bird,Good,024,A300_I08.png,300,08,Good/024/A300_I08.png,1359208
Bird,Good,024,A300_I09.png,300,09,Good/024/A300_I09.png,1522603
Bird,Good,024,A300_I10.png,300,10,Good/024/A300_I10.png,1541041
Bird,Good,024,A330_I01.png,330,01,Good/024/A330_I01.png,1250475
Bird,Good,024,A330_I02.png,330,02,Good/024/A330_I02.png,1375460
Bird,Good,024,A330_I03.png,330,03,Good/024/A330_I03.png,1261040
Bird,Good,024,A330_I04.png,330,04,Good/024/A330_I04.png,1345881
Bird,Good,024,A330_I05.png,330,05,Good/024/A330_I05.png,1342245
Bird,Good,024,A330_I06.png,330,06,Good/024/A330_I06.png,1281198
Bird,Good,024,A330_I07.png,330,07,Good/024/A330_I07.png,1122073
Bird,Good,024,A330_I08.png,330,08,Good/024/A330_I08.png,1345920
Bird,Good,024,A330_I09.png,330,09,Good/024/A330_I09.png,1500957
Bird,Good,024,A330_I10.png,330,10,Good/024/A330_I10.png,1517312
Bird,Good,025,A000_I01.png,000,01,Good/025/A000_I01.png,1175776
Bird,Good,025,A000_I02.png,000,02,Good/025/A000_I02.png,1321944
Bird,Good,025,A000_I03.png,000,03,Good/025/A000_I03.png,1219399
Bird,Good,025,A000_I04.png,000,04,Good/025/A000_I04.png,1303015
Bird,Good,025,A000_I05.png,000,05,Good/025/A000_I05.png,1310529
Bird,Good,025,A000_I06.png,000,06,Good/025/A000_I06.png,1239112
Bird,Good,025,A000_I07.png,000,07,Good/025/A000_I07.png,1074023
Bird,Good,025,A000_I08.png,000,08,Good/025/A000_I08.png,1282355
Bird,Good,025,A000_I09.png,000,09,Good/025/A000_I09.png,1452510
Bird,Good,025,A000_I10.png,000,10,Good/025/A000_I10.png,1480843
Bird,Good,025,A030_I01.png,030,01,Good/025/A030_I01.png,1160595
Bird,Good,025,A030_I02.png,030,02,Good/025/A030_I02.png,1309557
Bird,Good,025,A030_I03.png,030,03,Good/025/A030_I03.png,1211527
Bird,Good,025,A030_I04.png,030,04,Good/025/A030_I04.png,1282210
Bird,Good,025,A030_I05.png,030,05,Good/025/A030_I05.png,1288890
Bird,Good,025,A030_I06.png,030,06,Good/025/A030_I06.png,1211639
Bird,Good,025,A030_I07.png,030,07,Good/025/A030_I07.png,1030751
Bird,Good,025,A030_I08.png,030,08,Good/025/A030_I08.png,1261332
Bird,Good,025,A030_I09.png,030,09,Good/025/A030_I09.png,1430249
Bird,Good,025,A030_I10.png,030,10,Good/025/A030_I10.png,1466308
Bird,Good,025,A060_I01.png,060,01,Good/025/A060_I01.png,1142128
Bird,Good,025,A060_I02.png,060,02,Good/025/A060_I02.png,1296295
Bird,Good,025,A060_I03.png,060,03,Good/025/A060_I03.png,1203071
Bird,Good,025,A060_I04.png,060,04,Good/025/A060_I04.png,1280640
Bird,Good,025,A060_I05.png,060,05,Good/025/A060_I05.png,1275815
Bird,Good,025,A060_I06.png,060,06,Good/025/A060_I06.png,1209828
Bird,Good,025,A060_I07.png,060,07,Good/025/A060_I07.png,1025718
Bird,Good,025,A060_I08.png,060,08,Good/025/A060_I08.png,1243768
Bird,Good,025,A060_I09.png,060,09,Good/025/A060_I09.png,1418849
Bird,Good,025,A060_I10.png,060,10,Good/025/A060_I10.png,1455952
Bird,Good,025,A090_I01.png,090,01,Good/025/A090_I01.png,1146032
Bird,Good,025,A090_I02.png,090,02,Good/025/A090_I02.png,1290119
Bird,Good,025,A090_I03.png,090,03,Good/025/A090_I03.png,1196337
Bird,Good,025,A090_I04.png,090,04,Good/025/A090_I04.png,1293530
Bird,Good,025,A090_I05.png,090,05,Good/025/A090_I05.png,1296979
Bird,Good,025,A090_I06.png,090,06,Good/025/A090_I06.png,1211697
Bird,Good,025,A090_I07.png,090,07,Good/025/A090_I07.png,1004685
Bird,Good,025,A090_I08.png,090,08,Good/025/A090_I08.png,1234561
Bird,Good,025,A090_I09.png,090,09,Good/025/A090_I09.png,1413924
Bird,Good,025,A090_I10.png,090,10,Good/025/A090_I10.png,1448232
Bird,Good,025,A120_I01.png,120,01,Good/025/A120_I01.png,1117580
Bird,Good,025,A120_I02.png,120,02,Good/025/A120_I02.png,1278263
Bird,Good,025,A120_I03.png,120,03,Good/025/A120_I03.png,1206794
Bird,Good,025,A120_I04.png,120,04,Good/025/A120_I04.png,1301069
Bird,Good,025,A120_I05.png,120,05,Good/025/A120_I05.png,1314125
Bird,Good,025,A120_I06.png,120,06,Good/025/A120_I06.png,1228957
Bird,Good,025,A120_I07.png,120,07,Good/025/A120_I07.png,1028426
Bird,Good,025,A120_I08.png,120,08,Good/025/A120_I08.png,1229192
Bird,Good,025,A120_I09.png,120,09,Good/025/A120_I09.png,1421892
Bird,Good,025,A120_I10.png,120,10,Good/025/A120_I10.png,1459674
Bird,Good,025,A150_I01.png,150,01,Good/025/A150_I01.png,1148566
Bird,Good,025,A150_I02.png,150,02,Good/025/A150_I02.png,1290258
Bird,Good,025,A150_I03.png,150,03,Good/025/A150_I03.png,1217394
Bird,Good,025,A150_I04.png,150,04,Good/025/A150_I04.png,1311165
Bird,Good,025,A150_I05.png,150,05,Good/025/A150_I05.png,1329194
Bird,Good,025,A150_I06.png,150,06,Good/025/A150_I06.png,1253479
Bird,Good,025,A150_I07.png,150,07,Good/025/A150_I07.png,1060524
Bird,Good,025,A150_I08.png,150,08,Good/025/A150_I08.png,1263605
Bird,Good,025,A150_I09.png,150,09,Good/025/A150_I09.png,1448380
Bird,Good,025,A150_I10.png,150,10,Good/025/A150_I10.png,1477198
Bird,Good,025,A180_I01.png,180,01,Good/025/A180_I01.png,1162634
Bird,Good,025,A180_I02.png,180,02,Good/025/A180_I02.png,1305350
Bird,Good,025,A180_I03.png,180,03,Good/025/A180_I03.png,1234737
Bird,Good,025,A180_I04.png,180,04,Good/025/A180_I04.png,1326210
Bird,Good,025,A180_I05.png,180,05,Good/025/A180_I05.png,1338447
Bird,Good,025,A180_I06.png,180,06,Good/025/A180_I06.png,1261236
Bird,Good,025,A180_I07.png,180,07,Good/025/A180_I07.png,1068600
Bird,Good,025,A180_I08.png,180,08,Good/025/A180_I08.png,1264968
Bird,Good,025,A180_I09.png,180,09,Good/025/A180_I09.png,1455994
Bird,Good,025,A180_I10.png,180,10,Good/025/A180_I10.png,1479917
Bird,Good,025,A210_I01.png,210,01,Good/025/A210_I01.png,1166329
Bird,Good,025,A210_I02.png,210,02,Good/025/A210_I02.png,1323362
Bird,Good,025,A210_I03.png,210,03,Good/025/A210_I03.png,1246232
Bird,Good,025,A210_I04.png,210,04,Good/025/A210_I04.png,1350330
Bird,Good,025,A210_I05.png,210,05,Good/025/A210_I05.png,1368510
Bird,Good,025,A210_I06.png,210,06,Good/025/A210_I06.png,1285213
Bird,Good,025,A210_I07.png,210,07,Good/025/A210_I07.png,1082567
Bird,Good,025,A210_I08.png,210,08,Good/025/A210_I08.png,1275509
Bird,Good,025,A210_I09.png,210,09,Good/025/A210_I09.png,1477563
Bird,Good,025,A210_I10.png,210,10,Good/025/A210_I10.png,1496322
Bird,Good,025,A240_I01.png,240,01,Good/025/A240_I01.png,1184983
Bird,Good,025,A240_I02.png,240,02,Good/025/A240_I02.png,1341031
Bird,Good,025,A240_I03.png,240,03,Good/025/A240_I03.png,1255246
Bird,Good,025,A240_I04.png,240,04,Good/025/A240_I04.png,1366523
Bird,Good,025,A240_I05.png,240,05,Good/025/A240_I05.png,1394898
Bird,Good,025,A240_I06.png,240,06,Good/025/A240_I06.png,1309831
Bird,Good,025,A240_I07.png,240,07,Good/025/A240_I07.png,1106763
Bird,Good,025,A240_I08.png,240,08,Good/025/A240_I08.png,1293738
Bird,Good,025,A240_I09.png,240,09,Good/025/A240_I09.png,1496654
Bird,Good,025,A240_I10.png,240,10,Good/025/A240_I10.png,1514099
Bird,Good,025,A270_I01.png,270,01,Good/025/A270_I01.png,1198938
Bird,Good,025,A270_I02.png,270,02,Good/025/A270_I02.png,1356910
Bird,Good,025,A270_I03.png,270,03,Good/025/A270_I03.png,1259993
Bird,Good,025,A270_I04.png,270,04,Good/025/A270_I04.png,1365198
Bird,Good,025,A270_I05.png,270,05,Good/025/A270_I05.png,1381652
Bird,Good,025,A270_I06.png,270,06,Good/025/A270_I06.png,1302997
Bird,Good,025,A270_I07.png,270,07,Good/025/A270_I07.png,1118681
Bird,Good,025,A270_I08.png,270,08,Good/025/A270_I08.png,1310006
Bird,Good,025,A270_I09.png,270,09,Good/025/A270_I09.png,1500523
Bird,Good,025,A270_I10.png,270,10,Good/025/A270_I10.png,1515728
Bird,Good,025,A300_I01.png,300,01,Good/025/A300_I01.png,1219582
Bird,Good,025,A300_I02.png,300,02,Good/025/A300_I02.png,1364022
Bird,Good,025,A300_I03.png,300,03,Good/025/A300_I03.png,1247407
Bird,Good,025,A300_I04.png,300,04,Good/025/A300_I04.png,1346604
Bird,Good,025,A300_I05.png,300,05,Good/025/A300_I05.png,1359455
Bird,Good,025,A300_I06.png,300,06,Good/025/A300_I06.png,1284914
Bird,Good,025,A300_I07.png,300,07,Good/025/A300_I07.png,1111661
Bird,Good,025,A300_I08.png,300,08,Good/025/A300_I08.png,1326702
Bird,Good,025,A300_I09.png,300,09,Good/025/A300_I09.png,1497137
Bird,Good,025,A300_I10.png,300,10,Good/025/A300_I10.png,1509134
Bird,Good,025,A330_I01.png,330,01,Good/025/A330_I01.png,1236574
Bird,Good,025,A330_I02.png,330,02,Good/025/A330_I02.png,1362142
Bird,Good,025,A330_I03.png,330,03,Good/025/A330_I03.png,1237694
Bird,Good,025,A330_I04.png,330,04,Good/025/A330_I04.png,1331597
Bird,Good,025,A330_I05.png,330,05,Good/025/A330_I05.png,1346532
Bird,Good,025,A330_I06.png,330,06,Good/025/A330_I06.png,1268457
Bird,Good,025,A330_I07.png,330,07,Good/025/A330_I07.png,1083052
Bird,Good,025,A330_I08.png,330,08,Good/025/A330_I08.png,1322226
Bird,Good,025,A330_I09.png,330,09,Good/025/A330_I09.png,1491683
Bird,Good,025,A330_I10.png,330,10,Good/025/A330_I10.png,1504356
Bird,Good,026,A000_I01.png,000,01,Good/026/A000_I01.png,1175287
Bird,Good,026,A000_I02.png,000,02,Good/026/A000_I02.png,1318818
Bird,Good,026,A000_I03.png,000,03,Good/026/A000_I03.png,1214982
Bird,Good,026,A000_I04.png,000,04,Good/026/A000_I04.png,1297218
Bird,Good,026,A000_I05.png,000,05,Good/026/A000_I05.png,1303262
Bird,Good,026,A000_I06.png,000,06,Good/026/A000_I06.png,1234055
Bird,Good,026,A000_I07.png,000,07,Good/026/A000_I07.png,1075007
Bird,Good,026,A000_I08.png,000,08,Good/026/A000_I08.png,1278520
Bird,Good,026,A000_I09.png,000,09,Good/026/A000_I09.png,1444099
Bird,Good,026,A000_I10.png,000,10,Good/026/A000_I10.png,1470521
Bird,Good,026,A030_I01.png,030,01,Good/026/A030_I01.png,1192116
Bird,Good,026,A030_I02.png,030,02,Good/026/A030_I02.png,1322518
Bird,Good,026,A030_I03.png,030,03,Good/026/A030_I03.png,1206104
Bird,Good,026,A030_I04.png,030,04,Good/026/A030_I04.png,1286930
Bird,Good,026,A030_I05.png,030,05,Good/026/A030_I05.png,1300075
Bird,Good,026,A030_I06.png,030,06,Good/026/A030_I06.png,1218562
Bird,Good,026,A030_I07.png,030,07,Good/026/A030_I07.png,1017795
Bird,Good,026,A030_I08.png,030,08,Good/026/A030_I08.png,1276385
Bird,Good,026,A030_I09.png,030,09,Good/026/A030_I09.png,1430096
Bird,Good,026,A030_I10.png,030,10,Good/026/A030_I10.png,1455566
Bird,Good,026,A060_I01.png,060,01,Good/026/A060_I01.png,1137847
Bird,Good,026,A060_I02.png,060,02,Good/026/A060_I02.png,1290956
Bird,Good,026,A060_I03.png,060,03,Good/026/A060_I03.png,1196706
Bird,Good,026,A060_I04.png,060,04,Good/026/A060_I04.png,1281028
Bird,Good,026,A060_I05.png,060,05,Good/026/A060_I05.png,1275855
Bird,Good,026,A060_I06.png,060,06,Good/026/A060_I06.png,1200782
Bird,Good,026,A060_I07.png,060,07,Good/026/A060_I07.png,1001396
Bird,Good,026,A060_I08.png,060,08,Good/026/A060_I08.png,1230560
Bird,Good,026,A060_I09.png,060,09,Good/026/A060_I09.png,1404606
Bird,Good,026,A060_I10.png,060,10,Good/026/A060_I10.png,1444061
Bird,Good,026,A090_I01.png,090,01,Good/026/A090_I01.png,1125427
Bird,Good,026,A090_I02.png,090,02,Good/026/A090_I02.png,1281608
Bird,Good,026,A090_I03.png,090,03,Good/026/A090_I03.png,1194217
Bird,Good,026,A090_I04.png,090,04,Good/026/A090_I04.png,1289962
Bird,Good,026,A090_I05.png,090,05,Good/026/A090_I05.png,1289778
Bird,Good,026,A090_I06.png,090,06,Good/026/A090_I06.png,1208031
Bird,Good,026,A090_I07.png,090,07,Good/026/A090_I07.png,1006374
Bird,Good,026,A090_I08.png,090,08,Good/026/A090_I08.png,1219110
Bird,Good,026,A090_I09.png,090,09,Good/026/A090_I09.png,1404196
Bird,Good,026,A090_I10.png,090,10,Good/026/A090_I10.png,1443611
Bird,Good,026,A120_I01.png,120,01,Good/026/A120_I01.png,1149667
Bird,Good,026,A120_I02.png,120,02,Good/026/A120_I02.png,1292469
Bird,Good,026,A120_I03.png,120,03,Good/026/A120_I03.png,1209402
Bird,Good,026,A120_I04.png,120,04,Good/026/A120_I04.png,1312129
Bird,Good,026,A120_I05.png,120,05,Good/026/A120_I05.png,1331213
Bird,Good,026,A120_I06.png,120,06,Good/026/A120_I06.png,1248578
Bird,Good,026,A120_I07.png,120,07,Good/026/A120_I07.png,1049389
Bird,Good,026,A120_I08.png,120,08,Good/026/A120_I08.png,1253367
Bird,Good,026,A120_I09.png,120,09,Good/026/A120_I09.png,1441122
Bird,Good,026,A120_I10.png,120,10,Good/026/A120_I10.png,1469091
Bird,Good,026,A150_I01.png,150,01,Good/026/A150_I01.png,1156004
Bird,Good,026,A150_I02.png,150,02,Good/026/A150_I02.png,1296033
Bird,Good,026,A150_I03.png,150,03,Good/026/A150_I03.png,1233015
Bird,Good,026,A150_I04.png,150,04,Good/026/A150_I04.png,1321911
Bird,Good,026,A150_I05.png,150,05,Good/026/A150_I05.png,1334675
Bird,Good,026,A150_I06.png,150,06,Good/026/A150_I06.png,1249416
Bird,Good,026,A150_I07.png,150,07,Good/026/A150_I07.png,1041257
Bird,Good,026,A150_I08.png,150,08,Good/026/A150_I08.png,1253352
Bird,Good,026,A150_I09.png,150,09,Good/026/A150_I09.png,1449884
Bird,Good,026,A150_I10.png,150,10,Good/026/A150_I10.png,1477538
Bird,Good,026,A180_I01.png,180,01,Good/026/A180_I01.png,1167430
Bird,Good,026,A180_I02.png,180,02,Good/026/A180_I02.png,1317482
Bird,Good,026,A180_I03.png,180,03,Good/026/A180_I03.png,1254650
Bird,Good,026,A180_I04.png,180,04,Good/026/A180_I04.png,1330855
Bird,Good,026,A180_I05.png,180,05,Good/026/A180_I05.png,1331474
Bird,Good,026,A180_I06.png,180,06,Good/026/A180_I06.png,1243672
Bird,Good,026,A180_I07.png,180,07,Good/026/A180_I07.png,1030720
Bird,Good,026,A180_I08.png,180,08,Good/026/A180_I08.png,1254552
Bird,Good,026,A180_I09.png,180,09,Good/026/A180_I09.png,1457124
Bird,Good,026,A180_I10.png,180,10,Good/026/A180_I10.png,1481219
Bird,Good,026,A210_I01.png,210,01,Good/026/A210_I01.png,1158132
Bird,Good,026,A210_I02.png,210,02,Good/026/A210_I02.png,1323830
Bird,Good,026,A210_I03.png,210,03,Good/026/A210_I03.png,1260821
Bird,Good,026,A210_I04.png,210,04,Good/026/A210_I04.png,1341055
Bird,Good,026,A210_I05.png,210,05,Good/026/A210_I05.png,1346574
Bird,Good,026,A210_I06.png,210,06,Good/026/A210_I06.png,1263638
Bird,Good,026,A210_I07.png,210,07,Good/026/A210_I07.png,1057681
Bird,Good,026,A210_I08.png,210,08,Good/026/A210_I08.png,1262063
Bird,Good,026,A210_I09.png,210,09,Good/026/A210_I09.png,1468420
Bird,Good,026,A210_I10.png,210,10,Good/026/A210_I10.png,1491150
Bird,Good,026,A240_I01.png,240,01,Good/026/A240_I01.png,1172539
Bird,Good,026,A240_I02.png,240,02,Good/026/A240_I02.png,1340614
Bird,Good,026,A240_I03.png,240,03,Good/026/A240_I03.png,1269388
Bird,Good,026,A240_I04.png,240,04,Good/026/A240_I04.png,1364987
Bird,Good,026,A240_I05.png,240,05,Good/026/A240_I05.png,1383646
Bird,Good,026,A240_I06.png,240,06,Good/026/A240_I06.png,1294928
Bird,Good,026,A240_I07.png,240,07,Good/026/A240_I07.png,1084686
Bird,Good,026,A240_I08.png,240,08,Good/026/A240_I08.png,1278203
Bird,Good,026,A240_I09.png,240,09,Good/026/A240_I09.png,1490547
Bird,Good,026,A240_I10.png,240,10,Good/026/A240_I10.png,1511278
Bird,Good,026,A270_I01.png,270,01,Good/026/A270_I01.png,1194484
Bird,Good,026,A270_I02.png,270,02,Good/026/A270_I02.png,1356654
Bird,Good,026,A270_I03.png,270,03,Good/026/A270_I03.png,1266181
Bird,Good,026,A270_I04.png,270,04,Good/026/A270_I04.png,1372028
Bird,Good,026,A270_I05.png,270,05,Good/026/A270_I05.png,1391576
Bird,Good,026,A270_I06.png,270,06,Good/026/A270_I06.png,1308470
Bird,Good,026,A270_I07.png,270,07,Good/026/A270_I07.png,1117914
Bird,Good,026,A270_I08.png,270,08,Good/026/A270_I08.png,1309468
Bird,Good,026,A270_I09.png,270,09,Good/026/A270_I09.png,1505241
Bird,Good,026,A270_I10.png,270,10,Good/026/A270_I10.png,1521350
Bird,Good,026,A300_I01.png,300,01,Good/026/A300_I01.png,1224849
Bird,Good,026,A300_I02.png,300,02,Good/026/A300_I02.png,1368919
Bird,Good,026,A300_I03.png,300,03,Good/026/A300_I03.png,1251560
Bird,Good,026,A300_I04.png,300,04,Good/026/A300_I04.png,1350218
Bird,Good,026,A300_I05.png,300,05,Good/026/A300_I05.png,1368091
Bird,Good,026,A300_I06.png,300,06,Good/026/A300_I06.png,1291881
Bird,Good,026,A300_I07.png,300,07,Good/026/A300_I07.png,1115419
Bird,Good,026,A300_I08.png,300,08,Good/026/A300_I08.png,1333083
Bird,Good,026,A300_I09.png,300,09,Good/026/A300_I09.png,1502151
Bird,Good,026,A300_I10.png,300,10,Good/026/A300_I10.png,1513507
Bird,Good,026,A330_I01.png,330,01,Good/026/A330_I01.png,1238877
Bird,Good,026,A330_I02.png,330,02,Good/026/A330_I02.png,1366949
Bird,Good,026,A330_I03.png,330,03,Good/026/A330_I03.png,1241742
Bird,Good,026,A330_I04.png,330,04,Good/026/A330_I04.png,1318150
Bird,Good,026,A330_I05.png,330,05,Good/026/A330_I05.png,1331219
Bird,Good,026,A330_I06.png,330,06,Good/026/A330_I06.png,1269407
Bird,Good,026,A330_I07.png,330,07,Good/026/A330_I07.png,1107735
Bird,Good,026,A330_I08.png,330,08,Good/026/A330_I08.png,1333632
Bird,Good,026,A330_I09.png,330,09,Good/026/A330_I09.png,1489458
Bird,Good,026,A330_I10.png,330,10,Good/026/A330_I10.png,1501365
Bird,Good,027,A000_I01.png,000,01,Good/027/A000_I01.png,1209770
Bird,Good,027,A000_I02.png,000,02,Good/027/A000_I02.png,1339107
Bird,Good,027,A000_I03.png,000,03,Good/027/A000_I03.png,1222155
Bird,Good,027,A000_I04.png,000,04,Good/027/A000_I04.png,1307101
Bird,Good,027,A000_I05.png,000,05,Good/027/A000_I05.png,1324562
Bird,Good,027,A000_I06.png,000,06,Good/027/A000_I06.png,1249511
Bird,Good,027,A000_I07.png,000,07,Good/027/A000_I07.png,1070895
Bird,Good,027,A000_I08.png,000,08,Good/027/A000_I08.png,1304258
Bird,Good,027,A000_I09.png,000,09,Good/027/A000_I09.png,1465605
Bird,Good,027,A000_I10.png,000,10,Good/027/A000_I10.png,1484040
Bird,Good,027,A030_I01.png,030,01,Good/027/A030_I01.png,1190657
Bird,Good,027,A030_I02.png,030,02,Good/027/A030_I02.png,1321739
Bird,Good,027,A030_I03.png,030,03,Good/027/A030_I03.png,1207865
Bird,Good,027,A030_I04.png,030,04,Good/027/A030_I04.png,1285071
Bird,Good,027,A030_I05.png,030,05,Good/027/A030_I05.png,1302398
Bird,Good,027,A030_I06.png,030,06,Good/027/A030_I06.png,1227666
Bird,Good,027,A030_I07.png,030,07,Good/027/A030_I07.png,1043034
Bird,Good,027,A030_I08.png,030,08,Good/027/A030_I08.png,1284735
Bird,Good,027,A030_I09.png,030,09,Good/027/A030_I09.png,1439280
Bird,Good,027,A030_I10.png,030,10,Good/027/A030_I10.png,1462534
Bird,Good,027,A060_I01.png,060,01,Good/027/A060_I01.png,1161710
Bird,Good,027,A060_I02.png,060,02,Good/027/A060_I02.png,1301352
Bird,Good,027,A060_I03.png,060,03,Good/027/A060_I03.png,1197707
Bird,Good,027,A060_I04.png,060,04,Good/027/A060_I04.png,1280254
Bird,Good,027,A060_I05.png,060,05,Good/027/A060_I05.png,1275887
Bird,Good,027,A060_I06.png,060,06,Good/027/A060_I06.png,1209992
Bird,Good,027,A060_I07.png,060,07,Good/027/A060_I07.png,1019208
Bird,Good,027,A060_I08.png,060,08,Good/027/A060_I08.png,1252237
Bird,Good,027,A060_I09.png,060,09,Good/027/A060_I09.png,1416968
Bird,Good,027,A060_I10.png,060,10,Good/027/A060_I10.png,1449002
Bird,Good,027,A090_I01.png,090,01,Good/027/A090_I01.png,1154278
Bird,Good,027,A090_I02.png,090,02,Good/027/A090_I02.png,1296845
Bird,Good,027,A090_I03.png,090,03,Good/027/A090_I03.png,1189797
Bird,Good,027,A090_I04.png,090,04,Good/027/A090_I04.png,1290229
Bird,Good,027,A090_I05.png,090,05,Good/027/A090_I05.png,1290477
Bird,Good,027,A090_I06.png,090,06,Good/027/A090_I06.png,1214767
Bird,Good,027,A090_I07.png,090,07,Good/027/A090_I07.png,1016704
Bird,Good,027,A090_I08.png,090,08,Good/027/A090_I08.png,1244733
Bird,Good,027,A090_I09.png,090,09,Good/027/A090_I09.png,1419605
Bird,Good,027,A090_I10.png,090,10,Good/027/A090_I10.png,1450873
Bird,Good,027,A120_I01.png,120,01,Good/027/A120_I01.png,1151096
Bird,Good,027,A120_I02.png,120,02,Good/027/A120_I02.png,1293333
Bird,Good,027,A120_I03.png,120,03,Good/027/A120_I03.png,1197586
Bird,Good,027,A120_I04.png,120,04,Good/027/A120_I04.png,1303672
Bird,Good,027,A120_I05.png,120,05,Good/027/A120_I05.png,1323746
Bird,Good,027,A120_I06.png,120,06,Good/027/A120_I06.png,1238810
Bird,Good,027,A120_I07.png,120,07,Good/027/A120_I07.png,1027037
Bird,Good,027,A120_I08.png,120,08,Good/027/A120_I08.png,1250075
Bird,Good,027,A120_I09.png,120,09,Good/027/A120_I09.png,1431925
Bird,Good,027,A120_I10.png,120,10,Good/027/A120_I10.png,1461690
Bird,Good,027,A150_I01.png,150,01,Good/027/A150_I01.png,1170128
Bird,Good,027,A150_I02.png,150,02,Good/027/A150_I02.png,1299579
Bird,Good,027,A150_I03.png,150,03,Good/027/A150_I03.png,1216362
Bird,Good,027,A150_I04.png,150,04,Good/027/A150_I04.png,1320569
Bird,Good,027,A150_I05.png,150,05,Good/027/A150_I05.png,1346388
Bird,Good,027,A150_I06.png,150,06,Good/027/A150_I06.png,1260914
Bird,Good,027,A150_I07.png,150,07,Good/027/A150_I07.png,1052184
Bird,Good,027,A150_I08.png,150,08,Good/027/A150_I08.png,1265249
Bird,Good,027,A150_I09.png,150,09,Good/027/A150_I09.png,1454456
Bird,Good,027,A150_I10.png,150,10,Good/027/A150_I10.png,1478112
Bird,Good,027,A180_I01.png,180,01,Good/027/A180_I01.png,1180516
Bird,Good,027,A180_I02.png,180,02,Good/027/A180_I02.png,1319604
Bird,Good,027,A180_I03.png,180,03,Good/027/A180_I03.png,1251553
Bird,Good,027,A180_I04.png,180,04,Good/027/A180_I04.png,1336776
Bird,Good,027,A180_I05.png,180,05,Good/027/A180_I05.png,1346800
Bird,Good,027,A180_I06.png,180,06,Good/027/A180_I06.png,1261173
Bird,Good,027,A180_I07.png,180,07,Good/027/A180_I07.png,1045045
Bird,Good,027,A180_I08.png,180,08,Good/027/A180_I08.png,1267157
Bird,Good,027,A180_I09.png,180,09,Good/027/A180_I09.png,1467097
Bird,Good,027,A180_I10.png,180,10,Good/027/A180_I10.png,1485197
Bird,Good,027,A210_I01.png,210,01,Good/027/A210_I01.png,1174903
Bird,Good,027,A210_I02.png,210,02,Good/027/A210_I02.png,1334651
Bird,Good,027,A210_I03.png,210,03,Good/027/A210_I03.png,1267623
Bird,Good,027,A210_I04.png,210,04,Good/027/A210_I04.png,1354130
Bird,Good,027,A210_I05.png,210,05,Good/027/A210_I05.png,1365587
Bird,Good,027,A210_I06.png,210,06,Good/027/A210_I06.png,1276840
Bird,Good,027,A210_I07.png,210,07,Good/027/A210_I07.png,1055996
Bird,Good,027,A210_I08.png,210,08,Good/027/A210_I08.png,1273538
Bird,Good,027,A210_I09.png,210,09,Good/027/A210_I09.png,1480879
Bird,Good,027,A210_I10.png,210,10,Good/027/A210_I10.png,1498322
Bird,Good,027,A240_I01.png,240,01,Good/027/A240_I01.png,1183858
Bird,Good,027,A240_I02.png,240,02,Good/027/A240_I02.png,1351602
Bird,Good,027,A240_I03.png,240,03,Good/027/A240_I03.png,1279837
Bird,Good,027,A240_I04.png,240,04,Good/027/A240_I04.png,1365792
Bird,Good,027,A240_I05.png,240,05,Good/027/A240_I05.png,1381876
Bird,Good,027,A240_I06.png,240,06,Good/027/A240_I06.png,1288553
Bird,Good,027,A240_I07.png,240,07,Good/027/A240_I07.png,1085603
Bird,Good,027,A240_I08.png,240,08,Good/027/A240_I08.png,1286680
Bird,Good,027,A240_I09.png,240,09,Good/027/A240_I09.png,1493227
Bird,Good,027,A240_I10.png,240,10,Good/027/A240_I10.png,1512275
Bird,Good,027,A270_I01.png,270,01,Good/027/A270_I01.png,1195713
Bird,Good,027,A270_I02.png,270,02,Good/027/A270_I02.png,1365589
Bird,Good,027,A270_I03.png,270,03,Good/027/A270_I03.png,1282742
Bird,Good,027,A270_I04.png,270,04,Good/027/A270_I04.png,1363789
Bird,Good,027,A270_I05.png,270,05,Good/027/A270_I05.png,1367609
Bird,Good,027,A270_I06.png,270,06,Good/027/A270_I06.png,1278421
Bird,Good,027,A270_I07.png,270,07,Good/027/A270_I07.png,1085756
Bird,Good,027,A270_I08.png,270,08,Good/027/A270_I08.png,1300723
Bird,Good,027,A270_I09.png,270,09,Good/027/A270_I09.png,1494103
Bird,Good,027,A270_I10.png,270,10,Good/027/A270_I10.png,1513762
Bird,Good,027,A300_I01.png,300,01,Good/027/A300_I01.png,1212299
Bird,Good,027,A300_I02.png,300,02,Good/027/A300_I02.png,1362752
Bird,Good,027,A300_I03.png,300,03,Good/027/A300_I03.png,1265709
Bird,Good,027,A300_I04.png,300,04,Good/027/A300_I04.png,1357602
Bird,Good,027,A300_I05.png,300,05,Good/027/A300_I05.png,1365117
Bird,Good,027,A300_I06.png,300,06,Good/027/A300_I06.png,1275999
Bird,Good,027,A300_I07.png,300,07,Good/027/A300_I07.png,1080749
Bird,Good,027,A300_I08.png,300,08,Good/027/A300_I08.png,1309715
Bird,Good,027,A300_I09.png,300,09,Good/027/A300_I09.png,1497220
Bird,Good,027,A300_I10.png,300,10,Good/027/A300_I10.png,1515522
Bird,Good,027,A330_I01.png,330,01,Good/027/A330_I01.png,1225758
Bird,Good,027,A330_I02.png,330,02,Good/027/A330_I02.png,1359095
Bird,Good,027,A330_I03.png,330,03,Good/027/A330_I03.png,1249353
Bird,Good,027,A330_I04.png,330,04,Good/027/A330_I04.png,1329085
Bird,Good,027,A330_I05.png,330,05,Good/027/A330_I05.png,1336171
Bird,Good,027,A330_I06.png,330,06,Good/027/A330_I06.png,1265359
Bird,Good,027,A330_I07.png,330,07,Good/027/A330_I07.png,1087293
Bird,Good,027,A330_I08.png,330,08,Good/027/A330_I08.png,1320032
Bird,Good,027,A330_I09.png,330,09,Good/027/A330_I09.png,1490579
Bird,Good,027,A330_I10.png,330,10,Good/027/A330_I10.png,1506804
Bird,Good,028,A000_I01.png,000,01,Good/028/A000_I01.png,1206412
Bird,Good,028,A000_I02.png,000,02,Good/028/A000_I02.png,1335274
Bird,Good,028,A000_I03.png,000,03,Good/028/A000_I03.png,1209061
Bird,Good,028,A000_I04.png,000,04,Good/028/A000_I04.png,1292868
Bird,Good,028,A000_I05.png,000,05,Good/028/A000_I05.png,1301934
Bird,Good,028,A000_I06.png,000,06,Good/028/A000_I06.png,1232533
Bird,Good,028,A000_I07.png,000,07,Good/028/A000_I07.png,1075421
Bird,Good,028,A000_I08.png,000,08,Good/028/A000_I08.png,1303502
Bird,Good,028,A000_I09.png,000,09,Good/028/A000_I09.png,1455676
Bird,Good,028,A000_I10.png,000,10,Good/028/A000_I10.png,1475088
Bird,Good,028,A030_I01.png,030,01,Good/028/A030_I01.png,1193084
Bird,Good,028,A030_I02.png,030,02,Good/028/A030_I02.png,1319644
Bird,Good,028,A030_I03.png,030,03,Good/028/A030_I03.png,1197240
Bird,Good,028,A030_I04.png,030,04,Good/028/A030_I04.png,1282949
Bird,Good,028,A030_I05.png,030,05,Good/028/A030_I05.png,1300661
Bird,Good,028,A030_I06.png,030,06,Good/028/A030_I06.png,1218318
Bird,Good,028,A030_I07.png,030,07,Good/028/A030_I07.png,1018616
Bird,Good,028,A030_I08.png,030,08,Good/028/A030_I08.png,1279251
Bird,Good,028,A030_I09.png,030,09,Good/028/A030_I09.png,1431956
Bird,Good,028,A030_I10.png,030,10,Good/028/A030_I10.png,1457313
Bird,Good,028,A060_I01.png,060,01,Good/028/A060_I01.png,1130705
Bird,Good,028,A060_I02.png,060,02,Good/028/A060_I02.png,1285064
Bird,Good,028,A060_I03.png,060,03,Good/028/A060_I03.png,1186209
Bird,Good,028,A060_I04.png,060,04,Good/028/A060_I04.png,1282335
Bird,Good,028,A060_I05.png,060,05,Good/028/A060_I05.png,1279159
Bird,Good,028,A060_I06.png,060,06,Good/028/A060_I06.png,1208410
Bird,Good,028,A060_I07.png,060,07,Good/028/A060_I07.png,1014857
Bird,Good,028,A060_I08.png,060,08,Good/028/A060_I08.png,1232105
Bird,Good,028,A060_I09.png,060,09,Good/028/A060_I09.png,1406426
Bird,Good,028,A060_I10.png,060,10,Good/028/A060_I10.png,1446414
Bird,Good,028,A090_I01.png,090,01,Good/028/A090_I01.png,1117546
Bird,Good,028,A090_I02.png,090,02,Good/028/A090_I02.png,1279112
Bird,Good,028,A090_I03.png,090,03,Good/028/A090_I03.png,1187111
Bird,Good,028,A090_I04.png,090,04,Good/028/A090_I04.png,1292823
Bird,Good,028,A090_I05.png,090,05,Good/028/A090_I05.png,1296057
Bird,Good,028,A090_I06.png,090,06,Good/028/A090_I06.png,1211521
Bird,Good,028,A090_I07.png,090,07,Good/028/A090_I07.png,1013912
Bird,Good,028,A090_I08.png,090,08,Good/028/A090_I08.png,1216802
Bird,Good,028,A090_I09.png,090,09,Good/028/A090_I09.png,1403753
Bird,Good,028,A090_I10.png,090,10,Good/028/A090_I10.png,1443441
Bird,Good,028,A120_I01.png,120,01,Good/028/A120_I01.png,1151559
Bird,Good,028,A120_I02.png,120,02,Good/028/A120_I02.png,1296730
Bird,Good,028,A120_I03.png,120,03,Good/028/A120_I03.png,1198643
Bird,Good,028,A120_I04.png,120,04,Good/028/A120_I04.png,1310339
Bird,Good,028,A120_I05.png,120,05,Good/028/A120_I05.png,1334481
Bird,Good,028,A120_I06.png,120,06,Good/028/A120_I06.png,1247884
Bird,Good,028,A120_I07.png,120,07,Good/028/A120_I07.png,1037750
Bird,Good,028,A120_I08.png,120,08,Good/028/A120_I08.png,1254292
Bird,Good,028,A120_I09.png,120,09,Good/028/A120_I09.png,1439425
Bird,Good,028,A120_I10.png,120,10,Good/028/A120_I10.png,1468046
Bird,Good,028,A150_I01.png,150,01,Good/028/A150_I01.png,1159302
Bird,Good,028,A150_I02.png,150,02,Good/028/A150_I02.png,1300450
Bird,Good,028,A150_I03.png,150,03,Good/028/A150_I03.png,1233962
Bird,Good,028,A150_I04.png,150,04,Good/028/A150_I04.png,1322874
Bird,Good,028,A150_I05.png,150,05,Good/028/A150_I05.png,1337093
Bird,Good,028,A150_I06.png,150,06,Good/028/A150_I06.png,1255664
Bird,Good,028,A150_I07.png,150,07,Good/028/A150_I07.png,1049219
Bird,Good,028,A150_I08.png,150,08,Good/028/A150_I08.png,1262775
Bird,Good,028,A150_I09.png,150,09,Good/028/A150_I09.png,1458625
Bird,Good,028,A150_I10.png,150,10,Good/028/A150_I10.png,1483355
Bird,Good,028,A180_I01.png,180,01,Good/028/A180_I01.png,1165330
Bird,Good,028,A180_I02.png,180,02,Good/028/A180_I02.png,1320799
Bird,Good,028,A180_I03.png,180,03,Good/028/A180_I03.png,1262592
Bird,Good,028,A180_I04.png,180,04,Good/028/A180_I04.png,1337247
Bird,Good,028,A180_I05.png,180,05,Good/028/A180_I05.png,1335841
Bird,Good,028,A180_I06.png,180,06,Good/028/A180_I06.png,1245554
Bird,Good,028,A180_I07.png,180,07,Good/028/A180_I07.png,1026902
Bird,Good,028,A180_I08.png,180,08,Good/028/A180_I08.png,1259720
Bird,Good,028,A180_I09.png,180,09,Good/028/A180_I09.png,1463736
Bird,Good,028,A180_I10.png,180,10,Good/028/A180_I10.png,1487104
Bird,Good,028,A210_I01.png,210,01,Good/028/A210_I01.png,1159900
Bird,Good,028,A210_I02.png,210,02,Good/028/A210_I02.png,1329420
Bird,Good,028,A210_I03.png,210,03,Good/028/A210_I03.png,1266871
Bird,Good,028,A210_I04.png,210,04,Good/028/A210_I04.png,1353010
Bird,Good,028,A210_I05.png,210,05,Good/028/A210_I05.png,1354620
Bird,Good,028,A210_I06.png,210,06,Good/028/A210_I06.png,1271429
Bird,Good,028,A210_I07.png,210,07,Good/028/A210_I07.png,1063337
Bird,Good,028,A210_I08.png,210,08,Good/028/A210_I08.png,1271094
Bird,Good,028,A210_I09.png,210,09,Good/028/A210_I09.png,1481794
Bird,Good,028,A210_I10.png,210,10,Good/028/A210_I10.png,1503810
Bird,Good,028,A240_I01.png,240,01,Good/028/A240_I01.png,1175281
Bird,Good,028,A240_I02.png,240,02,Good/028/A240_I02.png,1347940
Bird,Good,028,A240_I03.png,240,03,Good/028/A240_I03.png,1274720
Bird,Good,028,A240_I04.png,240,04,Good/028/A240_I04.png,1371381
Bird,Good,028,A240_I05.png,240,05,Good/028/A240_I05.png,1384045
Bird,Good,028,A240_I06.png,240,06,Good/028/A240_I06.png,1294273
Bird,Good,028,A240_I07.png,240,07,Good/028/A240_I07.png,1090808
Bird,Good,028,A240_I08.png,240,08,Good/028/A240_I08.png,1284986
Bird,Good,028,A240_I09.png,240,09,Good/028/A240_I09.png,1499770
Bird,Good,028,A240_I10.png,240,10,Good/028/A240_I10.png,1521549
Bird,Good,028,A270_I01.png,270,01,Good/028/A270_I01.png,1195737
Bird,Good,028,A270_I02.png,270,02,Good/028/A270_I02.png,1364490
Bird,Good,028,A270_I03.png,270,03,Good/028/A270_I03.png,1273167
Bird,Good,028,A270_I04.png,270,04,Good/028/A270_I04.png,1372454
Bird,Good,028,A270_I05.png,270,05,Good/028/A270_I05.png,1384260
Bird,Good,028,A270_I06.png,270,06,Good/028/A270_I06.png,1303129
Bird,Good,028,A270_I07.png,270,07,Good/028/A270_I07.png,1117978
Bird,Good,028,A270_I08.png,270,08,Good/028/A270_I08.png,1314129
Bird,Good,028,A270_I09.png,270,09,Good/028/A270_I09.png,1512015
Bird,Good,028,A270_I10.png,270,10,Good/028/A270_I10.png,1530131
Bird,Good,028,A300_I01.png,300,01,Good/028/A300_I01.png,1216347
Bird,Good,028,A300_I02.png,300,02,Good/028/A300_I02.png,1365387
Bird,Good,028,A300_I03.png,300,03,Good/028/A300_I03.png,1249904
Bird,Good,028,A300_I04.png,300,04,Good/028/A300_I04.png,1356555
Bird,Good,028,A300_I05.png,300,05,Good/028/A300_I05.png,1373154
Bird,Good,028,A300_I06.png,300,06,Good/028/A300_I06.png,1293401
Bird,Good,028,A300_I07.png,300,07,Good/028/A300_I07.png,1113096
Bird,Good,028,A300_I08.png,300,08,Good/028/A300_I08.png,1326098
Bird,Good,028,A300_I09.png,300,09,Good/028/A300_I09.png,1506471
Bird,Good,028,A300_I10.png,300,10,Good/028/A300_I10.png,1522405
Bird,Good,028,A330_I01.png,330,01,Good/028/A330_I01.png,1219308
Bird,Good,028,A330_I02.png,330,02,Good/028/A330_I02.png,1352846
Bird,Good,028,A330_I03.png,330,03,Good/028/A330_I03.png,1230747
Bird,Good,028,A330_I04.png,330,04,Good/028/A330_I04.png,1321059
Bird,Good,028,A330_I05.png,330,05,Good/028/A330_I05.png,1335044
Bird,Good,028,A330_I06.png,330,06,Good/028/A330_I06.png,1269616
Bird,Good,028,A330_I07.png,330,07,Good/028/A330_I07.png,1107936
Bird,Good,028,A330_I08.png,330,08,Good/028/A330_I08.png,1320664
Bird,Good,028,A330_I09.png,330,09,Good/028/A330_I09.png,1487900
Bird,Good,028,A330_I10.png,330,10,Good/028/A330_I10.png,1502451
Bird,Good,029,A000_I01.png,000,01,Good/029/A000_I01.png,1193686
Bird,Good,029,A000_I02.png,000,02,Good/029/A000_I02.png,1327091
Bird,Good,029,A000_I03.png,000,03,Good/029/A000_I03.png,1211359
Bird,Good,029,A000_I04.png,000,04,Good/029/A000_I04.png,1297227
Bird,Good,029,A000_I05.png,000,05,Good/029/A000_I05.png,1304059
Bird,Good,029,A000_I06.png,000,06,Good/029/A000_I06.png,1237825
Bird,Good,029,A000_I07.png,000,07,Good/029/A000_I07.png,1089948
Bird,Good,029,A000_I08.png,000,08,Good/029/A000_I08.png,1295235
Bird,Good,029,A000_I09.png,000,09,Good/029/A000_I09.png,1453679
Bird,Good,029,A000_I10.png,000,10,Good/029/A000_I10.png,1475628
Bird,Good,029,A030_I01.png,030,01,Good/029/A030_I01.png,1142297
Bird,Good,029,A030_I02.png,030,02,Good/029/A030_I02.png,1292741
Bird,Good,029,A030_I03.png,030,03,Good/029/A030_I03.png,1196218
Bird,Good,029,A030_I04.png,030,04,Good/029/A030_I04.png,1283730
Bird,Good,029,A030_I05.png,030,05,Good/029/A030_I05.png,1293607
Bird,Good,029,A030_I06.png,030,06,Good/029/A030_I06.png,1223185
Bird,Good,029,A030_I07.png,030,07,Good/029/A030_I07.png,1049469
Bird,Good,029,A030_I08.png,030,08,Good/029/A030_I08.png,1253993
Bird,Good,029,A030_I09.png,030,09,Good/029/A030_I09.png,1425516
Bird,Good,029,A030_I10.png,030,10,Good/029/A030_I10.png,1460418
Bird,Good,029,A060_I01.png,060,01,Good/029/A060_I01.png,1159277
Bird,Good,029,A060_I02.png,060,02,Good/029/A060_I02.png,1300623
Bird,Good,029,A060_I03.png,060,03,Good/029/A060_I03.png,1193613
Bird,Good,029,A060_I04.png,060,04,Good/029/A060_I04.png,1288152
Bird,Good,029,A060_I05.png,060,05,Good/029/A060_I05.png,1289610
Bird,Good,029,A060_I06.png,060,06,Good/029/A060_I06.png,1220160
Bird,Good,029,A060_I07.png,060,07,Good/029/A060_I07.png,1027986
Bird,Good,029,A060_I08.png,060,08,Good/029/A060_I08.png,1251757
Bird,Good,029,A060_I09.png,060,09,Good/029/A060_I09.png,1423672
Bird,Good,029,A060_I10.png,060,10,Good/029/A060_I10.png,1453227
Bird,Good,029,A090_I01.png,090,01,Good/029/A090_I01.png,1153394
Bird,Good,029,A090_I02.png,090,02,Good/029/A090_I02.png,1297162
Bird,Good,029,A090_I03.png,090,03,Good/029/A090_I03.png,1193868
Bird,Good,029,A090_I04.png,090,04,Good/029/A090_I04.png,1301322
Bird,Good,029,A090_I05.png,090,05,Good/029/A090_I05.png,1311964
Bird,Good,029,A090_I06.png,090,06,Good/029/A090_I06.png,1231900
Bird,Good,029,A090_I07.png,090,07,Good/029/A090_I07.png,1022962
Bird,Good,029,A090_I08.png,090,08,Good/029/A090_I08.png,1246481
Bird,Good,029,A090_I09.png,090,09,Good/029/A090_I09.png,1430663
Bird,Good,029,A090_I10.png,090,10,Good/029/A090_I10.png,1459398
Bird,Good,029,A120_I01.png,120,01,Good/029/A120_I01.png,1150746
Bird,Good,029,A120_I02.png,120,02,Good/029/A120_I02.png,1297301
Bird,Good,029,A120_I03.png,120,03,Good/029/A120_I03.png,1206901
Bird,Good,029,A120_I04.png,120,04,Good/029/A120_I04.png,1310980
Bird,Good,029,A120_I05.png,120,05,Good/029/A120_I05.png,1324165
Bird,Good,029,A120_I06.png,120,06,Good/029/A120_I06.png,1240757
Bird,Good,029,A120_I07.png,120,07,Good/029/A120_I07.png,1033207
Bird,Good,029,A120_I08.png,120,08,Good/029/A120_I08.png,1254182
Bird,Good,029,A120_I09.png,120,09,Good/029/A120_I09.png,1445945
Bird,Good,029,A120_I10.png,120,10,Good/029/A120_I10.png,1473672
Bird,Good,029,A150_I01.png,150,01,Good/029/A150_I01.png,1167229
Bird,Good,029,A150_I02.png,150,02,Good/029/A150_I02.png,1313174
Bird,Good,029,A150_I03.png,150,03,Good/029/A150_I03.png,1234425
Bird,Good,029,A150_I04.png,150,04,Good/029/A150_I04.png,1320251
Bird,Good,029,A150_I05.png,150,05,Good/029/A150_I05.png,1321939
Bird,Good,029,A150_I06.png,150,06,Good/029/A150_I06.png,1233436
Bird,Good,029,A150_I07.png,150,07,Good/029/A150_I07.png,1018284
Bird,Good,029,A150_I08.png,150,08,Good/029/A150_I08.png,1259501
Bird,Good,029,A150_I09.png,150,09,Good/029/A150_I09.png,1457894
Bird,Good,029,A150_I10.png,150,10,Good/029/A150_I10.png,1484267
Bird,Good,029,A180_I01.png,180,01,Good/029/A180_I01.png,1169588
Bird,Good,029,A180_I02.png,180,02,Good/029/A180_I02.png,1325878
Bird,Good,029,A180_I03.png,180,03,Good/029/A180_I03.png,1255056
Bird,Good,029,A180_I04.png,180,04,Good/029/A180_I04.png,1320739
Bird,Good,029,A180_I05.png,180,05,Good/029/A180_I05.png,1307691
Bird,Good,029,A180_I06.png,180,06,Good/029/A180_I06.png,1220986
Bird,Good,029,A180_I07.png,180,07,Good/029/A180_I07.png,1015033
Bird,Good,029,A180_I08.png,180,08,Good/029/A180_I08.png,1258861
Bird,Good,029,A180_I09.png,180,09,Good/029/A180_I09.png,1455529
Bird,Good,029,A180_I10.png,180,10,Good/029/A180_I10.png,1480657
Bird,Good,029,A210_I01.png,210,01,Good/029/A210_I01.png,1161000
Bird,Good,029,A210_I02.png,210,02,Good/029/A210_I02.png,1330520
Bird,Good,029,A210_I03.png,210,03,Good/029/A210_I03.png,1263115
Bird,Good,029,A210_I04.png,210,04,Good/029/A210_I04.png,1344995
Bird,Good,029,A210_I05.png,210,05,Good/029/A210_I05.png,1348687
Bird,Good,029,A210_I06.png,210,06,Good/029/A210_I06.png,1263131
Bird,Good,029,A210_I07.png,210,07,Good/029/A210_I07.png,1059812
Bird,Good,029,A210_I08.png,210,08,Good/029/A210_I08.png,1268691
Bird,Good,029,A210_I09.png,210,09,Good/029/A210_I09.png,1477938
Bird,Good,029,A210_I10.png,210,10,Good/029/A210_I10.png,1500503
Bird,Good,029,A240_I01.png,240,01,Good/029/A240_I01.png,1169721
Bird,Good,029,A240_I02.png,240,02,Good/029/A240_I02.png,1339697
Bird,Good,029,A240_I03.png,240,03,Good/029/A240_I03.png,1270059
Bird,Good,029,A240_I04.png,240,04,Good/029/A240_I04.png,1381260
Bird,Good,029,A240_I05.png,240,05,Good/029/A240_I05.png,1401587
Bird,Good,029,A240_I06.png,240,06,Good/029/A240_I06.png,1315168
Bird,Good,029,A240_I07.png,240,07,Good/029/A240_I07.png,1111493
Bird,Good,029,A240_I08.png,240,08,Good/029/A240_I08.png,1285370
Bird,Good,029,A240_I09.png,240,09,Good/029/A240_I09.png,1507185
Bird,Good,029,A240_I10.png,240,10,Good/029/A240_I10.png,1526290
Bird,Good,029,A270_I01.png,270,01,Good/029/A270_I01.png,1186008
Bird,Good,029,A270_I02.png,270,02,Good/029/A270_I02.png,1354466
Bird,Good,029,A270_I03.png,270,03,Good/029/A270_I03.png,1269719
Bird,Good,029,A270_I04.png,270,04,Good/029/A270_I04.png,1375080
Bird,Good,029,A270_I05.png,270,05,Good/029/A270_I05.png,1390994
Bird,Good,029,A270_I06.png,270,06,Good/029/A270_I06.png,1317276
Bird,Good,029,A270_I07.png,270,07,Good/029/A270_I07.png,1146504
Bird,Good,029,A270_I08.png,270,08,Good/029/A270_I08.png,1315455
Bird,Good,029,A270_I09.png,270,09,Good/029/A270_I09.png,1511622
Bird,Good,029,A270_I10.png,270,10,Good/029/A270_I10.png,1529686
Bird,Good,029,A300_I01.png,300,01,Good/029/A300_I01.png,1227873
Bird,Good,029,A300_I02.png,300,02,Good/029/A300_I02.png,1374502
Bird,Good,029,A300_I03.png,300,03,Good/029/A300_I03.png,1249370
Bird,Good,029,A300_I04.png,300,04,Good/029/A300_I04.png,1343466
Bird,Good,029,A300_I05.png,300,05,Good/029/A300_I05.png,1355938
Bird,Good,029,A300_I06.png,300,06,Good/029/A300_I06.png,1291502
Bird,Good,029,A300_I07.png,300,07,Good/029/A300_I07.png,1144039
Bird,Good,029,A300_I08.png,300,08,Good/029/A300_I08.png,1342274
Bird,Good,029,A300_I09.png,300,09,Good/029/A300_I09.png,1507717
Bird,Good,029,A300_I10.png,300,10,Good/029/A300_I10.png,1522331
Bird,Good,029,A330_I01.png,330,01,Good/029/A330_I01.png,1218289
Bird,Good,029,A330_I02.png,330,02,Good/029/A330_I02.png,1355705
Bird,Good,029,A330_I03.png,330,03,Good/029/A330_I03.png,1236173
Bird,Good,029,A330_I04.png,330,04,Good/029/A330_I04.png,1317299
Bird,Good,029,A330_I05.png,330,05,Good/029/A330_I05.png,1324712
Bird,Good,029,A330_I06.png,330,06,Good/029/A330_I06.png,1269426
Bird,Good,029,A330_I07.png,330,07,Good/029/A330_I07.png,1129711
Bird,Good,029,A330_I08.png,330,08,Good/029/A330_I08.png,1327911
Bird,Good,029,A330_I09.png,330,09,Good/029/A330_I09.png,1488033
Bird,Good,029,A330_I10.png,330,10,Good/029/A330_I10.png,1502182
Bird,Good,030,A000_I01.png,000,01,Good/030/A000_I01.png,1177461
Bird,Good,030,A000_I02.png,000,02,Good/030/A000_I02.png,1321231
Bird,Good,030,A000_I03.png,000,03,Good/030/A000_I03.png,1218336
Bird,Good,030,A000_I04.png,000,04,Good/030/A000_I04.png,1301038
Bird,Good,030,A000_I05.png,000,05,Good/030/A000_I05.png,1311871
Bird,Good,030,A000_I06.png,000,06,Good/030/A000_I06.png,1241098
Bird,Good,030,A000_I07.png,000,07,Good/030/A000_I07.png,1077449
Bird,Good,030,A000_I08.png,000,08,Good/030/A000_I08.png,1285368
Bird,Good,030,A000_I09.png,000,09,Good/030/A000_I09.png,1449930
Bird,Good,030,A000_I10.png,000,10,Good/030/A000_I10.png,1474893
Bird,Good,030,A030_I01.png,030,01,Good/030/A030_I01.png,1155354
Bird,Good,030,A030_I02.png,030,02,Good/030/A030_I02.png,1303489
Bird,Good,030,A030_I03.png,030,03,Good/030/A030_I03.png,1208527
Bird,Good,030,A030_I04.png,030,04,Good/030/A030_I04.png,1285274
Bird,Good,030,A030_I05.png,030,05,Good/030/A030_I05.png,1292294
Bird,Good,030,A030_I06.png,030,06,Good/030/A030_I06.png,1214960
Bird,Good,030,A030_I07.png,030,07,Good/030/A030_I07.png,1027510
Bird,Good,030,A030_I08.png,030,08,Good/030/A030_I08.png,1254072
Bird,Good,030,A030_I09.png,030,09,Good/030/A030_I09.png,1422065
Bird,Good,030,A030_I10.png,030,10,Good/030/A030_I10.png,1457132
Bird,Good,030,A060_I01.png,060,01,Good/030/A060_I01.png,1172207
Bird,Good,030,A060_I02.png,060,02,Good/030/A060_I02.png,1311913
Bird,Good,030,A060_I03.png,060,03,Good/030/A060_I03.png,1203364
Bird,Good,030,A060_I04.png,060,04,Good/030/A060_I04.png,1288990
Bird,Good,030,A060_I05.png,060,05,Good/030/A060_I05.png,1288285
Bird,Good,030,A060_I06.png,060,06,Good/030/A060_I06.png,1210223
Bird,Good,030,A060_I07.png,060,07,Good/030/A060_I07.png,1004242
Bird,Good,030,A060_I08.png,060,08,Good/030/A060_I08.png,1254627
Bird,Good,030,A060_I09.png,060,09,Good/030/A060_I09.png,1421089
Bird,Good,030,A060_I10.png,060,10,Good/030/A060_I10.png,1450831
Bird,Good,030,A090_I01.png,090,01,Good/030/A090_I01.png,1127690
Bird,Good,030,A090_I02.png,090,02,Good/030/A090_I02.png,1285116
Bird,Good,030,A090_I03.png,090,03,Good/030/A090_I03.png,1199668
Bird,Good,030,A090_I04.png,090,04,Good/030/A090_I04.png,1297740
Bird,Good,030,A090_I05.png,090,05,Good/030/A090_I05.png,1297345
Bird,Good,030,A090_I06.png,090,06,Good/030/A090_I06.png,1210144
Bird,Good,030,A090_I07.png,090,07,Good/030/A090_I07.png,1003325
Bird,Good,030,A090_I08.png,090,08,Good/030/A090_I08.png,1219641
Bird,Good,030,A090_I09.png,090,09,Good/030/A090_I09.png,1407780
Bird,Good,030,A090_I10.png,090,10,Good/030/A090_I10.png,1446062
Bird,Good,030,A120_I01.png,120,01,Good/030/A120_I01.png,1150517
Bird,Good,030,A120_I02.png,120,02,Good/030/A120_I02.png,1296426
Bird,Good,030,A120_I03.png,120,03,Good/030/A120_I03.png,1209596
Bird,Good,030,A120_I04.png,120,04,Good/030/A120_I04.png,1309483
Bird,Good,030,A120_I05.png,120,05,Good/030/A120_I05.png,1324568
Bird,Good,030,A120_I06.png,120,06,Good/030/A120_I06.png,1236979
Bird,Good,030,A120_I07.png,120,07,Good/030/A120_I07.png,1032584
Bird,Good,030,A120_I08.png,120,08,Good/030/A120_I08.png,1248375
Bird,Good,030,A120_I09.png,120,09,Good/030/A120_I09.png,1434925
Bird,Good,030,A120_I10.png,120,10,Good/030/A120_I10.png,1464535
Bird,Good,030,A150_I01.png,150,01,Good/030/A150_I01.png,1159364
Bird,Good,030,A150_I02.png,150,02,Good/030/A150_I02.png,1300638
Bird,Good,030,A150_I03.png,150,03,Good/030/A150_I03.png,1234437
Bird,Good,030,A150_I04.png,150,04,Good/030/A150_I04.png,1323472
Bird,Good,030,A150_I05.png,150,05,Good/030/A150_I05.png,1337491
Bird,Good,030,A150_I06.png,150,06,Good/030/A150_I06.png,1252333
Bird,Good,030,A150_I07.png,150,07,Good/030/A150_I07.png,1048552
Bird,Good,030,A150_I08.png,150,08,Good/030/A150_I08.png,1261795
Bird,Good,030,A150_I09.png,150,09,Good/030/A150_I09.png,1453363
Bird,Good,030,A150_I10.png,150,10,Good/030/A150_I10.png,1479282
Bird,Good,030,A180_I01.png,180,01,Good/030/A180_I01.png,1172794
Bird,Good,030,A180_I02.png,180,02,Good/030/A180_I02.png,1317261
Bird,Good,030,A180_I03.png,180,03,Good/030/A180_I03.png,1253405
Bird,Good,030,A180_I04.png,180,04,Good/030/A180_I04.png,1337254
Bird,Good,030,A180_I05.png,180,05,Good/030/A180_I05.png,1346454
Bird,Good,030,A180_I06.png,180,06,Good/030/A180_I06.png,1261096
Bird,Good,030,A180_I07.png,180,07,Good/030/A180_I07.png,1045915
Bird,Good,030,A180_I08.png,180,08,Good/030/A180_I08.png,1261342
Bird,Good,030,A180_I09.png,180,09,Good/030/A180_I09.png,1465859
Bird,Good,030,A180_I10.png,180,10,Good/030/A180_I10.png,1487327
Bird,Good,030,A210_I01.png,210,01,Good/030/A210_I01.png,1160654
Bird,Good,030,A210_I02.png,210,02,Good/030/A210_I02.png,1326526
Bird,Good,030,A210_I03.png,210,03,Good/030/A210_I03.png,1258986
Bird,Good,030,A210_I04.png,210,04,Good/030/A210_I04.png,1366340
Bird,Good,030,A210_I05.png,210,05,Good/030/A210_I05.png,1382226
Bird,Good,030,A210_I06.png,210,06,Good/030/A210_I06.png,1300776
Bird,Good,030,A210_I07.png,210,07,Good/030/A210_I07.png,1078477
Bird,Good,030,A210_I08.png,210,08,Good/030/A210_I08.png,1270891
Bird,Good,030,A210_I09.png,210,09,Good/030/A210_I09.png,1492561
Bird,Good,030,A210_I10.png,210,10,Good/030/A210_I10.png,1513335
Bird,Good,030,A240_I01.png,240,01,Good/030/A240_I01.png,1184628
Bird,Good,030,A240_I02.png,240,02,Good/030/A240_I02.png,1349689
Bird,Good,030,A240_I03.png,240,03,Good/030/A240_I03.png,1266860
Bird,Good,030,A240_I04.png,240,04,Good/030/A240_I04.png,1364861
Bird,Good,030,A240_I05.png,240,05,Good/030/A240_I05.png,1386999
Bird,Good,030,A240_I06.png,240,06,Good/030/A240_I06.png,1298638
Bird,Good,030,A240_I07.png,240,07,Good/030/A240_I07.png,1100529
Bird,Good,030,A240_I08.png,240,08,Good/030/A240_I08.png,1292639
Bird,Good,030,A240_I09.png,240,09,Good/030/A240_I09.png,1497564
Bird,Good,030,A240_I10.png,240,10,Good/030/A240_I10.png,1517470
Bird,Good,030,A270_I01.png,270,01,Good/030/A270_I01.png,1205917
Bird,Good,030,A270_I02.png,270,02,Good/030/A270_I02.png,1366266
Bird,Good,030,A270_I03.png,270,03,Good/030/A270_I03.png,1264115
Bird,Good,030,A270_I04.png,270,04,Good/030/A270_I04.png,1370730
Bird,Good,030,A270_I05.png,270,05,Good/030/A270_I05.png,1390263
Bird,Good,030,A270_I06.png,270,06,Good/030/A270_I06.png,1307345
Bird,Good,030,A270_I07.png,270,07,Good/030/A270_I07.png,1118703
Bird,Good,030,A270_I08.png,270,08,Good/030/A270_I08.png,1316619
Bird,Good,030,A270_I09.png,270,09,Good/030/A270_I09.png,1506826
Bird,Good,030,A270_I10.png,270,10,Good/030/A270_I10.png,1522184
Bird,Good,030,A300_I01.png,300,01,Good/030/A300_I01.png,1222323
Bird,Good,030,A300_I02.png,300,02,Good/030/A300_I02.png,1364633
Bird,Good,030,A300_I03.png,300,03,Good/030/A300_I03.png,1253801
Bird,Good,030,A300_I04.png,300,04,Good/030/A300_I04.png,1353427
Bird,Good,030,A300_I05.png,300,05,Good/030/A300_I05.png,1369951
Bird,Good,030,A300_I06.png,300,06,Good/030/A300_I06.png,1293329
Bird,Good,030,A300_I07.png,300,07,Good/030/A300_I07.png,1108393
Bird,Good,030,A300_I08.png,300,08,Good/030/A300_I08.png,1324066
Bird,Good,030,A300_I09.png,300,09,Good/030/A300_I09.png,1499887
Bird,Good,030,A300_I10.png,300,10,Good/030/A300_I10.png,1511095
Bird,Good,030,A330_I01.png,330,01,Good/030/A330_I01.png,1226659
Bird,Good,030,A330_I02.png,330,02,Good/030/A330_I02.png,1357435
Bird,Good,030,A330_I03.png,330,03,Good/030/A330_I03.png,1239909
Bird,Good,030,A330_I04.png,330,04,Good/030/A330_I04.png,1320850
Bird,Good,030,A330_I05.png,330,05,Good/030/A330_I05.png,1335454
Bird,Good,030,A330_I06.png,330,06,Good/030/A330_I06.png,1271659
Bird,Good,030,A330_I07.png,330,07,Good/030/A330_I07.png,1108803
Bird,Good,030,A330_I08.png,330,08,Good/030/A330_I08.png,1325930
Bird,Good,030,A330_I09.png,330,09,Good/030/A330_I09.png,1486212
Bird,Good,030,A330_I10.png,330,10,Good/030/A330_I10.png,1498315
Bird,Good,031,A000_I01.png,000,01,Good/031/A000_I01.png,1175748
Bird,Good,031,A000_I02.png,000,02,Good/031/A000_I02.png,1320037
Bird,Good,031,A000_I03.png,000,03,Good/031/A000_I03.png,1225331
Bird,Good,031,A000_I04.png,000,04,Good/031/A000_I04.png,1299983
Bird,Good,031,A000_I05.png,000,05,Good/031/A000_I05.png,1305439
Bird,Good,031,A000_I06.png,000,06,Good/031/A000_I06.png,1235544
Bird,Good,031,A000_I07.png,000,07,Good/031/A000_I07.png,1070537
Bird,Good,031,A000_I08.png,000,08,Good/031/A000_I08.png,1281344
Bird,Good,031,A000_I09.png,000,09,Good/031/A000_I09.png,1447623
Bird,Good,031,A000_I10.png,000,10,Good/031/A000_I10.png,1474851
Bird,Good,031,A030_I01.png,030,01,Good/031/A030_I01.png,1196654
Bird,Good,031,A030_I02.png,030,02,Good/031/A030_I02.png,1325047
Bird,Good,031,A030_I03.png,030,03,Good/031/A030_I03.png,1216434
Bird,Good,031,A030_I04.png,030,04,Good/031/A030_I04.png,1288462
Bird,Good,031,A030_I05.png,030,05,Good/031/A030_I05.png,1303576
Bird,Good,031,A030_I06.png,030,06,Good/031/A030_I06.png,1231756
Bird,Good,031,A030_I07.png,030,07,Good/031/A030_I07.png,1042267
Bird,Good,031,A030_I08.png,030,08,Good/031/A030_I08.png,1288440
Bird,Good,031,A030_I09.png,030,09,Good/031/A030_I09.png,1441960
Bird,Good,031,A030_I10.png,030,10,Good/031/A030_I10.png,1464154
Bird,Good,031,A060_I01.png,060,01,Good/031/A060_I01.png,1175868
Bird,Good,031,A060_I02.png,060,02,Good/031/A060_I02.png,1309543
Bird,Good,031,A060_I03.png,060,03,Good/031/A060_I03.png,1206650
Bird,Good,031,A060_I04.png,060,04,Good/031/A060_I04.png,1284656
Bird,Good,031,A060_I05.png,060,05,Good/031/A060_I05.png,1288321
Bird,Good,031,A060_I06.png,060,06,Good/031/A060_I06.png,1218354
Bird,Good,031,A060_I07.png,060,07,Good/031/A060_I07.png,1020117
Bird,Good,031,A060_I08.png,060,08,Good/031/A060_I08.png,1262107
Bird,Good,031,A060_I09.png,060,09,Good/031/A060_I09.png,1424953
Bird,Good,031,A060_I10.png,060,10,Good/031/A060_I10.png,1452153
Bird,Good,031,A090_I01.png,090,01,Good/031/A090_I01.png,1161125
Bird,Good,031,A090_I02.png,090,02,Good/031/A090_I02.png,1299536
Bird,Good,031,A090_I03.png,090,03,Good/031/A090_I03.png,1202649
Bird,Good,031,A090_I04.png,090,04,Good/031/A090_I04.png,1289951
Bird,Good,031,A090_I05.png,090,05,Good/031/A090_I05.png,1291898
Bird,Good,031,A090_I06.png,090,06,Good/031/A090_I06.png,1218444
Bird,Good,031,A090_I07.png,090,07,Good/031/A090_I07.png,1018299
Bird,Good,031,A090_I08.png,090,08,Good/031/A090_I08.png,1249801
Bird,Good,031,A090_I09.png,090,09,Good/031/A090_I09.png,1421496
Bird,Good,031,A090_I10.png,090,10,Good/031/A090_I10.png,1450632
Bird,Good,031,A120_I01.png,120,01,Good/031/A120_I01.png,1153535
Bird,Good,031,A120_I02.png,120,02,Good/031/A120_I02.png,1294519
Bird,Good,031,A120_I03.png,120,03,Good/031/A120_I03.png,1209118
Bird,Good,031,A120_I04.png,120,04,Good/031/A120_I04.png,1299646
Bird,Good,031,A120_I05.png,120,05,Good/031/A120_I05.png,1312529
Bird,Good,031,A120_I06.png,120,06,Good/031/A120_I06.png,1232587
Bird,Good,031,A120_I07.png,120,07,Good/031/A120_I07.png,1036358
Bird,Good,031,A120_I08.png,120,08,Good/031/A120_I08.png,1252016
Bird,Good,031,A120_I09.png,120,09,Good/031/A120_I09.png,1429774
Bird,Good,031,A120_I10.png,120,10,Good/031/A120_I10.png,1459647
Bird,Good,031,A150_I01.png,150,01,Good/031/A150_I01.png,1161948
Bird,Good,031,A150_I02.png,150,02,Good/031/A150_I02.png,1295221
Bird,Good,031,A150_I03.png,150,03,Good/031/A150_I03.png,1224751
Bird,Good,031,A150_I04.png,150,04,Good/031/A150_I04.png,1310024
Bird,Good,031,A150_I05.png,150,05,Good/031/A150_I05.png,1324740
Bird,Good,031,A150_I06.png,150,06,Good/031/A150_I06.png,1242765
Bird,Good,031,A150_I07.png,150,07,Good/031/A150_I07.png,1042032
Bird,Good,031,A150_I08.png,150,08,Good/031/A150_I08.png,1257313
Bird,Good,031,A150_I09.png,150,09,Good/031/A150_I09.png,1442486
Bird,Good,031,A150_I10.png,150,10,Good/031/A150_I10.png,1469860
Bird,Good,031,A180_I01.png,180,01,Good/031/A180_I01.png,1166046
Bird,Good,031,A180_I02.png,180,02,Good/031/A180_I02.png,1307183
Bird,Good,031,A180_I03.png,180,03,Good/031/A180_I03.png,1242777
Bird,Good,031,A180_I04.png,180,04,Good/031/A180_I04.png,1319961
Bird,Good,031,A180_I05.png,180,05,Good/031/A180_I05.png,1325474
Bird,Good,031,A180_I06.png,180,06,Good/031/A180_I06.png,1248288
Bird,Good,031,A180_I07.png,180,07,Good/031/A180_I07.png,1057855
Bird,Good,031,A180_I08.png,180,08,Good/031/A180_I08.png,1263687
Bird,Good,031,A180_I09.png,180,09,Good/031/A180_I09.png,1452138
Bird,Good,031,A180_I10.png,180,10,Good/031/A180_I10.png,1474405
Bird,Good,031,A210_I01.png,210,01,Good/031/A210_I01.png,1162328
Bird,Good,031,A210_I02.png,210,02,Good/031/A210_I02.png,1313960
Bird,Good,031,A210_I03.png,210,03,Good/031/A210_I03.png,1248926
Bird,Good,031,A210_I04.png,210,04,Good/031/A210_I04.png,1334256
Bird,Good,031,A210_I05.png,210,05,Good/031/A210_I05.png,1344284
Bird,Good,031,A210_I06.png,210,06,Good/031/A210_I06.png,1265320
Bird,Good,031,A210_I07.png,210,07,Good/031/A210_I07.png,1064477
Bird,Good,031,A210_I08.png,210,08,Good/031/A210_I08.png,1264030
Bird,Good,031,A210_I09.png,210,09,Good/031/A210_I09.png,1462024
Bird,Good,031,A210_I10.png,210,10,Good/031/A210_I10.png,1482926
Bird,Good,031,A240_I01.png,240,01,Good/031/A240_I01.png,1171440
Bird,Good,031,A240_I02.png,240,02,Good/031/A240_I02.png,1331326
Bird,Good,031,A240_I03.png,240,03,Good/031/A240_I03.png,1257594
Bird,Good,031,A240_I04.png,240,04,Good/031/A240_I04.png,1359412
Bird,Good,031,A240_I05.png,240,05,Good/031/A240_I05.png,1385622
Bird,Good,031,A240_I06.png,240,06,Good/031/A240_I06.png,1298486
Bird,Good,031,A240_I07.png,240,07,Good/031/A240_I07.png,1100040
Bird,Good,031,A240_I08.png,240,08,Good/031/A240_I08.png,1279868
Bird,Good,031,A240_I09.png,240,09,Good/031/A240_I09.png,1485468
Bird,Good,031,A240_I10.png,240,10,Good/031/A240_I10.png,1503162
Bird,Good,031,A270_I01.png,270,01,Good/031/A270_I01.png,1192684
Bird,Good,031,A270_I02.png,270,02,Good/031/A270_I02.png,1350126
Bird,Good,031,A270_I03.png,270,03,Good/031/A270_I03.png,1259015
Bird,Good,031,A270_I04.png,270,04,Good/031/A270_I04.png,1357220
Bird,Good,031,A270_I05.png,270,05,Good/031/A270_I05.png,1376524
Bird,Good,031,A270_I06.png,270,06,Good/031/A270_I06.png,1295172
Bird,Good,031,A270_I07.png,270,07,Good/031/A270_I07.png,1113662
Bird,Good,031,A270_I08.png,270,08,Good/031/A270_I08.png,1300717
Bird,Good,031,A270_I09.png,270,09,Good/031/A270_I09.png,1488418
Bird,Good,031,A270_I10.png,270,10,Good/031/A270_I10.png,1504225
Bird,Good,031,A300_I01.png,300,01,Good/031/A300_I01.png,1220206
Bird,Good,031,A300_I02.png,300,02,Good/031/A300_I02.png,1366051
Bird,Good,031,A300_I03.png,300,03,Good/031/A300_I03.png,1250761
Bird,Good,031,A300_I04.png,300,04,Good/031/A300_I04.png,1347829
Bird,Good,031,A300_I05.png,300,05,Good/031/A300_I05.png,1361191
Bird,Good,031,A300_I06.png,300,06,Good/031/A300_I06.png,1282652
Bird,Good,031,A300_I07.png,300,07,Good/031/A300_I07.png,1104755
Bird,Good,031,A300_I08.png,300,08,Good/031/A300_I08.png,1322682
Bird,Good,031,A300_I09.png,300,09,Good/031/A300_I09.png,1495421
Bird,Good,031,A300_I10.png,300,10,Good/031/A300_I10.png,1508192
Bird,Good,031,A330_I01.png,330,01,Good/031/A330_I01.png,1227048
Bird,Good,031,A330_I02.png,330,02,Good/031/A330_I02.png,1356555
Bird,Good,031,A330_I03.png,330,03,Good/031/A330_I03.png,1241215
Bird,Good,031,A330_I04.png,330,04,Good/031/A330_I04.png,1320528
Bird,Good,031,A330_I05.png,330,05,Good/031/A330_I05.png,1331472
Bird,Good,031,A330_I06.png,330,06,Good/031/A330_I06.png,1267496
Bird,Good,031,A330_I07.png,330,07,Good/031/A330_I07.png,1103679
Bird,Good,031,A330_I08.png,330,08,Good/031/A330_I08.png,1323805
Bird,Good,031,A330_I09.png,330,09,Good/031/A330_I09.png,1484619
Bird,Good,031,A330_I10.png,330,10,Good/031/A330_I10.png,1496532
Bird,Good,032,A000_I01.png,000,01,Good/032/A000_I01.png,1177364
Bird,Good,032,A000_I02.png,000,02,Good/032/A000_I02.png,1321069
Bird,Good,032,A000_I03.png,000,03,Good/032/A000_I03.png,1208869
Bird,Good,032,A000_I04.png,000,04,Good/032/A000_I04.png,1302479
Bird,Good,032,A000_I05.png,000,05,Good/032/A000_I05.png,1313051
Bird,Good,032,A000_I06.png,000,06,Good/032/A000_I06.png,1244690
Bird,Good,032,A000_I07.png,000,07,Good/032/A000_I07.png,1079227
Bird,Good,032,A000_I08.png,000,08,Good/032/A000_I08.png,1282976
Bird,Good,032,A000_I09.png,000,09,Good/032/A000_I09.png,1452768
Bird,Good,032,A000_I10.png,000,10,Good/032/A000_I10.png,1478116
Bird,Good,032,A030_I01.png,030,01,Good/032/A030_I01.png,1192699
Bird,Good,032,A030_I02.png,030,02,Good/032/A030_I02.png,1322231
Bird,Good,032,A030_I03.png,030,03,Good/032/A030_I03.png,1197577
Bird,Good,032,A030_I04.png,030,04,Good/032/A030_I04.png,1284212
Bird,Good,032,A030_I05.png,030,05,Good/032/A030_I05.png,1299118
Bird,Good,032,A030_I06.png,030,06,Good/032/A030_I06.png,1222149
Bird,Good,032,A030_I07.png,030,07,Good/032/A030_I07.png,1024332
Bird,Good,032,A030_I08.png,030,08,Good/032/A030_I08.png,1280647
Bird,Good,032,A030_I09.png,030,09,Good/032/A030_I09.png,1435714
Bird,Good,032,A030_I10.png,030,10,Good/032/A030_I10.png,1459505
Bird,Good,032,A060_I01.png,060,01,Good/032/A060_I01.png,1152296
Bird,Good,032,A060_I02.png,060,02,Good/032/A060_I02.png,1304426
Bird,Good,032,A060_I03.png,060,03,Good/032/A060_I03.png,1203123
Bird,Good,032,A060_I04.png,060,04,Good/032/A060_I04.png,1279497
Bird,Good,032,A060_I05.png,060,05,Good/032/A060_I05.png,1269057
Bird,Good,032,A060_I06.png,060,06,Good/032/A060_I06.png,1194547
Bird,Good,032,A060_I07.png,060,07,Good/032/A060_I07.png,987771
Bird,Good,032,A060_I08.png,060,08,Good/032/A060_I08.png,1242390
Bird,Good,032,A060_I09.png,060,09,Good/032/A060_I09.png,1411922
Bird,Good,032,A060_I10.png,060,10,Good/032/A060_I10.png,1446150
Bird,Good,032,A090_I01.png,090,01,Good/032/A090_I01.png,1157173
Bird,Good,032,A090_I02.png,090,02,Good/032/A090_I02.png,1298350
Bird,Good,032,A090_I03.png,090,03,Good/032/A090_I03.png,1188368
Bird,Good,032,A090_I04.png,090,04,Good/032/A090_I04.png,1292250
Bird,Good,032,A090_I05.png,090,05,Good/032/A090_I05.png,1300281
Bird,Good,032,A090_I06.png,090,06,Good/032/A090_I06.png,1218156
Bird,Good,032,A090_I07.png,090,07,Good/032/A090_I07.png,1006779
Bird,Good,032,A090_I08.png,090,08,Good/032/A090_I08.png,1241588
Bird,Good,032,A090_I09.png,090,09,Good/032/A090_I09.png,1419022
Bird,Good,032,A090_I10.png,090,10,Good/032/A090_I10.png,1449483
Bird,Good,032,A120_I01.png,120,01,Good/032/A120_I01.png,1150728
Bird,Good,032,A120_I02.png,120,02,Good/032/A120_I02.png,1297148
Bird,Good,032,A120_I03.png,120,03,Good/032/A120_I03.png,1209720
Bird,Good,032,A120_I04.png,120,04,Good/032/A120_I04.png,1318798
Bird,Good,032,A120_I05.png,120,05,Good/032/A120_I05.png,1336768
Bird,Good,032,A120_I06.png,120,06,Good/032/A120_I06.png,1253985
Bird,Good,032,A120_I07.png,120,07,Good/032/A120_I07.png,1045667
Bird,Good,032,A120_I08.png,120,08,Good/032/A120_I08.png,1257901
Bird,Good,032,A120_I09.png,120,09,Good/032/A120_I09.png,1449480
Bird,Good,032,A120_I10.png,120,10,Good/032/A120_I10.png,1476475
Bird,Good,032,A150_I01.png,150,01,Good/032/A150_I01.png,1167123
Bird,Good,032,A150_I02.png,150,02,Good/032/A150_I02.png,1312976
Bird,Good,032,A150_I03.png,150,03,Good/032/A150_I03.png,1245817
Bird,Good,032,A150_I04.png,150,04,Good/032/A150_I04.png,1320736
Bird,Good,032,A150_I05.png,150,05,Good/032/A150_I05.png,1325345
Bird,Good,032,A150_I06.png,150,06,Good/032/A150_I06.png,1247130
Bird,Good,032,A150_I07.png,150,07,Good/032/A150_I07.png,1042502
Bird,Good,032,A150_I08.png,150,08,Good/032/A150_I08.png,1272765
Bird,Good,032,A150_I09.png,150,09,Good/032/A150_I09.png,1464169
Bird,Good,032,A150_I10.png,150,10,Good/032/A150_I10.png,1489083
Bird,Good,032,A180_I01.png,180,01,Good/032/A180_I01.png,1173876
Bird,Good,032,A180_I02.png,180,02,Good/032/A180_I02.png,1326736
Bird,Good,032,A180_I03.png,180,03,Good/032/A180_I03.png,1267732
Bird,Good,032,A180_I04.png,180,04,Good/032/A180_I04.png,1335988
Bird,Good,032,A180_I05.png,180,05,Good/032/A180_I05.png,1330313
Bird,Good,032,A180_I06.png,180,06,Good/032/A180_I06.png,1236982
Bird,Good,032,A180_I07.png,180,07,Good/032/A180_I07.png,1023031
Bird,Good,032,A180_I08.png,180,08,Good/032/A180_I08.png,1260196
Bird,Good,032,A180_I09.png,180,09,Good/032/A180_I09.png,1463334
Bird,Good,032,A180_I10.png,180,10,Good/032/A180_I10.png,1486534
Bird,Good,032,A210_I01.png,210,01,Good/032/A210_I01.png,1158458
Bird,Good,032,A210_I02.png,210,02,Good/032/A210_I02.png,1327451
Bird,Good,032,A210_I03.png,210,03,Good/032/A210_I03.png,1269927
Bird,Good,032,A210_I04.png,210,04,Good/032/A210_I04.png,1363692
Bird,Good,032,A210_I05.png,210,05,Good/032/A210_I05.png,1369297
Bird,Good,032,A210_I06.png,210,06,Good/032/A210_I06.png,1278788
Bird,Good,032,A210_I07.png,210,07,Good/032/A210_I07.png,1058838
Bird,Good,032,A210_I08.png,210,08,Good/032/A210_I08.png,1265191
Bird,Good,032,A210_I09.png,210,09,Good/032/A210_I09.png,1485064
Bird,Good,032,A210_I10.png,210,10,Good/032/A210_I10.png,1507410
Bird,Good,032,A240_I01.png,240,01,Good/032/A240_I01.png,1175007
Bird,Good,032,A240_I02.png,240,02,Good/032/A240_I02.png,1348133
Bird,Good,032,A240_I03.png,240,03,Good/032/A240_I03.png,1277888
Bird,Good,032,A240_I04.png,240,04,Good/032/A240_I04.png,1379446
Bird,Good,032,A240_I05.png,240,05,Good/032/A240_I05.png,1396861
Bird,Good,032,A240_I06.png,240,06,Good/032/A240_I06.png,1297938
Bird,Good,032,A240_I07.png,240,07,Good/032/A240_I07.png,1076554
Bird,Good,032,A240_I08.png,240,08,Good/032/A240_I08.png,1278593
Bird,Good,032,A240_I09.png,240,09,Good/032/A240_I09.png,1502399
Bird,Good,032,A240_I10.png,240,10,Good/032/A240_I10.png,1525680
Bird,Good,032,A270_I01.png,270,01,Good/032/A270_I01.png,1200685
Bird,Good,032,A270_I02.png,270,02,Good/032/A270_I02.png,1371873
Bird,Good,032,A270_I03.png,270,03,Good/032/A270_I03.png,1273874
Bird,Good,032,A270_I04.png,270,04,Good/032/A270_I04.png,1372461
Bird,Good,032,A270_I05.png,270,05,Good/032/A270_I05.png,1383603
Bird,Good,032,A270_I06.png,270,06,Good/032/A270_I06.png,1298997
Bird,Good,032,A270_I07.png,270,07,Good/032/A270_I07.png,1116143
Bird,Good,032,A270_I08.png,270,08,Good/032/A270_I08.png,1317851
Bird,Good,032,A270_I09.png,270,09,Good/032/A270_I09.png,1514360
Bird,Good,032,A270_I10.png,270,10,Good/032/A270_I10.png,1535752
Bird,Good,032,A300_I01.png,300,01,Good/032/A300_I01.png,1223077
Bird,Good,032,A300_I02.png,300,02,Good/032/A300_I02.png,1372856
Bird,Good,032,A300_I03.png,300,03,Good/032/A300_I03.png,1254299
Bird,Good,032,A300_I04.png,300,04,Good/032/A300_I04.png,1356146
Bird,Good,032,A300_I05.png,300,05,Good/032/A300_I05.png,1372292
Bird,Good,032,A300_I06.png,300,06,Good/032/A300_I06.png,1291151
Bird,Good,032,A300_I07.png,300,07,Good/032/A300_I07.png,1114172
Bird,Good,032,A300_I08.png,300,08,Good/032/A300_I08.png,1333009
Bird,Good,032,A300_I09.png,300,09,Good/032/A300_I09.png,1508054
Bird,Good,032,A300_I10.png,300,10,Good/032/A300_I10.png,1524593
Bird,Good,032,A330_I01.png,330,01,Good/032/A330_I01.png,1223802
Bird,Good,032,A330_I02.png,330,02,Good/032/A330_I02.png,1355176
Bird,Good,032,A330_I03.png,330,03,Good/032/A330_I03.png,1235429
Bird,Good,032,A330_I04.png,330,04,Good/032/A330_I04.png,1315153
Bird,Good,032,A330_I05.png,330,05,Good/032/A330_I05.png,1327597
Bird,Good,032,A330_I06.png,330,06,Good/032/A330_I06.png,1270060
Bird,Good,032,A330_I07.png,330,07,Good/032/A330_I07.png,1125540
Bird,Good,032,A330_I08.png,330,08,Good/032/A330_I08.png,1332692
Bird,Good,032,A330_I09.png,330,09,Good/032/A330_I09.png,1487627
Bird,Good,032,A330_I10.png,330,10,Good/032/A330_I10.png,1501620
Bird,Good,033,A000_I01.png,000,01,Good/033/A000_I01.png,1200846
Bird,Good,033,A000_I02.png,000,02,Good/033/A000_I02.png,1329689
Bird,Good,033,A000_I03.png,000,03,Good/033/A000_I03.png,1223050
Bird,Good,033,A000_I04.png,000,04,Good/033/A000_I04.png,1299374
Bird,Good,033,A000_I05.png,000,05,Good/033/A000_I05.png,1313280
Bird,Good,033,A000_I06.png,000,06,Good/033/A000_I06.png,1240465
Bird,Good,033,A000_I07.png,000,07,Good/033/A000_I07.png,1072208
Bird,Good,033,A000_I08.png,000,08,Good/033/A000_I08.png,1297145
Bird,Good,033,A000_I09.png,000,09,Good/033/A000_I09.png,1451950
Bird,Good,033,A000_I10.png,000,10,Good/033/A000_I10.png,1470214
Bird,Good,033,A030_I01.png,030,01,Good/033/A030_I01.png,1187085
Bird,Good,033,A030_I02.png,030,02,Good/033/A030_I02.png,1319177
Bird,Good,033,A030_I03.png,030,03,Good/033/A030_I03.png,1211391
Bird,Good,033,A030_I04.png,030,04,Good/033/A030_I04.png,1284270
Bird,Good,033,A030_I05.png,030,05,Good/033/A030_I05.png,1297594
Bird,Good,033,A030_I06.png,030,06,Good/033/A030_I06.png,1230568
Bird,Good,033,A030_I07.png,030,07,Good/033/A030_I07.png,1052496
Bird,Good,033,A030_I08.png,030,08,Good/033/A030_I08.png,1284614
Bird,Good,033,A030_I09.png,030,09,Good/033/A030_I09.png,1436925
Bird,Good,033,A030_I10.png,030,10,Good/033/A030_I10.png,1460302
Bird,Good,033,A060_I01.png,060,01,Good/033/A060_I01.png,1164641
Bird,Good,033,A060_I02.png,060,02,Good/033/A060_I02.png,1305138
Bird,Good,033,A060_I03.png,060,03,Good/033/A060_I03.png,1202653
Bird,Good,033,A060_I04.png,060,04,Good/033/A060_I04.png,1285756
Bird,Good,033,A060_I05.png,060,05,Good/033/A060_I05.png,1285137
Bird,Good,033,A060_I06.png,060,06,Good/033/A060_I06.png,1216484
Bird,Good,033,A060_I07.png,060,07,Good/033/A060_I07.png,1016928
Bird,Good,033,A060_I08.png,060,08,Good/033/A060_I08.png,1254412
Bird,Good,033,A060_I09.png,060,09,Good/033/A060_I09.png,1421377
Bird,Good,033,A060_I10.png,060,10,Good/033/A060_I10.png,1450698
Bird,Good,033,A090_I01.png,090,01,Good/033/A090_I01.png,1159335
Bird,Good,033,A090_I02.png,090,02,Good/033/A090_I02.png,1299199
Bird,Good,033,A090_I03.png,090,03,Good/033/A090_I03.png,1199565
Bird,Good,033,A090_I04.png,090,04,Good/033/A090_I04.png,1296119
Bird,Good,033,A090_I05.png,090,05,Good/033/A090_I05.png,1305781
Bird,Good,033,A090_I06.png,090,06,Good/033/A090_I06.png,1228715
Bird,Good,033,A090_I07.png,090,07,Good/033/A090_I07.png,1026857
Bird,Good,033,A090_I08.png,090,08,Good/033/A090_I08.png,1250496
Bird,Good,033,A090_I09.png,090,09,Good/033/A090_I09.png,1426422
Bird,Good,033,A090_I10.png,090,10,Good/033/A090_I10.png,1455236
Bird,Good,033,A120_I01.png,120,01,Good/033/A120_I01.png,1160185
Bird,Good,033,A120_I02.png,120,02,Good/033/A120_I02.png,1297571
Bird,Good,033,A120_I03.png,120,03,Good/033/A120_I03.png,1209360
Bird,Good,033,A120_I04.png,120,04,Good/033/A120_I04.png,1314822
Bird,Good,033,A120_I05.png,120,05,Good/033/A120_I05.png,1334434
Bird,Good,033,A120_I06.png,120,06,Good/033/A120_I06.png,1255612
Bird,Good,033,A120_I07.png,120,07,Good/033/A120_I07.png,1050975
Bird,Good,033,A120_I08.png,120,08,Good/033/A120_I08.png,1266808
Bird,Good,033,A120_I09.png,120,09,Good/033/A120_I09.png,1449987
Bird,Good,033,A120_I10.png,120,10,Good/033/A120_I10.png,1475838
Bird,Good,033,A150_I01.png,150,01,Good/033/A150_I01.png,1177104
Bird,Good,033,A150_I02.png,150,02,Good/033/A150_I02.png,1309803
Bird,Good,033,A150_I03.png,150,03,Good/033/A150_I03.png,1234512
Bird,Good,033,A150_I04.png,150,04,Good/033/A150_I04.png,1318811
Bird,Good,033,A150_I05.png,150,05,Good/033/A150_I05.png,1332352
Bird,Good,033,A150_I06.png,150,06,Good/033/A150_I06.png,1253746
Bird,Good,033,A150_I07.png,150,07,Good/033/A150_I07.png,1055494
Bird,Good,033,A150_I08.png,150,08,Good/033/A150_I08.png,1274052
Bird,Good,033,A150_I09.png,150,09,Good/033/A150_I09.png,1459412
Bird,Good,033,A150_I10.png,150,10,Good/033/A150_I10.png,1483833
Bird,Good,033,A180_I01.png,180,01,Good/033/A180_I01.png,1178275
Bird,Good,033,A180_I02.png,180,02,Good/033/A180_I02.png,1322947
Bird,Good,033,A180_I03.png,180,03,Good/033/A180_I03.png,1257332
Bird,Good,033,A180_I04.png,180,04,Good/033/A180_I04.png,1322449
Bird,Good,033,A180_I05.png,180,05,Good/033/A180_I05.png,1319674
Bird,Good,033,A180_I06.png,180,06,Good/033/A180_I06.png,1231078
Bird,Good,033,A180_I07.png,180,07,Good/033/A180_I07.png,1032956
Bird,Good,033,A180_I08.png,180,08,Good/033/A180_I08.png,1262773
Bird,Good,033,A180_I09.png,180,09,Good/033/A180_I09.png,1452633
Bird,Good,033,A180_I10.png,180,10,Good/033/A180_I10.png,1474534
Bird,Good,033,A210_I01.png,210,01,Good/033/A210_I01.png,1167845
Bird,Good,033,A210_I02.png,210,02,Good/033/A210_I02.png,1327870
Bird,Good,033,A210_I03.png,210,03,Good/033/A210_I03.png,1264395
Bird,Good,033,A210_I04.png,210,04,Good/033/A210_I04.png,1342918
Bird,Good,033,A210_I05.png,210,05,Good/033/A210_I05.png,1350758
Bird,Good,033,A210_I06.png,210,06,Good/033/A210_I06.png,1268776
Bird,Good,033,A210_I07.png,210,07,Good/033/A210_I07.png,1068173
Bird,Good,033,A210_I08.png,210,08,Good/033/A210_I08.png,1270907
Bird,Good,033,A210_I09.png,210,09,Good/033/A210_I09.png,1470158
Bird,Good,033,A210_I10.png,210,10,Good/033/A210_I10.png,1489773
Bird,Good,033,A240_I01.png,240,01,Good/033/A240_I01.png,1180465
Bird,Good,033,A240_I02.png,240,02,Good/033/A240_I02.png,1341955
Bird,Good,033,A240_I03.png,240,03,Good/033/A240_I03.png,1273549
Bird,Good,033,A240_I04.png,240,04,Good/033/A240_I04.png,1360471
Bird,Good,033,A240_I05.png,240,05,Good/033/A240_I05.png,1375687
Bird,Good,033,A240_I06.png,240,06,Good/033/A240_I06.png,1288400
Bird,Good,033,A240_I07.png,240,07,Good/033/A240_I07.png,1093608
Bird,Good,033,A240_I08.png,240,08,Good/033/A240_I08.png,1280551
Bird,Good,033,A240_I09.png,240,09,Good/033/A240_I09.png,1483719
Bird,Good,033,A240_I10.png,240,10,Good/033/A240_I10.png,1501129
Bird,Good,033,A270_I01.png,270,01,Good/033/A270_I01.png,1189918
Bird,Good,033,A270_I02.png,270,02,Good/033/A270_I02.png,1352287
Bird,Good,033,A270_I03.png,270,03,Good/033/A270_I03.png,1271665
Bird,Good,033,A270_I04.png,270,04,Good/033/A270_I04.png,1362470
Bird,Good,033,A270_I05.png,270,05,Good/033/A270_I05.png,1376345
Bird,Good,033,A270_I06.png,270,06,Good/033/A270_I06.png,1293635
Bird,Good,033,A270_I07.png,270,07,Good/033/A270_I07.png,1114903
Bird,Good,033,A270_I08.png,270,08,Good/033/A270_I08.png,1298713
Bird,Good,033,A270_I09.png,270,09,Good/033/A270_I09.png,1489665
Bird,Good,033,A270_I10.png,270,10,Good/033/A270_I10.png,1504757
Bird,Good,033,A300_I01.png,300,01,Good/033/A300_I01.png,1220891
Bird,Good,033,A300_I02.png,300,02,Good/033/A300_I02.png,1359830
Bird,Good,033,A300_I03.png,300,03,Good/033/A300_I03.png,1253388
Bird,Good,033,A300_I04.png,300,04,Good/033/A300_I04.png,1345120
Bird,Good,033,A300_I05.png,300,05,Good/033/A300_I05.png,1362072
Bird,Good,033,A300_I06.png,300,06,Good/033/A300_I06.png,1280839
Bird,Good,033,A300_I07.png,300,07,Good/033/A300_I07.png,1108580
Bird,Good,033,A300_I08.png,300,08,Good/033/A300_I08.png,1319106
Bird,Good,033,A300_I09.png,300,09,Good/033/A300_I09.png,1488807
Bird,Good,033,A300_I10.png,300,10,Good/033/A300_I10.png,1500451
Bird,Good,033,A330_I01.png,330,01,Good/033/A330_I01.png,1226696
Bird,Good,033,A330_I02.png,330,02,Good/033/A330_I02.png,1354959
Bird,Good,033,A330_I03.png,330,03,Good/033/A330_I03.png,1239293
Bird,Good,033,A330_I04.png,330,04,Good/033/A330_I04.png,1314433
Bird,Good,033,A330_I05.png,330,05,Good/033/A330_I05.png,1326480
Bird,Good,033,A330_I06.png,330,06,Good/033/A330_I06.png,1263323
Bird,Good,033,A330_I07.png,330,07,Good/033/A330_I07.png,1106363
Bird,Good,033,A330_I08.png,330,08,Good/033/A330_I08.png,1323788
Bird,Good,033,A330_I09.png,330,09,Good/033/A330_I09.png,1479504
Bird,Good,033,A330_I10.png,330,10,Good/033/A330_I10.png,1490930
Bird,Good,034,A000_I01.png,000,01,Good/034/A000_I01.png,1167690
Bird,Good,034,A000_I02.png,000,02,Good/034/A000_I02.png,1317903
Bird,Good,034,A000_I03.png,000,03,Good/034/A000_I03.png,1222506
Bird,Good,034,A000_I04.png,000,04,Good/034/A000_I04.png,1300053
Bird,Good,034,A000_I05.png,000,05,Good/034/A000_I05.png,1308941
Bird,Good,034,A000_I06.png,000,06,Good/034/A000_I06.png,1241211
Bird,Good,034,A000_I07.png,000,07,Good/034/A000_I07.png,1077687
Bird,Good,034,A000_I08.png,000,08,Good/034/A000_I08.png,1281501
Bird,Good,034,A000_I09.png,000,09,Good/034/A000_I09.png,1449776
Bird,Good,034,A000_I10.png,000,10,Good/034/A000_I10.png,1475423
Bird,Good,034,A030_I01.png,030,01,Good/034/A030_I01.png,1147401
Bird,Good,034,A030_I02.png,030,02,Good/034/A030_I02.png,1299389
Bird,Good,034,A030_I03.png,030,03,Good/034/A030_I03.png,1214951
Bird,Good,034,A030_I04.png,030,04,Good/034/A030_I04.png,1285369
Bird,Good,034,A030_I05.png,030,05,Good/034/A030_I05.png,1292753
Bird,Good,034,A030_I06.png,030,06,Good/034/A030_I06.png,1222202
Bird,Good,034,A030_I07.png,030,07,Good/034/A030_I07.png,1047905
Bird,Good,034,A030_I08.png,030,08,Good/034/A030_I08.png,1256452
Bird,Good,034,A030_I09.png,030,09,Good/034/A030_I09.png,1425286
Bird,Good,034,A030_I10.png,030,10,Good/034/A030_I10.png,1458510
Bird,Good,034,A060_I01.png,060,01,Good/034/A060_I01.png,1137376
Bird,Good,034,A060_I02.png,060,02,Good/034/A060_I02.png,1292480
Bird,Good,034,A060_I03.png,060,03,Good/034/A060_I03.png,1204928
Bird,Good,034,A060_I04.png,060,04,Good/034/A060_I04.png,1284657
Bird,Good,034,A060_I05.png,060,05,Good/034/A060_I05.png,1279016
Bird,Good,034,A060_I06.png,060,06,Good/034/A060_I06.png,1213379
Bird,Good,034,A060_I07.png,060,07,Good/034/A060_I07.png,1030390
Bird,Good,034,A060_I08.png,060,08,Good/034/A060_I08.png,1240132
Bird,Good,034,A060_I09.png,060,09,Good/034/A060_I09.png,1413984
Bird,Good,034,A060_I10.png,060,10,Good/034/A060_I10.png,1449914
Bird,Good,034,A090_I01.png,090,01,Good/034/A090_I01.png,1156446
Bird,Good,034,A090_I02.png,090,02,Good/034/A090_I02.png,1297857
Bird,Good,034,A090_I03.png,090,03,Good/034/A090_I03.png,1201224
Bird,Good,034,A090_I04.png,090,04,Good/034/A090_I04.png,1294922
Bird,Good,034,A090_I05.png,090,05,Good/034/A090_I05.png,1300593
Bird,Good,034,A090_I06.png,090,06,Good/034/A090_I06.png,1222796
Bird,Good,034,A090_I07.png,090,07,Good/034/A090_I07.png,1023896
Bird,Good,034,A090_I08.png,090,08,Good/034/A090_I08.png,1247477
Bird,Good,034,A090_I09.png,090,09,Good/034/A090_I09.png,1423914
Bird,Good,034,A090_I10.png,090,10,Good/034/A090_I10.png,1452930
Bird,Good,034,A120_I01.png,120,01,Good/034/A120_I01.png,1149472
Bird,Good,034,A120_I02.png,120,02,Good/034/A120_I02.png,1294219
Bird,Good,034,A120_I03.png,120,03,Good/034/A120_I03.png,1212925
Bird,Good,034,A120_I04.png,120,04,Good/034/A120_I04.png,1309376
Bird,Good,034,A120_I05.png,120,05,Good/034/A120_I05.png,1326398
Bird,Good,034,A120_I06.png,120,06,Good/034/A120_I06.png,1246059
Bird,Good,034,A120_I07.png,120,07,Good/034/A120_I07.png,1045111
Bird,Good,034,A120_I08.png,120,08,Good/034/A120_I08.png,1256570
Bird,Good,034,A120_I09.png,120,09,Good/034/A120_I09.png,1440812
Bird,Good,034,A120_I10.png,120,10,Good/034/A120_I10.png,1470090
Bird,Good,034,A150_I01.png,150,01,Good/034/A150_I01.png,1162894
Bird,Good,034,A150_I02.png,150,02,Good/034/A150_I02.png,1302148
Bird,Good,034,A150_I03.png,150,03,Good/034/A150_I03.png,1233666
Bird,Good,034,A150_I04.png,150,04,Good/034/A150_I04.png,1318447
Bird,Good,034,A150_I05.png,150,05,Good/034/A150_I05.png,1327067
Bird,Good,034,A150_I06.png,150,06,Good/034/A150_I06.png,1251106
Bird,Good,034,A150_I07.png,150,07,Good/034/A150_I07.png,1058515
Bird,Good,034,A150_I08.png,150,08,Good/034/A150_I08.png,1266237
Bird,Good,034,A150_I09.png,150,09,Good/034/A150_I09.png,1455118
Bird,Good,034,A150_I10.png,150,10,Good/034/A150_I10.png,1481582
Bird,Good,034,A180_I01.png,180,01,Good/034/A180_I01.png,1167748
Bird,Good,034,A180_I02.png,180,02,Good/034/A180_I02.png,1317544
Bird,Good,034,A180_I03.png,180,03,Good/034/A180_I03.png,1250074
Bird,Good,034,A180_I04.png,180,04,Good/034/A180_I04.png,1330550
Bird,Good,034,A180_I05.png,180,05,Good/034/A180_I05.png,1331891
Bird,Good,034,A180_I06.png,180,06,Good/034/A180_I06.png,1251783
Bird,Good,034,A180_I07.png,180,07,Good/034/A180_I07.png,1050613
Bird,Good,034,A180_I08.png,180,08,Good/034/A180_I08.png,1265114
Bird,Good,034,A180_I09.png,180,09,Good/034/A180_I09.png,1463269
Bird,Good,034,A180_I10.png,180,10,Good/034/A180_I10.png,1485852
Bird,Good,034,A210_I01.png,210,01,Good/034/A210_I01.png,1168816
Bird,Good,034,A210_I02.png,210,02,Good/034/A210_I02.png,1327168
Bird,Good,034,A210_I03.png,210,03,Good/034/A210_I03.png,1251445
Bird,Good,034,A210_I04.png,210,04,Good/034/A210_I04.png,1359340
Bird,Good,034,A210_I05.png,210,05,Good/034/A210_I05.png,1377330
Bird,Good,034,A210_I06.png,210,06,Good/034/A210_I06.png,1294522
Bird,Good,034,A210_I07.png,210,07,Good/034/A210_I07.png,1087639
Bird,Good,034,A210_I08.png,210,08,Good/034/A210_I08.png,1279637
Bird,Good,034,A210_I09.png,210,09,Good/034/A210_I09.png,1489509
Bird,Good,034,A210_I10.png,210,10,Good/034/A210_I10.png,1508600
Bird,Good,034,A240_I01.png,240,01,Good/034/A240_I01.png,1189693
Bird,Good,034,A240_I02.png,240,02,Good/034/A240_I02.png,1348051
Bird,Good,034,A240_I03.png,240,03,Good/034/A240_I03.png,1256764
Bird,Good,034,A240_I04.png,240,04,Good/034/A240_I04.png,1368341
Bird,Good,034,A240_I05.png,240,05,Good/034/A240_I05.png,1395556
Bird,Good,034,A240_I06.png,240,06,Good/034/A240_I06.png,1310650
Bird,Good,034,A240_I07.png,240,07,Good/034/A240_I07.png,1113837
Bird,Good,034,A240_I08.png,240,08,Good/034/A240_I08.png,1300970
Bird,Good,034,A240_I09.png,240,09,Good/034/A240_I09.png,1504276
Bird,Good,034,A240_I10.png,240,10,Good/034/A240_I10.png,1522865
Bird,Good,034,A270_I01.png,270,01,Good/034/A270_I01.png,1215882
Bird,Good,034,A270_I02.png,270,02,Good/034/A270_I02.png,1370332
Bird,Good,034,A270_I03.png,270,03,Good/034/A270_I03.png,1257415
Bird,Good,034,A270_I04.png,270,04,Good/034/A270_I04.png,1369291
Bird,Good,034,A270_I05.png,270,05,Good/034/A270_I05.png,1389181
Bird,Good,034,A270_I06.png,270,06,Good/034/A270_I06.png,1310641
Bird,Good,034,A270_I07.png,270,07,Good/034/A270_I07.png,1129427
Bird,Good,034,A270_I08.png,270,08,Good/034/A270_I08.png,1327711
Bird,Good,034,A270_I09.png,270,09,Good/034/A270_I09.png,1515901
Bird,Good,034,A270_I10.png,270,10,Good/034/A270_I10.png,1531438
Bird,Good,034,A300_I01.png,300,01,Good/034/A300_I01.png,1227439
Bird,Good,034,A300_I02.png,300,02,Good/034/A300_I02.png,1366059
Bird,Good,034,A300_I03.png,300,03,Good/034/A300_I03.png,1250232
Bird,Good,034,A300_I04.png,300,04,Good/034/A300_I04.png,1346549
Bird,Good,034,A300_I05.png,300,05,Good/034/A300_I05.png,1360522
Bird,Good,034,A300_I06.png,300,06,Good/034/A300_I06.png,1292965
Bird,Good,034,A300_I07.png,300,07,Good/034/A300_I07.png,1120782
Bird,Good,034,A300_I08.png,300,08,Good/034/A300_I08.png,1336117
Bird,Good,034,A300_I09.png,300,09,Good/034/A300_I09.png,1505903
Bird,Good,034,A300_I10.png,300,10,Good/034/A300_I10.png,1516977
Bird,Good,034,A330_I01.png,330,01,Good/034/A330_I01.png,1229871
Bird,Good,034,A330_I02.png,330,02,Good/034/A330_I02.png,1359916
Bird,Good,034,A330_I03.png,330,03,Good/034/A330_I03.png,1237473
Bird,Good,034,A330_I04.png,330,04,Good/034/A330_I04.png,1315484
Bird,Good,034,A330_I05.png,330,05,Good/034/A330_I05.png,1328244
Bird,Good,034,A330_I06.png,330,06,Good/034/A330_I06.png,1272671
Bird,Good,034,A330_I07.png,330,07,Good/034/A330_I07.png,1114211
Bird,Good,034,A330_I08.png,330,08,Good/034/A330_I08.png,1330388
Bird,Good,034,A330_I09.png,330,09,Good/034/A330_I09.png,1489181
Bird,Good,034,A330_I10.png,330,10,Good/034/A330_I10.png,1500342
Bird,Good,035,A000_I01.png,000,01,Good/035/A000_I01.png,1169765
Bird,Good,035,A000_I02.png,000,02,Good/035/A000_I02.png,1315508
Bird,Good,035,A000_I03.png,000,03,Good/035/A000_I03.png,1216977
Bird,Good,035,A000_I04.png,000,04,Good/035/A000_I04.png,1294919
Bird,Good,035,A000_I05.png,000,05,Good/035/A000_I05.png,1298956
Bird,Good,035,A000_I06.png,000,06,Good/035/A000_I06.png,1228696
Bird,Good,035,A000_I07.png,000,07,Good/035/A000_I07.png,1074875
Bird,Good,035,A000_I08.png,000,08,Good/035/A000_I08.png,1276673
Bird,Good,035,A000_I09.png,000,09,Good/035/A000_I09.png,1439681
Bird,Good,035,A000_I10.png,000,10,Good/035/A000_I10.png,1467894
Bird,Good,035,A030_I01.png,030,01,Good/035/A030_I01.png,1149239
Bird,Good,035,A030_I02.png,030,02,Good/035/A030_I02.png,1298174
Bird,Good,035,A030_I03.png,030,03,Good/035/A030_I03.png,1200698
Bird,Good,035,A030_I04.png,030,04,Good/035/A030_I04.png,1280926
Bird,Good,035,A030_I05.png,030,05,Good/035/A030_I05.png,1286499
Bird,Good,035,A030_I06.png,030,06,Good/035/A030_I06.png,1204949
Bird,Good,035,A030_I07.png,030,07,Good/035/A030_I07.png,1015014
Bird,Good,035,A030_I08.png,030,08,Good/035/A030_I08.png,1246986
Bird,Good,035,A030_I09.png,030,09,Good/035/A030_I09.png,1414202
Bird,Good,035,A030_I10.png,030,10,Good/035/A030_I10.png,1452098
Bird,Good,035,A060_I01.png,060,01,Good/035/A060_I01.png,1131325
Bird,Good,035,A060_I02.png,060,02,Good/035/A060_I02.png,1288013
Bird,Good,035,A060_I03.png,060,03,Good/035/A060_I03.png,1191850
Bird,Good,035,A060_I04.png,060,04,Good/035/A060_I04.png,1285103
Bird,Good,035,A060_I05.png,060,05,Good/035/A060_I05.png,1280935
Bird,Good,035,A060_I06.png,060,06,Good/035/A060_I06.png,1206832
Bird,Good,035,A060_I07.png,060,07,Good/035/A060_I07.png,1007924
Bird,Good,035,A060_I08.png,060,08,Good/035/A060_I08.png,1228790
Bird,Good,035,A060_I09.png,060,09,Good/035/A060_I09.png,1406916
Bird,Good,035,A060_I10.png,060,10,Good/035/A060_I10.png,1444653
Bird,Good,035,A090_I01.png,090,01,Good/035/A090_I01.png,1112662
Bird,Good,035,A090_I02.png,090,02,Good/035/A090_I02.png,1276461
Bird,Good,035,A090_I03.png,090,03,Good/035/A090_I03.png,1192633
Bird,Good,035,A090_I04.png,090,04,Good/035/A090_I04.png,1295116
Bird,Good,035,A090_I05.png,090,05,Good/035/A090_I05.png,1296305
Bird,Good,035,A090_I06.png,090,06,Good/035/A090_I06.png,1217326
Bird,Good,035,A090_I07.png,090,07,Good/035/A090_I07.png,1018559
Bird,Good,035,A090_I08.png,090,08,Good/035/A090_I08.png,1218214
Bird,Good,035,A090_I09.png,090,09,Good/035/A090_I09.png,1407403
Bird,Good,035,A090_I10.png,090,10,Good/035/A090_I10.png,1446538
Bird,Good,035,A120_I01.png,120,01,Good/035/A120_I01.png,1152496
Bird,Good,035,A120_I02.png,120,02,Good/035/A120_I02.png,1294655
Bird,Good,035,A120_I03.png,120,03,Good/035/A120_I03.png,1204128
Bird,Good,035,A120_I04.png,120,04,Good/035/A120_I04.png,1311356
Bird,Good,035,A120_I05.png,120,05,Good/035/A120_I05.png,1332206
Bird,Good,035,A120_I06.png,120,06,Good/035/A120_I06.png,1253287
Bird,Good,035,A120_I07.png,120,07,Good/035/A120_I07.png,1049056
Bird,Good,035,A120_I08.png,120,08,Good/035/A120_I08.png,1259596
Bird,Good,035,A120_I09.png,120,09,Good/035/A120_I09.png,1444718
Bird,Good,035,A120_I10.png,120,10,Good/035/A120_I10.png,1472611
Bird,Good,035,A150_I01.png,150,01,Good/035/A150_I01.png,1167282
Bird,Good,035,A150_I02.png,150,02,Good/035/A150_I02.png,1307608
Bird,Good,035,A150_I03.png,150,03,Good/035/A150_I03.png,1228966
Bird,Good,035,A150_I04.png,150,04,Good/035/A150_I04.png,1321285
Bird,Good,035,A150_I05.png,150,05,Good/035/A150_I05.png,1336637
Bird,Good,035,A150_I06.png,150,06,Good/035/A150_I06.png,1262652
Bird,Good,035,A150_I07.png,150,07,Good/035/A150_I07.png,1058065
Bird,Good,035,A150_I08.png,150,08,Good/035/A150_I08.png,1274206
Bird,Good,035,A150_I09.png,150,09,Good/035/A150_I09.png,1465293
Bird,Good,035,A150_I10.png,150,10,Good/035/A150_I10.png,1490639
Bird,Good,035,A180_I01.png,180,01,Good/035/A180_I01.png,1173937
Bird,Good,035,A180_I02.png,180,02,Good/035/A180_I02.png,1325395
Bird,Good,035,A180_I03.png,180,03,Good/035/A180_I03.png,1253837
Bird,Good,035,A180_I04.png,180,04,Good/035/A180_I04.png,1329261
Bird,Good,035,A180_I05.png,180,05,Good/035/A180_I05.png,1326405
Bird,Good,035,A180_I06.png,180,06,Good/035/A180_I06.png,1245188
Bird,Good,035,A180_I07.png,180,07,Good/035/A180_I07.png,1035906
Bird,Good,035,A180_I08.png,180,08,Good/035/A180_I08.png,1268269
Bird,Good,035,A180_I09.png,180,09,Good/035/A180_I09.png,1465313
Bird,Good,035,A180_I10.png,180,10,Good/035/A180_I10.png,1489429
Bird,Good,035,A210_I01.png,210,01,Good/035/A210_I01.png,1164082
Bird,Good,035,A210_I02.png,210,02,Good/035/A210_I02.png,1330482
Bird,Good,035,A210_I03.png,210,03,Good/035/A210_I03.png,1264424
Bird,Good,035,A210_I04.png,210,04,Good/035/A210_I04.png,1350262
Bird,Good,035,A210_I05.png,210,05,Good/035/A210_I05.png,1353585
Bird,Good,035,A210_I06.png,210,06,Good/035/A210_I06.png,1271408
Bird,Good,035,A210_I07.png,210,07,Good/035/A210_I07.png,1059901
Bird,Good,035,A210_I08.png,210,08,Good/035/A210_I08.png,1272588
Bird,Good,035,A210_I09.png,210,09,Good/035/A210_I09.png,1480606
Bird,Good,035,A210_I10.png,210,10,Good/035/A210_I10.png,1501318
Bird,Good,035,A240_I01.png,240,01,Good/035/A240_I01.png,1179490
Bird,Good,035,A240_I02.png,240,02,Good/035/A240_I02.png,1346509
Bird,Good,035,A240_I03.png,240,03,Good/035/A240_I03.png,1273749
Bird,Good,035,A240_I04.png,240,04,Good/035/A240_I04.png,1369471
Bird,Good,035,A240_I05.png,240,05,Good/035/A240_I05.png,1387628
Bird,Good,035,A240_I06.png,240,06,Good/035/A240_I06.png,1293433
Bird,Good,035,A240_I07.png,240,07,Good/035/A240_I07.png,1082311
Bird,Good,035,A240_I08.png,240,08,Good/035/A240_I08.png,1281434
Bird,Good,035,A240_I09.png,240,09,Good/035/A240_I09.png,1494340
Bird,Good,035,A240_I10.png,240,10,Good/035/A240_I10.png,1514004
Bird,Good,035,A270_I01.png,270,01,Good/035/A270_I01.png,1202005
Bird,Good,035,A270_I02.png,270,02,Good/035/A270_I02.png,1364696
Bird,Good,035,A270_I03.png,270,03,Good/035/A270_I03.png,1273175
Bird,Good,035,A270_I04.png,270,04,Good/035/A270_I04.png,1368175
Bird,Good,035,A270_I05.png,270,05,Good/035/A270_I05.png,1381054
Bird,Good,035,A270_I06.png,270,06,Good/035/A270_I06.png,1295404
Bird,Good,035,A270_I07.png,270,07,Good/035/A270_I07.png,1112290
Bird,Good,035,A270_I08.png,270,08,Good/035/A270_I08.png,1308636
Bird,Good,035,A270_I09.png,270,09,Good/035/A270_I09.png,1502443
Bird,Good,035,A270_I10.png,270,10,Good/035/A270_I10.png,1519761
Bird,Good,035,A300_I01.png,300,01,Good/035/A300_I01.png,1223656
Bird,Good,035,A300_I02.png,300,02,Good/035/A300_I02.png,1368319
Bird,Good,035,A300_I03.png,300,03,Good/035/A300_I03.png,1255441
Bird,Good,035,A300_I04.png,300,04,Good/035/A300_I04.png,1350540
Bird,Good,035,A300_I05.png,300,05,Good/035/A300_I05.png,1363487
Bird,Good,035,A300_I06.png,300,06,Good/035/A300_I06.png,1287027
Bird,Good,035,A300_I07.png,300,07,Good/035/A300_I07.png,1115869
Bird,Good,035,A300_I08.png,300,08,Good/035/A300_I08.png,1329167
Bird,Good,035,A300_I09.png,300,09,Good/035/A300_I09.png,1500817
Bird,Good,035,A300_I10.png,300,10,Good/035/A300_I10.png,1514683
Bird,Good,035,A330_I01.png,330,01,Good/035/A330_I01.png,1229940
Bird,Good,035,A330_I02.png,330,02,Good/035/A330_I02.png,1363497
Bird,Good,035,A330_I03.png,330,03,Good/035/A330_I03.png,1240522
Bird,Good,035,A330_I04.png,330,04,Good/035/A330_I04.png,1318613
Bird,Good,035,A330_I05.png,330,05,Good/035/A330_I05.png,1327797
Bird,Good,035,A330_I06.png,330,06,Good/035/A330_I06.png,1267578
Bird,Good,035,A330_I07.png,330,07,Good/035/A330_I07.png,1117156
Bird,Good,035,A330_I08.png,330,08,Good/035/A330_I08.png,1333387
Bird,Good,035,A330_I09.png,330,09,Good/035/A330_I09.png,1490804
Bird,Good,035,A330_I10.png,330,10,Good/035/A330_I10.png,1504272
Bird,Good,036,A000_I01.png,000,01,Good/036/A000_I01.png,1195339
Bird,Good,036,A000_I02.png,000,02,Good/036/A000_I02.png,1326792
Bird,Good,036,A000_I03.png,000,03,Good/036/A000_I03.png,1209804
Bird,Good,036,A000_I04.png,000,04,Good/036/A000_I04.png,1296170
Bird,Good,036,A000_I05.png,000,05,Good/036/A000_I05.png,1308460
Bird,Good,036,A000_I06.png,000,06,Good/036/A000_I06.png,1231385
Bird,Good,036,A000_I07.png,000,07,Good/036/A000_I07.png,1063248
Bird,Good,036,A000_I08.png,000,08,Good/036/A000_I08.png,1287417
Bird,Good,036,A000_I09.png,000,09,Good/036/A000_I09.png,1445157
Bird,Good,036,A000_I10.png,000,10,Good/036/A000_I10.png,1467327
Bird,Good,036,A030_I01.png,030,01,Good/036/A030_I01.png,1152838
Bird,Good,036,A030_I02.png,030,02,Good/036/A030_I02.png,1301539
Bird,Good,036,A030_I03.png,030,03,Good/036/A030_I03.png,1202919
Bird,Good,036,A030_I04.png,030,04,Good/036/A030_I04.png,1282346
Bird,Good,036,A030_I05.png,030,05,Good/036/A030_I05.png,1286562
Bird,Good,036,A030_I06.png,030,06,Good/036/A030_I06.png,1204543
Bird,Good,036,A030_I07.png,030,07,Good/036/A030_I07.png,1004336
Bird,Good,036,A030_I08.png,030,08,Good/036/A030_I08.png,1247487
Bird,Good,036,A030_I09.png,030,09,Good/036/A030_I09.png,1414476
Bird,Good,036,A030_I10.png,030,10,Good/036/A030_I10.png,1450761
Bird,Good,036,A060_I01.png,060,01,Good/036/A060_I01.png,1127417
Bird,Good,036,A060_I02.png,060,02,Good/036/A060_I02.png,1285606
Bird,Good,036,A060_I03.png,060,03,Good/036/A060_I03.png,1190825
Bird,Good,036,A060_I04.png,060,04,Good/036/A060_I04.png,1284458
Bird,Good,036,A060_I05.png,060,05,Good/036/A060_I05.png,1277895
Bird,Good,036,A060_I06.png,060,06,Good/036/A060_I06.png,1200322
Bird,Good,036,A060_I07.png,060,07,Good/036/A060_I07.png,992081
Bird,Good,036,A060_I08.png,060,08,Good/036/A060_I08.png,1222754
Bird,Good,036,A060_I09.png,060,09,Good/036/A060_I09.png,1402572
Bird,Good,036,A060_I10.png,060,10,Good/036/A060_I10.png,1441930
Bird,Good,036,A090_I01.png,090,01,Good/036/A090_I01.png,1151287
Bird,Good,036,A090_I02.png,090,02,Good/036/A090_I02.png,1297424
Bird,Good,036,A090_I03.png,090,03,Good/036/A090_I03.png,1189932
Bird,Good,036,A090_I04.png,090,04,Good/036/A090_I04.png,1296889
Bird,Good,036,A090_I05.png,090,05,Good/036/A090_I05.png,1306090
Bird,Good,036,A090_I06.png,090,06,Good/036/A090_I06.png,1219533
Bird,Good,036,A090_I07.png,090,07,Good/036/A090_I07.png,1004273
Bird,Good,036,A090_I08.png,090,08,Good/036/A090_I08.png,1238835
Bird,Good,036,A090_I09.png,090,09,Good/036/A090_I09.png,1416294
Bird,Good,036,A090_I10.png,090,10,Good/036/A090_I10.png,1447222
Bird,Good,036,A120_I01.png,120,01,Good/036/A120_I01.png,1161014
Bird,Good,036,A120_I02.png,120,02,Good/036/A120_I02.png,1299015
Bird,Good,036,A120_I03.png,120,03,Good/036/A120_I03.png,1201123
Bird,Good,036,A120_I04.png,120,04,Good/036/A120_I04.png,1313603
Bird,Good,036,A120_I05.png,120,05,Good/036/A120_I05.png,1339280
Bird,Good,036,A120_I06.png,120,06,Good/036/A120_I06.png,1254311
Bird,Good,036,A120_I07.png,120,07,Good/036/A120_I07.png,1038610
Bird,Good,036,A120_I08.png,120,08,Good/036/A120_I08.png,1261234
Bird,Good,036,A120_I09.png,120,09,Good/036/A120_I09.png,1445941
Bird,Good,036,A120_I10.png,120,10,Good/036/A120_I10.png,1470757
Bird,Good,036,A150_I01.png,150,01,Good/036/A150_I01.png,1178460
Bird,Good,036,A150_I02.png,150,02,Good/036/A150_I02.png,1310098
Bird,Good,036,A150_I03.png,150,03,Good/036/A150_I03.png,1234911
Bird,Good,036,A150_I04.png,150,04,Good/036/A150_I04.png,1331719
Bird,Good,036,A150_I05.png,150,05,Good/036/A150_I05.png,1351209
Bird,Good,036,A150_I06.png,150,06,Good/036/A150_I06.png,1264745
Bird,Good,036,A150_I07.png,150,07,Good/036/A150_I07.png,1041389
Bird,Good,036,A150_I08.png,150,08,Good/036/A150_I08.png,1267774
Bird,Good,036,A150_I09.png,150,09,Good/036/A150_I09.png,1466741
Bird,Good,036,A150_I10.png,150,10,Good/036/A150_I10.png,1488861
Bird,Good,036,A180_I01.png,180,01,Good/036/A180_I01.png,1175046
Bird,Good,036,A180_I02.png,180,02,Good/036/A180_I02.png,1329829
Bird,Good,036,A180_I03.png,180,03,Good/036/A180_I03.png,1264575
Bird,Good,036,A180_I04.png,180,04,Good/036/A180_I04.png,1333015
Bird,Good,036,A180_I05.png,180,05,Good/036/A180_I05.png,1328891
Bird,Good,036,A180_I06.png,180,06,Good/036/A180_I06.png,1241517
Bird,Good,036,A180_I07.png,180,07,Good/036/A180_I07.png,1027544
Bird,Good,036,A180_I08.png,180,08,Good/036/A180_I08.png,1265325
Bird,Good,036,A180_I09.png,180,09,Good/036/A180_I09.png,1463288
Bird,Good,036,A180_I10.png,180,10,Good/036/A180_I10.png,1485927
Bird,Good,036,A210_I01.png,210,01,Good/036/A210_I01.png,1172122
Bird,Good,036,A210_I02.png,210,02,Good/036/A210_I02.png,1338935
Bird,Good,036,A210_I03.png,210,03,Good/036/A210_I03.png,1272352
Bird,Good,036,A210_I04.png,210,04,Good/036/A210_I04.png,1349270
Bird,Good,036,A210_I05.png,210,05,Good/036/A210_I05.png,1351794
Bird,Good,036,A210_I06.png,210,06,Good/036/A210_I06.png,1258974
Bird,Good,036,A210_I07.png,210,07,Good/036/A210_I07.png,1042218
Bird,Good,036,A210_I08.png,210,08,Good/036/A210_I08.png,1268434
Bird,Good,036,A210_I09.png,210,09,Good/036/A210_I09.png,1475772
Bird,Good,036,A210_I10.png,210,10,Good/036/A210_I10.png,1496534
Bird,Good,036,A240_I01.png,240,01,Good/036/A240_I01.png,1182244
Bird,Good,036,A240_I02.png,240,02,Good/036/A240_I02.png,1352292
Bird,Good,036,A240_I03.png,240,03,Good/036/A240_I03.png,1281757
Bird,Good,036,A240_I04.png,240,04,Good/036/A240_I04.png,1370444
Bird,Good,036,A240_I05.png,240,05,Good/036/A240_I05.png,1383151
Bird,Good,036,A240_I06.png,240,06,Good/036/A240_I06.png,1286481
Bird,Good,036,A240_I07.png,240,07,Good/036/A240_I07.png,1074397
Bird,Good,036,A240_I08.png,240,08,Good/036/A240_I08.png,1280032
Bird,Good,036,A240_I09.png,240,09,Good/036/A240_I09.png,1492796
Bird,Good,036,A240_I10.png,240,10,Good/036/A240_I10.png,1512190
Bird,Good,036,A270_I01.png,270,01,Good/036/A270_I01.png,1196283
Bird,Good,036,A270_I02.png,270,02,Good/036/A270_I02.png,1360998
Bird,Good,036,A270_I03.png,270,03,Good/036/A270_I03.png,1274852
Bird,Good,036,A270_I04.png,270,04,Good/036/A270_I04.png,1362601
Bird,Good,036,A270_I05.png,270,05,Good/036/A270_I05.png,1373696
Bird,Good,036,A270_I06.png,270,06,Good/036/A270_I06.png,1283643
Bird,Good,036,A270_I07.png,270,07,Good/036/A270_I07.png,1102027
Bird,Good,036,A270_I08.png,270,08,Good/036/A270_I08.png,1302696
Bird,Good,036,A270_I09.png,270,09,Good/036/A270_I09.png,1494515
Bird,Good,036,A270_I10.png,270,10,Good/036/A270_I10.png,1512334
Bird,Good,036,A300_I01.png,300,01,Good/036/A300_I01.png,1221149
Bird,Good,036,A300_I02.png,300,02,Good/036/A300_I02.png,1366637
Bird,Good,036,A300_I03.png,300,03,Good/036/A300_I03.png,1254852
Bird,Good,036,A300_I04.png,300,04,Good/036/A300_I04.png,1348640
Bird,Good,036,A300_I05.png,300,05,Good/036/A300_I05.png,1366802
Bird,Good,036,A300_I06.png,300,06,Good/036/A300_I06.png,1284394
Bird,Good,036,A300_I07.png,300,07,Good/036/A300_I07.png,1113983
Bird,Good,036,A300_I08.png,300,08,Good/036/A300_I08.png,1325877
Bird,Good,036,A300_I09.png,300,09,Good/036/A300_I09.png,1498103
Bird,Good,036,A300_I10.png,300,10,Good/036/A300_I10.png,1512111
Bird,Good,036,A330_I01.png,330,01,Good/036/A330_I01.png,1215448
Bird,Good,036,A330_I02.png,330,02,Good/036/A330_I02.png,1349432
Bird,Good,036,A330_I03.png,330,03,Good/036/A330_I03.png,1234167
Bird,Good,036,A330_I04.png,330,04,Good/036/A330_I04.png,1317431
Bird,Good,036,A330_I05.png,330,05,Good/036/A330_I05.png,1331693
Bird,Good,036,A330_I06.png,330,06,Good/036/A330_I06.png,1270485
Bird,Good,036,A330_I07.png,330,07,Good/036/A330_I07.png,1116207
Bird,Good,036,A330_I08.png,330,08,Good/036/A330_I08.png,1320003
Bird,Good,036,A330_I09.png,330,09,Good/036/A330_I09.png,1481454
Bird,Good,036,A330_I10.png,330,10,Good/036/A330_I10.png,1495082
Bird,Good,037,A000_I01.png,000,01,Good/037/A000_I01.png,1170788
Bird,Good,037,A000_I02.png,000,02,Good/037/A000_I02.png,1316860
Bird,Good,037,A000_I03.png,000,03,Good/037/A000_I03.png,1217442
Bird,Good,037,A000_I04.png,000,04,Good/037/A000_I04.png,1301342
Bird,Good,037,A000_I05.png,000,05,Good/037/A000_I05.png,1307562
Bird,Good,037,A000_I06.png,000,06,Good/037/A000_I06.png,1234911
Bird,Good,037,A000_I07.png,000,07,Good/037/A000_I07.png,1068525
Bird,Good,037,A000_I08.png,000,08,Good/037/A000_I08.png,1277230
Bird,Good,037,A000_I09.png,000,09,Good/037/A000_I09.png,1445680
Bird,Good,037,A000_I10.png,000,10,Good/037/A000_I10.png,1473006
Bird,Good,037,A030_I01.png,030,01,Good/037/A030_I01.png,1190980
Bird,Good,037,A030_I02.png,030,02,Good/037/A030_I02.png,1321229
Bird,Good,037,A030_I03.png,030,03,Good/037/A030_I03.png,1212238
Bird,Good,037,A030_I04.png,030,04,Good/037/A030_I04.png,1291456
Bird,Good,037,A030_I05.png,030,05,Good/037/A030_I05.png,1304548
Bird,Good,037,A030_I06.png,030,06,Good/037/A030_I06.png,1232895
Bird,Good,037,A030_I07.png,030,07,Good/037/A030_I07.png,1044866
Bird,Good,037,A030_I08.png,030,08,Good/037/A030_I08.png,1282502
Bird,Good,037,A030_I09.png,030,09,Good/037/A030_I09.png,1440078
Bird,Good,037,A030_I10.png,030,10,Good/037/A030_I10.png,1464108
Bird,Good,037,A060_I01.png,060,01,Good/037/A060_I01.png,1131939
Bird,Good,037,A060_I02.png,060,02,Good/037/A060_I02.png,1289709
Bird,Good,037,A060_I03.png,060,03,Good/037/A060_I03.png,1203014
Bird,Good,037,A060_I04.png,060,04,Good/037/A060_I04.png,1283076
Bird,Good,037,A060_I05.png,060,05,Good/037/A060_I05.png,1277811
Bird,Good,037,A060_I06.png,060,06,Good/037/A060_I06.png,1207860
Bird,Good,037,A060_I07.png,060,07,Good/037/A060_I07.png,1018030
Bird,Good,037,A060_I08.png,060,08,Good/037/A060_I08.png,1235639
Bird,Good,037,A060_I09.png,060,09,Good/037/A060_I09.png,1410268
Bird,Good,037,A060_I10.png,060,10,Good/037/A060_I10.png,1448084
Bird,Good,037,A090_I01.png,090,01,Good/037/A090_I01.png,1164516
Bird,Good,037,A090_I02.png,090,02,Good/037/A090_I02.png,1303645
Bird,Good,037,A090_I03.png,090,03,Good/037/A090_I03.png,1200243
Bird,Good,037,A090_I04.png,090,04,Good/037/A090_I04.png,1295413
Bird,Good,037,A090_I05.png,090,05,Good/037/A090_I05.png,1300749
Bird,Good,037,A090_I06.png,090,06,Good/037/A090_I06.png,1219481
Bird,Good,037,A090_I07.png,090,07,Good/037/A090_I07.png,1010833
Bird,Good,037,A090_I08.png,090,08,Good/037/A090_I08.png,1249495
Bird,Good,037,A090_I09.png,090,09,Good/037/A090_I09.png,1424787
Bird,Good,037,A090_I10.png,090,10,Good/037/A090_I10.png,1453976
Bird,Good,037,A120_I01.png,120,01,Good/037/A120_I01.png,1156499
Bird,Good,037,A120_I02.png,120,02,Good/037/A120_I02.png,1296249
Bird,Good,037,A120_I03.png,120,03,Good/037/A120_I03.png,1209659
Bird,Good,037,A120_I04.png,120,04,Good/037/A120_I04.png,1308918
Bird,Good,037,A120_I05.png,120,05,Good/037/A120_I05.png,1325704
Bird,Good,037,A120_I06.png,120,06,Good/037/A120_I06.png,1248998
Bird,Good,037,A120_I07.png,120,07,Good/037/A120_I07.png,1059817
Bird,Good,037,A120_I08.png,120,08,Good/037/A120_I08.png,1263965
Bird,Good,037,A120_I09.png,120,09,Good/037/A120_I09.png,1443768
Bird,Good,037,A120_I10.png,120,10,Good/037/A120_I10.png,1471718
Bird,Good,037,A150_I01.png,150,01,Good/037/A150_I01.png,1169551
Bird,Good,037,A150_I02.png,150,02,Good/037/A150_I02.png,1308579
Bird,Good,037,A150_I03.png,150,03,Good/037/A150_I03.png,1231740
Bird,Good,037,A150_I04.png,150,04,Good/037/A150_I04.png,1318976
Bird,Good,037,A150_I05.png,150,05,Good/037/A150_I05.png,1332189
Bird,Good,037,A150_I06.png,150,06,Good/037/A150_I06.png,1251234
Bird,Good,037,A150_I07.png,150,07,Good/037/A150_I07.png,1051969
Bird,Good,037,A150_I08.png,150,08,Good/037/A150_I08.png,1271753
Bird,Good,037,A150_I09.png,150,09,Good/037/A150_I09.png,1458251
Bird,Good,037,A150_I10.png,150,10,Good/037/A150_I10.png,1484211
Bird,Good,037,A180_I01.png,180,01,Good/037/A180_I01.png,1170327
Bird,Good,037,A180_I02.png,180,02,Good/037/A180_I02.png,1318678
Bird,Good,037,A180_I03.png,180,03,Good/037/A180_I03.png,1252715
Bird,Good,037,A180_I04.png,180,04,Good/037/A180_I04.png,1332374
Bird,Good,037,A180_I05.png,180,05,Good/037/A180_I05.png,1336590
Bird,Good,037,A180_I06.png,180,06,Good/037/A180_I06.png,1247816
Bird,Good,037,A180_I07.png,180,07,Good/037/A180_I07.png,1046379
Bird,Good,037,A180_I08.png,180,08,Good/037/A180_I08.png,1261474
Bird,Good,037,A180_I09.png,180,09,Good/037/A180_I09.png,1461309
Bird,Good,037,A180_I10.png,180,10,Good/037/A180_I10.png,1484040
Bird,Good,037,A210_I01.png,210,01,Good/037/A210_I01.png,1167902
Bird,Good,037,A210_I02.png,210,02,Good/037/A210_I02.png,1327180
Bird,Good,037,A210_I03.png,210,03,Good/037/A210_I03.png,1262319
Bird,Good,037,A210_I04.png,210,04,Good/037/A210_I04.png,1349829
Bird,Good,037,A210_I05.png,210,05,Good/037/A210_I05.png,1359859
Bird,Good,037,A210_I06.png,210,06,Good/037/A210_I06.png,1272921
Bird,Good,037,A210_I07.png,210,07,Good/037/A210_I07.png,1073110
Bird,Good,037,A210_I08.png,210,08,Good/037/A210_I08.png,1271831
Bird,Good,037,A210_I09.png,210,09,Good/037/A210_I09.png,1474685
Bird,Good,037,A210_I10.png,210,10,Good/037/A210_I10.png,1494472
Bird,Good,037,A240_I01.png,240,01,Good/037/A240_I01.png,1183866
Bird,Good,037,A240_I02.png,240,02,Good/037/A240_I02.png,1343981
Bird,Good,037,A240_I03.png,240,03,Good/037/A240_I03.png,1267643
Bird,Good,037,A240_I04.png,240,04,Good/037/A240_I04.png,1367544
Bird,Good,037,A240_I05.png,240,05,Good/037/A240_I05.png,1391905
Bird,Good,037,A240_I06.png,240,06,Good/037/A240_I06.png,1308450
Bird,Good,037,A240_I07.png,240,07,Good/037/A240_I07.png,1120152
Bird,Good,037,A240_I08.png,240,08,Good/037/A240_I08.png,1297047
Bird,Good,037,A240_I09.png,240,09,Good/037/A240_I09.png,1498602
Bird,Good,037,A240_I10.png,240,10,Good/037/A240_I10.png,1514770
Bird,Good,037,A270_I01.png,270,01,Good/037/A270_I01.png,1200960
Bird,Good,037,A270_I02.png,270,02,Good/037/A270_I02.png,1360021
Bird,Good,037,A270_I03.png,270,03,Good/037/A270_I03.png,1267269
Bird,Good,037,A270_I04.png,270,04,Good/037/A270_I04.png,1366131
Bird,Good,037,A270_I05.png,270,05,Good/037/A270_I05.png,1384660
Bird,Good,037,A270_I06.png,270,06,Good/037/A270_I06.png,1307317
Bird,Good,037,A270_I07.png,270,07,Good/037/A270_I07.png,1133689
Bird,Good,037,A270_I08.png,270,08,Good/037/A270_I08.png,1313374
Bird,Good,037,A270_I09.png,270,09,Good/037/A270_I09.png,1500156
Bird,Good,037,A270_I10.png,270,10,Good/037/A270_I10.png,1513601
Bird,Good,037,A300_I01.png,300,01,Good/037/A300_I01.png,1224518
Bird,Good,037,A300_I02.png,300,02,Good/037/A300_I02.png,1366313
Bird,Good,037,A300_I03.png,300,03,Good/037/A300_I03.png,1253973
Bird,Good,037,A300_I04.png,300,04,Good/037/A300_I04.png,1346092
Bird,Good,037,A300_I05.png,300,05,Good/037/A300_I05.png,1360996
Bird,Good,037,A300_I06.png,300,06,Good/037/A300_I06.png,1286047
Bird,Good,037,A300_I07.png,300,07,Good/037/A300_I07.png,1120121
Bird,Good,037,A300_I08.png,300,08,Good/037/A300_I08.png,1326912
Bird,Good,037,A300_I09.png,300,09,Good/037/A300_I09.png,1495532
Bird,Good,037,A300_I10.png,300,10,Good/037/A300_I10.png,1508370
Bird,Good,037,A330_I01.png,330,01,Good/037/A330_I01.png,1226624
Bird,Good,037,A330_I02.png,330,02,Good/037/A330_I02.png,1359065
Bird,Good,037,A330_I03.png,330,03,Good/037/A330_I03.png,1242378
Bird,Good,037,A330_I04.png,330,04,Good/037/A330_I04.png,1320146
Bird,Good,037,A330_I05.png,330,05,Good/037/A330_I05.png,1328142
Bird,Good,037,A330_I06.png,330,06,Good/037/A330_I06.png,1263435
Bird,Good,037,A330_I07.png,330,07,Good/037/A330_I07.png,1099811
Bird,Good,037,A330_I08.png,330,08,Good/037/A330_I08.png,1323223
Bird,Good,037,A330_I09.png,330,09,Good/037/A330_I09.png,1484460
Bird,Good,037,A330_I10.png,330,10,Good/037/A330_I10.png,1497422
Bird,Good,038,A000_I01.png,000,01,Good/038/A000_I01.png,1172510
Bird,Good,038,A000_I02.png,000,02,Good/038/A000_I02.png,1318380
Bird,Good,038,A000_I03.png,000,03,Good/038/A000_I03.png,1227076
Bird,Good,038,A000_I04.png,000,04,Good/038/A000_I04.png,1301073
Bird,Good,038,A000_I05.png,000,05,Good/038/A000_I05.png,1307275
Bird,Good,038,A000_I06.png,000,06,Good/038/A000_I06.png,1228457
Bird,Good,038,A000_I07.png,000,07,Good/038/A000_I07.png,1057492
Bird,Good,038,A000_I08.png,000,08,Good/038/A000_I08.png,1273197
Bird,Good,038,A000_I09.png,000,09,Good/038/A000_I09.png,1440952
Bird,Good,038,A000_I10.png,000,10,Good/038/A000_I10.png,1468003
Bird,Good,038,A030_I01.png,030,01,Good/038/A030_I01.png,1186011
Bird,Good,038,A030_I02.png,030,02,Good/038/A030_I02.png,1320539
Bird,Good,038,A030_I03.png,030,03,Good/038/A030_I03.png,1217824
Bird,Good,038,A030_I04.png,030,04,Good/038/A030_I04.png,1288205
Bird,Good,038,A030_I05.png,030,05,Good/038/A030_I05.png,1302736
Bird,Good,038,A030_I06.png,030,06,Good/038/A030_I06.png,1218036
Bird,Good,038,A030_I07.png,030,07,Good/038/A030_I07.png,1023147
Bird,Good,038,A030_I08.png,030,08,Good/038/A030_I08.png,1271736
Bird,Good,038,A030_I09.png,030,09,Good/038/A030_I09.png,1430492
Bird,Good,038,A030_I10.png,030,10,Good/038/A030_I10.png,1456699
Bird,Good,038,A060_I01.png,060,01,Good/038/A060_I01.png,1158745
Bird,Good,038,A060_I02.png,060,02,Good/038/A060_I02.png,1303121
Bird,Good,038,A060_I03.png,060,03,Good/038/A060_I03.png,1208945
Bird,Good,038,A060_I04.png,060,04,Good/038/A060_I04.png,1284896
Bird,Good,038,A060_I05.png,060,05,Good/038/A060_I05.png,1281265
Bird,Good,038,A060_I06.png,060,06,Good/038/A060_I06.png,1213745
Bird,Good,038,A060_I07.png,060,07,Good/038/A060_I07.png,1025274
Bird,Good,038,A060_I08.png,060,08,Good/038/A060_I08.png,1252202
Bird,Good,038,A060_I09.png,060,09,Good/038/A060_I09.png,1420142
Bird,Good,038,A060_I10.png,060,10,Good/038/A060_I10.png,1450884
Bird,Good,038,A090_I01.png,090,01,Good/038/A090_I01.png,1141676
Bird,Good,038,A090_I02.png,090,02,Good/038/A090_I02.png,1291322
Bird,Good,038,A090_I03.png,090,03,Good/038/A090_I03.png,1200265
Bird,Good,038,A090_I04.png,090,04,Good/038/A090_I04.png,1292337
Bird,Good,038,A090_I05.png,090,05,Good/038/A090_I05.png,1293633
Bird,Good,038,A090_I06.png,090,06,Good/038/A090_I06.png,1229126
Bird,Good,038,A090_I07.png,090,07,Good/038/A090_I07.png,1046180
Bird,Good,038,A090_I08.png,090,08,Good/038/A090_I08.png,1247552
Bird,Good,038,A090_I09.png,090,09,Good/038/A090_I09.png,1424260
Bird,Good,038,A090_I10.png,090,10,Good/038/A090_I10.png,1454120
Bird,Good,038,A120_I01.png,120,01,Good/038/A120_I01.png,1114846
Bird,Good,038,A120_I02.png,120,02,Good/038/A120_I02.png,1277617
Bird,Good,038,A120_I03.png,120,03,Good/038/A120_I03.png,1212361
Bird,Good,038,A120_I04.png,120,04,Good/038/A120_I04.png,1307923
Bird,Good,038,A120_I05.png,120,05,Good/038/A120_I05.png,1318082
Bird,Good,038,A120_I06.png,120,06,Good/038/A120_I06.png,1238006
Bird,Good,038,A120_I07.png,120,07,Good/038/A120_I07.png,1041158
Bird,Good,038,A120_I08.png,120,08,Good/038/A120_I08.png,1234923
Bird,Good,038,A120_I09.png,120,09,Good/038/A120_I09.png,1430463
Bird,Good,038,A120_I10.png,120,10,Good/038/A120_I10.png,1464448
Bird,Good,038,A150_I01.png,150,01,Good/038/A150_I01.png,1153421
Bird,Good,038,A150_I02.png,150,02,Good/038/A150_I02.png,1295722
Bird,Good,038,A150_I03.png,150,03,Good/038/A150_I03.png,1223529
Bird,Good,038,A150_I04.png,150,04,Good/038/A150_I04.png,1321102
Bird,Good,038,A150_I05.png,150,05,Good/038/A150_I05.png,1337562
Bird,Good,038,A150_I06.png,150,06,Good/038/A150_I06.png,1258230
Bird,Good,038,A150_I07.png,150,07,Good/038/A150_I07.png,1053729
Bird,Good,038,A150_I08.png,150,08,Good/038/A150_I08.png,1262498
Bird,Good,038,A150_I09.png,150,09,Good/038/A150_I09.png,1455360
Bird,Good,038,A150_I10.png,150,10,Good/038/A150_I10.png,1482716
Bird,Good,038,A180_I01.png,180,01,Good/038/A180_I01.png,1177211
Bird,Good,038,A180_I02.png,180,02,Good/038/A180_I02.png,1317610
Bird,Good,038,A180_I03.png,180,03,Good/038/A180_I03.png,1240194
Bird,Good,038,A180_I04.png,180,04,Good/038/A180_I04.png,1338980
Bird,Good,038,A180_I05.png,180,05,Good/038/A180_I05.png,1348070
Bird,Good,038,A180_I06.png,180,06,Good/038/A180_I06.png,1267083
Bird,Good,038,A180_I07.png,180,07,Good/038/A180_I07.png,1047941
Bird,Good,038,A180_I08.png,180,08,Good/038/A180_I08.png,1269411
Bird,Good,038,A180_I09.png,180,09,Good/038/A180_I09.png,1469874
Bird,Good,038,A180_I10.png,180,10,Good/038/A180_I10.png,1491522
Bird,Good,038,A210_I01.png,210,01,Good/038/A210_I01.png,1179514
Bird,Good,038,A210_I02.png,210,02,Good/038/A210_I02.png,1331401
Bird,Good,038,A210_I03.png,210,03,Good/038/A210_I03.png,1246606
Bird,Good,038,A210_I04.png,210,04,Good/038/A210_I04.png,1351354
Bird,Good,038,A210_I05.png,210,05,Good/038/A210_I05.png,1366448
Bird,Good,038,A210_I06.png,210,06,Good/038/A210_I06.png,1286269
Bird,Good,038,A210_I07.png,210,07,Good/038/A210_I07.png,1075030
Bird,Good,038,A210_I08.png,210,08,Good/038/A210_I08.png,1283961
Bird,Good,038,A210_I09.png,210,09,Good/038/A210_I09.png,1487620
Bird,Good,038,A210_I10.png,210,10,Good/038/A210_I10.png,1506239
Bird,Good,038,A240_I01.png,240,01,Good/038/A240_I01.png,1196516
Bird,Good,038,A240_I02.png,240,02,Good/038/A240_I02.png,1353731
Bird,Good,038,A240_I03.png,240,03,Good/038/A240_I03.png,1259246
Bird,Good,038,A240_I04.png,240,04,Good/038/A240_I04.png,1367097
Bird,Good,038,A240_I05.png,240,05,Good/038/A240_I05.png,1393202
Bird,Good,038,A240_I06.png,240,06,Good/038/A240_I06.png,1307741
Bird,Good,038,A240_I07.png,240,07,Good/038/A240_I07.png,1098729
Bird,Good,038,A240_I08.png,240,08,Good/038/A240_I08.png,1302939
Bird,Good,038,A240_I09.png,240,09,Good/038/A240_I09.png,1505919
Bird,Good,038,A240_I10.png,240,10,Good/038/A240_I10.png,1521705
Bird,Good,038,A270_I01.png,270,01,Good/038/A270_I01.png,1209390
Bird,Good,038,A270_I02.png,270,02,Good/038/A270_I02.png,1365131
Bird,Good,038,A270_I03.png,270,03,Good/038/A270_I03.png,1265473
Bird,Good,038,A270_I04.png,270,04,Good/038/A270_I04.png,1366876
Bird,Good,038,A270_I05.png,270,05,Good/038/A270_I05.png,1384319
Bird,Good,038,A270_I06.png,270,06,Good/038/A270_I06.png,1302495
Bird,Good,038,A270_I07.png,270,07,Good/038/A270_I07.png,1113109
Bird,Good,038,A270_I08.png,270,08,Good/038/A270_I08.png,1316430
Bird,Good,038,A270_I09.png,270,09,Good/038/A270_I09.png,1504000
Bird,Good,038,A270_I10.png,270,10,Good/038/A270_I10.png,1516301
Bird,Good,038,A300_I01.png,300,01,Good/038/A300_I01.png,1234825
Bird,Good,038,A300_I02.png,300,02,Good/038/A300_I02.png,1372660
Bird,Good,038,A300_I03.png,300,03,Good/038/A300_I03.png,1253116
Bird,Good,038,A300_I04.png,300,04,Good/038/A300_I04.png,1343951
Bird,Good,038,A300_I05.png,300,05,Good/038/A300_I05.png,1360370
Bird,Good,038,A300_I06.png,300,06,Good/038/A300_I06.png,1282337
Bird,Good,038,A300_I07.png,300,07,Good/038/A300_I07.png,1103376
Bird,Good,038,A300_I08.png,300,08,Good/038/A300_I08.png,1332497
Bird,Good,038,A300_I09.png,300,09,Good/038/A300_I09.png,1498052
Bird,Good,038,A300_I10.png,300,10,Good/038/A300_I10.png,1509042
Bird,Good,038,A330_I01.png,330,01,Good/038/A330_I01.png,1234985
Bird,Good,038,A330_I02.png,330,02,Good/038/A330_I02.png,1363521
Bird,Good,038,A330_I03.png,330,03,Good/038/A330_I03.png,1244508
Bird,Good,038,A330_I04.png,330,04,Good/038/A330_I04.png,1316921
Bird,Good,038,A330_I05.png,330,05,Good/038/A330_I05.png,1326542
Bird,Good,038,A330_I06.png,330,06,Good/038/A330_I06.png,1262575
Bird,Good,038,A330_I07.png,330,07,Good/038/A330_I07.png,1098540
Bird,Good,038,A330_I08.png,330,08,Good/038/A330_I08.png,1327686
Bird,Good,038,A330_I09.png,330,09,Good/038/A330_I09.png,1485859
Bird,Good,038,A330_I10.png,330,10,Good/038/A330_I10.png,1497295
Bird,Good,039,A000_I01.png,000,01,Good/039/A000_I01.png,1195725
Bird,Good,039,A000_I02.png,000,02,Good/039/A000_I02.png,1332524
Bird,Good,039,A000_I03.png,000,03,Good/039/A000_I03.png,1226409
Bird,Good,039,A000_I04.png,000,04,Good/039/A000_I04.png,1300944
Bird,Good,039,A000_I05.png,000,05,Good/039/A000_I05.png,1306802
Bird,Good,039,A000_I06.png,000,06,Good/039/A000_I06.png,1229383
Bird,Good,039,A000_I07.png,000,07,Good/039/A000_I07.png,1056761
Bird,Good,039,A000_I08.png,000,08,Good/039/A000_I08.png,1287424
Bird,Good,039,A000_I09.png,000,09,Good/039/A000_I09.png,1451097
Bird,Good,039,A000_I10.png,000,10,Good/039/A000_I10.png,1471304
Bird,Good,039,A030_I01.png,030,01,Good/039/A030_I01.png,1152179
Bird,Good,039,A030_I02.png,030,02,Good/039/A030_I02.png,1298586
Bird,Good,039,A030_I03.png,030,03,Good/039/A030_I03.png,1205264
Bird,Good,039,A030_I04.png,030,04,Good/039/A030_I04.png,1283241
Bird,Good,039,A030_I05.png,030,05,Good/039/A030_I05.png,1292247
Bird,Good,039,A030_I06.png,030,06,Good/039/A030_I06.png,1207217
Bird,Good,039,A030_I07.png,030,07,Good/039/A030_I07.png,1013734
Bird,Good,039,A030_I08.png,030,08,Good/039/A030_I08.png,1245858
Bird,Good,039,A030_I09.png,030,09,Good/039/A030_I09.png,1413694
Bird,Good,039,A030_I10.png,030,10,Good/039/A030_I10.png,1447917
Bird,Good,039,A060_I01.png,060,01,Good/039/A060_I01.png,1137660
Bird,Good,039,A060_I02.png,060,02,Good/039/A060_I02.png,1291401
Bird,Good,039,A060_I03.png,060,03,Good/039/A060_I03.png,1195826
Bird,Good,039,A060_I04.png,060,04,Good/039/A060_I04.png,1281370
Bird,Good,039,A060_I05.png,060,05,Good/039/A060_I05.png,1275005
Bird,Good,039,A060_I06.png,060,06,Good/039/A060_I06.png,1197979
Bird,Good,039,A060_I07.png,060,07,Good/039/A060_I07.png,1002897
Bird,Good,039,A060_I08.png,060,08,Good/039/A060_I08.png,1229512
Bird,Good,039,A060_I09.png,060,09,Good/039/A060_I09.png,1403300
Bird,Good,039,A060_I10.png,060,10,Good/039/A060_I10.png,1441150
Bird,Good,039,A090_I01.png,090,01,Good/039/A090_I01.png,1136027
Bird,Good,039,A090_I02.png,090,02,Good/039/A090_I02.png,1287169
Bird,Good,039,A090_I03.png,090,03,Good/039/A090_I03.png,1191967
Bird,Good,039,A090_I04.png,090,04,Good/039/A090_I04.png,1292195
Bird,Good,039,A090_I05.png,090,05,Good/039/A090_I05.png,1293014
Bird,Good,039,A090_I06.png,090,06,Good/039/A090_I06.png,1216548
Bird,Good,039,A090_I07.png,090,07,Good/039/A090_I07.png,1015833
Bird,Good,039,A090_I08.png,090,08,Good/039/A090_I08.png,1232844
Bird,Good,039,A090_I09.png,090,09,Good/039/A090_I09.png,1413942
Bird,Good,039,A090_I10.png,090,10,Good/039/A090_I10.png,1448113
Bird,Good,039,A120_I01.png,120,01,Good/039/A120_I01.png,1134577
Bird,Good,039,A120_I02.png,120,02,Good/039/A120_I02.png,1287102
Bird,Good,039,A120_I03.png,120,03,Good/039/A120_I03.png,1202923
Bird,Good,039,A120_I04.png,120,04,Good/039/A120_I04.png,1309884
Bird,Good,039,A120_I05.png,120,05,Good/039/A120_I05.png,1326191
Bird,Good,039,A120_I06.png,120,06,Good/039/A120_I06.png,1245291
Bird,Good,039,A120_I07.png,120,07,Good/039/A120_I07.png,1038182
Bird,Good,039,A120_I08.png,120,08,Good/039/A120_I08.png,1247402
Bird,Good,039,A120_I09.png,120,09,Good/039/A120_I09.png,1437456
Bird,Good,039,A120_I10.png,120,10,Good/039/A120_I10.png,1468419
Bird,Good,039,A150_I01.png,150,01,Good/039/A150_I01.png,1159964
Bird,Good,039,A150_I02.png,150,02,Good/039/A150_I02.png,1298681
Bird,Good,039,A150_I03.png,150,03,Good/039/A150_I03.png,1217952
Bird,Good,039,A150_I04.png,150,04,Good/039/A150_I04.png,1321124
Bird,Good,039,A150_I05.png,150,05,Good/039/A150_I05.png,1341083
Bird,Good,039,A150_I06.png,150,06,Good/039/A150_I06.png,1262900
Bird,Good,039,A150_I07.png,150,07,Good/039/A150_I07.png,1066147
Bird,Good,039,A150_I08.png,150,08,Good/039/A150_I08.png,1267955
Bird,Good,039,A150_I09.png,150,09,Good/039/A150_I09.png,1457627
Bird,Good,039,A150_I10.png,150,10,Good/039/A150_I10.png,1483501
Bird,Good,039,A180_I01.png,180,01,Good/039/A180_I01.png,1173640
Bird,Good,039,A180_I02.png,180,02,Good/039/A180_I02.png,1322317
Bird,Good,039,A180_I03.png,180,03,Good/039/A180_I03.png,1245342
Bird,Good,039,A180_I04.png,180,04,Good/039/A180_I04.png,1336834
Bird,Good,039,A180_I05.png,180,05,Good/039/A180_I05.png,1346297
Bird,Good,039,A180_I06.png,180,06,Good/039/A180_I06.png,1267834
Bird,Good,039,A180_I07.png,180,07,Good/039/A180_I07.png,1064574
Bird,Good,039,A180_I08.png,180,08,Good/039/A180_I08.png,1272944
Bird,Good,039,A180_I09.png,180,09,Good/039/A180_I09.png,1471079
Bird,Good,039,A180_I10.png,180,10,Good/039/A180_I10.png,1491530
Bird,Good,039,A210_I01.png,210,01,Good/039/A210_I01.png,1174949
Bird,Good,039,A210_I02.png,210,02,Good/039/A210_I02.png,1334581
Bird,Good,039,A210_I03.png,210,03,Good/039/A210_I03.png,1255616
Bird,Good,039,A210_I04.png,210,04,Good/039/A210_I04.png,1360769
Bird,Good,039,A210_I05.png,210,05,Good/039/A210_I05.png,1378262
Bird,Good,039,A210_I06.png,210,06,Good/039/A210_I06.png,1297720
Bird,Good,039,A210_I07.png,210,07,Good/039/A210_I07.png,1088634
Bird,Good,039,A210_I08.png,210,08,Good/039/A210_I08.png,1282934
Bird,Good,039,A210_I09.png,210,09,Good/039/A210_I09.png,1491699
Bird,Good,039,A210_I10.png,210,10,Good/039/A210_I10.png,1509239
Bird,Good,039,A240_I01.png,240,01,Good/039/A240_I01.png,1190612
Bird,Good,039,A240_I02.png,240,02,Good/039/A240_I02.png,1354735
Bird,Good,039,A240_I03.png,240,03,Good/039/A240_I03.png,1273760
Bird,Good,039,A240_I04.png,240,04,Good/039/A240_I04.png,1377231
Bird,Good,039,A240_I05.png,240,05,Good/039/A240_I05.png,1398007
Bird,Good,039,A240_I06.png,240,06,Good/039/A240_I06.png,1304097
Bird,Good,039,A240_I07.png,240,07,Good/039/A240_I07.png,1089769
Bird,Good,039,A240_I08.png,240,08,Good/039/A240_I08.png,1289799
Bird,Good,039,A240_I09.png,240,09,Good/039/A240_I09.png,1502800
Bird,Good,039,A240_I10.png,240,10,Good/039/A240_I10.png,1520074
Bird,Good,039,A270_I01.png,270,01,Good/039/A270_I01.png,1208677
Bird,Good,039,A270_I02.png,270,02,Good/039/A270_I02.png,1371030
Bird,Good,039,A270_I03.png,270,03,Good/039/A270_I03.png,1277294
Bird,Good,039,A270_I04.png,270,04,Good/039/A270_I04.png,1358147
Bird,Good,039,A270_I05.png,270,05,Good/039/A270_I05.png,1362087
Bird,Good,039,A270_I06.png,270,06,Good/039/A270_I06.png,1282490
Bird,Good,039,A270_I07.png,270,07,Good/039/A270_I07.png,1105284
Bird,Good,039,A270_I08.png,270,08,Good/039/A270_I08.png,1314783
Bird,Good,039,A270_I09.png,270,09,Good/039/A270_I09.png,1497060
Bird,Good,039,A270_I10.png,270,10,Good/039/A270_I10.png,1513124
Bird,Good,039,A300_I01.png,300,01,Good/039/A300_I01.png,1234951
Bird,Good,039,A300_I02.png,300,02,Good/039/A300_I02.png,1376223
Bird,Good,039,A300_I03.png,300,03,Good/039/A300_I03.png,1261913
Bird,Good,039,A300_I04.png,300,04,Good/039/A300_I04.png,1347350
Bird,Good,039,A300_I05.png,300,05,Good/039/A300_I05.png,1354820
Bird,Good,039,A300_I06.png,300,06,Good/039/A300_I06.png,1268063
Bird,Good,039,A300_I07.png,300,07,Good/039/A300_I07.png,1082695
Bird,Good,039,A300_I08.png,300,08,Good/039/A300_I08.png,1327740
Bird,Good,039,A300_I09.png,300,09,Good/039/A300_I09.png,1498084
Bird,Good,039,A300_I10.png,300,10,Good/039/A300_I10.png,1510713
Bird,Good,039,A330_I01.png,330,01,Good/039/A330_I01.png,1218811
Bird,Good,039,A330_I02.png,330,02,Good/039/A330_I02.png,1351234
Bird,Good,039,A330_I03.png,330,03,Good/039/A330_I03.png,1248044
Bird,Good,039,A330_I04.png,330,04,Good/039/A330_I04.png,1316498
Bird,Good,039,A330_I05.png,330,05,Good/039/A330_I05.png,1319649
Bird,Good,039,A330_I06.png,330,06,Good/039/A330_I06.png,1246796
Bird,Good,039,A330_I07.png,330,07,Good/039/A330_I07.png,1080101
Bird,Good,039,A330_I08.png,330,08,Good/039/A330_I08.png,1306889
Bird,Good,039,A330_I09.png,330,09,Good/039/A330_I09.png,1471947
Bird,Good,039,A330_I10.png,330,10,Good/039/A330_I10.png,1487401
Bird,Good,040,A000_I01.png,000,01,Good/040/A000_I01.png,1192104
Bird,Good,040,A000_I02.png,000,02,Good/040/A000_I02.png,1326352
Bird,Good,040,A000_I03.png,000,03,Good/040/A000_I03.png,1226578
Bird,Good,040,A000_I04.png,000,04,Good/040/A000_I04.png,1300325
Bird,Good,040,A000_I05.png,000,05,Good/040/A000_I05.png,1316083
Bird,Good,040,A000_I06.png,000,06,Good/040/A000_I06.png,1238940
Bird,Good,040,A000_I07.png,000,07,Good/040/A000_I07.png,1065421
Bird,Good,040,A000_I08.png,000,08,Good/040/A000_I08.png,1290681
Bird,Good,040,A000_I09.png,000,09,Good/040/A000_I09.png,1451805
Bird,Good,040,A000_I10.png,000,10,Good/040/A000_I10.png,1472790
Bird,Good,040,A030_I01.png,030,01,Good/040/A030_I01.png,1156928
Bird,Good,040,A030_I02.png,030,02,Good/040/A030_I02.png,1299944
Bird,Good,040,A030_I03.png,030,03,Good/040/A030_I03.png,1209390
Bird,Good,040,A030_I04.png,030,04,Good/040/A030_I04.png,1281484
Bird,Good,040,A030_I05.png,030,05,Good/040/A030_I05.png,1288090
Bird,Good,040,A030_I06.png,030,06,Good/040/A030_I06.png,1217194
Bird,Good,040,A030_I07.png,030,07,Good/040/A030_I07.png,1037918
Bird,Good,040,A030_I08.png,030,08,Good/040/A030_I08.png,1257835
Bird,Good,040,A030_I09.png,030,09,Good/040/A030_I09.png,1421980
Bird,Good,040,A030_I10.png,030,10,Good/040/A030_I10.png,1453503
Bird,Good,040,A060_I01.png,060,01,Good/040/A060_I01.png,1142185
Bird,Good,040,A060_I02.png,060,02,Good/040/A060_I02.png,1293140
Bird,Good,040,A060_I03.png,060,03,Good/040/A060_I03.png,1203916
Bird,Good,040,A060_I04.png,060,04,Good/040/A060_I04.png,1281719
Bird,Good,040,A060_I05.png,060,05,Good/040/A060_I05.png,1274337
Bird,Good,040,A060_I06.png,060,06,Good/040/A060_I06.png,1203531
Bird,Good,040,A060_I07.png,060,07,Good/040/A060_I07.png,1014030
Bird,Good,040,A060_I08.png,060,08,Good/040/A060_I08.png,1236806
Bird,Good,040,A060_I09.png,060,09,Good/040/A060_I09.png,1406843
Bird,Good,040,A060_I10.png,060,10,Good/040/A060_I10.png,1442748
Bird,Good,040,A090_I01.png,090,01,Good/040/A090_I01.png,1150780
Bird,Good,040,A090_I02.png,090,02,Good/040/A090_I02.png,1296080
Bird,Good,040,A090_I03.png,090,03,Good/040/A090_I03.png,1202841
Bird,Good,040,A090_I04.png,090,04,Good/040/A090_I04.png,1294102
Bird,Good,040,A090_I05.png,090,05,Good/040/A090_I05.png,1296836
Bird,Good,040,A090_I06.png,090,06,Good/040/A090_I06.png,1215021
Bird,Good,040,A090_I07.png,090,07,Good/040/A090_I07.png,999260
Bird,Good,040,A090_I08.png,090,08,Good/040/A090_I08.png,1237300
Bird,Good,040,A090_I09.png,090,09,Good/040/A090_I09.png,1414957
Bird,Good,040,A090_I10.png,090,10,Good/040/A090_I10.png,1445602
Bird,Good,040,A120_I01.png,120,01,Good/040/A120_I01.png,1150419
Bird,Good,040,A120_I02.png,120,02,Good/040/A120_I02.png,1293303
Bird,Good,040,A120_I03.png,120,03,Good/040/A120_I03.png,1209621
Bird,Good,040,A120_I04.png,120,04,Good/040/A120_I04.png,1301873
Bird,Good,040,A120_I05.png,120,05,Good/040/A120_I05.png,1317567
Bird,Good,040,A120_I06.png,120,06,Good/040/A120_I06.png,1237087
Bird,Good,040,A120_I07.png,120,07,Good/040/A120_I07.png,1028633
Bird,Good,040,A120_I08.png,120,08,Good/040/A120_I08.png,1253132
Bird,Good,040,A120_I09.png,120,09,Good/040/A120_I09.png,1432247
Bird,Good,040,A120_I10.png,120,10,Good/040/A120_I10.png,1462359
Bird,Good,040,A150_I01.png,150,01,Good/040/A150_I01.png,1171748
Bird,Good,040,A150_I02.png,150,02,Good/040/A150_I02.png,1299645
Bird,Good,040,A150_I03.png,150,03,Good/040/A150_I03.png,1220259
Bird,Good,040,A150_I04.png,150,04,Good/040/A150_I04.png,1313767
Bird,Good,040,A150_I05.png,150,05,Good/040/A150_I05.png,1332286
Bird,Good,040,A150_I06.png,150,06,Good/040/A150_I06.png,1256385
Bird,Good,040,A150_I07.png,150,07,Good/040/A150_I07.png,1057215
Bird,Good,040,A150_I08.png,150,08,Good/040/A150_I08.png,1270792
Bird,Good,040,A150_I09.png,150,09,Good/040/A150_I09.png,1451376
Bird,Good,040,A150_I10.png,150,10,Good/040/A150_I10.png,1474857
Bird,Good,040,A180_I01.png,180,01,Good/040/A180_I01.png,1184383
Bird,Good,040,A180_I02.png,180,02,Good/040/A180_I02.png,1317391
Bird,Good,040,A180_I03.png,180,03,Good/040/A180_I03.png,1247143
Bird,Good,040,A180_I04.png,180,04,Good/040/A180_I04.png,1327730
Bird,Good,040,A180_I05.png,180,05,Good/040/A180_I05.png,1337842
Bird,Good,040,A180_I06.png,180,06,Good/040/A180_I06.png,1256097
Bird,Good,040,A180_I07.png,180,07,Good/040/A180_I07.png,1047371
Bird,Good,040,A180_I08.png,180,08,Good/040/A180_I08.png,1269472
Bird,Good,040,A180_I09.png,180,09,Good/040/A180_I09.png,1458029
Bird,Good,040,A180_I10.png,180,10,Good/040/A180_I10.png,1476068
Bird,Good,040,A210_I01.png,210,01,Good/040/A210_I01.png,1181199
Bird,Good,040,A210_I02.png,210,02,Good/040/A210_I02.png,1326618
Bird,Good,040,A210_I03.png,210,03,Good/040/A210_I03.png,1255026
Bird,Good,040,A210_I04.png,210,04,Good/040/A210_I04.png,1344236
Bird,Good,040,A210_I05.png,210,05,Good/040/A210_I05.png,1360319
Bird,Good,040,A210_I06.png,210,06,Good/040/A210_I06.png,1273896
Bird,Good,040,A210_I07.png,210,07,Good/040/A210_I07.png,1062561
Bird,Good,040,A210_I08.png,210,08,Good/040/A210_I08.png,1275521
Bird,Good,040,A210_I09.png,210,09,Good/040/A210_I09.png,1469907
Bird,Good,040,A210_I10.png,210,10,Good/040/A210_I10.png,1486675
Bird,Good,040,A240_I01.png,240,01,Good/040/A240_I01.png,1193231
Bird,Good,040,A240_I02.png,240,02,Good/040/A240_I02.png,1347490
Bird,Good,040,A240_I03.png,240,03,Good/040/A240_I03.png,1267326
Bird,Good,040,A240_I04.png,240,04,Good/040/A240_I04.png,1350152
Bird,Good,040,A240_I05.png,240,05,Good/040/A240_I05.png,1367285
Bird,Good,040,A240_I06.png,240,06,Good/040/A240_I06.png,1276826
Bird,Good,040,A240_I07.png,240,07,Good/040/A240_I07.png,1077654
Bird,Good,040,A240_I08.png,240,08,Good/040/A240_I08.png,1286317
Bird,Good,040,A240_I09.png,240,09,Good/040/A240_I09.png,1480671
Bird,Good,040,A240_I10.png,240,10,Good/040/A240_I10.png,1498026
Bird,Good,040,A270_I01.png,270,01,Good/040/A270_I01.png,1196748
Bird,Good,040,A270_I02.png,270,02,Good/040/A270_I02.png,1354518
Bird,Good,040,A270_I03.png,270,03,Good/040/A270_I03.png,1270964
Bird,Good,040,A270_I04.png,270,04,Good/040/A270_I04.png,1340648
Bird,Good,040,A270_I05.png,270,05,Good/040/A270_I05.png,1341674
Bird,Good,040,A270_I06.png,270,06,Good/040/A270_I06.png,1253366
Bird,Good,040,A270_I07.png,270,07,Good/040/A270_I07.png,1066044
Bird,Good,040,A270_I08.png,270,08,Good/040/A270_I08.png,1290379
Bird,Good,040,A270_I09.png,270,09,Good/040/A270_I09.png,1471949
Bird,Good,040,A270_I10.png,270,10,Good/040/A270_I10.png,1489076
Bird,Good,040,A300_I01.png,300,01,Good/040/A300_I01.png,1211698
Bird,Good,040,A300_I02.png,300,02,Good/040/A300_I02.png,1354359
Bird,Good,040,A300_I03.png,300,03,Good/040/A300_I03.png,1259234
Bird,Good,040,A300_I04.png,300,04,Good/040/A300_I04.png,1335792
Bird,Good,040,A300_I05.png,300,05,Good/040/A300_I05.png,1338816
Bird,Good,040,A300_I06.png,300,06,Good/040/A300_I06.png,1252345
Bird,Good,040,A300_I07.png,300,07,Good/040/A300_I07.png,1061284
Bird,Good,040,A300_I08.png,300,08,Good/040/A300_I08.png,1301080
Bird,Good,040,A300_I09.png,300,09,Good/040/A300_I09.png,1475114
Bird,Good,040,A300_I10.png,300,10,Good/040/A300_I10.png,1488254
Bird,Good,040,A330_I01.png,330,01,Good/040/A330_I01.png,1203118
Bird,Good,040,A330_I02.png,330,02,Good/040/A330_I02.png,1341019
Bird,Good,040,A330_I03.png,330,03,Good/040/A330_I03.png,1248221
Bird,Good,040,A330_I04.png,330,04,Good/040/A330_I04.png,1317060
Bird,Good,040,A330_I05.png,330,05,Good/040/A330_I05.png,1320586
Bird,Good,040,A330_I06.png,330,06,Good/040/A330_I06.png,1243421
Bird,Good,040,A330_I07.png,330,07,Good/040/A330_I07.png,1063823
Bird,Good,040,A330_I08.png,330,08,Good/040/A330_I08.png,1293662
Bird,Good,040,A330_I09.png,330,09,Good/040/A330_I09.png,1464555
Bird,Good,040,A330_I10.png,330,10,Good/040/A330_I10.png,1480522
Bird,Good,041,A000_I01.png,000,01,Good/041/A000_I01.png,1207231
Bird,Good,041,A000_I02.png,000,02,Good/041/A000_I02.png,1336215
Bird,Good,041,A000_I03.png,000,03,Good/041/A000_I03.png,1219965
Bird,Good,041,A000_I04.png,000,04,Good/041/A000_I04.png,1297094
Bird,Good,041,A000_I05.png,000,05,Good/041/A000_I05.png,1306883
Bird,Good,041,A000_I06.png,000,06,Good/041/A000_I06.png,1241410
Bird,Good,041,A000_I07.png,000,07,Good/041/A000_I07.png,1090289
Bird,Good,041,A000_I08.png,000,08,Good/041/A000_I08.png,1304196
Bird,Good,041,A000_I09.png,000,09,Good/041/A000_I09.png,1458710
Bird,Good,041,A000_I10.png,000,10,Good/041/A000_I10.png,1476237
Bird,Good,041,A030_I01.png,030,01,Good/041/A030_I01.png,1187803
Bird,Good,041,A030_I02.png,030,02,Good/041/A030_I02.png,1320936
Bird,Good,041,A030_I03.png,030,03,Good/041/A030_I03.png,1213004
Bird,Good,041,A030_I04.png,030,04,Good/041/A030_I04.png,1287225
Bird,Good,041,A030_I05.png,030,05,Good/041/A030_I05.png,1300825
Bird,Good,041,A030_I06.png,030,06,Good/041/A030_I06.png,1229156
Bird,Good,041,A030_I07.png,030,07,Good/041/A030_I07.png,1051498
Bird,Good,041,A030_I08.png,030,08,Good/041/A030_I08.png,1283157
Bird,Good,041,A030_I09.png,030,09,Good/041/A030_I09.png,1437587
Bird,Good,041,A030_I10.png,030,10,Good/041/A030_I10.png,1459654
Bird,Good,041,A060_I01.png,060,01,Good/041/A060_I01.png,1132798
Bird,Good,041,A060_I02.png,060,02,Good/041/A060_I02.png,1290417
Bird,Good,041,A060_I03.png,060,03,Good/041/A060_I03.png,1201635
Bird,Good,041,A060_I04.png,060,04,Good/041/A060_I04.png,1283305
Bird,Good,041,A060_I05.png,060,05,Good/041/A060_I05.png,1276615
Bird,Good,041,A060_I06.png,060,06,Good/041/A060_I06.png,1208272
Bird,Good,041,A060_I07.png,060,07,Good/041/A060_I07.png,1019105
Bird,Good,041,A060_I08.png,060,08,Good/041/A060_I08.png,1233550
Bird,Good,041,A060_I09.png,060,09,Good/041/A060_I09.png,1409524
Bird,Good,041,A060_I10.png,060,10,Good/041/A060_I10.png,1446283
Bird,Good,041,A090_I01.png,090,01,Good/041/A090_I01.png,1141944
Bird,Good,041,A090_I02.png,090,02,Good/041/A090_I02.png,1292726
Bird,Good,041,A090_I03.png,090,03,Good/041/A090_I03.png,1196911
Bird,Good,041,A090_I04.png,090,04,Good/041/A090_I04.png,1292985
Bird,Good,041,A090_I05.png,090,05,Good/041/A090_I05.png,1293131
Bird,Good,041,A090_I06.png,090,06,Good/041/A090_I06.png,1212072
Bird,Good,041,A090_I07.png,090,07,Good/041/A090_I07.png,1006242
Bird,Good,041,A090_I08.png,090,08,Good/041/A090_I08.png,1231932
Bird,Good,041,A090_I09.png,090,09,Good/041/A090_I09.png,1413012
Bird,Good,041,A090_I10.png,090,10,Good/041/A090_I10.png,1446067
Bird,Good,041,A120_I01.png,120,01,Good/041/A120_I01.png,1143085
Bird,Good,041,A120_I02.png,120,02,Good/041/A120_I02.png,1291972
Bird,Good,041,A120_I03.png,120,03,Good/041/A120_I03.png,1204806
Bird,Good,041,A120_I04.png,120,04,Good/041/A120_I04.png,1305581
Bird,Good,041,A120_I05.png,120,05,Good/041/A120_I05.png,1322069
Bird,Good,041,A120_I06.png,120,06,Good/041/A120_I06.png,1243050
Bird,Good,041,A120_I07.png,120,07,Good/041/A120_I07.png,1046434
Bird,Good,041,A120_I08.png,120,08,Good/041/A120_I08.png,1252250
Bird,Good,041,A120_I09.png,120,09,Good/041/A120_I09.png,1435855
Bird,Good,041,A120_I10.png,120,10,Good/041/A120_I10.png,1465734
Bird,Good,041,A150_I01.png,150,01,Good/041/A150_I01.png,1158156
Bird,Good,041,A150_I02.png,150,02,Good/041/A150_I02.png,1296521
Bird,Good,041,A150_I03.png,150,03,Good/041/A150_I03.png,1221441
Bird,Good,041,A150_I04.png,150,04,Good/041/A150_I04.png,1318695
Bird,Good,041,A150_I05.png,150,05,Good/041/A150_I05.png,1336743
Bird,Good,041,A150_I06.png,150,06,Good/041/A150_I06.png,1257423
Bird,Good,041,A150_I07.png,150,07,Good/041/A150_I07.png,1057065
Bird,Good,041,A150_I08.png,150,08,Good/041/A150_I08.png,1261654
Bird,Good,041,A150_I09.png,150,09,Good/041/A150_I09.png,1452648
Bird,Good,041,A150_I10.png,150,10,Good/041/A150_I10.png,1477569
Bird,Good,041,A180_I01.png,180,01,Good/041/A180_I01.png,1167527
Bird,Good,041,A180_I02.png,180,02,Good/041/A180_I02.png,1314766
Bird,Good,041,A180_I03.png,180,03,Good/041/A180_I03.png,1245089
Bird,Good,041,A180_I04.png,180,04,Good/041/A180_I04.png,1329643
Bird,Good,041,A180_I05.png,180,05,Good/041/A180_I05.png,1335586
Bird,Good,041,A180_I06.png,180,06,Good/041/A180_I06.png,1251431
Bird,Good,041,A180_I07.png,180,07,Good/041/A180_I07.png,1053059
Bird,Good,041,A180_I08.png,180,08,Good/041/A180_I08.png,1262857
Bird,Good,041,A180_I09.png,180,09,Good/041/A180_I09.png,1458270
Bird,Good,041,A180_I10.png,180,10,Good/041/A180_I10.png,1478438
Bird,Good,041,A210_I01.png,210,01,Good/041/A210_I01.png,1160840
Bird,Good,041,A210_I02.png,210,02,Good/041/A210_I02.png,1323148
Bird,Good,041,A210_I03.png,210,03,Good/041/A210_I03.png,1255093
Bird,Good,041,A210_I04.png,210,04,Good/041/A210_I04.png,1353768
Bird,Good,041,A210_I05.png,210,05,Good/041/A210_I05.png,1365396
Bird,Good,041,A210_I06.png,210,06,Good/041/A210_I06.png,1282932
Bird,Good,041,A210_I07.png,210,07,Good/041/A210_I07.png,1076788
Bird,Good,041,A210_I08.png,210,08,Good/041/A210_I08.png,1269613
Bird,Good,041,A210_I09.png,210,09,Good/041/A210_I09.png,1477373
Bird,Good,041,A210_I10.png,210,10,Good/041/A210_I10.png,1496740
Bird,Good,041,A240_I01.png,240,01,Good/041/A240_I01.png,1176339
Bird,Good,041,A240_I02.png,240,02,Good/041/A240_I02.png,1343032
Bird,Good,041,A240_I03.png,240,03,Good/041/A240_I03.png,1264133
Bird,Good,041,A240_I04.png,240,04,Good/041/A240_I04.png,1368745
Bird,Good,041,A240_I05.png,240,05,Good/041/A240_I05.png,1390633
Bird,Good,041,A240_I06.png,240,06,Good/041/A240_I06.png,1298660
Bird,Good,041,A240_I07.png,240,07,Good/041/A240_I07.png,1091219
Bird,Good,041,A240_I08.png,240,08,Good/041/A240_I08.png,1280264
Bird,Good,041,A240_I09.png,240,09,Good/041/A240_I09.png,1493029
Bird,Good,041,A240_I10.png,240,10,Good/041/A240_I10.png,1512327
Bird,Good,041,A270_I01.png,270,01,Good/041/A270_I01.png,1199712
Bird,Good,041,A270_I02.png,270,02,Good/041/A270_I02.png,1364973
Bird,Good,041,A270_I03.png,270,03,Good/041/A270_I03.png,1267258
Bird,Good,041,A270_I04.png,270,04,Good/041/A270_I04.png,1362539
Bird,Good,041,A270_I05.png,270,05,Good/041/A270_I05.png,1370766
Bird,Good,041,A270_I06.png,270,06,Good/041/A270_I06.png,1293363
Bird,Good,041,A270_I07.png,270,07,Good/041/A270_I07.png,1114434
Bird,Good,041,A270_I08.png,270,08,Good/041/A270_I08.png,1312607
Bird,Good,041,A270_I09.png,270,09,Good/041/A270_I09.png,1499946
Bird,Good,041,A270_I10.png,270,10,Good/041/A270_I10.png,1516428
Bird,Good,041,A300_I01.png,300,01,Good/041/A300_I01.png,1219758
Bird,Good,041,A300_I02.png,300,02,Good/041/A300_I02.png,1365719
Bird,Good,041,A300_I03.png,300,03,Good/041/A300_I03.png,1251424
Bird,Good,041,A300_I04.png,300,04,Good/041/A300_I04.png,1348138
Bird,Good,041,A300_I05.png,300,05,Good/041/A300_I05.png,1359907
Bird,Good,041,A300_I06.png,300,06,Good/041/A300_I06.png,1281421
Bird,Good,041,A300_I07.png,300,07,Good/041/A300_I07.png,1106331
Bird,Good,041,A300_I08.png,300,08,Good/041/A300_I08.png,1324141
Bird,Good,041,A300_I09.png,300,09,Good/041/A300_I09.png,1496648
Bird,Good,041,A300_I10.png,300,10,Good/041/A300_I10.png,1508379
Bird,Good,041,A330_I01.png,330,01,Good/041/A330_I01.png,1223701
Bird,Good,041,A330_I02.png,330,02,Good/041/A330_I02.png,1352701
Bird,Good,041,A330_I03.png,330,03,Good/041/A330_I03.png,1237499
Bird,Good,041,A330_I04.png,330,04,Good/041/A330_I04.png,1317287
Bird,Good,041,A330_I05.png,330,05,Good/041/A330_I05.png,1327355
Bird,Good,041,A330_I06.png,330,06,Good/041/A330_I06.png,1260344
Bird,Good,041,A330_I07.png,330,07,Good/041/A330_I07.png,1102059
Bird,Good,041,A330_I08.png,330,08,Good/041/A330_I08.png,1318132
Bird,Good,041,A330_I09.png,330,09,Good/041/A330_I09.png,1480806
Bird,Good,041,A330_I10.png,330,10,Good/041/A330_I10.png,1493425
Bird,Good,042,A000_I01.png,000,01,Good/042/A000_I01.png,1203397
Bird,Good,042,A000_I02.png,000,02,Good/042/A000_I02.png,1333872
Bird,Good,042,A000_I03.png,000,03,Good/042/A000_I03.png,1220691
Bird,Good,042,A000_I04.png,000,04,Good/042/A000_I04.png,1309625
Bird,Good,042,A000_I05.png,000,05,Good/042/A000_I05.png,1320587
Bird,Good,042,A000_I06.png,000,06,Good/042/A000_I06.png,1239896
Bird,Good,042,A000_I07.png,000,07,Good/042/A000_I07.png,1058453
Bird,Good,042,A000_I08.png,000,08,Good/042/A000_I08.png,1294374
Bird,Good,042,A000_I09.png,000,09,Good/042/A000_I09.png,1459497
Bird,Good,042,A000_I10.png,000,10,Good/042/A000_I10.png,1477962
Bird,Good,042,A030_I01.png,030,01,Good/042/A030_I01.png,1190553
Bird,Good,042,A030_I02.png,030,02,Good/042/A030_I02.png,1320923
Bird,Good,042,A030_I03.png,030,03,Good/042/A030_I03.png,1202977
Bird,Good,042,A030_I04.png,030,04,Good/042/A030_I04.png,1283199
Bird,Good,042,A030_I05.png,030,05,Good/042/A030_I05.png,1299236
Bird,Good,042,A030_I06.png,030,06,Good/042/A030_I06.png,1226937
Bird,Good,042,A030_I07.png,030,07,Good/042/A030_I07.png,1048155
Bird,Good,042,A030_I08.png,030,08,Good/042/A030_I08.png,1285501
Bird,Good,042,A030_I09.png,030,09,Good/042/A030_I09.png,1438723
Bird,Good,042,A030_I10.png,030,10,Good/042/A030_I10.png,1462390
Bird,Good,042,A060_I01.png,060,01,Good/042/A060_I01.png,1166566
Bird,Good,042,A060_I02.png,060,02,Good/042/A060_I02.png,1305748
Bird,Good,042,A060_I03.png,060,03,Good/042/A060_I03.png,1189097
Bird,Good,042,A060_I04.png,060,04,Good/042/A060_I04.png,1278584
Bird,Good,042,A060_I05.png,060,05,Good/042/A060_I05.png,1275778
Bird,Good,042,A060_I06.png,060,06,Good/042/A060_I06.png,1210531
Bird,Good,042,A060_I07.png,060,07,Good/042/A060_I07.png,1023344
Bird,Good,042,A060_I08.png,060,08,Good/042/A060_I08.png,1255748
Bird,Good,042,A060_I09.png,060,09,Good/042/A060_I09.png,1418955
Bird,Good,042,A060_I10.png,060,10,Good/042/A060_I10.png,1449307
Bird,Good,042,A090_I01.png,090,01,Good/042/A090_I01.png,1153966
Bird,Good,042,A090_I02.png,090,02,Good/042/A090_I02.png,1295013
Bird,Good,042,A090_I03.png,090,03,Good/042/A090_I03.png,1180602
Bird,Good,042,A090_I04.png,090,04,Good/042/A090_I04.png,1286552
Bird,Good,042,A090_I05.png,090,05,Good/042/A090_I05.png,1290604
Bird,Good,042,A090_I06.png,090,06,Good/042/A090_I06.png,1215425
Bird,Good,042,A090_I07.png,090,07,Good/042/A090_I07.png,1022694
Bird,Good,042,A090_I08.png,090,08,Good/042/A090_I08.png,1245904
Bird,Good,042,A090_I09.png,090,09,Good/042/A090_I09.png,1416843
Bird,Good,042,A090_I10.png,090,10,Good/042/A090_I10.png,1448534
Bird,Good,042,A120_I01.png,120,01,Good/042/A120_I01.png,1153630
Bird,Good,042,A120_I02.png,120,02,Good/042/A120_I02.png,1292705
Bird,Good,042,A120_I03.png,120,03,Good/042/A120_I03.png,1189087
Bird,Good,042,A120_I04.png,120,04,Good/042/A120_I04.png,1304895
Bird,Good,042,A120_I05.png,120,05,Good/042/A120_I05.png,1325889
Bird,Good,042,A120_I06.png,120,06,Good/042/A120_I06.png,1241286
Bird,Good,042,A120_I07.png,120,07,Good/042/A120_I07.png,1035238
Bird,Good,042,A120_I08.png,120,08,Good/042/A120_I08.png,1251266
Bird,Good,042,A120_I09.png,120,09,Good/042/A120_I09.png,1433887
Bird,Good,042,A120_I10.png,120,10,Good/042/A120_I10.png,1463204
Bird,Good,042,A150_I01.png,150,01,Good/042/A150_I01.png,1153257
Bird,Good,042,A150_I02.png,150,02,Good/042/A150_I02.png,1295971
Bird,Good,042,A150_I03.png,150,03,Good/042/A150_I03.png,1221128
Bird,Good,042,A150_I04.png,150,04,Good/042/A150_I04.png,1319463
Bird,Good,042,A150_I05.png,150,05,Good/042/A150_I05.png,1336538
Bird,Good,042,A150_I06.png,150,06,Good/042/A150_I06.png,1250441
Bird,Good,042,A150_I07.png,150,07,Good/042/A150_I07.png,1039421
Bird,Good,042,A150_I08.png,150,08,Good/042/A150_I08.png,1256713
Bird,Good,042,A150_I09.png,150,09,Good/042/A150_I09.png,1451538
Bird,Good,042,A150_I10.png,150,10,Good/042/A150_I10.png,1475123
Bird,Good,042,A180_I01.png,180,01,Good/042/A180_I01.png,1169390
Bird,Good,042,A180_I02.png,180,02,Good/042/A180_I02.png,1320100
Bird,Good,042,A180_I03.png,180,03,Good/042/A180_I03.png,1254251
Bird,Good,042,A180_I04.png,180,04,Good/042/A180_I04.png,1329315
Bird,Good,042,A180_I05.png,180,05,Good/042/A180_I05.png,1332974
Bird,Good,042,A180_I06.png,180,06,Good/042/A180_I06.png,1243368
Bird,Good,042,A180_I07.png,180,07,Good/042/A180_I07.png,1028452
Bird,Good,042,A180_I08.png,180,08,Good/042/A180_I08.png,1259101
Bird,Good,042,A180_I09.png,180,09,Good/042/A180_I09.png,1457917
Bird,Good,042,A180_I10.png,180,10,Good/042/A180_I10.png,1479677
Bird,Good,042,A210_I01.png,210,01,Good/042/A210_I01.png,1161914
Bird,Good,042,A210_I02.png,210,02,Good/042/A210_I02.png,1328174
Bird,Good,042,A210_I03.png,210,03,Good/042/A210_I03.png,1268808
Bird,Good,042,A210_I04.png,210,04,Good/042/A210_I04.png,1350884
Bird,Good,042,A210_I05.png,210,05,Good/042/A210_I05.png,1358447
Bird,Good,042,A210_I06.png,210,06,Good/042/A210_I06.png,1263262
Bird,Good,042,A210_I07.png,210,07,Good/042/A210_I07.png,1037933
Bird,Good,042,A210_I08.png,210,08,Good/042/A210_I08.png,1258487
Bird,Good,042,A210_I09.png,210,09,Good/042/A210_I09.png,1470026
Bird,Good,042,A210_I10.png,210,10,Good/042/A210_I10.png,1491926
Bird,Good,042,A240_I01.png,240,01,Good/042/A240_I01.png,1171039
Bird,Good,042,A240_I02.png,240,02,Good/042/A240_I02.png,1344349
Bird,Good,042,A240_I03.png,240,03,Good/042/A240_I03.png,1279521
Bird,Good,042,A240_I04.png,240,04,Good/042/A240_I04.png,1361100
Bird,Good,042,A240_I05.png,240,05,Good/042/A240_I05.png,1373344
Bird,Good,042,A240_I06.png,240,06,Good/042/A240_I06.png,1284592
Bird,Good,042,A240_I07.png,240,07,Good/042/A240_I07.png,1085962
Bird,Good,042,A240_I08.png,240,08,Good/042/A240_I08.png,1280148
Bird,Good,042,A240_I09.png,240,09,Good/042/A240_I09.png,1487018
Bird,Good,042,A240_I10.png,240,10,Good/042/A240_I10.png,1507154
Bird,Good,042,A270_I01.png,270,01,Good/042/A270_I01.png,1191330
Bird,Good,042,A270_I02.png,270,02,Good/042/A270_I02.png,1361811
Bird,Good,042,A270_I03.png,270,03,Good/042/A270_I03.png,1280891
Bird,Good,042,A270_I04.png,270,04,Good/042/A270_I04.png,1357057
Bird,Good,042,A270_I05.png,270,05,Good/042/A270_I05.png,1361392
Bird,Good,042,A270_I06.png,270,06,Good/042/A270_I06.png,1278091
Bird,Good,042,A270_I07.png,270,07,Good/042/A270_I07.png,1096067
Bird,Good,042,A270_I08.png,270,08,Good/042/A270_I08.png,1301349
Bird,Good,042,A270_I09.png,270,09,Good/042/A270_I09.png,1492631
Bird,Good,042,A270_I10.png,270,10,Good/042/A270_I10.png,1512091
Bird,Good,042,A300_I01.png,300,01,Good/042/A300_I01.png,1204307
Bird,Good,042,A300_I02.png,300,02,Good/042/A300_I02.png,1359493
Bird,Good,042,A300_I03.png,300,03,Good/042/A300_I03.png,1263952
Bird,Good,042,A300_I04.png,300,04,Good/042/A300_I04.png,1349706
Bird,Good,042,A300_I05.png,300,05,Good/042/A300_I05.png,1351043
Bird,Good,042,A300_I06.png,300,06,Good/042/A300_I06.png,1274463
Bird,Good,042,A300_I07.png,300,07,Good/042/A300_I07.png,1101162
Bird,Good,042,A300_I08.png,300,08,Good/042/A300_I08.png,1313187
Bird,Good,042,A300_I09.png,300,09,Good/042/A300_I09.png,1494671
Bird,Good,042,A300_I10.png,300,10,Good/042/A300_I10.png,1511944
Bird,Good,042,A330_I01.png,330,01,Good/042/A330_I01.png,1208133
Bird,Good,042,A330_I02.png,330,02,Good/042/A330_I02.png,1347421
Bird,Good,042,A330_I03.png,330,03,Good/042/A330_I03.png,1246572
Bird,Good,042,A330_I04.png,330,04,Good/042/A330_I04.png,1328702
Bird,Good,042,A330_I05.png,330,05,Good/042/A330_I05.png,1330174
Bird,Good,042,A330_I06.png,330,06,Good/042/A330_I06.png,1253023
Bird,Good,042,A330_I07.png,330,07,Good/042/A330_I07.png,1071305
Bird,Good,042,A330_I08.png,330,08,Good/042/A330_I08.png,1302909
Bird,Good,042,A330_I09.png,330,09,Good/042/A330_I09.png,1477856
Bird,Good,042,A330_I10.png,330,10,Good/042/A330_I10.png,1494496
Bird,Good,043,A000_I01.png,000,01,Good/043/A000_I01.png,1205643
Bird,Good,043,A000_I02.png,000,02,Good/043/A000_I02.png,1337868
Bird,Good,043,A000_I03.png,000,03,Good/043/A000_I03.png,1222514
Bird,Good,043,A000_I04.png,000,04,Good/043/A000_I04.png,1308602
Bird,Good,043,A000_I05.png,000,05,Good/043/A000_I05.png,1324483
Bird,Good,043,A000_I06.png,000,06,Good/043/A000_I06.png,1248470
Bird,Good,043,A000_I07.png,000,07,Good/043/A000_I07.png,1068723
Bird,Good,043,A000_I08.png,000,08,Good/043/A000_I08.png,1301415
Bird,Good,043,A000_I09.png,000,09,Good/043/A000_I09.png,1463253
Bird,Good,043,A000_I10.png,000,10,Good/043/A000_I10.png,1481956
Bird,Good,043,A030_I01.png,030,01,Good/043/A030_I01.png,1190489
Bird,Good,043,A030_I02.png,030,02,Good/043/A030_I02.png,1321003
Bird,Good,043,A030_I03.png,030,03,Good/043/A030_I03.png,1209861
Bird,Good,043,A030_I04.png,030,04,Good/043/A030_I04.png,1287650
Bird,Good,043,A030_I05.png,030,05,Good/043/A030_I05.png,1303095
Bird,Good,043,A030_I06.png,030,06,Good/043/A030_I06.png,1227702
Bird,Good,043,A030_I07.png,030,07,Good/043/A030_I07.png,1038250
Bird,Good,043,A030_I08.png,030,08,Good/043/A030_I08.png,1280951
Bird,Good,043,A030_I09.png,030,09,Good/043/A030_I09.png,1436272
Bird,Good,043,A030_I10.png,030,10,Good/043/A030_I10.png,1459732
Bird,Good,043,A060_I01.png,060,01,Good/043/A060_I01.png,1169138
Bird,Good,043,A060_I02.png,060,02,Good/043/A060_I02.png,1307509
Bird,Good,043,A060_I03.png,060,03,Good/043/A060_I03.png,1202387
Bird,Good,043,A060_I04.png,060,04,Good/043/A060_I04.png,1282440
Bird,Good,043,A060_I05.png,060,05,Good/043/A060_I05.png,1280559
Bird,Good,043,A060_I06.png,060,06,Good/043/A060_I06.png,1220526
Bird,Good,043,A060_I07.png,060,07,Good/043/A060_I07.png,1031495
Bird,Good,043,A060_I08.png,060,08,Good/043/A060_I08.png,1261179
Bird,Good,043,A060_I09.png,060,09,Good/043/A060_I09.png,1425194
Bird,Good,043,A060_I10.png,060,10,Good/043/A060_I10.png,1452557
Bird,Good,043,A090_I01.png,090,01,Good/043/A090_I01.png,1154256
Bird,Good,043,A090_I02.png,090,02,Good/043/A090_I02.png,1295845
Bird,Good,043,A090_I03.png,090,03,Good/043/A090_I03.png,1196278
Bird,Good,043,A090_I04.png,090,04,Good/043/A090_I04.png,1289630
Bird,Good,043,A090_I05.png,090,05,Good/043/A090_I05.png,1293704
Bird,Good,043,A090_I06.png,090,06,Good/043/A090_I06.png,1220988
Bird,Good,043,A090_I07.png,090,07,Good/043/A090_I07.png,1024208
Bird,Good,043,A090_I08.png,090,08,Good/043/A090_I08.png,1247386
Bird,Good,043,A090_I09.png,090,09,Good/043/A090_I09.png,1421361
Bird,Good,043,A090_I10.png,090,10,Good/043/A090_I10.png,1450737
Bird,Good,043,A120_I01.png,120,01,Good/043/A120_I01.png,1154945
Bird,Good,043,A120_I02.png,120,02,Good/043/A120_I02.png,1293005
Bird,Good,043,A120_I03.png,120,03,Good/043/A120_I03.png,1200204
Bird,Good,043,A120_I04.png,120,04,Good/043/A120_I04.png,1304599
Bird,Good,043,A120_I05.png,120,05,Good/043/A120_I05.png,1324810
Bird,Good,043,A120_I06.png,120,06,Good/043/A120_I06.png,1248279
Bird,Good,043,A120_I07.png,120,07,Good/043/A120_I07.png,1051300
Bird,Good,043,A120_I08.png,120,08,Good/043/A120_I08.png,1261179
Bird,Good,043,A120_I09.png,120,09,Good/043/A120_I09.png,1440301
Bird,Good,043,A120_I10.png,120,10,Good/043/A120_I10.png,1467241
Bird,Good,043,A150_I01.png,150,01,Good/043/A150_I01.png,1160981
Bird,Good,043,A150_I02.png,150,02,Good/043/A150_I02.png,1298938
Bird,Good,043,A150_I03.png,150,03,Good/043/A150_I03.png,1225044
Bird,Good,043,A150_I04.png,150,04,Good/043/A150_I04.png,1317499
Bird,Good,043,A150_I05.png,150,05,Good/043/A150_I05.png,1336079
Bird,Good,043,A150_I06.png,150,06,Good/043/A150_I06.png,1261143
Bird,Good,043,A150_I07.png,150,07,Good/043/A150_I07.png,1062902
Bird,Good,043,A150_I08.png,150,08,Good/043/A150_I08.png,1270636
Bird,Good,043,A150_I09.png,150,09,Good/043/A150_I09.png,1456604
Bird,Good,043,A150_I10.png,150,10,Good/043/A150_I10.png,1480578
Bird,Good,043,A180_I01.png,180,01,Good/043/A180_I01.png,1181096
Bird,Good,043,A180_I02.png,180,02,Good/043/A180_I02.png,1322340
Bird,Good,043,A180_I03.png,180,03,Good/043/A180_I03.png,1249942
Bird,Good,043,A180_I04.png,180,04,Good/043/A180_I04.png,1330254
Bird,Good,043,A180_I05.png,180,05,Good/043/A180_I05.png,1335347
Bird,Good,043,A180_I06.png,180,06,Good/043/A180_I06.png,1253537
Bird,Good,043,A180_I07.png,180,07,Good/043/A180_I07.png,1049896
Bird,Good,043,A180_I08.png,180,08,Good/043/A180_I08.png,1271814
Bird,Good,043,A180_I09.png,180,09,Good/043/A180_I09.png,1466490
Bird,Good,043,A180_I10.png,180,10,Good/043/A180_I10.png,1485518
Bird,Good,043,A210_I01.png,210,01,Good/043/A210_I01.png,1168681
Bird,Good,043,A210_I02.png,210,02,Good/043/A210_I02.png,1328760
Bird,Good,043,A210_I03.png,210,03,Good/043/A210_I03.png,1261982
Bird,Good,043,A210_I04.png,210,04,Good/043/A210_I04.png,1358925
Bird,Good,043,A210_I05.png,210,05,Good/043/A210_I05.png,1370310
Bird,Good,043,A210_I06.png,210,06,Good/043/A210_I06.png,1282967
Bird,Good,043,A210_I07.png,210,07,Good/043/A210_I07.png,1058341
Bird,Good,043,A210_I08.png,210,08,Good/043/A210_I08.png,1272954
Bird,Good,043,A210_I09.png,210,09,Good/043/A210_I09.png,1485325
Bird,Good,043,A210_I10.png,210,10,Good/043/A210_I10.png,1504563
Bird,Good,043,A240_I01.png,240,01,Good/043/A240_I01.png,1179039
Bird,Good,043,A240_I02.png,240,02,Good/043/A240_I02.png,1345445
Bird,Good,043,A240_I03.png,240,03,Good/043/A240_I03.png,1272901
Bird,Good,043,A240_I04.png,240,04,Good/043/A240_I04.png,1363479
Bird,Good,043,A240_I05.png,240,05,Good/043/A240_I05.png,1380487
Bird,Good,043,A240_I06.png,240,06,Good/043/A240_I06.png,1286661
Bird,Good,043,A240_I07.png,240,07,Good/043/A240_I07.png,1076768
Bird,Good,043,A240_I08.png,240,08,Good/043/A240_I08.png,1282093
Bird,Good,043,A240_I09.png,240,09,Good/043/A240_I09.png,1488581
Bird,Good,043,A240_I10.png,240,10,Good/043/A240_I10.png,1508508
Bird,Good,043,A270_I01.png,270,01,Good/043/A270_I01.png,1205168
Bird,Good,043,A270_I02.png,270,02,Good/043/A270_I02.png,1368904
Bird,Good,043,A270_I03.png,270,03,Good/043/A270_I03.png,1274022
Bird,Good,043,A270_I04.png,270,04,Good/043/A270_I04.png,1374706
Bird,Good,043,A270_I05.png,270,05,Good/043/A270_I05.png,1385160
Bird,Good,043,A270_I06.png,270,06,Good/043/A270_I06.png,1299101
Bird,Good,043,A270_I07.png,270,07,Good/043/A270_I07.png,1101651
Bird,Good,043,A270_I08.png,270,08,Good/043/A270_I08.png,1312747
Bird,Good,043,A270_I09.png,270,09,Good/043/A270_I09.png,1509423
Bird,Good,043,A270_I10.png,270,10,Good/043/A270_I10.png,1524684
Bird,Good,043,A300_I01.png,300,01,Good/043/A300_I01.png,1217277
Bird,Good,043,A300_I02.png,300,02,Good/043/A300_I02.png,1365110
Bird,Good,043,A300_I03.png,300,03,Good/043/A300_I03.png,1255307
Bird,Good,043,A300_I04.png,300,04,Good/043/A300_I04.png,1355869
Bird,Good,043,A300_I05.png,300,05,Good/043/A300_I05.png,1368168
Bird,Good,043,A300_I06.png,300,06,Good/043/A300_I06.png,1288933
Bird,Good,043,A300_I07.png,300,07,Good/043/A300_I07.png,1109454
Bird,Good,043,A300_I08.png,300,08,Good/043/A300_I08.png,1322678
Bird,Good,043,A300_I09.png,300,09,Good/043/A300_I09.png,1500639
Bird,Good,043,A300_I10.png,300,10,Good/043/A300_I10.png,1515341
Bird,Good,043,A330_I01.png,330,01,Good/043/A330_I01.png,1235423
Bird,Good,043,A330_I02.png,330,02,Good/043/A330_I02.png,1363781
Bird,Good,043,A330_I03.png,330,03,Good/043/A330_I03.png,1240698
Bird,Good,043,A330_I04.png,330,04,Good/043/A330_I04.png,1326236
Bird,Good,043,A330_I05.png,330,05,Good/043/A330_I05.png,1339196
Bird,Good,043,A330_I06.png,330,06,Good/043/A330_I06.png,1270024
Bird,Good,043,A330_I07.png,330,07,Good/043/A330_I07.png,1103029
Bird,Good,043,A330_I08.png,330,08,Good/043/A330_I08.png,1330353
Bird,Good,043,A330_I09.png,330,09,Good/043/A330_I09.png,1493420
Bird,Good,043,A330_I10.png,330,10,Good/043/A330_I10.png,1506590
Bird,Good,044,A000_I01.png,000,01,Good/044/A000_I01.png,1188861
Bird,Good,044,A000_I02.png,000,02,Good/044/A000_I02.png,1328022
Bird,Good,044,A000_I03.png,000,03,Good/044/A000_I03.png,1222680
Bird,Good,044,A000_I04.png,000,04,Good/044/A000_I04.png,1302969
Bird,Good,044,A000_I05.png,000,05,Good/044/A000_I05.png,1316113
Bird,Good,044,A000_I06.png,000,06,Good/044/A000_I06.png,1241863
Bird,Good,044,A000_I07.png,000,07,Good/044/A000_I07.png,1076775
Bird,Good,044,A000_I08.png,000,08,Good/044/A000_I08.png,1290328
Bird,Good,044,A000_I09.png,000,09,Good/044/A000_I09.png,1454271
Bird,Good,044,A000_I10.png,000,10,Good/044/A000_I10.png,1477579
Bird,Good,044,A030_I01.png,030,01,Good/044/A030_I01.png,1162891
Bird,Good,044,A030_I02.png,030,02,Good/044/A030_I02.png,1305933
Bird,Good,044,A030_I03.png,030,03,Good/044/A030_I03.png,1209637
Bird,Good,044,A030_I04.png,030,04,Good/044/A030_I04.png,1285161
Bird,Good,044,A030_I05.png,030,05,Good/044/A030_I05.png,1297074
Bird,Good,044,A030_I06.png,030,06,Good/044/A030_I06.png,1218016
Bird,Good,044,A030_I07.png,030,07,Good/044/A030_I07.png,1037600
Bird,Good,044,A030_I08.png,030,08,Good/044/A030_I08.png,1259550
Bird,Good,044,A030_I09.png,030,09,Good/044/A030_I09.png,1425268
Bird,Good,044,A030_I10.png,030,10,Good/044/A030_I10.png,1456808
Bird,Good,044,A060_I01.png,060,01,Good/044/A060_I01.png,1158111
Bird,Good,044,A060_I02.png,060,02,Good/044/A060_I02.png,1302507
Bird,Good,044,A060_I03.png,060,03,Good/044/A060_I03.png,1203927
Bird,Good,044,A060_I04.png,060,04,Good/044/A060_I04.png,1283680
Bird,Good,044,A060_I05.png,060,05,Good/044/A060_I05.png,1279082
Bird,Good,044,A060_I06.png,060,06,Good/044/A060_I06.png,1206916
Bird,Good,044,A060_I07.png,060,07,Good/044/A060_I07.png,1011762
Bird,Good,044,A060_I08.png,060,08,Good/044/A060_I08.png,1246424
Bird,Good,044,A060_I09.png,060,09,Good/044/A060_I09.png,1414313
Bird,Good,044,A060_I10.png,060,10,Good/044/A060_I10.png,1446141
Bird,Good,044,A090_I01.png,090,01,Good/044/A090_I01.png,1150996
Bird,Good,044,A090_I02.png,090,02,Good/044/A090_I02.png,1296060
Bird,Good,044,A090_I03.png,090,03,Good/044/A090_I03.png,1193465
Bird,Good,044,A090_I04.png,090,04,Good/044/A090_I04.png,1291652
Bird,Good,044,A090_I05.png,090,05,Good/044/A090_I05.png,1292408
Bird,Good,044,A090_I06.png,090,06,Good/044/A090_I06.png,1211372
Bird,Good,044,A090_I07.png,090,07,Good/044/A090_I07.png,1000318
Bird,Good,044,A090_I08.png,090,08,Good/044/A090_I08.png,1238704
Bird,Good,044,A090_I09.png,090,09,Good/044/A090_I09.png,1413708
Bird,Good,044,A090_I10.png,090,10,Good/044/A090_I10.png,1445215
Bird,Good,044,A120_I01.png,120,01,Good/044/A120_I01.png,1137256
Bird,Good,044,A120_I02.png,120,02,Good/044/A120_I02.png,1287661
Bird,Good,044,A120_I03.png,120,03,Good/044/A120_I03.png,1197526
Bird,Good,044,A120_I04.png,120,04,Good/044/A120_I04.png,1302717
Bird,Good,044,A120_I05.png,120,05,Good/044/A120_I05.png,1315718
Bird,Good,044,A120_I06.png,120,06,Good/044/A120_I06.png,1232221
Bird,Good,044,A120_I07.png,120,07,Good/044/A120_I07.png,1024028
Bird,Good,044,A120_I08.png,120,08,Good/044/A120_I08.png,1241452
Bird,Good,044,A120_I09.png,120,09,Good/044/A120_I09.png,1425670
Bird,Good,044,A120_I10.png,120,10,Good/044/A120_I10.png,1459027
Bird,Good,044,A150_I01.png,150,01,Good/044/A150_I01.png,1152135
Bird,Good,044,A150_I02.png,150,02,Good/044/A150_I02.png,1291052
Bird,Good,044,A150_I03.png,150,03,Good/044/A150_I03.png,1214282
Bird,Good,044,A150_I04.png,150,04,Good/044/A150_I04.png,1318633
Bird,Good,044,A150_I05.png,150,05,Good/044/A150_I05.png,1339818
Bird,Good,044,A150_I06.png,150,06,Good/044/A150_I06.png,1266017
Bird,Good,044,A150_I07.png,150,07,Good/044/A150_I07.png,1067454
Bird,Good,044,A150_I08.png,150,08,Good/044/A150_I08.png,1266548
Bird,Good,044,A150_I09.png,150,09,Good/044/A150_I09.png,1453467
Bird,Good,044,A150_I10.png,150,10,Good/044/A150_I10.png,1478227
Bird,Good,044,A180_I01.png,180,01,Good/044/A180_I01.png,1176790
Bird,Good,044,A180_I02.png,180,02,Good/044/A180_I02.png,1316999
Bird,Good,044,A180_I03.png,180,03,Good/044/A180_I03.png,1239825
Bird,Good,044,A180_I04.png,180,04,Good/044/A180_I04.png,1336622
Bird,Good,044,A180_I05.png,180,05,Good/044/A180_I05.png,1351344
Bird,Good,044,A180_I06.png,180,06,Good/044/A180_I06.png,1271982
Bird,Good,044,A180_I07.png,180,07,Good/044/A180_I07.png,1060363
Bird,Good,044,A180_I08.png,180,08,Good/044/A180_I08.png,1269667
Bird,Good,044,A180_I09.png,180,09,Good/044/A180_I09.png,1466918
Bird,Good,044,A180_I10.png,180,10,Good/044/A180_I10.png,1486293
Bird,Good,044,A210_I01.png,210,01,Good/044/A210_I01.png,1174395
Bird,Good,044,A210_I02.png,210,02,Good/044/A210_I02.png,1329743
Bird,Good,044,A210_I03.png,210,03,Good/044/A210_I03.png,1251583
Bird,Good,044,A210_I04.png,210,04,Good/044/A210_I04.png,1359577
Bird,Good,044,A210_I05.png,210,05,Good/044/A210_I05.png,1378483
Bird,Good,044,A210_I06.png,210,06,Good/044/A210_I06.png,1297556
Bird,Good,044,A210_I07.png,210,07,Good/044/A210_I07.png,1078623
Bird,Good,044,A210_I08.png,210,08,Good/044/A210_I08.png,1278337
Bird,Good,044,A210_I09.png,210,09,Good/044/A210_I09.png,1486945
Bird,Good,044,A210_I10.png,210,10,Good/044/A210_I10.png,1504218
Bird,Good,044,A240_I01.png,240,01,Good/044/A240_I01.png,1192444
Bird,Good,044,A240_I02.png,240,02,Good/044/A240_I02.png,1351491
Bird,Good,044,A240_I03.png,240,03,Good/044/A240_I03.png,1266225
Bird,Good,044,A240_I04.png,240,04,Good/044/A240_I04.png,1369219
Bird,Good,044,A240_I05.png,240,05,Good/044/A240_I05.png,1392268
Bird,Good,044,A240_I06.png,240,06,Good/044/A240_I06.png,1304253
Bird,Good,044,A240_I07.png,240,07,Good/044/A240_I07.png,1098829
Bird,Good,044,A240_I08.png,240,08,Good/044/A240_I08.png,1292578
Bird,Good,044,A240_I09.png,240,09,Good/044/A240_I09.png,1498383
Bird,Good,044,A240_I10.png,240,10,Good/044/A240_I10.png,1513720
Bird,Good,044,A270_I01.png,270,01,Good/044/A270_I01.png,1206659
Bird,Good,044,A270_I02.png,270,02,Good/044/A270_I02.png,1368838
Bird,Good,044,A270_I03.png,270,03,Good/044/A270_I03.png,1275700
Bird,Good,044,A270_I04.png,270,04,Good/044/A270_I04.png,1362499
Bird,Good,044,A270_I05.png,270,05,Good/044/A270_I05.png,1370837
Bird,Good,044,A270_I06.png,270,06,Good/044/A270_I06.png,1286398
Bird,Good,044,A270_I07.png,270,07,Good/044/A270_I07.png,1098294
Bird,Good,044,A270_I08.png,270,08,Good/044/A270_I08.png,1309971
Bird,Good,044,A270_I09.png,270,09,Good/044/A270_I09.png,1496587
Bird,Good,044,A270_I10.png,270,10,Good/044/A270_I10.png,1509834
Bird,Good,044,A300_I01.png,300,01,Good/044/A300_I01.png,1226298
Bird,Good,044,A300_I02.png,300,02,Good/044/A300_I02.png,1369232
Bird,Good,044,A300_I03.png,300,03,Good/044/A300_I03.png,1263804
Bird,Good,044,A300_I04.png,300,04,Good/044/A300_I04.png,1349060
Bird,Good,044,A300_I05.png,300,05,Good/044/A300_I05.png,1356081
Bird,Good,044,A300_I06.png,300,06,Good/044/A300_I06.png,1271240
Bird,Good,044,A300_I07.png,300,07,Good/044/A300_I07.png,1088107
Bird,Good,044,A300_I08.png,300,08,Good/044/A300_I08.png,1318799
Bird,Good,044,A300_I09.png,300,09,Good/044/A300_I09.png,1492241
Bird,Good,044,A300_I10.png,300,10,Good/044/A300_I10.png,1503534
Bird,Good,044,A330_I01.png,330,01,Good/044/A330_I01.png,1231159
Bird,Good,044,A330_I02.png,330,02,Good/044/A330_I02.png,1362063
Bird,Good,044,A330_I03.png,330,03,Good/044/A330_I03.png,1253523
Bird,Good,044,A330_I04.png,330,04,Good/044/A330_I04.png,1321607
Bird,Good,044,A330_I05.png,330,05,Good/044/A330_I05.png,1325231
Bird,Good,044,A330_I06.png,330,06,Good/044/A330_I06.png,1251110
Bird,Good,044,A330_I07.png,330,07,Good/044/A330_I07.png,1087596
Bird,Good,044,A330_I08.png,330,08,Good/044/A330_I08.png,1320075
Bird,Good,044,A330_I09.png,330,09,Good/044/A330_I09.png,1481854
Bird,Good,044,A330_I10.png,330,10,Good/044/A330_I10.png,1494616
Bird,Good,045,A000_I01.png,000,01,Good/045/A000_I01.png,1206408
Bird,Good,045,A000_I02.png,000,02,Good/045/A000_I02.png,1336763
Bird,Good,045,A000_I03.png,000,03,Good/045/A000_I03.png,1225981
Bird,Good,045,A000_I04.png,000,04,Good/045/A000_I04.png,1303996
Bird,Good,045,A000_I05.png,000,05,Good/045/A000_I05.png,1314270
Bird,Good,045,A000_I06.png,000,06,Good/045/A000_I06.png,1243537
Bird,Good,045,A000_I07.png,000,07,Good/045/A000_I07.png,1069922
Bird,Good,045,A000_I08.png,000,08,Good/045/A000_I08.png,1300905
Bird,Good,045,A000_I09.png,000,09,Good/045/A000_I09.png,1457369
Bird,Good,045,A000_I10.png,000,10,Good/045/A000_I10.png,1476265
Bird,Good,045,A030_I01.png,030,01,Good/045/A030_I01.png,1154816
Bird,Good,045,A030_I02.png,030,02,Good/045/A030_I02.png,1303967
Bird,Good,045,A030_I03.png,030,03,Good/045/A030_I03.png,1211046
Bird,Good,045,A030_I04.png,030,04,Good/045/A030_I04.png,1284584
Bird,Good,045,A030_I05.png,030,05,Good/045/A030_I05.png,1287751
Bird,Good,045,A030_I06.png,030,06,Good/045/A030_I06.png,1207205
Bird,Good,045,A030_I07.png,030,07,Good/045/A030_I07.png,1015376
Bird,Good,045,A030_I08.png,030,08,Good/045/A030_I08.png,1251487
Bird,Good,045,A030_I09.png,030,09,Good/045/A030_I09.png,1418382
Bird,Good,045,A030_I10.png,030,10,Good/045/A030_I10.png,1453210
Bird,Good,045,A060_I01.png,060,01,Good/045/A060_I01.png,1138454
Bird,Good,045,A060_I02.png,060,02,Good/045/A060_I02.png,1294709
Bird,Good,045,A060_I03.png,060,03,Good/045/A060_I03.png,1202174
Bird,Good,045,A060_I04.png,060,04,Good/045/A060_I04.png,1282117
Bird,Good,045,A060_I05.png,060,05,Good/045/A060_I05.png,1272920
Bird,Good,045,A060_I06.png,060,06,Good/045/A060_I06.png,1201630
Bird,Good,045,A060_I07.png,060,07,Good/045/A060_I07.png,997064
Bird,Good,045,A060_I08.png,060,08,Good/045/A060_I08.png,1233206
Bird,Good,045,A060_I09.png,060,09,Good/045/A060_I09.png,1405598
Bird,Good,045,A060_I10.png,060,10,Good/045/A060_I10.png,1443813
Bird,Good,045,A090_I01.png,090,01,Good/045/A090_I01.png,1155925
Bird,Good,045,A090_I02.png,090,02,Good/045/A090_I02.png,1297975
Bird,Good,045,A090_I03.png,090,03,Good/045/A090_I03.png,1198777
Bird,Good,045,A090_I04.png,090,04,Good/045/A090_I04.png,1299308
Bird,Good,045,A090_I05.png,090,05,Good/045/A090_I05.png,1306615
Bird,Good,045,A090_I06.png,090,06,Good/045/A090_I06.png,1227458
Bird,Good,045,A090_I07.png,090,07,Good/045/A090_I07.png,1016297
Bird,Good,045,A090_I08.png,090,08,Good/045/A090_I08.png,1246435
Bird,Good,045,A090_I09.png,090,09,Good/045/A090_I09.png,1424216
Bird,Good,045,A090_I10.png,090,10,Good/045/A090_I10.png,1454170
Bird,Good,045,A120_I01.png,120,01,Good/045/A120_I01.png,1153924
Bird,Good,045,A120_I02.png,120,02,Good/045/A120_I02.png,1296610
Bird,Good,045,A120_I03.png,120,03,Good/045/A120_I03.png,1211355
Bird,Good,045,A120_I04.png,120,04,Good/045/A120_I04.png,1314046
Bird,Good,045,A120_I05.png,120,05,Good/045/A120_I05.png,1334289
Bird,Good,045,A120_I06.png,120,06,Good/045/A120_I06.png,1260099
Bird,Good,045,A120_I07.png,120,07,Good/045/A120_I07.png,1056818
Bird,Good,045,A120_I08.png,120,08,Good/045/A120_I08.png,1270241
Bird,Good,045,A120_I09.png,120,09,Good/045/A120_I09.png,1453479
Bird,Good,045,A120_I10.png,120,10,Good/045/A120_I10.png,1480063
Bird,Good,045,A150_I01.png,150,01,Good/045/A150_I01.png,1177907
Bird,Good,045,A150_I02.png,150,02,Good/045/A150_I02.png,1315495
Bird,Good,045,A150_I03.png,150,03,Good/045/A150_I03.png,1233855
Bird,Good,045,A150_I04.png,150,04,Good/045/A150_I04.png,1325258
Bird,Good,045,A150_I05.png,150,05,Good/045/A150_I05.png,1337748
Bird,Good,045,A150_I06.png,150,06,Good/045/A150_I06.png,1257072
Bird,Good,045,A150_I07.png,150,07,Good/045/A150_I07.png,1048691
Bird,Good,045,A150_I08.png,150,08,Good/045/A150_I08.png,1277941
Bird,Good,045,A150_I09.png,150,09,Good/045/A150_I09.png,1469778
Bird,Good,045,A150_I10.png,150,10,Good/045/A150_I10.png,1496060
Bird,Good,045,A180_I01.png,180,01,Good/045/A180_I01.png,1185207
Bird,Good,045,A180_I02.png,180,02,Good/045/A180_I02.png,1326068
Bird,Good,045,A180_I03.png,180,03,Good/045/A180_I03.png,1251997
Bird,Good,045,A180_I04.png,180,04,Good/045/A180_I04.png,1327014
Bird,Good,045,A180_I05.png,180,05,Good/045/A180_I05.png,1323676
Bird,Good,045,A180_I06.png,180,06,Good/045/A180_I06.png,1233089
Bird,Good,045,A180_I07.png,180,07,Good/045/A180_I07.png,1020387
Bird,Good,045,A180_I08.png,180,08,Good/045/A180_I08.png,1265460
Bird,Good,045,A180_I09.png,180,09,Good/045/A180_I09.png,1460414
Bird,Good,045,A180_I10.png,180,10,Good/045/A180_I10.png,1485251
Bird,Good,045,A210_I01.png,210,01,Good/045/A210_I01.png,1168344
Bird,Good,045,A210_I02.png,210,02,Good/045/A210_I02.png,1327810
Bird,Good,045,A210_I03.png,210,03,Good/045/A210_I03.png,1260996
Bird,Good,045,A210_I04.png,210,04,Good/045/A210_I04.png,1346074
Bird,Good,045,A210_I05.png,210,05,Good/045/A210_I05.png,1346704
Bird,Good,045,A210_I06.png,210,06,Good/045/A210_I06.png,1257247
Bird,Good,045,A210_I07.png,210,07,Good/045/A210_I07.png,1038064
Bird,Good,045,A210_I08.png,210,08,Good/045/A210_I08.png,1262907
Bird,Good,045,A210_I09.png,210,09,Good/045/A210_I09.png,1471905
Bird,Good,045,A210_I10.png,210,10,Good/045/A210_I10.png,1495620
Bird,Good,045,A240_I01.png,240,01,Good/045/A240_I01.png,1176779
Bird,Good,045,A240_I02.png,240,02,Good/045/A240_I02.png,1341754
Bird,Good,045,A240_I03.png,240,03,Good/045/A240_I03.png,1267907
Bird,Good,045,A240_I04.png,240,04,Good/045/A240_I04.png,1357804
Bird,Good,045,A240_I05.png,240,05,Good/045/A240_I05.png,1372958
Bird,Good,045,A240_I06.png,240,06,Good/045/A240_I06.png,1282319
Bird,Good,045,A240_I07.png,240,07,Good/045/A240_I07.png,1068619
Bird,Good,045,A240_I08.png,240,08,Good/045/A240_I08.png,1275074
Bird,Good,045,A240_I09.png,240,09,Good/045/A240_I09.png,1485026
Bird,Good,045,A240_I10.png,240,10,Good/045/A240_I10.png,1506990
Bird,Good,045,A270_I01.png,270,01,Good/045/A270_I01.png,1195117
Bird,Good,045,A270_I02.png,270,02,Good/045/A270_I02.png,1358420
Bird,Good,045,A270_I03.png,270,03,Good/045/A270_I03.png,1265873
Bird,Good,045,A270_I04.png,270,04,Good/045/A270_I04.png,1368517
Bird,Good,045,A270_I05.png,270,05,Good/045/A270_I05.png,1388609
Bird,Good,045,A270_I06.png,270,06,Good/045/A270_I06.png,1305669
Bird,Good,045,A270_I07.png,270,07,Good/045/A270_I07.png,1118628
Bird,Good,045,A270_I08.png,270,08,Good/045/A270_I08.png,1309268
Bird,Good,045,A270_I09.png,270,09,Good/045/A270_I09.png,1501563
Bird,Good,045,A270_I10.png,270,10,Good/045/A270_I10.png,1516766
Bird,Good,045,A300_I01.png,300,01,Good/045/A300_I01.png,1214744
Bird,Good,045,A300_I02.png,300,02,Good/045/A300_I02.png,1359496
Bird,Good,045,A300_I03.png,300,03,Good/045/A300_I03.png,1253584
Bird,Good,045,A300_I04.png,300,04,Good/045/A300_I04.png,1355036
Bird,Good,045,A300_I05.png,300,05,Good/045/A300_I05.png,1375124
Bird,Good,045,A300_I06.png,300,06,Good/045/A300_I06.png,1297186
Bird,Good,045,A300_I07.png,300,07,Good/045/A300_I07.png,1116493
Bird,Good,045,A300_I08.png,300,08,Good/045/A300_I08.png,1320231
Bird,Good,045,A300_I09.png,300,09,Good/045/A300_I09.png,1496859
Bird,Good,045,A300_I10.png,300,10,Good/045/A300_I10.png,1508289
Bird,Good,045,A330_I01.png,330,01,Good/045/A330_I01.png,1229970
Bird,Good,045,A330_I02.png,330,02,Good/045/A330_I02.png,1359280
Bird,Good,045,A330_I03.png,330,03,Good/045/A330_I03.png,1242082
Bird,Good,045,A330_I04.png,330,04,Good/045/A330_I04.png,1320065
Bird,Good,045,A330_I05.png,330,05,Good/045/A330_I05.png,1334380
Bird,Good,045,A330_I06.png,330,06,Good/045/A330_I06.png,1273622
Bird,Good,045,A330_I07.png,330,07,Good/045/A330_I07.png,1112274
Bird,Good,045,A330_I08.png,330,08,Good/045/A330_I08.png,1330135
Bird,Good,045,A330_I09.png,330,09,Good/045/A330_I09.png,1487490
Bird,Good,045,A330_I10.png,330,10,Good/045/A330_I10.png,1499789
Bird,Good,046,A000_I01.png,000,01,Good/046/A000_I01.png,1196171
Bird,Good,046,A000_I02.png,000,02,Good/046/A000_I02.png,1328429
Bird,Good,046,A000_I03.png,000,03,Good/046/A000_I03.png,1218282
Bird,Good,046,A000_I04.png,000,04,Good/046/A000_I04.png,1300296
Bird,Good,046,A000_I05.png,000,05,Good/046/A000_I05.png,1313673
Bird,Good,046,A000_I06.png,000,06,Good/046/A000_I06.png,1240747
Bird,Good,046,A000_I07.png,000,07,Good/046/A000_I07.png,1078276
Bird,Good,046,A000_I08.png,000,08,Good/046/A000_I08.png,1295412
Bird,Good,046,A000_I09.png,000,09,Good/046/A000_I09.png,1454027
Bird,Good,046,A000_I10.png,000,10,Good/046/A000_I10.png,1474628
Bird,Good,046,A030_I01.png,030,01,Good/046/A030_I01.png,1189173
Bird,Good,046,A030_I02.png,030,02,Good/046/A030_I02.png,1318089
Bird,Good,046,A030_I03.png,030,03,Good/046/A030_I03.png,1203449
Bird,Good,046,A030_I04.png,030,04,Good/046/A030_I04.png,1285792
Bird,Good,046,A030_I05.png,030,05,Good/046/A030_I05.png,1296777
Bird,Good,046,A030_I06.png,030,06,Good/046/A030_I06.png,1217387
Bird,Good,046,A030_I07.png,030,07,Good/046/A030_I07.png,1024657
Bird,Good,046,A030_I08.png,030,08,Good/046/A030_I08.png,1274769
Bird,Good,046,A030_I09.png,030,09,Good/046/A030_I09.png,1429269
Bird,Good,046,A030_I10.png,030,10,Good/046/A030_I10.png,1454508
Bird,Good,046,A060_I01.png,060,01,Good/046/A060_I01.png,1141926
Bird,Good,046,A060_I02.png,060,02,Good/046/A060_I02.png,1295583
Bird,Good,046,A060_I03.png,060,03,Good/046/A060_I03.png,1200917
Bird,Good,046,A060_I04.png,060,04,Good/046/A060_I04.png,1285293
Bird,Good,046,A060_I05.png,060,05,Good/046/A060_I05.png,1276067
Bird,Good,046,A060_I06.png,060,06,Good/046/A060_I06.png,1201122
Bird,Good,046,A060_I07.png,060,07,Good/046/A060_I07.png,999389
Bird,Good,046,A060_I08.png,060,08,Good/046/A060_I08.png,1232516
Bird,Good,046,A060_I09.png,060,09,Good/046/A060_I09.png,1406634
Bird,Good,046,A060_I10.png,060,10,Good/046/A060_I10.png,1444081
Bird,Good,046,A090_I01.png,090,01,Good/046/A090_I01.png,1168992
Bird,Good,046,A090_I02.png,090,02,Good/046/A090_I02.png,1309121
Bird,Good,046,A090_I03.png,090,03,Good/046/A090_I03.png,1204393
Bird,Good,046,A090_I04.png,090,04,Good/046/A090_I04.png,1299767
Bird,Good,046,A090_I05.png,090,05,Good/046/A090_I05.png,1302947
Bird,Good,046,A090_I06.png,090,06,Good/046/A090_I06.png,1217954
Bird,Good,046,A090_I07.png,090,07,Good/046/A090_I07.png,997953
Bird,Good,046,A090_I08.png,090,08,Good/046/A090_I08.png,1248433
Bird,Good,046,A090_I09.png,090,09,Good/046/A090_I09.png,1423725
Bird,Good,046,A090_I10.png,090,10,Good/046/A090_I10.png,1451638
Bird,Good,046,A120_I01.png,120,01,Good/046/A120_I01.png,1163655
Bird,Good,046,A120_I02.png,120,02,Good/046/A120_I02.png,1301255
Bird,Good,046,A120_I03.png,120,03,Good/046/A120_I03.png,1211506
Bird,Good,046,A120_I04.png,120,04,Good/046/A120_I04.png,1310107
Bird,Good,046,A120_I05.png,120,05,Good/046/A120_I05.png,1329802
Bird,Good,046,A120_I06.png,120,06,Good/046/A120_I06.png,1238207
Bird,Good,046,A120_I07.png,120,07,Good/046/A120_I07.png,1020703
Bird,Good,046,A120_I08.png,120,08,Good/046/A120_I08.png,1251120
Bird,Good,046,A120_I09.png,120,09,Good/046/A120_I09.png,1434735
Bird,Good,046,A120_I10.png,120,10,Good/046/A120_I10.png,1460971
Bird,Good,046,A150_I01.png,150,01,Good/046/A150_I01.png,1177507
Bird,Good,046,A150_I02.png,150,02,Good/046/A150_I02.png,1307799
Bird,Good,046,A150_I03.png,150,03,Good/046/A150_I03.png,1235959
Bird,Good,046,A150_I04.png,150,04,Good/046/A150_I04.png,1321638
Bird,Good,046,A150_I05.png,150,05,Good/046/A150_I05.png,1335486
Bird,Good,046,A150_I06.png,150,06,Good/046/A150_I06.png,1246373
Bird,Good,046,A150_I07.png,150,07,Good/046/A150_I07.png,1040758
Bird,Good,046,A150_I08.png,150,08,Good/046/A150_I08.png,1263738
Bird,Good,046,A150_I09.png,150,09,Good/046/A150_I09.png,1451449
Bird,Good,046,A150_I10.png,150,10,Good/046/A150_I10.png,1471944
Bird,Good,046,A180_I01.png,180,01,Good/046/A180_I01.png,1179846
Bird,Good,046,A180_I02.png,180,02,Good/046/A180_I02.png,1320740
Bird,Good,046,A180_I03.png,180,03,Good/046/A180_I03.png,1260693
Bird,Good,046,A180_I04.png,180,04,Good/046/A180_I04.png,1333953
Bird,Good,046,A180_I05.png,180,05,Good/046/A180_I05.png,1338610
Bird,Good,046,A180_I06.png,180,06,Good/046/A180_I06.png,1249764
Bird,Good,046,A180_I07.png,180,07,Good/046/A180_I07.png,1044046
Bird,Good,046,A180_I08.png,180,08,Good/046/A180_I08.png,1265924
Bird,Good,046,A180_I09.png,180,09,Good/046/A180_I09.png,1458778
Bird,Good,046,A180_I10.png,180,10,Good/046/A180_I10.png,1476530
Bird,Good,046,A210_I01.png,210,01,Good/046/A210_I01.png,1168165
Bird,Good,046,A210_I02.png,210,02,Good/046/A210_I02.png,1326190
Bird,Good,046,A210_I03.png,210,03,Good/046/A210_I03.png,1265359
Bird,Good,046,A210_I04.png,210,04,Good/046/A210_I04.png,1346513
Bird,Good,046,A210_I05.png,210,05,Good/046/A210_I05.png,1358012
Bird,Good,046,A210_I06.png,210,06,Good/046/A210_I06.png,1269279
Bird,Good,046,A210_I07.png,210,07,Good/046/A210_I07.png,1067314
Bird,Good,046,A210_I08.png,210,08,Good/046/A210_I08.png,1269023
Bird,Good,046,A210_I09.png,210,09,Good/046/A210_I09.png,1467613
Bird,Good,046,A210_I10.png,210,10,Good/046/A210_I10.png,1486255
Bird,Good,046,A240_I01.png,240,01,Good/046/A240_I01.png,1181241
Bird,Good,046,A240_I02.png,240,02,Good/046/A240_I02.png,1344637
Bird,Good,046,A240_I03.png,240,03,Good/046/A240_I03.png,1273457
Bird,Good,046,A240_I04.png,240,04,Good/046/A240_I04.png,1366727
Bird,Good,046,A240_I05.png,240,05,Good/046/A240_I05.png,1382475
Bird,Good,046,A240_I06.png,240,06,Good/046/A240_I06.png,1284837
Bird,Good,046,A240_I07.png,240,07,Good/046/A240_I07.png,1080797
Bird,Good,046,A240_I08.png,240,08,Good/046/A240_I08.png,1278090
Bird,Good,046,A240_I09.png,240,09,Good/046/A240_I09.png,1487416
Bird,Good,046,A240_I10.png,240,10,Good/046/A240_I10.png,1505692
Bird,Good,046,A270_I01.png,270,01,Good/046/A270_I01.png,1190762
Bird,Good,046,A270_I02.png,270,02,Good/046/A270_I02.png,1355562
Bird,Good,046,A270_I03.png,270,03,Good/046/A270_I03.png,1273111
Bird,Good,046,A270_I04.png,270,04,Good/046/A270_I04.png,1365016
Bird,Good,046,A270_I05.png,270,05,Good/046/A270_I05.png,1374189
Bird,Good,046,A270_I06.png,270,06,Good/046/A270_I06.png,1286983
Bird,Good,046,A270_I07.png,270,07,Good/046/A270_I07.png,1097897
Bird,Good,046,A270_I08.png,270,08,Good/046/A270_I08.png,1296973
Bird,Good,046,A270_I09.png,270,09,Good/046/A270_I09.png,1493386
Bird,Good,046,A270_I10.png,270,10,Good/046/A270_I10.png,1511847
Bird,Good,046,A300_I01.png,300,01,Good/046/A300_I01.png,1227444
Bird,Good,046,A300_I02.png,300,02,Good/046/A300_I02.png,1373245
Bird,Good,046,A300_I03.png,300,03,Good/046/A300_I03.png,1253494
Bird,Good,046,A300_I04.png,300,04,Good/046/A300_I04.png,1357695
Bird,Good,046,A300_I05.png,300,05,Good/046/A300_I05.png,1374406
Bird,Good,046,A300_I06.png,300,06,Good/046/A300_I06.png,1292404
Bird,Good,046,A300_I07.png,300,07,Good/046/A300_I07.png,1105263
Bird,Good,046,A300_I08.png,300,08,Good/046/A300_I08.png,1332049
Bird,Good,046,A300_I09.png,300,09,Good/046/A300_I09.png,1508964
Bird,Good,046,A300_I10.png,300,10,Good/046/A300_I10.png,1520843
Bird,Good,046,A330_I01.png,330,01,Good/046/A330_I01.png,1219534
Bird,Good,046,A330_I02.png,330,02,Good/046/A330_I02.png,1354660
Bird,Good,046,A330_I03.png,330,03,Good/046/A330_I03.png,1238524
Bird,Good,046,A330_I04.png,330,04,Good/046/A330_I04.png,1321580
Bird,Good,046,A330_I05.png,330,05,Good/046/A330_I05.png,1335006
Bird,Good,046,A330_I06.png,330,06,Good/046/A330_I06.png,1264335
Bird,Good,046,A330_I07.png,330,07,Good/046/A330_I07.png,1095705
Bird,Good,046,A330_I08.png,330,08,Good/046/A330_I08.png,1318310
Bird,Good,046,A330_I09.png,330,09,Good/046/A330_I09.png,1482755
Bird,Good,046,A330_I10.png,330,10,Good/046/A330_I10.png,1497823
Bird,Good,047,A000_I01.png,000,01,Good/047/A000_I01.png,1193882
Bird,Good,047,A000_I02.png,000,02,Good/047/A000_I02.png,1332621
Bird,Good,047,A000_I03.png,000,03,Good/047/A000_I03.png,1226085
Bird,Good,047,A000_I04.png,000,04,Good/047/A000_I04.png,1299084
Bird,Good,047,A000_I05.png,000,05,Good/047/A000_I05.png,1308095
Bird,Good,047,A000_I06.png,000,06,Good/047/A000_I06.png,1242405
Bird,Good,047,A000_I07.png,000,07,Good/047/A000_I07.png,1086037
Bird,Good,047,A000_I08.png,000,08,Good/047/A000_I08.png,1300235
Bird,Good,047,A000_I09.png,000,09,Good/047/A000_I09.png,1457385
Bird,Good,047,A000_I10.png,000,10,Good/047/A000_I10.png,1481539
Bird,Good,047,A030_I01.png,030,01,Good/047/A030_I01.png,1184046
Bird,Good,047,A030_I02.png,030,02,Good/047/A030_I02.png,1316333
Bird,Good,047,A030_I03.png,030,03,Good/047/A030_I03.png,1210068
Bird,Good,047,A030_I04.png,030,04,Good/047/A030_I04.png,1286380
Bird,Good,047,A030_I05.png,030,05,Good/047/A030_I05.png,1296869
Bird,Good,047,A030_I06.png,030,06,Good/047/A030_I06.png,1221018
Bird,Good,047,A030_I07.png,030,07,Good/047/A030_I07.png,1024312
Bird,Good,047,A030_I08.png,030,08,Good/047/A030_I08.png,1275256
Bird,Good,047,A030_I09.png,030,09,Good/047/A030_I09.png,1432673
Bird,Good,047,A030_I10.png,030,10,Good/047/A030_I10.png,1458901
Bird,Good,047,A060_I01.png,060,01,Good/047/A060_I01.png,1138326
Bird,Good,047,A060_I02.png,060,02,Good/047/A060_I02.png,1290003
Bird,Good,047,A060_I03.png,060,03,Good/047/A060_I03.png,1196935
Bird,Good,047,A060_I04.png,060,04,Good/047/A060_I04.png,1285186
Bird,Good,047,A060_I05.png,060,05,Good/047/A060_I05.png,1278181
Bird,Good,047,A060_I06.png,060,06,Good/047/A060_I06.png,1203979
Bird,Good,047,A060_I07.png,060,07,Good/047/A060_I07.png,997767
Bird,Good,047,A060_I08.png,060,08,Good/047/A060_I08.png,1231467
Bird,Good,047,A060_I09.png,060,09,Good/047/A060_I09.png,1407302
Bird,Good,047,A060_I10.png,060,10,Good/047/A060_I10.png,1444390
Bird,Good,047,A090_I01.png,090,01,Good/047/A090_I01.png,1145020
Bird,Good,047,A090_I02.png,090,02,Good/047/A090_I02.png,1294173
Bird,Good,047,A090_I03.png,090,03,Good/047/A090_I03.png,1191443
Bird,Good,047,A090_I04.png,090,04,Good/047/A090_I04.png,1296898
Bird,Good,047,A090_I05.png,090,05,Good/047/A090_I05.png,1303036
Bird,Good,047,A090_I06.png,090,06,Good/047/A090_I06.png,1218148
Bird,Good,047,A090_I07.png,090,07,Good/047/A090_I07.png,1001803
Bird,Good,047,A090_I08.png,090,08,Good/047/A090_I08.png,1235391
Bird,Good,047,A090_I09.png,090,09,Good/047/A090_I09.png,1415104
Bird,Good,047,A090_I10.png,090,10,Good/047/A090_I10.png,1445651
Bird,Good,047,A120_I01.png,120,01,Good/047/A120_I01.png,1154503
Bird,Good,047,A120_I02.png,120,02,Good/047/A120_I02.png,1298756
Bird,Good,047,A120_I03.png,120,03,Good/047/A120_I03.png,1207568
Bird,Good,047,A120_I04.png,120,04,Good/047/A120_I04.png,1308345
Bird,Good,047,A120_I05.png,120,05,Good/047/A120_I05.png,1330414
Bird,Good,047,A120_I06.png,120,06,Good/047/A120_I06.png,1247118
Bird,Good,047,A120_I07.png,120,07,Good/047/A120_I07.png,1031811
Bird,Good,047,A120_I08.png,120,08,Good/047/A120_I08.png,1256085
Bird,Good,047,A120_I09.png,120,09,Good/047/A120_I09.png,1438710
Bird,Good,047,A120_I10.png,120,10,Good/047/A120_I10.png,1465610
Bird,Good,047,A150_I01.png,150,01,Good/047/A150_I01.png,1179885
Bird,Good,047,A150_I02.png,150,02,Good/047/A150_I02.png,1306447
Bird,Good,047,A150_I03.png,150,03,Good/047/A150_I03.png,1224643
Bird,Good,047,A150_I04.png,150,04,Good/047/A150_I04.png,1323970
Bird,Good,047,A150_I05.png,150,05,Good/047/A150_I05.png,1349279
Bird,Good,047,A150_I06.png,150,06,Good/047/A150_I06.png,1279569
Bird,Good,047,A150_I07.png,150,07,Good/047/A150_I07.png,1081521
Bird,Good,047,A150_I08.png,150,08,Good/047/A150_I08.png,1287198
Bird,Good,047,A150_I09.png,150,09,Good/047/A150_I09.png,1468730
Bird,Good,047,A150_I10.png,150,10,Good/047/A150_I10.png,1487543
Bird,Good,047,A180_I01.png,180,01,Good/047/A180_I01.png,1191650
Bird,Good,047,A180_I02.png,180,02,Good/047/A180_I02.png,1329440
Bird,Good,047,A180_I03.png,180,03,Good/047/A180_I03.png,1255642
Bird,Good,047,A180_I04.png,180,04,Good/047/A180_I04.png,1341716
Bird,Good,047,A180_I05.png,180,05,Good/047/A180_I05.png,1354143
Bird,Good,047,A180_I06.png,180,06,Good/047/A180_I06.png,1273909
Bird,Good,047,A180_I07.png,180,07,Good/047/A180_I07.png,1070041
Bird,Good,047,A180_I08.png,180,08,Good/047/A180_I08.png,1286508
Bird,Good,047,A180_I09.png,180,09,Good/047/A180_I09.png,1475490
Bird,Good,047,A180_I10.png,180,10,Good/047/A180_I10.png,1491189
Bird,Good,047,A210_I01.png,210,01,Good/047/A210_I01.png,1183636
Bird,Good,047,A210_I02.png,210,02,Good/047/A210_I02.png,1340935
Bird,Good,047,A210_I03.png,210,03,Good/047/A210_I03.png,1275603
Bird,Good,047,A210_I04.png,210,04,Good/047/A210_I04.png,1356917
Bird,Good,047,A210_I05.png,210,05,Good/047/A210_I05.png,1363730
Bird,Good,047,A210_I06.png,210,06,Good/047/A210_I06.png,1274542
Bird,Good,047,A210_I07.png,210,07,Good/047/A210_I07.png,1050525
Bird,Good,047,A210_I08.png,210,08,Good/047/A210_I08.png,1278752
Bird,Good,047,A210_I09.png,210,09,Good/047/A210_I09.png,1480201
Bird,Good,047,A210_I10.png,210,10,Good/047/A210_I10.png,1497491
Bird,Good,047,A240_I01.png,240,01,Good/047/A240_I01.png,1198319
Bird,Good,047,A240_I02.png,240,02,Good/047/A240_I02.png,1360901
Bird,Good,047,A240_I03.png,240,03,Good/047/A240_I03.png,1287422
Bird,Good,047,A240_I04.png,240,04,Good/047/A240_I04.png,1369487
Bird,Good,047,A240_I05.png,240,05,Good/047/A240_I05.png,1378030
Bird,Good,047,A240_I06.png,240,06,Good/047/A240_I06.png,1280513
Bird,Good,047,A240_I07.png,240,07,Good/047/A240_I07.png,1060504
Bird,Good,047,A240_I08.png,240,08,Good/047/A240_I08.png,1287784
Bird,Good,047,A240_I09.png,240,09,Good/047/A240_I09.png,1493111
Bird,Good,047,A240_I10.png,240,10,Good/047/A240_I10.png,1511245
Bird,Good,047,A270_I01.png,270,01,Good/047/A270_I01.png,1201367
Bird,Good,047,A270_I02.png,270,02,Good/047/A270_I02.png,1366907
Bird,Good,047,A270_I03.png,270,03,Good/047/A270_I03.png,1285374
Bird,Good,047,A270_I04.png,270,04,Good/047/A270_I04.png,1373889
Bird,Good,047,A270_I05.png,270,05,Good/047/A270_I05.png,1379545
Bird,Good,047,A270_I06.png,270,06,Good/047/A270_I06.png,1285776
Bird,Good,047,A270_I07.png,270,07,Good/047/A270_I07.png,1083160
Bird,Good,047,A270_I08.png,270,08,Good/047/A270_I08.png,1300909
Bird,Good,047,A270_I09.png,270,09,Good/047/A270_I09.png,1499787
Bird,Good,047,A270_I10.png,270,10,Good/047/A270_I10.png,1515149
Bird,Good,047,A300_I01.png,300,01,Good/047/A300_I01.png,1221050
Bird,Good,047,A300_I02.png,300,02,Good/047/A300_I02.png,1368752
Bird,Good,047,A300_I03.png,300,03,Good/047/A300_I03.png,1266957
Bird,Good,047,A300_I04.png,300,04,Good/047/A300_I04.png,1356638
Bird,Good,047,A300_I05.png,300,05,Good/047/A300_I05.png,1367311
Bird,Good,047,A300_I06.png,300,06,Good/047/A300_I06.png,1276881
Bird,Good,047,A300_I07.png,300,07,Good/047/A300_I07.png,1086635
Bird,Good,047,A300_I08.png,300,08,Good/047/A300_I08.png,1315582
Bird,Good,047,A300_I09.png,300,09,Good/047/A300_I09.png,1496381
Bird,Good,047,A300_I10.png,300,10,Good/047/A300_I10.png,1508593
Bird,Good,047,A330_I01.png,330,01,Good/047/A330_I01.png,1231262
Bird,Good,047,A330_I02.png,330,02,Good/047/A330_I02.png,1366988
Bird,Good,047,A330_I03.png,330,03,Good/047/A330_I03.png,1251331
Bird,Good,047,A330_I04.png,330,04,Good/047/A330_I04.png,1327707
Bird,Good,047,A330_I05.png,330,05,Good/047/A330_I05.png,1335459
Bird,Good,047,A330_I06.png,330,06,Good/047/A330_I06.png,1259302
Bird,Good,047,A330_I07.png,330,07,Good/047/A330_I07.png,1084740
Bird,Good,047,A330_I08.png,330,08,Good/047/A330_I08.png,1320861
Bird,Good,047,A330_I09.png,330,09,Good/047/A330_I09.png,1489349
Bird,Good,047,A330_I10.png,330,10,Good/047/A330_I10.png,1504940
Bird,Good,048,A000_I01.png,000,01,Good/048/A000_I01.png,1199362
Bird,Good,048,A000_I02.png,000,02,Good/048/A000_I02.png,1336383
Bird,Good,048,A000_I03.png,000,03,Good/048/A000_I03.png,1232518
Bird,Good,048,A000_I04.png,000,04,Good/048/A000_I04.png,1304925
Bird,Good,048,A000_I05.png,000,05,Good/048/A000_I05.png,1316126
Bird,Good,048,A000_I06.png,000,06,Good/048/A000_I06.png,1247338
Bird,Good,048,A000_I07.png,000,07,Good/048/A000_I07.png,1079932
Bird,Good,048,A000_I08.png,000,08,Good/048/A000_I08.png,1298090
Bird,Good,048,A000_I09.png,000,09,Good/048/A000_I09.png,1459001
Bird,Good,048,A000_I10.png,000,10,Good/048/A000_I10.png,1477718
Bird,Good,048,A030_I01.png,030,01,Good/048/A030_I01.png,1181558
Bird,Good,048,A030_I02.png,030,02,Good/048/A030_I02.png,1316562
Bird,Good,048,A030_I03.png,030,03,Good/048/A030_I03.png,1210899
Bird,Good,048,A030_I04.png,030,04,Good/048/A030_I04.png,1286994
Bird,Good,048,A030_I05.png,030,05,Good/048/A030_I05.png,1300443
Bird,Good,048,A030_I06.png,030,06,Good/048/A030_I06.png,1217160
Bird,Good,048,A030_I07.png,030,07,Good/048/A030_I07.png,1029468
Bird,Good,048,A030_I08.png,030,08,Good/048/A030_I08.png,1271482
Bird,Good,048,A030_I09.png,030,09,Good/048/A030_I09.png,1428970
Bird,Good,048,A030_I10.png,030,10,Good/048/A030_I10.png,1455080
Bird,Good,048,A060_I01.png,060,01,Good/048/A060_I01.png,1142463
Bird,Good,048,A060_I02.png,060,02,Good/048/A060_I02.png,1293842
Bird,Good,048,A060_I03.png,060,03,Good/048/A060_I03.png,1200602
Bird,Good,048,A060_I04.png,060,04,Good/048/A060_I04.png,1280645
Bird,Good,048,A060_I05.png,060,05,Good/048/A060_I05.png,1273815
Bird,Good,048,A060_I06.png,060,06,Good/048/A060_I06.png,1201813
Bird,Good,048,A060_I07.png,060,07,Good/048/A060_I07.png,1006793
Bird,Good,048,A060_I08.png,060,08,Good/048/A060_I08.png,1234832
Bird,Good,048,A060_I09.png,060,09,Good/048/A060_I09.png,1407278
Bird,Good,048,A060_I10.png,060,10,Good/048/A060_I10.png,1443736
Bird,Good,048,A090_I01.png,090,01,Good/048/A090_I01.png,1141669
Bird,Good,048,A090_I02.png,090,02,Good/048/A090_I02.png,1290132
Bird,Good,048,A090_I03.png,090,03,Good/048/A090_I03.png,1195769
Bird,Good,048,A090_I04.png,090,04,Good/048/A090_I04.png,1289420
Bird,Good,048,A090_I05.png,090,05,Good/048/A090_I05.png,1290704
Bird,Good,048,A090_I06.png,090,06,Good/048/A090_I06.png,1213495
Bird,Good,048,A090_I07.png,090,07,Good/048/A090_I07.png,1009794
Bird,Good,048,A090_I08.png,090,08,Good/048/A090_I08.png,1233685
Bird,Good,048,A090_I09.png,090,09,Good/048/A090_I09.png,1411529
Bird,Good,048,A090_I10.png,090,10,Good/048/A090_I10.png,1445006
Bird,Good,048,A120_I01.png,120,01,Good/048/A120_I01.png,1141942
Bird,Good,048,A120_I02.png,120,02,Good/048/A120_I02.png,1288973
Bird,Good,048,A120_I03.png,120,03,Good/048/A120_I03.png,1204802
Bird,Good,048,A120_I04.png,120,04,Good/048/A120_I04.png,1309004
Bird,Good,048,A120_I05.png,120,05,Good/048/A120_I05.png,1325104
Bird,Good,048,A120_I06.png,120,06,Good/048/A120_I06.png,1248436
Bird,Good,048,A120_I07.png,120,07,Good/048/A120_I07.png,1043943
Bird,Good,048,A120_I08.png,120,08,Good/048/A120_I08.png,1252098
Bird,Good,048,A120_I09.png,120,09,Good/048/A120_I09.png,1439458
Bird,Good,048,A120_I10.png,120,10,Good/048/A120_I10.png,1468525
Bird,Good,048,A150_I01.png,150,01,Good/048/A150_I01.png,1162377
Bird,Good,048,A150_I02.png,150,02,Good/048/A150_I02.png,1297372
Bird,Good,048,A150_I03.png,150,03,Good/048/A150_I03.png,1217560
Bird,Good,048,A150_I04.png,150,04,Good/048/A150_I04.png,1320705
Bird,Good,048,A150_I05.png,150,05,Good/048/A150_I05.png,1340951
Bird,Good,048,A150_I06.png,150,06,Good/048/A150_I06.png,1263899
Bird,Good,048,A150_I07.png,150,07,Good/048/A150_I07.png,1060862
Bird,Good,048,A150_I08.png,150,08,Good/048/A150_I08.png,1267056
Bird,Good,048,A150_I09.png,150,09,Good/048/A150_I09.png,1457592
Bird,Good,048,A150_I10.png,150,10,Good/048/A150_I10.png,1483392
Bird,Good,048,A180_I01.png,180,01,Good/048/A180_I01.png,1178700
Bird,Good,048,A180_I02.png,180,02,Good/048/A180_I02.png,1318517
Bird,Good,048,A180_I03.png,180,03,Good/048/A180_I03.png,1241196
Bird,Good,048,A180_I04.png,180,04,Good/048/A180_I04.png,1336198
Bird,Good,048,A180_I05.png,180,05,Good/048/A180_I05.png,1346818
Bird,Good,048,A180_I06.png,180,06,Good/048/A180_I06.png,1265464
Bird,Good,048,A180_I07.png,180,07,Good/048/A180_I07.png,1060579
Bird,Good,048,A180_I08.png,180,08,Good/048/A180_I08.png,1275046
Bird,Good,048,A180_I09.png,180,09,Good/048/A180_I09.png,1471035
Bird,Good,048,A180_I10.png,180,10,Good/048/A180_I10.png,1492044
Bird,Good,048,A210_I01.png,210,01,Good/048/A210_I01.png,1176605
Bird,Good,048,A210_I02.png,210,02,Good/048/A210_I02.png,1333173
Bird,Good,048,A210_I03.png,210,03,Good/048/A210_I03.png,1250473
Bird,Good,048,A210_I04.png,210,04,Good/048/A210_I04.png,1354442
Bird,Good,048,A210_I05.png,210,05,Good/048/A210_I05.png,1368793
Bird,Good,048,A210_I06.png,210,06,Good/048/A210_I06.png,1288739
Bird,Good,048,A210_I07.png,210,07,Good/048/A210_I07.png,1074502
Bird,Good,048,A210_I08.png,210,08,Good/048/A210_I08.png,1285314
Bird,Good,048,A210_I09.png,210,09,Good/048/A210_I09.png,1490901
Bird,Good,048,A210_I10.png,210,10,Good/048/A210_I10.png,1509904
Bird,Good,048,A240_I01.png,240,01,Good/048/A240_I01.png,1190934
Bird,Good,048,A240_I02.png,240,02,Good/048/A240_I02.png,1352367
Bird,Good,048,A240_I03.png,240,03,Good/048/A240_I03.png,1264200
Bird,Good,048,A240_I04.png,240,04,Good/048/A240_I04.png,1367543
Bird,Good,048,A240_I05.png,240,05,Good/048/A240_I05.png,1388450
Bird,Good,048,A240_I06.png,240,06,Good/048/A240_I06.png,1294637
Bird,Good,048,A240_I07.png,240,07,Good/048/A240_I07.png,1077775
Bird,Good,048,A240_I08.png,240,08,Good/048/A240_I08.png,1288795
Bird,Good,048,A240_I09.png,240,09,Good/048/A240_I09.png,1499750
Bird,Good,048,A240_I10.png,240,10,Good/048/A240_I10.png,1518910
Bird,Good,048,A270_I01.png,270,01,Good/048/A270_I01.png,1204787
Bird,Good,048,A270_I02.png,270,02,Good/048/A270_I02.png,1366878
Bird,Good,048,A270_I03.png,270,03,Good/048/A270_I03.png,1272134
Bird,Good,048,A270_I04.png,270,04,Good/048/A270_I04.png,1372499
Bird,Good,048,A270_I05.png,270,05,Good/048/A270_I05.png,1383604
Bird,Good,048,A270_I06.png,270,06,Good/048/A270_I06.png,1296031
Bird,Good,048,A270_I07.png,270,07,Good/048/A270_I07.png,1092945
Bird,Good,048,A270_I08.png,270,08,Good/048/A270_I08.png,1308811
Bird,Good,048,A270_I09.png,270,09,Good/048/A270_I09.png,1506428
Bird,Good,048,A270_I10.png,270,10,Good/048/A270_I10.png,1522000
Bird,Good,048,A300_I01.png,300,01,Good/048/A300_I01.png,1232314
Bird,Good,048,A300_I02.png,300,02,Good/048/A300_I02.png,1373848
Bird,Good,048,A300_I03.png,300,03,Good/048/A300_I03.png,1259490
Bird,Good,048,A300_I04.png,300,04,Good/048/A300_I04.png,1350183
Bird,Good,048,A300_I05.png,300,05,Good/048/A300_I05.png,1361733
Bird,Good,048,A300_I06.png,300,06,Good/048/A300_I06.png,1280190
Bird,Good,048,A300_I07.png,300,07,Good/048/A300_I07.png,1097062
Bird,Good,048,A300_I08.png,300,08,Good/048/A300_I08.png,1329486
Bird,Good,048,A300_I09.png,300,09,Good/048/A300_I09.png,1499799
Bird,Good,048,A300_I10.png,300,10,Good/048/A300_I10.png,1513006
Bird,Good,048,A330_I01.png,330,01,Good/048/A330_I01.png,1238138
Bird,Good,048,A330_I02.png,330,02,Good/048/A330_I02.png,1368386
Bird,Good,048,A330_I03.png,330,03,Good/048/A330_I03.png,1245290
Bird,Good,048,A330_I04.png,330,04,Good/048/A330_I04.png,1321484
Bird,Good,048,A330_I05.png,330,05,Good/048/A330_I05.png,1334251
Bird,Good,048,A330_I06.png,330,06,Good/048/A330_I06.png,1278104
Bird,Good,048,A330_I07.png,330,07,Good/048/A330_I07.png,1127808
Bird,Good,048,A330_I08.png,330,08,Good/048/A330_I08.png,1342176
Bird,Good,048,A330_I09.png,330,09,Good/048/A330_I09.png,1498996
Bird,Good,048,A330_I10.png,330,10,Good/048/A330_I10.png,1510053
Bird,Good,049,A000_I01.png,000,01,Good/049/A000_I01.png,1165679
Bird,Good,049,A000_I02.png,000,02,Good/049/A000_I02.png,1316314
Bird,Good,049,A000_I03.png,000,03,Good/049/A000_I03.png,1227059
Bird,Good,049,A000_I04.png,000,04,Good/049/A000_I04.png,1302134
Bird,Good,049,A000_I05.png,000,05,Good/049/A000_I05.png,1307493
Bird,Good,049,A000_I06.png,000,06,Good/049/A000_I06.png,1250353
Bird,Good,049,A000_I07.png,000,07,Good/049/A000_I07.png,1094281
Bird,Good,049,A000_I08.png,000,08,Good/049/A000_I08.png,1285163
Bird,Good,049,A000_I09.png,000,09,Good/049/A000_I09.png,1452401
Bird,Good,049,A000_I10.png,000,10,Good/049/A000_I10.png,1479878
Bird,Good,049,A030_I01.png,030,01,Good/049/A030_I01.png,1189460
Bird,Good,049,A030_I02.png,030,02,Good/049/A030_I02.png,1322496
Bird,Good,049,A030_I03.png,030,03,Good/049/A030_I03.png,1223098
Bird,Good,049,A030_I04.png,030,04,Good/049/A030_I04.png,1289986
Bird,Good,049,A030_I05.png,030,05,Good/049/A030_I05.png,1302478
Bird,Good,049,A030_I06.png,030,06,Good/049/A030_I06.png,1241609
Bird,Good,049,A030_I07.png,030,07,Good/049/A030_I07.png,1069888
Bird,Good,049,A030_I08.png,030,08,Good/049/A030_I08.png,1294607
Bird,Good,049,A030_I09.png,030,09,Good/049/A030_I09.png,1447734
Bird,Good,049,A030_I10.png,030,10,Good/049/A030_I10.png,1469496
Bird,Good,049,A060_I01.png,060,01,Good/049/A060_I01.png,1169653
Bird,Good,049,A060_I02.png,060,02,Good/049/A060_I02.png,1308727
Bird,Good,049,A060_I03.png,060,03,Good/049/A060_I03.png,1207720
Bird,Good,049,A060_I04.png,060,04,Good/049/A060_I04.png,1287478
Bird,Good,049,A060_I05.png,060,05,Good/049/A060_I05.png,1284562
Bird,Good,049,A060_I06.png,060,06,Good/049/A060_I06.png,1217407
Bird,Good,049,A060_I07.png,060,07,Good/049/A060_I07.png,1028976
Bird,Good,049,A060_I08.png,060,08,Good/049/A060_I08.png,1260344
Bird,Good,049,A060_I09.png,060,09,Good/049/A060_I09.png,1426458
Bird,Good,049,A060_I10.png,060,10,Good/049/A060_I10.png,1453855
Bird,Good,049,A090_I01.png,090,01,Good/049/A090_I01.png,1157240
Bird,Good,049,A090_I02.png,090,02,Good/049/A090_I02.png,1301032
Bird,Good,049,A090_I03.png,090,03,Good/049/A090_I03.png,1212588
Bird,Good,049,A090_I04.png,090,04,Good/049/A090_I04.png,1293732
Bird,Good,049,A090_I05.png,090,05,Good/049/A090_I05.png,1290836
Bird,Good,049,A090_I06.png,090,06,Good/049/A090_I06.png,1213556
Bird,Good,049,A090_I07.png,090,07,Good/049/A090_I07.png,1011866
Bird,Good,049,A090_I08.png,090,08,Good/049/A090_I08.png,1245233
Bird,Good,049,A090_I09.png,090,09,Good/049/A090_I09.png,1422114
Bird,Good,049,A090_I10.png,090,10,Good/049/A090_I10.png,1450085
Bird,Good,049,A120_I01.png,120,01,Good/049/A120_I01.png,1152527
Bird,Good,049,A120_I02.png,120,02,Good/049/A120_I02.png,1297334
Bird,Good,049,A120_I03.png,120,03,Good/049/A120_I03.png,1217777
Bird,Good,049,A120_I04.png,120,04,Good/049/A120_I04.png,1312556
Bird,Good,049,A120_I05.png,120,05,Good/049/A120_I05.png,1325977
Bird,Good,049,A120_I06.png,120,06,Good/049/A120_I06.png,1246761
Bird,Good,049,A120_I07.png,120,07,Good/049/A120_I07.png,1048334
Bird,Good,049,A120_I08.png,120,08,Good/049/A120_I08.png,1258889
Bird,Good,049,A120_I09.png,120,09,Good/049/A120_I09.png,1445723
Bird,Good,049,A120_I10.png,120,10,Good/049/A120_I10.png,1472845
Bird,Good,049,A150_I01.png,150,01,Good/049/A150_I01.png,1151445
Bird,Good,049,A150_I02.png,150,02,Good/049/A150_I02.png,1296390
Bird,Good,049,A150_I03.png,150,03,Good/049/A150_I03.png,1234446
Bird,Good,049,A150_I04.png,150,04,Good/049/A150_I04.png,1322922
Bird,Good,049,A150_I05.png,150,05,Good/049/A150_I05.png,1335300
Bird,Good,049,A150_I06.png,150,06,Good/049/A150_I06.png,1259643
Bird,Good,049,A150_I07.png,150,07,Good/049/A150_I07.png,1066143
Bird,Good,049,A150_I08.png,150,08,Good/049/A150_I08.png,1265330
Bird,Good,049,A150_I09.png,150,09,Good/049/A150_I09.png,1458275
Bird,Good,049,A150_I10.png,150,10,Good/049/A150_I10.png,1483878
Bird,Good,049,A180_I01.png,180,01,Good/049/A180_I01.png,1171351
Bird,Good,049,A180_I02.png,180,02,Good/049/A180_I02.png,1319036
Bird,Good,049,A180_I03.png,180,03,Good/049/A180_I03.png,1245448
Bird,Good,049,A180_I04.png,180,04,Good/049/A180_I04.png,1329420
Bird,Good,049,A180_I05.png,180,05,Good/049/A180_I05.png,1335205
Bird,Good,049,A180_I06.png,180,06,Good/049/A180_I06.png,1253501
Bird,Good,049,A180_I07.png,180,07,Good/049/A180_I07.png,1057246
Bird,Good,049,A180_I08.png,180,08,Good/049/A180_I08.png,1268015
Bird,Good,049,A180_I09.png,180,09,Good/049/A180_I09.png,1462685
Bird,Good,049,A180_I10.png,180,10,Good/049/A180_I10.png,1485590
Bird,Good,049,A210_I01.png,210,01,Good/049/A210_I01.png,1169189
Bird,Good,049,A210_I02.png,210,02,Good/049/A210_I02.png,1324368
Bird,Good,049,A210_I03.png,210,03,Good/049/A210_I03.png,1248914
Bird,Good,049,A210_I04.png,210,04,Good/049/A210_I04.png,1349712
Bird,Good,049,A210_I05.png,210,05,Good/049/A210_I05.png,1364229
Bird,Good,049,A210_I06.png,210,06,Good/049/A210_I06.png,1292437
Bird,Good,049,A210_I07.png,210,07,Good/049/A210_I07.png,1095037
Bird,Good,049,A210_I08.png,210,08,Good/049/A210_I08.png,1285180
Bird,Good,049,A210_I09.png,210,09,Good/049/A210_I09.png,1485096
Bird,Good,049,A210_I10.png,210,10,Good/049/A210_I10.png,1503781
Bird,Good,049,A240_I01.png,240,01,Good/049/A240_I01.png,1182997
Bird,Good,049,A240_I02.png,240,02,Good/049/A240_I02.png,1341398
Bird,Good,049,A240_I03.png,240,03,Good/049/A240_I03.png,1255529
Bird,Good,049,A240_I04.png,240,04,Good/049/A240_I04.png,1369560
Bird,Good,049,A240_I05.png,240,05,Good/049/A240_I05.png,1398305
Bird,Good,049,A240_I06.png,240,06,Good/049/A240_I06.png,1317822
Bird,Good,049,A240_I07.png,240,07,Good/049/A240_I07.png,1122835
Bird,Good,049,A240_I08.png,240,08,Good/049/A240_I08.png,1302999
Bird,Good,049,A240_I09.png,240,09,Good/049/A240_I09.png,1504353
Bird,Good,049,A240_I10.png,240,10,Good/049/A240_I10.png,1520361
Bird,Good,049,A270_I01.png,270,01,Good/049/A270_I01.png,1202084
Bird,Good,049,A270_I02.png,270,02,Good/049/A270_I02.png,1359093
Bird,Good,049,A270_I03.png,270,03,Good/049/A270_I03.png,1260122
Bird,Good,049,A270_I04.png,270,04,Good/049/A270_I04.png,1366162
Bird,Good,049,A270_I05.png,270,05,Good/049/A270_I05.png,1384902
Bird,Good,049,A270_I06.png,270,06,Good/049/A270_I06.png,1311981
Bird,Good,049,A270_I07.png,270,07,Good/049/A270_I07.png,1139182
Bird,Good,049,A270_I08.png,270,08,Good/049/A270_I08.png,1322078
Bird,Good,049,A270_I09.png,270,09,Good/049/A270_I09.png,1508618
Bird,Good,049,A270_I10.png,270,10,Good/049/A270_I10.png,1521422
Bird,Good,049,A300_I01.png,300,01,Good/049/A300_I01.png,1221272
Bird,Good,049,A300_I02.png,300,02,Good/049/A300_I02.png,1361964
Bird,Good,049,A300_I03.png,300,03,Good/049/A300_I03.png,1249182
Bird,Good,049,A300_I04.png,300,04,Good/049/A300_I04.png,1342320
Bird,Good,049,A300_I05.png,300,05,Good/049/A300_I05.png,1354439
Bird,Good,049,A300_I06.png,300,06,Good/049/A300_I06.png,1284591
Bird,Good,049,A300_I07.png,300,07,Good/049/A300_I07.png,1122313
Bird,Good,049,A300_I08.png,300,08,Good/049/A300_I08.png,1328766
Bird,Good,049,A300_I09.png,300,09,Good/049/A300_I09.png,1494469
Bird,Good,049,A300_I10.png,300,10,Good/049/A300_I10.png,1507214
Bird,Good,049,A330_I01.png,330,01,Good/049/A330_I01.png,1234662
Bird,Good,049,A330_I02.png,330,02,Good/049/A330_I02.png,1363659
Bird,Good,049,A330_I03.png,330,03,Good/049/A330_I03.png,1239151
Bird,Good,049,A330_I04.png,330,04,Good/049/A330_I04.png,1319225
Bird,Good,049,A330_I05.png,330,05,Good/049/A330_I05.png,1329106
Bird,Good,049,A330_I06.png,330,06,Good/049/A330_I06.png,1283680
Bird,Good,049,A330_I07.png,330,07,Good/049/A330_I07.png,1135572
Bird,Good,049,A330_I08.png,330,08,Good/049/A330_I08.png,1343434
Bird,Good,049,A330_I09.png,330,09,Good/049/A330_I09.png,1499669
Bird,Good,049,A330_I10.png,330,10,Good/049/A330_I10.png,1509671
Bird,NG,damage_1_008,A000_I01.png,000,01,NG/damage_1_008/A000_I01.png,1196031
Bird,NG,damage_1_008,A000_I02.png,000,02,NG/damage_1_008/A000_I02.png,1338957
Bird,NG,damage_1_008,A000_I03.png,000,03,NG/damage_1_008/A000_I03.png,1233153
Bird,NG,damage_1_008,A000_I04.png,000,04,NG/damage_1_008/A000_I04.png,1314708
Bird,NG,damage_1_008,A000_I05.png,000,05,NG/damage_1_008/A000_I05.png,1303609
Bird,NG,damage_1_008,A000_I06.png,000,06,NG/damage_1_008/A000_I06.png,1222914
Bird,NG,damage_1_008,A000_I07.png,000,07,NG/damage_1_008/A000_I07.png,1026073
Bird,NG,damage_1_008,A000_I08.png,000,08,NG/damage_1_008/A000_I08.png,1294191
Bird,NG,damage_1_008,A000_I09.png,000,09,NG/damage_1_008/A000_I09.png,1461508
Bird,NG,damage_1_008,A000_I10.png,000,10,NG/damage_1_008/A000_I10.png,1491039
Bird,NG,damage_1_008,A030_I01.png,030,01,NG/damage_1_008/A030_I01.png,1192218
Bird,NG,damage_1_008,A030_I02.png,030,02,NG/damage_1_008/A030_I02.png,1322485
Bird,NG,damage_1_008,A030_I03.png,030,03,NG/damage_1_008/A030_I03.png,1190668
Bird,NG,damage_1_008,A030_I04.png,030,04,NG/damage_1_008/A030_I04.png,1285527
Bird,NG,damage_1_008,A030_I05.png,030,05,NG/damage_1_008/A030_I05.png,1294620
Bird,NG,damage_1_008,A030_I06.png,030,06,NG/damage_1_008/A030_I06.png,1225938
Bird,NG,damage_1_008,A030_I07.png,030,07,NG/damage_1_008/A030_I07.png,1038066
Bird,NG,damage_1_008,A030_I08.png,030,08,NG/damage_1_008/A030_I08.png,1291139
Bird,NG,damage_1_008,A030_I09.png,030,09,NG/damage_1_008/A030_I09.png,1443615
Bird,NG,damage_1_008,A030_I10.png,030,10,NG/damage_1_008/A030_I10.png,1472805
Bird,NG,damage_1_008,A060_I01.png,060,01,NG/damage_1_008/A060_I01.png,1172107
Bird,NG,damage_1_008,A060_I02.png,060,02,NG/damage_1_008/A060_I02.png,1304907
Bird,NG,damage_1_008,A060_I03.png,060,03,NG/damage_1_008/A060_I03.png,1177045
Bird,NG,damage_1_008,A060_I04.png,060,04,NG/damage_1_008/A060_I04.png,1279457
Bird,NG,damage_1_008,A060_I05.png,060,05,NG/damage_1_008/A060_I05.png,1278889
Bird,NG,damage_1_008,A060_I06.png,060,06,NG/damage_1_008/A060_I06.png,1206963
Bird,NG,damage_1_008,A060_I07.png,060,07,NG/damage_1_008/A060_I07.png,1008838
Bird,NG,damage_1_008,A060_I08.png,060,08,NG/damage_1_008/A060_I08.png,1262549
Bird,NG,damage_1_008,A060_I09.png,060,09,NG/damage_1_008/A060_I09.png,1422141
Bird,NG,damage_1_008,A060_I10.png,060,10,NG/damage_1_008/A060_I10.png,1454504
Bird,NG,damage_1_008,A090_I01.png,090,01,NG/damage_1_008/A090_I01.png,1116743
Bird,NG,damage_1_008,A090_I02.png,090,02,NG/damage_1_008/A090_I02.png,1269143
Bird,NG,damage_1_008,A090_I03.png,090,03,NG/damage_1_008/A090_I03.png,1169875
Bird,NG,damage_1_008,A090_I04.png,090,04,NG/damage_1_008/A090_I04.png,1281335
Bird,NG,damage_1_008,A090_I05.png,090,05,NG/damage_1_008/A090_I05.png,1276163
Bird,NG,damage_1_008,A090_I06.png,090,06,NG/damage_1_008/A090_I06.png,1199366
Bird,NG,damage_1_008,A090_I07.png,090,07,NG/damage_1_008/A090_I07.png,989471
Bird,NG,damage_1_008,A090_I08.png,090,08,NG/damage_1_008/A090_I08.png,1222195
Bird,NG,damage_1_008,A090_I09.png,090,09,NG/damage_1_008/A090_I09.png,1402037
Bird,NG,damage_1_008,A090_I10.png,090,10,NG/damage_1_008/A090_I10.png,1442426
Bird,NG,damage_1_008,A120_I01.png,120,01,NG/damage_1_008/A120_I01.png,1134022
Bird,NG,damage_1_008,A120_I02.png,120,02,NG/damage_1_008/A120_I02.png,1276788
Bird,NG,damage_1_008,A120_I03.png,120,03,NG/damage_1_008/A120_I03.png,1171483
Bird,NG,damage_1_008,A120_I04.png,120,04,NG/damage_1_008/A120_I04.png,1297400
Bird,NG,damage_1_008,A120_I05.png,120,05,NG/damage_1_008/A120_I05.png,1308312
Bird,NG,damage_1_008,A120_I06.png,120,06,NG/damage_1_008/A120_I06.png,1227969
Bird,NG,damage_1_008,A120_I07.png,120,07,NG/damage_1_008/A120_I07.png,1007891
Bird,NG,damage_1_008,A120_I08.png,120,08,NG/damage_1_008/A120_I08.png,1239711
Bird,NG,damage_1_008,A120_I09.png,120,09,NG/damage_1_008/A120_I09.png,1421676
Bird,NG,damage_1_008,A120_I10.png,120,10,NG/damage_1_008/A120_I10.png,1455781
Bird,NG,damage_1_008,A150_I01.png,150,01,NG/damage_1_008/A150_I01.png,1136884
Bird,NG,damage_1_008,A150_I02.png,150,02,NG/damage_1_008/A150_I02.png,1284965
Bird,NG,damage_1_008,A150_I03.png,150,03,NG/damage_1_008/A150_I03.png,1197757
Bird,NG,damage_1_008,A150_I04.png,150,04,NG/damage_1_008/A150_I04.png,1317826
Bird,NG,damage_1_008,A150_I05.png,150,05,NG/damage_1_008/A150_I05.png,1326511
Bird,NG,damage_1_008,A150_I06.png,150,06,NG/damage_1_008/A150_I06.png,1244351
Bird,NG,damage_1_008,A150_I07.png,150,07,NG/damage_1_008/A150_I07.png,1030139
Bird,NG,damage_1_008,A150_I08.png,150,08,NG/damage_1_008/A150_I08.png,1256801
Bird,NG,damage_1_008,A150_I09.png,150,09,NG/damage_1_008/A150_I09.png,1445192
Bird,NG,damage_1_008,A150_I10.png,150,10,NG/damage_1_008/A150_I10.png,1478060
Bird,NG,damage_1_008,A180_I01.png,180,01,NG/damage_1_008/A180_I01.png,1167490
Bird,NG,damage_1_008,A180_I02.png,180,02,NG/damage_1_008/A180_I02.png,1314058
Bird,NG,damage_1_008,A180_I03.png,180,03,NG/damage_1_008/A180_I03.png,1222341
Bird,NG,damage_1_008,A180_I04.png,180,04,NG/damage_1_008/A180_I04.png,1344602
Bird,NG,damage_1_008,A180_I05.png,180,05,NG/damage_1_008/A180_I05.png,1358448
Bird,NG,damage_1_008,A180_I06.png,180,06,NG/damage_1_008/A180_I06.png,1271562
Bird,NG,damage_1_008,A180_I07.png,180,07,NG/damage_1_008/A180_I07.png,1042429
Bird,NG,damage_1_008,A180_I08.png,180,08,NG/damage_1_008/A180_I08.png,1270246
Bird,NG,damage_1_008,A180_I09.png,180,09,NG/damage_1_008/A180_I09.png,1468273
Bird,NG,damage_1_008,A180_I10.png,180,10,NG/damage_1_008/A180_I10.png,1494960
Bird,NG,damage_1_008,A210_I01.png,210,01,NG/damage_1_008/A210_I01.png,1179207
Bird,NG,damage_1_008,A210_I02.png,210,02,NG/damage_1_008/A210_I02.png,1340501
Bird,NG,damage_1_008,A210_I03.png,210,03,NG/damage_1_008/A210_I03.png,1243037
Bird,NG,damage_1_008,A210_I04.png,210,04,NG/damage_1_008/A210_I04.png,1367523
Bird,NG,damage_1_008,A210_I05.png,210,05,NG/damage_1_008/A210_I05.png,1385144
Bird,NG,damage_1_008,A210_I06.png,210,06,NG/damage_1_008/A210_I06.png,1303085
Bird,NG,damage_1_008,A210_I07.png,210,07,NG/damage_1_008/A210_I07.png,1082672
Bird,NG,damage_1_008,A210_I08.png,210,08,NG/damage_1_008/A210_I08.png,1292988
Bird,NG,damage_1_008,A210_I09.png,210,09,NG/damage_1_008/A210_I09.png,1498183
Bird,NG,damage_1_008,A210_I10.png,210,10,NG/damage_1_008/A210_I10.png,1524174
Bird,NG,damage_1_008,A240_I01.png,240,01,NG/damage_1_008/A240_I01.png,1195266
Bird,NG,damage_1_008,A240_I02.png,240,02,NG/damage_1_008/A240_I02.png,1362523
Bird,NG,damage_1_008,A240_I03.png,240,03,NG/damage_1_008/A240_I03.png,1268893
Bird,NG,damage_1_008,A240_I04.png,240,04,NG/damage_1_008/A240_I04.png,1375049
Bird,NG,damage_1_008,A240_I05.png,240,05,NG/damage_1_008/A240_I05.png,1385755
Bird,NG,damage_1_008,A240_I06.png,240,06,NG/damage_1_008/A240_I06.png,1306730
Bird,NG,damage_1_008,A240_I07.png,240,07,NG/damage_1_008/A240_I07.png,1108955
Bird,NG,damage_1_008,A240_I08.png,240,08,NG/damage_1_008/A240_I08.png,1310859
Bird,NG,damage_1_008,A240_I09.png,240,09,NG/damage_1_008/A240_I09.png,1510710
Bird,NG,damage_1_008,A240_I10.png,240,10,NG/damage_1_008/A240_I10.png,1538630
Bird,NG,damage_1_008,A270_I01.png,270,01,NG/damage_1_008/A270_I01.png,1216183
Bird,NG,damage_1_008,A270_I02.png,270,02,NG/damage_1_008/A270_I02.png,1385077
Bird,NG,damage_1_008,A270_I03.png,270,03,NG/damage_1_008/A270_I03.png,1285378
Bird,NG,damage_1_008,A270_I04.png,270,04,NG/damage_1_008/A270_I04.png,1371096
Bird,NG,damage_1_008,A270_I05.png,270,05,NG/damage_1_008/A270_I05.png,1360344
Bird,NG,damage_1_008,A270_I06.png,270,06,NG/damage_1_008/A270_I06.png,1281414
Bird,NG,damage_1_008,A270_I07.png,270,07,NG/damage_1_008/A270_I07.png,1086732
Bird,NG,damage_1_008,A270_I08.png,270,08,NG/damage_1_008/A270_I08.png,1318490
Bird,NG,damage_1_008,A270_I09.png,270,09,NG/damage_1_008/A270_I09.png,1506866
Bird,NG,damage_1_008,A270_I10.png,270,10,NG/damage_1_008/A270_I10.png,1534627
Bird,NG,damage_1_008,A300_I01.png,300,01,NG/damage_1_008/A300_I01.png,1229279
Bird,NG,damage_1_008,A300_I02.png,300,02,NG/damage_1_008/A300_I02.png,1382933
Bird,NG,damage_1_008,A300_I03.png,300,03,NG/damage_1_008/A300_I03.png,1276248
Bird,NG,damage_1_008,A300_I04.png,300,04,NG/damage_1_008/A300_I04.png,1360539
Bird,NG,damage_1_008,A300_I05.png,300,05,NG/damage_1_008/A300_I05.png,1344776
Bird,NG,damage_1_008,A300_I06.png,300,06,NG/damage_1_008/A300_I06.png,1266066
Bird,NG,damage_1_008,A300_I07.png,300,07,NG/damage_1_008/A300_I07.png,1078114
Bird,NG,damage_1_008,A300_I08.png,300,08,NG/damage_1_008/A300_I08.png,1328503
Bird,NG,damage_1_008,A300_I09.png,300,09,NG/damage_1_008/A300_I09.png,1504168
Bird,NG,damage_1_008,A300_I10.png,300,10,NG/damage_1_008/A300_I10.png,1526741
Bird,NG,damage_1_008,A330_I01.png,330,01,NG/damage_1_008/A330_I01.png,1215848
Bird,NG,damage_1_008,A330_I02.png,330,02,NG/damage_1_008/A330_I02.png,1359403
Bird,NG,damage_1_008,A330_I03.png,330,03,NG/damage_1_008/A330_I03.png,1256832
Bird,NG,damage_1_008,A330_I04.png,330,04,NG/damage_1_008/A330_I04.png,1342752
Bird,NG,damage_1_008,A330_I05.png,330,05,NG/damage_1_008/A330_I05.png,1328283
Bird,NG,damage_1_008,A330_I06.png,330,06,NG/damage_1_008/A330_I06.png,1243116
Bird,NG,damage_1_008,A330_I07.png,330,07,NG/damage_1_008/A330_I07.png,1043289
Bird,NG,damage_1_008,A330_I08.png,330,08,NG/damage_1_008/A330_I08.png,1307493
Bird,NG,damage_1_008,A330_I09.png,330,09,NG/damage_1_008/A330_I09.png,1484525
Bird,NG,damage_1_008,A330_I10.png,330,10,NG/damage_1_008/A330_I10.png,1510850
Bird,NG,damage_1_009,A000_I01.png,000,01,NG/damage_1_009/A000_I01.png,1197631
Bird,NG,damage_1_009,A000_I02.png,000,02,NG/damage_1_009/A000_I02.png,1341144
Bird,NG,damage_1_009,A000_I03.png,000,03,NG/damage_1_009/A000_I03.png,1237598
Bird,NG,damage_1_009,A000_I04.png,000,04,NG/damage_1_009/A000_I04.png,1312849
Bird,NG,damage_1_009,A000_I05.png,000,05,NG/damage_1_009/A000_I05.png,1297173
Bird,NG,damage_1_009,A000_I06.png,000,06,NG/damage_1_009/A000_I06.png,1208302
Bird,NG,damage_1_009,A000_I07.png,000,07,NG/damage_1_009/A000_I07.png,1013104
Bird,NG,damage_1_009,A000_I08.png,000,08,NG/damage_1_009/A000_I08.png,1288190
Bird,NG,damage_1_009,A000_I09.png,000,09,NG/damage_1_009/A000_I09.png,1456388
Bird,NG,damage_1_009,A000_I10.png,000,10,NG/damage_1_009/A000_I10.png,1486252
Bird,NG,damage_1_009,A030_I01.png,030,01,NG/damage_1_009/A030_I01.png,1186425
Bird,NG,damage_1_009,A030_I02.png,030,02,NG/damage_1_009/A030_I02.png,1319034
Bird,NG,damage_1_009,A030_I03.png,030,03,NG/damage_1_009/A030_I03.png,1198794
Bird,NG,damage_1_009,A030_I04.png,030,04,NG/damage_1_009/A030_I04.png,1285696
Bird,NG,damage_1_009,A030_I05.png,030,05,NG/damage_1_009/A030_I05.png,1290436
Bird,NG,damage_1_009,A030_I06.png,030,06,NG/damage_1_009/A030_I06.png,1222980
Bird,NG,damage_1_009,A030_I07.png,030,07,NG/damage_1_009/A030_I07.png,1035502
Bird,NG,damage_1_009,A030_I08.png,030,08,NG/damage_1_009/A030_I08.png,1288017
Bird,NG,damage_1_009,A030_I09.png,030,09,NG/damage_1_009/A030_I09.png,1443262
Bird,NG,damage_1_009,A030_I10.png,030,10,NG/damage_1_009/A030_I10.png,1474461
Bird,NG,damage_1_009,A060_I01.png,060,01,NG/damage_1_009/A060_I01.png,1170572
Bird,NG,damage_1_009,A060_I02.png,060,02,NG/damage_1_009/A060_I02.png,1300635
Bird,NG,damage_1_009,A060_I03.png,060,03,NG/damage_1_009/A060_I03.png,1178832
Bird,NG,damage_1_009,A060_I04.png,060,04,NG/damage_1_009/A060_I04.png,1279229
Bird,NG,damage_1_009,A060_I05.png,060,05,NG/damage_1_009/A060_I05.png,1279115
Bird,NG,damage_1_009,A060_I06.png,060,06,NG/damage_1_009/A060_I06.png,1205101
Bird,NG,damage_1_009,A060_I07.png,060,07,NG/damage_1_009/A060_I07.png,996548
Bird,NG,damage_1_009,A060_I08.png,060,08,NG/damage_1_009/A060_I08.png,1259767
Bird,NG,damage_1_009,A060_I09.png,060,09,NG/damage_1_009/A060_I09.png,1419896
Bird,NG,damage_1_009,A060_I10.png,060,10,NG/damage_1_009/A060_I10.png,1452086
Bird,NG,damage_1_009,A090_I01.png,090,01,NG/damage_1_009/A090_I01.png,1137258
Bird,NG,damage_1_009,A090_I02.png,090,02,NG/damage_1_009/A090_I02.png,1277200
Bird,NG,damage_1_009,A090_I03.png,090,03,NG/damage_1_009/A090_I03.png,1169343
Bird,NG,damage_1_009,A090_I04.png,090,04,NG/damage_1_009/A090_I04.png,1275860
Bird,NG,damage_1_009,A090_I05.png,090,05,NG/damage_1_009/A090_I05.png,1277635
Bird,NG,damage_1_009,A090_I06.png,090,06,NG/damage_1_009/A090_I06.png,1198302
Bird,NG,damage_1_009,A090_I07.png,090,07,NG/damage_1_009/A090_I07.png,980359
Bird,NG,damage_1_009,A090_I08.png,090,08,NG/damage_1_009/A090_I08.png,1230886
Bird,NG,damage_1_009,A090_I09.png,090,09,NG/damage_1_009/A090_I09.png,1404252
Bird,NG,damage_1_009,A090_I10.png,090,10,NG/damage_1_009/A090_I10.png,1441044
Bird,NG,damage_1_009,A120_I01.png,120,01,NG/damage_1_009/A120_I01.png,1133872
Bird,NG,damage_1_009,A120_I02.png,120,02,NG/damage_1_009/A120_I02.png,1274370
Bird,NG,damage_1_009,A120_I03.png,120,03,NG/damage_1_009/A120_I03.png,1172516
Bird,NG,damage_1_009,A120_I04.png,120,04,NG/damage_1_009/A120_I04.png,1294491
Bird,NG,damage_1_009,A120_I05.png,120,05,NG/damage_1_009/A120_I05.png,1308714
Bird,NG,damage_1_009,A120_I06.png,120,06,NG/damage_1_009/A120_I06.png,1222980
Bird,NG,damage_1_009,A120_I07.png,120,07,NG/damage_1_009/A120_I07.png,993229
Bird,NG,damage_1_009,A120_I08.png,120,08,NG/damage_1_009/A120_I08.png,1235790
Bird,NG,damage_1_009,A120_I09.png,120,09,NG/damage_1_009/A120_I09.png,1418614
Bird,NG,damage_1_009,A120_I10.png,120,10,NG/damage_1_009/A120_I10.png,1454246
Bird,NG,damage_1_009,A150_I01.png,150,01,NG/damage_1_009/A150_I01.png,1133416
Bird,NG,damage_1_009,A150_I02.png,150,02,NG/damage_1_009/A150_I02.png,1278976
Bird,NG,damage_1_009,A150_I03.png,150,03,NG/damage_1_009/A150_I03.png,1192992
Bird,NG,damage_1_009,A150_I04.png,150,04,NG/damage_1_009/A150_I04.png,1309515
Bird,NG,damage_1_009,A150_I05.png,150,05,NG/damage_1_009/A150_I05.png,1315500
Bird,NG,damage_1_009,A150_I06.png,150,06,NG/damage_1_009/A150_I06.png,1231476
Bird,NG,damage_1_009,A150_I07.png,150,07,NG/damage_1_009/A150_I07.png,1007789
Bird,NG,damage_1_009,A150_I08.png,150,08,NG/damage_1_009/A150_I08.png,1245281
Bird,NG,damage_1_009,A150_I09.png,150,09,NG/damage_1_009/A150_I09.png,1432902
Bird,NG,damage_1_009,A150_I10.png,150,10,NG/damage_1_009/A150_I10.png,1466372
Bird,NG,damage_1_009,A180_I01.png,180,01,NG/damage_1_009/A180_I01.png,1162850
Bird,NG,damage_1_009,A180_I02.png,180,02,NG/damage_1_009/A180_I02.png,1307130
Bird,NG,damage_1_009,A180_I03.png,180,03,NG/damage_1_009/A180_I03.png,1218191
Bird,NG,damage_1_009,A180_I04.png,180,04,NG/damage_1_009/A180_I04.png,1328591
Bird,NG,damage_1_009,A180_I05.png,180,05,NG/damage_1_009/A180_I05.png,1332931
Bird,NG,damage_1_009,A180_I06.png,180,06,NG/damage_1_009/A180_I06.png,1260576
Bird,NG,damage_1_009,A180_I07.png,180,07,NG/damage_1_009/A180_I07.png,1058618
Bird,NG,damage_1_009,A180_I08.png,180,08,NG/damage_1_009/A180_I08.png,1277879
Bird,NG,damage_1_009,A180_I09.png,180,09,NG/damage_1_009/A180_I09.png,1465855
Bird,NG,damage_1_009,A180_I10.png,180,10,NG/damage_1_009/A180_I10.png,1491203
Bird,NG,damage_1_009,A210_I01.png,210,01,NG/damage_1_009/A210_I01.png,1170771
Bird,NG,damage_1_009,A210_I02.png,210,02,NG/damage_1_009/A210_I02.png,1327102
Bird,NG,damage_1_009,A210_I03.png,210,03,NG/damage_1_009/A210_I03.png,1239944
Bird,NG,damage_1_009,A210_I04.png,210,04,NG/damage_1_009/A210_I04.png,1355318
Bird,NG,damage_1_009,A210_I05.png,210,05,NG/damage_1_009/A210_I05.png,1366402
Bird,NG,damage_1_009,A210_I06.png,210,06,NG/damage_1_009/A210_I06.png,1294391
Bird,NG,damage_1_009,A210_I07.png,210,07,NG/damage_1_009/A210_I07.png,1093177
Bird,NG,damage_1_009,A210_I08.png,210,08,NG/damage_1_009/A210_I08.png,1287205
Bird,NG,damage_1_009,A210_I09.png,210,09,NG/damage_1_009/A210_I09.png,1487940
Bird,NG,damage_1_009,A210_I10.png,210,10,NG/damage_1_009/A210_I10.png,1513534
Bird,NG,damage_1_009,A240_I01.png,240,01,NG/damage_1_009/A240_I01.png,1192760
Bird,NG,damage_1_009,A240_I02.png,240,02,NG/damage_1_009/A240_I02.png,1358788
Bird,NG,damage_1_009,A240_I03.png,240,03,NG/damage_1_009/A240_I03.png,1265178
Bird,NG,damage_1_009,A240_I04.png,240,04,NG/damage_1_009/A240_I04.png,1377237
Bird,NG,damage_1_009,A240_I05.png,240,05,NG/damage_1_009/A240_I05.png,1389518
Bird,NG,damage_1_009,A240_I06.png,240,06,NG/damage_1_009/A240_I06.png,1306137
Bird,NG,damage_1_009,A240_I07.png,240,07,NG/damage_1_009/A240_I07.png,1097200
Bird,NG,damage_1_009,A240_I08.png,240,08,NG/damage_1_009/A240_I08.png,1301874
Bird,NG,damage_1_009,A240_I09.png,240,09,NG/damage_1_009/A240_I09.png,1509530
Bird,NG,damage_1_009,A240_I10.png,240,10,NG/damage_1_009/A240_I10.png,1539344
Bird,NG,damage_1_009,A270_I01.png,270,01,NG/damage_1_009/A270_I01.png,1211503
Bird,NG,damage_1_009,A270_I02.png,270,02,NG/damage_1_009/A270_I02.png,1379894
Bird,NG,damage_1_009,A270_I03.png,270,03,NG/damage_1_009/A270_I03.png,1281413
Bird,NG,damage_1_009,A270_I04.png,270,04,NG/damage_1_009/A270_I04.png,1366253
Bird,NG,damage_1_009,A270_I05.png,270,05,NG/damage_1_009/A270_I05.png,1354877
Bird,NG,damage_1_009,A270_I06.png,270,06,NG/damage_1_009/A270_I06.png,1276879
Bird,NG,damage_1_009,A270_I07.png,270,07,NG/damage_1_009/A270_I07.png,1082491
Bird,NG,damage_1_009,A270_I08.png,270,08,NG/damage_1_009/A270_I08.png,1315477
Bird,NG,damage_1_009,A270_I09.png,270,09,NG/damage_1_009/A270_I09.png,1503313
Bird,NG,damage_1_009,A270_I10.png,270,10,NG/damage_1_009/A270_I10.png,1533574
Bird,NG,damage_1_009,A300_I01.png,300,01,NG/damage_1_009/A300_I01.png,1234577
Bird,NG,damage_1_009,A300_I02.png,300,02,NG/damage_1_009/A300_I02.png,1387062
Bird,NG,damage_1_009,A300_I03.png,300,03,NG/damage_1_009/A300_I03.png,1274653
Bird,NG,damage_1_009,A300_I04.png,300,04,NG/damage_1_009/A300_I04.png,1357986
Bird,NG,damage_1_009,A300_I05.png,300,05,NG/damage_1_009/A300_I05.png,1344983
Bird,NG,damage_1_009,A300_I06.png,300,06,NG/damage_1_009/A300_I06.png,1263969
Bird,NG,damage_1_009,A300_I07.png,300,07,NG/damage_1_009/A300_I07.png,1067786
Bird,NG,damage_1_009,A300_I08.png,300,08,NG/damage_1_009/A300_I08.png,1329606
Bird,NG,damage_1_009,A300_I09.png,300,09,NG/damage_1_009/A300_I09.png,1507366
Bird,NG,damage_1_009,A300_I10.png,300,10,NG/damage_1_009/A300_I10.png,1531294
Bird,NG,damage_1_009,A330_I01.png,330,01,NG/damage_1_009/A330_I01.png,1215102
Bird,NG,damage_1_009,A330_I02.png,330,02,NG/damage_1_009/A330_I02.png,1361326
Bird,NG,damage_1_009,A330_I03.png,330,03,NG/damage_1_009/A330_I03.png,1257103
Bird,NG,damage_1_009,A330_I04.png,330,04,NG/damage_1_009/A330_I04.png,1333684
Bird,NG,damage_1_009,A330_I05.png,330,05,NG/damage_1_009/A330_I05.png,1320360
Bird,NG,damage_1_009,A330_I06.png,330,06,NG/damage_1_009/A330_I06.png,1238900
Bird,NG,damage_1_009,A330_I07.png,330,07,NG/damage_1_009/A330_I07.png,1046203
Bird,NG,damage_1_009,A330_I08.png,330,08,NG/damage_1_009/A330_I08.png,1307373
Bird,NG,damage_1_009,A330_I09.png,330,09,NG/damage_1_009/A330_I09.png,1480577
Bird,NG,damage_1_009,A330_I10.png,330,10,NG/damage_1_009/A330_I10.png,1506284
Bird,NG,damage_1_010,A000_I01.png,000,01,NG/damage_1_010/A000_I01.png,1200926
Bird,NG,damage_1_010,A000_I02.png,000,02,NG/damage_1_010/A000_I02.png,1340190
Bird,NG,damage_1_010,A000_I03.png,000,03,NG/damage_1_010/A000_I03.png,1231379
Bird,NG,damage_1_010,A000_I04.png,000,04,NG/damage_1_010/A000_I04.png,1314777
Bird,NG,damage_1_010,A000_I05.png,000,05,NG/damage_1_010/A000_I05.png,1301457
Bird,NG,damage_1_010,A000_I06.png,000,06,NG/damage_1_010/A000_I06.png,1213531
Bird,NG,damage_1_010,A000_I07.png,000,07,NG/damage_1_010/A000_I07.png,1002275
Bird,NG,damage_1_010,A000_I08.png,000,08,NG/damage_1_010/A000_I08.png,1286504
Bird,NG,damage_1_010,A000_I09.png,000,09,NG/damage_1_010/A000_I09.png,1458531
Bird,NG,damage_1_010,A000_I10.png,000,10,NG/damage_1_010/A000_I10.png,1489854
Bird,NG,damage_1_010,A030_I01.png,030,01,NG/damage_1_010/A030_I01.png,1192157
Bird,NG,damage_1_010,A030_I02.png,030,02,NG/damage_1_010/A030_I02.png,1321115
Bird,NG,damage_1_010,A030_I03.png,030,03,NG/damage_1_010/A030_I03.png,1195641
Bird,NG,damage_1_010,A030_I04.png,030,04,NG/damage_1_010/A030_I04.png,1285880
Bird,NG,damage_1_010,A030_I05.png,030,05,NG/damage_1_010/A030_I05.png,1294979
Bird,NG,damage_1_010,A030_I06.png,030,06,NG/damage_1_010/A030_I06.png,1226188
Bird,NG,damage_1_010,A030_I07.png,030,07,NG/damage_1_010/A030_I07.png,1031872
Bird,NG,damage_1_010,A030_I08.png,030,08,NG/damage_1_010/A030_I08.png,1287162
Bird,NG,damage_1_010,A030_I09.png,030,09,NG/damage_1_010/A030_I09.png,1441945
Bird,NG,damage_1_010,A030_I10.png,030,10,NG/damage_1_010/A030_I10.png,1472116
Bird,NG,damage_1_010,A060_I01.png,060,01,NG/damage_1_010/A060_I01.png,1148361
Bird,NG,damage_1_010,A060_I02.png,060,02,NG/damage_1_010/A060_I02.png,1290788
Bird,NG,damage_1_010,A060_I03.png,060,03,NG/damage_1_010/A060_I03.png,1185442
Bird,NG,damage_1_010,A060_I04.png,060,04,NG/damage_1_010/A060_I04.png,1279644
Bird,NG,damage_1_010,A060_I05.png,060,05,NG/damage_1_010/A060_I05.png,1274632
Bird,NG,damage_1_010,A060_I06.png,060,06,NG/damage_1_010/A060_I06.png,1198544
Bird,NG,damage_1_010,A060_I07.png,060,07,NG/damage_1_010/A060_I07.png,991458
Bird,NG,damage_1_010,A060_I08.png,060,08,NG/damage_1_010/A060_I08.png,1242013
Bird,NG,damage_1_010,A060_I09.png,060,09,NG/damage_1_010/A060_I09.png,1410087
Bird,NG,damage_1_010,A060_I10.png,060,10,NG/damage_1_010/A060_I10.png,1447093
Bird,NG,damage_1_010,A090_I01.png,090,01,NG/damage_1_010/A090_I01.png,1145204
Bird,NG,damage_1_010,A090_I02.png,090,02,NG/damage_1_010/A090_I02.png,1284868
Bird,NG,damage_1_010,A090_I03.png,090,03,NG/damage_1_010/A090_I03.png,1179643
Bird,NG,damage_1_010,A090_I04.png,090,04,NG/damage_1_010/A090_I04.png,1282964
Bird,NG,damage_1_010,A090_I05.png,090,05,NG/damage_1_010/A090_I05.png,1282832
Bird,NG,damage_1_010,A090_I06.png,090,06,NG/damage_1_010/A090_I06.png,1202640
Bird,NG,damage_1_010,A090_I07.png,090,07,NG/damage_1_010/A090_I07.png,984255
Bird,NG,damage_1_010,A090_I08.png,090,08,NG/damage_1_010/A090_I08.png,1236061
Bird,NG,damage_1_010,A090_I09.png,090,09,NG/damage_1_010/A090_I09.png,1409491
Bird,NG,damage_1_010,A090_I10.png,090,10,NG/damage_1_010/A090_I10.png,1444939
Bird,NG,damage_1_010,A120_I01.png,120,01,NG/damage_1_010/A120_I01.png,1140491
Bird,NG,damage_1_010,A120_I02.png,120,02,NG/damage_1_010/A120_I02.png,1281281
Bird,NG,damage_1_010,A120_I03.png,120,03,NG/damage_1_010/A120_I03.png,1181525
Bird,NG,damage_1_010,A120_I04.png,120,04,NG/damage_1_010/A120_I04.png,1297918
Bird,NG,damage_1_010,A120_I05.png,120,05,NG/damage_1_010/A120_I05.png,1307595
Bird,NG,damage_1_010,A120_I06.png,120,06,NG/damage_1_010/A120_I06.png,1225210
Bird,NG,damage_1_010,A120_I07.png,120,07,NG/damage_1_010/A120_I07.png,1003093
Bird,NG,damage_1_010,A120_I08.png,120,08,NG/damage_1_010/A120_I08.png,1242159
Bird,NG,damage_1_010,A120_I09.png,120,09,NG/damage_1_010/A120_I09.png,1423233
Bird,NG,damage_1_010,A120_I10.png,120,10,NG/damage_1_010/A120_I10.png,1457107
Bird,NG,damage_1_010,A150_I01.png,150,01,NG/damage_1_010/A150_I01.png,1138057
Bird,NG,damage_1_010,A150_I02.png,150,02,NG/damage_1_010/A150_I02.png,1288203
Bird,NG,damage_1_010,A150_I03.png,150,03,NG/damage_1_010/A150_I03.png,1213564
Bird,NG,damage_1_010,A150_I04.png,150,04,NG/damage_1_010/A150_I04.png,1307744
Bird,NG,damage_1_010,A150_I05.png,150,05,NG/damage_1_010/A150_I05.png,1300609
Bird,NG,damage_1_010,A150_I06.png,150,06,NG/damage_1_010/A150_I06.png,1226202
Bird,NG,damage_1_010,A150_I07.png,150,07,NG/damage_1_010/A150_I07.png,1019623
Bird,NG,damage_1_010,A150_I08.png,150,08,NG/damage_1_010/A150_I08.png,1252799
Bird,NG,damage_1_010,A150_I09.png,150,09,NG/damage_1_010/A150_I09.png,1440644
Bird,NG,damage_1_010,A150_I10.png,150,10,NG/damage_1_010/A150_I10.png,1475001
Bird,NG,damage_1_010,A180_I01.png,180,01,NG/damage_1_010/A180_I01.png,1172193
Bird,NG,damage_1_010,A180_I02.png,180,02,NG/damage_1_010/A180_I02.png,1319995
Bird,NG,damage_1_010,A180_I03.png,180,03,NG/damage_1_010/A180_I03.png,1235572
Bird,NG,damage_1_010,A180_I04.png,180,04,NG/damage_1_010/A180_I04.png,1327889
Bird,NG,damage_1_010,A180_I05.png,180,05,NG/damage_1_010/A180_I05.png,1322198
Bird,NG,damage_1_010,A180_I06.png,180,06,NG/damage_1_010/A180_I06.png,1236736
Bird,NG,damage_1_010,A180_I07.png,180,07,NG/damage_1_010/A180_I07.png,1013570
Bird,NG,damage_1_010,A180_I08.png,180,08,NG/damage_1_010/A180_I08.png,1270138
Bird,NG,damage_1_010,A180_I09.png,180,09,NG/damage_1_010/A180_I09.png,1462791
Bird,NG,damage_1_010,A180_I10.png,180,10,NG/damage_1_010/A180_I10.png,1489549
Bird,NG,damage_1_010,A210_I01.png,210,01,NG/damage_1_010/A210_I01.png,1169752
Bird,NG,damage_1_010,A210_I02.png,210,02,NG/damage_1_010/A210_I02.png,1328731
Bird,NG,damage_1_010,A210_I03.png,210,03,NG/damage_1_010/A210_I03.png,1239760
Bird,NG,damage_1_010,A210_I04.png,210,04,NG/damage_1_010/A210_I04.png,1350875
Bird,NG,damage_1_010,A210_I05.png,210,05,NG/damage_1_010/A210_I05.png,1361786
Bird,NG,damage_1_010,A210_I06.png,210,06,NG/damage_1_010/A210_I06.png,1280752
Bird,NG,damage_1_010,A210_I07.png,210,07,NG/damage_1_010/A210_I07.png,1065106
Bird,NG,damage_1_010,A210_I08.png,210,08,NG/damage_1_010/A210_I08.png,1279842
Bird,NG,damage_1_010,A210_I09.png,210,09,NG/damage_1_010/A210_I09.png,1479691
Bird,NG,damage_1_010,A210_I10.png,210,10,NG/damage_1_010/A210_I10.png,1510416
Bird,NG,damage_1_010,A240_I01.png,240,01,NG/damage_1_010/A240_I01.png,1180788
Bird,NG,damage_1_010,A240_I02.png,240,02,NG/damage_1_010/A240_I02.png,1347030
Bird,NG,damage_1_010,A240_I03.png,240,03,NG/damage_1_010/A240_I03.png,1255084
Bird,NG,damage_1_010,A240_I04.png,240,04,NG/damage_1_010/A240_I04.png,1367116
Bird,NG,damage_1_010,A240_I05.png,240,05,NG/damage_1_010/A240_I05.png,1379486
Bird,NG,damage_1_010,A240_I06.png,240,06,NG/damage_1_010/A240_I06.png,1302492
Bird,NG,damage_1_010,A240_I07.png,240,07,NG/damage_1_010/A240_I07.png,1101883
Bird,NG,damage_1_010,A240_I08.png,240,08,NG/damage_1_010/A240_I08.png,1299724
Bird,NG,damage_1_010,A240_I09.png,240,09,NG/damage_1_010/A240_I09.png,1499061
Bird,NG,damage_1_010,A240_I10.png,240,10,NG/damage_1_010/A240_I10.png,1529819
Bird,NG,damage_1_010,A270_I01.png,270,01,NG/damage_1_010/A270_I01.png,1203814
Bird,NG,damage_1_010,A270_I02.png,270,02,NG/damage_1_010/A270_I02.png,1367490
Bird,NG,damage_1_010,A270_I03.png,270,03,NG/damage_1_010/A270_I03.png,1267867
Bird,NG,damage_1_010,A270_I04.png,270,04,NG/damage_1_010/A270_I04.png,1361501
Bird,NG,damage_1_010,A270_I05.png,270,05,NG/damage_1_010/A270_I05.png,1355020
Bird,NG,damage_1_010,A270_I06.png,270,06,NG/damage_1_010/A270_I06.png,1281153
Bird,NG,damage_1_010,A270_I07.png,270,07,NG/damage_1_010/A270_I07.png,1091196
Bird,NG,damage_1_010,A270_I08.png,270,08,NG/damage_1_010/A270_I08.png,1311287
Bird,NG,damage_1_010,A270_I09.png,270,09,NG/damage_1_010/A270_I09.png,1499729
Bird,NG,damage_1_010,A270_I10.png,270,10,NG/damage_1_010/A270_I10.png,1527289
Bird,NG,damage_1_010,A300_I01.png,300,01,NG/damage_1_010/A300_I01.png,1223090
Bird,NG,damage_1_010,A300_I02.png,300,02,NG/damage_1_010/A300_I02.png,1371831
Bird,NG,damage_1_010,A300_I03.png,300,03,NG/damage_1_010/A300_I03.png,1259097
Bird,NG,damage_1_010,A300_I04.png,300,04,NG/damage_1_010/A300_I04.png,1352075
Bird,NG,damage_1_010,A300_I05.png,300,05,NG/damage_1_010/A300_I05.png,1344987
Bird,NG,damage_1_010,A300_I06.png,300,06,NG/damage_1_010/A300_I06.png,1268202
Bird,NG,damage_1_010,A300_I07.png,300,07,NG/damage_1_010/A300_I07.png,1076220
Bird,NG,damage_1_010,A300_I08.png,300,08,NG/damage_1_010/A300_I08.png,1322562
Bird,NG,damage_1_010,A300_I09.png,300,09,NG/damage_1_010/A300_I09.png,1497218
Bird,NG,damage_1_010,A300_I10.png,300,10,NG/damage_1_010/A300_I10.png,1523065
Bird,NG,damage_1_010,A330_I01.png,330,01,NG/damage_1_010/A330_I01.png,1220230
Bird,NG,damage_1_010,A330_I02.png,330,02,NG/damage_1_010/A330_I02.png,1358275
Bird,NG,damage_1_010,A330_I03.png,330,03,NG/damage_1_010/A330_I03.png,1241867
Bird,NG,damage_1_010,A330_I04.png,330,04,NG/damage_1_010/A330_I04.png,1329887
Bird,NG,damage_1_010,A330_I05.png,330,05,NG/damage_1_010/A330_I05.png,1320243
Bird,NG,damage_1_010,A330_I06.png,330,06,NG/damage_1_010/A330_I06.png,1243098
Bird,NG,damage_1_010,A330_I07.png,330,07,NG/damage_1_010/A330_I07.png,1046645
Bird,NG,damage_1_010,A330_I08.png,330,08,NG/damage_1_010/A330_I08.png,1310185
Bird,NG,damage_1_010,A330_I09.png,330,09,NG/damage_1_010/A330_I09.png,1480651
Bird,NG,damage_1_010,A330_I10.png,330,10,NG/damage_1_010/A330_I10.png,1508832
Bird,NG,damage_1_011,A000_I01.png,000,01,NG/damage_1_011/A000_I01.png,1195700
Bird,NG,damage_1_011,A000_I02.png,000,02,NG/damage_1_011/A000_I02.png,1333036
Bird,NG,damage_1_011,A000_I03.png,000,03,NG/damage_1_011/A000_I03.png,1212178
Bird,NG,damage_1_011,A000_I04.png,000,04,NG/damage_1_011/A000_I04.png,1316464
Bird,NG,damage_1_011,A000_I05.png,000,05,NG/damage_1_011/A000_I05.png,1319063
Bird,NG,damage_1_011,A000_I06.png,000,06,NG/damage_1_011/A000_I06.png,1238585
Bird,NG,damage_1_011,A000_I07.png,000,07,NG/damage_1_011/A000_I07.png,1044394
Bird,NG,damage_1_011,A000_I08.png,000,08,NG/damage_1_011/A000_I08.png,1299191
Bird,NG,damage_1_011,A000_I09.png,000,09,NG/damage_1_011/A000_I09.png,1460809
Bird,NG,damage_1_011,A000_I10.png,000,10,NG/damage_1_011/A000_I10.png,1491232
Bird,NG,damage_1_011,A030_I01.png,030,01,NG/damage_1_011/A030_I01.png,1171118
Bird,NG,damage_1_011,A030_I02.png,030,02,NG/damage_1_011/A030_I02.png,1310013
Bird,NG,damage_1_011,A030_I03.png,030,03,NG/damage_1_011/A030_I03.png,1186669
Bird,NG,damage_1_011,A030_I04.png,030,04,NG/damage_1_011/A030_I04.png,1282632
Bird,NG,damage_1_011,A030_I05.png,030,05,NG/damage_1_011/A030_I05.png,1286807
Bird,NG,damage_1_011,A030_I06.png,030,06,NG/damage_1_011/A030_I06.png,1220750
Bird,NG,damage_1_011,A030_I07.png,030,07,NG/damage_1_011/A030_I07.png,1043994
Bird,NG,damage_1_011,A030_I08.png,030,08,NG/damage_1_011/A030_I08.png,1278975
Bird,NG,damage_1_011,A030_I09.png,030,09,NG/damage_1_011/A030_I09.png,1436561
Bird,NG,damage_1_011,A030_I10.png,030,10,NG/damage_1_011/A030_I10.png,1471211
Bird,NG,damage_1_011,A060_I01.png,060,01,NG/damage_1_011/A060_I01.png,1173634
Bird,NG,damage_1_011,A060_I02.png,060,02,NG/damage_1_011/A060_I02.png,1305964
Bird,NG,damage_1_011,A060_I03.png,060,03,NG/damage_1_011/A060_I03.png,1179141
Bird,NG,damage_1_011,A060_I04.png,060,04,NG/damage_1_011/A060_I04.png,1276048
Bird,NG,damage_1_011,A060_I05.png,060,05,NG/damage_1_011/A060_I05.png,1271740
Bird,NG,damage_1_011,A060_I06.png,060,06,NG/damage_1_011/A060_I06.png,1200092
Bird,NG,damage_1_011,A060_I07.png,060,07,NG/damage_1_011/A060_I07.png,983215
Bird,NG,damage_1_011,A060_I08.png,060,08,NG/damage_1_011/A060_I08.png,1257468
Bird,NG,damage_1_011,A060_I09.png,060,09,NG/damage_1_011/A060_I09.png,1416561
Bird,NG,damage_1_011,A060_I10.png,060,10,NG/damage_1_011/A060_I10.png,1449306
Bird,NG,damage_1_011,A090_I01.png,090,01,NG/damage_1_011/A090_I01.png,1144210
Bird,NG,damage_1_011,A090_I02.png,090,02,NG/damage_1_011/A090_I02.png,1282939
Bird,NG,damage_1_011,A090_I03.png,090,03,NG/damage_1_011/A090_I03.png,1171665
Bird,NG,damage_1_011,A090_I04.png,090,04,NG/damage_1_011/A090_I04.png,1281839
Bird,NG,damage_1_011,A090_I05.png,090,05,NG/damage_1_011/A090_I05.png,1282863
Bird,NG,damage_1_011,A090_I06.png,090,06,NG/damage_1_011/A090_I06.png,1199984
Bird,NG,damage_1_011,A090_I07.png,090,07,NG/damage_1_011/A090_I07.png,969923
Bird,NG,damage_1_011,A090_I08.png,090,08,NG/damage_1_011/A090_I08.png,1235776
Bird,NG,damage_1_011,A090_I09.png,090,09,NG/damage_1_011/A090_I09.png,1410086
Bird,NG,damage_1_011,A090_I10.png,090,10,NG/damage_1_011/A090_I10.png,1446473
Bird,NG,damage_1_011,A120_I01.png,120,01,NG/damage_1_011/A120_I01.png,1138012
Bird,NG,damage_1_011,A120_I02.png,120,02,NG/damage_1_011/A120_I02.png,1280064
Bird,NG,damage_1_011,A120_I03.png,120,03,NG/damage_1_011/A120_I03.png,1177520
Bird,NG,damage_1_011,A120_I04.png,120,04,NG/damage_1_011/A120_I04.png,1302333
Bird,NG,damage_1_011,A120_I05.png,120,05,NG/damage_1_011/A120_I05.png,1316274
Bird,NG,damage_1_011,A120_I06.png,120,06,NG/damage_1_011/A120_I06.png,1231304
Bird,NG,damage_1_011,A120_I07.png,120,07,NG/damage_1_011/A120_I07.png,999269
Bird,NG,damage_1_011,A120_I08.png,120,08,NG/damage_1_011/A120_I08.png,1242347
Bird,NG,damage_1_011,A120_I09.png,120,09,NG/damage_1_011/A120_I09.png,1425189
Bird,NG,damage_1_011,A120_I10.png,120,10,NG/damage_1_011/A120_I10.png,1457703
Bird,NG,damage_1_011,A150_I01.png,150,01,NG/damage_1_011/A150_I01.png,1156694
Bird,NG,damage_1_011,A150_I02.png,150,02,NG/damage_1_011/A150_I02.png,1291808
Bird,NG,damage_1_011,A150_I03.png,150,03,NG/damage_1_011/A150_I03.png,1194202
Bird,NG,damage_1_011,A150_I04.png,150,04,NG/damage_1_011/A150_I04.png,1326058
Bird,NG,damage_1_011,A150_I05.png,150,05,NG/damage_1_011/A150_I05.png,1347497
Bird,NG,damage_1_011,A150_I06.png,150,06,NG/damage_1_011/A150_I06.png,1264593
Bird,NG,damage_1_011,A150_I07.png,150,07,NG/damage_1_011/A150_I07.png,1037896
Bird,NG,damage_1_011,A150_I08.png,150,08,NG/damage_1_011/A150_I08.png,1265775
Bird,NG,damage_1_011,A150_I09.png,150,09,NG/damage_1_011/A150_I09.png,1454632
Bird,NG,damage_1_011,A150_I10.png,150,10,NG/damage_1_011/A150_I10.png,1483590
Bird,NG,damage_1_011,A180_I01.png,180,01,NG/damage_1_011/A180_I01.png,1173903
Bird,NG,damage_1_011,A180_I02.png,180,02,NG/damage_1_011/A180_I02.png,1320604
Bird,NG,damage_1_011,A180_I03.png,180,03,NG/damage_1_011/A180_I03.png,1239471
Bird,NG,damage_1_011,A180_I04.png,180,04,NG/damage_1_011/A180_I04.png,1342910
Bird,NG,damage_1_011,A180_I05.png,180,05,NG/damage_1_011/A180_I05.png,1347641
Bird,NG,damage_1_011,A180_I06.png,180,06,NG/damage_1_011/A180_I06.png,1260509
Bird,NG,damage_1_011,A180_I07.png,180,07,NG/damage_1_011/A180_I07.png,1042676
Bird,NG,damage_1_011,A180_I08.png,180,08,NG/damage_1_011/A180_I08.png,1273771
Bird,NG,damage_1_011,A180_I09.png,180,09,NG/damage_1_011/A180_I09.png,1467673
Bird,NG,damage_1_011,A180_I10.png,180,10,NG/damage_1_011/A180_I10.png,1494390
Bird,NG,damage_1_011,A210_I01.png,210,01,NG/damage_1_011/A210_I01.png,1186011
Bird,NG,damage_1_011,A210_I02.png,210,02,NG/damage_1_011/A210_I02.png,1345049
Bird,NG,damage_1_011,A210_I03.png,210,03,NG/damage_1_011/A210_I03.png,1261538
Bird,NG,damage_1_011,A210_I04.png,210,04,NG/damage_1_011/A210_I04.png,1360771
Bird,NG,damage_1_011,A210_I05.png,210,05,NG/damage_1_011/A210_I05.png,1368504
Bird,NG,damage_1_011,A210_I06.png,210,06,NG/damage_1_011/A210_I06.png,1281616
Bird,NG,damage_1_011,A210_I07.png,210,07,NG/damage_1_011/A210_I07.png,1061217
Bird,NG,damage_1_011,A210_I08.png,210,08,NG/damage_1_011/A210_I08.png,1283582
Bird,NG,damage_1_011,A210_I09.png,210,09,NG/damage_1_011/A210_I09.png,1485477
Bird,NG,damage_1_011,A210_I10.png,210,10,NG/damage_1_011/A210_I10.png,1513327
Bird,NG,damage_1_011,A240_I01.png,240,01,NG/damage_1_011/A240_I01.png,1185721
Bird,NG,damage_1_011,A240_I02.png,240,02,NG/damage_1_011/A240_I02.png,1356149
Bird,NG,damage_1_011,A240_I03.png,240,03,NG/damage_1_011/A240_I03.png,1280884
Bird,NG,damage_1_011,A240_I04.png,240,04,NG/damage_1_011/A240_I04.png,1370409
Bird,NG,damage_1_011,A240_I05.png,240,05,NG/damage_1_011/A240_I05.png,1372733
Bird,NG,damage_1_011,A240_I06.png,240,06,NG/damage_1_011/A240_I06.png,1286620
Bird,NG,damage_1_011,A240_I07.png,240,07,NG/damage_1_011/A240_I07.png,1089477
Bird,NG,damage_1_011,A240_I08.png,240,08,NG/damage_1_011/A240_I08.png,1295393
Bird,NG,damage_1_011,A240_I09.png,240,09,NG/damage_1_011/A240_I09.png,1493857
Bird,NG,damage_1_011,A240_I10.png,240,10,NG/damage_1_011/A240_I10.png,1523493
Bird,NG,damage_1_011,A270_I01.png,270,01,NG/damage_1_011/A270_I01.png,1204485
Bird,NG,damage_1_011,A270_I02.png,270,02,NG/damage_1_011/A270_I02.png,1376336
Bird,NG,damage_1_011,A270_I03.png,270,03,NG/damage_1_011/A270_I03.png,1290626
Bird,NG,damage_1_011,A270_I04.png,270,04,NG/damage_1_011/A270_I04.png,1372517
Bird,NG,damage_1_011,A270_I05.png,270,05,NG/damage_1_011/A270_I05.png,1358436
Bird,NG,damage_1_011,A270_I06.png,270,06,NG/damage_1_011/A270_I06.png,1278525
Bird,NG,damage_1_011,A270_I07.png,270,07,NG/damage_1_011/A270_I07.png,1086790
Bird,NG,damage_1_011,A270_I08.png,270,08,NG/damage_1_011/A270_I08.png,1307371
Bird,NG,damage_1_011,A270_I09.png,270,09,NG/damage_1_011/A270_I09.png,1501935
Bird,NG,damage_1_011,A270_I10.png,270,10,NG/damage_1_011/A270_I10.png,1527834
Bird,NG,damage_1_011,A300_I01.png,300,01,NG/damage_1_011/A300_I01.png,1219599
Bird,NG,damage_1_011,A300_I02.png,300,02,NG/damage_1_011/A300_I02.png,1378098
Bird,NG,damage_1_011,A300_I03.png,300,03,NG/damage_1_011/A300_I03.png,1278604
Bird,NG,damage_1_011,A300_I04.png,300,04,NG/damage_1_011/A300_I04.png,1364010
Bird,NG,damage_1_011,A300_I05.png,300,05,NG/damage_1_011/A300_I05.png,1355724
Bird,NG,damage_1_011,A300_I06.png,300,06,NG/damage_1_011/A300_I06.png,1278503
Bird,NG,damage_1_011,A300_I07.png,300,07,NG/damage_1_011/A300_I07.png,1096778
Bird,NG,damage_1_011,A300_I08.png,300,08,NG/damage_1_011/A300_I08.png,1326625
Bird,NG,damage_1_011,A300_I09.png,300,09,NG/damage_1_011/A300_I09.png,1505212
Bird,NG,damage_1_011,A300_I10.png,300,10,NG/damage_1_011/A300_I10.png,1528661
Bird,NG,damage_1_011,A330_I01.png,330,01,NG/damage_1_011/A330_I01.png,1211848
Bird,NG,damage_1_011,A330_I02.png,330,02,NG/damage_1_011/A330_I02.png,1356666
Bird,NG,damage_1_011,A330_I03.png,330,03,NG/damage_1_011/A330_I03.png,1249273
Bird,NG,damage_1_011,A330_I04.png,330,04,NG/damage_1_011/A330_I04.png,1345616
Bird,NG,damage_1_011,A330_I05.png,330,05,NG/damage_1_011/A330_I05.png,1342279
Bird,NG,damage_1_011,A330_I06.png,330,06,NG/damage_1_011/A330_I06.png,1264585
Bird,NG,damage_1_011,A330_I07.png,330,07,NG/damage_1_011/A330_I07.png,1077836
Bird,NG,damage_1_011,A330_I08.png,330,08,NG/damage_1_011/A330_I08.png,1315563
Bird,NG,damage_1_011,A330_I09.png,330,09,NG/damage_1_011/A330_I09.png,1489698
Bird,NG,damage_1_011,A330_I10.png,330,10,NG/damage_1_011/A330_I10.png,1517271
Bird,NG,damage_1_033,A000_I01.png,000,01,NG/damage_1_033/A000_I01.png,1208462
Bird,NG,damage_1_033,A000_I02.png,000,02,NG/damage_1_033/A000_I02.png,1338124
Bird,NG,damage_1_033,A000_I03.png,000,03,NG/damage_1_033/A000_I03.png,1225851
Bird,NG,damage_1_033,A000_I04.png,000,04,NG/damage_1_033/A000_I04.png,1305453
Bird,NG,damage_1_033,A000_I05.png,000,05,NG/damage_1_033/A000_I05.png,1320984
Bird,NG,damage_1_033,A000_I06.png,000,06,NG/damage_1_033/A000_I06.png,1248166
Bird,NG,damage_1_033,A000_I07.png,000,07,NG/damage_1_033/A000_I07.png,1066833
Bird,NG,damage_1_033,A000_I08.png,000,08,NG/damage_1_033/A000_I08.png,1301533
Bird,NG,damage_1_033,A000_I09.png,000,09,NG/damage_1_033/A000_I09.png,1459693
Bird,NG,damage_1_033,A000_I10.png,000,10,NG/damage_1_033/A000_I10.png,1478012
Bird,NG,damage_1_033,A030_I01.png,030,01,NG/damage_1_033/A030_I01.png,1150751
Bird,NG,damage_1_033,A030_I02.png,030,02,NG/damage_1_033/A030_I02.png,1301106
Bird,NG,damage_1_033,A030_I03.png,030,03,NG/damage_1_033/A030_I03.png,1217662
Bird,NG,damage_1_033,A030_I04.png,030,04,NG/damage_1_033/A030_I04.png,1286325
Bird,NG,damage_1_033,A030_I05.png,030,05,NG/damage_1_033/A030_I05.png,1290204
Bird,NG,damage_1_033,A030_I06.png,030,06,NG/damage_1_033/A030_I06.png,1223436
Bird,NG,damage_1_033,A030_I07.png,030,07,NG/damage_1_033/A030_I07.png,1043923
Bird,NG,damage_1_033,A030_I08.png,030,08,NG/damage_1_033/A030_I08.png,1262626
Bird,NG,damage_1_033,A030_I09.png,030,09,NG/damage_1_033/A030_I09.png,1427036
Bird,NG,damage_1_033,A030_I10.png,030,10,NG/damage_1_033/A030_I10.png,1458688
Bird,NG,damage_1_033,A060_I01.png,060,01,NG/damage_1_033/A060_I01.png,1174226
Bird,NG,damage_1_033,A060_I02.png,060,02,NG/damage_1_033/A060_I02.png,1312292
Bird,NG,damage_1_033,A060_I03.png,060,03,NG/damage_1_033/A060_I03.png,1210470
Bird,NG,damage_1_033,A060_I04.png,060,04,NG/damage_1_033/A060_I04.png,1288773
Bird,NG,damage_1_033,A060_I05.png,060,05,NG/damage_1_033/A060_I05.png,1282750
Bird,NG,damage_1_033,A060_I06.png,060,06,NG/damage_1_033/A060_I06.png,1210112
Bird,NG,damage_1_033,A060_I07.png,060,07,NG/damage_1_033/A060_I07.png,1004122
Bird,NG,damage_1_033,A060_I08.png,060,08,NG/damage_1_033/A060_I08.png,1256834
Bird,NG,damage_1_033,A060_I09.png,060,09,NG/damage_1_033/A060_I09.png,1420373
Bird,NG,damage_1_033,A060_I10.png,060,10,NG/damage_1_033/A060_I10.png,1448305
Bird,NG,damage_1_033,A090_I01.png,090,01,NG/damage_1_033/A090_I01.png,1165782
Bird,NG,damage_1_033,A090_I02.png,090,02,NG/damage_1_033/A090_I02.png,1302728
Bird,NG,damage_1_033,A090_I03.png,090,03,NG/damage_1_033/A090_I03.png,1199977
Bird,NG,damage_1_033,A090_I04.png,090,04,NG/damage_1_033/A090_I04.png,1293858
Bird,NG,damage_1_033,A090_I05.png,090,05,NG/damage_1_033/A090_I05.png,1296816
Bird,NG,damage_1_033,A090_I06.png,090,06,NG/damage_1_033/A090_I06.png,1211987
Bird,NG,damage_1_033,A090_I07.png,090,07,NG/damage_1_033/A090_I07.png,995073
Bird,NG,damage_1_033,A090_I08.png,090,08,NG/damage_1_033/A090_I08.png,1244554
Bird,NG,damage_1_033,A090_I09.png,090,09,NG/damage_1_033/A090_I09.png,1416195
Bird,NG,damage_1_033,A090_I10.png,090,10,NG/damage_1_033/A090_I10.png,1444267
Bird,NG,damage_1_033,A120_I01.png,120,01,NG/damage_1_033/A120_I01.png,1161237
Bird,NG,damage_1_033,A120_I02.png,120,02,NG/damage_1_033/A120_I02.png,1302926
Bird,NG,damage_1_033,A120_I03.png,120,03,NG/damage_1_033/A120_I03.png,1217065
Bird,NG,damage_1_033,A120_I04.png,120,04,NG/damage_1_033/A120_I04.png,1310113
Bird,NG,damage_1_033,A120_I05.png,120,05,NG/damage_1_033/A120_I05.png,1325686
Bird,NG,damage_1_033,A120_I06.png,120,06,NG/damage_1_033/A120_I06.png,1240648
Bird,NG,damage_1_033,A120_I07.png,120,07,NG/damage_1_033/A120_I07.png,1026414
Bird,NG,damage_1_033,A120_I08.png,120,08,NG/damage_1_033/A120_I08.png,1258808
Bird,NG,damage_1_033,A120_I09.png,120,09,NG/damage_1_033/A120_I09.png,1440104
Bird,NG,damage_1_033,A120_I10.png,120,10,NG/damage_1_033/A120_I10.png,1465823
Bird,NG,damage_1_033,A150_I01.png,150,01,NG/damage_1_033/A150_I01.png,1169143
Bird,NG,damage_1_033,A150_I02.png,150,02,NG/damage_1_033/A150_I02.png,1304726
Bird,NG,damage_1_033,A150_I03.png,150,03,NG/damage_1_033/A150_I03.png,1239517
Bird,NG,damage_1_033,A150_I04.png,150,04,NG/damage_1_033/A150_I04.png,1320495
Bird,NG,damage_1_033,A150_I05.png,150,05,NG/damage_1_033/A150_I05.png,1332013
Bird,NG,damage_1_033,A150_I06.png,150,06,NG/damage_1_033/A150_I06.png,1249598
Bird,NG,damage_1_033,A150_I07.png,150,07,NG/damage_1_033/A150_I07.png,1042949
Bird,NG,damage_1_033,A150_I08.png,150,08,NG/damage_1_033/A150_I08.png,1265884
Bird,NG,damage_1_033,A150_I09.png,150,09,NG/damage_1_033/A150_I09.png,1454090
Bird,NG,damage_1_033,A150_I10.png,150,10,NG/damage_1_033/A150_I10.png,1478401
Bird,NG,damage_1_033,A180_I01.png,180,01,NG/damage_1_033/A180_I01.png,1176078
Bird,NG,damage_1_033,A180_I02.png,180,02,NG/damage_1_033/A180_I02.png,1319965
Bird,NG,damage_1_033,A180_I03.png,180,03,NG/damage_1_033/A180_I03.png,1256432
Bird,NG,damage_1_033,A180_I04.png,180,04,NG/damage_1_033/A180_I04.png,1328289
Bird,NG,damage_1_033,A180_I05.png,180,05,NG/damage_1_033/A180_I05.png,1327286
Bird,NG,damage_1_033,A180_I06.png,180,06,NG/damage_1_033/A180_I06.png,1244359
Bird,NG,damage_1_033,A180_I07.png,180,07,NG/damage_1_033/A180_I07.png,1038402
Bird,NG,damage_1_033,A180_I08.png,180,08,NG/damage_1_033/A180_I08.png,1266169
Bird,NG,damage_1_033,A180_I09.png,180,09,NG/damage_1_033/A180_I09.png,1456162
Bird,NG,damage_1_033,A180_I10.png,180,10,NG/damage_1_033/A180_I10.png,1477909
Bird,NG,damage_1_033,A210_I01.png,210,01,NG/damage_1_033/A210_I01.png,1167000
Bird,NG,damage_1_033,A210_I02.png,210,02,NG/damage_1_033/A210_I02.png,1323702
Bird,NG,damage_1_033,A210_I03.png,210,03,NG/damage_1_033/A210_I03.png,1263609
Bird,NG,damage_1_033,A210_I04.png,210,04,NG/damage_1_033/A210_I04.png,1347819
Bird,NG,damage_1_033,A210_I05.png,210,05,NG/damage_1_033/A210_I05.png,1354668
Bird,NG,damage_1_033,A210_I06.png,210,06,NG/damage_1_033/A210_I06.png,1269468
Bird,NG,damage_1_033,A210_I07.png,210,07,NG/damage_1_033/A210_I07.png,1058775
Bird,NG,damage_1_033,A210_I08.png,210,08,NG/damage_1_033/A210_I08.png,1264686
Bird,NG,damage_1_033,A210_I09.png,210,09,NG/damage_1_033/A210_I09.png,1470157
Bird,NG,damage_1_033,A210_I10.png,210,10,NG/damage_1_033/A210_I10.png,1489609
Bird,NG,damage_1_033,A240_I01.png,240,01,NG/damage_1_033/A240_I01.png,1180966
Bird,NG,damage_1_033,A240_I02.png,240,02,NG/damage_1_033/A240_I02.png,1343331
Bird,NG,damage_1_033,A240_I03.png,240,03,NG/damage_1_033/A240_I03.png,1271618
Bird,NG,damage_1_033,A240_I04.png,240,04,NG/damage_1_033/A240_I04.png,1368326
Bird,NG,damage_1_033,A240_I05.png,240,05,NG/damage_1_033/A240_I05.png,1387367
Bird,NG,damage_1_033,A240_I06.png,240,06,NG/damage_1_033/A240_I06.png,1294620
Bird,NG,damage_1_033,A240_I07.png,240,07,NG/damage_1_033/A240_I07.png,1084021
Bird,NG,damage_1_033,A240_I08.png,240,08,NG/damage_1_033/A240_I08.png,1280874
Bird,NG,damage_1_033,A240_I09.png,240,09,NG/damage_1_033/A240_I09.png,1490117
Bird,NG,damage_1_033,A240_I10.png,240,10,NG/damage_1_033/A240_I10.png,1508584
Bird,NG,damage_1_033,A270_I01.png,270,01,NG/damage_1_033/A270_I01.png,1195274
Bird,NG,damage_1_033,A270_I02.png,270,02,NG/damage_1_033/A270_I02.png,1357059
Bird,NG,damage_1_033,A270_I03.png,270,03,NG/damage_1_033/A270_I03.png,1269168
Bird,NG,damage_1_033,A270_I04.png,270,04,NG/damage_1_033/A270_I04.png,1361829
Bird,NG,damage_1_033,A270_I05.png,270,05,NG/damage_1_033/A270_I05.png,1375283
Bird,NG,damage_1_033,A270_I06.png,270,06,NG/damage_1_033/A270_I06.png,1293304
Bird,NG,damage_1_033,A270_I07.png,270,07,NG/damage_1_033/A270_I07.png,1109344
Bird,NG,damage_1_033,A270_I08.png,270,08,NG/damage_1_033/A270_I08.png,1304810
Bird,NG,damage_1_033,A270_I09.png,270,09,NG/damage_1_033/A270_I09.png,1496040
Bird,NG,damage_1_033,A270_I10.png,270,10,NG/damage_1_033/A270_I10.png,1514444
Bird,NG,damage_1_033,A300_I01.png,300,01,NG/damage_1_033/A300_I01.png,1228279
Bird,NG,damage_1_033,A300_I02.png,300,02,NG/damage_1_033/A300_I02.png,1371673
Bird,NG,damage_1_033,A300_I03.png,300,03,NG/damage_1_033/A300_I03.png,1256993
Bird,NG,damage_1_033,A300_I04.png,300,04,NG/damage_1_033/A300_I04.png,1352687
Bird,NG,damage_1_033,A300_I05.png,300,05,NG/damage_1_033/A300_I05.png,1366420
Bird,NG,damage_1_033,A300_I06.png,300,06,NG/damage_1_033/A300_I06.png,1283692
Bird,NG,damage_1_033,A300_I07.png,300,07,NG/damage_1_033/A300_I07.png,1099080
Bird,NG,damage_1_033,A300_I08.png,300,08,NG/damage_1_033/A300_I08.png,1328878
Bird,NG,damage_1_033,A300_I09.png,300,09,NG/damage_1_033/A300_I09.png,1502782
Bird,NG,damage_1_033,A300_I10.png,300,10,NG/damage_1_033/A300_I10.png,1517852
Bird,NG,damage_1_033,A330_I01.png,330,01,NG/damage_1_033/A330_I01.png,1226903
Bird,NG,damage_1_033,A330_I02.png,330,02,NG/damage_1_033/A330_I02.png,1358431
Bird,NG,damage_1_033,A330_I03.png,330,03,NG/damage_1_033/A330_I03.png,1241927
Bird,NG,damage_1_033,A330_I04.png,330,04,NG/damage_1_033/A330_I04.png,1318542
Bird,NG,damage_1_033,A330_I05.png,330,05,NG/damage_1_033/A330_I05.png,1331031
Bird,NG,damage_1_033,A330_I06.png,330,06,NG/damage_1_033/A330_I06.png,1261613
Bird,NG,damage_1_033,A330_I07.png,330,07,NG/damage_1_033/A330_I07.png,1087288
Bird,NG,damage_1_033,A330_I08.png,330,08,NG/damage_1_033/A330_I08.png,1322353
Bird,NG,damage_1_033,A330_I09.png,330,09,NG/damage_1_033/A330_I09.png,1482437
Bird,NG,damage_1_033,A330_I10.png,330,10,NG/damage_1_033/A330_I10.png,1495672
Bird,NG,damage_1_034,A000_I01.png,000,01,NG/damage_1_034/A000_I01.png,1188165
Bird,NG,damage_1_034,A000_I02.png,000,02,NG/damage_1_034/A000_I02.png,1325903
Bird,NG,damage_1_034,A000_I03.png,000,03,NG/damage_1_034/A000_I03.png,1226610
Bird,NG,damage_1_034,A000_I04.png,000,04,NG/damage_1_034/A000_I04.png,1305868
Bird,NG,damage_1_034,A000_I05.png,000,05,NG/damage_1_034/A000_I05.png,1315234
Bird,NG,damage_1_034,A000_I06.png,000,06,NG/damage_1_034/A000_I06.png,1247079
Bird,NG,damage_1_034,A000_I07.png,000,07,NG/damage_1_034/A000_I07.png,1082221
Bird,NG,damage_1_034,A000_I08.png,000,08,NG/damage_1_034/A000_I08.png,1288970
Bird,NG,damage_1_034,A000_I09.png,000,09,NG/damage_1_034/A000_I09.png,1452539
Bird,NG,damage_1_034,A000_I10.png,000,10,NG/damage_1_034/A000_I10.png,1473537
Bird,NG,damage_1_034,A030_I01.png,030,01,NG/damage_1_034/A030_I01.png,1158108
Bird,NG,damage_1_034,A030_I02.png,030,02,NG/damage_1_034/A030_I02.png,1303306
Bird,NG,damage_1_034,A030_I03.png,030,03,NG/damage_1_034/A030_I03.png,1208382
Bird,NG,damage_1_034,A030_I04.png,030,04,NG/damage_1_034/A030_I04.png,1286540
Bird,NG,damage_1_034,A030_I05.png,030,05,NG/damage_1_034/A030_I05.png,1288500
Bird,NG,damage_1_034,A030_I06.png,030,06,NG/damage_1_034/A030_I06.png,1209685
Bird,NG,damage_1_034,A030_I07.png,030,07,NG/damage_1_034/A030_I07.png,1014506
Bird,NG,damage_1_034,A030_I08.png,030,08,NG/damage_1_034/A030_I08.png,1252257
Bird,NG,damage_1_034,A030_I09.png,030,09,NG/damage_1_034/A030_I09.png,1419638
Bird,NG,damage_1_034,A030_I10.png,030,10,NG/damage_1_034/A030_I10.png,1451895
Bird,NG,damage_1_034,A060_I01.png,060,01,NG/damage_1_034/A060_I01.png,1155128
Bird,NG,damage_1_034,A060_I02.png,060,02,NG/damage_1_034/A060_I02.png,1305495
Bird,NG,damage_1_034,A060_I03.png,060,03,NG/damage_1_034/A060_I03.png,1201226
Bird,NG,damage_1_034,A060_I04.png,060,04,NG/damage_1_034/A060_I04.png,1286620
Bird,NG,damage_1_034,A060_I05.png,060,05,NG/damage_1_034/A060_I05.png,1273386
Bird,NG,damage_1_034,A060_I06.png,060,06,NG/damage_1_034/A060_I06.png,1202209
Bird,NG,damage_1_034,A060_I07.png,060,07,NG/damage_1_034/A060_I07.png,991909
Bird,NG,damage_1_034,A060_I08.png,060,08,NG/damage_1_034/A060_I08.png,1245026
Bird,NG,damage_1_034,A060_I09.png,060,09,NG/damage_1_034/A060_I09.png,1414562
Bird,NG,damage_1_034,A060_I10.png,060,10,NG/damage_1_034/A060_I10.png,1447086
Bird,NG,damage_1_034,A090_I01.png,090,01,NG/damage_1_034/A090_I01.png,1146167
Bird,NG,damage_1_034,A090_I02.png,090,02,NG/damage_1_034/A090_I02.png,1296106
Bird,NG,damage_1_034,A090_I03.png,090,03,NG/damage_1_034/A090_I03.png,1195698
Bird,NG,damage_1_034,A090_I04.png,090,04,NG/damage_1_034/A090_I04.png,1296331
Bird,NG,damage_1_034,A090_I05.png,090,05,NG/damage_1_034/A090_I05.png,1292628
Bird,NG,damage_1_034,A090_I06.png,090,06,NG/damage_1_034/A090_I06.png,1211158
Bird,NG,damage_1_034,A090_I07.png,090,07,NG/damage_1_034/A090_I07.png,993199
Bird,NG,damage_1_034,A090_I08.png,090,08,NG/damage_1_034/A090_I08.png,1234829
Bird,NG,damage_1_034,A090_I09.png,090,09,NG/damage_1_034/A090_I09.png,1414086
Bird,NG,damage_1_034,A090_I10.png,090,10,NG/damage_1_034/A090_I10.png,1444768
Bird,NG,damage_1_034,A120_I01.png,120,01,NG/damage_1_034/A120_I01.png,1148651
Bird,NG,damage_1_034,A120_I02.png,120,02,NG/damage_1_034/A120_I02.png,1295886
Bird,NG,damage_1_034,A120_I03.png,120,03,NG/damage_1_034/A120_I03.png,1201934
Bird,NG,damage_1_034,A120_I04.png,120,04,NG/damage_1_034/A120_I04.png,1310109
Bird,NG,damage_1_034,A120_I05.png,120,05,NG/damage_1_034/A120_I05.png,1328307
Bird,NG,damage_1_034,A120_I06.png,120,06,NG/damage_1_034/A120_I06.png,1246846
Bird,NG,damage_1_034,A120_I07.png,120,07,NG/damage_1_034/A120_I07.png,1033565
Bird,NG,damage_1_034,A120_I08.png,120,08,NG/damage_1_034/A120_I08.png,1255361
Bird,NG,damage_1_034,A120_I09.png,120,09,NG/damage_1_034/A120_I09.png,1441534
Bird,NG,damage_1_034,A120_I10.png,120,10,NG/damage_1_034/A120_I10.png,1467219
Bird,NG,damage_1_034,A150_I01.png,150,01,NG/damage_1_034/A150_I01.png,1176663
Bird,NG,damage_1_034,A150_I02.png,150,02,NG/damage_1_034/A150_I02.png,1306665
Bird,NG,damage_1_034,A150_I03.png,150,03,NG/damage_1_034/A150_I03.png,1218769
Bird,NG,damage_1_034,A150_I04.png,150,04,NG/damage_1_034/A150_I04.png,1327939
Bird,NG,damage_1_034,A150_I05.png,150,05,NG/damage_1_034/A150_I05.png,1350609
Bird,NG,damage_1_034,A150_I06.png,150,06,NG/damage_1_034/A150_I06.png,1267530
Bird,NG,damage_1_034,A150_I07.png,150,07,NG/damage_1_034/A150_I07.png,1043372
Bird,NG,damage_1_034,A150_I08.png,150,08,NG/damage_1_034/A150_I08.png,1271651
Bird,NG,damage_1_034,A150_I09.png,150,09,NG/damage_1_034/A150_I09.png,1463262
Bird,NG,damage_1_034,A150_I10.png,150,10,NG/damage_1_034/A150_I10.png,1486022
Bird,NG,damage_1_034,A180_I01.png,180,01,NG/damage_1_034/A180_I01.png,1194459
Bird,NG,damage_1_034,A180_I02.png,180,02,NG/damage_1_034/A180_I02.png,1333495
Bird,NG,damage_1_034,A180_I03.png,180,03,NG/damage_1_034/A180_I03.png,1248244
Bird,NG,damage_1_034,A180_I04.png,180,04,NG/damage_1_034/A180_I04.png,1335817
Bird,NG,damage_1_034,A180_I05.png,180,05,NG/damage_1_034/A180_I05.png,1341754
Bird,NG,damage_1_034,A180_I06.png,180,06,NG/damage_1_034/A180_I06.png,1254586
Bird,NG,damage_1_034,A180_I07.png,180,07,NG/damage_1_034/A180_I07.png,1037429
Bird,NG,damage_1_034,A180_I08.png,180,08,NG/damage_1_034/A180_I08.png,1277907
Bird,NG,damage_1_034,A180_I09.png,180,09,NG/damage_1_034/A180_I09.png,1471291
Bird,NG,damage_1_034,A180_I10.png,180,10,NG/damage_1_034/A180_I10.png,1489589
Bird,NG,damage_1_034,A210_I01.png,210,01,NG/damage_1_034/A210_I01.png,1181774
Bird,NG,damage_1_034,A210_I02.png,210,02,NG/damage_1_034/A210_I02.png,1343852
Bird,NG,damage_1_034,A210_I03.png,210,03,NG/damage_1_034/A210_I03.png,1267676
Bird,NG,damage_1_034,A210_I04.png,210,04,NG/damage_1_034/A210_I04.png,1354973
Bird,NG,damage_1_034,A210_I05.png,210,05,NG/damage_1_034/A210_I05.png,1359571
Bird,NG,damage_1_034,A210_I06.png,210,06,NG/damage_1_034/A210_I06.png,1267048
Bird,NG,damage_1_034,A210_I07.png,210,07,NG/damage_1_034/A210_I07.png,1033311
Bird,NG,damage_1_034,A210_I08.png,210,08,NG/damage_1_034/A210_I08.png,1273789
Bird,NG,damage_1_034,A210_I09.png,210,09,NG/damage_1_034/A210_I09.png,1481366
Bird,NG,damage_1_034,A210_I10.png,210,10,NG/damage_1_034/A210_I10.png,1498850
Bird,NG,damage_1_034,A240_I01.png,240,01,NG/damage_1_034/A240_I01.png,1182533
Bird,NG,damage_1_034,A240_I02.png,240,02,NG/damage_1_034/A240_I02.png,1351743
Bird,NG,damage_1_034,A240_I03.png,240,03,NG/damage_1_034/A240_I03.png,1281507
Bird,NG,damage_1_034,A240_I04.png,240,04,NG/damage_1_034/A240_I04.png,1358192
Bird,NG,damage_1_034,A240_I05.png,240,05,NG/damage_1_034/A240_I05.png,1367383
Bird,NG,damage_1_034,A240_I06.png,240,06,NG/damage_1_034/A240_I06.png,1268523
Bird,NG,damage_1_034,A240_I07.png,240,07,NG/damage_1_034/A240_I07.png,1047694
Bird,NG,damage_1_034,A240_I08.png,240,08,NG/damage_1_034/A240_I08.png,1274112
Bird,NG,damage_1_034,A240_I09.png,240,09,NG/damage_1_034/A240_I09.png,1479466
Bird,NG,damage_1_034,A240_I10.png,240,10,NG/damage_1_034/A240_I10.png,1497645
Bird,NG,damage_1_034,A270_I01.png,270,01,NG/damage_1_034/A270_I01.png,1193895
Bird,NG,damage_1_034,A270_I02.png,270,02,NG/damage_1_034/A270_I02.png,1363388
Bird,NG,damage_1_034,A270_I03.png,270,03,NG/damage_1_034/A270_I03.png,1285587
Bird,NG,damage_1_034,A270_I04.png,270,04,NG/damage_1_034/A270_I04.png,1378157
Bird,NG,damage_1_034,A270_I05.png,270,05,NG/damage_1_034/A270_I05.png,1386250
Bird,NG,damage_1_034,A270_I06.png,270,06,NG/damage_1_034/A270_I06.png,1289546
Bird,NG,damage_1_034,A270_I07.png,270,07,NG/damage_1_034/A270_I07.png,1075495
Bird,NG,damage_1_034,A270_I08.png,270,08,NG/damage_1_034/A270_I08.png,1293853
Bird,NG,damage_1_034,A270_I09.png,270,09,NG/damage_1_034/A270_I09.png,1498928
Bird,NG,damage_1_034,A270_I10.png,270,10,NG/damage_1_034/A270_I10.png,1513293
Bird,NG,damage_1_034,A300_I01.png,300,01,NG/damage_1_034/A300_I01.png,1210419
Bird,NG,damage_1_034,A300_I02.png,300,02,NG/damage_1_034/A300_I02.png,1363321
Bird,NG,damage_1_034,A300_I03.png,300,03,NG/damage_1_034/A300_I03.png,1267681
Bird,NG,damage_1_034,A300_I04.png,300,04,NG/damage_1_034/A300_I04.png,1353143
Bird,NG,damage_1_034,A300_I05.png,300,05,NG/damage_1_034/A300_I05.png,1362276
Bird,NG,damage_1_034,A300_I06.png,300,06,NG/damage_1_034/A300_I06.png,1275248
Bird,NG,damage_1_034,A300_I07.png,300,07,NG/damage_1_034/A300_I07.png,1091971
Bird,NG,damage_1_034,A300_I08.png,300,08,NG/damage_1_034/A300_I08.png,1309692
Bird,NG,damage_1_034,A300_I09.png,300,09,NG/damage_1_034/A300_I09.png,1488656
Bird,NG,damage_1_034,A300_I10.png,300,10,NG/damage_1_034/A300_I10.png,1501469
Bird,NG,damage_1_034,A330_I01.png,330,01,NG/damage_1_034/A330_I01.png,1236845
Bird,NG,damage_1_034,A330_I02.png,330,02,NG/damage_1_034/A330_I02.png,1372791
Bird,NG,damage_1_034,A330_I03.png,330,03,NG/damage_1_034/A330_I03.png,1249755
Bird,NG,damage_1_034,A330_I04.png,330,04,NG/damage_1_034/A330_I04.png,1326763
Bird,NG,damage_1_034,A330_I05.png,330,05,NG/damage_1_034/A330_I05.png,1337324
Bird,NG,damage_1_034,A330_I06.png,330,06,NG/damage_1_034/A330_I06.png,1271480
Bird,NG,damage_1_034,A330_I07.png,330,07,NG/damage_1_034/A330_I07.png,1116585
Bird,NG,damage_1_034,A330_I08.png,330,08,NG/damage_1_034/A330_I08.png,1335423
Bird,NG,damage_1_034,A330_I09.png,330,09,NG/damage_1_034/A330_I09.png,1496193
Bird,NG,damage_1_034,A330_I10.png,330,10,NG/damage_1_034/A330_I10.png,1508085
Bird,NG,damage_1_035,A000_I01.png,000,01,NG/damage_1_035/A000_I01.png,1176307
Bird,NG,damage_1_035,A000_I02.png,000,02,NG/damage_1_035/A000_I02.png,1315711
Bird,NG,damage_1_035,A000_I03.png,000,03,NG/damage_1_035/A000_I03.png,1209617
Bird,NG,damage_1_035,A000_I04.png,000,04,NG/damage_1_035/A000_I04.png,1299334
Bird,NG,damage_1_035,A000_I05.png,000,05,NG/damage_1_035/A000_I05.png,1303959
Bird,NG,damage_1_035,A000_I06.png,000,06,NG/damage_1_035/A000_I06.png,1226312
Bird,NG,damage_1_035,A000_I07.png,000,07,NG/damage_1_035/A000_I07.png,1044383
Bird,NG,damage_1_035,A000_I08.png,000,08,NG/damage_1_035/A000_I08.png,1272052
Bird,NG,damage_1_035,A000_I09.png,000,09,NG/damage_1_035/A000_I09.png,1439863
Bird,NG,damage_1_035,A000_I10.png,000,10,NG/damage_1_035/A000_I10.png,1464303
Bird,NG,damage_1_035,A030_I01.png,030,01,NG/damage_1_035/A030_I01.png,1144341
Bird,NG,damage_1_035,A030_I02.png,030,02,NG/damage_1_035/A030_I02.png,1292928
Bird,NG,damage_1_035,A030_I03.png,030,03,NG/damage_1_035/A030_I03.png,1196967
Bird,NG,damage_1_035,A030_I04.png,030,04,NG/damage_1_035/A030_I04.png,1272730
Bird,NG,damage_1_035,A030_I05.png,030,05,NG/damage_1_035/A030_I05.png,1274427
Bird,NG,damage_1_035,A030_I06.png,030,06,NG/damage_1_035/A030_I06.png,1210070
Bird,NG,damage_1_035,A030_I07.png,030,07,NG/damage_1_035/A030_I07.png,1031380
Bird,NG,damage_1_035,A030_I08.png,030,08,NG/damage_1_035/A030_I08.png,1254903
Bird,NG,damage_1_035,A030_I09.png,030,09,NG/damage_1_035/A030_I09.png,1416676
Bird,NG,damage_1_035,A030_I10.png,030,10,NG/damage_1_035/A030_I10.png,1448743
Bird,NG,damage_1_035,A060_I01.png,060,01,NG/damage_1_035/A060_I01.png,1156509
Bird,NG,damage_1_035,A060_I02.png,060,02,NG/damage_1_035/A060_I02.png,1299783
Bird,NG,damage_1_035,A060_I03.png,060,03,NG/damage_1_035/A060_I03.png,1190062
Bird,NG,damage_1_035,A060_I04.png,060,04,NG/damage_1_035/A060_I04.png,1273404
Bird,NG,damage_1_035,A060_I05.png,060,05,NG/damage_1_035/A060_I05.png,1259826
Bird,NG,damage_1_035,A060_I06.png,060,06,NG/damage_1_035/A060_I06.png,1201602
Bird,NG,damage_1_035,A060_I07.png,060,07,NG/damage_1_035/A060_I07.png,1007759
Bird,NG,damage_1_035,A060_I08.png,060,08,NG/damage_1_035/A060_I08.png,1250405
Bird,NG,damage_1_035,A060_I09.png,060,09,NG/damage_1_035/A060_I09.png,1409464
Bird,NG,damage_1_035,A060_I10.png,060,10,NG/damage_1_035/A060_I10.png,1438793
Bird,NG,damage_1_035,A090_I01.png,090,01,NG/damage_1_035/A090_I01.png,1156933
Bird,NG,damage_1_035,A090_I02.png,090,02,NG/damage_1_035/A090_I02.png,1297399
Bird,NG,damage_1_035,A090_I03.png,090,03,NG/damage_1_035/A090_I03.png,1182327
Bird,NG,damage_1_035,A090_I04.png,090,04,NG/damage_1_035/A090_I04.png,1284303
Bird,NG,damage_1_035,A090_I05.png,090,05,NG/damage_1_035/A090_I05.png,1287122
Bird,NG,damage_1_035,A090_I06.png,090,06,NG/damage_1_035/A090_I06.png,1213033
Bird,NG,damage_1_035,A090_I07.png,090,07,NG/damage_1_035/A090_I07.png,1008342
Bird,NG,damage_1_035,A090_I08.png,090,08,NG/damage_1_035/A090_I08.png,1247974
Bird,NG,damage_1_035,A090_I09.png,090,09,NG/damage_1_035/A090_I09.png,1414808
Bird,NG,damage_1_035,A090_I10.png,090,10,NG/damage_1_035/A090_I10.png,1444013
Bird,NG,damage_1_035,A120_I01.png,120,01,NG/damage_1_035/A120_I01.png,1159739
Bird,NG,damage_1_035,A120_I02.png,120,02,NG/damage_1_035/A120_I02.png,1297661
Bird,NG,damage_1_035,A120_I03.png,120,03,NG/damage_1_035/A120_I03.png,1194198
Bird,NG,damage_1_035,A120_I04.png,120,04,NG/damage_1_035/A120_I04.png,1298633
Bird,NG,damage_1_035,A120_I05.png,120,05,NG/damage_1_035/A120_I05.png,1319668
Bird,NG,damage_1_035,A120_I06.png,120,06,NG/damage_1_035/A120_I06.png,1245012
Bird,NG,damage_1_035,A120_I07.png,120,07,NG/damage_1_035/A120_I07.png,1042391
Bird,NG,damage_1_035,A120_I08.png,120,08,NG/damage_1_035/A120_I08.png,1265918
Bird,NG,damage_1_035,A120_I09.png,120,09,NG/damage_1_035/A120_I09.png,1440300
Bird,NG,damage_1_035,A120_I10.png,120,10,NG/damage_1_035/A120_I10.png,1464734
Bird,NG,damage_1_035,A150_I01.png,150,01,NG/damage_1_035/A150_I01.png,1177809
Bird,NG,damage_1_035,A150_I02.png,150,02,NG/damage_1_035/A150_I02.png,1307674
Bird,NG,damage_1_035,A150_I03.png,150,03,NG/damage_1_035/A150_I03.png,1227485
Bird,NG,damage_1_035,A150_I04.png,150,04,NG/damage_1_035/A150_I04.png,1314719
Bird,NG,damage_1_035,A150_I05.png,150,05,NG/damage_1_035/A150_I05.png,1329200
Bird,NG,damage_1_035,A150_I06.png,150,06,NG/damage_1_035/A150_I06.png,1251806
Bird,NG,damage_1_035,A150_I07.png,150,07,NG/damage_1_035/A150_I07.png,1048729
Bird,NG,damage_1_035,A150_I08.png,150,08,NG/damage_1_035/A150_I08.png,1271939
Bird,NG,damage_1_035,A150_I09.png,150,09,NG/damage_1_035/A150_I09.png,1456669
Bird,NG,damage_1_035,A150_I10.png,150,10,NG/damage_1_035/A150_I10.png,1475980
Bird,NG,damage_1_035,A180_I01.png,180,01,NG/damage_1_035/A180_I01.png,1179125
Bird,NG,damage_1_035,A180_I02.png,180,02,NG/damage_1_035/A180_I02.png,1325912
Bird,NG,damage_1_035,A180_I03.png,180,03,NG/damage_1_035/A180_I03.png,1265448
Bird,NG,damage_1_035,A180_I04.png,180,04,NG/damage_1_035/A180_I04.png,1325051
Bird,NG,damage_1_035,A180_I05.png,180,05,NG/damage_1_035/A180_I05.png,1313681
Bird,NG,damage_1_035,A180_I06.png,180,06,NG/damage_1_035/A180_I06.png,1228337
Bird,NG,damage_1_035,A180_I07.png,180,07,NG/damage_1_035/A180_I07.png,1016221
Bird,NG,damage_1_035,A180_I08.png,180,08,NG/damage_1_035/A180_I08.png,1260790
Bird,NG,damage_1_035,A180_I09.png,180,09,NG/damage_1_035/A180_I09.png,1453257
Bird,NG,damage_1_035,A180_I10.png,180,10,NG/damage_1_035/A180_I10.png,1472616
Bird,NG,damage_1_035,A210_I01.png,210,01,NG/damage_1_035/A210_I01.png,1159917
Bird,NG,damage_1_035,A210_I02.png,210,02,NG/damage_1_035/A210_I02.png,1329509
Bird,NG,damage_1_035,A210_I03.png,210,03,NG/damage_1_035/A210_I03.png,1280317
Bird,NG,damage_1_035,A210_I04.png,210,04,NG/damage_1_035/A210_I04.png,1345268
Bird,NG,damage_1_035,A210_I05.png,210,05,NG/damage_1_035/A210_I05.png,1339782
Bird,NG,damage_1_035,A210_I06.png,210,06,NG/damage_1_035/A210_I06.png,1240811
Bird,NG,damage_1_035,A210_I07.png,210,07,NG/damage_1_035/A210_I07.png,1014606
Bird,NG,damage_1_035,A210_I08.png,210,08,NG/damage_1_035/A210_I08.png,1244154
Bird,NG,damage_1_035,A210_I09.png,210,09,NG/damage_1_035/A210_I09.png,1455443
Bird,NG,damage_1_035,A210_I10.png,210,10,NG/damage_1_035/A210_I10.png,1477334
Bird,NG,damage_1_035,A240_I01.png,240,01,NG/damage_1_035/A240_I01.png,1160332
Bird,NG,damage_1_035,A240_I02.png,240,02,NG/damage_1_035/A240_I02.png,1339164
Bird,NG,damage_1_035,A240_I03.png,240,03,NG/damage_1_035/A240_I03.png,1290400
Bird,NG,damage_1_035,A240_I04.png,240,04,NG/damage_1_035/A240_I04.png,1351040
Bird,NG,damage_1_035,A240_I05.png,240,05,NG/damage_1_035/A240_I05.png,1349240
Bird,NG,damage_1_035,A240_I06.png,240,06,NG/damage_1_035/A240_I06.png,1247422
Bird,NG,damage_1_035,A240_I07.png,240,07,NG/damage_1_035/A240_I07.png,1036202
Bird,NG,damage_1_035,A240_I08.png,240,08,NG/damage_1_035/A240_I08.png,1251438
Bird,NG,damage_1_035,A240_I09.png,240,09,NG/damage_1_035/A240_I09.png,1461533
Bird,NG,damage_1_035,A240_I10.png,240,10,NG/damage_1_035/A240_I10.png,1485344
Bird,NG,damage_1_035,A270_I01.png,270,01,NG/damage_1_035/A270_I01.png,1176723
Bird,NG,damage_1_035,A270_I02.png,270,02,NG/damage_1_035/A270_I02.png,1355181
Bird,NG,damage_1_035,A270_I03.png,270,03,NG/damage_1_035/A270_I03.png,1287659
Bird,NG,damage_1_035,A270_I04.png,270,04,NG/damage_1_035/A270_I04.png,1354403
Bird,NG,damage_1_035,A270_I05.png,270,05,NG/damage_1_035/A270_I05.png,1347444
Bird,NG,damage_1_035,A270_I06.png,270,06,NG/damage_1_035/A270_I06.png,1250298
Bird,NG,damage_1_035,A270_I07.png,270,07,NG/damage_1_035/A270_I07.png,1063995
Bird,NG,damage_1_035,A270_I08.png,270,08,NG/damage_1_035/A270_I08.png,1279413
Bird,NG,damage_1_035,A270_I09.png,270,09,NG/damage_1_035/A270_I09.png,1475843
Bird,NG,damage_1_035,A270_I10.png,270,10,NG/damage_1_035/A270_I10.png,1497525
Bird,NG,damage_1_035,A300_I01.png,300,01,NG/damage_1_035/A300_I01.png,1191457
Bird,NG,damage_1_035,A300_I02.png,300,02,NG/damage_1_035/A300_I02.png,1352288
Bird,NG,damage_1_035,A300_I03.png,300,03,NG/damage_1_035/A300_I03.png,1264060
Bird,NG,damage_1_035,A300_I04.png,300,04,NG/damage_1_035/A300_I04.png,1346340
Bird,NG,damage_1_035,A300_I05.png,300,05,NG/damage_1_035/A300_I05.png,1345941
Bird,NG,damage_1_035,A300_I06.png,300,06,NG/damage_1_035/A300_I06.png,1256605
Bird,NG,damage_1_035,A300_I07.png,300,07,NG/damage_1_035/A300_I07.png,1080599
Bird,NG,damage_1_035,A300_I08.png,300,08,NG/damage_1_035/A300_I08.png,1295749
Bird,NG,damage_1_035,A300_I09.png,300,09,NG/damage_1_035/A300_I09.png,1481178
Bird,NG,damage_1_035,A300_I10.png,300,10,NG/damage_1_035/A300_I10.png,1500865
Bird,NG,damage_1_035,A330_I01.png,330,01,NG/damage_1_035/A330_I01.png,1202157
Bird,NG,damage_1_035,A330_I02.png,330,02,NG/damage_1_035/A330_I02.png,1345548
Bird,NG,damage_1_035,A330_I03.png,330,03,NG/damage_1_035/A330_I03.png,1232574
Bird,NG,damage_1_035,A330_I04.png,330,04,NG/damage_1_035/A330_I04.png,1318715
Bird,NG,damage_1_035,A330_I05.png,330,05,NG/damage_1_035/A330_I05.png,1324570
Bird,NG,damage_1_035,A330_I06.png,330,06,NG/damage_1_035/A330_I06.png,1250857
Bird,NG,damage_1_035,A330_I07.png,330,07,NG/damage_1_035/A330_I07.png,1084812
Bird,NG,damage_1_035,A330_I08.png,330,08,NG/damage_1_035/A330_I08.png,1303300
Bird,NG,damage_1_035,A330_I09.png,330,09,NG/damage_1_035/A330_I09.png,1476401
Bird,NG,damage_1_035,A330_I10.png,330,10,NG/damage_1_035/A330_I10.png,1494777
Bird,NG,damage_1_036,A000_I01.png,000,01,NG/damage_1_036/A000_I01.png,1194504
Bird,NG,damage_1_036,A000_I02.png,000,02,NG/damage_1_036/A000_I02.png,1331424
Bird,NG,damage_1_036,A000_I03.png,000,03,NG/damage_1_036/A000_I03.png,1226901
Bird,NG,damage_1_036,A000_I04.png,000,04,NG/damage_1_036/A000_I04.png,1300285
Bird,NG,damage_1_036,A000_I05.png,000,05,NG/damage_1_036/A000_I05.png,1311206
Bird,NG,damage_1_036,A000_I06.png,000,06,NG/damage_1_036/A000_I06.png,1238616
Bird,NG,damage_1_036,A000_I07.png,000,07,NG/damage_1_036/A000_I07.png,1067183
Bird,NG,damage_1_036,A000_I08.png,000,08,NG/damage_1_036/A000_I08.png,1292541
Bird,NG,damage_1_036,A000_I09.png,000,09,NG/damage_1_036/A000_I09.png,1450846
Bird,NG,damage_1_036,A000_I10.png,000,10,NG/damage_1_036/A000_I10.png,1470349
Bird,NG,damage_1_036,A030_I01.png,030,01,NG/damage_1_036/A030_I01.png,1149611
Bird,NG,damage_1_036,A030_I02.png,030,02,NG/damage_1_036/A030_I02.png,1300196
Bird,NG,damage_1_036,A030_I03.png,030,03,NG/damage_1_036/A030_I03.png,1211305
Bird,NG,damage_1_036,A030_I04.png,030,04,NG/damage_1_036/A030_I04.png,1282007
Bird,NG,damage_1_036,A030_I05.png,030,05,NG/damage_1_036/A030_I05.png,1287601
Bird,NG,damage_1_036,A030_I06.png,030,06,NG/damage_1_036/A030_I06.png,1216436
Bird,NG,damage_1_036,A030_I07.png,030,07,NG/damage_1_036/A030_I07.png,1031281
Bird,NG,damage_1_036,A030_I08.png,030,08,NG/damage_1_036/A030_I08.png,1256269
Bird,NG,damage_1_036,A030_I09.png,030,09,NG/damage_1_036/A030_I09.png,1420603
Bird,NG,damage_1_036,A030_I10.png,030,10,NG/damage_1_036/A030_I10.png,1453926
Bird,NG,damage_1_036,A060_I01.png,060,01,NG/damage_1_036/A060_I01.png,1162383
Bird,NG,damage_1_036,A060_I02.png,060,02,NG/damage_1_036/A060_I02.png,1306194
Bird,NG,damage_1_036,A060_I03.png,060,03,NG/damage_1_036/A060_I03.png,1201358
Bird,NG,damage_1_036,A060_I04.png,060,04,NG/damage_1_036/A060_I04.png,1285398
Bird,NG,damage_1_036,A060_I05.png,060,05,NG/damage_1_036/A060_I05.png,1277412
Bird,NG,damage_1_036,A060_I06.png,060,06,NG/damage_1_036/A060_I06.png,1212731
Bird,NG,damage_1_036,A060_I07.png,060,07,NG/damage_1_036/A060_I07.png,1009242
Bird,NG,damage_1_036,A060_I08.png,060,08,NG/damage_1_036/A060_I08.png,1252799
Bird,NG,damage_1_036,A060_I09.png,060,09,NG/damage_1_036/A060_I09.png,1419534
Bird,NG,damage_1_036,A060_I10.png,060,10,NG/damage_1_036/A060_I10.png,1448511
Bird,NG,damage_1_036,A090_I01.png,090,01,NG/damage_1_036/A090_I01.png,1157747
Bird,NG,damage_1_036,A090_I02.png,090,02,NG/damage_1_036/A090_I02.png,1300981
Bird,NG,damage_1_036,A090_I03.png,090,03,NG/damage_1_036/A090_I03.png,1195081
Bird,NG,damage_1_036,A090_I04.png,090,04,NG/damage_1_036/A090_I04.png,1296460
Bird,NG,damage_1_036,A090_I05.png,090,05,NG/damage_1_036/A090_I05.png,1300913
Bird,NG,damage_1_036,A090_I06.png,090,06,NG/damage_1_036/A090_I06.png,1219082
Bird,NG,damage_1_036,A090_I07.png,090,07,NG/damage_1_036/A090_I07.png,1009200
Bird,NG,damage_1_036,A090_I08.png,090,08,NG/damage_1_036/A090_I08.png,1247168
Bird,NG,damage_1_036,A090_I09.png,090,09,NG/damage_1_036/A090_I09.png,1423093
Bird,NG,damage_1_036,A090_I10.png,090,10,NG/damage_1_036/A090_I10.png,1450393
Bird,NG,damage_1_036,A120_I01.png,120,01,NG/damage_1_036/A120_I01.png,1159934
Bird,NG,damage_1_036,A120_I02.png,120,02,NG/damage_1_036/A120_I02.png,1299833
Bird,NG,damage_1_036,A120_I03.png,120,03,NG/damage_1_036/A120_I03.png,1209045
Bird,NG,damage_1_036,A120_I04.png,120,04,NG/damage_1_036/A120_I04.png,1308016
Bird,NG,damage_1_036,A120_I05.png,120,05,NG/damage_1_036/A120_I05.png,1328422
Bird,NG,damage_1_036,A120_I06.png,120,06,NG/damage_1_036/A120_I06.png,1249021
Bird,NG,damage_1_036,A120_I07.png,120,07,NG/damage_1_036/A120_I07.png,1040339
Bird,NG,damage_1_036,A120_I08.png,120,08,NG/damage_1_036/A120_I08.png,1265300
Bird,NG,damage_1_036,A120_I09.png,120,09,NG/damage_1_036/A120_I09.png,1442522
Bird,NG,damage_1_036,A120_I10.png,120,10,NG/damage_1_036/A120_I10.png,1467666
Bird,NG,damage_1_036,A150_I01.png,150,01,NG/damage_1_036/A150_I01.png,1183295
Bird,NG,damage_1_036,A150_I02.png,150,02,NG/damage_1_036/A150_I02.png,1312980
Bird,NG,damage_1_036,A150_I03.png,150,03,NG/damage_1_036/A150_I03.png,1235163
Bird,NG,damage_1_036,A150_I04.png,150,04,NG/damage_1_036/A150_I04.png,1324724
Bird,NG,damage_1_036,A150_I05.png,150,05,NG/damage_1_036/A150_I05.png,1340009
Bird,NG,damage_1_036,A150_I06.png,150,06,NG/damage_1_036/A150_I06.png,1258293
Bird,NG,damage_1_036,A150_I07.png,150,07,NG/damage_1_036/A150_I07.png,1048207
Bird,NG,damage_1_036,A150_I08.png,150,08,NG/damage_1_036/A150_I08.png,1273176
Bird,NG,damage_1_036,A150_I09.png,150,09,NG/damage_1_036/A150_I09.png,1461472
Bird,NG,damage_1_036,A150_I10.png,150,10,NG/damage_1_036/A150_I10.png,1482628
Bird,NG,damage_1_036,A180_I01.png,180,01,NG/damage_1_036/A180_I01.png,1175686
Bird,NG,damage_1_036,A180_I02.png,180,02,NG/damage_1_036/A180_I02.png,1326126
Bird,NG,damage_1_036,A180_I03.png,180,03,NG/damage_1_036/A180_I03.png,1265560
Bird,NG,damage_1_036,A180_I04.png,180,04,NG/damage_1_036/A180_I04.png,1334812
Bird,NG,damage_1_036,A180_I05.png,180,05,NG/damage_1_036/A180_I05.png,1328548
Bird,NG,damage_1_036,A180_I06.png,180,06,NG/damage_1_036/A180_I06.png,1242624
Bird,NG,damage_1_036,A180_I07.png,180,07,NG/damage_1_036/A180_I07.png,1028150
Bird,NG,damage_1_036,A180_I08.png,180,08,NG/damage_1_036/A180_I08.png,1261552
Bird,NG,damage_1_036,A180_I09.png,180,09,NG/damage_1_036/A180_I09.png,1460015
Bird,NG,damage_1_036,A180_I10.png,180,10,NG/damage_1_036/A180_I10.png,1480283
Bird,NG,damage_1_036,A210_I01.png,210,01,NG/damage_1_036/A210_I01.png,1167076
Bird,NG,damage_1_036,A210_I02.png,210,02,NG/damage_1_036/A210_I02.png,1332579
Bird,NG,damage_1_036,A210_I03.png,210,03,NG/damage_1_036/A210_I03.png,1272274
Bird,NG,damage_1_036,A210_I04.png,210,04,NG/damage_1_036/A210_I04.png,1344503
Bird,NG,damage_1_036,A210_I05.png,210,05,NG/damage_1_036/A210_I05.png,1346303
Bird,NG,damage_1_036,A210_I06.png,210,06,NG/damage_1_036/A210_I06.png,1251663
Bird,NG,damage_1_036,A210_I07.png,210,07,NG/damage_1_036/A210_I07.png,1030298
Bird,NG,damage_1_036,A210_I08.png,210,08,NG/damage_1_036/A210_I08.png,1257841
Bird,NG,damage_1_036,A210_I09.png,210,09,NG/damage_1_036/A210_I09.png,1462818
Bird,NG,damage_1_036,A210_I10.png,210,10,NG/damage_1_036/A210_I10.png,1482584
Bird,NG,damage_1_036,A240_I01.png,240,01,NG/damage_1_036/A240_I01.png,1177287
Bird,NG,damage_1_036,A240_I02.png,240,02,NG/damage_1_036/A240_I02.png,1346890
Bird,NG,damage_1_036,A240_I03.png,240,03,NG/damage_1_036/A240_I03.png,1284876
Bird,NG,damage_1_036,A240_I04.png,240,04,NG/damage_1_036/A240_I04.png,1363412
Bird,NG,damage_1_036,A240_I05.png,240,05,NG/damage_1_036/A240_I05.png,1373835
Bird,NG,damage_1_036,A240_I06.png,240,06,NG/damage_1_036/A240_I06.png,1273081
Bird,NG,damage_1_036,A240_I07.png,240,07,NG/damage_1_036/A240_I07.png,1061118
Bird,NG,damage_1_036,A240_I08.png,240,08,NG/damage_1_036/A240_I08.png,1270273
Bird,NG,damage_1_036,A240_I09.png,240,09,NG/damage_1_036/A240_I09.png,1482171
Bird,NG,damage_1_036,A240_I10.png,240,10,NG/damage_1_036/A240_I10.png,1502008
Bird,NG,damage_1_036,A270_I01.png,270,01,NG/damage_1_036/A270_I01.png,1177883
Bird,NG,damage_1_036,A270_I02.png,270,02,NG/damage_1_036/A270_I02.png,1352590
Bird,NG,damage_1_036,A270_I03.png,270,03,NG/damage_1_036/A270_I03.png,1281864
Bird,NG,damage_1_036,A270_I04.png,270,04,NG/damage_1_036/A270_I04.png,1367566
Bird,NG,damage_1_036,A270_I05.png,270,05,NG/damage_1_036/A270_I05.png,1372743
Bird,NG,damage_1_036,A270_I06.png,270,06,NG/damage_1_036/A270_I06.png,1282016
Bird,NG,damage_1_036,A270_I07.png,270,07,NG/damage_1_036/A270_I07.png,1081155
Bird,NG,damage_1_036,A270_I08.png,270,08,NG/damage_1_036/A270_I08.png,1283509
Bird,NG,damage_1_036,A270_I09.png,270,09,NG/damage_1_036/A270_I09.png,1489160
Bird,NG,damage_1_036,A270_I10.png,270,10,NG/damage_1_036/A270_I10.png,1507736
Bird,NG,damage_1_036,A300_I01.png,300,01,NG/damage_1_036/A300_I01.png,1219736
Bird,NG,damage_1_036,A300_I02.png,300,02,NG/damage_1_036/A300_I02.png,1367631
Bird,NG,damage_1_036,A300_I03.png,300,03,NG/damage_1_036/A300_I03.png,1260577
Bird,NG,damage_1_036,A300_I04.png,300,04,NG/damage_1_036/A300_I04.png,1352631
Bird,NG,damage_1_036,A300_I05.png,300,05,NG/damage_1_036/A300_I05.png,1364897
Bird,NG,damage_1_036,A300_I06.png,300,06,NG/damage_1_036/A300_I06.png,1278665
Bird,NG,damage_1_036,A300_I07.png,300,07,NG/damage_1_036/A300_I07.png,1095229
Bird,NG,damage_1_036,A300_I08.png,300,08,NG/damage_1_036/A300_I08.png,1318794
Bird,NG,damage_1_036,A300_I09.png,300,09,NG/damage_1_036/A300_I09.png,1496775
Bird,NG,damage_1_036,A300_I10.png,300,10,NG/damage_1_036/A300_I10.png,1509826
Bird,NG,damage_1_036,A330_I01.png,330,01,NG/damage_1_036/A330_I01.png,1226679
Bird,NG,damage_1_036,A330_I02.png,330,02,NG/damage_1_036/A330_I02.png,1358869
Bird,NG,damage_1_036,A330_I03.png,330,03,NG/damage_1_036/A330_I03.png,1241147
Bird,NG,damage_1_036,A330_I04.png,330,04,NG/damage_1_036/A330_I04.png,1321586
Bird,NG,damage_1_036,A330_I05.png,330,05,NG/damage_1_036/A330_I05.png,1335915
Bird,NG,damage_1_036,A330_I06.png,330,06,NG/damage_1_036/A330_I06.png,1266408
Bird,NG,damage_1_036,A330_I07.png,330,07,NG/damage_1_036/A330_I07.png,1099523
Bird,NG,damage_1_036,A330_I08.png,330,08,NG/damage_1_036/A330_I08.png,1325043
Bird,NG,damage_1_036,A330_I09.png,330,09,NG/damage_1_036/A330_I09.png,1487492
Bird,NG,damage_1_036,A330_I10.png,330,10,NG/damage_1_036/A330_I10.png,1499338
Bird,NG,damage_1_hole_1_scratch_1_021,A000_I01.png,000,01,NG/damage_1_hole_1_scratch_1_021/A000_I01.png,1200955
Bird,NG,damage_1_hole_1_scratch_1_021,A000_I02.png,000,02,NG/damage_1_hole_1_scratch_1_021/A000_I02.png,1348543
Bird,NG,damage_1_hole_1_scratch_1_021,A000_I03.png,000,03,NG/damage_1_hole_1_scratch_1_021/A000_I03.png,1250000
Bird,NG,damage_1_hole_1_scratch_1_021,A000_I04.png,000,04,NG/damage_1_hole_1_scratch_1_021/A000_I04.png,1320181
Bird,NG,damage_1_hole_1_scratch_1_021,A000_I05.png,000,05,NG/damage_1_hole_1_scratch_1_021/A000_I05.png,1298098
Bird,NG,damage_1_hole_1_scratch_1_021,A000_I06.png,000,06,NG/damage_1_hole_1_scratch_1_021/A000_I06.png,1213323
Bird,NG,damage_1_hole_1_scratch_1_021,A000_I07.png,000,07,NG/damage_1_hole_1_scratch_1_021/A000_I07.png,1023207
Bird,NG,damage_1_hole_1_scratch_1_021,A000_I08.png,000,08,NG/damage_1_hole_1_scratch_1_021/A000_I08.png,1293605
Bird,NG,damage_1_hole_1_scratch_1_021,A000_I09.png,000,09,NG/damage_1_hole_1_scratch_1_021/A000_I09.png,1462345
Bird,NG,damage_1_hole_1_scratch_1_021,A000_I10.png,000,10,NG/damage_1_hole_1_scratch_1_021/A000_I10.png,1492156
Bird,NG,damage_1_hole_1_scratch_1_021,A030_I01.png,030,01,NG/damage_1_hole_1_scratch_1_021/A030_I01.png,1177533
Bird,NG,damage_1_hole_1_scratch_1_021,A030_I02.png,030,02,NG/damage_1_hole_1_scratch_1_021/A030_I02.png,1319397
Bird,NG,damage_1_hole_1_scratch_1_021,A030_I03.png,030,03,NG/damage_1_hole_1_scratch_1_021/A030_I03.png,1206416
Bird,NG,damage_1_hole_1_scratch_1_021,A030_I04.png,030,04,NG/damage_1_hole_1_scratch_1_021/A030_I04.png,1291365
Bird,NG,damage_1_hole_1_scratch_1_021,A030_I05.png,030,05,NG/damage_1_hole_1_scratch_1_021/A030_I05.png,1285657
Bird,NG,damage_1_hole_1_scratch_1_021,A030_I06.png,030,06,NG/damage_1_hole_1_scratch_1_021/A030_I06.png,1215942
Bird,NG,damage_1_hole_1_scratch_1_021,A030_I07.png,030,07,NG/damage_1_hole_1_scratch_1_021/A030_I07.png,1033689
Bird,NG,damage_1_hole_1_scratch_1_021,A030_I08.png,030,08,NG/damage_1_hole_1_scratch_1_021/A030_I08.png,1286282
Bird,NG,damage_1_hole_1_scratch_1_021,A030_I09.png,030,09,NG/damage_1_hole_1_scratch_1_021/A030_I09.png,1442210
Bird,NG,damage_1_hole_1_scratch_1_021,A030_I10.png,030,10,NG/damage_1_hole_1_scratch_1_021/A030_I10.png,1472854
Bird,NG,damage_1_hole_1_scratch_1_021,A060_I01.png,060,01,NG/damage_1_hole_1_scratch_1_021/A060_I01.png,1159242
Bird,NG,damage_1_hole_1_scratch_1_021,A060_I02.png,060,02,NG/damage_1_hole_1_scratch_1_021/A060_I02.png,1298767
Bird,NG,damage_1_hole_1_scratch_1_021,A060_I03.png,060,03,NG/damage_1_hole_1_scratch_1_021/A060_I03.png,1177357
Bird,NG,damage_1_hole_1_scratch_1_021,A060_I04.png,060,04,NG/damage_1_hole_1_scratch_1_021/A060_I04.png,1278470
Bird,NG,damage_1_hole_1_scratch_1_021,A060_I05.png,060,05,NG/damage_1_hole_1_scratch_1_021/A060_I05.png,1268937
Bird,NG,damage_1_hole_1_scratch_1_021,A060_I06.png,060,06,NG/damage_1_hole_1_scratch_1_021/A060_I06.png,1202909
Bird,NG,damage_1_hole_1_scratch_1_021,A060_I07.png,060,07,NG/damage_1_hole_1_scratch_1_021/A060_I07.png,1010483
Bird,NG,damage_1_hole_1_scratch_1_021,A060_I08.png,060,08,NG/damage_1_hole_1_scratch_1_021/A060_I08.png,1259593
Bird,NG,damage_1_hole_1_scratch_1_021,A060_I09.png,060,09,NG/damage_1_hole_1_scratch_1_021/A060_I09.png,1419925
Bird,NG,damage_1_hole_1_scratch_1_021,A060_I10.png,060,10,NG/damage_1_hole_1_scratch_1_021/A060_I10.png,1452332
Bird,NG,damage_1_hole_1_scratch_1_021,A090_I01.png,090,01,NG/damage_1_hole_1_scratch_1_021/A090_I01.png,1130311
Bird,NG,damage_1_hole_1_scratch_1_021,A090_I02.png,090,02,NG/damage_1_hole_1_scratch_1_021/A090_I02.png,1274985
Bird,NG,damage_1_hole_1_scratch_1_021,A090_I03.png,090,03,NG/damage_1_hole_1_scratch_1_021/A090_I03.png,1162712
Bird,NG,damage_1_hole_1_scratch_1_021,A090_I04.png,090,04,NG/damage_1_hole_1_scratch_1_021/A090_I04.png,1276723
Bird,NG,damage_1_hole_1_scratch_1_021,A090_I05.png,090,05,NG/damage_1_hole_1_scratch_1_021/A090_I05.png,1267103
Bird,NG,damage_1_hole_1_scratch_1_021,A090_I06.png,090,06,NG/damage_1_hole_1_scratch_1_021/A090_I06.png,1190548
Bird,NG,damage_1_hole_1_scratch_1_021,A090_I07.png,090,07,NG/damage_1_hole_1_scratch_1_021/A090_I07.png,978602
Bird,NG,damage_1_hole_1_scratch_1_021,A090_I08.png,090,08,NG/damage_1_hole_1_scratch_1_021/A090_I08.png,1231509
Bird,NG,damage_1_hole_1_scratch_1_021,A090_I09.png,090,09,NG/damage_1_hole_1_scratch_1_021/A090_I09.png,1401632
Bird,NG,damage_1_hole_1_scratch_1_021,A090_I10.png,090,10,NG/damage_1_hole_1_scratch_1_021/A090_I10.png,1438072
Bird,NG,damage_1_hole_1_scratch_1_021,A120_I01.png,120,01,NG/damage_1_hole_1_scratch_1_021/A120_I01.png,1118793
Bird,NG,damage_1_hole_1_scratch_1_021,A120_I02.png,120,02,NG/damage_1_hole_1_scratch_1_021/A120_I02.png,1266021
Bird,NG,damage_1_hole_1_scratch_1_021,A120_I03.png,120,03,NG/damage_1_hole_1_scratch_1_021/A120_I03.png,1162206
Bird,NG,damage_1_hole_1_scratch_1_021,A120_I04.png,120,04,NG/damage_1_hole_1_scratch_1_021/A120_I04.png,1291512
Bird,NG,damage_1_hole_1_scratch_1_021,A120_I05.png,120,05,NG/damage_1_hole_1_scratch_1_021/A120_I05.png,1297120
Bird,NG,damage_1_hole_1_scratch_1_021,A120_I06.png,120,06,NG/damage_1_hole_1_scratch_1_021/A120_I06.png,1217381
Bird,NG,damage_1_hole_1_scratch_1_021,A120_I07.png,120,07,NG/damage_1_hole_1_scratch_1_021/A120_I07.png,983807
Bird,NG,damage_1_hole_1_scratch_1_021,A120_I08.png,120,08,NG/damage_1_hole_1_scratch_1_021/A120_I08.png,1229203
Bird,NG,damage_1_hole_1_scratch_1_021,A120_I09.png,120,09,NG/damage_1_hole_1_scratch_1_021/A120_I09.png,1414363
Bird,NG,damage_1_hole_1_scratch_1_021,A120_I10.png,120,10,NG/damage_1_hole_1_scratch_1_021/A120_I10.png,1451189
Bird,NG,damage_1_hole_1_scratch_1_021,A150_I01.png,150,01,NG/damage_1_hole_1_scratch_1_021/A150_I01.png,1122272
Bird,NG,damage_1_hole_1_scratch_1_021,A150_I02.png,150,02,NG/damage_1_hole_1_scratch_1_021/A150_I02.png,1268630
Bird,NG,damage_1_hole_1_scratch_1_021,A150_I03.png,150,03,NG/damage_1_hole_1_scratch_1_021/A150_I03.png,1167808
Bird,NG,damage_1_hole_1_scratch_1_021,A150_I04.png,150,04,NG/damage_1_hole_1_scratch_1_021/A150_I04.png,1309049
Bird,NG,damage_1_hole_1_scratch_1_021,A150_I05.png,150,05,NG/damage_1_hole_1_scratch_1_021/A150_I05.png,1322487
Bird,NG,damage_1_hole_1_scratch_1_021,A150_I06.png,150,06,NG/damage_1_hole_1_scratch_1_021/A150_I06.png,1249222
Bird,NG,damage_1_hole_1_scratch_1_021,A150_I07.png,150,07,NG/damage_1_hole_1_scratch_1_021/A150_I07.png,1026210
Bird,NG,damage_1_hole_1_scratch_1_021,A150_I08.png,150,08,NG/damage_1_hole_1_scratch_1_021/A150_I08.png,1252400
Bird,NG,damage_1_hole_1_scratch_1_021,A150_I09.png,150,09,NG/damage_1_hole_1_scratch_1_021/A150_I09.png,1436641
Bird,NG,damage_1_hole_1_scratch_1_021,A150_I10.png,150,10,NG/damage_1_hole_1_scratch_1_021/A150_I10.png,1470742
Bird,NG,damage_1_hole_1_scratch_1_021,A180_I01.png,180,01,NG/damage_1_hole_1_scratch_1_021/A180_I01.png,1160546
Bird,NG,damage_1_hole_1_scratch_1_021,A180_I02.png,180,02,NG/damage_1_hole_1_scratch_1_021/A180_I02.png,1305603
Bird,NG,damage_1_hole_1_scratch_1_021,A180_I03.png,180,03,NG/damage_1_hole_1_scratch_1_021/A180_I03.png,1195156
Bird,NG,damage_1_hole_1_scratch_1_021,A180_I04.png,180,04,NG/damage_1_hole_1_scratch_1_021/A180_I04.png,1338855
Bird,NG,damage_1_hole_1_scratch_1_021,A180_I05.png,180,05,NG/damage_1_hole_1_scratch_1_021/A180_I05.png,1357177
Bird,NG,damage_1_hole_1_scratch_1_021,A180_I06.png,180,06,NG/damage_1_hole_1_scratch_1_021/A180_I06.png,1287008
Bird,NG,damage_1_hole_1_scratch_1_021,A180_I07.png,180,07,NG/damage_1_hole_1_scratch_1_021/A180_I07.png,1066918
Bird,NG,damage_1_hole_1_scratch_1_021,A180_I08.png,180,08,NG/damage_1_hole_1_scratch_1_021/A180_I08.png,1279911
Bird,NG,damage_1_hole_1_scratch_1_021,A180_I09.png,180,09,NG/damage_1_hole_1_scratch_1_021/A180_I09.png,1473839
Bird,NG,damage_1_hole_1_scratch_1_021,A180_I10.png,180,10,NG/damage_1_hole_1_scratch_1_021/A180_I10.png,1497824
Bird,NG,damage_1_hole_1_scratch_1_021,A210_I01.png,210,01,NG/damage_1_hole_1_scratch_1_021/A210_I01.png,1176663
Bird,NG,damage_1_hole_1_scratch_1_021,A210_I02.png,210,02,NG/damage_1_hole_1_scratch_1_021/A210_I02.png,1333864
Bird,NG,damage_1_hole_1_scratch_1_021,A210_I03.png,210,03,NG/damage_1_hole_1_scratch_1_021/A210_I03.png,1229969
Bird,NG,damage_1_hole_1_scratch_1_021,A210_I04.png,210,04,NG/damage_1_hole_1_scratch_1_021/A210_I04.png,1367862
Bird,NG,damage_1_hole_1_scratch_1_021,A210_I05.png,210,05,NG/damage_1_hole_1_scratch_1_021/A210_I05.png,1392852
Bird,NG,damage_1_hole_1_scratch_1_021,A210_I06.png,210,06,NG/damage_1_hole_1_scratch_1_021/A210_I06.png,1312758
Bird,NG,damage_1_hole_1_scratch_1_021,A210_I07.png,210,07,NG/damage_1_hole_1_scratch_1_021/A210_I07.png,1081736
Bird,NG,damage_1_hole_1_scratch_1_021,A210_I08.png,210,08,NG/damage_1_hole_1_scratch_1_021/A210_I08.png,1288664
Bird,NG,damage_1_hole_1_scratch_1_021,A210_I09.png,210,09,NG/damage_1_hole_1_scratch_1_021/A210_I09.png,1498070
Bird,NG,damage_1_hole_1_scratch_1_021,A210_I10.png,210,10,NG/damage_1_hole_1_scratch_1_021/A210_I10.png,1521973
Bird,NG,damage_1_hole_1_scratch_1_021,A240_I01.png,240,01,NG/damage_1_hole_1_scratch_1_021/A240_I01.png,1203195
Bird,NG,damage_1_hole_1_scratch_1_021,A240_I02.png,240,02,NG/damage_1_hole_1_scratch_1_021/A240_I02.png,1369972
Bird,NG,damage_1_hole_1_scratch_1_021,A240_I03.png,240,03,NG/damage_1_hole_1_scratch_1_021/A240_I03.png,1267809
Bird,NG,damage_1_hole_1_scratch_1_021,A240_I04.png,240,04,NG/damage_1_hole_1_scratch_1_021/A240_I04.png,1392680
Bird,NG,damage_1_hole_1_scratch_1_021,A240_I05.png,240,05,NG/damage_1_hole_1_scratch_1_021/A240_I05.png,1409442
Bird,NG,damage_1_hole_1_scratch_1_021,A240_I06.png,240,06,NG/damage_1_hole_1_scratch_1_021/A240_I06.png,1324674
Bird,NG,damage_1_hole_1_scratch_1_021,A240_I07.png,240,07,NG/damage_1_hole_1_scratch_1_021/A240_I07.png,1105519
Bird,NG,damage_1_hole_1_scratch_1_021,A240_I08.png,240,08,NG/damage_1_hole_1_scratch_1_021/A240_I08.png,1314628
Bird,NG,damage_1_hole_1_scratch_1_021,A240_I09.png,240,09,NG/damage_1_hole_1_scratch_1_021/A240_I09.png,1525069
Bird,NG,damage_1_hole_1_scratch_1_021,A240_I10.png,240,10,NG/damage_1_hole_1_scratch_1_021/A240_I10.png,1554199
Bird,NG,damage_1_hole_1_scratch_1_021,A270_I01.png,270,01,NG/damage_1_hole_1_scratch_1_021/A270_I01.png,1225209
Bird,NG,damage_1_hole_1_scratch_1_021,A270_I02.png,270,02,NG/damage_1_hole_1_scratch_1_021/A270_I02.png,1394792
Bird,NG,damage_1_hole_1_scratch_1_021,A270_I03.png,270,03,NG/damage_1_hole_1_scratch_1_021/A270_I03.png,1292617
Bird,NG,damage_1_hole_1_scratch_1_021,A270_I04.png,270,04,NG/damage_1_hole_1_scratch_1_021/A270_I04.png,1373070
Bird,NG,damage_1_hole_1_scratch_1_021,A270_I05.png,270,05,NG/damage_1_hole_1_scratch_1_021/A270_I05.png,1356682
Bird,NG,damage_1_hole_1_scratch_1_021,A270_I06.png,270,06,NG/damage_1_hole_1_scratch_1_021/A270_I06.png,1276640
Bird,NG,damage_1_hole_1_scratch_1_021,A270_I07.png,270,07,NG/damage_1_hole_1_scratch_1_021/A270_I07.png,1077487
Bird,NG,damage_1_hole_1_scratch_1_021,A270_I08.png,270,08,NG/damage_1_hole_1_scratch_1_021/A270_I08.png,1323536
Bird,NG,damage_1_hole_1_scratch_1_021,A270_I09.png,270,09,NG/damage_1_hole_1_scratch_1_021/A270_I09.png,1510392
Bird,NG,damage_1_hole_1_scratch_1_021,A270_I10.png,270,10,NG/damage_1_hole_1_scratch_1_021/A270_I10.png,1537581
Bird,NG,damage_1_hole_1_scratch_1_021,A300_I01.png,300,01,NG/damage_1_hole_1_scratch_1_021/A300_I01.png,1241408
Bird,NG,damage_1_hole_1_scratch_1_021,A300_I02.png,300,02,NG/damage_1_hole_1_scratch_1_021/A300_I02.png,1394954
Bird,NG,damage_1_hole_1_scratch_1_021,A300_I03.png,300,03,NG/damage_1_hole_1_scratch_1_021/A300_I03.png,1288318
Bird,NG,damage_1_hole_1_scratch_1_021,A300_I04.png,300,04,NG/damage_1_hole_1_scratch_1_021/A300_I04.png,1367496
Bird,NG,damage_1_hole_1_scratch_1_021,A300_I05.png,300,05,NG/damage_1_hole_1_scratch_1_021/A300_I05.png,1347859
Bird,NG,damage_1_hole_1_scratch_1_021,A300_I06.png,300,06,NG/damage_1_hole_1_scratch_1_021/A300_I06.png,1258518
Bird,NG,damage_1_hole_1_scratch_1_021,A300_I07.png,300,07,NG/damage_1_hole_1_scratch_1_021/A300_I07.png,1059192
Bird,NG,damage_1_hole_1_scratch_1_021,A300_I08.png,300,08,NG/damage_1_hole_1_scratch_1_021/A300_I08.png,1330250
Bird,NG,damage_1_hole_1_scratch_1_021,A300_I09.png,300,09,NG/damage_1_hole_1_scratch_1_021/A300_I09.png,1510407
Bird,NG,damage_1_hole_1_scratch_1_021,A300_I10.png,300,10,NG/damage_1_hole_1_scratch_1_021/A300_I10.png,1530721
Bird,NG,damage_1_hole_1_scratch_1_021,A330_I01.png,330,01,NG/damage_1_hole_1_scratch_1_021/A330_I01.png,1221516
Bird,NG,damage_1_hole_1_scratch_1_021,A330_I02.png,330,02,NG/damage_1_hole_1_scratch_1_021/A330_I02.png,1368964
Bird,NG,damage_1_hole_1_scratch_1_021,A330_I03.png,330,03,NG/damage_1_hole_1_scratch_1_021/A330_I03.png,1275839
Bird,NG,damage_1_hole_1_scratch_1_021,A330_I04.png,330,04,NG/damage_1_hole_1_scratch_1_021/A330_I04.png,1341429
Bird,NG,damage_1_hole_1_scratch_1_021,A330_I05.png,330,05,NG/damage_1_hole_1_scratch_1_021/A330_I05.png,1313849
Bird,NG,damage_1_hole_1_scratch_1_021,A330_I06.png,330,06,NG/damage_1_hole_1_scratch_1_021/A330_I06.png,1230364
Bird,NG,damage_1_hole_1_scratch_1_021,A330_I07.png,330,07,NG/damage_1_hole_1_scratch_1_021/A330_I07.png,1033522
Bird,NG,damage_1_hole_1_scratch_1_021,A330_I08.png,330,08,NG/damage_1_hole_1_scratch_1_021/A330_I08.png,1309129
Bird,NG,damage_1_hole_1_scratch_1_021,A330_I09.png,330,09,NG/damage_1_hole_1_scratch_1_021/A330_I09.png,1480701
Bird,NG,damage_1_hole_1_scratch_1_021,A330_I10.png,330,10,NG/damage_1_hole_1_scratch_1_021/A330_I10.png,1506915
Bird,NG,damage_1_hole_1_scratch_1_022,A000_I01.png,000,01,NG/damage_1_hole_1_scratch_1_022/A000_I01.png,1205037
Bird,NG,damage_1_hole_1_scratch_1_022,A000_I02.png,000,02,NG/damage_1_hole_1_scratch_1_022/A000_I02.png,1347748
Bird,NG,damage_1_hole_1_scratch_1_022,A000_I03.png,000,03,NG/damage_1_hole_1_scratch_1_022/A000_I03.png,1256565
Bird,NG,damage_1_hole_1_scratch_1_022,A000_I04.png,000,04,NG/damage_1_hole_1_scratch_1_022/A000_I04.png,1321549
Bird,NG,damage_1_hole_1_scratch_1_022,A000_I05.png,000,05,NG/damage_1_hole_1_scratch_1_022/A000_I05.png,1296502
Bird,NG,damage_1_hole_1_scratch_1_022,A000_I06.png,000,06,NG/damage_1_hole_1_scratch_1_022/A000_I06.png,1206936
Bird,NG,damage_1_hole_1_scratch_1_022,A000_I07.png,000,07,NG/damage_1_hole_1_scratch_1_022/A000_I07.png,996130
Bird,NG,damage_1_hole_1_scratch_1_022,A000_I08.png,000,08,NG/damage_1_hole_1_scratch_1_022/A000_I08.png,1288381
Bird,NG,damage_1_hole_1_scratch_1_022,A000_I09.png,000,09,NG/damage_1_hole_1_scratch_1_022/A000_I09.png,1456343
Bird,NG,damage_1_hole_1_scratch_1_022,A000_I10.png,000,10,NG/damage_1_hole_1_scratch_1_022/A000_I10.png,1484183
Bird,NG,damage_1_hole_1_scratch_1_022,A030_I01.png,030,01,NG/damage_1_hole_1_scratch_1_022/A030_I01.png,1202604
Bird,NG,damage_1_hole_1_scratch_1_022,A030_I02.png,030,02,NG/damage_1_hole_1_scratch_1_022/A030_I02.png,1339091
Bird,NG,damage_1_hole_1_scratch_1_022,A030_I03.png,030,03,NG/damage_1_hole_1_scratch_1_022/A030_I03.png,1222605
Bird,NG,damage_1_hole_1_scratch_1_022,A030_I04.png,030,04,NG/damage_1_hole_1_scratch_1_022/A030_I04.png,1294073
Bird,NG,damage_1_hole_1_scratch_1_022,A030_I05.png,030,05,NG/damage_1_hole_1_scratch_1_022/A030_I05.png,1290914
Bird,NG,damage_1_hole_1_scratch_1_022,A030_I06.png,030,06,NG/damage_1_hole_1_scratch_1_022/A030_I06.png,1217443
Bird,NG,damage_1_hole_1_scratch_1_022,A030_I07.png,030,07,NG/damage_1_hole_1_scratch_1_022/A030_I07.png,1028761
Bird,NG,damage_1_hole_1_scratch_1_022,A030_I08.png,030,08,NG/damage_1_hole_1_scratch_1_022/A030_I08.png,1296735
Bird,NG,damage_1_hole_1_scratch_1_022,A030_I09.png,030,09,NG/damage_1_hole_1_scratch_1_022/A030_I09.png,1451128
Bird,NG,damage_1_hole_1_scratch_1_022,A030_I10.png,030,10,NG/damage_1_hole_1_scratch_1_022/A030_I10.png,1479893
Bird,NG,damage_1_hole_1_scratch_1_022,A060_I01.png,060,01,NG/damage_1_hole_1_scratch_1_022/A060_I01.png,1159866
Bird,NG,damage_1_hole_1_scratch_1_022,A060_I02.png,060,02,NG/damage_1_hole_1_scratch_1_022/A060_I02.png,1304083
Bird,NG,damage_1_hole_1_scratch_1_022,A060_I03.png,060,03,NG/damage_1_hole_1_scratch_1_022/A060_I03.png,1196554
Bird,NG,damage_1_hole_1_scratch_1_022,A060_I04.png,060,04,NG/damage_1_hole_1_scratch_1_022/A060_I04.png,1290069
Bird,NG,damage_1_hole_1_scratch_1_022,A060_I05.png,060,05,NG/damage_1_hole_1_scratch_1_022/A060_I05.png,1287341
Bird,NG,damage_1_hole_1_scratch_1_022,A060_I06.png,060,06,NG/damage_1_hole_1_scratch_1_022/A060_I06.png,1215144
Bird,NG,damage_1_hole_1_scratch_1_022,A060_I07.png,060,07,NG/damage_1_hole_1_scratch_1_022/A060_I07.png,1022448
Bird,NG,damage_1_hole_1_scratch_1_022,A060_I08.png,060,08,NG/damage_1_hole_1_scratch_1_022/A060_I08.png,1259395
Bird,NG,damage_1_hole_1_scratch_1_022,A060_I09.png,060,09,NG/damage_1_hole_1_scratch_1_022/A060_I09.png,1426446
Bird,NG,damage_1_hole_1_scratch_1_022,A060_I10.png,060,10,NG/damage_1_hole_1_scratch_1_022/A060_I10.png,1456818
Bird,NG,damage_1_hole_1_scratch_1_022,A090_I01.png,090,01,NG/damage_1_hole_1_scratch_1_022/A090_I01.png,1136081
Bird,NG,damage_1_hole_1_scratch_1_022,A090_I02.png,090,02,NG/damage_1_hole_1_scratch_1_022/A090_I02.png,1286283
Bird,NG,damage_1_hole_1_scratch_1_022,A090_I03.png,090,03,NG/damage_1_hole_1_scratch_1_022/A090_I03.png,1186887
Bird,NG,damage_1_hole_1_scratch_1_022,A090_I04.png,090,04,NG/damage_1_hole_1_scratch_1_022/A090_I04.png,1290781
Bird,NG,damage_1_hole_1_scratch_1_022,A090_I05.png,090,05,NG/damage_1_hole_1_scratch_1_022/A090_I05.png,1284280
Bird,NG,damage_1_hole_1_scratch_1_022,A090_I06.png,090,06,NG/damage_1_hole_1_scratch_1_022/A090_I06.png,1206979
Bird,NG,damage_1_hole_1_scratch_1_022,A090_I07.png,090,07,NG/damage_1_hole_1_scratch_1_022/A090_I07.png,993372
Bird,NG,damage_1_hole_1_scratch_1_022,A090_I08.png,090,08,NG/damage_1_hole_1_scratch_1_022/A090_I08.png,1235278
Bird,NG,damage_1_hole_1_scratch_1_022,A090_I09.png,090,09,NG/damage_1_hole_1_scratch_1_022/A090_I09.png,1411091
Bird,NG,damage_1_hole_1_scratch_1_022,A090_I10.png,090,10,NG/damage_1_hole_1_scratch_1_022/A090_I10.png,1444041
Bird,NG,damage_1_hole_1_scratch_1_022,A120_I01.png,120,01,NG/damage_1_hole_1_scratch_1_022/A120_I01.png,1126982
Bird,NG,damage_1_hole_1_scratch_1_022,A120_I02.png,120,02,NG/damage_1_hole_1_scratch_1_022/A120_I02.png,1278602
Bird,NG,damage_1_hole_1_scratch_1_022,A120_I03.png,120,03,NG/damage_1_hole_1_scratch_1_022/A120_I03.png,1186688
Bird,NG,damage_1_hole_1_scratch_1_022,A120_I04.png,120,04,NG/damage_1_hole_1_scratch_1_022/A120_I04.png,1301996
Bird,NG,damage_1_hole_1_scratch_1_022,A120_I05.png,120,05,NG/damage_1_hole_1_scratch_1_022/A120_I05.png,1303588
Bird,NG,damage_1_hole_1_scratch_1_022,A120_I06.png,120,06,NG/damage_1_hole_1_scratch_1_022/A120_I06.png,1225034
Bird,NG,damage_1_hole_1_scratch_1_022,A120_I07.png,120,07,NG/damage_1_hole_1_scratch_1_022/A120_I07.png,1006522
Bird,NG,damage_1_hole_1_scratch_1_022,A120_I08.png,120,08,NG/damage_1_hole_1_scratch_1_022/A120_I08.png,1239480
Bird,NG,damage_1_hole_1_scratch_1_022,A120_I09.png,120,09,NG/damage_1_hole_1_scratch_1_022/A120_I09.png,1424172
Bird,NG,damage_1_hole_1_scratch_1_022,A120_I10.png,120,10,NG/damage_1_hole_1_scratch_1_022/A120_I10.png,1458629
Bird,NG,damage_1_hole_1_scratch_1_022,A150_I01.png,150,01,NG/damage_1_hole_1_scratch_1_022/A150_I01.png,1129636
Bird,NG,damage_1_hole_1_scratch_1_022,A150_I02.png,150,02,NG/damage_1_hole_1_scratch_1_022/A150_I02.png,1276135
Bird,NG,damage_1_hole_1_scratch_1_022,A150_I03.png,150,03,NG/damage_1_hole_1_scratch_1_022/A150_I03.png,1192051
Bird,NG,damage_1_hole_1_scratch_1_022,A150_I04.png,150,04,NG/damage_1_hole_1_scratch_1_022/A150_I04.png,1315099
Bird,NG,damage_1_hole_1_scratch_1_022,A150_I05.png,150,05,NG/damage_1_hole_1_scratch_1_022/A150_I05.png,1325318
Bird,NG,damage_1_hole_1_scratch_1_022,A150_I06.png,150,06,NG/damage_1_hole_1_scratch_1_022/A150_I06.png,1253254
Bird,NG,damage_1_hole_1_scratch_1_022,A150_I07.png,150,07,NG/damage_1_hole_1_scratch_1_022/A150_I07.png,1048865
Bird,NG,damage_1_hole_1_scratch_1_022,A150_I08.png,150,08,NG/damage_1_hole_1_scratch_1_022/A150_I08.png,1258197
Bird,NG,damage_1_hole_1_scratch_1_022,A150_I09.png,150,09,NG/damage_1_hole_1_scratch_1_022/A150_I09.png,1444073
Bird,NG,damage_1_hole_1_scratch_1_022,A150_I10.png,150,10,NG/damage_1_hole_1_scratch_1_022/A150_I10.png,1479616
Bird,NG,damage_1_hole_1_scratch_1_022,A180_I01.png,180,01,NG/damage_1_hole_1_scratch_1_022/A180_I01.png,1159391
Bird,NG,damage_1_hole_1_scratch_1_022,A180_I02.png,180,02,NG/damage_1_hole_1_scratch_1_022/A180_I02.png,1304064
Bird,NG,damage_1_hole_1_scratch_1_022,A180_I03.png,180,03,NG/damage_1_hole_1_scratch_1_022/A180_I03.png,1208634
Bird,NG,damage_1_hole_1_scratch_1_022,A180_I04.png,180,04,NG/damage_1_hole_1_scratch_1_022/A180_I04.png,1336981
Bird,NG,damage_1_hole_1_scratch_1_022,A180_I05.png,180,05,NG/damage_1_hole_1_scratch_1_022/A180_I05.png,1352540
Bird,NG,damage_1_hole_1_scratch_1_022,A180_I06.png,180,06,NG/damage_1_hole_1_scratch_1_022/A180_I06.png,1281237
Bird,NG,damage_1_hole_1_scratch_1_022,A180_I07.png,180,07,NG/damage_1_hole_1_scratch_1_022/A180_I07.png,1067654
Bird,NG,damage_1_hole_1_scratch_1_022,A180_I08.png,180,08,NG/damage_1_hole_1_scratch_1_022/A180_I08.png,1277896
Bird,NG,damage_1_hole_1_scratch_1_022,A180_I09.png,180,09,NG/damage_1_hole_1_scratch_1_022/A180_I09.png,1465731
Bird,NG,damage_1_hole_1_scratch_1_022,A180_I10.png,180,10,NG/damage_1_hole_1_scratch_1_022/A180_I10.png,1494272
Bird,NG,damage_1_hole_1_scratch_1_022,A210_I01.png,210,01,NG/damage_1_hole_1_scratch_1_022/A210_I01.png,1180563
Bird,NG,damage_1_hole_1_scratch_1_022,A210_I02.png,210,02,NG/damage_1_hole_1_scratch_1_022/A210_I02.png,1330587
Bird,NG,damage_1_hole_1_scratch_1_022,A210_I03.png,210,03,NG/damage_1_hole_1_scratch_1_022/A210_I03.png,1223425
Bird,NG,damage_1_hole_1_scratch_1_022,A210_I04.png,210,04,NG/damage_1_hole_1_scratch_1_022/A210_I04.png,1361786
Bird,NG,damage_1_hole_1_scratch_1_022,A210_I05.png,210,05,NG/damage_1_hole_1_scratch_1_022/A210_I05.png,1390456
Bird,NG,damage_1_hole_1_scratch_1_022,A210_I06.png,210,06,NG/damage_1_hole_1_scratch_1_022/A210_I06.png,1311291
Bird,NG,damage_1_hole_1_scratch_1_022,A210_I07.png,210,07,NG/damage_1_hole_1_scratch_1_022/A210_I07.png,1091150
Bird,NG,damage_1_hole_1_scratch_1_022,A210_I08.png,210,08,NG/damage_1_hole_1_scratch_1_022/A210_I08.png,1293960
Bird,NG,damage_1_hole_1_scratch_1_022,A210_I09.png,210,09,NG/damage_1_hole_1_scratch_1_022/A210_I09.png,1493092
Bird,NG,damage_1_hole_1_scratch_1_022,A210_I10.png,210,10,NG/damage_1_hole_1_scratch_1_022/A210_I10.png,1517162
Bird,NG,damage_1_hole_1_scratch_1_022,A240_I01.png,240,01,NG/damage_1_hole_1_scratch_1_022/A240_I01.png,1200035
Bird,NG,damage_1_hole_1_scratch_1_022,A240_I02.png,240,02,NG/damage_1_hole_1_scratch_1_022/A240_I02.png,1354465
Bird,NG,damage_1_hole_1_scratch_1_022,A240_I03.png,240,03,NG/damage_1_hole_1_scratch_1_022/A240_I03.png,1247096
Bird,NG,damage_1_hole_1_scratch_1_022,A240_I04.png,240,04,NG/damage_1_hole_1_scratch_1_022/A240_I04.png,1375320
Bird,NG,damage_1_hole_1_scratch_1_022,A240_I05.png,240,05,NG/damage_1_hole_1_scratch_1_022/A240_I05.png,1401524
Bird,NG,damage_1_hole_1_scratch_1_022,A240_I06.png,240,06,NG/damage_1_hole_1_scratch_1_022/A240_I06.png,1327048
Bird,NG,damage_1_hole_1_scratch_1_022,A240_I07.png,240,07,NG/damage_1_hole_1_scratch_1_022/A240_I07.png,1122466
Bird,NG,damage_1_hole_1_scratch_1_022,A240_I08.png,240,08,NG/damage_1_hole_1_scratch_1_022/A240_I08.png,1317949
Bird,NG,damage_1_hole_1_scratch_1_022,A240_I09.png,240,09,NG/damage_1_hole_1_scratch_1_022/A240_I09.png,1511625
Bird,NG,damage_1_hole_1_scratch_1_022,A240_I10.png,240,10,NG/damage_1_hole_1_scratch_1_022/A240_I10.png,1535757
Bird,NG,damage_1_hole_1_scratch_1_022,A270_I01.png,270,01,NG/damage_1_hole_1_scratch_1_022/A270_I01.png,1238991
Bird,NG,damage_1_hole_1_scratch_1_022,A270_I02.png,270,02,NG/damage_1_hole_1_scratch_1_022/A270_I02.png,1388546
Bird,NG,damage_1_hole_1_scratch_1_022,A270_I03.png,270,03,NG/damage_1_hole_1_scratch_1_022/A270_I03.png,1260394
Bird,NG,damage_1_hole_1_scratch_1_022,A270_I04.png,270,04,NG/damage_1_hole_1_scratch_1_022/A270_I04.png,1368718
Bird,NG,damage_1_hole_1_scratch_1_022,A270_I05.png,270,05,NG/damage_1_hole_1_scratch_1_022/A270_I05.png,1375851
Bird,NG,damage_1_hole_1_scratch_1_022,A270_I06.png,270,06,NG/damage_1_hole_1_scratch_1_022/A270_I06.png,1306764
Bird,NG,damage_1_hole_1_scratch_1_022,A270_I07.png,270,07,NG/damage_1_hole_1_scratch_1_022/A270_I07.png,1117371
Bird,NG,damage_1_hole_1_scratch_1_022,A270_I08.png,270,08,NG/damage_1_hole_1_scratch_1_022/A270_I08.png,1342266
Bird,NG,damage_1_hole_1_scratch_1_022,A270_I09.png,270,09,NG/damage_1_hole_1_scratch_1_022/A270_I09.png,1516090
Bird,NG,damage_1_hole_1_scratch_1_022,A270_I10.png,270,10,NG/damage_1_hole_1_scratch_1_022/A270_I10.png,1534285
Bird,NG,damage_1_hole_1_scratch_1_022,A300_I01.png,300,01,NG/damage_1_hole_1_scratch_1_022/A300_I01.png,1241937
Bird,NG,damage_1_hole_1_scratch_1_022,A300_I02.png,300,02,NG/damage_1_hole_1_scratch_1_022/A300_I02.png,1384057
Bird,NG,damage_1_hole_1_scratch_1_022,A300_I03.png,300,03,NG/damage_1_hole_1_scratch_1_022/A300_I03.png,1266483
Bird,NG,damage_1_hole_1_scratch_1_022,A300_I04.png,300,04,NG/damage_1_hole_1_scratch_1_022/A300_I04.png,1353690
Bird,NG,damage_1_hole_1_scratch_1_022,A300_I05.png,300,05,NG/damage_1_hole_1_scratch_1_022/A300_I05.png,1346033
Bird,NG,damage_1_hole_1_scratch_1_022,A300_I06.png,300,06,NG/damage_1_hole_1_scratch_1_022/A300_I06.png,1270773
Bird,NG,damage_1_hole_1_scratch_1_022,A300_I07.png,300,07,NG/damage_1_hole_1_scratch_1_022/A300_I07.png,1075312
Bird,NG,damage_1_hole_1_scratch_1_022,A300_I08.png,300,08,NG/damage_1_hole_1_scratch_1_022/A300_I08.png,1333787
Bird,NG,damage_1_hole_1_scratch_1_022,A300_I09.png,300,09,NG/damage_1_hole_1_scratch_1_022/A300_I09.png,1501074
Bird,NG,damage_1_hole_1_scratch_1_022,A300_I10.png,300,10,NG/damage_1_hole_1_scratch_1_022/A300_I10.png,1516442
Bird,NG,damage_1_hole_1_scratch_1_022,A330_I01.png,330,01,NG/damage_1_hole_1_scratch_1_022/A330_I01.png,1228051
Bird,NG,damage_1_hole_1_scratch_1_022,A330_I02.png,330,02,NG/damage_1_hole_1_scratch_1_022/A330_I02.png,1366261
Bird,NG,damage_1_hole_1_scratch_1_022,A330_I03.png,330,03,NG/damage_1_hole_1_scratch_1_022/A330_I03.png,1259266
Bird,NG,damage_1_hole_1_scratch_1_022,A330_I04.png,330,04,NG/damage_1_hole_1_scratch_1_022/A330_I04.png,1341441
Bird,NG,damage_1_hole_1_scratch_1_022,A330_I05.png,330,05,NG/damage_1_hole_1_scratch_1_022/A330_I05.png,1324301
Bird,NG,damage_1_hole_1_scratch_1_022,A330_I06.png,330,06,NG/damage_1_hole_1_scratch_1_022/A330_I06.png,1239804
Bird,NG,damage_1_hole_1_scratch_1_022,A330_I07.png,330,07,NG/damage_1_hole_1_scratch_1_022/A330_I07.png,1028610
Bird,NG,damage_1_hole_1_scratch_1_022,A330_I08.png,330,08,NG/damage_1_hole_1_scratch_1_022/A330_I08.png,1309441
Bird,NG,damage_1_hole_1_scratch_1_022,A330_I09.png,330,09,NG/damage_1_hole_1_scratch_1_022/A330_I09.png,1481736
Bird,NG,damage_1_hole_1_scratch_1_022,A330_I10.png,330,10,NG/damage_1_hole_1_scratch_1_022/A330_I10.png,1502405
Bird,NG,damage_1_hole_1_scratch_1_023,A000_I01.png,000,01,NG/damage_1_hole_1_scratch_1_023/A000_I01.png,1194562
Bird,NG,damage_1_hole_1_scratch_1_023,A000_I02.png,000,02,NG/damage_1_hole_1_scratch_1_023/A000_I02.png,1344900
Bird,NG,damage_1_hole_1_scratch_1_023,A000_I03.png,000,03,NG/damage_1_hole_1_scratch_1_023/A000_I03.png,1260239
Bird,NG,damage_1_hole_1_scratch_1_023,A000_I04.png,000,04,NG/damage_1_hole_1_scratch_1_023/A000_I04.png,1320746
Bird,NG,damage_1_hole_1_scratch_1_023,A000_I05.png,000,05,NG/damage_1_hole_1_scratch_1_023/A000_I05.png,1283317
Bird,NG,damage_1_hole_1_scratch_1_023,A000_I06.png,000,06,NG/damage_1_hole_1_scratch_1_023/A000_I06.png,1193919
Bird,NG,damage_1_hole_1_scratch_1_023,A000_I07.png,000,07,NG/damage_1_hole_1_scratch_1_023/A000_I07.png,989706
Bird,NG,damage_1_hole_1_scratch_1_023,A000_I08.png,000,08,NG/damage_1_hole_1_scratch_1_023/A000_I08.png,1279143
Bird,NG,damage_1_hole_1_scratch_1_023,A000_I09.png,000,09,NG/damage_1_hole_1_scratch_1_023/A000_I09.png,1451322
Bird,NG,damage_1_hole_1_scratch_1_023,A000_I10.png,000,10,NG/damage_1_hole_1_scratch_1_023/A000_I10.png,1482585
Bird,NG,damage_1_hole_1_scratch_1_023,A030_I01.png,030,01,NG/damage_1_hole_1_scratch_1_023/A030_I01.png,1182331
Bird,NG,damage_1_hole_1_scratch_1_023,A030_I02.png,030,02,NG/damage_1_hole_1_scratch_1_023/A030_I02.png,1325631
Bird,NG,damage_1_hole_1_scratch_1_023,A030_I03.png,030,03,NG/damage_1_hole_1_scratch_1_023/A030_I03.png,1218709
Bird,NG,damage_1_hole_1_scratch_1_023,A030_I04.png,030,04,NG/damage_1_hole_1_scratch_1_023/A030_I04.png,1288491
Bird,NG,damage_1_hole_1_scratch_1_023,A030_I05.png,030,05,NG/damage_1_hole_1_scratch_1_023/A030_I05.png,1271013
Bird,NG,damage_1_hole_1_scratch_1_023,A030_I06.png,030,06,NG/damage_1_hole_1_scratch_1_023/A030_I06.png,1194513
Bird,NG,damage_1_hole_1_scratch_1_023,A030_I07.png,030,07,NG/damage_1_hole_1_scratch_1_023/A030_I07.png,1001400
Bird,NG,damage_1_hole_1_scratch_1_023,A030_I08.png,030,08,NG/damage_1_hole_1_scratch_1_023/A030_I08.png,1278526
Bird,NG,damage_1_hole_1_scratch_1_023,A030_I09.png,030,09,NG/damage_1_hole_1_scratch_1_023/A030_I09.png,1435845
Bird,NG,damage_1_hole_1_scratch_1_023,A030_I10.png,030,10,NG/damage_1_hole_1_scratch_1_023/A030_I10.png,1467980
Bird,NG,damage_1_hole_1_scratch_1_023,A060_I01.png,060,01,NG/damage_1_hole_1_scratch_1_023/A060_I01.png,1154944
Bird,NG,damage_1_hole_1_scratch_1_023,A060_I02.png,060,02,NG/damage_1_hole_1_scratch_1_023/A060_I02.png,1296573
Bird,NG,damage_1_hole_1_scratch_1_023,A060_I03.png,060,03,NG/damage_1_hole_1_scratch_1_023/A060_I03.png,1180030
Bird,NG,damage_1_hole_1_scratch_1_023,A060_I04.png,060,04,NG/damage_1_hole_1_scratch_1_023/A060_I04.png,1280375
Bird,NG,damage_1_hole_1_scratch_1_023,A060_I05.png,060,05,NG/damage_1_hole_1_scratch_1_023/A060_I05.png,1275590
Bird,NG,damage_1_hole_1_scratch_1_023,A060_I06.png,060,06,NG/damage_1_hole_1_scratch_1_023/A060_I06.png,1205999
Bird,NG,damage_1_hole_1_scratch_1_023,A060_I07.png,060,07,NG/damage_1_hole_1_scratch_1_023/A060_I07.png,1018684
Bird,NG,damage_1_hole_1_scratch_1_023,A060_I08.png,060,08,NG/damage_1_hole_1_scratch_1_023/A060_I08.png,1255959
Bird,NG,damage_1_hole_1_scratch_1_023,A060_I09.png,060,09,NG/damage_1_hole_1_scratch_1_023/A060_I09.png,1420515
Bird,NG,damage_1_hole_1_scratch_1_023,A060_I10.png,060,10,NG/damage_1_hole_1_scratch_1_023/A060_I10.png,1454089
Bird,NG,damage_1_hole_1_scratch_1_023,A090_I01.png,090,01,NG/damage_1_hole_1_scratch_1_023/A090_I01.png,1122357
Bird,NG,damage_1_hole_1_scratch_1_023,A090_I02.png,090,02,NG/damage_1_hole_1_scratch_1_023/A090_I02.png,1270911
Bird,NG,damage_1_hole_1_scratch_1_023,A090_I03.png,090,03,NG/damage_1_hole_1_scratch_1_023/A090_I03.png,1168145
Bird,NG,damage_1_hole_1_scratch_1_023,A090_I04.png,090,04,NG/damage_1_hole_1_scratch_1_023/A090_I04.png,1281130
Bird,NG,damage_1_hole_1_scratch_1_023,A090_I05.png,090,05,NG/damage_1_hole_1_scratch_1_023/A090_I05.png,1276554
Bird,NG,damage_1_hole_1_scratch_1_023,A090_I06.png,090,06,NG/damage_1_hole_1_scratch_1_023/A090_I06.png,1197195
Bird,NG,damage_1_hole_1_scratch_1_023,A090_I07.png,090,07,NG/damage_1_hole_1_scratch_1_023/A090_I07.png,982237
Bird,NG,damage_1_hole_1_scratch_1_023,A090_I08.png,090,08,NG/damage_1_hole_1_scratch_1_023/A090_I08.png,1225124
Bird,NG,damage_1_hole_1_scratch_1_023,A090_I09.png,090,09,NG/damage_1_hole_1_scratch_1_023/A090_I09.png,1402634
Bird,NG,damage_1_hole_1_scratch_1_023,A090_I10.png,090,10,NG/damage_1_hole_1_scratch_1_023/A090_I10.png,1436112
Bird,NG,damage_1_hole_1_scratch_1_023,A120_I01.png,120,01,NG/damage_1_hole_1_scratch_1_023/A120_I01.png,1103365
Bird,NG,damage_1_hole_1_scratch_1_023,A120_I02.png,120,02,NG/damage_1_hole_1_scratch_1_023/A120_I02.png,1264767
Bird,NG,damage_1_hole_1_scratch_1_023,A120_I03.png,120,03,NG/damage_1_hole_1_scratch_1_023/A120_I03.png,1183482
Bird,NG,damage_1_hole_1_scratch_1_023,A120_I04.png,120,04,NG/damage_1_hole_1_scratch_1_023/A120_I04.png,1289573
Bird,NG,damage_1_hole_1_scratch_1_023,A120_I05.png,120,05,NG/damage_1_hole_1_scratch_1_023/A120_I05.png,1277318
Bird,NG,damage_1_hole_1_scratch_1_023,A120_I06.png,120,06,NG/damage_1_hole_1_scratch_1_023/A120_I06.png,1192689
Bird,NG,damage_1_hole_1_scratch_1_023,A120_I07.png,120,07,NG/damage_1_hole_1_scratch_1_023/A120_I07.png,968168
Bird,NG,damage_1_hole_1_scratch_1_023,A120_I08.png,120,08,NG/damage_1_hole_1_scratch_1_023/A120_I08.png,1212699
Bird,NG,damage_1_hole_1_scratch_1_023,A120_I09.png,120,09,NG/damage_1_hole_1_scratch_1_023/A120_I09.png,1405265
Bird,NG,damage_1_hole_1_scratch_1_023,A120_I10.png,120,10,NG/damage_1_hole_1_scratch_1_023/A120_I10.png,1442785
Bird,NG,damage_1_hole_1_scratch_1_023,A150_I01.png,150,01,NG/damage_1_hole_1_scratch_1_023/A150_I01.png,1083102
Bird,NG,damage_1_hole_1_scratch_1_023,A150_I02.png,150,02,NG/damage_1_hole_1_scratch_1_023/A150_I02.png,1250108
Bird,NG,damage_1_hole_1_scratch_1_023,A150_I03.png,150,03,NG/damage_1_hole_1_scratch_1_023/A150_I03.png,1172683
Bird,NG,damage_1_hole_1_scratch_1_023,A150_I04.png,150,04,NG/damage_1_hole_1_scratch_1_023/A150_I04.png,1309637
Bird,NG,damage_1_hole_1_scratch_1_023,A150_I05.png,150,05,NG/damage_1_hole_1_scratch_1_023/A150_I05.png,1318351
Bird,NG,damage_1_hole_1_scratch_1_023,A150_I06.png,150,06,NG/damage_1_hole_1_scratch_1_023/A150_I06.png,1238786
Bird,NG,damage_1_hole_1_scratch_1_023,A150_I07.png,150,07,NG/damage_1_hole_1_scratch_1_023/A150_I07.png,1028196
Bird,NG,damage_1_hole_1_scratch_1_023,A150_I08.png,150,08,NG/damage_1_hole_1_scratch_1_023/A150_I08.png,1225920
Bird,NG,damage_1_hole_1_scratch_1_023,A150_I09.png,150,09,NG/damage_1_hole_1_scratch_1_023/A150_I09.png,1421931
Bird,NG,damage_1_hole_1_scratch_1_023,A150_I10.png,150,10,NG/damage_1_hole_1_scratch_1_023/A150_I10.png,1465850
Bird,NG,damage_1_hole_1_scratch_1_023,A180_I01.png,180,01,NG/damage_1_hole_1_scratch_1_023/A180_I01.png,1125498
Bird,NG,damage_1_hole_1_scratch_1_023,A180_I02.png,180,02,NG/damage_1_hole_1_scratch_1_023/A180_I02.png,1286450
Bird,NG,damage_1_hole_1_scratch_1_023,A180_I03.png,180,03,NG/damage_1_hole_1_scratch_1_023/A180_I03.png,1194394
Bird,NG,damage_1_hole_1_scratch_1_023,A180_I04.png,180,04,NG/damage_1_hole_1_scratch_1_023/A180_I04.png,1333192
Bird,NG,damage_1_hole_1_scratch_1_023,A180_I05.png,180,05,NG/damage_1_hole_1_scratch_1_023/A180_I05.png,1351712
Bird,NG,damage_1_hole_1_scratch_1_023,A180_I06.png,180,06,NG/damage_1_hole_1_scratch_1_023/A180_I06.png,1281853
Bird,NG,damage_1_hole_1_scratch_1_023,A180_I07.png,180,07,NG/damage_1_hole_1_scratch_1_023/A180_I07.png,1084641
Bird,NG,damage_1_hole_1_scratch_1_023,A180_I08.png,180,08,NG/damage_1_hole_1_scratch_1_023/A180_I08.png,1266017
Bird,NG,damage_1_hole_1_scratch_1_023,A180_I09.png,180,09,NG/damage_1_hole_1_scratch_1_023/A180_I09.png,1459431
Bird,NG,damage_1_hole_1_scratch_1_023,A180_I10.png,180,10,NG/damage_1_hole_1_scratch_1_023/A180_I10.png,1492254
Bird,NG,damage_1_hole_1_scratch_1_023,A210_I01.png,210,01,NG/damage_1_hole_1_scratch_1_023/A210_I01.png,1179068
Bird,NG,damage_1_hole_1_scratch_1_023,A210_I02.png,210,02,NG/damage_1_hole_1_scratch_1_023/A210_I02.png,1332643
Bird,NG,damage_1_hole_1_scratch_1_023,A210_I03.png,210,03,NG/damage_1_hole_1_scratch_1_023/A210_I03.png,1231458
Bird,NG,damage_1_hole_1_scratch_1_023,A210_I04.png,210,04,NG/damage_1_hole_1_scratch_1_023/A210_I04.png,1361610
Bird,NG,damage_1_hole_1_scratch_1_023,A210_I05.png,210,05,NG/damage_1_hole_1_scratch_1_023/A210_I05.png,1383173
Bird,NG,damage_1_hole_1_scratch_1_023,A210_I06.png,210,06,NG/damage_1_hole_1_scratch_1_023/A210_I06.png,1308862
Bird,NG,damage_1_hole_1_scratch_1_023,A210_I07.png,210,07,NG/damage_1_hole_1_scratch_1_023/A210_I07.png,1097465
Bird,NG,damage_1_hole_1_scratch_1_023,A210_I08.png,210,08,NG/damage_1_hole_1_scratch_1_023/A210_I08.png,1295316
Bird,NG,damage_1_hole_1_scratch_1_023,A210_I09.png,210,09,NG/damage_1_hole_1_scratch_1_023/A210_I09.png,1492442
Bird,NG,damage_1_hole_1_scratch_1_023,A210_I10.png,210,10,NG/damage_1_hole_1_scratch_1_023/A210_I10.png,1514435
Bird,NG,damage_1_hole_1_scratch_1_023,A240_I01.png,240,01,NG/damage_1_hole_1_scratch_1_023/A240_I01.png,1198498
Bird,NG,damage_1_hole_1_scratch_1_023,A240_I02.png,240,02,NG/damage_1_hole_1_scratch_1_023/A240_I02.png,1362999
Bird,NG,damage_1_hole_1_scratch_1_023,A240_I03.png,240,03,NG/damage_1_hole_1_scratch_1_023/A240_I03.png,1265658
Bird,NG,damage_1_hole_1_scratch_1_023,A240_I04.png,240,04,NG/damage_1_hole_1_scratch_1_023/A240_I04.png,1394936
Bird,NG,damage_1_hole_1_scratch_1_023,A240_I05.png,240,05,NG/damage_1_hole_1_scratch_1_023/A240_I05.png,1414886
Bird,NG,damage_1_hole_1_scratch_1_023,A240_I06.png,240,06,NG/damage_1_hole_1_scratch_1_023/A240_I06.png,1334100
Bird,NG,damage_1_hole_1_scratch_1_023,A240_I07.png,240,07,NG/damage_1_hole_1_scratch_1_023/A240_I07.png,1118828
Bird,NG,damage_1_hole_1_scratch_1_023,A240_I08.png,240,08,NG/damage_1_hole_1_scratch_1_023/A240_I08.png,1316732
Bird,NG,damage_1_hole_1_scratch_1_023,A240_I09.png,240,09,NG/damage_1_hole_1_scratch_1_023/A240_I09.png,1522859
Bird,NG,damage_1_hole_1_scratch_1_023,A240_I10.png,240,10,NG/damage_1_hole_1_scratch_1_023/A240_I10.png,1542786
Bird,NG,damage_1_hole_1_scratch_1_023,A270_I01.png,270,01,NG/damage_1_hole_1_scratch_1_023/A270_I01.png,1227808
Bird,NG,damage_1_hole_1_scratch_1_023,A270_I02.png,270,02,NG/damage_1_hole_1_scratch_1_023/A270_I02.png,1384853
Bird,NG,damage_1_hole_1_scratch_1_023,A270_I03.png,270,03,NG/damage_1_hole_1_scratch_1_023/A270_I03.png,1271279
Bird,NG,damage_1_hole_1_scratch_1_023,A270_I04.png,270,04,NG/damage_1_hole_1_scratch_1_023/A270_I04.png,1377715
Bird,NG,damage_1_hole_1_scratch_1_023,A270_I05.png,270,05,NG/damage_1_hole_1_scratch_1_023/A270_I05.png,1387651
Bird,NG,damage_1_hole_1_scratch_1_023,A270_I06.png,270,06,NG/damage_1_hole_1_scratch_1_023/A270_I06.png,1320269
Bird,NG,damage_1_hole_1_scratch_1_023,A270_I07.png,270,07,NG/damage_1_hole_1_scratch_1_023/A270_I07.png,1147748
Bird,NG,damage_1_hole_1_scratch_1_023,A270_I08.png,270,08,NG/damage_1_hole_1_scratch_1_023/A270_I08.png,1341850
Bird,NG,damage_1_hole_1_scratch_1_023,A270_I09.png,270,09,NG/damage_1_hole_1_scratch_1_023/A270_I09.png,1519170
Bird,NG,damage_1_hole_1_scratch_1_023,A270_I10.png,270,10,NG/damage_1_hole_1_scratch_1_023/A270_I10.png,1538675
Bird,NG,damage_1_hole_1_scratch_1_023,A300_I01.png,300,01,NG/damage_1_hole_1_scratch_1_023/A300_I01.png,1249342
Bird,NG,damage_1_hole_1_scratch_1_023,A300_I02.png,300,02,NG/damage_1_hole_1_scratch_1_023/A300_I02.png,1397824
Bird,NG,damage_1_hole_1_scratch_1_023,A300_I03.png,300,03,NG/damage_1_hole_1_scratch_1_023/A300_I03.png,1285207
Bird,NG,damage_1_hole_1_scratch_1_023,A300_I04.png,300,04,NG/damage_1_hole_1_scratch_1_023/A300_I04.png,1357588
Bird,NG,damage_1_hole_1_scratch_1_023,A300_I05.png,300,05,NG/damage_1_hole_1_scratch_1_023/A300_I05.png,1336704
Bird,NG,damage_1_hole_1_scratch_1_023,A300_I06.png,300,06,NG/damage_1_hole_1_scratch_1_023/A300_I06.png,1256759
Bird,NG,damage_1_hole_1_scratch_1_023,A300_I07.png,300,07,NG/damage_1_hole_1_scratch_1_023/A300_I07.png,1068321
Bird,NG,damage_1_hole_1_scratch_1_023,A300_I08.png,300,08,NG/damage_1_hole_1_scratch_1_023/A300_I08.png,1338997
Bird,NG,damage_1_hole_1_scratch_1_023,A300_I09.png,300,09,NG/damage_1_hole_1_scratch_1_023/A300_I09.png,1505389
Bird,NG,damage_1_hole_1_scratch_1_023,A300_I10.png,300,10,NG/damage_1_hole_1_scratch_1_023/A300_I10.png,1523546
Bird,NG,damage_1_hole_1_scratch_1_023,A330_I01.png,330,01,NG/damage_1_hole_1_scratch_1_023/A330_I01.png,1224126
Bird,NG,damage_1_hole_1_scratch_1_023,A330_I02.png,330,02,NG/damage_1_hole_1_scratch_1_023/A330_I02.png,1368736
Bird,NG,damage_1_hole_1_scratch_1_023,A330_I03.png,330,03,NG/damage_1_hole_1_scratch_1_023/A330_I03.png,1271843
Bird,NG,damage_1_hole_1_scratch_1_023,A330_I04.png,330,04,NG/damage_1_hole_1_scratch_1_023/A330_I04.png,1335488
Bird,NG,damage_1_hole_1_scratch_1_023,A330_I05.png,330,05,NG/damage_1_hole_1_scratch_1_023/A330_I05.png,1304156
Bird,NG,damage_1_hole_1_scratch_1_023,A330_I06.png,330,06,NG/damage_1_hole_1_scratch_1_023/A330_I06.png,1221363
Bird,NG,damage_1_hole_1_scratch_1_023,A330_I07.png,330,07,NG/damage_1_hole_1_scratch_1_023/A330_I07.png,1031531
Bird,NG,damage_1_hole_1_scratch_1_023,A330_I08.png,330,08,NG/damage_1_hole_1_scratch_1_023/A330_I08.png,1308738
Bird,NG,damage_1_hole_1_scratch_1_023,A330_I09.png,330,09,NG/damage_1_hole_1_scratch_1_023/A330_I09.png,1476710
Bird,NG,damage_1_hole_1_scratch_1_023,A330_I10.png,330,10,NG/damage_1_hole_1_scratch_1_023/A330_I10.png,1501621
Bird,NG,damage_1_hole_1_scratch_1_024,A000_I01.png,000,01,NG/damage_1_hole_1_scratch_1_024/A000_I01.png,1203577
Bird,NG,damage_1_hole_1_scratch_1_024,A000_I02.png,000,02,NG/damage_1_hole_1_scratch_1_024/A000_I02.png,1352032
Bird,NG,damage_1_hole_1_scratch_1_024,A000_I03.png,000,03,NG/damage_1_hole_1_scratch_1_024/A000_I03.png,1261349
Bird,NG,damage_1_hole_1_scratch_1_024,A000_I04.png,000,04,NG/damage_1_hole_1_scratch_1_024/A000_I04.png,1312478
Bird,NG,damage_1_hole_1_scratch_1_024,A000_I05.png,000,05,NG/damage_1_hole_1_scratch_1_024/A000_I05.png,1279409
Bird,NG,damage_1_hole_1_scratch_1_024,A000_I06.png,000,06,NG/damage_1_hole_1_scratch_1_024/A000_I06.png,1195293
Bird,NG,damage_1_hole_1_scratch_1_024,A000_I07.png,000,07,NG/damage_1_hole_1_scratch_1_024/A000_I07.png,1007102
Bird,NG,damage_1_hole_1_scratch_1_024,A000_I08.png,000,08,NG/damage_1_hole_1_scratch_1_024/A000_I08.png,1291909
Bird,NG,damage_1_hole_1_scratch_1_024,A000_I09.png,000,09,NG/damage_1_hole_1_scratch_1_024/A000_I09.png,1453864
Bird,NG,damage_1_hole_1_scratch_1_024,A000_I10.png,000,10,NG/damage_1_hole_1_scratch_1_024/A000_I10.png,1481213
Bird,NG,damage_1_hole_1_scratch_1_024,A030_I01.png,030,01,NG/damage_1_hole_1_scratch_1_024/A030_I01.png,1173725
Bird,NG,damage_1_hole_1_scratch_1_024,A030_I02.png,030,02,NG/damage_1_hole_1_scratch_1_024/A030_I02.png,1324597
Bird,NG,damage_1_hole_1_scratch_1_024,A030_I03.png,030,03,NG/damage_1_hole_1_scratch_1_024/A030_I03.png,1237471
Bird,NG,damage_1_hole_1_scratch_1_024,A030_I04.png,030,04,NG/damage_1_hole_1_scratch_1_024/A030_I04.png,1287812
Bird,NG,damage_1_hole_1_scratch_1_024,A030_I05.png,030,05,NG/damage_1_hole_1_scratch_1_024/A030_I05.png,1256950
Bird,NG,damage_1_hole_1_scratch_1_024,A030_I06.png,030,06,NG/damage_1_hole_1_scratch_1_024/A030_I06.png,1178579
Bird,NG,damage_1_hole_1_scratch_1_024,A030_I07.png,030,07,NG/damage_1_hole_1_scratch_1_024/A030_I07.png,984905
Bird,NG,damage_1_hole_1_scratch_1_024,A030_I08.png,030,08,NG/damage_1_hole_1_scratch_1_024/A030_I08.png,1265111
Bird,NG,damage_1_hole_1_scratch_1_024,A030_I09.png,030,09,NG/damage_1_hole_1_scratch_1_024/A030_I09.png,1429968
Bird,NG,damage_1_hole_1_scratch_1_024,A030_I10.png,030,10,NG/damage_1_hole_1_scratch_1_024/A030_I10.png,1461471
Bird,NG,damage_1_hole_1_scratch_1_024,A060_I01.png,060,01,NG/damage_1_hole_1_scratch_1_024/A060_I01.png,1157662
Bird,NG,damage_1_hole_1_scratch_1_024,A060_I02.png,060,02,NG/damage_1_hole_1_scratch_1_024/A060_I02.png,1298637
Bird,NG,damage_1_hole_1_scratch_1_024,A060_I03.png,060,03,NG/damage_1_hole_1_scratch_1_024/A060_I03.png,1187250
Bird,NG,damage_1_hole_1_scratch_1_024,A060_I04.png,060,04,NG/damage_1_hole_1_scratch_1_024/A060_I04.png,1284821
Bird,NG,damage_1_hole_1_scratch_1_024,A060_I05.png,060,05,NG/damage_1_hole_1_scratch_1_024/A060_I05.png,1279192
Bird,NG,damage_1_hole_1_scratch_1_024,A060_I06.png,060,06,NG/damage_1_hole_1_scratch_1_024/A060_I06.png,1201497
Bird,NG,damage_1_hole_1_scratch_1_024,A060_I07.png,060,07,NG/damage_1_hole_1_scratch_1_024/A060_I07.png,990287
Bird,NG,damage_1_hole_1_scratch_1_024,A060_I08.png,060,08,NG/damage_1_hole_1_scratch_1_024/A060_I08.png,1248964
Bird,NG,damage_1_hole_1_scratch_1_024,A060_I09.png,060,09,NG/damage_1_hole_1_scratch_1_024/A060_I09.png,1417218
Bird,NG,damage_1_hole_1_scratch_1_024,A060_I10.png,060,10,NG/damage_1_hole_1_scratch_1_024/A060_I10.png,1449486
Bird,NG,damage_1_hole_1_scratch_1_024,A090_I01.png,090,01,NG/damage_1_hole_1_scratch_1_024/A090_I01.png,1120718
Bird,NG,damage_1_hole_1_scratch_1_024,A090_I02.png,090,02,NG/damage_1_hole_1_scratch_1_024/A090_I02.png,1272329
Bird,NG,damage_1_hole_1_scratch_1_024,A090_I03.png,090,03,NG/damage_1_hole_1_scratch_1_024/A090_I03.png,1167825
Bird,NG,damage_1_hole_1_scratch_1_024,A090_I04.png,090,04,NG/damage_1_hole_1_scratch_1_024/A090_I04.png,1287749
Bird,NG,damage_1_hole_1_scratch_1_024,A090_I05.png,090,05,NG/damage_1_hole_1_scratch_1_024/A090_I05.png,1283859
Bird,NG,damage_1_hole_1_scratch_1_024,A090_I06.png,090,06,NG/damage_1_hole_1_scratch_1_024/A090_I06.png,1201348
Bird,NG,damage_1_hole_1_scratch_1_024,A090_I07.png,090,07,NG/damage_1_hole_1_scratch_1_024/A090_I07.png,982366
Bird,NG,damage_1_hole_1_scratch_1_024,A090_I08.png,090,08,NG/damage_1_hole_1_scratch_1_024/A090_I08.png,1226209
Bird,NG,damage_1_hole_1_scratch_1_024,A090_I09.png,090,09,NG/damage_1_hole_1_scratch_1_024/A090_I09.png,1407184
Bird,NG,damage_1_hole_1_scratch_1_024,A090_I10.png,090,10,NG/damage_1_hole_1_scratch_1_024/A090_I10.png,1442659
Bird,NG,damage_1_hole_1_scratch_1_024,A120_I01.png,120,01,NG/damage_1_hole_1_scratch_1_024/A120_I01.png,1120479
Bird,NG,damage_1_hole_1_scratch_1_024,A120_I02.png,120,02,NG/damage_1_hole_1_scratch_1_024/A120_I02.png,1271471
Bird,NG,damage_1_hole_1_scratch_1_024,A120_I03.png,120,03,NG/damage_1_hole_1_scratch_1_024/A120_I03.png,1170960
Bird,NG,damage_1_hole_1_scratch_1_024,A120_I04.png,120,04,NG/damage_1_hole_1_scratch_1_024/A120_I04.png,1301146
Bird,NG,damage_1_hole_1_scratch_1_024,A120_I05.png,120,05,NG/damage_1_hole_1_scratch_1_024/A120_I05.png,1307708
Bird,NG,damage_1_hole_1_scratch_1_024,A120_I06.png,120,06,NG/damage_1_hole_1_scratch_1_024/A120_I06.png,1230490
Bird,NG,damage_1_hole_1_scratch_1_024,A120_I07.png,120,07,NG/damage_1_hole_1_scratch_1_024/A120_I07.png,1003821
Bird,NG,damage_1_hole_1_scratch_1_024,A120_I08.png,120,08,NG/damage_1_hole_1_scratch_1_024/A120_I08.png,1236439
Bird,NG,damage_1_hole_1_scratch_1_024,A120_I09.png,120,09,NG/damage_1_hole_1_scratch_1_024/A120_I09.png,1423406
Bird,NG,damage_1_hole_1_scratch_1_024,A120_I10.png,120,10,NG/damage_1_hole_1_scratch_1_024/A120_I10.png,1458182
Bird,NG,damage_1_hole_1_scratch_1_024,A150_I01.png,150,01,NG/damage_1_hole_1_scratch_1_024/A150_I01.png,1134336
Bird,NG,damage_1_hole_1_scratch_1_024,A150_I02.png,150,02,NG/damage_1_hole_1_scratch_1_024/A150_I02.png,1279545
Bird,NG,damage_1_hole_1_scratch_1_024,A150_I03.png,150,03,NG/damage_1_hole_1_scratch_1_024/A150_I03.png,1180060
Bird,NG,damage_1_hole_1_scratch_1_024,A150_I04.png,150,04,NG/damage_1_hole_1_scratch_1_024/A150_I04.png,1318462
Bird,NG,damage_1_hole_1_scratch_1_024,A150_I05.png,150,05,NG/damage_1_hole_1_scratch_1_024/A150_I05.png,1337560
Bird,NG,damage_1_hole_1_scratch_1_024,A150_I06.png,150,06,NG/damage_1_hole_1_scratch_1_024/A150_I06.png,1260121
Bird,NG,damage_1_hole_1_scratch_1_024,A150_I07.png,150,07,NG/damage_1_hole_1_scratch_1_024/A150_I07.png,1033600
Bird,NG,damage_1_hole_1_scratch_1_024,A150_I08.png,150,08,NG/damage_1_hole_1_scratch_1_024/A150_I08.png,1258545
Bird,NG,damage_1_hole_1_scratch_1_024,A150_I09.png,150,09,NG/damage_1_hole_1_scratch_1_024/A150_I09.png,1445919
Bird,NG,damage_1_hole_1_scratch_1_024,A150_I10.png,150,10,NG/damage_1_hole_1_scratch_1_024/A150_I10.png,1479689
Bird,NG,damage_1_hole_1_scratch_1_024,A180_I01.png,180,01,NG/damage_1_hole_1_scratch_1_024/A180_I01.png,1164779
Bird,NG,damage_1_hole_1_scratch_1_024,A180_I02.png,180,02,NG/damage_1_hole_1_scratch_1_024/A180_I02.png,1312442
Bird,NG,damage_1_hole_1_scratch_1_024,A180_I03.png,180,03,NG/damage_1_hole_1_scratch_1_024/A180_I03.png,1214058
Bird,NG,damage_1_hole_1_scratch_1_024,A180_I04.png,180,04,NG/damage_1_hole_1_scratch_1_024/A180_I04.png,1344994
Bird,NG,damage_1_hole_1_scratch_1_024,A180_I05.png,180,05,NG/damage_1_hole_1_scratch_1_024/A180_I05.png,1359815
Bird,NG,damage_1_hole_1_scratch_1_024,A180_I06.png,180,06,NG/damage_1_hole_1_scratch_1_024/A180_I06.png,1277123
Bird,NG,damage_1_hole_1_scratch_1_024,A180_I07.png,180,07,NG/damage_1_hole_1_scratch_1_024/A180_I07.png,1034779
Bird,NG,damage_1_hole_1_scratch_1_024,A180_I08.png,180,08,NG/damage_1_hole_1_scratch_1_024/A180_I08.png,1272771
Bird,NG,damage_1_hole_1_scratch_1_024,A180_I09.png,180,09,NG/damage_1_hole_1_scratch_1_024/A180_I09.png,1471032
Bird,NG,damage_1_hole_1_scratch_1_024,A180_I10.png,180,10,NG/damage_1_hole_1_scratch_1_024/A180_I10.png,1498008
Bird,NG,damage_1_hole_1_scratch_1_024,A210_I01.png,210,01,NG/damage_1_hole_1_scratch_1_024/A210_I01.png,1186893
Bird,NG,damage_1_hole_1_scratch_1_024,A210_I02.png,210,02,NG/damage_1_hole_1_scratch_1_024/A210_I02.png,1341493
Bird,NG,damage_1_hole_1_scratch_1_024,A210_I03.png,210,03,NG/damage_1_hole_1_scratch_1_024/A210_I03.png,1237321
Bird,NG,damage_1_hole_1_scratch_1_024,A210_I04.png,210,04,NG/damage_1_hole_1_scratch_1_024/A210_I04.png,1367470
Bird,NG,damage_1_hole_1_scratch_1_024,A210_I05.png,210,05,NG/damage_1_hole_1_scratch_1_024/A210_I05.png,1383784
Bird,NG,damage_1_hole_1_scratch_1_024,A210_I06.png,210,06,NG/damage_1_hole_1_scratch_1_024/A210_I06.png,1301675
Bird,NG,damage_1_hole_1_scratch_1_024,A210_I07.png,210,07,NG/damage_1_hole_1_scratch_1_024/A210_I07.png,1070472
Bird,NG,damage_1_hole_1_scratch_1_024,A210_I08.png,210,08,NG/damage_1_hole_1_scratch_1_024/A210_I08.png,1294153
Bird,NG,damage_1_hole_1_scratch_1_024,A210_I09.png,210,09,NG/damage_1_hole_1_scratch_1_024/A210_I09.png,1495770
Bird,NG,damage_1_hole_1_scratch_1_024,A210_I10.png,210,10,NG/damage_1_hole_1_scratch_1_024/A210_I10.png,1523000
Bird,NG,damage_1_hole_1_scratch_1_024,A240_I01.png,240,01,NG/damage_1_hole_1_scratch_1_024/A240_I01.png,1189672
Bird,NG,damage_1_hole_1_scratch_1_024,A240_I02.png,240,02,NG/damage_1_hole_1_scratch_1_024/A240_I02.png,1358159
Bird,NG,damage_1_hole_1_scratch_1_024,A240_I03.png,240,03,NG/damage_1_hole_1_scratch_1_024/A240_I03.png,1255651
Bird,NG,damage_1_hole_1_scratch_1_024,A240_I04.png,240,04,NG/damage_1_hole_1_scratch_1_024/A240_I04.png,1395705
Bird,NG,damage_1_hole_1_scratch_1_024,A240_I05.png,240,05,NG/damage_1_hole_1_scratch_1_024/A240_I05.png,1422017
Bird,NG,damage_1_hole_1_scratch_1_024,A240_I06.png,240,06,NG/damage_1_hole_1_scratch_1_024/A240_I06.png,1338355
Bird,NG,damage_1_hole_1_scratch_1_024,A240_I07.png,240,07,NG/damage_1_hole_1_scratch_1_024/A240_I07.png,1115668
Bird,NG,damage_1_hole_1_scratch_1_024,A240_I08.png,240,08,NG/damage_1_hole_1_scratch_1_024/A240_I08.png,1307261
Bird,NG,damage_1_hole_1_scratch_1_024,A240_I09.png,240,09,NG/damage_1_hole_1_scratch_1_024/A240_I09.png,1522735
Bird,NG,damage_1_hole_1_scratch_1_024,A240_I10.png,240,10,NG/damage_1_hole_1_scratch_1_024/A240_I10.png,1555204
Bird,NG,damage_1_hole_1_scratch_1_024,A270_I01.png,270,01,NG/damage_1_hole_1_scratch_1_024/A270_I01.png,1227006
Bird,NG,damage_1_hole_1_scratch_1_024,A270_I02.png,270,02,NG/damage_1_hole_1_scratch_1_024/A270_I02.png,1383146
Bird,NG,damage_1_hole_1_scratch_1_024,A270_I03.png,270,03,NG/damage_1_hole_1_scratch_1_024/A270_I03.png,1267328
Bird,NG,damage_1_hole_1_scratch_1_024,A270_I04.png,270,04,NG/damage_1_hole_1_scratch_1_024/A270_I04.png,1382760
Bird,NG,damage_1_hole_1_scratch_1_024,A270_I05.png,270,05,NG/damage_1_hole_1_scratch_1_024/A270_I05.png,1389412
Bird,NG,damage_1_hole_1_scratch_1_024,A270_I06.png,270,06,NG/damage_1_hole_1_scratch_1_024/A270_I06.png,1315084
Bird,NG,damage_1_hole_1_scratch_1_024,A270_I07.png,270,07,NG/damage_1_hole_1_scratch_1_024/A270_I07.png,1124509
Bird,NG,damage_1_hole_1_scratch_1_024,A270_I08.png,270,08,NG/damage_1_hole_1_scratch_1_024/A270_I08.png,1332375
Bird,NG,damage_1_hole_1_scratch_1_024,A270_I09.png,270,09,NG/damage_1_hole_1_scratch_1_024/A270_I09.png,1516755
Bird,NG,damage_1_hole_1_scratch_1_024,A270_I10.png,270,10,NG/damage_1_hole_1_scratch_1_024/A270_I10.png,1539557
Bird,NG,damage_1_hole_1_scratch_1_024,A300_I01.png,300,01,NG/damage_1_hole_1_scratch_1_024/A300_I01.png,1248634
Bird,NG,damage_1_hole_1_scratch_1_024,A300_I02.png,300,02,NG/damage_1_hole_1_scratch_1_024/A300_I02.png,1395742
Bird,NG,damage_1_hole_1_scratch_1_024,A300_I03.png,300,03,NG/damage_1_hole_1_scratch_1_024/A300_I03.png,1287090
Bird,NG,damage_1_hole_1_scratch_1_024,A300_I04.png,300,04,NG/damage_1_hole_1_scratch_1_024/A300_I04.png,1362468
Bird,NG,damage_1_hole_1_scratch_1_024,A300_I05.png,300,05,NG/damage_1_hole_1_scratch_1_024/A300_I05.png,1344897
Bird,NG,damage_1_hole_1_scratch_1_024,A300_I06.png,300,06,NG/damage_1_hole_1_scratch_1_024/A300_I06.png,1253640
Bird,NG,damage_1_hole_1_scratch_1_024,A300_I07.png,300,07,NG/damage_1_hole_1_scratch_1_024/A300_I07.png,1057608
Bird,NG,damage_1_hole_1_scratch_1_024,A300_I08.png,300,08,NG/damage_1_hole_1_scratch_1_024/A300_I08.png,1334737
Bird,NG,damage_1_hole_1_scratch_1_024,A300_I09.png,300,09,NG/damage_1_hole_1_scratch_1_024/A300_I09.png,1504123
Bird,NG,damage_1_hole_1_scratch_1_024,A300_I10.png,300,10,NG/damage_1_hole_1_scratch_1_024/A300_I10.png,1523923
Bird,NG,damage_1_hole_1_scratch_1_024,A330_I01.png,330,01,NG/damage_1_hole_1_scratch_1_024/A330_I01.png,1225757
Bird,NG,damage_1_hole_1_scratch_1_024,A330_I02.png,330,02,NG/damage_1_hole_1_scratch_1_024/A330_I02.png,1369348
Bird,NG,damage_1_hole_1_scratch_1_024,A330_I03.png,330,03,NG/damage_1_hole_1_scratch_1_024/A330_I03.png,1275297
Bird,NG,damage_1_hole_1_scratch_1_024,A330_I04.png,330,04,NG/damage_1_hole_1_scratch_1_024/A330_I04.png,1333619
Bird,NG,damage_1_hole_1_scratch_1_024,A330_I05.png,330,05,NG/damage_1_hole_1_scratch_1_024/A330_I05.png,1308199
Bird,NG,damage_1_hole_1_scratch_1_024,A330_I06.png,330,06,NG/damage_1_hole_1_scratch_1_024/A330_I06.png,1219678
Bird,NG,damage_1_hole_1_scratch_1_024,A330_I07.png,330,07,NG/damage_1_hole_1_scratch_1_024/A330_I07.png,1029367
Bird,NG,damage_1_hole_1_scratch_1_024,A330_I08.png,330,08,NG/damage_1_hole_1_scratch_1_024/A330_I08.png,1308005
Bird,NG,damage_1_hole_1_scratch_1_024,A330_I09.png,330,09,NG/damage_1_hole_1_scratch_1_024/A330_I09.png,1472343
Bird,NG,damage_1_hole_1_scratch_1_024,A330_I10.png,330,10,NG/damage_1_hole_1_scratch_1_024/A330_I10.png,1495889
Bird,NG,damage_1_hole_1_scratch_1_047,A000_I01.png,000,01,NG/damage_1_hole_1_scratch_1_047/A000_I01.png,1175672
Bird,NG,damage_1_hole_1_scratch_1_047,A000_I02.png,000,02,NG/damage_1_hole_1_scratch_1_047/A000_I02.png,1320318
Bird,NG,damage_1_hole_1_scratch_1_047,A000_I03.png,000,03,NG/damage_1_hole_1_scratch_1_047/A000_I03.png,1222785
Bird,NG,damage_1_hole_1_scratch_1_047,A000_I04.png,000,04,NG/damage_1_hole_1_scratch_1_047/A000_I04.png,1296566
Bird,NG,damage_1_hole_1_scratch_1_047,A000_I05.png,000,05,NG/damage_1_hole_1_scratch_1_047/A000_I05.png,1301287
Bird,NG,damage_1_hole_1_scratch_1_047,A000_I06.png,000,06,NG/damage_1_hole_1_scratch_1_047/A000_I06.png,1240445
Bird,NG,damage_1_hole_1_scratch_1_047,A000_I07.png,000,07,NG/damage_1_hole_1_scratch_1_047/A000_I07.png,1090055
Bird,NG,damage_1_hole_1_scratch_1_047,A000_I08.png,000,08,NG/damage_1_hole_1_scratch_1_047/A000_I08.png,1287529
Bird,NG,damage_1_hole_1_scratch_1_047,A000_I09.png,000,09,NG/damage_1_hole_1_scratch_1_047/A000_I09.png,1448682
Bird,NG,damage_1_hole_1_scratch_1_047,A000_I10.png,000,10,NG/damage_1_hole_1_scratch_1_047/A000_I10.png,1470550
Bird,NG,damage_1_hole_1_scratch_1_047,A030_I01.png,030,01,NG/damage_1_hole_1_scratch_1_047/A030_I01.png,1190643
Bird,NG,damage_1_hole_1_scratch_1_047,A030_I02.png,030,02,NG/damage_1_hole_1_scratch_1_047/A030_I02.png,1323777
Bird,NG,damage_1_hole_1_scratch_1_047,A030_I03.png,030,03,NG/damage_1_hole_1_scratch_1_047/A030_I03.png,1215416
Bird,NG,damage_1_hole_1_scratch_1_047,A030_I04.png,030,04,NG/damage_1_hole_1_scratch_1_047/A030_I04.png,1289333
Bird,NG,damage_1_hole_1_scratch_1_047,A030_I05.png,030,05,NG/damage_1_hole_1_scratch_1_047/A030_I05.png,1300010
Bird,NG,damage_1_hole_1_scratch_1_047,A030_I06.png,030,06,NG/damage_1_hole_1_scratch_1_047/A030_I06.png,1230525
Bird,NG,damage_1_hole_1_scratch_1_047,A030_I07.png,030,07,NG/damage_1_hole_1_scratch_1_047/A030_I07.png,1046620
Bird,NG,damage_1_hole_1_scratch_1_047,A030_I08.png,030,08,NG/damage_1_hole_1_scratch_1_047/A030_I08.png,1286210
Bird,NG,damage_1_hole_1_scratch_1_047,A030_I09.png,030,09,NG/damage_1_hole_1_scratch_1_047/A030_I09.png,1439691
Bird,NG,damage_1_hole_1_scratch_1_047,A030_I10.png,030,10,NG/damage_1_hole_1_scratch_1_047/A030_I10.png,1459793
Bird,NG,damage_1_hole_1_scratch_1_047,A060_I01.png,060,01,NG/damage_1_hole_1_scratch_1_047/A060_I01.png,1171881
Bird,NG,damage_1_hole_1_scratch_1_047,A060_I02.png,060,02,NG/damage_1_hole_1_scratch_1_047/A060_I02.png,1311564
Bird,NG,damage_1_hole_1_scratch_1_047,A060_I03.png,060,03,NG/damage_1_hole_1_scratch_1_047/A060_I03.png,1206290
Bird,NG,damage_1_hole_1_scratch_1_047,A060_I04.png,060,04,NG/damage_1_hole_1_scratch_1_047/A060_I04.png,1291200
Bird,NG,damage_1_hole_1_scratch_1_047,A060_I05.png,060,05,NG/damage_1_hole_1_scratch_1_047/A060_I05.png,1290577
Bird,NG,damage_1_hole_1_scratch_1_047,A060_I06.png,060,06,NG/damage_1_hole_1_scratch_1_047/A060_I06.png,1226989
Bird,NG,damage_1_hole_1_scratch_1_047,A060_I07.png,060,07,NG/damage_1_hole_1_scratch_1_047/A060_I07.png,1032970
Bird,NG,damage_1_hole_1_scratch_1_047,A060_I08.png,060,08,NG/damage_1_hole_1_scratch_1_047/A060_I08.png,1265555
Bird,NG,damage_1_hole_1_scratch_1_047,A060_I09.png,060,09,NG/damage_1_hole_1_scratch_1_047/A060_I09.png,1429357
Bird,NG,damage_1_hole_1_scratch_1_047,A060_I10.png,060,10,NG/damage_1_hole_1_scratch_1_047/A060_I10.png,1451988
Bird,NG,damage_1_hole_1_scratch_1_047,A090_I01.png,090,01,NG/damage_1_hole_1_scratch_1_047/A090_I01.png,1164875
Bird,NG,damage_1_hole_1_scratch_1_047,A090_I02.png,090,02,NG/damage_1_hole_1_scratch_1_047/A090_I02.png,1304995
Bird,NG,damage_1_hole_1_scratch_1_047,A090_I03.png,090,03,NG/damage_1_hole_1_scratch_1_047/A090_I03.png,1201512
Bird,NG,damage_1_hole_1_scratch_1_047,A090_I04.png,090,04,NG/damage_1_hole_1_scratch_1_047/A090_I04.png,1299345
Bird,NG,damage_1_hole_1_scratch_1_047,A090_I05.png,090,05,NG/damage_1_hole_1_scratch_1_047/A090_I05.png,1303255
Bird,NG,damage_1_hole_1_scratch_1_047,A090_I06.png,090,06,NG/damage_1_hole_1_scratch_1_047/A090_I06.png,1228185
Bird,NG,damage_1_hole_1_scratch_1_047,A090_I07.png,090,07,NG/damage_1_hole_1_scratch_1_047/A090_I07.png,1031083
Bird,NG,damage_1_hole_1_scratch_1_047,A090_I08.png,090,08,NG/damage_1_hole_1_scratch_1_047/A090_I08.png,1255867
Bird,NG,damage_1_hole_1_scratch_1_047,A090_I09.png,090,09,NG/damage_1_hole_1_scratch_1_047/A090_I09.png,1428918
Bird,NG,damage_1_hole_1_scratch_1_047,A090_I10.png,090,10,NG/damage_1_hole_1_scratch_1_047/A090_I10.png,1451312
Bird,NG,damage_1_hole_1_scratch_1_047,A120_I01.png,120,01,NG/damage_1_hole_1_scratch_1_047/A120_I01.png,1166241
Bird,NG,damage_1_hole_1_scratch_1_047,A120_I02.png,120,02,NG/damage_1_hole_1_scratch_1_047/A120_I02.png,1305514
Bird,NG,damage_1_hole_1_scratch_1_047,A120_I03.png,120,03,NG/damage_1_hole_1_scratch_1_047/A120_I03.png,1213881
Bird,NG,damage_1_hole_1_scratch_1_047,A120_I04.png,120,04,NG/damage_1_hole_1_scratch_1_047/A120_I04.png,1316707
Bird,NG,damage_1_hole_1_scratch_1_047,A120_I05.png,120,05,NG/damage_1_hole_1_scratch_1_047/A120_I05.png,1335217
Bird,NG,damage_1_hole_1_scratch_1_047,A120_I06.png,120,06,NG/damage_1_hole_1_scratch_1_047/A120_I06.png,1252459
Bird,NG,damage_1_hole_1_scratch_1_047,A120_I07.png,120,07,NG/damage_1_hole_1_scratch_1_047/A120_I07.png,1047689
Bird,NG,damage_1_hole_1_scratch_1_047,A120_I08.png,120,08,NG/damage_1_hole_1_scratch_1_047/A120_I08.png,1267000
Bird,NG,damage_1_hole_1_scratch_1_047,A120_I09.png,120,09,NG/damage_1_hole_1_scratch_1_047/A120_I09.png,1450635
Bird,NG,damage_1_hole_1_scratch_1_047,A120_I10.png,120,10,NG/damage_1_hole_1_scratch_1_047/A120_I10.png,1472488
Bird,NG,damage_1_hole_1_scratch_1_047,A150_I01.png,150,01,NG/damage_1_hole_1_scratch_1_047/A150_I01.png,1177021
Bird,NG,damage_1_hole_1_scratch_1_047,A150_I02.png,150,02,NG/damage_1_hole_1_scratch_1_047/A150_I02.png,1314345
Bird,NG,damage_1_hole_1_scratch_1_047,A150_I03.png,150,03,NG/damage_1_hole_1_scratch_1_047/A150_I03.png,1242970
Bird,NG,damage_1_hole_1_scratch_1_047,A150_I04.png,150,04,NG/damage_1_hole_1_scratch_1_047/A150_I04.png,1322342
Bird,NG,damage_1_hole_1_scratch_1_047,A150_I05.png,150,05,NG/damage_1_hole_1_scratch_1_047/A150_I05.png,1330624
Bird,NG,damage_1_hole_1_scratch_1_047,A150_I06.png,150,06,NG/damage_1_hole_1_scratch_1_047/A150_I06.png,1239928
Bird,NG,damage_1_hole_1_scratch_1_047,A150_I07.png,150,07,NG/damage_1_hole_1_scratch_1_047/A150_I07.png,1023468
Bird,NG,damage_1_hole_1_scratch_1_047,A150_I08.png,150,08,NG/damage_1_hole_1_scratch_1_047/A150_I08.png,1262899
Bird,NG,damage_1_hole_1_scratch_1_047,A150_I09.png,150,09,NG/damage_1_hole_1_scratch_1_047/A150_I09.png,1456061
Bird,NG,damage_1_hole_1_scratch_1_047,A150_I10.png,150,10,NG/damage_1_hole_1_scratch_1_047/A150_I10.png,1477794
Bird,NG,damage_1_hole_1_scratch_1_047,A180_I01.png,180,01,NG/damage_1_hole_1_scratch_1_047/A180_I01.png,1172459
Bird,NG,damage_1_hole_1_scratch_1_047,A180_I02.png,180,02,NG/damage_1_hole_1_scratch_1_047/A180_I02.png,1324153
Bird,NG,damage_1_hole_1_scratch_1_047,A180_I03.png,180,03,NG/damage_1_hole_1_scratch_1_047/A180_I03.png,1265388
Bird,NG,damage_1_hole_1_scratch_1_047,A180_I04.png,180,04,NG/damage_1_hole_1_scratch_1_047/A180_I04.png,1328525
Bird,NG,damage_1_hole_1_scratch_1_047,A180_I05.png,180,05,NG/damage_1_hole_1_scratch_1_047/A180_I05.png,1320447
Bird,NG,damage_1_hole_1_scratch_1_047,A180_I06.png,180,06,NG/damage_1_hole_1_scratch_1_047/A180_I06.png,1228931
Bird,NG,damage_1_hole_1_scratch_1_047,A180_I07.png,180,07,NG/damage_1_hole_1_scratch_1_047/A180_I07.png,1017079
Bird,NG,damage_1_hole_1_scratch_1_047,A180_I08.png,180,08,NG/damage_1_hole_1_scratch_1_047/A180_I08.png,1255443
Bird,NG,damage_1_hole_1_scratch_1_047,A180_I09.png,180,09,NG/damage_1_hole_1_scratch_1_047/A180_I09.png,1451943
Bird,NG,damage_1_hole_1_scratch_1_047,A180_I10.png,180,10,NG/damage_1_hole_1_scratch_1_047/A180_I10.png,1473246
Bird,NG,damage_1_hole_1_scratch_1_047,A210_I01.png,210,01,NG/damage_1_hole_1_scratch_1_047/A210_I01.png,1162667
Bird,NG,damage_1_hole_1_scratch_1_047,A210_I02.png,210,02,NG/damage_1_hole_1_scratch_1_047/A210_I02.png,1328614
Bird,NG,damage_1_hole_1_scratch_1_047,A210_I03.png,210,03,NG/damage_1_hole_1_scratch_1_047/A210_I03.png,1272767
Bird,NG,damage_1_hole_1_scratch_1_047,A210_I04.png,210,04,NG/damage_1_hole_1_scratch_1_047/A210_I04.png,1343632
Bird,NG,damage_1_hole_1_scratch_1_047,A210_I05.png,210,05,NG/damage_1_hole_1_scratch_1_047/A210_I05.png,1343622
Bird,NG,damage_1_hole_1_scratch_1_047,A210_I06.png,210,06,NG/damage_1_hole_1_scratch_1_047/A210_I06.png,1253519
Bird,NG,damage_1_hole_1_scratch_1_047,A210_I07.png,210,07,NG/damage_1_hole_1_scratch_1_047/A210_I07.png,1041612
Bird,NG,damage_1_hole_1_scratch_1_047,A210_I08.png,210,08,NG/damage_1_hole_1_scratch_1_047/A210_I08.png,1261392
Bird,NG,damage_1_hole_1_scratch_1_047,A210_I09.png,210,09,NG/damage_1_hole_1_scratch_1_047/A210_I09.png,1465137
Bird,NG,damage_1_hole_1_scratch_1_047,A210_I10.png,210,10,NG/damage_1_hole_1_scratch_1_047/A210_I10.png,1486620
Bird,NG,damage_1_hole_1_scratch_1_047,A240_I01.png,240,01,NG/damage_1_hole_1_scratch_1_047/A240_I01.png,1174553
Bird,NG,damage_1_hole_1_scratch_1_047,A240_I02.png,240,02,NG/damage_1_hole_1_scratch_1_047/A240_I02.png,1343585
Bird,NG,damage_1_hole_1_scratch_1_047,A240_I03.png,240,03,NG/damage_1_hole_1_scratch_1_047/A240_I03.png,1277133
Bird,NG,damage_1_hole_1_scratch_1_047,A240_I04.png,240,04,NG/damage_1_hole_1_scratch_1_047/A240_I04.png,1371406
Bird,NG,damage_1_hole_1_scratch_1_047,A240_I05.png,240,05,NG/damage_1_hole_1_scratch_1_047/A240_I05.png,1384924
Bird,NG,damage_1_hole_1_scratch_1_047,A240_I06.png,240,06,NG/damage_1_hole_1_scratch_1_047/A240_I06.png,1288859
Bird,NG,damage_1_hole_1_scratch_1_047,A240_I07.png,240,07,NG/damage_1_hole_1_scratch_1_047/A240_I07.png,1075754
Bird,NG,damage_1_hole_1_scratch_1_047,A240_I08.png,240,08,NG/damage_1_hole_1_scratch_1_047/A240_I08.png,1277485
Bird,NG,damage_1_hole_1_scratch_1_047,A240_I09.png,240,09,NG/damage_1_hole_1_scratch_1_047/A240_I09.png,1492038
Bird,NG,damage_1_hole_1_scratch_1_047,A240_I10.png,240,10,NG/damage_1_hole_1_scratch_1_047/A240_I10.png,1511971
Bird,NG,damage_1_hole_1_scratch_1_047,A270_I01.png,270,01,NG/damage_1_hole_1_scratch_1_047/A270_I01.png,1191830
Bird,NG,damage_1_hole_1_scratch_1_047,A270_I02.png,270,02,NG/damage_1_hole_1_scratch_1_047/A270_I02.png,1357903
Bird,NG,damage_1_hole_1_scratch_1_047,A270_I03.png,270,03,NG/damage_1_hole_1_scratch_1_047/A270_I03.png,1273003
Bird,NG,damage_1_hole_1_scratch_1_047,A270_I04.png,270,04,NG/damage_1_hole_1_scratch_1_047/A270_I04.png,1368368
Bird,NG,damage_1_hole_1_scratch_1_047,A270_I05.png,270,05,NG/damage_1_hole_1_scratch_1_047/A270_I05.png,1378882
Bird,NG,damage_1_hole_1_scratch_1_047,A270_I06.png,270,06,NG/damage_1_hole_1_scratch_1_047/A270_I06.png,1295607
Bird,NG,damage_1_hole_1_scratch_1_047,A270_I07.png,270,07,NG/damage_1_hole_1_scratch_1_047/A270_I07.png,1105278
Bird,NG,damage_1_hole_1_scratch_1_047,A270_I08.png,270,08,NG/damage_1_hole_1_scratch_1_047/A270_I08.png,1301787
Bird,NG,damage_1_hole_1_scratch_1_047,A270_I09.png,270,09,NG/damage_1_hole_1_scratch_1_047/A270_I09.png,1499130
Bird,NG,damage_1_hole_1_scratch_1_047,A270_I10.png,270,10,NG/damage_1_hole_1_scratch_1_047/A270_I10.png,1517978
Bird,NG,damage_1_hole_1_scratch_1_047,A300_I01.png,300,01,NG/damage_1_hole_1_scratch_1_047/A300_I01.png,1229033
Bird,NG,damage_1_hole_1_scratch_1_047,A300_I02.png,300,02,NG/damage_1_hole_1_scratch_1_047/A300_I02.png,1375685
Bird,NG,damage_1_hole_1_scratch_1_047,A300_I03.png,300,03,NG/damage_1_hole_1_scratch_1_047/A300_I03.png,1255556
Bird,NG,damage_1_hole_1_scratch_1_047,A300_I04.png,300,04,NG/damage_1_hole_1_scratch_1_047/A300_I04.png,1353094
Bird,NG,damage_1_hole_1_scratch_1_047,A300_I05.png,300,05,NG/damage_1_hole_1_scratch_1_047/A300_I05.png,1367812
Bird,NG,damage_1_hole_1_scratch_1_047,A300_I06.png,300,06,NG/damage_1_hole_1_scratch_1_047/A300_I06.png,1286473
Bird,NG,damage_1_hole_1_scratch_1_047,A300_I07.png,300,07,NG/damage_1_hole_1_scratch_1_047/A300_I07.png,1107433
Bird,NG,damage_1_hole_1_scratch_1_047,A300_I08.png,300,08,NG/damage_1_hole_1_scratch_1_047/A300_I08.png,1333345
Bird,NG,damage_1_hole_1_scratch_1_047,A300_I09.png,300,09,NG/damage_1_hole_1_scratch_1_047/A300_I09.png,1507242
Bird,NG,damage_1_hole_1_scratch_1_047,A300_I10.png,300,10,NG/damage_1_hole_1_scratch_1_047/A300_I10.png,1519814
Bird,NG,damage_1_hole_1_scratch_1_047,A330_I01.png,330,01,NG/damage_1_hole_1_scratch_1_047/A330_I01.png,1226218
Bird,NG,damage_1_hole_1_scratch_1_047,A330_I02.png,330,02,NG/damage_1_hole_1_scratch_1_047/A330_I02.png,1360514
Bird,NG,damage_1_hole_1_scratch_1_047,A330_I03.png,330,03,NG/damage_1_hole_1_scratch_1_047/A330_I03.png,1241452
Bird,NG,damage_1_hole_1_scratch_1_047,A330_I04.png,330,04,NG/damage_1_hole_1_scratch_1_047/A330_I04.png,1320613
Bird,NG,damage_1_hole_1_scratch_1_047,A330_I05.png,330,05,NG/damage_1_hole_1_scratch_1_047/A330_I05.png,1332385
Bird,NG,damage_1_hole_1_scratch_1_047,A330_I06.png,330,06,NG/damage_1_hole_1_scratch_1_047/A330_I06.png,1268445
Bird,NG,damage_1_hole_1_scratch_1_047,A330_I07.png,330,07,NG/damage_1_hole_1_scratch_1_047/A330_I07.png,1103026
Bird,NG,damage_1_hole_1_scratch_1_047,A330_I08.png,330,08,NG/damage_1_hole_1_scratch_1_047/A330_I08.png,1325525
Bird,NG,damage_1_hole_1_scratch_1_047,A330_I09.png,330,09,NG/damage_1_hole_1_scratch_1_047/A330_I09.png,1486526
Bird,NG,damage_1_hole_1_scratch_1_047,A330_I10.png,330,10,NG/damage_1_hole_1_scratch_1_047/A330_I10.png,1497080
Bird,NG,damage_1_hole_2_scratch_1_048,A000_I01.png,000,01,NG/damage_1_hole_2_scratch_1_048/A000_I01.png,1204622
Bird,NG,damage_1_hole_2_scratch_1_048,A000_I02.png,000,02,NG/damage_1_hole_2_scratch_1_048/A000_I02.png,1338643
Bird,NG,damage_1_hole_2_scratch_1_048,A000_I03.png,000,03,NG/damage_1_hole_2_scratch_1_048/A000_I03.png,1234236
Bird,NG,damage_1_hole_2_scratch_1_048,A000_I04.png,000,04,NG/damage_1_hole_2_scratch_1_048/A000_I04.png,1304115
Bird,NG,damage_1_hole_2_scratch_1_048,A000_I05.png,000,05,NG/damage_1_hole_2_scratch_1_048/A000_I05.png,1312746
Bird,NG,damage_1_hole_2_scratch_1_048,A000_I06.png,000,06,NG/damage_1_hole_2_scratch_1_048/A000_I06.png,1250775
Bird,NG,damage_1_hole_2_scratch_1_048,A000_I07.png,000,07,NG/damage_1_hole_2_scratch_1_048/A000_I07.png,1091572
Bird,NG,damage_1_hole_2_scratch_1_048,A000_I08.png,000,08,NG/damage_1_hole_2_scratch_1_048/A000_I08.png,1309358
Bird,NG,damage_1_hole_2_scratch_1_048,A000_I09.png,000,09,NG/damage_1_hole_2_scratch_1_048/A000_I09.png,1462571
Bird,NG,damage_1_hole_2_scratch_1_048,A000_I10.png,000,10,NG/damage_1_hole_2_scratch_1_048/A000_I10.png,1477679
Bird,NG,damage_1_hole_2_scratch_1_048,A030_I01.png,030,01,NG/damage_1_hole_2_scratch_1_048/A030_I01.png,1156697
Bird,NG,damage_1_hole_2_scratch_1_048,A030_I02.png,030,02,NG/damage_1_hole_2_scratch_1_048/A030_I02.png,1308662
Bird,NG,damage_1_hole_2_scratch_1_048,A030_I03.png,030,03,NG/damage_1_hole_2_scratch_1_048/A030_I03.png,1216569
Bird,NG,damage_1_hole_2_scratch_1_048,A030_I04.png,030,04,NG/damage_1_hole_2_scratch_1_048/A030_I04.png,1287642
Bird,NG,damage_1_hole_2_scratch_1_048,A030_I05.png,030,05,NG/damage_1_hole_2_scratch_1_048/A030_I05.png,1292820
Bird,NG,damage_1_hole_2_scratch_1_048,A030_I06.png,030,06,NG/damage_1_hole_2_scratch_1_048/A030_I06.png,1218402
Bird,NG,damage_1_hole_2_scratch_1_048,A030_I07.png,030,07,NG/damage_1_hole_2_scratch_1_048/A030_I07.png,1039949
Bird,NG,damage_1_hole_2_scratch_1_048,A030_I08.png,030,08,NG/damage_1_hole_2_scratch_1_048/A030_I08.png,1261821
Bird,NG,damage_1_hole_2_scratch_1_048,A030_I09.png,030,09,NG/damage_1_hole_2_scratch_1_048/A030_I09.png,1428185
Bird,NG,damage_1_hole_2_scratch_1_048,A030_I10.png,030,10,NG/damage_1_hole_2_scratch_1_048/A030_I10.png,1458866
Bird,NG,damage_1_hole_2_scratch_1_048,A060_I01.png,060,01,NG/damage_1_hole_2_scratch_1_048/A060_I01.png,1165879
Bird,NG,damage_1_hole_2_scratch_1_048,A060_I02.png,060,02,NG/damage_1_hole_2_scratch_1_048/A060_I02.png,1309557
Bird,NG,damage_1_hole_2_scratch_1_048,A060_I03.png,060,03,NG/damage_1_hole_2_scratch_1_048/A060_I03.png,1209225
Bird,NG,damage_1_hole_2_scratch_1_048,A060_I04.png,060,04,NG/damage_1_hole_2_scratch_1_048/A060_I04.png,1291870
Bird,NG,damage_1_hole_2_scratch_1_048,A060_I05.png,060,05,NG/damage_1_hole_2_scratch_1_048/A060_I05.png,1288233
Bird,NG,damage_1_hole_2_scratch_1_048,A060_I06.png,060,06,NG/damage_1_hole_2_scratch_1_048/A060_I06.png,1217088
Bird,NG,damage_1_hole_2_scratch_1_048,A060_I07.png,060,07,NG/damage_1_hole_2_scratch_1_048/A060_I07.png,1019888
Bird,NG,damage_1_hole_2_scratch_1_048,A060_I08.png,060,08,NG/damage_1_hole_2_scratch_1_048/A060_I08.png,1256049
Bird,NG,damage_1_hole_2_scratch_1_048,A060_I09.png,060,09,NG/damage_1_hole_2_scratch_1_048/A060_I09.png,1422761
Bird,NG,damage_1_hole_2_scratch_1_048,A060_I10.png,060,10,NG/damage_1_hole_2_scratch_1_048/A060_I10.png,1447655
Bird,NG,damage_1_hole_2_scratch_1_048,A090_I01.png,090,01,NG/damage_1_hole_2_scratch_1_048/A090_I01.png,1157856
Bird,NG,damage_1_hole_2_scratch_1_048,A090_I02.png,090,02,NG/damage_1_hole_2_scratch_1_048/A090_I02.png,1301213
Bird,NG,damage_1_hole_2_scratch_1_048,A090_I03.png,090,03,NG/damage_1_hole_2_scratch_1_048/A090_I03.png,1203687
Bird,NG,damage_1_hole_2_scratch_1_048,A090_I04.png,090,04,NG/damage_1_hole_2_scratch_1_048/A090_I04.png,1299572
Bird,NG,damage_1_hole_2_scratch_1_048,A090_I05.png,090,05,NG/damage_1_hole_2_scratch_1_048/A090_I05.png,1301989
Bird,NG,damage_1_hole_2_scratch_1_048,A090_I06.png,090,06,NG/damage_1_hole_2_scratch_1_048/A090_I06.png,1223317
Bird,NG,damage_1_hole_2_scratch_1_048,A090_I07.png,090,07,NG/damage_1_hole_2_scratch_1_048/A090_I07.png,1023089
Bird,NG,damage_1_hole_2_scratch_1_048,A090_I08.png,090,08,NG/damage_1_hole_2_scratch_1_048/A090_I08.png,1248196
Bird,NG,damage_1_hole_2_scratch_1_048,A090_I09.png,090,09,NG/damage_1_hole_2_scratch_1_048/A090_I09.png,1420632
Bird,NG,damage_1_hole_2_scratch_1_048,A090_I10.png,090,10,NG/damage_1_hole_2_scratch_1_048/A090_I10.png,1444959
Bird,NG,damage_1_hole_2_scratch_1_048,A120_I01.png,120,01,NG/damage_1_hole_2_scratch_1_048/A120_I01.png,1157051
Bird,NG,damage_1_hole_2_scratch_1_048,A120_I02.png,120,02,NG/damage_1_hole_2_scratch_1_048/A120_I02.png,1300129
Bird,NG,damage_1_hole_2_scratch_1_048,A120_I03.png,120,03,NG/damage_1_hole_2_scratch_1_048/A120_I03.png,1214068
Bird,NG,damage_1_hole_2_scratch_1_048,A120_I04.png,120,04,NG/damage_1_hole_2_scratch_1_048/A120_I04.png,1313036
Bird,NG,damage_1_hole_2_scratch_1_048,A120_I05.png,120,05,NG/damage_1_hole_2_scratch_1_048/A120_I05.png,1331356
Bird,NG,damage_1_hole_2_scratch_1_048,A120_I06.png,120,06,NG/damage_1_hole_2_scratch_1_048/A120_I06.png,1250843
Bird,NG,damage_1_hole_2_scratch_1_048,A120_I07.png,120,07,NG/damage_1_hole_2_scratch_1_048/A120_I07.png,1043615
Bird,NG,damage_1_hole_2_scratch_1_048,A120_I08.png,120,08,NG/damage_1_hole_2_scratch_1_048/A120_I08.png,1259379
Bird,NG,damage_1_hole_2_scratch_1_048,A120_I09.png,120,09,NG/damage_1_hole_2_scratch_1_048/A120_I09.png,1443925
Bird,NG,damage_1_hole_2_scratch_1_048,A120_I10.png,120,10,NG/damage_1_hole_2_scratch_1_048/A120_I10.png,1466470
Bird,NG,damage_1_hole_2_scratch_1_048,A150_I01.png,150,01,NG/damage_1_hole_2_scratch_1_048/A150_I01.png,1165874
Bird,NG,damage_1_hole_2_scratch_1_048,A150_I02.png,150,02,NG/damage_1_hole_2_scratch_1_048/A150_I02.png,1305172
Bird,NG,damage_1_hole_2_scratch_1_048,A150_I03.png,150,03,NG/damage_1_hole_2_scratch_1_048/A150_I03.png,1233825
Bird,NG,damage_1_hole_2_scratch_1_048,A150_I04.png,150,04,NG/damage_1_hole_2_scratch_1_048/A150_I04.png,1326652
Bird,NG,damage_1_hole_2_scratch_1_048,A150_I05.png,150,05,NG/damage_1_hole_2_scratch_1_048/A150_I05.png,1344274
Bird,NG,damage_1_hole_2_scratch_1_048,A150_I06.png,150,06,NG/damage_1_hole_2_scratch_1_048/A150_I06.png,1258800
Bird,NG,damage_1_hole_2_scratch_1_048,A150_I07.png,150,07,NG/damage_1_hole_2_scratch_1_048/A150_I07.png,1042804
Bird,NG,damage_1_hole_2_scratch_1_048,A150_I08.png,150,08,NG/damage_1_hole_2_scratch_1_048/A150_I08.png,1264631
Bird,NG,damage_1_hole_2_scratch_1_048,A150_I09.png,150,09,NG/damage_1_hole_2_scratch_1_048/A150_I09.png,1457724
Bird,NG,damage_1_hole_2_scratch_1_048,A150_I10.png,150,10,NG/damage_1_hole_2_scratch_1_048/A150_I10.png,1480332
Bird,NG,damage_1_hole_2_scratch_1_048,A180_I01.png,180,01,NG/damage_1_hole_2_scratch_1_048/A180_I01.png,1174741
Bird,NG,damage_1_hole_2_scratch_1_048,A180_I02.png,180,02,NG/damage_1_hole_2_scratch_1_048/A180_I02.png,1325402
Bird,NG,damage_1_hole_2_scratch_1_048,A180_I03.png,180,03,NG/damage_1_hole_2_scratch_1_048/A180_I03.png,1259410
Bird,NG,damage_1_hole_2_scratch_1_048,A180_I04.png,180,04,NG/damage_1_hole_2_scratch_1_048/A180_I04.png,1334481
Bird,NG,damage_1_hole_2_scratch_1_048,A180_I05.png,180,05,NG/damage_1_hole_2_scratch_1_048/A180_I05.png,1334167
Bird,NG,damage_1_hole_2_scratch_1_048,A180_I06.png,180,06,NG/damage_1_hole_2_scratch_1_048/A180_I06.png,1243686
Bird,NG,damage_1_hole_2_scratch_1_048,A180_I07.png,180,07,NG/damage_1_hole_2_scratch_1_048/A180_I07.png,1030322
Bird,NG,damage_1_hole_2_scratch_1_048,A180_I08.png,180,08,NG/damage_1_hole_2_scratch_1_048/A180_I08.png,1264734
Bird,NG,damage_1_hole_2_scratch_1_048,A180_I09.png,180,09,NG/damage_1_hole_2_scratch_1_048/A180_I09.png,1460597
Bird,NG,damage_1_hole_2_scratch_1_048,A180_I10.png,180,10,NG/damage_1_hole_2_scratch_1_048/A180_I10.png,1481008
Bird,NG,damage_1_hole_2_scratch_1_048,A210_I01.png,210,01,NG/damage_1_hole_2_scratch_1_048/A210_I01.png,1172229
Bird,NG,damage_1_hole_2_scratch_1_048,A210_I02.png,210,02,NG/damage_1_hole_2_scratch_1_048/A210_I02.png,1335672
Bird,NG,damage_1_hole_2_scratch_1_048,A210_I03.png,210,03,NG/damage_1_hole_2_scratch_1_048/A210_I03.png,1267997
Bird,NG,damage_1_hole_2_scratch_1_048,A210_I04.png,210,04,NG/damage_1_hole_2_scratch_1_048/A210_I04.png,1350962
Bird,NG,damage_1_hole_2_scratch_1_048,A210_I05.png,210,05,NG/damage_1_hole_2_scratch_1_048/A210_I05.png,1356008
Bird,NG,damage_1_hole_2_scratch_1_048,A210_I06.png,210,06,NG/damage_1_hole_2_scratch_1_048/A210_I06.png,1267430
Bird,NG,damage_1_hole_2_scratch_1_048,A210_I07.png,210,07,NG/damage_1_hole_2_scratch_1_048/A210_I07.png,1051849
Bird,NG,damage_1_hole_2_scratch_1_048,A210_I08.png,210,08,NG/damage_1_hole_2_scratch_1_048/A210_I08.png,1272688
Bird,NG,damage_1_hole_2_scratch_1_048,A210_I09.png,210,09,NG/damage_1_hole_2_scratch_1_048/A210_I09.png,1476445
Bird,NG,damage_1_hole_2_scratch_1_048,A210_I10.png,210,10,NG/damage_1_hole_2_scratch_1_048/A210_I10.png,1494466
Bird,NG,damage_1_hole_2_scratch_1_048,A240_I01.png,240,01,NG/damage_1_hole_2_scratch_1_048/A240_I01.png,1183375
Bird,NG,damage_1_hole_2_scratch_1_048,A240_I02.png,240,02,NG/damage_1_hole_2_scratch_1_048/A240_I02.png,1348305
Bird,NG,damage_1_hole_2_scratch_1_048,A240_I03.png,240,03,NG/damage_1_hole_2_scratch_1_048/A240_I03.png,1273765
Bird,NG,damage_1_hole_2_scratch_1_048,A240_I04.png,240,04,NG/damage_1_hole_2_scratch_1_048/A240_I04.png,1359108
Bird,NG,damage_1_hole_2_scratch_1_048,A240_I05.png,240,05,NG/damage_1_hole_2_scratch_1_048/A240_I05.png,1376248
Bird,NG,damage_1_hole_2_scratch_1_048,A240_I06.png,240,06,NG/damage_1_hole_2_scratch_1_048/A240_I06.png,1283688
Bird,NG,damage_1_hole_2_scratch_1_048,A240_I07.png,240,07,NG/damage_1_hole_2_scratch_1_048/A240_I07.png,1083096
Bird,NG,damage_1_hole_2_scratch_1_048,A240_I08.png,240,08,NG/damage_1_hole_2_scratch_1_048/A240_I08.png,1283772
Bird,NG,damage_1_hole_2_scratch_1_048,A240_I09.png,240,09,NG/damage_1_hole_2_scratch_1_048/A240_I09.png,1485673
Bird,NG,damage_1_hole_2_scratch_1_048,A240_I10.png,240,10,NG/damage_1_hole_2_scratch_1_048/A240_I10.png,1505452
Bird,NG,damage_1_hole_2_scratch_1_048,A270_I01.png,270,01,NG/damage_1_hole_2_scratch_1_048/A270_I01.png,1197119
Bird,NG,damage_1_hole_2_scratch_1_048,A270_I02.png,270,02,NG/damage_1_hole_2_scratch_1_048/A270_I02.png,1362956
Bird,NG,damage_1_hole_2_scratch_1_048,A270_I03.png,270,03,NG/damage_1_hole_2_scratch_1_048/A270_I03.png,1275792
Bird,NG,damage_1_hole_2_scratch_1_048,A270_I04.png,270,04,NG/damage_1_hole_2_scratch_1_048/A270_I04.png,1369619
Bird,NG,damage_1_hole_2_scratch_1_048,A270_I05.png,270,05,NG/damage_1_hole_2_scratch_1_048/A270_I05.png,1382948
Bird,NG,damage_1_hole_2_scratch_1_048,A270_I06.png,270,06,NG/damage_1_hole_2_scratch_1_048/A270_I06.png,1294428
Bird,NG,damage_1_hole_2_scratch_1_048,A270_I07.png,270,07,NG/damage_1_hole_2_scratch_1_048/A270_I07.png,1096916
Bird,NG,damage_1_hole_2_scratch_1_048,A270_I08.png,270,08,NG/damage_1_hole_2_scratch_1_048/A270_I08.png,1303596
Bird,NG,damage_1_hole_2_scratch_1_048,A270_I09.png,270,09,NG/damage_1_hole_2_scratch_1_048/A270_I09.png,1497495
Bird,NG,damage_1_hole_2_scratch_1_048,A270_I10.png,270,10,NG/damage_1_hole_2_scratch_1_048/A270_I10.png,1513746
Bird,NG,damage_1_hole_2_scratch_1_048,A300_I01.png,300,01,NG/damage_1_hole_2_scratch_1_048/A300_I01.png,1215769
Bird,NG,damage_1_hole_2_scratch_1_048,A300_I02.png,300,02,NG/damage_1_hole_2_scratch_1_048/A300_I02.png,1363698
Bird,NG,damage_1_hole_2_scratch_1_048,A300_I03.png,300,03,NG/damage_1_hole_2_scratch_1_048/A300_I03.png,1263955
Bird,NG,damage_1_hole_2_scratch_1_048,A300_I04.png,300,04,NG/damage_1_hole_2_scratch_1_048/A300_I04.png,1355250
Bird,NG,damage_1_hole_2_scratch_1_048,A300_I05.png,300,05,NG/damage_1_hole_2_scratch_1_048/A300_I05.png,1367451
Bird,NG,damage_1_hole_2_scratch_1_048,A300_I06.png,300,06,NG/damage_1_hole_2_scratch_1_048/A300_I06.png,1282331
Bird,NG,damage_1_hole_2_scratch_1_048,A300_I07.png,300,07,NG/damage_1_hole_2_scratch_1_048/A300_I07.png,1098222
Bird,NG,damage_1_hole_2_scratch_1_048,A300_I08.png,300,08,NG/damage_1_hole_2_scratch_1_048/A300_I08.png,1313279
Bird,NG,damage_1_hole_2_scratch_1_048,A300_I09.png,300,09,NG/damage_1_hole_2_scratch_1_048/A300_I09.png,1491911
Bird,NG,damage_1_hole_2_scratch_1_048,A300_I10.png,300,10,NG/damage_1_hole_2_scratch_1_048/A300_I10.png,1504242
Bird,NG,damage_1_hole_2_scratch_1_048,A330_I01.png,330,01,NG/damage_1_hole_2_scratch_1_048/A330_I01.png,1229544
Bird,NG,damage_1_hole_2_scratch_1_048,A330_I02.png,330,02,NG/damage_1_hole_2_scratch_1_048/A330_I02.png,1363919
Bird,NG,damage_1_hole_2_scratch_1_048,A330_I03.png,330,03,NG/damage_1_hole_2_scratch_1_048/A330_I03.png,1247577
Bird,NG,damage_1_hole_2_scratch_1_048,A330_I04.png,330,04,NG/damage_1_hole_2_scratch_1_048/A330_I04.png,1329820
Bird,NG,damage_1_hole_2_scratch_1_048,A330_I05.png,330,05,NG/damage_1_hole_2_scratch_1_048/A330_I05.png,1339482
Bird,NG,damage_1_hole_2_scratch_1_048,A330_I06.png,330,06,NG/damage_1_hole_2_scratch_1_048/A330_I06.png,1267745
Bird,NG,damage_1_hole_2_scratch_1_048,A330_I07.png,330,07,NG/damage_1_hole_2_scratch_1_048/A330_I07.png,1094670
Bird,NG,damage_1_hole_2_scratch_1_048,A330_I08.png,330,08,NG/damage_1_hole_2_scratch_1_048/A330_I08.png,1319942
Bird,NG,damage_1_hole_2_scratch_1_048,A330_I09.png,330,09,NG/damage_1_hole_2_scratch_1_048/A330_I09.png,1485998
Bird,NG,damage_1_hole_2_scratch_1_048,A330_I10.png,330,10,NG/damage_1_hole_2_scratch_1_048/A330_I10.png,1496266
Bird,NG,damage_1_hole_5_scratch_1_046,A000_I01.png,000,01,NG/damage_1_hole_5_scratch_1_046/A000_I01.png,1196644
Bird,NG,damage_1_hole_5_scratch_1_046,A000_I02.png,000,02,NG/damage_1_hole_5_scratch_1_046/A000_I02.png,1330233
Bird,NG,damage_1_hole_5_scratch_1_046,A000_I03.png,000,03,NG/damage_1_hole_5_scratch_1_046/A000_I03.png,1222389
Bird,NG,damage_1_hole_5_scratch_1_046,A000_I04.png,000,04,NG/damage_1_hole_5_scratch_1_046/A000_I04.png,1306510
Bird,NG,damage_1_hole_5_scratch_1_046,A000_I05.png,000,05,NG/damage_1_hole_5_scratch_1_046/A000_I05.png,1318794
Bird,NG,damage_1_hole_5_scratch_1_046,A000_I06.png,000,06,NG/damage_1_hole_5_scratch_1_046/A000_I06.png,1245995
Bird,NG,damage_1_hole_5_scratch_1_046,A000_I07.png,000,07,NG/damage_1_hole_5_scratch_1_046/A000_I07.png,1084646
Bird,NG,damage_1_hole_5_scratch_1_046,A000_I08.png,000,08,NG/damage_1_hole_5_scratch_1_046/A000_I08.png,1292125
Bird,NG,damage_1_hole_5_scratch_1_046,A000_I09.png,000,09,NG/damage_1_hole_5_scratch_1_046/A000_I09.png,1452003
Bird,NG,damage_1_hole_5_scratch_1_046,A000_I10.png,000,10,NG/damage_1_hole_5_scratch_1_046/A000_I10.png,1469297
Bird,NG,damage_1_hole_5_scratch_1_046,A030_I01.png,030,01,NG/damage_1_hole_5_scratch_1_046/A030_I01.png,1172787
Bird,NG,damage_1_hole_5_scratch_1_046,A030_I02.png,030,02,NG/damage_1_hole_5_scratch_1_046/A030_I02.png,1313800
Bird,NG,damage_1_hole_5_scratch_1_046,A030_I03.png,030,03,NG/damage_1_hole_5_scratch_1_046/A030_I03.png,1205186
Bird,NG,damage_1_hole_5_scratch_1_046,A030_I04.png,030,04,NG/damage_1_hole_5_scratch_1_046/A030_I04.png,1285746
Bird,NG,damage_1_hole_5_scratch_1_046,A030_I05.png,030,05,NG/damage_1_hole_5_scratch_1_046/A030_I05.png,1293961
Bird,NG,damage_1_hole_5_scratch_1_046,A030_I06.png,030,06,NG/damage_1_hole_5_scratch_1_046/A030_I06.png,1221456
Bird,NG,damage_1_hole_5_scratch_1_046,A030_I07.png,030,07,NG/damage_1_hole_5_scratch_1_046/A030_I07.png,1038522
Bird,NG,damage_1_hole_5_scratch_1_046,A030_I08.png,030,08,NG/damage_1_hole_5_scratch_1_046/A030_I08.png,1274922
Bird,NG,damage_1_hole_5_scratch_1_046,A030_I09.png,030,09,NG/damage_1_hole_5_scratch_1_046/A030_I09.png,1430342
Bird,NG,damage_1_hole_5_scratch_1_046,A030_I10.png,030,10,NG/damage_1_hole_5_scratch_1_046/A030_I10.png,1456183
Bird,NG,damage_1_hole_5_scratch_1_046,A060_I01.png,060,01,NG/damage_1_hole_5_scratch_1_046/A060_I01.png,1153467
Bird,NG,damage_1_hole_5_scratch_1_046,A060_I02.png,060,02,NG/damage_1_hole_5_scratch_1_046/A060_I02.png,1299829
Bird,NG,damage_1_hole_5_scratch_1_046,A060_I03.png,060,03,NG/damage_1_hole_5_scratch_1_046/A060_I03.png,1194125
Bird,NG,damage_1_hole_5_scratch_1_046,A060_I04.png,060,04,NG/damage_1_hole_5_scratch_1_046/A060_I04.png,1280685
Bird,NG,damage_1_hole_5_scratch_1_046,A060_I05.png,060,05,NG/damage_1_hole_5_scratch_1_046/A060_I05.png,1269574
Bird,NG,damage_1_hole_5_scratch_1_046,A060_I06.png,060,06,NG/damage_1_hole_5_scratch_1_046/A060_I06.png,1207972
Bird,NG,damage_1_hole_5_scratch_1_046,A060_I07.png,060,07,NG/damage_1_hole_5_scratch_1_046/A060_I07.png,1019944
Bird,NG,damage_1_hole_5_scratch_1_046,A060_I08.png,060,08,NG/damage_1_hole_5_scratch_1_046/A060_I08.png,1250710
Bird,NG,damage_1_hole_5_scratch_1_046,A060_I09.png,060,09,NG/damage_1_hole_5_scratch_1_046/A060_I09.png,1414266
Bird,NG,damage_1_hole_5_scratch_1_046,A060_I10.png,060,10,NG/damage_1_hole_5_scratch_1_046/A060_I10.png,1445684
Bird,NG,damage_1_hole_5_scratch_1_046,A090_I01.png,090,01,NG/damage_1_hole_5_scratch_1_046/A090_I01.png,1150771
Bird,NG,damage_1_hole_5_scratch_1_046,A090_I02.png,090,02,NG/damage_1_hole_5_scratch_1_046/A090_I02.png,1297231
Bird,NG,damage_1_hole_5_scratch_1_046,A090_I03.png,090,03,NG/damage_1_hole_5_scratch_1_046/A090_I03.png,1184528
Bird,NG,damage_1_hole_5_scratch_1_046,A090_I04.png,090,04,NG/damage_1_hole_5_scratch_1_046/A090_I04.png,1293457
Bird,NG,damage_1_hole_5_scratch_1_046,A090_I05.png,090,05,NG/damage_1_hole_5_scratch_1_046/A090_I05.png,1293645
Bird,NG,damage_1_hole_5_scratch_1_046,A090_I06.png,090,06,NG/damage_1_hole_5_scratch_1_046/A090_I06.png,1222147
Bird,NG,damage_1_hole_5_scratch_1_046,A090_I07.png,090,07,NG/damage_1_hole_5_scratch_1_046/A090_I07.png,1024139
Bird,NG,damage_1_hole_5_scratch_1_046,A090_I08.png,090,08,NG/damage_1_hole_5_scratch_1_046/A090_I08.png,1245734
Bird,NG,damage_1_hole_5_scratch_1_046,A090_I09.png,090,09,NG/damage_1_hole_5_scratch_1_046/A090_I09.png,1420672
Bird,NG,damage_1_hole_5_scratch_1_046,A090_I10.png,090,10,NG/damage_1_hole_5_scratch_1_046/A090_I10.png,1448425
Bird,NG,damage_1_hole_5_scratch_1_046,A120_I01.png,120,01,NG/damage_1_hole_5_scratch_1_046/A120_I01.png,1150134
Bird,NG,damage_1_hole_5_scratch_1_046,A120_I02.png,120,02,NG/damage_1_hole_5_scratch_1_046/A120_I02.png,1299682
Bird,NG,damage_1_hole_5_scratch_1_046,A120_I03.png,120,03,NG/damage_1_hole_5_scratch_1_046/A120_I03.png,1197558
Bird,NG,damage_1_hole_5_scratch_1_046,A120_I04.png,120,04,NG/damage_1_hole_5_scratch_1_046/A120_I04.png,1312667
Bird,NG,damage_1_hole_5_scratch_1_046,A120_I05.png,120,05,NG/damage_1_hole_5_scratch_1_046/A120_I05.png,1335985
Bird,NG,damage_1_hole_5_scratch_1_046,A120_I06.png,120,06,NG/damage_1_hole_5_scratch_1_046/A120_I06.png,1250480
Bird,NG,damage_1_hole_5_scratch_1_046,A120_I07.png,120,07,NG/damage_1_hole_5_scratch_1_046/A120_I07.png,1026239
Bird,NG,damage_1_hole_5_scratch_1_046,A120_I08.png,120,08,NG/damage_1_hole_5_scratch_1_046/A120_I08.png,1255109
Bird,NG,damage_1_hole_5_scratch_1_046,A120_I09.png,120,09,NG/damage_1_hole_5_scratch_1_046/A120_I09.png,1441447
Bird,NG,damage_1_hole_5_scratch_1_046,A120_I10.png,120,10,NG/damage_1_hole_5_scratch_1_046/A120_I10.png,1466779
Bird,NG,damage_1_hole_5_scratch_1_046,A150_I01.png,150,01,NG/damage_1_hole_5_scratch_1_046/A150_I01.png,1178137
Bird,NG,damage_1_hole_5_scratch_1_046,A150_I02.png,150,02,NG/damage_1_hole_5_scratch_1_046/A150_I02.png,1308376
Bird,NG,damage_1_hole_5_scratch_1_046,A150_I03.png,150,03,NG/damage_1_hole_5_scratch_1_046/A150_I03.png,1225398
Bird,NG,damage_1_hole_5_scratch_1_046,A150_I04.png,150,04,NG/damage_1_hole_5_scratch_1_046/A150_I04.png,1328784
Bird,NG,damage_1_hole_5_scratch_1_046,A150_I05.png,150,05,NG/damage_1_hole_5_scratch_1_046/A150_I05.png,1356537
Bird,NG,damage_1_hole_5_scratch_1_046,A150_I06.png,150,06,NG/damage_1_hole_5_scratch_1_046/A150_I06.png,1265774
Bird,NG,damage_1_hole_5_scratch_1_046,A150_I07.png,150,07,NG/damage_1_hole_5_scratch_1_046/A150_I07.png,1037983
Bird,NG,damage_1_hole_5_scratch_1_046,A150_I08.png,150,08,NG/damage_1_hole_5_scratch_1_046/A150_I08.png,1267680
Bird,NG,damage_1_hole_5_scratch_1_046,A150_I09.png,150,09,NG/damage_1_hole_5_scratch_1_046/A150_I09.png,1460542
Bird,NG,damage_1_hole_5_scratch_1_046,A150_I10.png,150,10,NG/damage_1_hole_5_scratch_1_046/A150_I10.png,1482050
Bird,NG,damage_1_hole_5_scratch_1_046,A180_I01.png,180,01,NG/damage_1_hole_5_scratch_1_046/A180_I01.png,1182902
Bird,NG,damage_1_hole_5_scratch_1_046,A180_I02.png,180,02,NG/damage_1_hole_5_scratch_1_046/A180_I02.png,1331418
Bird,NG,damage_1_hole_5_scratch_1_046,A180_I03.png,180,03,NG/damage_1_hole_5_scratch_1_046/A180_I03.png,1266253
Bird,NG,damage_1_hole_5_scratch_1_046,A180_I04.png,180,04,NG/damage_1_hole_5_scratch_1_046/A180_I04.png,1332443
Bird,NG,damage_1_hole_5_scratch_1_046,A180_I05.png,180,05,NG/damage_1_hole_5_scratch_1_046/A180_I05.png,1330337
Bird,NG,damage_1_hole_5_scratch_1_046,A180_I06.png,180,06,NG/damage_1_hole_5_scratch_1_046/A180_I06.png,1237021
Bird,NG,damage_1_hole_5_scratch_1_046,A180_I07.png,180,07,NG/damage_1_hole_5_scratch_1_046/A180_I07.png,1009205
Bird,NG,damage_1_hole_5_scratch_1_046,A180_I08.png,180,08,NG/damage_1_hole_5_scratch_1_046/A180_I08.png,1260629
Bird,NG,damage_1_hole_5_scratch_1_046,A180_I09.png,180,09,NG/damage_1_hole_5_scratch_1_046/A180_I09.png,1458486
Bird,NG,damage_1_hole_5_scratch_1_046,A180_I10.png,180,10,NG/damage_1_hole_5_scratch_1_046/A180_I10.png,1478637
Bird,NG,damage_1_hole_5_scratch_1_046,A210_I01.png,210,01,NG/damage_1_hole_5_scratch_1_046/A210_I01.png,1171560
Bird,NG,damage_1_hole_5_scratch_1_046,A210_I02.png,210,02,NG/damage_1_hole_5_scratch_1_046/A210_I02.png,1339767
Bird,NG,damage_1_hole_5_scratch_1_046,A210_I03.png,210,03,NG/damage_1_hole_5_scratch_1_046/A210_I03.png,1283902
Bird,NG,damage_1_hole_5_scratch_1_046,A210_I04.png,210,04,NG/damage_1_hole_5_scratch_1_046/A210_I04.png,1344942
Bird,NG,damage_1_hole_5_scratch_1_046,A210_I05.png,210,05,NG/damage_1_hole_5_scratch_1_046/A210_I05.png,1338261
Bird,NG,damage_1_hole_5_scratch_1_046,A210_I06.png,210,06,NG/damage_1_hole_5_scratch_1_046/A210_I06.png,1244428
Bird,NG,damage_1_hole_5_scratch_1_046,A210_I07.png,210,07,NG/damage_1_hole_5_scratch_1_046/A210_I07.png,1015786
Bird,NG,damage_1_hole_5_scratch_1_046,A210_I08.png,210,08,NG/damage_1_hole_5_scratch_1_046/A210_I08.png,1258140
Bird,NG,damage_1_hole_5_scratch_1_046,A210_I09.png,210,09,NG/damage_1_hole_5_scratch_1_046/A210_I09.png,1463643
Bird,NG,damage_1_hole_5_scratch_1_046,A210_I10.png,210,10,NG/damage_1_hole_5_scratch_1_046/A210_I10.png,1483010
Bird,NG,damage_1_hole_5_scratch_1_046,A240_I01.png,240,01,NG/damage_1_hole_5_scratch_1_046/A240_I01.png,1180121
Bird,NG,damage_1_hole_5_scratch_1_046,A240_I02.png,240,02,NG/damage_1_hole_5_scratch_1_046/A240_I02.png,1354543
Bird,NG,damage_1_hole_5_scratch_1_046,A240_I03.png,240,03,NG/damage_1_hole_5_scratch_1_046/A240_I03.png,1296914
Bird,NG,damage_1_hole_5_scratch_1_046,A240_I04.png,240,04,NG/damage_1_hole_5_scratch_1_046/A240_I04.png,1355827
Bird,NG,damage_1_hole_5_scratch_1_046,A240_I05.png,240,05,NG/damage_1_hole_5_scratch_1_046/A240_I05.png,1357519
Bird,NG,damage_1_hole_5_scratch_1_046,A240_I06.png,240,06,NG/damage_1_hole_5_scratch_1_046/A240_I06.png,1258341
Bird,NG,damage_1_hole_5_scratch_1_046,A240_I07.png,240,07,NG/damage_1_hole_5_scratch_1_046/A240_I07.png,1041983
Bird,NG,damage_1_hole_5_scratch_1_046,A240_I08.png,240,08,NG/damage_1_hole_5_scratch_1_046/A240_I08.png,1269364
Bird,NG,damage_1_hole_5_scratch_1_046,A240_I09.png,240,09,NG/damage_1_hole_5_scratch_1_046/A240_I09.png,1473582
Bird,NG,damage_1_hole_5_scratch_1_046,A240_I10.png,240,10,NG/damage_1_hole_5_scratch_1_046/A240_I10.png,1492824
Bird,NG,damage_1_hole_5_scratch_1_046,A270_I01.png,270,01,NG/damage_1_hole_5_scratch_1_046/A270_I01.png,1182288
Bird,NG,damage_1_hole_5_scratch_1_046,A270_I02.png,270,02,NG/damage_1_hole_5_scratch_1_046/A270_I02.png,1358984
Bird,NG,damage_1_hole_5_scratch_1_046,A270_I03.png,270,03,NG/damage_1_hole_5_scratch_1_046/A270_I03.png,1296227
Bird,NG,damage_1_hole_5_scratch_1_046,A270_I04.png,270,04,NG/damage_1_hole_5_scratch_1_046/A270_I04.png,1355612
Bird,NG,damage_1_hole_5_scratch_1_046,A270_I05.png,270,05,NG/damage_1_hole_5_scratch_1_046/A270_I05.png,1351229
Bird,NG,damage_1_hole_5_scratch_1_046,A270_I06.png,270,06,NG/damage_1_hole_5_scratch_1_046/A270_I06.png,1255568
Bird,NG,damage_1_hole_5_scratch_1_046,A270_I07.png,270,07,NG/damage_1_hole_5_scratch_1_046/A270_I07.png,1059559
Bird,NG,damage_1_hole_5_scratch_1_046,A270_I08.png,270,08,NG/damage_1_hole_5_scratch_1_046/A270_I08.png,1280066
Bird,NG,damage_1_hole_5_scratch_1_046,A270_I09.png,270,09,NG/damage_1_hole_5_scratch_1_046/A270_I09.png,1474838
Bird,NG,damage_1_hole_5_scratch_1_046,A270_I10.png,270,10,NG/damage_1_hole_5_scratch_1_046/A270_I10.png,1494325
Bird,NG,damage_1_hole_5_scratch_1_046,A300_I01.png,300,01,NG/damage_1_hole_5_scratch_1_046/A300_I01.png,1193916
Bird,NG,damage_1_hole_5_scratch_1_046,A300_I02.png,300,02,NG/damage_1_hole_5_scratch_1_046/A300_I02.png,1354738
Bird,NG,damage_1_hole_5_scratch_1_046,A300_I03.png,300,03,NG/damage_1_hole_5_scratch_1_046/A300_I03.png,1281003
Bird,NG,damage_1_hole_5_scratch_1_046,A300_I04.png,300,04,NG/damage_1_hole_5_scratch_1_046/A300_I04.png,1348395
Bird,NG,damage_1_hole_5_scratch_1_046,A300_I05.png,300,05,NG/damage_1_hole_5_scratch_1_046/A300_I05.png,1349761
Bird,NG,damage_1_hole_5_scratch_1_046,A300_I06.png,300,06,NG/damage_1_hole_5_scratch_1_046/A300_I06.png,1261499
Bird,NG,damage_1_hole_5_scratch_1_046,A300_I07.png,300,07,NG/damage_1_hole_5_scratch_1_046/A300_I07.png,1081983
Bird,NG,damage_1_hole_5_scratch_1_046,A300_I08.png,300,08,NG/damage_1_hole_5_scratch_1_046/A300_I08.png,1297222
Bird,NG,damage_1_hole_5_scratch_1_046,A300_I09.png,300,09,NG/damage_1_hole_5_scratch_1_046/A300_I09.png,1478625
Bird,NG,damage_1_hole_5_scratch_1_046,A300_I10.png,300,10,NG/damage_1_hole_5_scratch_1_046/A300_I10.png,1492780
Bird,NG,damage_1_hole_5_scratch_1_046,A330_I01.png,330,01,NG/damage_1_hole_5_scratch_1_046/A330_I01.png,1205477
Bird,NG,damage_1_hole_5_scratch_1_046,A330_I02.png,330,02,NG/damage_1_hole_5_scratch_1_046/A330_I02.png,1345638
Bird,NG,damage_1_hole_5_scratch_1_046,A330_I03.png,330,03,NG/damage_1_hole_5_scratch_1_046/A330_I03.png,1256336
Bird,NG,damage_1_hole_5_scratch_1_046,A330_I04.png,330,04,NG/damage_1_hole_5_scratch_1_046/A330_I04.png,1326003
Bird,NG,damage_1_hole_5_scratch_1_046,A330_I05.png,330,05,NG/damage_1_hole_5_scratch_1_046/A330_I05.png,1331556
Bird,NG,damage_1_hole_5_scratch_1_046,A330_I06.png,330,06,NG/damage_1_hole_5_scratch_1_046/A330_I06.png,1255120
Bird,NG,damage_1_hole_5_scratch_1_046,A330_I07.png,330,07,NG/damage_1_hole_5_scratch_1_046/A330_I07.png,1083430
Bird,NG,damage_1_hole_5_scratch_1_046,A330_I08.png,330,08,NG/damage_1_hole_5_scratch_1_046/A330_I08.png,1298183
Bird,NG,damage_1_hole_5_scratch_1_046,A330_I09.png,330,09,NG/damage_1_hole_5_scratch_1_046/A330_I09.png,1470034
Bird,NG,damage_1_hole_5_scratch_1_046,A330_I10.png,330,10,NG/damage_1_hole_5_scratch_1_046/A330_I10.png,1483387
Bird,NG,damage_2_018,A000_I01.png,000,01,NG/damage_2_018/A000_I01.png,1198767
Bird,NG,damage_2_018,A000_I02.png,000,02,NG/damage_2_018/A000_I02.png,1343992
Bird,NG,damage_2_018,A000_I03.png,000,03,NG/damage_2_018/A000_I03.png,1247411
Bird,NG,damage_2_018,A000_I04.png,000,04,NG/damage_2_018/A000_I04.png,1316669
Bird,NG,damage_2_018,A000_I05.png,000,05,NG/damage_2_018/A000_I05.png,1295044
Bird,NG,damage_2_018,A000_I06.png,000,06,NG/damage_2_018/A000_I06.png,1211348
Bird,NG,damage_2_018,A000_I07.png,000,07,NG/damage_2_018/A000_I07.png,1017986
Bird,NG,damage_2_018,A000_I08.png,000,08,NG/damage_2_018/A000_I08.png,1289964
Bird,NG,damage_2_018,A000_I09.png,000,09,NG/damage_2_018/A000_I09.png,1455306
Bird,NG,damage_2_018,A000_I10.png,000,10,NG/damage_2_018/A000_I10.png,1482390
Bird,NG,damage_2_018,A030_I01.png,030,01,NG/damage_2_018/A030_I01.png,1182042
Bird,NG,damage_2_018,A030_I02.png,030,02,NG/damage_2_018/A030_I02.png,1321183
Bird,NG,damage_2_018,A030_I03.png,030,03,NG/damage_2_018/A030_I03.png,1212902
Bird,NG,damage_2_018,A030_I04.png,030,04,NG/damage_2_018/A030_I04.png,1293931
Bird,NG,damage_2_018,A030_I05.png,030,05,NG/damage_2_018/A030_I05.png,1288280
Bird,NG,damage_2_018,A030_I06.png,030,06,NG/damage_2_018/A030_I06.png,1221060
Bird,NG,damage_2_018,A030_I07.png,030,07,NG/damage_2_018/A030_I07.png,1032564
Bird,NG,damage_2_018,A030_I08.png,030,08,NG/damage_2_018/A030_I08.png,1285740
Bird,NG,damage_2_018,A030_I09.png,030,09,NG/damage_2_018/A030_I09.png,1441599
Bird,NG,damage_2_018,A030_I10.png,030,10,NG/damage_2_018/A030_I10.png,1469501
Bird,NG,damage_2_018,A060_I01.png,060,01,NG/damage_2_018/A060_I01.png,1159973
Bird,NG,damage_2_018,A060_I02.png,060,02,NG/damage_2_018/A060_I02.png,1299949
Bird,NG,damage_2_018,A060_I03.png,060,03,NG/damage_2_018/A060_I03.png,1185578
Bird,NG,damage_2_018,A060_I04.png,060,04,NG/damage_2_018/A060_I04.png,1284308
Bird,NG,damage_2_018,A060_I05.png,060,05,NG/damage_2_018/A060_I05.png,1275531
Bird,NG,damage_2_018,A060_I06.png,060,06,NG/damage_2_018/A060_I06.png,1206324
Bird,NG,damage_2_018,A060_I07.png,060,07,NG/damage_2_018/A060_I07.png,1009505
Bird,NG,damage_2_018,A060_I08.png,060,08,NG/damage_2_018/A060_I08.png,1255751
Bird,NG,damage_2_018,A060_I09.png,060,09,NG/damage_2_018/A060_I09.png,1417844
Bird,NG,damage_2_018,A060_I10.png,060,10,NG/damage_2_018/A060_I10.png,1449113
Bird,NG,damage_2_018,A090_I01.png,090,01,NG/damage_2_018/A090_I01.png,1129143
Bird,NG,damage_2_018,A090_I02.png,090,02,NG/damage_2_018/A090_I02.png,1279355
Bird,NG,damage_2_018,A090_I03.png,090,03,NG/damage_2_018/A090_I03.png,1176129
Bird,NG,damage_2_018,A090_I04.png,090,04,NG/damage_2_018/A090_I04.png,1282622
Bird,NG,damage_2_018,A090_I05.png,090,05,NG/damage_2_018/A090_I05.png,1272941
Bird,NG,damage_2_018,A090_I06.png,090,06,NG/damage_2_018/A090_I06.png,1198293
Bird,NG,damage_2_018,A090_I07.png,090,07,NG/damage_2_018/A090_I07.png,986287
Bird,NG,damage_2_018,A090_I08.png,090,08,NG/damage_2_018/A090_I08.png,1231901
Bird,NG,damage_2_018,A090_I09.png,090,09,NG/damage_2_018/A090_I09.png,1405755
Bird,NG,damage_2_018,A090_I10.png,090,10,NG/damage_2_018/A090_I10.png,1441349
Bird,NG,damage_2_018,A120_I01.png,120,01,NG/damage_2_018/A120_I01.png,1123501
Bird,NG,damage_2_018,A120_I02.png,120,02,NG/damage_2_018/A120_I02.png,1274711
Bird,NG,damage_2_018,A120_I03.png,120,03,NG/damage_2_018/A120_I03.png,1178334
Bird,NG,damage_2_018,A120_I04.png,120,04,NG/damage_2_018/A120_I04.png,1295444
Bird,NG,damage_2_018,A120_I05.png,120,05,NG/damage_2_018/A120_I05.png,1298118
Bird,NG,damage_2_018,A120_I06.png,120,06,NG/damage_2_018/A120_I06.png,1218481
Bird,NG,damage_2_018,A120_I07.png,120,07,NG/damage_2_018/A120_I07.png,997049
Bird,NG,damage_2_018,A120_I08.png,120,08,NG/damage_2_018/A120_I08.png,1236733
Bird,NG,damage_2_018,A120_I09.png,120,09,NG/damage_2_018/A120_I09.png,1416986
Bird,NG,damage_2_018,A120_I10.png,120,10,NG/damage_2_018/A120_I10.png,1454133
Bird,NG,damage_2_018,A150_I01.png,150,01,NG/damage_2_018/A150_I01.png,1140546
Bird,NG,damage_2_018,A150_I02.png,150,02,NG/damage_2_018/A150_I02.png,1280479
Bird,NG,damage_2_018,A150_I03.png,150,03,NG/damage_2_018/A150_I03.png,1184615
Bird,NG,damage_2_018,A150_I04.png,150,04,NG/damage_2_018/A150_I04.png,1312923
Bird,NG,damage_2_018,A150_I05.png,150,05,NG/damage_2_018/A150_I05.png,1325919
Bird,NG,damage_2_018,A150_I06.png,150,06,NG/damage_2_018/A150_I06.png,1248316
Bird,NG,damage_2_018,A150_I07.png,150,07,NG/damage_2_018/A150_I07.png,1030471
Bird,NG,damage_2_018,A150_I08.png,150,08,NG/damage_2_018/A150_I08.png,1255725
Bird,NG,damage_2_018,A150_I09.png,150,09,NG/damage_2_018/A150_I09.png,1439326
Bird,NG,damage_2_018,A150_I10.png,150,10,NG/damage_2_018/A150_I10.png,1475569
Bird,NG,damage_2_018,A180_I01.png,180,01,NG/damage_2_018/A180_I01.png,1144736
Bird,NG,damage_2_018,A180_I02.png,180,02,NG/damage_2_018/A180_I02.png,1297113
Bird,NG,damage_2_018,A180_I03.png,180,03,NG/damage_2_018/A180_I03.png,1202536
Bird,NG,damage_2_018,A180_I04.png,180,04,NG/damage_2_018/A180_I04.png,1334626
Bird,NG,damage_2_018,A180_I05.png,180,05,NG/damage_2_018/A180_I05.png,1352689
Bird,NG,damage_2_018,A180_I06.png,180,06,NG/damage_2_018/A180_I06.png,1281383
Bird,NG,damage_2_018,A180_I07.png,180,07,NG/damage_2_018/A180_I07.png,1072231
Bird,NG,damage_2_018,A180_I08.png,180,08,NG/damage_2_018/A180_I08.png,1266903
Bird,NG,damage_2_018,A180_I09.png,180,09,NG/damage_2_018/A180_I09.png,1460437
Bird,NG,damage_2_018,A180_I10.png,180,10,NG/damage_2_018/A180_I10.png,1494221
Bird,NG,damage_2_018,A210_I01.png,210,01,NG/damage_2_018/A210_I01.png,1184458
Bird,NG,damage_2_018,A210_I02.png,210,02,NG/damage_2_018/A210_I02.png,1337516
Bird,NG,damage_2_018,A210_I03.png,210,03,NG/damage_2_018/A210_I03.png,1230319
Bird,NG,damage_2_018,A210_I04.png,210,04,NG/damage_2_018/A210_I04.png,1362737
Bird,NG,damage_2_018,A210_I05.png,210,05,NG/damage_2_018/A210_I05.png,1385711
Bird,NG,damage_2_018,A210_I06.png,210,06,NG/damage_2_018/A210_I06.png,1310756
Bird,NG,damage_2_018,A210_I07.png,210,07,NG/damage_2_018/A210_I07.png,1098019
Bird,NG,damage_2_018,A210_I08.png,210,08,NG/damage_2_018/A210_I08.png,1299878
Bird,NG,damage_2_018,A210_I09.png,210,09,NG/damage_2_018/A210_I09.png,1499135
Bird,NG,damage_2_018,A210_I10.png,210,10,NG/damage_2_018/A210_I10.png,1525022
Bird,NG,damage_2_018,A240_I01.png,240,01,NG/damage_2_018/A240_I01.png,1197303
Bird,NG,damage_2_018,A240_I02.png,240,02,NG/damage_2_018/A240_I02.png,1359688
Bird,NG,damage_2_018,A240_I03.png,240,03,NG/damage_2_018/A240_I03.png,1259282
Bird,NG,damage_2_018,A240_I04.png,240,04,NG/damage_2_018/A240_I04.png,1367579
Bird,NG,damage_2_018,A240_I05.png,240,05,NG/damage_2_018/A240_I05.png,1380891
Bird,NG,damage_2_018,A240_I06.png,240,06,NG/damage_2_018/A240_I06.png,1306617
Bird,NG,damage_2_018,A240_I07.png,240,07,NG/damage_2_018/A240_I07.png,1105732
Bird,NG,damage_2_018,A240_I08.png,240,08,NG/damage_2_018/A240_I08.png,1310654
Bird,NG,damage_2_018,A240_I09.png,240,09,NG/damage_2_018/A240_I09.png,1503686
Bird,NG,damage_2_018,A240_I10.png,240,10,NG/damage_2_018/A240_I10.png,1532136
Bird,NG,damage_2_018,A270_I01.png,270,01,NG/damage_2_018/A270_I01.png,1216768
Bird,NG,damage_2_018,A270_I02.png,270,02,NG/damage_2_018/A270_I02.png,1382327
Bird,NG,damage_2_018,A270_I03.png,270,03,NG/damage_2_018/A270_I03.png,1278386
Bird,NG,damage_2_018,A270_I04.png,270,04,NG/damage_2_018/A270_I04.png,1366624
Bird,NG,damage_2_018,A270_I05.png,270,05,NG/damage_2_018/A270_I05.png,1352667
Bird,NG,damage_2_018,A270_I06.png,270,06,NG/damage_2_018/A270_I06.png,1277003
Bird,NG,damage_2_018,A270_I07.png,270,07,NG/damage_2_018/A270_I07.png,1080014
Bird,NG,damage_2_018,A270_I08.png,270,08,NG/damage_2_018/A270_I08.png,1319438
Bird,NG,damage_2_018,A270_I09.png,270,09,NG/damage_2_018/A270_I09.png,1504464
Bird,NG,damage_2_018,A270_I10.png,270,10,NG/damage_2_018/A270_I10.png,1527511
Bird,NG,damage_2_018,A300_I01.png,300,01,NG/damage_2_018/A300_I01.png,1196039
Bird,NG,damage_2_018,A300_I02.png,300,02,NG/damage_2_018/A300_I02.png,1355635
Bird,NG,damage_2_018,A300_I03.png,300,03,NG/damage_2_018/A300_I03.png,1254599
Bird,NG,damage_2_018,A300_I04.png,300,04,NG/damage_2_018/A300_I04.png,1354328
Bird,NG,damage_2_018,A300_I05.png,300,05,NG/damage_2_018/A300_I05.png,1348404
Bird,NG,damage_2_018,A300_I06.png,300,06,NG/damage_2_018/A300_I06.png,1273625
Bird,NG,damage_2_018,A300_I07.png,300,07,NG/damage_2_018/A300_I07.png,1100567
Bird,NG,damage_2_018,A300_I08.png,300,08,NG/damage_2_018/A300_I08.png,1310051
Bird,NG,damage_2_018,A300_I09.png,300,09,NG/damage_2_018/A300_I09.png,1487725
Bird,NG,damage_2_018,A300_I10.png,300,10,NG/damage_2_018/A300_I10.png,1516581
Bird,NG,damage_2_018,A330_I01.png,330,01,NG/damage_2_018/A330_I01.png,1221679
Bird,NG,damage_2_018,A330_I02.png,330,02,NG/damage_2_018/A330_I02.png,1365745
Bird,NG,damage_2_018,A330_I03.png,330,03,NG/damage_2_018/A330_I03.png,1263024
Bird,NG,damage_2_018,A330_I04.png,330,04,NG/damage_2_018/A330_I04.png,1330134
Bird,NG,damage_2_018,A330_I05.png,330,05,NG/damage_2_018/A330_I05.png,1306156
Bird,NG,damage_2_018,A330_I06.png,330,06,NG/damage_2_018/A330_I06.png,1224357
Bird,NG,damage_2_018,A330_I07.png,330,07,NG/damage_2_018/A330_I07.png,1036464
Bird,NG,damage_2_018,A330_I08.png,330,08,NG/damage_2_018/A330_I08.png,1309548
Bird,NG,damage_2_018,A330_I09.png,330,09,NG/damage_2_018/A330_I09.png,1474274
Bird,NG,damage_2_018,A330_I10.png,330,10,NG/damage_2_018/A330_I10.png,1498123
Bird,NG,damage_2_020,A000_I01.png,000,01,NG/damage_2_020/A000_I01.png,1202272
Bird,NG,damage_2_020,A000_I02.png,000,02,NG/damage_2_020/A000_I02.png,1345919
Bird,NG,damage_2_020,A000_I03.png,000,03,NG/damage_2_020/A000_I03.png,1257722
Bird,NG,damage_2_020,A000_I04.png,000,04,NG/damage_2_020/A000_I04.png,1311003
Bird,NG,damage_2_020,A000_I05.png,000,05,NG/damage_2_020/A000_I05.png,1287461
Bird,NG,damage_2_020,A000_I06.png,000,06,NG/damage_2_020/A000_I06.png,1201587
Bird,NG,damage_2_020,A000_I07.png,000,07,NG/damage_2_020/A000_I07.png,1007026
Bird,NG,damage_2_020,A000_I08.png,000,08,NG/damage_2_020/A000_I08.png,1286453
Bird,NG,damage_2_020,A000_I09.png,000,09,NG/damage_2_020/A000_I09.png,1448524
Bird,NG,damage_2_020,A000_I10.png,000,10,NG/damage_2_020/A000_I10.png,1474183
Bird,NG,damage_2_020,A030_I01.png,030,01,NG/damage_2_020/A030_I01.png,1177905
Bird,NG,damage_2_020,A030_I02.png,030,02,NG/damage_2_020/A030_I02.png,1317951
Bird,NG,damage_2_020,A030_I03.png,030,03,NG/damage_2_020/A030_I03.png,1207181
Bird,NG,damage_2_020,A030_I04.png,030,04,NG/damage_2_020/A030_I04.png,1290377
Bird,NG,damage_2_020,A030_I05.png,030,05,NG/damage_2_020/A030_I05.png,1292448
Bird,NG,damage_2_020,A030_I06.png,030,06,NG/damage_2_020/A030_I06.png,1231843
Bird,NG,damage_2_020,A030_I07.png,030,07,NG/damage_2_020/A030_I07.png,1056009
Bird,NG,damage_2_020,A030_I08.png,030,08,NG/damage_2_020/A030_I08.png,1284110
Bird,NG,damage_2_020,A030_I09.png,030,09,NG/damage_2_020/A030_I09.png,1444084
Bird,NG,damage_2_020,A030_I10.png,030,10,NG/damage_2_020/A030_I10.png,1474985
Bird,NG,damage_2_020,A060_I01.png,060,01,NG/damage_2_020/A060_I01.png,1160637
Bird,NG,damage_2_020,A060_I02.png,060,02,NG/damage_2_020/A060_I02.png,1304565
Bird,NG,damage_2_020,A060_I03.png,060,03,NG/damage_2_020/A060_I03.png,1198478
Bird,NG,damage_2_020,A060_I04.png,060,04,NG/damage_2_020/A060_I04.png,1288400
Bird,NG,damage_2_020,A060_I05.png,060,05,NG/damage_2_020/A060_I05.png,1280582
Bird,NG,damage_2_020,A060_I06.png,060,06,NG/damage_2_020/A060_I06.png,1202245
Bird,NG,damage_2_020,A060_I07.png,060,07,NG/damage_2_020/A060_I07.png,995749
Bird,NG,damage_2_020,A060_I08.png,060,08,NG/damage_2_020/A060_I08.png,1249621
Bird,NG,damage_2_020,A060_I09.png,060,09,NG/damage_2_020/A060_I09.png,1417766
Bird,NG,damage_2_020,A060_I10.png,060,10,NG/damage_2_020/A060_I10.png,1448878
Bird,NG,damage_2_020,A090_I01.png,090,01,NG/damage_2_020/A090_I01.png,1121723
Bird,NG,damage_2_020,A090_I02.png,090,02,NG/damage_2_020/A090_I02.png,1277644
Bird,NG,damage_2_020,A090_I03.png,090,03,NG/damage_2_020/A090_I03.png,1185162
Bird,NG,damage_2_020,A090_I04.png,090,04,NG/damage_2_020/A090_I04.png,1288434
Bird,NG,damage_2_020,A090_I05.png,090,05,NG/damage_2_020/A090_I05.png,1279538
Bird,NG,damage_2_020,A090_I06.png,090,06,NG/damage_2_020/A090_I06.png,1201313
Bird,NG,damage_2_020,A090_I07.png,090,07,NG/damage_2_020/A090_I07.png,978119
Bird,NG,damage_2_020,A090_I08.png,090,08,NG/damage_2_020/A090_I08.png,1223006
Bird,NG,damage_2_020,A090_I09.png,090,09,NG/damage_2_020/A090_I09.png,1407093
Bird,NG,damage_2_020,A090_I10.png,090,10,NG/damage_2_020/A090_I10.png,1443785
Bird,NG,damage_2_020,A120_I01.png,120,01,NG/damage_2_020/A120_I01.png,1108720
Bird,NG,damage_2_020,A120_I02.png,120,02,NG/damage_2_020/A120_I02.png,1273097
Bird,NG,damage_2_020,A120_I03.png,120,03,NG/damage_2_020/A120_I03.png,1189159
Bird,NG,damage_2_020,A120_I04.png,120,04,NG/damage_2_020/A120_I04.png,1306353
Bird,NG,damage_2_020,A120_I05.png,120,05,NG/damage_2_020/A120_I05.png,1307535
Bird,NG,damage_2_020,A120_I06.png,120,06,NG/damage_2_020/A120_I06.png,1223643
Bird,NG,damage_2_020,A120_I07.png,120,07,NG/damage_2_020/A120_I07.png,990305
Bird,NG,damage_2_020,A120_I08.png,120,08,NG/damage_2_020/A120_I08.png,1229420
Bird,NG,damage_2_020,A120_I09.png,120,09,NG/damage_2_020/A120_I09.png,1420056
Bird,NG,damage_2_020,A120_I10.png,120,10,NG/damage_2_020/A120_I10.png,1457560
Bird,NG,damage_2_020,A150_I01.png,150,01,NG/damage_2_020/A150_I01.png,1139363
Bird,NG,damage_2_020,A150_I02.png,150,02,NG/damage_2_020/A150_I02.png,1281459
Bird,NG,damage_2_020,A150_I03.png,150,03,NG/damage_2_020/A150_I03.png,1192444
Bird,NG,damage_2_020,A150_I04.png,150,04,NG/damage_2_020/A150_I04.png,1324467
Bird,NG,damage_2_020,A150_I05.png,150,05,NG/damage_2_020/A150_I05.png,1338448
Bird,NG,damage_2_020,A150_I06.png,150,06,NG/damage_2_020/A150_I06.png,1264992
Bird,NG,damage_2_020,A150_I07.png,150,07,NG/damage_2_020/A150_I07.png,1053247
Bird,NG,damage_2_020,A150_I08.png,150,08,NG/damage_2_020/A150_I08.png,1267246
Bird,NG,damage_2_020,A150_I09.png,150,09,NG/damage_2_020/A150_I09.png,1451091
Bird,NG,damage_2_020,A150_I10.png,150,10,NG/damage_2_020/A150_I10.png,1485505
Bird,NG,damage_2_020,A180_I01.png,180,01,NG/damage_2_020/A180_I01.png,1144427
Bird,NG,damage_2_020,A180_I02.png,180,02,NG/damage_2_020/A180_I02.png,1298715
Bird,NG,damage_2_020,A180_I03.png,180,03,NG/damage_2_020/A180_I03.png,1205558
Bird,NG,damage_2_020,A180_I04.png,180,04,NG/damage_2_020/A180_I04.png,1346564
Bird,NG,damage_2_020,A180_I05.png,180,05,NG/damage_2_020/A180_I05.png,1366503
Bird,NG,damage_2_020,A180_I06.png,180,06,NG/damage_2_020/A180_I06.png,1289812
Bird,NG,damage_2_020,A180_I07.png,180,07,NG/damage_2_020/A180_I07.png,1068285
Bird,NG,damage_2_020,A180_I08.png,180,08,NG/damage_2_020/A180_I08.png,1266628
Bird,NG,damage_2_020,A180_I09.png,180,09,NG/damage_2_020/A180_I09.png,1464317
Bird,NG,damage_2_020,A180_I10.png,180,10,NG/damage_2_020/A180_I10.png,1496451
Bird,NG,damage_2_020,A210_I01.png,210,01,NG/damage_2_020/A210_I01.png,1195764
Bird,NG,damage_2_020,A210_I02.png,210,02,NG/damage_2_020/A210_I02.png,1346779
Bird,NG,damage_2_020,A210_I03.png,210,03,NG/damage_2_020/A210_I03.png,1234678
Bird,NG,damage_2_020,A210_I04.png,210,04,NG/damage_2_020/A210_I04.png,1379893
Bird,NG,damage_2_020,A210_I05.png,210,05,NG/damage_2_020/A210_I05.png,1410527
Bird,NG,damage_2_020,A210_I06.png,210,06,NG/damage_2_020/A210_I06.png,1331405
Bird,NG,damage_2_020,A210_I07.png,210,07,NG/damage_2_020/A210_I07.png,1103428
Bird,NG,damage_2_020,A210_I08.png,210,08,NG/damage_2_020/A210_I08.png,1311033
Bird,NG,damage_2_020,A210_I09.png,210,09,NG/damage_2_020/A210_I09.png,1513069
Bird,NG,damage_2_020,A210_I10.png,210,10,NG/damage_2_020/A210_I10.png,1535817
Bird,NG,damage_2_020,A240_I01.png,240,01,NG/damage_2_020/A240_I01.png,1212548
Bird,NG,damage_2_020,A240_I02.png,240,02,NG/damage_2_020/A240_I02.png,1369456
Bird,NG,damage_2_020,A240_I03.png,240,03,NG/damage_2_020/A240_I03.png,1261229
Bird,NG,damage_2_020,A240_I04.png,240,04,NG/damage_2_020/A240_I04.png,1370471
Bird,NG,damage_2_020,A240_I05.png,240,05,NG/damage_2_020/A240_I05.png,1387450
Bird,NG,damage_2_020,A240_I06.png,240,06,NG/damage_2_020/A240_I06.png,1315894
Bird,NG,damage_2_020,A240_I07.png,240,07,NG/damage_2_020/A240_I07.png,1119161
Bird,NG,damage_2_020,A240_I08.png,240,08,NG/damage_2_020/A240_I08.png,1322800
Bird,NG,damage_2_020,A240_I09.png,240,09,NG/damage_2_020/A240_I09.png,1509095
Bird,NG,damage_2_020,A240_I10.png,240,10,NG/damage_2_020/A240_I10.png,1535000
Bird,NG,damage_2_020,A270_I01.png,270,01,NG/damage_2_020/A270_I01.png,1257104
Bird,NG,damage_2_020,A270_I02.png,270,02,NG/damage_2_020/A270_I02.png,1404862
Bird,NG,damage_2_020,A270_I03.png,270,03,NG/damage_2_020/A270_I03.png,1269585
Bird,NG,damage_2_020,A270_I04.png,270,04,NG/damage_2_020/A270_I04.png,1373449
Bird,NG,damage_2_020,A270_I05.png,270,05,NG/damage_2_020/A270_I05.png,1375792
Bird,NG,damage_2_020,A270_I06.png,270,06,NG/damage_2_020/A270_I06.png,1303392
Bird,NG,damage_2_020,A270_I07.png,270,07,NG/damage_2_020/A270_I07.png,1109347
Bird,NG,damage_2_020,A270_I08.png,270,08,NG/damage_2_020/A270_I08.png,1351417
Bird,NG,damage_2_020,A270_I09.png,270,09,NG/damage_2_020/A270_I09.png,1524519
Bird,NG,damage_2_020,A270_I10.png,270,10,NG/damage_2_020/A270_I10.png,1540136
Bird,NG,damage_2_020,A300_I01.png,300,01,NG/damage_2_020/A300_I01.png,1237230
Bird,NG,damage_2_020,A300_I02.png,300,02,NG/damage_2_020/A300_I02.png,1382038
Bird,NG,damage_2_020,A300_I03.png,300,03,NG/damage_2_020/A300_I03.png,1277380
Bird,NG,damage_2_020,A300_I04.png,300,04,NG/damage_2_020/A300_I04.png,1360223
Bird,NG,damage_2_020,A300_I05.png,300,05,NG/damage_2_020/A300_I05.png,1352803
Bird,NG,damage_2_020,A300_I06.png,300,06,NG/damage_2_020/A300_I06.png,1264655
Bird,NG,damage_2_020,A300_I07.png,300,07,NG/damage_2_020/A300_I07.png,1059498
Bird,NG,damage_2_020,A300_I08.png,300,08,NG/damage_2_020/A300_I08.png,1323734
Bird,NG,damage_2_020,A300_I09.png,300,09,NG/damage_2_020/A300_I09.png,1496005
Bird,NG,damage_2_020,A300_I10.png,300,10,NG/damage_2_020/A300_I10.png,1512173
Bird,NG,damage_2_020,A330_I01.png,330,01,NG/damage_2_020/A330_I01.png,1223817
Bird,NG,damage_2_020,A330_I02.png,330,02,NG/damage_2_020/A330_I02.png,1365855
Bird,NG,damage_2_020,A330_I03.png,330,03,NG/damage_2_020/A330_I03.png,1268644
Bird,NG,damage_2_020,A330_I04.png,330,04,NG/damage_2_020/A330_I04.png,1334458
Bird,NG,damage_2_020,A330_I05.png,330,05,NG/damage_2_020/A330_I05.png,1318599
Bird,NG,damage_2_020,A330_I06.png,330,06,NG/damage_2_020/A330_I06.png,1233334
Bird,NG,damage_2_020,A330_I07.png,330,07,NG/damage_2_020/A330_I07.png,1038223
Bird,NG,damage_2_020,A330_I08.png,330,08,NG/damage_2_020/A330_I08.png,1309521
Bird,NG,damage_2_020,A330_I09.png,330,09,NG/damage_2_020/A330_I09.png,1474817
Bird,NG,damage_2_020,A330_I10.png,330,10,NG/damage_2_020/A330_I10.png,1495759
Bird,NG,damage_2_043,A000_I01.png,000,01,NG/damage_2_043/A000_I01.png,1193879
Bird,NG,damage_2_043,A000_I02.png,000,02,NG/damage_2_043/A000_I02.png,1327117
Bird,NG,damage_2_043,A000_I03.png,000,03,NG/damage_2_043/A000_I03.png,1214918
Bird,NG,damage_2_043,A000_I04.png,000,04,NG/damage_2_043/A000_I04.png,1299120
Bird,NG,damage_2_043,A000_I05.png,000,05,NG/damage_2_043/A000_I05.png,1303508
Bird,NG,damage_2_043,A000_I06.png,000,06,NG/damage_2_043/A000_I06.png,1233256
Bird,NG,damage_2_043,A000_I07.png,000,07,NG/damage_2_043/A000_I07.png,1067632
Bird,NG,damage_2_043,A000_I08.png,000,08,NG/damage_2_043/A000_I08.png,1288127
Bird,NG,damage_2_043,A000_I09.png,000,09,NG/damage_2_043/A000_I09.png,1444461
Bird,NG,damage_2_043,A000_I10.png,000,10,NG/damage_2_043/A000_I10.png,1464103
Bird,NG,damage_2_043,A030_I01.png,030,01,NG/damage_2_043/A030_I01.png,1131700
Bird,NG,damage_2_043,A030_I02.png,030,02,NG/damage_2_043/A030_I02.png,1293275
Bird,NG,damage_2_043,A030_I03.png,030,03,NG/damage_2_043/A030_I03.png,1196214
Bird,NG,damage_2_043,A030_I04.png,030,04,NG/damage_2_043/A030_I04.png,1278583
Bird,NG,damage_2_043,A030_I05.png,030,05,NG/damage_2_043/A030_I05.png,1277490
Bird,NG,damage_2_043,A030_I06.png,030,06,NG/damage_2_043/A030_I06.png,1202260
Bird,NG,damage_2_043,A030_I07.png,030,07,NG/damage_2_043/A030_I07.png,1005678
Bird,NG,damage_2_043,A030_I08.png,030,08,NG/damage_2_043/A030_I08.png,1241260
Bird,NG,damage_2_043,A030_I09.png,030,09,NG/damage_2_043/A030_I09.png,1411535
Bird,NG,damage_2_043,A030_I10.png,030,10,NG/damage_2_043/A030_I10.png,1450915
Bird,NG,damage_2_043,A060_I01.png,060,01,NG/damage_2_043/A060_I01.png,1169497
Bird,NG,damage_2_043,A060_I02.png,060,02,NG/damage_2_043/A060_I02.png,1310215
Bird,NG,damage_2_043,A060_I03.png,060,03,NG/damage_2_043/A060_I03.png,1194648
Bird,NG,damage_2_043,A060_I04.png,060,04,NG/damage_2_043/A060_I04.png,1286771
Bird,NG,damage_2_043,A060_I05.png,060,05,NG/damage_2_043/A060_I05.png,1282626
Bird,NG,damage_2_043,A060_I06.png,060,06,NG/damage_2_043/A060_I06.png,1212561
Bird,NG,damage_2_043,A060_I07.png,060,07,NG/damage_2_043/A060_I07.png,1005623
Bird,NG,damage_2_043,A060_I08.png,060,08,NG/damage_2_043/A060_I08.png,1257737
Bird,NG,damage_2_043,A060_I09.png,060,09,NG/damage_2_043/A060_I09.png,1420495
Bird,NG,damage_2_043,A060_I10.png,060,10,NG/damage_2_043/A060_I10.png,1446962
Bird,NG,damage_2_043,A090_I01.png,090,01,NG/damage_2_043/A090_I01.png,1160698
Bird,NG,damage_2_043,A090_I02.png,090,02,NG/damage_2_043/A090_I02.png,1300631
Bird,NG,damage_2_043,A090_I03.png,090,03,NG/damage_2_043/A090_I03.png,1189508
Bird,NG,damage_2_043,A090_I04.png,090,04,NG/damage_2_043/A090_I04.png,1295849
Bird,NG,damage_2_043,A090_I05.png,090,05,NG/damage_2_043/A090_I05.png,1301403
Bird,NG,damage_2_043,A090_I06.png,090,06,NG/damage_2_043/A090_I06.png,1222425
Bird,NG,damage_2_043,A090_I07.png,090,07,NG/damage_2_043/A090_I07.png,1016907
Bird,NG,damage_2_043,A090_I08.png,090,08,NG/damage_2_043/A090_I08.png,1249626
Bird,NG,damage_2_043,A090_I09.png,090,09,NG/damage_2_043/A090_I09.png,1422251
Bird,NG,damage_2_043,A090_I10.png,090,10,NG/damage_2_043/A090_I10.png,1447575
Bird,NG,damage_2_043,A120_I01.png,120,01,NG/damage_2_043/A120_I01.png,1169948
Bird,NG,damage_2_043,A120_I02.png,120,02,NG/damage_2_043/A120_I02.png,1306381
Bird,NG,damage_2_043,A120_I03.png,120,03,NG/damage_2_043/A120_I03.png,1206086
Bird,NG,damage_2_043,A120_I04.png,120,04,NG/damage_2_043/A120_I04.png,1313627
Bird,NG,damage_2_043,A120_I05.png,120,05,NG/damage_2_043/A120_I05.png,1334646
Bird,NG,damage_2_043,A120_I06.png,120,06,NG/damage_2_043/A120_I06.png,1254785
Bird,NG,damage_2_043,A120_I07.png,120,07,NG/damage_2_043/A120_I07.png,1041162
Bird,NG,damage_2_043,A120_I08.png,120,08,NG/damage_2_043/A120_I08.png,1268520
Bird,NG,damage_2_043,A120_I09.png,120,09,NG/damage_2_043/A120_I09.png,1451876
Bird,NG,damage_2_043,A120_I10.png,120,10,NG/damage_2_043/A120_I10.png,1472702
Bird,NG,damage_2_043,A150_I01.png,150,01,NG/damage_2_043/A150_I01.png,1183791
Bird,NG,damage_2_043,A150_I02.png,150,02,NG/damage_2_043/A150_I02.png,1319237
Bird,NG,damage_2_043,A150_I03.png,150,03,NG/damage_2_043/A150_I03.png,1242847
Bird,NG,damage_2_043,A150_I04.png,150,04,NG/damage_2_043/A150_I04.png,1321561
Bird,NG,damage_2_043,A150_I05.png,150,05,NG/damage_2_043/A150_I05.png,1331057
Bird,NG,damage_2_043,A150_I06.png,150,06,NG/damage_2_043/A150_I06.png,1241381
Bird,NG,damage_2_043,A150_I07.png,150,07,NG/damage_2_043/A150_I07.png,1017299
Bird,NG,damage_2_043,A150_I08.png,150,08,NG/damage_2_043/A150_I08.png,1266229
Bird,NG,damage_2_043,A150_I09.png,150,09,NG/damage_2_043/A150_I09.png,1459392
Bird,NG,damage_2_043,A150_I10.png,150,10,NG/damage_2_043/A150_I10.png,1481039
Bird,NG,damage_2_043,A180_I01.png,180,01,NG/damage_2_043/A180_I01.png,1173991
Bird,NG,damage_2_043,A180_I02.png,180,02,NG/damage_2_043/A180_I02.png,1326899
Bird,NG,damage_2_043,A180_I03.png,180,03,NG/damage_2_043/A180_I03.png,1271268
Bird,NG,damage_2_043,A180_I04.png,180,04,NG/damage_2_043/A180_I04.png,1319964
Bird,NG,damage_2_043,A180_I05.png,180,05,NG/damage_2_043/A180_I05.png,1300675
Bird,NG,damage_2_043,A180_I06.png,180,06,NG/damage_2_043/A180_I06.png,1208449
Bird,NG,damage_2_043,A180_I07.png,180,07,NG/damage_2_043/A180_I07.png,989491
Bird,NG,damage_2_043,A180_I08.png,180,08,NG/damage_2_043/A180_I08.png,1245620
Bird,NG,damage_2_043,A180_I09.png,180,09,NG/damage_2_043/A180_I09.png,1442474
Bird,NG,damage_2_043,A180_I10.png,180,10,NG/damage_2_043/A180_I10.png,1464484
Bird,NG,damage_2_043,A210_I01.png,210,01,NG/damage_2_043/A210_I01.png,1157967
Bird,NG,damage_2_043,A210_I02.png,210,02,NG/damage_2_043/A210_I02.png,1328254
Bird,NG,damage_2_043,A210_I03.png,210,03,NG/damage_2_043/A210_I03.png,1281279
Bird,NG,damage_2_043,A210_I04.png,210,04,NG/damage_2_043/A210_I04.png,1330124
Bird,NG,damage_2_043,A210_I05.png,210,05,NG/damage_2_043/A210_I05.png,1311973
Bird,NG,damage_2_043,A210_I06.png,210,06,NG/damage_2_043/A210_I06.png,1217780
Bird,NG,damage_2_043,A210_I07.png,210,07,NG/damage_2_043/A210_I07.png,1003970
Bird,NG,damage_2_043,A210_I08.png,210,08,NG/damage_2_043/A210_I08.png,1242979
Bird,NG,damage_2_043,A210_I09.png,210,09,NG/damage_2_043/A210_I09.png,1445536
Bird,NG,damage_2_043,A210_I10.png,210,10,NG/damage_2_043/A210_I10.png,1469438
Bird,NG,damage_2_043,A240_I01.png,240,01,NG/damage_2_043/A240_I01.png,1158332
Bird,NG,damage_2_043,A240_I02.png,240,02,NG/damage_2_043/A240_I02.png,1336487
Bird,NG,damage_2_043,A240_I03.png,240,03,NG/damage_2_043/A240_I03.png,1286320
Bird,NG,damage_2_043,A240_I04.png,240,04,NG/damage_2_043/A240_I04.png,1346324
Bird,NG,damage_2_043,A240_I05.png,240,05,NG/damage_2_043/A240_I05.png,1344174
Bird,NG,damage_2_043,A240_I06.png,240,06,NG/damage_2_043/A240_I06.png,1245164
Bird,NG,damage_2_043,A240_I07.png,240,07,NG/damage_2_043/A240_I07.png,1033085
Bird,NG,damage_2_043,A240_I08.png,240,08,NG/damage_2_043/A240_I08.png,1249140
Bird,NG,damage_2_043,A240_I09.png,240,09,NG/damage_2_043/A240_I09.png,1460537
Bird,NG,damage_2_043,A240_I10.png,240,10,NG/damage_2_043/A240_I10.png,1482591
Bird,NG,damage_2_043,A270_I01.png,270,01,NG/damage_2_043/A270_I01.png,1169280
Bird,NG,damage_2_043,A270_I02.png,270,02,NG/damage_2_043/A270_I02.png,1344444
Bird,NG,damage_2_043,A270_I03.png,270,03,NG/damage_2_043/A270_I03.png,1280811
Bird,NG,damage_2_043,A270_I04.png,270,04,NG/damage_2_043/A270_I04.png,1355032
Bird,NG,damage_2_043,A270_I05.png,270,05,NG/damage_2_043/A270_I05.png,1360593
Bird,NG,damage_2_043,A270_I06.png,270,06,NG/damage_2_043/A270_I06.png,1271605
Bird,NG,damage_2_043,A270_I07.png,270,07,NG/damage_2_043/A270_I07.png,1089705
Bird,NG,damage_2_043,A270_I08.png,270,08,NG/damage_2_043/A270_I08.png,1276875
Bird,NG,damage_2_043,A270_I09.png,270,09,NG/damage_2_043/A270_I09.png,1477266
Bird,NG,damage_2_043,A270_I10.png,270,10,NG/damage_2_043/A270_I10.png,1496184
Bird,NG,damage_2_043,A300_I01.png,300,01,NG/damage_2_043/A300_I01.png,1194818
Bird,NG,damage_2_043,A300_I02.png,300,02,NG/damage_2_043/A300_I02.png,1349970
Bird,NG,damage_2_043,A300_I03.png,300,03,NG/damage_2_043/A300_I03.png,1256496
Bird,NG,damage_2_043,A300_I04.png,300,04,NG/damage_2_043/A300_I04.png,1351622
Bird,NG,damage_2_043,A300_I05.png,300,05,NG/damage_2_043/A300_I05.png,1365371
Bird,NG,damage_2_043,A300_I06.png,300,06,NG/damage_2_043/A300_I06.png,1289806
Bird,NG,damage_2_043,A300_I07.png,300,07,NG/damage_2_043/A300_I07.png,1125375
Bird,NG,damage_2_043,A300_I08.png,300,08,NG/damage_2_043/A300_I08.png,1312381
Bird,NG,damage_2_043,A300_I09.png,300,09,NG/damage_2_043/A300_I09.png,1490003
Bird,NG,damage_2_043,A300_I10.png,300,10,NG/damage_2_043/A300_I10.png,1503495
Bird,NG,damage_2_043,A330_I01.png,330,01,NG/damage_2_043/A330_I01.png,1207943
Bird,NG,damage_2_043,A330_I02.png,330,02,NG/damage_2_043/A330_I02.png,1344374
Bird,NG,damage_2_043,A330_I03.png,330,03,NG/damage_2_043/A330_I03.png,1238632
Bird,NG,damage_2_043,A330_I04.png,330,04,NG/damage_2_043/A330_I04.png,1319868
Bird,NG,damage_2_043,A330_I05.png,330,05,NG/damage_2_043/A330_I05.png,1331678
Bird,NG,damage_2_043,A330_I06.png,330,06,NG/damage_2_043/A330_I06.png,1269587
Bird,NG,damage_2_043,A330_I07.png,330,07,NG/damage_2_043/A330_I07.png,1112012
Bird,NG,damage_2_043,A330_I08.png,330,08,NG/damage_2_043/A330_I08.png,1312932
Bird,NG,damage_2_043,A330_I09.png,330,09,NG/damage_2_043/A330_I09.png,1477214
Bird,NG,damage_2_043,A330_I10.png,330,10,NG/damage_2_043/A330_I10.png,1489415
Bird,NG,damage_2_044,A000_I01.png,000,01,NG/damage_2_044/A000_I01.png,1204982
Bird,NG,damage_2_044,A000_I02.png,000,02,NG/damage_2_044/A000_I02.png,1337002
Bird,NG,damage_2_044,A000_I03.png,000,03,NG/damage_2_044/A000_I03.png,1225639
Bird,NG,damage_2_044,A000_I04.png,000,04,NG/damage_2_044/A000_I04.png,1308102
Bird,NG,damage_2_044,A000_I05.png,000,05,NG/damage_2_044/A000_I05.png,1319854
Bird,NG,damage_2_044,A000_I06.png,000,06,NG/damage_2_044/A000_I06.png,1244843
Bird,NG,damage_2_044,A000_I07.png,000,07,NG/damage_2_044/A000_I07.png,1063080
Bird,NG,damage_2_044,A000_I08.png,000,08,NG/damage_2_044/A000_I08.png,1296235
Bird,NG,damage_2_044,A000_I09.png,000,09,NG/damage_2_044/A000_I09.png,1454947
Bird,NG,damage_2_044,A000_I10.png,000,10,NG/damage_2_044/A000_I10.png,1470469
Bird,NG,damage_2_044,A030_I01.png,030,01,NG/damage_2_044/A030_I01.png,1199389
Bird,NG,damage_2_044,A030_I02.png,030,02,NG/damage_2_044/A030_I02.png,1329374
Bird,NG,damage_2_044,A030_I03.png,030,03,NG/damage_2_044/A030_I03.png,1216743
Bird,NG,damage_2_044,A030_I04.png,030,04,NG/damage_2_044/A030_I04.png,1296054
Bird,NG,damage_2_044,A030_I05.png,030,05,NG/damage_2_044/A030_I05.png,1308815
Bird,NG,damage_2_044,A030_I06.png,030,06,NG/damage_2_044/A030_I06.png,1224703
Bird,NG,damage_2_044,A030_I07.png,030,07,NG/damage_2_044/A030_I07.png,1014024
Bird,NG,damage_2_044,A030_I08.png,030,08,NG/damage_2_044/A030_I08.png,1278997
Bird,NG,damage_2_044,A030_I09.png,030,09,NG/damage_2_044/A030_I09.png,1435859
Bird,NG,damage_2_044,A030_I10.png,030,10,NG/damage_2_044/A030_I10.png,1456104
Bird,NG,damage_2_044,A060_I01.png,060,01,NG/damage_2_044/A060_I01.png,1178432
Bird,NG,damage_2_044,A060_I02.png,060,02,NG/damage_2_044/A060_I02.png,1319207
Bird,NG,damage_2_044,A060_I03.png,060,03,NG/damage_2_044/A060_I03.png,1212505
Bird,NG,damage_2_044,A060_I04.png,060,04,NG/damage_2_044/A060_I04.png,1294178
Bird,NG,damage_2_044,A060_I05.png,060,05,NG/damage_2_044/A060_I05.png,1290416
Bird,NG,damage_2_044,A060_I06.png,060,06,NG/damage_2_044/A060_I06.png,1215435
Bird,NG,damage_2_044,A060_I07.png,060,07,NG/damage_2_044/A060_I07.png,1001564
Bird,NG,damage_2_044,A060_I08.png,060,08,NG/damage_2_044/A060_I08.png,1258576
Bird,NG,damage_2_044,A060_I09.png,060,09,NG/damage_2_044/A060_I09.png,1425420
Bird,NG,damage_2_044,A060_I10.png,060,10,NG/damage_2_044/A060_I10.png,1450195
Bird,NG,damage_2_044,A090_I01.png,090,01,NG/damage_2_044/A090_I01.png,1160426
Bird,NG,damage_2_044,A090_I02.png,090,02,NG/damage_2_044/A090_I02.png,1306138
Bird,NG,damage_2_044,A090_I03.png,090,03,NG/damage_2_044/A090_I03.png,1208878
Bird,NG,damage_2_044,A090_I04.png,090,04,NG/damage_2_044/A090_I04.png,1301558
Bird,NG,damage_2_044,A090_I05.png,090,05,NG/damage_2_044/A090_I05.png,1303402
Bird,NG,damage_2_044,A090_I06.png,090,06,NG/damage_2_044/A090_I06.png,1220125
Bird,NG,damage_2_044,A090_I07.png,090,07,NG/damage_2_044/A090_I07.png,1000123
Bird,NG,damage_2_044,A090_I08.png,090,08,NG/damage_2_044/A090_I08.png,1245006
Bird,NG,damage_2_044,A090_I09.png,090,09,NG/damage_2_044/A090_I09.png,1421544
Bird,NG,damage_2_044,A090_I10.png,090,10,NG/damage_2_044/A090_I10.png,1449055
Bird,NG,damage_2_044,A120_I01.png,120,01,NG/damage_2_044/A120_I01.png,1160282
Bird,NG,damage_2_044,A120_I02.png,120,02,NG/damage_2_044/A120_I02.png,1301152
Bird,NG,damage_2_044,A120_I03.png,120,03,NG/damage_2_044/A120_I03.png,1214849
Bird,NG,damage_2_044,A120_I04.png,120,04,NG/damage_2_044/A120_I04.png,1315434
Bird,NG,damage_2_044,A120_I05.png,120,05,NG/damage_2_044/A120_I05.png,1332488
Bird,NG,damage_2_044,A120_I06.png,120,06,NG/damage_2_044/A120_I06.png,1247993
Bird,NG,damage_2_044,A120_I07.png,120,07,NG/damage_2_044/A120_I07.png,1035988
Bird,NG,damage_2_044,A120_I08.png,120,08,NG/damage_2_044/A120_I08.png,1258436
Bird,NG,damage_2_044,A120_I09.png,120,09,NG/damage_2_044/A120_I09.png,1444622
Bird,NG,damage_2_044,A120_I10.png,120,10,NG/damage_2_044/A120_I10.png,1467596
Bird,NG,damage_2_044,A150_I01.png,150,01,NG/damage_2_044/A150_I01.png,1163690
Bird,NG,damage_2_044,A150_I02.png,150,02,NG/damage_2_044/A150_I02.png,1302922
Bird,NG,damage_2_044,A150_I03.png,150,03,NG/damage_2_044/A150_I03.png,1236848
Bird,NG,damage_2_044,A150_I04.png,150,04,NG/damage_2_044/A150_I04.png,1324607
Bird,NG,damage_2_044,A150_I05.png,150,05,NG/damage_2_044/A150_I05.png,1337813
Bird,NG,damage_2_044,A150_I06.png,150,06,NG/damage_2_044/A150_I06.png,1255021
Bird,NG,damage_2_044,A150_I07.png,150,07,NG/damage_2_044/A150_I07.png,1049371
Bird,NG,damage_2_044,A150_I08.png,150,08,NG/damage_2_044/A150_I08.png,1265140
Bird,NG,damage_2_044,A150_I09.png,150,09,NG/damage_2_044/A150_I09.png,1457840
Bird,NG,damage_2_044,A150_I10.png,150,10,NG/damage_2_044/A150_I10.png,1479470
Bird,NG,damage_2_044,A180_I01.png,180,01,NG/damage_2_044/A180_I01.png,1177284
Bird,NG,damage_2_044,A180_I02.png,180,02,NG/damage_2_044/A180_I02.png,1323068
Bird,NG,damage_2_044,A180_I03.png,180,03,NG/damage_2_044/A180_I03.png,1257138
Bird,NG,damage_2_044,A180_I04.png,180,04,NG/damage_2_044/A180_I04.png,1332045
Bird,NG,damage_2_044,A180_I05.png,180,05,NG/damage_2_044/A180_I05.png,1332261
Bird,NG,damage_2_044,A180_I06.png,180,06,NG/damage_2_044/A180_I06.png,1237442
Bird,NG,damage_2_044,A180_I07.png,180,07,NG/damage_2_044/A180_I07.png,1019475
Bird,NG,damage_2_044,A180_I08.png,180,08,NG/damage_2_044/A180_I08.png,1257398
Bird,NG,damage_2_044,A180_I09.png,180,09,NG/damage_2_044/A180_I09.png,1456225
Bird,NG,damage_2_044,A180_I10.png,180,10,NG/damage_2_044/A180_I10.png,1477483
Bird,NG,damage_2_044,A210_I01.png,210,01,NG/damage_2_044/A210_I01.png,1164211
Bird,NG,damage_2_044,A210_I02.png,210,02,NG/damage_2_044/A210_I02.png,1328448
Bird,NG,damage_2_044,A210_I03.png,210,03,NG/damage_2_044/A210_I03.png,1264652
Bird,NG,damage_2_044,A210_I04.png,210,04,NG/damage_2_044/A210_I04.png,1342375
Bird,NG,damage_2_044,A210_I05.png,210,05,NG/damage_2_044/A210_I05.png,1344792
Bird,NG,damage_2_044,A210_I06.png,210,06,NG/damage_2_044/A210_I06.png,1257035
Bird,NG,damage_2_044,A210_I07.png,210,07,NG/damage_2_044/A210_I07.png,1042799
Bird,NG,damage_2_044,A210_I08.png,210,08,NG/damage_2_044/A210_I08.png,1262824
Bird,NG,damage_2_044,A210_I09.png,210,09,NG/damage_2_044/A210_I09.png,1468605
Bird,NG,damage_2_044,A210_I10.png,210,10,NG/damage_2_044/A210_I10.png,1490848
Bird,NG,damage_2_044,A240_I01.png,240,01,NG/damage_2_044/A240_I01.png,1171487
Bird,NG,damage_2_044,A240_I02.png,240,02,NG/damage_2_044/A240_I02.png,1342049
Bird,NG,damage_2_044,A240_I03.png,240,03,NG/damage_2_044/A240_I03.png,1273176
Bird,NG,damage_2_044,A240_I04.png,240,04,NG/damage_2_044/A240_I04.png,1362225
Bird,NG,damage_2_044,A240_I05.png,240,05,NG/damage_2_044/A240_I05.png,1376519
Bird,NG,damage_2_044,A240_I06.png,240,06,NG/damage_2_044/A240_I06.png,1280117
Bird,NG,damage_2_044,A240_I07.png,240,07,NG/damage_2_044/A240_I07.png,1067116
Bird,NG,damage_2_044,A240_I08.png,240,08,NG/damage_2_044/A240_I08.png,1271996
Bird,NG,damage_2_044,A240_I09.png,240,09,NG/damage_2_044/A240_I09.png,1483520
Bird,NG,damage_2_044,A240_I10.png,240,10,NG/damage_2_044/A240_I10.png,1503641
Bird,NG,damage_2_044,A270_I01.png,270,01,NG/damage_2_044/A270_I01.png,1183343
Bird,NG,damage_2_044,A270_I02.png,270,02,NG/damage_2_044/A270_I02.png,1352336
Bird,NG,damage_2_044,A270_I03.png,270,03,NG/damage_2_044/A270_I03.png,1272601
Bird,NG,damage_2_044,A270_I04.png,270,04,NG/damage_2_044/A270_I04.png,1372061
Bird,NG,damage_2_044,A270_I05.png,270,05,NG/damage_2_044/A270_I05.png,1390614
Bird,NG,damage_2_044,A270_I06.png,270,06,NG/damage_2_044/A270_I06.png,1300850
Bird,NG,damage_2_044,A270_I07.png,270,07,NG/damage_2_044/A270_I07.png,1099241
Bird,NG,damage_2_044,A270_I08.png,270,08,NG/damage_2_044/A270_I08.png,1295445
Bird,NG,damage_2_044,A270_I09.png,270,09,NG/damage_2_044/A270_I09.png,1495738
Bird,NG,damage_2_044,A270_I10.png,270,10,NG/damage_2_044/A270_I10.png,1511209
Bird,NG,damage_2_044,A300_I01.png,300,01,NG/damage_2_044/A300_I01.png,1221026
Bird,NG,damage_2_044,A300_I02.png,300,02,NG/damage_2_044/A300_I02.png,1368312
Bird,NG,damage_2_044,A300_I03.png,300,03,NG/damage_2_044/A300_I03.png,1261273
Bird,NG,damage_2_044,A300_I04.png,300,04,NG/damage_2_044/A300_I04.png,1354419
Bird,NG,damage_2_044,A300_I05.png,300,05,NG/damage_2_044/A300_I05.png,1370443
Bird,NG,damage_2_044,A300_I06.png,300,06,NG/damage_2_044/A300_I06.png,1289258
Bird,NG,damage_2_044,A300_I07.png,300,07,NG/damage_2_044/A300_I07.png,1101901
Bird,NG,damage_2_044,A300_I08.png,300,08,NG/damage_2_044/A300_I08.png,1324724
Bird,NG,damage_2_044,A300_I09.png,300,09,NG/damage_2_044/A300_I09.png,1498944
Bird,NG,damage_2_044,A300_I10.png,300,10,NG/damage_2_044/A300_I10.png,1509202
Bird,NG,damage_2_044,A330_I01.png,330,01,NG/damage_2_044/A330_I01.png,1232167
Bird,NG,damage_2_044,A330_I02.png,330,02,NG/damage_2_044/A330_I02.png,1363888
Bird,NG,damage_2_044,A330_I03.png,330,03,NG/damage_2_044/A330_I03.png,1246685
Bird,NG,damage_2_044,A330_I04.png,330,04,NG/damage_2_044/A330_I04.png,1320562
Bird,NG,damage_2_044,A330_I05.png,330,05,NG/damage_2_044/A330_I05.png,1333755
Bird,NG,damage_2_044,A330_I06.png,330,06,NG/damage_2_044/A330_I06.png,1264960
Bird,NG,damage_2_044,A330_I07.png,330,07,NG/damage_2_044/A330_I07.png,1094556
Bird,NG,damage_2_044,A330_I08.png,330,08,NG/damage_2_044/A330_I08.png,1326749
Bird,NG,damage_2_044,A330_I09.png,330,09,NG/damage_2_044/A330_I09.png,1483745
Bird,NG,damage_2_044,A330_I10.png,330,10,NG/damage_2_044/A330_I10.png,1493015
Bird,NG,damage_2_hole_2_scratch_2_049,A000_I01.png,000,01,NG/damage_2_hole_2_scratch_2_049/A000_I01.png,1200765
Bird,NG,damage_2_hole_2_scratch_2_049,A000_I02.png,000,02,NG/damage_2_hole_2_scratch_2_049/A000_I02.png,1333492
Bird,NG,damage_2_hole_2_scratch_2_049,A000_I03.png,000,03,NG/damage_2_hole_2_scratch_2_049/A000_I03.png,1229197
Bird,NG,damage_2_hole_2_scratch_2_049,A000_I04.png,000,04,NG/damage_2_hole_2_scratch_2_049/A000_I04.png,1310005
Bird,NG,damage_2_hole_2_scratch_2_049,A000_I05.png,000,05,NG/damage_2_hole_2_scratch_2_049/A000_I05.png,1322608
Bird,NG,damage_2_hole_2_scratch_2_049,A000_I06.png,000,06,NG/damage_2_hole_2_scratch_2_049/A000_I06.png,1251614
Bird,NG,damage_2_hole_2_scratch_2_049,A000_I07.png,000,07,NG/damage_2_hole_2_scratch_2_049/A000_I07.png,1074833
Bird,NG,damage_2_hole_2_scratch_2_049,A000_I08.png,000,08,NG/damage_2_hole_2_scratch_2_049/A000_I08.png,1297571
Bird,NG,damage_2_hole_2_scratch_2_049,A000_I09.png,000,09,NG/damage_2_hole_2_scratch_2_049/A000_I09.png,1456297
Bird,NG,damage_2_hole_2_scratch_2_049,A000_I10.png,000,10,NG/damage_2_hole_2_scratch_2_049/A000_I10.png,1471963
Bird,NG,damage_2_hole_2_scratch_2_049,A030_I01.png,030,01,NG/damage_2_hole_2_scratch_2_049/A030_I01.png,1196687
Bird,NG,damage_2_hole_2_scratch_2_049,A030_I02.png,030,02,NG/damage_2_hole_2_scratch_2_049/A030_I02.png,1328114
Bird,NG,damage_2_hole_2_scratch_2_049,A030_I03.png,030,03,NG/damage_2_hole_2_scratch_2_049/A030_I03.png,1216484
Bird,NG,damage_2_hole_2_scratch_2_049,A030_I04.png,030,04,NG/damage_2_hole_2_scratch_2_049/A030_I04.png,1294940
Bird,NG,damage_2_hole_2_scratch_2_049,A030_I05.png,030,05,NG/damage_2_hole_2_scratch_2_049/A030_I05.png,1305190
Bird,NG,damage_2_hole_2_scratch_2_049,A030_I06.png,030,06,NG/damage_2_hole_2_scratch_2_049/A030_I06.png,1221428
Bird,NG,damage_2_hole_2_scratch_2_049,A030_I07.png,030,07,NG/damage_2_hole_2_scratch_2_049/A030_I07.png,1023938
Bird,NG,damage_2_hole_2_scratch_2_049,A030_I08.png,030,08,NG/damage_2_hole_2_scratch_2_049/A030_I08.png,1277975
Bird,NG,damage_2_hole_2_scratch_2_049,A030_I09.png,030,09,NG/damage_2_hole_2_scratch_2_049/A030_I09.png,1435289
Bird,NG,damage_2_hole_2_scratch_2_049,A030_I10.png,030,10,NG/damage_2_hole_2_scratch_2_049/A030_I10.png,1455640
Bird,NG,damage_2_hole_2_scratch_2_049,A060_I01.png,060,01,NG/damage_2_hole_2_scratch_2_049/A060_I01.png,1172443
Bird,NG,damage_2_hole_2_scratch_2_049,A060_I02.png,060,02,NG/damage_2_hole_2_scratch_2_049/A060_I02.png,1314728
Bird,NG,damage_2_hole_2_scratch_2_049,A060_I03.png,060,03,NG/damage_2_hole_2_scratch_2_049/A060_I03.png,1208876
Bird,NG,damage_2_hole_2_scratch_2_049,A060_I04.png,060,04,NG/damage_2_hole_2_scratch_2_049/A060_I04.png,1293620
Bird,NG,damage_2_hole_2_scratch_2_049,A060_I05.png,060,05,NG/damage_2_hole_2_scratch_2_049/A060_I05.png,1290745
Bird,NG,damage_2_hole_2_scratch_2_049,A060_I06.png,060,06,NG/damage_2_hole_2_scratch_2_049/A060_I06.png,1213097
Bird,NG,damage_2_hole_2_scratch_2_049,A060_I07.png,060,07,NG/damage_2_hole_2_scratch_2_049/A060_I07.png,1003249
Bird,NG,damage_2_hole_2_scratch_2_049,A060_I08.png,060,08,NG/damage_2_hole_2_scratch_2_049/A060_I08.png,1254427
Bird,NG,damage_2_hole_2_scratch_2_049,A060_I09.png,060,09,NG/damage_2_hole_2_scratch_2_049/A060_I09.png,1422515
Bird,NG,damage_2_hole_2_scratch_2_049,A060_I10.png,060,10,NG/damage_2_hole_2_scratch_2_049/A060_I10.png,1447615
Bird,NG,damage_2_hole_2_scratch_2_049,A090_I01.png,090,01,NG/damage_2_hole_2_scratch_2_049/A090_I01.png,1155085
Bird,NG,damage_2_hole_2_scratch_2_049,A090_I02.png,090,02,NG/damage_2_hole_2_scratch_2_049/A090_I02.png,1300575
Bird,NG,damage_2_hole_2_scratch_2_049,A090_I03.png,090,03,NG/damage_2_hole_2_scratch_2_049/A090_I03.png,1203524
Bird,NG,damage_2_hole_2_scratch_2_049,A090_I04.png,090,04,NG/damage_2_hole_2_scratch_2_049/A090_I04.png,1303283
Bird,NG,damage_2_hole_2_scratch_2_049,A090_I05.png,090,05,NG/damage_2_hole_2_scratch_2_049/A090_I05.png,1306769
Bird,NG,damage_2_hole_2_scratch_2_049,A090_I06.png,090,06,NG/damage_2_hole_2_scratch_2_049/A090_I06.png,1221616
Bird,NG,damage_2_hole_2_scratch_2_049,A090_I07.png,090,07,NG/damage_2_hole_2_scratch_2_049/A090_I07.png,1005296
Bird,NG,damage_2_hole_2_scratch_2_049,A090_I08.png,090,08,NG/damage_2_hole_2_scratch_2_049/A090_I08.png,1238409
Bird,NG,damage_2_hole_2_scratch_2_049,A090_I09.png,090,09,NG/damage_2_hole_2_scratch_2_049/A090_I09.png,1419506
Bird,NG,damage_2_hole_2_scratch_2_049,A090_I10.png,090,10,NG/damage_2_hole_2_scratch_2_049/A090_I10.png,1445839
Bird,NG,damage_2_hole_2_scratch_2_049,A120_I01.png,120,01,NG/damage_2_hole_2_scratch_2_049/A120_I01.png,1152057
Bird,NG,damage_2_hole_2_scratch_2_049,A120_I02.png,120,02,NG/damage_2_hole_2_scratch_2_049/A120_I02.png,1298924
Bird,NG,damage_2_hole_2_scratch_2_049,A120_I03.png,120,03,NG/damage_2_hole_2_scratch_2_049/A120_I03.png,1210345
Bird,NG,damage_2_hole_2_scratch_2_049,A120_I04.png,120,04,NG/damage_2_hole_2_scratch_2_049/A120_I04.png,1320282
Bird,NG,damage_2_hole_2_scratch_2_049,A120_I05.png,120,05,NG/damage_2_hole_2_scratch_2_049/A120_I05.png,1337400
Bird,NG,damage_2_hole_2_scratch_2_049,A120_I06.png,120,06,NG/damage_2_hole_2_scratch_2_049/A120_I06.png,1258271
Bird,NG,damage_2_hole_2_scratch_2_049,A120_I07.png,120,07,NG/damage_2_hole_2_scratch_2_049/A120_I07.png,1042385
Bird,NG,damage_2_hole_2_scratch_2_049,A120_I08.png,120,08,NG/damage_2_hole_2_scratch_2_049/A120_I08.png,1257687
Bird,NG,damage_2_hole_2_scratch_2_049,A120_I09.png,120,09,NG/damage_2_hole_2_scratch_2_049/A120_I09.png,1448660
Bird,NG,damage_2_hole_2_scratch_2_049,A120_I10.png,120,10,NG/damage_2_hole_2_scratch_2_049/A120_I10.png,1472032
Bird,NG,damage_2_hole_2_scratch_2_049,A150_I01.png,150,01,NG/damage_2_hole_2_scratch_2_049/A150_I01.png,1165972
Bird,NG,damage_2_hole_2_scratch_2_049,A150_I02.png,150,02,NG/damage_2_hole_2_scratch_2_049/A150_I02.png,1305953
Bird,NG,damage_2_hole_2_scratch_2_049,A150_I03.png,150,03,NG/damage_2_hole_2_scratch_2_049/A150_I03.png,1228718
Bird,NG,damage_2_hole_2_scratch_2_049,A150_I04.png,150,04,NG/damage_2_hole_2_scratch_2_049/A150_I04.png,1324095
Bird,NG,damage_2_hole_2_scratch_2_049,A150_I05.png,150,05,NG/damage_2_hole_2_scratch_2_049/A150_I05.png,1341710
Bird,NG,damage_2_hole_2_scratch_2_049,A150_I06.png,150,06,NG/damage_2_hole_2_scratch_2_049/A150_I06.png,1262186
Bird,NG,damage_2_hole_2_scratch_2_049,A150_I07.png,150,07,NG/damage_2_hole_2_scratch_2_049/A150_I07.png,1053890
Bird,NG,damage_2_hole_2_scratch_2_049,A150_I08.png,150,08,NG/damage_2_hole_2_scratch_2_049/A150_I08.png,1269850
Bird,NG,damage_2_hole_2_scratch_2_049,A150_I09.png,150,09,NG/damage_2_hole_2_scratch_2_049/A150_I09.png,1458807
Bird,NG,damage_2_hole_2_scratch_2_049,A150_I10.png,150,10,NG/damage_2_hole_2_scratch_2_049/A150_I10.png,1482852
Bird,NG,damage_2_hole_2_scratch_2_049,A180_I01.png,180,01,NG/damage_2_hole_2_scratch_2_049/A180_I01.png,1181567
Bird,NG,damage_2_hole_2_scratch_2_049,A180_I02.png,180,02,NG/damage_2_hole_2_scratch_2_049/A180_I02.png,1328548
Bird,NG,damage_2_hole_2_scratch_2_049,A180_I03.png,180,03,NG/damage_2_hole_2_scratch_2_049/A180_I03.png,1251333
Bird,NG,damage_2_hole_2_scratch_2_049,A180_I04.png,180,04,NG/damage_2_hole_2_scratch_2_049/A180_I04.png,1340737
Bird,NG,damage_2_hole_2_scratch_2_049,A180_I05.png,180,05,NG/damage_2_hole_2_scratch_2_049/A180_I05.png,1350693
Bird,NG,damage_2_hole_2_scratch_2_049,A180_I06.png,180,06,NG/damage_2_hole_2_scratch_2_049/A180_I06.png,1265349
Bird,NG,damage_2_hole_2_scratch_2_049,A180_I07.png,180,07,NG/damage_2_hole_2_scratch_2_049/A180_I07.png,1053458
Bird,NG,damage_2_hole_2_scratch_2_049,A180_I08.png,180,08,NG/damage_2_hole_2_scratch_2_049/A180_I08.png,1275608
Bird,NG,damage_2_hole_2_scratch_2_049,A180_I09.png,180,09,NG/damage_2_hole_2_scratch_2_049/A180_I09.png,1474421
Bird,NG,damage_2_hole_2_scratch_2_049,A180_I10.png,180,10,NG/damage_2_hole_2_scratch_2_049/A180_I10.png,1493811
Bird,NG,damage_2_hole_2_scratch_2_049,A210_I01.png,210,01,NG/damage_2_hole_2_scratch_2_049/A210_I01.png,1171079
Bird,NG,damage_2_hole_2_scratch_2_049,A210_I02.png,210,02,NG/damage_2_hole_2_scratch_2_049/A210_I02.png,1332530
Bird,NG,damage_2_hole_2_scratch_2_049,A210_I03.png,210,03,NG/damage_2_hole_2_scratch_2_049/A210_I03.png,1261135
Bird,NG,damage_2_hole_2_scratch_2_049,A210_I04.png,210,04,NG/damage_2_hole_2_scratch_2_049/A210_I04.png,1360920
Bird,NG,damage_2_hole_2_scratch_2_049,A210_I05.png,210,05,NG/damage_2_hole_2_scratch_2_049/A210_I05.png,1373329
Bird,NG,damage_2_hole_2_scratch_2_049,A210_I06.png,210,06,NG/damage_2_hole_2_scratch_2_049/A210_I06.png,1286132
Bird,NG,damage_2_hole_2_scratch_2_049,A210_I07.png,210,07,NG/damage_2_hole_2_scratch_2_049/A210_I07.png,1059072
Bird,NG,damage_2_hole_2_scratch_2_049,A210_I08.png,210,08,NG/damage_2_hole_2_scratch_2_049/A210_I08.png,1269968
Bird,NG,damage_2_hole_2_scratch_2_049,A210_I09.png,210,09,NG/damage_2_hole_2_scratch_2_049/A210_I09.png,1483176
Bird,NG,damage_2_hole_2_scratch_2_049,A210_I10.png,210,10,NG/damage_2_hole_2_scratch_2_049/A210_I10.png,1501726
Bird,NG,damage_2_hole_2_scratch_2_049,A240_I01.png,240,01,NG/damage_2_hole_2_scratch_2_049/A240_I01.png,1192461
Bird,NG,damage_2_hole_2_scratch_2_049,A240_I02.png,240,02,NG/damage_2_hole_2_scratch_2_049/A240_I02.png,1355211
Bird,NG,damage_2_hole_2_scratch_2_049,A240_I03.png,240,03,NG/damage_2_hole_2_scratch_2_049/A240_I03.png,1271440
Bird,NG,damage_2_hole_2_scratch_2_049,A240_I04.png,240,04,NG/damage_2_hole_2_scratch_2_049/A240_I04.png,1375532
Bird,NG,damage_2_hole_2_scratch_2_049,A240_I05.png,240,05,NG/damage_2_hole_2_scratch_2_049/A240_I05.png,1397213
Bird,NG,damage_2_hole_2_scratch_2_049,A240_I06.png,240,06,NG/damage_2_hole_2_scratch_2_049/A240_I06.png,1306792
Bird,NG,damage_2_hole_2_scratch_2_049,A240_I07.png,240,07,NG/damage_2_hole_2_scratch_2_049/A240_I07.png,1096807
Bird,NG,damage_2_hole_2_scratch_2_049,A240_I08.png,240,08,NG/damage_2_hole_2_scratch_2_049/A240_I08.png,1296475
Bird,NG,damage_2_hole_2_scratch_2_049,A240_I09.png,240,09,NG/damage_2_hole_2_scratch_2_049/A240_I09.png,1503848
Bird,NG,damage_2_hole_2_scratch_2_049,A240_I10.png,240,10,NG/damage_2_hole_2_scratch_2_049/A240_I10.png,1518375
Bird,NG,damage_2_hole_2_scratch_2_049,A270_I01.png,270,01,NG/damage_2_hole_2_scratch_2_049/A270_I01.png,1211576
Bird,NG,damage_2_hole_2_scratch_2_049,A270_I02.png,270,02,NG/damage_2_hole_2_scratch_2_049/A270_I02.png,1371571
Bird,NG,damage_2_hole_2_scratch_2_049,A270_I03.png,270,03,NG/damage_2_hole_2_scratch_2_049/A270_I03.png,1276407
Bird,NG,damage_2_hole_2_scratch_2_049,A270_I04.png,270,04,NG/damage_2_hole_2_scratch_2_049/A270_I04.png,1375162
Bird,NG,damage_2_hole_2_scratch_2_049,A270_I05.png,270,05,NG/damage_2_hole_2_scratch_2_049/A270_I05.png,1389992
Bird,NG,damage_2_hole_2_scratch_2_049,A270_I06.png,270,06,NG/damage_2_hole_2_scratch_2_049/A270_I06.png,1305601
Bird,NG,damage_2_hole_2_scratch_2_049,A270_I07.png,270,07,NG/damage_2_hole_2_scratch_2_049/A270_I07.png,1109250
Bird,NG,damage_2_hole_2_scratch_2_049,A270_I08.png,270,08,NG/damage_2_hole_2_scratch_2_049/A270_I08.png,1315517
Bird,NG,damage_2_hole_2_scratch_2_049,A270_I09.png,270,09,NG/damage_2_hole_2_scratch_2_049/A270_I09.png,1506113
Bird,NG,damage_2_hole_2_scratch_2_049,A270_I10.png,270,10,NG/damage_2_hole_2_scratch_2_049/A270_I10.png,1516388
Bird,NG,damage_2_hole_2_scratch_2_049,A300_I01.png,300,01,NG/damage_2_hole_2_scratch_2_049/A300_I01.png,1236982
Bird,NG,damage_2_hole_2_scratch_2_049,A300_I02.png,300,02,NG/damage_2_hole_2_scratch_2_049/A300_I02.png,1378179
Bird,NG,damage_2_hole_2_scratch_2_049,A300_I03.png,300,03,NG/damage_2_hole_2_scratch_2_049/A300_I03.png,1263391
Bird,NG,damage_2_hole_2_scratch_2_049,A300_I04.png,300,04,NG/damage_2_hole_2_scratch_2_049/A300_I04.png,1352608
Bird,NG,damage_2_hole_2_scratch_2_049,A300_I05.png,300,05,NG/damage_2_hole_2_scratch_2_049/A300_I05.png,1366554
Bird,NG,damage_2_hole_2_scratch_2_049,A300_I06.png,300,06,NG/damage_2_hole_2_scratch_2_049/A300_I06.png,1287100
Bird,NG,damage_2_hole_2_scratch_2_049,A300_I07.png,300,07,NG/damage_2_hole_2_scratch_2_049/A300_I07.png,1109304
Bird,NG,damage_2_hole_2_scratch_2_049,A300_I08.png,300,08,NG/damage_2_hole_2_scratch_2_049/A300_I08.png,1336181
Bird,NG,damage_2_hole_2_scratch_2_049,A300_I09.png,300,09,NG/damage_2_hole_2_scratch_2_049/A300_I09.png,1500438
Bird,NG,damage_2_hole_2_scratch_2_049,A300_I10.png,300,10,NG/damage_2_hole_2_scratch_2_049/A300_I10.png,1507929
Bird,NG,damage_2_hole_2_scratch_2_049,A330_I01.png,330,01,NG/damage_2_hole_2_scratch_2_049/A330_I01.png,1234530
Bird,NG,damage_2_hole_2_scratch_2_049,A330_I02.png,330,02,NG/damage_2_hole_2_scratch_2_049/A330_I02.png,1364686
Bird,NG,damage_2_hole_2_scratch_2_049,A330_I03.png,330,03,NG/damage_2_hole_2_scratch_2_049/A330_I03.png,1252013
Bird,NG,damage_2_hole_2_scratch_2_049,A330_I04.png,330,04,NG/damage_2_hole_2_scratch_2_049/A330_I04.png,1325364
Bird,NG,damage_2_hole_2_scratch_2_049,A330_I05.png,330,05,NG/damage_2_hole_2_scratch_2_049/A330_I05.png,1337126
Bird,NG,damage_2_hole_2_scratch_2_049,A330_I06.png,330,06,NG/damage_2_hole_2_scratch_2_049/A330_I06.png,1272250
Bird,NG,damage_2_hole_2_scratch_2_049,A330_I07.png,330,07,NG/damage_2_hole_2_scratch_2_049/A330_I07.png,1110478
Bird,NG,damage_2_hole_2_scratch_2_049,A330_I08.png,330,08,NG/damage_2_hole_2_scratch_2_049/A330_I08.png,1334247
Bird,NG,damage_2_hole_2_scratch_2_049,A330_I09.png,330,09,NG/damage_2_hole_2_scratch_2_049/A330_I09.png,1488381
Bird,NG,damage_2_hole_2_scratch_2_049,A330_I10.png,330,10,NG/damage_2_hole_2_scratch_2_049/A330_I10.png,1496501
Bird,NG,damage_3_019,A000_I01.png,000,01,NG/damage_3_019/A000_I01.png,1203331
Bird,NG,damage_3_019,A000_I02.png,000,02,NG/damage_3_019/A000_I02.png,1347892
Bird,NG,damage_3_019,A000_I03.png,000,03,NG/damage_3_019/A000_I03.png,1254854
Bird,NG,damage_3_019,A000_I04.png,000,04,NG/damage_3_019/A000_I04.png,1316381
Bird,NG,damage_3_019,A000_I05.png,000,05,NG/damage_3_019/A000_I05.png,1289646
Bird,NG,damage_3_019,A000_I06.png,000,06,NG/damage_3_019/A000_I06.png,1202383
Bird,NG,damage_3_019,A000_I07.png,000,07,NG/damage_3_019/A000_I07.png,1003565
Bird,NG,damage_3_019,A000_I08.png,000,08,NG/damage_3_019/A000_I08.png,1288509
Bird,NG,damage_3_019,A000_I09.png,000,09,NG/damage_3_019/A000_I09.png,1453978
Bird,NG,damage_3_019,A000_I10.png,000,10,NG/damage_3_019/A000_I10.png,1482378
Bird,NG,damage_3_019,A030_I01.png,030,01,NG/damage_3_019/A030_I01.png,1196730
Bird,NG,damage_3_019,A030_I02.png,030,02,NG/damage_3_019/A030_I02.png,1332489
Bird,NG,damage_3_019,A030_I03.png,030,03,NG/damage_3_019/A030_I03.png,1214610
Bird,NG,damage_3_019,A030_I04.png,030,04,NG/damage_3_019/A030_I04.png,1290451
Bird,NG,damage_3_019,A030_I05.png,030,05,NG/damage_3_019/A030_I05.png,1287123
Bird,NG,damage_3_019,A030_I06.png,030,06,NG/damage_3_019/A030_I06.png,1215255
Bird,NG,damage_3_019,A030_I07.png,030,07,NG/damage_3_019/A030_I07.png,1024015
Bird,NG,damage_3_019,A030_I08.png,030,08,NG/damage_3_019/A030_I08.png,1290189
Bird,NG,damage_3_019,A030_I09.png,030,09,NG/damage_3_019/A030_I09.png,1447472
Bird,NG,damage_3_019,A030_I10.png,030,10,NG/damage_3_019/A030_I10.png,1475617
Bird,NG,damage_3_019,A060_I01.png,060,01,NG/damage_3_019/A060_I01.png,1155830
Bird,NG,damage_3_019,A060_I02.png,060,02,NG/damage_3_019/A060_I02.png,1297557
Bird,NG,damage_3_019,A060_I03.png,060,03,NG/damage_3_019/A060_I03.png,1190216
Bird,NG,damage_3_019,A060_I04.png,060,04,NG/damage_3_019/A060_I04.png,1282491
Bird,NG,damage_3_019,A060_I05.png,060,05,NG/damage_3_019/A060_I05.png,1275350
Bird,NG,damage_3_019,A060_I06.png,060,06,NG/damage_3_019/A060_I06.png,1201716
Bird,NG,damage_3_019,A060_I07.png,060,07,NG/damage_3_019/A060_I07.png,999355
Bird,NG,damage_3_019,A060_I08.png,060,08,NG/damage_3_019/A060_I08.png,1248182
Bird,NG,damage_3_019,A060_I09.png,060,09,NG/damage_3_019/A060_I09.png,1414791
Bird,NG,damage_3_019,A060_I10.png,060,10,NG/damage_3_019/A060_I10.png,1447103
Bird,NG,damage_3_019,A090_I01.png,090,01,NG/damage_3_019/A090_I01.png,1126523
Bird,NG,damage_3_019,A090_I02.png,090,02,NG/damage_3_019/A090_I02.png,1276889
Bird,NG,damage_3_019,A090_I03.png,090,03,NG/damage_3_019/A090_I03.png,1176653
Bird,NG,damage_3_019,A090_I04.png,090,04,NG/damage_3_019/A090_I04.png,1281894
Bird,NG,damage_3_019,A090_I05.png,090,05,NG/damage_3_019/A090_I05.png,1274755
Bird,NG,damage_3_019,A090_I06.png,090,06,NG/damage_3_019/A090_I06.png,1195301
Bird,NG,damage_3_019,A090_I07.png,090,07,NG/damage_3_019/A090_I07.png,980250
Bird,NG,damage_3_019,A090_I08.png,090,08,NG/damage_3_019/A090_I08.png,1226926
Bird,NG,damage_3_019,A090_I09.png,090,09,NG/damage_3_019/A090_I09.png,1405036
Bird,NG,damage_3_019,A090_I10.png,090,10,NG/damage_3_019/A090_I10.png,1441722
Bird,NG,damage_3_019,A120_I01.png,120,01,NG/damage_3_019/A120_I01.png,1110812
Bird,NG,damage_3_019,A120_I02.png,120,02,NG/damage_3_019/A120_I02.png,1265597
Bird,NG,damage_3_019,A120_I03.png,120,03,NG/damage_3_019/A120_I03.png,1173834
Bird,NG,damage_3_019,A120_I04.png,120,04,NG/damage_3_019/A120_I04.png,1295939
Bird,NG,damage_3_019,A120_I05.png,120,05,NG/damage_3_019/A120_I05.png,1297049
Bird,NG,damage_3_019,A120_I06.png,120,06,NG/damage_3_019/A120_I06.png,1215580
Bird,NG,damage_3_019,A120_I07.png,120,07,NG/damage_3_019/A120_I07.png,988181
Bird,NG,damage_3_019,A120_I08.png,120,08,NG/damage_3_019/A120_I08.png,1227388
Bird,NG,damage_3_019,A120_I09.png,120,09,NG/damage_3_019/A120_I09.png,1414001
Bird,NG,damage_3_019,A120_I10.png,120,10,NG/damage_3_019/A120_I10.png,1452028
Bird,NG,damage_3_019,A150_I01.png,150,01,NG/damage_3_019/A150_I01.png,1126239
Bird,NG,damage_3_019,A150_I02.png,150,02,NG/damage_3_019/A150_I02.png,1272919
Bird,NG,damage_3_019,A150_I03.png,150,03,NG/damage_3_019/A150_I03.png,1181229
Bird,NG,damage_3_019,A150_I04.png,150,04,NG/damage_3_019/A150_I04.png,1310528
Bird,NG,damage_3_019,A150_I05.png,150,05,NG/damage_3_019/A150_I05.png,1320404
Bird,NG,damage_3_019,A150_I06.png,150,06,NG/damage_3_019/A150_I06.png,1252273
Bird,NG,damage_3_019,A150_I07.png,150,07,NG/damage_3_019/A150_I07.png,1048676
Bird,NG,damage_3_019,A150_I08.png,150,08,NG/damage_3_019/A150_I08.png,1257883
Bird,NG,damage_3_019,A150_I09.png,150,09,NG/damage_3_019/A150_I09.png,1441309
Bird,NG,damage_3_019,A150_I10.png,150,10,NG/damage_3_019/A150_I10.png,1476388
Bird,NG,damage_3_019,A180_I01.png,180,01,NG/damage_3_019/A180_I01.png,1130922
Bird,NG,damage_3_019,A180_I02.png,180,02,NG/damage_3_019/A180_I02.png,1288238
Bird,NG,damage_3_019,A180_I03.png,180,03,NG/damage_3_019/A180_I03.png,1196080
Bird,NG,damage_3_019,A180_I04.png,180,04,NG/damage_3_019/A180_I04.png,1340549
Bird,NG,damage_3_019,A180_I05.png,180,05,NG/damage_3_019/A180_I05.png,1360897
Bird,NG,damage_3_019,A180_I06.png,180,06,NG/damage_3_019/A180_I06.png,1287483
Bird,NG,damage_3_019,A180_I07.png,180,07,NG/damage_3_019/A180_I07.png,1069497
Bird,NG,damage_3_019,A180_I08.png,180,08,NG/damage_3_019/A180_I08.png,1261788
Bird,NG,damage_3_019,A180_I09.png,180,09,NG/damage_3_019/A180_I09.png,1464455
Bird,NG,damage_3_019,A180_I10.png,180,10,NG/damage_3_019/A180_I10.png,1498710
Bird,NG,damage_3_019,A210_I01.png,210,01,NG/damage_3_019/A210_I01.png,1177947
Bird,NG,damage_3_019,A210_I02.png,210,02,NG/damage_3_019/A210_I02.png,1330588
Bird,NG,damage_3_019,A210_I03.png,210,03,NG/damage_3_019/A210_I03.png,1224249
Bird,NG,damage_3_019,A210_I04.png,210,04,NG/damage_3_019/A210_I04.png,1365470
Bird,NG,damage_3_019,A210_I05.png,210,05,NG/damage_3_019/A210_I05.png,1388961
Bird,NG,damage_3_019,A210_I06.png,210,06,NG/damage_3_019/A210_I06.png,1311594
Bird,NG,damage_3_019,A210_I07.png,210,07,NG/damage_3_019/A210_I07.png,1083051
Bird,NG,damage_3_019,A210_I08.png,210,08,NG/damage_3_019/A210_I08.png,1291417
Bird,NG,damage_3_019,A210_I09.png,210,09,NG/damage_3_019/A210_I09.png,1493924
Bird,NG,damage_3_019,A210_I10.png,210,10,NG/damage_3_019/A210_I10.png,1522228
Bird,NG,damage_3_019,A240_I01.png,240,01,NG/damage_3_019/A240_I01.png,1203178
Bird,NG,damage_3_019,A240_I02.png,240,02,NG/damage_3_019/A240_I02.png,1363398
Bird,NG,damage_3_019,A240_I03.png,240,03,NG/damage_3_019/A240_I03.png,1252467
Bird,NG,damage_3_019,A240_I04.png,240,04,NG/damage_3_019/A240_I04.png,1379827
Bird,NG,damage_3_019,A240_I05.png,240,05,NG/damage_3_019/A240_I05.png,1398758
Bird,NG,damage_3_019,A240_I06.png,240,06,NG/damage_3_019/A240_I06.png,1318272
Bird,NG,damage_3_019,A240_I07.png,240,07,NG/damage_3_019/A240_I07.png,1098600
Bird,NG,damage_3_019,A240_I08.png,240,08,NG/damage_3_019/A240_I08.png,1311513
Bird,NG,damage_3_019,A240_I09.png,240,09,NG/damage_3_019/A240_I09.png,1514672
Bird,NG,damage_3_019,A240_I10.png,240,10,NG/damage_3_019/A240_I10.png,1542389
Bird,NG,damage_3_019,A270_I01.png,270,01,NG/damage_3_019/A270_I01.png,1219349
Bird,NG,damage_3_019,A270_I02.png,270,02,NG/damage_3_019/A270_I02.png,1379931
Bird,NG,damage_3_019,A270_I03.png,270,03,NG/damage_3_019/A270_I03.png,1273592
Bird,NG,damage_3_019,A270_I04.png,270,04,NG/damage_3_019/A270_I04.png,1366182
Bird,NG,damage_3_019,A270_I05.png,270,05,NG/damage_3_019/A270_I05.png,1358034
Bird,NG,damage_3_019,A270_I06.png,270,06,NG/damage_3_019/A270_I06.png,1282864
Bird,NG,damage_3_019,A270_I07.png,270,07,NG/damage_3_019/A270_I07.png,1086403
Bird,NG,damage_3_019,A270_I08.png,270,08,NG/damage_3_019/A270_I08.png,1321602
Bird,NG,damage_3_019,A270_I09.png,270,09,NG/damage_3_019/A270_I09.png,1503981
Bird,NG,damage_3_019,A270_I10.png,270,10,NG/damage_3_019/A270_I10.png,1530146
Bird,NG,damage_3_019,A300_I01.png,300,01,NG/damage_3_019/A300_I01.png,1241978
Bird,NG,damage_3_019,A300_I02.png,300,02,NG/damage_3_019/A300_I02.png,1387692
Bird,NG,damage_3_019,A300_I03.png,300,03,NG/damage_3_019/A300_I03.png,1271825
Bird,NG,damage_3_019,A300_I04.png,300,04,NG/damage_3_019/A300_I04.png,1356461
Bird,NG,damage_3_019,A300_I05.png,300,05,NG/damage_3_019/A300_I05.png,1343186
Bird,NG,damage_3_019,A300_I06.png,300,06,NG/damage_3_019/A300_I06.png,1264282
Bird,NG,damage_3_019,A300_I07.png,300,07,NG/damage_3_019/A300_I07.png,1071237
Bird,NG,damage_3_019,A300_I08.png,300,08,NG/damage_3_019/A300_I08.png,1335206
Bird,NG,damage_3_019,A300_I09.png,300,09,NG/damage_3_019/A300_I09.png,1505657
Bird,NG,damage_3_019,A300_I10.png,300,10,NG/damage_3_019/A300_I10.png,1524994
Bird,NG,damage_3_019,A330_I01.png,330,01,NG/damage_3_019/A330_I01.png,1224602
Bird,NG,damage_3_019,A330_I02.png,330,02,NG/damage_3_019/A330_I02.png,1365590
Bird,NG,damage_3_019,A330_I03.png,330,03,NG/damage_3_019/A330_I03.png,1264222
Bird,NG,damage_3_019,A330_I04.png,330,04,NG/damage_3_019/A330_I04.png,1335540
Bird,NG,damage_3_019,A330_I05.png,330,05,NG/damage_3_019/A330_I05.png,1315853
Bird,NG,damage_3_019,A330_I06.png,330,06,NG/damage_3_019/A330_I06.png,1233786
Bird,NG,damage_3_019,A330_I07.png,330,07,NG/damage_3_019/A330_I07.png,1038878
Bird,NG,damage_3_019,A330_I08.png,330,08,NG/damage_3_019/A330_I08.png,1310192
Bird,NG,damage_3_019,A330_I09.png,330,09,NG/damage_3_019/A330_I09.png,1478259
Bird,NG,damage_3_019,A330_I10.png,330,10,NG/damage_3_019/A330_I10.png,1500816
Bird,NG,damage_3_045,A000_I01.png,000,01,NG/damage_3_045/A000_I01.png,1188895
Bird,NG,damage_3_045,A000_I02.png,000,02,NG/damage_3_045/A000_I02.png,1329420
Bird,NG,damage_3_045,A000_I03.png,000,03,NG/damage_3_045/A000_I03.png,1228147
Bird,NG,damage_3_045,A000_I04.png,000,04,NG/damage_3_045/A000_I04.png,1308306
Bird,NG,damage_3_045,A000_I05.png,000,05,NG/damage_3_045/A000_I05.png,1319948
Bird,NG,damage_3_045,A000_I06.png,000,06,NG/damage_3_045/A000_I06.png,1251008
Bird,NG,damage_3_045,A000_I07.png,000,07,NG/damage_3_045/A000_I07.png,1089282
Bird,NG,damage_3_045,A000_I08.png,000,08,NG/damage_3_045/A000_I08.png,1294831
Bird,NG,damage_3_045,A000_I09.png,000,09,NG/damage_3_045/A000_I09.png,1456150
Bird,NG,damage_3_045,A000_I10.png,000,10,NG/damage_3_045/A000_I10.png,1475544
Bird,NG,damage_3_045,A030_I01.png,030,01,NG/damage_3_045/A030_I01.png,1171879
Bird,NG,damage_3_045,A030_I02.png,030,02,NG/damage_3_045/A030_I02.png,1312281
Bird,NG,damage_3_045,A030_I03.png,030,03,NG/damage_3_045/A030_I03.png,1211490
Bird,NG,damage_3_045,A030_I04.png,030,04,NG/damage_3_045/A030_I04.png,1293235
Bird,NG,damage_3_045,A030_I05.png,030,05,NG/damage_3_045/A030_I05.png,1295502
Bird,NG,damage_3_045,A030_I06.png,030,06,NG/damage_3_045/A030_I06.png,1216332
Bird,NG,damage_3_045,A030_I07.png,030,07,NG/damage_3_045/A030_I07.png,1020951
Bird,NG,damage_3_045,A030_I08.png,030,08,NG/damage_3_045/A030_I08.png,1265347
Bird,NG,damage_3_045,A030_I09.png,030,09,NG/damage_3_045/A030_I09.png,1427301
Bird,NG,damage_3_045,A030_I10.png,030,10,NG/damage_3_045/A030_I10.png,1453873
Bird,NG,damage_3_045,A060_I01.png,060,01,NG/damage_3_045/A060_I01.png,1169982
Bird,NG,damage_3_045,A060_I02.png,060,02,NG/damage_3_045/A060_I02.png,1313034
Bird,NG,damage_3_045,A060_I03.png,060,03,NG/damage_3_045/A060_I03.png,1202415
Bird,NG,damage_3_045,A060_I04.png,060,04,NG/damage_3_045/A060_I04.png,1289549
Bird,NG,damage_3_045,A060_I05.png,060,05,NG/damage_3_045/A060_I05.png,1284527
Bird,NG,damage_3_045,A060_I06.png,060,06,NG/damage_3_045/A060_I06.png,1211924
Bird,NG,damage_3_045,A060_I07.png,060,07,NG/damage_3_045/A060_I07.png,992051
Bird,NG,damage_3_045,A060_I08.png,060,08,NG/damage_3_045/A060_I08.png,1257612
Bird,NG,damage_3_045,A060_I09.png,060,09,NG/damage_3_045/A060_I09.png,1423319
Bird,NG,damage_3_045,A060_I10.png,060,10,NG/damage_3_045/A060_I10.png,1449710
Bird,NG,damage_3_045,A090_I01.png,090,01,NG/damage_3_045/A090_I01.png,1157366
Bird,NG,damage_3_045,A090_I02.png,090,02,NG/damage_3_045/A090_I02.png,1303224
Bird,NG,damage_3_045,A090_I03.png,090,03,NG/damage_3_045/A090_I03.png,1193462
Bird,NG,damage_3_045,A090_I04.png,090,04,NG/damage_3_045/A090_I04.png,1299291
Bird,NG,damage_3_045,A090_I05.png,090,05,NG/damage_3_045/A090_I05.png,1303942
Bird,NG,damage_3_045,A090_I06.png,090,06,NG/damage_3_045/A090_I06.png,1220007
Bird,NG,damage_3_045,A090_I07.png,090,07,NG/damage_3_045/A090_I07.png,991352
Bird,NG,damage_3_045,A090_I08.png,090,08,NG/damage_3_045/A090_I08.png,1244655
Bird,NG,damage_3_045,A090_I09.png,090,09,NG/damage_3_045/A090_I09.png,1421698
Bird,NG,damage_3_045,A090_I10.png,090,10,NG/damage_3_045/A090_I10.png,1448763
Bird,NG,damage_3_045,A120_I01.png,120,01,NG/damage_3_045/A120_I01.png,1170867
Bird,NG,damage_3_045,A120_I02.png,120,02,NG/damage_3_045/A120_I02.png,1306469
Bird,NG,damage_3_045,A120_I03.png,120,03,NG/damage_3_045/A120_I03.png,1199641
Bird,NG,damage_3_045,A120_I04.png,120,04,NG/damage_3_045/A120_I04.png,1314766
Bird,NG,damage_3_045,A120_I05.png,120,05,NG/damage_3_045/A120_I05.png,1338825
Bird,NG,damage_3_045,A120_I06.png,120,06,NG/damage_3_045/A120_I06.png,1253780
Bird,NG,damage_3_045,A120_I07.png,120,07,NG/damage_3_045/A120_I07.png,1026411
Bird,NG,damage_3_045,A120_I08.png,120,08,NG/damage_3_045/A120_I08.png,1265295
Bird,NG,damage_3_045,A120_I09.png,120,09,NG/damage_3_045/A120_I09.png,1446416
Bird,NG,damage_3_045,A120_I10.png,120,10,NG/damage_3_045/A120_I10.png,1467294
Bird,NG,damage_3_045,A150_I01.png,150,01,NG/damage_3_045/A150_I01.png,1202619
Bird,NG,damage_3_045,A150_I02.png,150,02,NG/damage_3_045/A150_I02.png,1317420
Bird,NG,damage_3_045,A150_I03.png,150,03,NG/damage_3_045/A150_I03.png,1216518
Bird,NG,damage_3_045,A150_I04.png,150,04,NG/damage_3_045/A150_I04.png,1325524
Bird,NG,damage_3_045,A150_I05.png,150,05,NG/damage_3_045/A150_I05.png,1355297
Bird,NG,damage_3_045,A150_I06.png,150,06,NG/damage_3_045/A150_I06.png,1272443
Bird,NG,damage_3_045,A150_I07.png,150,07,NG/damage_3_045/A150_I07.png,1046698
Bird,NG,damage_3_045,A150_I08.png,150,08,NG/damage_3_045/A150_I08.png,1285850
Bird,NG,damage_3_045,A150_I09.png,150,09,NG/damage_3_045/A150_I09.png,1468162
Bird,NG,damage_3_045,A150_I10.png,150,10,NG/damage_3_045/A150_I10.png,1484231
Bird,NG,damage_3_045,A180_I01.png,180,01,NG/damage_3_045/A180_I01.png,1204192
Bird,NG,damage_3_045,A180_I02.png,180,02,NG/damage_3_045/A180_I02.png,1337343
Bird,NG,damage_3_045,A180_I03.png,180,03,NG/damage_3_045/A180_I03.png,1259469
Bird,NG,damage_3_045,A180_I04.png,180,04,NG/damage_3_045/A180_I04.png,1328409
Bird,NG,damage_3_045,A180_I05.png,180,05,NG/damage_3_045/A180_I05.png,1332772
Bird,NG,damage_3_045,A180_I06.png,180,06,NG/damage_3_045/A180_I06.png,1240086
Bird,NG,damage_3_045,A180_I07.png,180,07,NG/damage_3_045/A180_I07.png,1011264
Bird,NG,damage_3_045,A180_I08.png,180,08,NG/damage_3_045/A180_I08.png,1275331
Bird,NG,damage_3_045,A180_I09.png,180,09,NG/damage_3_045/A180_I09.png,1461766
Bird,NG,damage_3_045,A180_I10.png,180,10,NG/damage_3_045/A180_I10.png,1477413
Bird,NG,damage_3_045,A210_I01.png,210,01,NG/damage_3_045/A210_I01.png,1179095
Bird,NG,damage_3_045,A210_I02.png,210,02,NG/damage_3_045/A210_I02.png,1339909
Bird,NG,damage_3_045,A210_I03.png,210,03,NG/damage_3_045/A210_I03.png,1282013
Bird,NG,damage_3_045,A210_I04.png,210,04,NG/damage_3_045/A210_I04.png,1332855
Bird,NG,damage_3_045,A210_I05.png,210,05,NG/damage_3_045/A210_I05.png,1318971
Bird,NG,damage_3_045,A210_I06.png,210,06,NG/damage_3_045/A210_I06.png,1225851
Bird,NG,damage_3_045,A210_I07.png,210,07,NG/damage_3_045/A210_I07.png,998317
Bird,NG,damage_3_045,A210_I08.png,210,08,NG/damage_3_045/A210_I08.png,1258336
Bird,NG,damage_3_045,A210_I09.png,210,09,NG/damage_3_045/A210_I09.png,1453608
Bird,NG,damage_3_045,A210_I10.png,210,10,NG/damage_3_045/A210_I10.png,1473485
Bird,NG,damage_3_045,A240_I01.png,240,01,NG/damage_3_045/A240_I01.png,1174525
Bird,NG,damage_3_045,A240_I02.png,240,02,NG/damage_3_045/A240_I02.png,1347573
Bird,NG,damage_3_045,A240_I03.png,240,03,NG/damage_3_045/A240_I03.png,1297036
Bird,NG,damage_3_045,A240_I04.png,240,04,NG/damage_3_045/A240_I04.png,1345121
Bird,NG,damage_3_045,A240_I05.png,240,05,NG/damage_3_045/A240_I05.png,1337577
Bird,NG,damage_3_045,A240_I06.png,240,06,NG/damage_3_045/A240_I06.png,1234371
Bird,NG,damage_3_045,A240_I07.png,240,07,NG/damage_3_045/A240_I07.png,1004272
Bird,NG,damage_3_045,A240_I08.png,240,08,NG/damage_3_045/A240_I08.png,1252778
Bird,NG,damage_3_045,A240_I09.png,240,09,NG/damage_3_045/A240_I09.png,1456542
Bird,NG,damage_3_045,A240_I10.png,240,10,NG/damage_3_045/A240_I10.png,1477064
Bird,NG,damage_3_045,A270_I01.png,270,01,NG/damage_3_045/A270_I01.png,1169946
Bird,NG,damage_3_045,A270_I02.png,270,02,NG/damage_3_045/A270_I02.png,1346808
Bird,NG,damage_3_045,A270_I03.png,270,03,NG/damage_3_045/A270_I03.png,1296241
Bird,NG,damage_3_045,A270_I04.png,270,04,NG/damage_3_045/A270_I04.png,1354169
Bird,NG,damage_3_045,A270_I05.png,270,05,NG/damage_3_045/A270_I05.png,1350648
Bird,NG,damage_3_045,A270_I06.png,270,06,NG/damage_3_045/A270_I06.png,1248177
Bird,NG,damage_3_045,A270_I07.png,270,07,NG/damage_3_045/A270_I07.png,1041757
Bird,NG,damage_3_045,A270_I08.png,270,08,NG/damage_3_045/A270_I08.png,1263508
Bird,NG,damage_3_045,A270_I09.png,270,09,NG/damage_3_045/A270_I09.png,1463573
Bird,NG,damage_3_045,A270_I10.png,270,10,NG/damage_3_045/A270_I10.png,1480962
Bird,NG,damage_3_045,A300_I01.png,300,01,NG/damage_3_045/A300_I01.png,1186383
Bird,NG,damage_3_045,A300_I02.png,300,02,NG/damage_3_045/A300_I02.png,1348171
Bird,NG,damage_3_045,A300_I03.png,300,03,NG/damage_3_045/A300_I03.png,1277349
Bird,NG,damage_3_045,A300_I04.png,300,04,NG/damage_3_045/A300_I04.png,1358741
Bird,NG,damage_3_045,A300_I05.png,300,05,NG/damage_3_045/A300_I05.png,1368851
Bird,NG,damage_3_045,A300_I06.png,300,06,NG/damage_3_045/A300_I06.png,1280832
Bird,NG,damage_3_045,A300_I07.png,300,07,NG/damage_3_045/A300_I07.png,1092180
Bird,NG,damage_3_045,A300_I08.png,300,08,NG/damage_3_045/A300_I08.png,1292461
Bird,NG,damage_3_045,A300_I09.png,300,09,NG/damage_3_045/A300_I09.png,1478940
Bird,NG,damage_3_045,A300_I10.png,300,10,NG/damage_3_045/A300_I10.png,1491582
Bird,NG,damage_3_045,A330_I01.png,330,01,NG/damage_3_045/A330_I01.png,1206166
Bird,NG,damage_3_045,A330_I02.png,330,02,NG/damage_3_045/A330_I02.png,1348504
Bird,NG,damage_3_045,A330_I03.png,330,03,NG/damage_3_045/A330_I03.png,1255994
Bird,NG,damage_3_045,A330_I04.png,330,04,NG/damage_3_045/A330_I04.png,1333771
Bird,NG,damage_3_045,A330_I05.png,330,05,NG/damage_3_045/A330_I05.png,1351217
Bird,NG,damage_3_045,A330_I06.png,330,06,NG/damage_3_045/A330_I06.png,1274299
Bird,NG,damage_3_045,A330_I07.png,330,07,NG/damage_3_045/A330_I07.png,1110379
Bird,NG,damage_3_045,A330_I08.png,330,08,NG/damage_3_045/A330_I08.png,1308720
Bird,NG,damage_3_045,A330_I09.png,330,09,NG/damage_3_045/A330_I09.png,1480140
Bird,NG,damage_3_045,A330_I10.png,330,10,NG/damage_3_045/A330_I10.png,1493923
Bird,NG,hole_1_004,A000_I01.png,000,01,NG/hole_1_004/A000_I01.png,1199308
Bird,NG,hole_1_004,A000_I02.png,000,02,NG/hole_1_004/A000_I02.png,1340282
Bird,NG,hole_1_004,A000_I03.png,000,03,NG/hole_1_004/A000_I03.png,1227701
Bird,NG,hole_1_004,A000_I04.png,000,04,NG/hole_1_004/A000_I04.png,1305657
Bird,NG,hole_1_004,A000_I05.png,000,05,NG/hole_1_004/A000_I05.png,1288737
Bird,NG,hole_1_004,A000_I06.png,000,06,NG/hole_1_004/A000_I06.png,1213566
Bird,NG,hole_1_004,A000_I07.png,000,07,NG/hole_1_004/A000_I07.png,1035268
Bird,NG,hole_1_004,A000_I08.png,000,08,NG/hole_1_004/A000_I08.png,1300688
Bird,NG,hole_1_004,A000_I09.png,000,09,NG/hole_1_004/A000_I09.png,1458197
Bird,NG,hole_1_004,A000_I10.png,000,10,NG/hole_1_004/A000_I10.png,1487117
Bird,NG,hole_1_004,A030_I01.png,030,01,NG/hole_1_004/A030_I01.png,1162606
Bird,NG,hole_1_004,A030_I02.png,030,02,NG/hole_1_004/A030_I02.png,1306446
Bird,NG,hole_1_004,A030_I03.png,030,03,NG/hole_1_004/A030_I03.png,1183007
Bird,NG,hole_1_004,A030_I04.png,030,04,NG/hole_1_004/A030_I04.png,1280565
Bird,NG,hole_1_004,A030_I05.png,030,05,NG/hole_1_004/A030_I05.png,1281157
Bird,NG,hole_1_004,A030_I06.png,030,06,NG/hole_1_004/A030_I06.png,1213951
Bird,NG,hole_1_004,A030_I07.png,030,07,NG/hole_1_004/A030_I07.png,1027632
Bird,NG,hole_1_004,A030_I08.png,030,08,NG/hole_1_004/A030_I08.png,1270415
Bird,NG,hole_1_004,A030_I09.png,030,09,NG/hole_1_004/A030_I09.png,1431689
Bird,NG,hole_1_004,A030_I10.png,030,10,NG/hole_1_004/A030_I10.png,1467813
Bird,NG,hole_1_004,A060_I01.png,060,01,NG/hole_1_004/A060_I01.png,1163574
Bird,NG,hole_1_004,A060_I02.png,060,02,NG/hole_1_004/A060_I02.png,1296074
Bird,NG,hole_1_004,A060_I03.png,060,03,NG/hole_1_004/A060_I03.png,1177218
Bird,NG,hole_1_004,A060_I04.png,060,04,NG/hole_1_004/A060_I04.png,1276214
Bird,NG,hole_1_004,A060_I05.png,060,05,NG/hole_1_004/A060_I05.png,1272267
Bird,NG,hole_1_004,A060_I06.png,060,06,NG/hole_1_004/A060_I06.png,1198979
Bird,NG,hole_1_004,A060_I07.png,060,07,NG/hole_1_004/A060_I07.png,994134
Bird,NG,hole_1_004,A060_I08.png,060,08,NG/hole_1_004/A060_I08.png,1256376
Bird,NG,hole_1_004,A060_I09.png,060,09,NG/hole_1_004/A060_I09.png,1416831
Bird,NG,hole_1_004,A060_I10.png,060,10,NG/hole_1_004/A060_I10.png,1450877
Bird,NG,hole_1_004,A090_I01.png,090,01,NG/hole_1_004/A090_I01.png,1130973
Bird,NG,hole_1_004,A090_I02.png,090,02,NG/hole_1_004/A090_I02.png,1275214
Bird,NG,hole_1_004,A090_I03.png,090,03,NG/hole_1_004/A090_I03.png,1168585
Bird,NG,hole_1_004,A090_I04.png,090,04,NG/hole_1_004/A090_I04.png,1274639
Bird,NG,hole_1_004,A090_I05.png,090,05,NG/hole_1_004/A090_I05.png,1265912
Bird,NG,hole_1_004,A090_I06.png,090,06,NG/hole_1_004/A090_I06.png,1185121
Bird,NG,hole_1_004,A090_I07.png,090,07,NG/hole_1_004/A090_I07.png,965500
Bird,NG,hole_1_004,A090_I08.png,090,08,NG/hole_1_004/A090_I08.png,1225118
Bird,NG,hole_1_004,A090_I09.png,090,09,NG/hole_1_004/A090_I09.png,1401031
Bird,NG,hole_1_004,A090_I10.png,090,10,NG/hole_1_004/A090_I10.png,1439102
Bird,NG,hole_1_004,A120_I01.png,120,01,NG/hole_1_004/A120_I01.png,1125780
Bird,NG,hole_1_004,A120_I02.png,120,02,NG/hole_1_004/A120_I02.png,1272590
Bird,NG,hole_1_004,A120_I03.png,120,03,NG/hole_1_004/A120_I03.png,1174238
Bird,NG,hole_1_004,A120_I04.png,120,04,NG/hole_1_004/A120_I04.png,1293528
Bird,NG,hole_1_004,A120_I05.png,120,05,NG/hole_1_004/A120_I05.png,1296125
Bird,NG,hole_1_004,A120_I06.png,120,06,NG/hole_1_004/A120_I06.png,1211925
Bird,NG,hole_1_004,A120_I07.png,120,07,NG/hole_1_004/A120_I07.png,987922
Bird,NG,hole_1_004,A120_I08.png,120,08,NG/hole_1_004/A120_I08.png,1228654
Bird,NG,hole_1_004,A120_I09.png,120,09,NG/hole_1_004/A120_I09.png,1417173
Bird,NG,hole_1_004,A120_I10.png,120,10,NG/hole_1_004/A120_I10.png,1454762
Bird,NG,hole_1_004,A150_I01.png,150,01,NG/hole_1_004/A150_I01.png,1127283
Bird,NG,hole_1_004,A150_I02.png,150,02,NG/hole_1_004/A150_I02.png,1275873
Bird,NG,hole_1_004,A150_I03.png,150,03,NG/hole_1_004/A150_I03.png,1187377
Bird,NG,hole_1_004,A150_I04.png,150,04,NG/hole_1_004/A150_I04.png,1317670
Bird,NG,hole_1_004,A150_I05.png,150,05,NG/hole_1_004/A150_I05.png,1325913
Bird,NG,hole_1_004,A150_I06.png,150,06,NG/hole_1_004/A150_I06.png,1251430
Bird,NG,hole_1_004,A150_I07.png,150,07,NG/hole_1_004/A150_I07.png,1042603
Bird,NG,hole_1_004,A150_I08.png,150,08,NG/hole_1_004/A150_I08.png,1255352
Bird,NG,hole_1_004,A150_I09.png,150,09,NG/hole_1_004/A150_I09.png,1448338
Bird,NG,hole_1_004,A150_I10.png,150,10,NG/hole_1_004/A150_I10.png,1482138
Bird,NG,hole_1_004,A180_I01.png,180,01,NG/hole_1_004/A180_I01.png,1152487
Bird,NG,hole_1_004,A180_I02.png,180,02,NG/hole_1_004/A180_I02.png,1308560
Bird,NG,hole_1_004,A180_I03.png,180,03,NG/hole_1_004/A180_I03.png,1221038
Bird,NG,hole_1_004,A180_I04.png,180,04,NG/hole_1_004/A180_I04.png,1332242
Bird,NG,hole_1_004,A180_I05.png,180,05,NG/hole_1_004/A180_I05.png,1331901
Bird,NG,hole_1_004,A180_I06.png,180,06,NG/hole_1_004/A180_I06.png,1252738
Bird,NG,hole_1_004,A180_I07.png,180,07,NG/hole_1_004/A180_I07.png,1040240
Bird,NG,hole_1_004,A180_I08.png,180,08,NG/hole_1_004/A180_I08.png,1268058
Bird,NG,hole_1_004,A180_I09.png,180,09,NG/hole_1_004/A180_I09.png,1462461
Bird,NG,hole_1_004,A180_I10.png,180,10,NG/hole_1_004/A180_I10.png,1492080
Bird,NG,hole_1_004,A210_I01.png,210,01,NG/hole_1_004/A210_I01.png,1164939
Bird,NG,hole_1_004,A210_I02.png,210,02,NG/hole_1_004/A210_I02.png,1330502
Bird,NG,hole_1_004,A210_I03.png,210,03,NG/hole_1_004/A210_I03.png,1237482
Bird,NG,hole_1_004,A210_I04.png,210,04,NG/hole_1_004/A210_I04.png,1362566
Bird,NG,hole_1_004,A210_I05.png,210,05,NG/hole_1_004/A210_I05.png,1374116
Bird,NG,hole_1_004,A210_I06.png,210,06,NG/hole_1_004/A210_I06.png,1292467
Bird,NG,hole_1_004,A210_I07.png,210,07,NG/hole_1_004/A210_I07.png,1066403
Bird,NG,hole_1_004,A210_I08.png,210,08,NG/hole_1_004/A210_I08.png,1276762
Bird,NG,hole_1_004,A210_I09.png,210,09,NG/hole_1_004/A210_I09.png,1489210
Bird,NG,hole_1_004,A210_I10.png,210,10,NG/hole_1_004/A210_I10.png,1518019
Bird,NG,hole_1_004,A240_I01.png,240,01,NG/hole_1_004/A240_I01.png,1177103
Bird,NG,hole_1_004,A240_I02.png,240,02,NG/hole_1_004/A240_I02.png,1348117
Bird,NG,hole_1_004,A240_I03.png,240,03,NG/hole_1_004/A240_I03.png,1259737
Bird,NG,hole_1_004,A240_I04.png,240,04,NG/hole_1_004/A240_I04.png,1374973
Bird,NG,hole_1_004,A240_I05.png,240,05,NG/hole_1_004/A240_I05.png,1385846
Bird,NG,hole_1_004,A240_I06.png,240,06,NG/hole_1_004/A240_I06.png,1306178
Bird,NG,hole_1_004,A240_I07.png,240,07,NG/hole_1_004/A240_I07.png,1099751
Bird,NG,hole_1_004,A240_I08.png,240,08,NG/hole_1_004/A240_I08.png,1294707
Bird,NG,hole_1_004,A240_I09.png,240,09,NG/hole_1_004/A240_I09.png,1503166
Bird,NG,hole_1_004,A240_I10.png,240,10,NG/hole_1_004/A240_I10.png,1534637
Bird,NG,hole_1_004,A270_I01.png,270,01,NG/hole_1_004/A270_I01.png,1216061
Bird,NG,hole_1_004,A270_I02.png,270,02,NG/hole_1_004/A270_I02.png,1375419
Bird,NG,hole_1_004,A270_I03.png,270,03,NG/hole_1_004/A270_I03.png,1256812
Bird,NG,hole_1_004,A270_I04.png,270,04,NG/hole_1_004/A270_I04.png,1371376
Bird,NG,hole_1_004,A270_I05.png,270,05,NG/hole_1_004/A270_I05.png,1377726
Bird,NG,hole_1_004,A270_I06.png,270,06,NG/hole_1_004/A270_I06.png,1311368
Bird,NG,hole_1_004,A270_I07.png,270,07,NG/hole_1_004/A270_I07.png,1134994
Bird,NG,hole_1_004,A270_I08.png,270,08,NG/hole_1_004/A270_I08.png,1333223
Bird,NG,hole_1_004,A270_I09.png,270,09,NG/hole_1_004/A270_I09.png,1516091
Bird,NG,hole_1_004,A270_I10.png,270,10,NG/hole_1_004/A270_I10.png,1540260
Bird,NG,hole_1_004,A300_I01.png,300,01,NG/hole_1_004/A300_I01.png,1259462
Bird,NG,hole_1_004,A300_I02.png,300,02,NG/hole_1_004/A300_I02.png,1391779
Bird,NG,hole_1_004,A300_I03.png,300,03,NG/hole_1_004/A300_I03.png,1248320
Bird,NG,hole_1_004,A300_I04.png,300,04,NG/hole_1_004/A300_I04.png,1357220
Bird,NG,hole_1_004,A300_I05.png,300,05,NG/hole_1_004/A300_I05.png,1362500
Bird,NG,hole_1_004,A300_I06.png,300,06,NG/hole_1_004/A300_I06.png,1291808
Bird,NG,hole_1_004,A300_I07.png,300,07,NG/hole_1_004/A300_I07.png,1113921
Bird,NG,hole_1_004,A300_I08.png,300,08,NG/hole_1_004/A300_I08.png,1357217
Bird,NG,hole_1_004,A300_I09.png,300,09,NG/hole_1_004/A300_I09.png,1515878
Bird,NG,hole_1_004,A300_I10.png,300,10,NG/hole_1_004/A300_I10.png,1532994
Bird,NG,hole_1_004,A330_I01.png,330,01,NG/hole_1_004/A330_I01.png,1223610
Bird,NG,hole_1_004,A330_I02.png,330,02,NG/hole_1_004/A330_I02.png,1365749
Bird,NG,hole_1_004,A330_I03.png,330,03,NG/hole_1_004/A330_I03.png,1247187
Bird,NG,hole_1_004,A330_I04.png,330,04,NG/hole_1_004/A330_I04.png,1334099
Bird,NG,hole_1_004,A330_I05.png,330,05,NG/hole_1_004/A330_I05.png,1319049
Bird,NG,hole_1_004,A330_I06.png,330,06,NG/hole_1_004/A330_I06.png,1247833
Bird,NG,hole_1_004,A330_I07.png,330,07,NG/hole_1_004/A330_I07.png,1066737
Bird,NG,hole_1_004,A330_I08.png,330,08,NG/hole_1_004/A330_I08.png,1324186
Bird,NG,hole_1_004,A330_I09.png,330,09,NG/hole_1_004/A330_I09.png,1489139
Bird,NG,hole_1_004,A330_I10.png,330,10,NG/hole_1_004/A330_I10.png,1513677
Bird,NG,hole_1_005,A000_I01.png,000,01,NG/hole_1_005/A000_I01.png,1187039
Bird,NG,hole_1_005,A000_I02.png,000,02,NG/hole_1_005/A000_I02.png,1331937
Bird,NG,hole_1_005,A000_I03.png,000,03,NG/hole_1_005/A000_I03.png,1239351
Bird,NG,hole_1_005,A000_I04.png,000,04,NG/hole_1_005/A000_I04.png,1305424
Bird,NG,hole_1_005,A000_I05.png,000,05,NG/hole_1_005/A000_I05.png,1288257
Bird,NG,hole_1_005,A000_I06.png,000,06,NG/hole_1_005/A000_I06.png,1199315
Bird,NG,hole_1_005,A000_I07.png,000,07,NG/hole_1_005/A000_I07.png,1000649
Bird,NG,hole_1_005,A000_I08.png,000,08,NG/hole_1_005/A000_I08.png,1276459
Bird,NG,hole_1_005,A000_I09.png,000,09,NG/hole_1_005/A000_I09.png,1443007
Bird,NG,hole_1_005,A000_I10.png,000,10,NG/hole_1_005/A000_I10.png,1471884
Bird,NG,hole_1_005,A030_I01.png,030,01,NG/hole_1_005/A030_I01.png,1184515
Bird,NG,hole_1_005,A030_I02.png,030,02,NG/hole_1_005/A030_I02.png,1320289
Bird,NG,hole_1_005,A030_I03.png,030,03,NG/hole_1_005/A030_I03.png,1210088
Bird,NG,hole_1_005,A030_I04.png,030,04,NG/hole_1_005/A030_I04.png,1282166
Bird,NG,hole_1_005,A030_I05.png,030,05,NG/hole_1_005/A030_I05.png,1276439
Bird,NG,hole_1_005,A030_I06.png,030,06,NG/hole_1_005/A030_I06.png,1200873
Bird,NG,hole_1_005,A030_I07.png,030,07,NG/hole_1_005/A030_I07.png,1000609
Bird,NG,hole_1_005,A030_I08.png,030,08,NG/hole_1_005/A030_I08.png,1273422
Bird,NG,hole_1_005,A030_I09.png,030,09,NG/hole_1_005/A030_I09.png,1432585
Bird,NG,hole_1_005,A030_I10.png,030,10,NG/hole_1_005/A030_I10.png,1464565
Bird,NG,hole_1_005,A060_I01.png,060,01,NG/hole_1_005/A060_I01.png,1164675
Bird,NG,hole_1_005,A060_I02.png,060,02,NG/hole_1_005/A060_I02.png,1302826
Bird,NG,hole_1_005,A060_I03.png,060,03,NG/hole_1_005/A060_I03.png,1196509
Bird,NG,hole_1_005,A060_I04.png,060,04,NG/hole_1_005/A060_I04.png,1281966
Bird,NG,hole_1_005,A060_I05.png,060,05,NG/hole_1_005/A060_I05.png,1271749
Bird,NG,hole_1_005,A060_I06.png,060,06,NG/hole_1_005/A060_I06.png,1193320
Bird,NG,hole_1_005,A060_I07.png,060,07,NG/hole_1_005/A060_I07.png,970685
Bird,NG,hole_1_005,A060_I08.png,060,08,NG/hole_1_005/A060_I08.png,1246383
Bird,NG,hole_1_005,A060_I09.png,060,09,NG/hole_1_005/A060_I09.png,1413880
Bird,NG,hole_1_005,A060_I10.png,060,10,NG/hole_1_005/A060_I10.png,1447675
Bird,NG,hole_1_005,A090_I01.png,090,01,NG/hole_1_005/A090_I01.png,1139963
Bird,NG,hole_1_005,A090_I02.png,090,02,NG/hole_1_005/A090_I02.png,1278652
Bird,NG,hole_1_005,A090_I03.png,090,03,NG/hole_1_005/A090_I03.png,1178231
Bird,NG,hole_1_005,A090_I04.png,090,04,NG/hole_1_005/A090_I04.png,1284127
Bird,NG,hole_1_005,A090_I05.png,090,05,NG/hole_1_005/A090_I05.png,1286105
Bird,NG,hole_1_005,A090_I06.png,090,06,NG/hole_1_005/A090_I06.png,1202423
Bird,NG,hole_1_005,A090_I07.png,090,07,NG/hole_1_005/A090_I07.png,971553
Bird,NG,hole_1_005,A090_I08.png,090,08,NG/hole_1_005/A090_I08.png,1229624
Bird,NG,hole_1_005,A090_I09.png,090,09,NG/hole_1_005/A090_I09.png,1406863
Bird,NG,hole_1_005,A090_I10.png,090,10,NG/hole_1_005/A090_I10.png,1443794
Bird,NG,hole_1_005,A120_I01.png,120,01,NG/hole_1_005/A120_I01.png,1136336
Bird,NG,hole_1_005,A120_I02.png,120,02,NG/hole_1_005/A120_I02.png,1279137
Bird,NG,hole_1_005,A120_I03.png,120,03,NG/hole_1_005/A120_I03.png,1183157
Bird,NG,hole_1_005,A120_I04.png,120,04,NG/hole_1_005/A120_I04.png,1303080
Bird,NG,hole_1_005,A120_I05.png,120,05,NG/hole_1_005/A120_I05.png,1317681
Bird,NG,hole_1_005,A120_I06.png,120,06,NG/hole_1_005/A120_I06.png,1229273
Bird,NG,hole_1_005,A120_I07.png,120,07,NG/hole_1_005/A120_I07.png,989014
Bird,NG,hole_1_005,A120_I08.png,120,08,NG/hole_1_005/A120_I08.png,1238641
Bird,NG,hole_1_005,A120_I09.png,120,09,NG/hole_1_005/A120_I09.png,1422587
Bird,NG,hole_1_005,A120_I10.png,120,10,NG/hole_1_005/A120_I10.png,1458322
Bird,NG,hole_1_005,A150_I01.png,150,01,NG/hole_1_005/A150_I01.png,1145080
Bird,NG,hole_1_005,A150_I02.png,150,02,NG/hole_1_005/A150_I02.png,1288569
Bird,NG,hole_1_005,A150_I03.png,150,03,NG/hole_1_005/A150_I03.png,1205684
Bird,NG,hole_1_005,A150_I04.png,150,04,NG/hole_1_005/A150_I04.png,1314851
Bird,NG,hole_1_005,A150_I05.png,150,05,NG/hole_1_005/A150_I05.png,1321213
Bird,NG,hole_1_005,A150_I06.png,150,06,NG/hole_1_005/A150_I06.png,1237238
Bird,NG,hole_1_005,A150_I07.png,150,07,NG/hole_1_005/A150_I07.png,1008950
Bird,NG,hole_1_005,A150_I08.png,150,08,NG/hole_1_005/A150_I08.png,1251113
Bird,NG,hole_1_005,A150_I09.png,150,09,NG/hole_1_005/A150_I09.png,1440039
Bird,NG,hole_1_005,A150_I10.png,150,10,NG/hole_1_005/A150_I10.png,1472449
Bird,NG,hole_1_005,A180_I01.png,180,01,NG/hole_1_005/A180_I01.png,1167263
Bird,NG,hole_1_005,A180_I02.png,180,02,NG/hole_1_005/A180_I02.png,1313228
Bird,NG,hole_1_005,A180_I03.png,180,03,NG/hole_1_005/A180_I03.png,1233013
Bird,NG,hole_1_005,A180_I04.png,180,04,NG/hole_1_005/A180_I04.png,1336543
Bird,NG,hole_1_005,A180_I05.png,180,05,NG/hole_1_005/A180_I05.png,1343357
Bird,NG,hole_1_005,A180_I06.png,180,06,NG/hole_1_005/A180_I06.png,1260965
Bird,NG,hole_1_005,A180_I07.png,180,07,NG/hole_1_005/A180_I07.png,1044022
Bird,NG,hole_1_005,A180_I08.png,180,08,NG/hole_1_005/A180_I08.png,1273299
Bird,NG,hole_1_005,A180_I09.png,180,09,NG/hole_1_005/A180_I09.png,1465987
Bird,NG,hole_1_005,A180_I10.png,180,10,NG/hole_1_005/A180_I10.png,1491754
Bird,NG,hole_1_005,A210_I01.png,210,01,NG/hole_1_005/A210_I01.png,1176908
Bird,NG,hole_1_005,A210_I02.png,210,02,NG/hole_1_005/A210_I02.png,1331714
Bird,NG,hole_1_005,A210_I03.png,210,03,NG/hole_1_005/A210_I03.png,1246528
Bird,NG,hole_1_005,A210_I04.png,210,04,NG/hole_1_005/A210_I04.png,1366624
Bird,NG,hole_1_005,A210_I05.png,210,05,NG/hole_1_005/A210_I05.png,1384000
Bird,NG,hole_1_005,A210_I06.png,210,06,NG/hole_1_005/A210_I06.png,1302147
Bird,NG,hole_1_005,A210_I07.png,210,07,NG/hole_1_005/A210_I07.png,1082117
Bird,NG,hole_1_005,A210_I08.png,210,08,NG/hole_1_005/A210_I08.png,1286779
Bird,NG,hole_1_005,A210_I09.png,210,09,NG/hole_1_005/A210_I09.png,1490741
Bird,NG,hole_1_005,A210_I10.png,210,10,NG/hole_1_005/A210_I10.png,1513102
Bird,NG,hole_1_005,A240_I01.png,240,01,NG/hole_1_005/A240_I01.png,1196000
Bird,NG,hole_1_005,A240_I02.png,240,02,NG/hole_1_005/A240_I02.png,1357841
Bird,NG,hole_1_005,A240_I03.png,240,03,NG/hole_1_005/A240_I03.png,1266948
Bird,NG,hole_1_005,A240_I04.png,240,04,NG/hole_1_005/A240_I04.png,1366429
Bird,NG,hole_1_005,A240_I05.png,240,05,NG/hole_1_005/A240_I05.png,1378390
Bird,NG,hole_1_005,A240_I06.png,240,06,NG/hole_1_005/A240_I06.png,1297355
Bird,NG,hole_1_005,A240_I07.png,240,07,NG/hole_1_005/A240_I07.png,1100762
Bird,NG,hole_1_005,A240_I08.png,240,08,NG/hole_1_005/A240_I08.png,1302774
Bird,NG,hole_1_005,A240_I09.png,240,09,NG/hole_1_005/A240_I09.png,1498223
Bird,NG,hole_1_005,A240_I10.png,240,10,NG/hole_1_005/A240_I10.png,1522722
Bird,NG,hole_1_005,A270_I01.png,270,01,NG/hole_1_005/A270_I01.png,1216687
Bird,NG,hole_1_005,A270_I02.png,270,02,NG/hole_1_005/A270_I02.png,1376982
Bird,NG,hole_1_005,A270_I03.png,270,03,NG/hole_1_005/A270_I03.png,1280585
Bird,NG,hole_1_005,A270_I04.png,270,04,NG/hole_1_005/A270_I04.png,1360383
Bird,NG,hole_1_005,A270_I05.png,270,05,NG/hole_1_005/A270_I05.png,1350166
Bird,NG,hole_1_005,A270_I06.png,270,06,NG/hole_1_005/A270_I06.png,1274021
Bird,NG,hole_1_005,A270_I07.png,270,07,NG/hole_1_005/A270_I07.png,1091016
Bird,NG,hole_1_005,A270_I08.png,270,08,NG/hole_1_005/A270_I08.png,1318929
Bird,NG,hole_1_005,A270_I09.png,270,09,NG/hole_1_005/A270_I09.png,1498333
Bird,NG,hole_1_005,A270_I10.png,270,10,NG/hole_1_005/A270_I10.png,1520320
Bird,NG,hole_1_005,A300_I01.png,300,01,NG/hole_1_005/A300_I01.png,1225687
Bird,NG,hole_1_005,A300_I02.png,300,02,NG/hole_1_005/A300_I02.png,1373655
Bird,NG,hole_1_005,A300_I03.png,300,03,NG/hole_1_005/A300_I03.png,1271316
Bird,NG,hole_1_005,A300_I04.png,300,04,NG/hole_1_005/A300_I04.png,1349269
Bird,NG,hole_1_005,A300_I05.png,300,05,NG/hole_1_005/A300_I05.png,1333584
Bird,NG,hole_1_005,A300_I06.png,300,06,NG/hole_1_005/A300_I06.png,1254778
Bird,NG,hole_1_005,A300_I07.png,300,07,NG/hole_1_005/A300_I07.png,1074152
Bird,NG,hole_1_005,A300_I08.png,300,08,NG/hole_1_005/A300_I08.png,1323541
Bird,NG,hole_1_005,A300_I09.png,300,09,NG/hole_1_005/A300_I09.png,1492508
Bird,NG,hole_1_005,A300_I10.png,300,10,NG/hole_1_005/A300_I10.png,1513161
Bird,NG,hole_1_005,A330_I01.png,330,01,NG/hole_1_005/A330_I01.png,1220474
Bird,NG,hole_1_005,A330_I02.png,330,02,NG/hole_1_005/A330_I02.png,1360516
Bird,NG,hole_1_005,A330_I03.png,330,03,NG/hole_1_005/A330_I03.png,1256436
Bird,NG,hole_1_005,A330_I04.png,330,04,NG/hole_1_005/A330_I04.png,1328703
Bird,NG,hole_1_005,A330_I05.png,330,05,NG/hole_1_005/A330_I05.png,1315657
Bird,NG,hole_1_005,A330_I06.png,330,06,NG/hole_1_005/A330_I06.png,1238390
Bird,NG,hole_1_005,A330_I07.png,330,07,NG/hole_1_005/A330_I07.png,1048432
Bird,NG,hole_1_005,A330_I08.png,330,08,NG/hole_1_005/A330_I08.png,1310442
Bird,NG,hole_1_005,A330_I09.png,330,09,NG/hole_1_005/A330_I09.png,1478126
Bird,NG,hole_1_005,A330_I10.png,330,10,NG/hole_1_005/A330_I10.png,1501244
Bird,NG,hole_1_006,A000_I01.png,000,01,NG/hole_1_006/A000_I01.png,1237669
Bird,NG,hole_1_006,A000_I02.png,000,02,NG/hole_1_006/A000_I02.png,1355305
Bird,NG,hole_1_006,A000_I03.png,000,03,NG/hole_1_006/A000_I03.png,1213191
Bird,NG,hole_1_006,A000_I04.png,000,04,NG/hole_1_006/A000_I04.png,1320278
Bird,NG,hole_1_006,A000_I05.png,000,05,NG/hole_1_006/A000_I05.png,1331559
Bird,NG,hole_1_006,A000_I06.png,000,06,NG/hole_1_006/A000_I06.png,1256313
Bird,NG,hole_1_006,A000_I07.png,000,07,NG/hole_1_006/A000_I07.png,1068683
Bird,NG,hole_1_006,A000_I08.png,000,08,NG/hole_1_006/A000_I08.png,1331443
Bird,NG,hole_1_006,A000_I09.png,000,09,NG/hole_1_006/A000_I09.png,1479665
Bird,NG,hole_1_006,A000_I10.png,000,10,NG/hole_1_006/A000_I10.png,1499623
Bird,NG,hole_1_006,A030_I01.png,030,01,NG/hole_1_006/A030_I01.png,1168667
Bird,NG,hole_1_006,A030_I02.png,030,02,NG/hole_1_006/A030_I02.png,1308460
Bird,NG,hole_1_006,A030_I03.png,030,03,NG/hole_1_006/A030_I03.png,1184696
Bird,NG,hole_1_006,A030_I04.png,030,04,NG/hole_1_006/A030_I04.png,1280198
Bird,NG,hole_1_006,A030_I05.png,030,05,NG/hole_1_006/A030_I05.png,1280396
Bird,NG,hole_1_006,A030_I06.png,030,06,NG/hole_1_006/A030_I06.png,1216088
Bird,NG,hole_1_006,A030_I07.png,030,07,NG/hole_1_006/A030_I07.png,1035252
Bird,NG,hole_1_006,A030_I08.png,030,08,NG/hole_1_006/A030_I08.png,1275935
Bird,NG,hole_1_006,A030_I09.png,030,09,NG/hole_1_006/A030_I09.png,1434217
Bird,NG,hole_1_006,A030_I10.png,030,10,NG/hole_1_006/A030_I10.png,1468772
Bird,NG,hole_1_006,A060_I01.png,060,01,NG/hole_1_006/A060_I01.png,1096286
Bird,NG,hole_1_006,A060_I02.png,060,02,NG/hole_1_006/A060_I02.png,1272842
Bird,NG,hole_1_006,A060_I03.png,060,03,NG/hole_1_006/A060_I03.png,1193620
Bird,NG,hole_1_006,A060_I04.png,060,04,NG/hole_1_006/A060_I04.png,1257323
Bird,NG,hole_1_006,A060_I05.png,060,05,NG/hole_1_006/A060_I05.png,1204256
Bird,NG,hole_1_006,A060_I06.png,060,06,NG/hole_1_006/A060_I06.png,1125765
Bird,NG,hole_1_006,A060_I07.png,060,07,NG/hole_1_006/A060_I07.png,921264
Bird,NG,hole_1_006,A060_I08.png,060,08,NG/hole_1_006/A060_I08.png,1193694
Bird,NG,hole_1_006,A060_I09.png,060,09,NG/hole_1_006/A060_I09.png,1378593
Bird,NG,hole_1_006,A060_I10.png,060,10,NG/hole_1_006/A060_I10.png,1425635
Bird,NG,hole_1_006,A090_I01.png,090,01,NG/hole_1_006/A090_I01.png,1132672
Bird,NG,hole_1_006,A090_I02.png,090,02,NG/hole_1_006/A090_I02.png,1276592
Bird,NG,hole_1_006,A090_I03.png,090,03,NG/hole_1_006/A090_I03.png,1173390
Bird,NG,hole_1_006,A090_I04.png,090,04,NG/hole_1_006/A090_I04.png,1272176
Bird,NG,hole_1_006,A090_I05.png,090,05,NG/hole_1_006/A090_I05.png,1259222
Bird,NG,hole_1_006,A090_I06.png,090,06,NG/hole_1_006/A090_I06.png,1173713
Bird,NG,hole_1_006,A090_I07.png,090,07,NG/hole_1_006/A090_I07.png,947821
Bird,NG,hole_1_006,A090_I08.png,090,08,NG/hole_1_006/A090_I08.png,1217521
Bird,NG,hole_1_006,A090_I09.png,090,09,NG/hole_1_006/A090_I09.png,1396238
Bird,NG,hole_1_006,A090_I10.png,090,10,NG/hole_1_006/A090_I10.png,1434515
Bird,NG,hole_1_006,A120_I01.png,120,01,NG/hole_1_006/A120_I01.png,1131459
Bird,NG,hole_1_006,A120_I02.png,120,02,NG/hole_1_006/A120_I02.png,1270808
Bird,NG,hole_1_006,A120_I03.png,120,03,NG/hole_1_006/A120_I03.png,1163069
Bird,NG,hole_1_006,A120_I04.png,120,04,NG/hole_1_006/A120_I04.png,1293191
Bird,NG,hole_1_006,A120_I05.png,120,05,NG/hole_1_006/A120_I05.png,1307992
Bird,NG,hole_1_006,A120_I06.png,120,06,NG/hole_1_006/A120_I06.png,1223517
Bird,NG,hole_1_006,A120_I07.png,120,07,NG/hole_1_006/A120_I07.png,989274
Bird,NG,hole_1_006,A120_I08.png,120,08,NG/hole_1_006/A120_I08.png,1234206
Bird,NG,hole_1_006,A120_I09.png,120,09,NG/hole_1_006/A120_I09.png,1416625
Bird,NG,hole_1_006,A120_I10.png,120,10,NG/hole_1_006/A120_I10.png,1451719
Bird,NG,hole_1_006,A150_I01.png,150,01,NG/hole_1_006/A150_I01.png,1098528
Bird,NG,hole_1_006,A150_I02.png,150,02,NG/hole_1_006/A150_I02.png,1260670
Bird,NG,hole_1_006,A150_I03.png,150,03,NG/hole_1_006/A150_I03.png,1188002
Bird,NG,hole_1_006,A150_I04.png,150,04,NG/hole_1_006/A150_I04.png,1310186
Bird,NG,hole_1_006,A150_I05.png,150,05,NG/hole_1_006/A150_I05.png,1312044
Bird,NG,hole_1_006,A150_I06.png,150,06,NG/hole_1_006/A150_I06.png,1232059
Bird,NG,hole_1_006,A150_I07.png,150,07,NG/hole_1_006/A150_I07.png,1016286
Bird,NG,hole_1_006,A150_I08.png,150,08,NG/hole_1_006/A150_I08.png,1227412
Bird,NG,hole_1_006,A150_I09.png,150,09,NG/hole_1_006/A150_I09.png,1423925
Bird,NG,hole_1_006,A150_I10.png,150,10,NG/hole_1_006/A150_I10.png,1464008
Bird,NG,hole_1_006,A180_I01.png,180,01,NG/hole_1_006/A180_I01.png,1137647
Bird,NG,hole_1_006,A180_I02.png,180,02,NG/hole_1_006/A180_I02.png,1293970
Bird,NG,hole_1_006,A180_I03.png,180,03,NG/hole_1_006/A180_I03.png,1210086
Bird,NG,hole_1_006,A180_I04.png,180,04,NG/hole_1_006/A180_I04.png,1340705
Bird,NG,hole_1_006,A180_I05.png,180,05,NG/hole_1_006/A180_I05.png,1353763
Bird,NG,hole_1_006,A180_I06.png,180,06,NG/hole_1_006/A180_I06.png,1280352
Bird,NG,hole_1_006,A180_I07.png,180,07,NG/hole_1_006/A180_I07.png,1076405
Bird,NG,hole_1_006,A180_I08.png,180,08,NG/hole_1_006/A180_I08.png,1267097
Bird,NG,hole_1_006,A180_I09.png,180,09,NG/hole_1_006/A180_I09.png,1466386
Bird,NG,hole_1_006,A180_I10.png,180,10,NG/hole_1_006/A180_I10.png,1497821
Bird,NG,hole_1_006,A210_I01.png,210,01,NG/hole_1_006/A210_I01.png,1178138
Bird,NG,hole_1_006,A210_I02.png,210,02,NG/hole_1_006/A210_I02.png,1337268
Bird,NG,hole_1_006,A210_I03.png,210,03,NG/hole_1_006/A210_I03.png,1250242
Bird,NG,hole_1_006,A210_I04.png,210,04,NG/hole_1_006/A210_I04.png,1367096
Bird,NG,hole_1_006,A210_I05.png,210,05,NG/hole_1_006/A210_I05.png,1379305
Bird,NG,hole_1_006,A210_I06.png,210,06,NG/hole_1_006/A210_I06.png,1297142
Bird,NG,hole_1_006,A210_I07.png,210,07,NG/hole_1_006/A210_I07.png,1069458
Bird,NG,hole_1_006,A210_I08.png,210,08,NG/hole_1_006/A210_I08.png,1284429
Bird,NG,hole_1_006,A210_I09.png,210,09,NG/hole_1_006/A210_I09.png,1494284
Bird,NG,hole_1_006,A210_I10.png,210,10,NG/hole_1_006/A210_I10.png,1520474
Bird,NG,hole_1_006,A240_I01.png,240,01,NG/hole_1_006/A240_I01.png,1182923
Bird,NG,hole_1_006,A240_I02.png,240,02,NG/hole_1_006/A240_I02.png,1359511
Bird,NG,hole_1_006,A240_I03.png,240,03,NG/hole_1_006/A240_I03.png,1277684
Bird,NG,hole_1_006,A240_I04.png,240,04,NG/hole_1_006/A240_I04.png,1381073
Bird,NG,hole_1_006,A240_I05.png,240,05,NG/hole_1_006/A240_I05.png,1387026
Bird,NG,hole_1_006,A240_I06.png,240,06,NG/hole_1_006/A240_I06.png,1299107
Bird,NG,hole_1_006,A240_I07.png,240,07,NG/hole_1_006/A240_I07.png,1088471
Bird,NG,hole_1_006,A240_I08.png,240,08,NG/hole_1_006/A240_I08.png,1293082
Bird,NG,hole_1_006,A240_I09.png,240,09,NG/hole_1_006/A240_I09.png,1504120
Bird,NG,hole_1_006,A240_I10.png,240,10,NG/hole_1_006/A240_I10.png,1534123
Bird,NG,hole_1_006,A270_I01.png,270,01,NG/hole_1_006/A270_I01.png,1206830
Bird,NG,hole_1_006,A270_I02.png,270,02,NG/hole_1_006/A270_I02.png,1374761
Bird,NG,hole_1_006,A270_I03.png,270,03,NG/hole_1_006/A270_I03.png,1268834
Bird,NG,hole_1_006,A270_I04.png,270,04,NG/hole_1_006/A270_I04.png,1385448
Bird,NG,hole_1_006,A270_I05.png,270,05,NG/hole_1_006/A270_I05.png,1394156
Bird,NG,hole_1_006,A270_I06.png,270,06,NG/hole_1_006/A270_I06.png,1320857
Bird,NG,hole_1_006,A270_I07.png,270,07,NG/hole_1_006/A270_I07.png,1139954
Bird,NG,hole_1_006,A270_I08.png,270,08,NG/hole_1_006/A270_I08.png,1323317
Bird,NG,hole_1_006,A270_I09.png,270,09,NG/hole_1_006/A270_I09.png,1517769
Bird,NG,hole_1_006,A270_I10.png,270,10,NG/hole_1_006/A270_I10.png,1542814
Bird,NG,hole_1_006,A300_I01.png,300,01,NG/hole_1_006/A300_I01.png,1233795
Bird,NG,hole_1_006,A300_I02.png,300,02,NG/hole_1_006/A300_I02.png,1389907
Bird,NG,hole_1_006,A300_I03.png,300,03,NG/hole_1_006/A300_I03.png,1282567
Bird,NG,hole_1_006,A300_I04.png,300,04,NG/hole_1_006/A300_I04.png,1369515
Bird,NG,hole_1_006,A300_I05.png,300,05,NG/hole_1_006/A300_I05.png,1354528
Bird,NG,hole_1_006,A300_I06.png,300,06,NG/hole_1_006/A300_I06.png,1270080
Bird,NG,hole_1_006,A300_I07.png,300,07,NG/hole_1_006/A300_I07.png,1088799
Bird,NG,hole_1_006,A300_I08.png,300,08,NG/hole_1_006/A300_I08.png,1332929
Bird,NG,hole_1_006,A300_I09.png,300,09,NG/hole_1_006/A300_I09.png,1509257
Bird,NG,hole_1_006,A300_I10.png,300,10,NG/hole_1_006/A300_I10.png,1534052
Bird,NG,hole_1_006,A330_I01.png,330,01,NG/hole_1_006/A330_I01.png,1229435
Bird,NG,hole_1_006,A330_I02.png,330,02,NG/hole_1_006/A330_I02.png,1372549
Bird,NG,hole_1_006,A330_I03.png,330,03,NG/hole_1_006/A330_I03.png,1262398
Bird,NG,hole_1_006,A330_I04.png,330,04,NG/hole_1_006/A330_I04.png,1347304
Bird,NG,hole_1_006,A330_I05.png,330,05,NG/hole_1_006/A330_I05.png,1333985
Bird,NG,hole_1_006,A330_I06.png,330,06,NG/hole_1_006/A330_I06.png,1255371
Bird,NG,hole_1_006,A330_I07.png,330,07,NG/hole_1_006/A330_I07.png,1072122
Bird,NG,hole_1_006,A330_I08.png,330,08,NG/hole_1_006/A330_I08.png,1325465
Bird,NG,hole_1_006,A330_I09.png,330,09,NG/hole_1_006/A330_I09.png,1497045
Bird,NG,hole_1_006,A330_I10.png,330,10,NG/hole_1_006/A330_I10.png,1522138
Bird,NG,hole_1_007,A000_I01.png,000,01,NG/hole_1_007/A000_I01.png,1238386
Bird,NG,hole_1_007,A000_I02.png,000,02,NG/hole_1_007/A000_I02.png,1359775
Bird,NG,hole_1_007,A000_I03.png,000,03,NG/hole_1_007/A000_I03.png,1223859
Bird,NG,hole_1_007,A000_I04.png,000,04,NG/hole_1_007/A000_I04.png,1315494
Bird,NG,hole_1_007,A000_I05.png,000,05,NG/hole_1_007/A000_I05.png,1311124
Bird,NG,hole_1_007,A000_I06.png,000,06,NG/hole_1_007/A000_I06.png,1230395
Bird,NG,hole_1_007,A000_I07.png,000,07,NG/hole_1_007/A000_I07.png,1031538
Bird,NG,hole_1_007,A000_I08.png,000,08,NG/hole_1_007/A000_I08.png,1323197
Bird,NG,hole_1_007,A000_I09.png,000,09,NG/hole_1_007/A000_I09.png,1474388
Bird,NG,hole_1_007,A000_I10.png,000,10,NG/hole_1_007/A000_I10.png,1495917
Bird,NG,hole_1_007,A030_I01.png,030,01,NG/hole_1_007/A030_I01.png,1184630
Bird,NG,hole_1_007,A030_I02.png,030,02,NG/hole_1_007/A030_I02.png,1317342
Bird,NG,hole_1_007,A030_I03.png,030,03,NG/hole_1_007/A030_I03.png,1184532
Bird,NG,hole_1_007,A030_I04.png,030,04,NG/hole_1_007/A030_I04.png,1278260
Bird,NG,hole_1_007,A030_I05.png,030,05,NG/hole_1_007/A030_I05.png,1282083
Bird,NG,hole_1_007,A030_I06.png,030,06,NG/hole_1_007/A030_I06.png,1217066
Bird,NG,hole_1_007,A030_I07.png,030,07,NG/hole_1_007/A030_I07.png,1031475
Bird,NG,hole_1_007,A030_I08.png,030,08,NG/hole_1_007/A030_I08.png,1284833
Bird,NG,hole_1_007,A030_I09.png,030,09,NG/hole_1_007/A030_I09.png,1437164
Bird,NG,hole_1_007,A030_I10.png,030,10,NG/hole_1_007/A030_I10.png,1468236
Bird,NG,hole_1_007,A060_I01.png,060,01,NG/hole_1_007/A060_I01.png,1158844
Bird,NG,hole_1_007,A060_I02.png,060,02,NG/hole_1_007/A060_I02.png,1293952
Bird,NG,hole_1_007,A060_I03.png,060,03,NG/hole_1_007/A060_I03.png,1169346
Bird,NG,hole_1_007,A060_I04.png,060,04,NG/hole_1_007/A060_I04.png,1273350
Bird,NG,hole_1_007,A060_I05.png,060,05,NG/hole_1_007/A060_I05.png,1267305
Bird,NG,hole_1_007,A060_I06.png,060,06,NG/hole_1_007/A060_I06.png,1196963
Bird,NG,hole_1_007,A060_I07.png,060,07,NG/hole_1_007/A060_I07.png,992862
Bird,NG,hole_1_007,A060_I08.png,060,08,NG/hole_1_007/A060_I08.png,1250425
Bird,NG,hole_1_007,A060_I09.png,060,09,NG/hole_1_007/A060_I09.png,1412059
Bird,NG,hole_1_007,A060_I10.png,060,10,NG/hole_1_007/A060_I10.png,1445828
Bird,NG,hole_1_007,A090_I01.png,090,01,NG/hole_1_007/A090_I01.png,1129776
Bird,NG,hole_1_007,A090_I02.png,090,02,NG/hole_1_007/A090_I02.png,1271830
Bird,NG,hole_1_007,A090_I03.png,090,03,NG/hole_1_007/A090_I03.png,1159852
Bird,NG,hole_1_007,A090_I04.png,090,04,NG/hole_1_007/A090_I04.png,1277799
Bird,NG,hole_1_007,A090_I05.png,090,05,NG/hole_1_007/A090_I05.png,1278914
Bird,NG,hole_1_007,A090_I06.png,090,06,NG/hole_1_007/A090_I06.png,1195782
Bird,NG,hole_1_007,A090_I07.png,090,07,NG/hole_1_007/A090_I07.png,977059
Bird,NG,hole_1_007,A090_I08.png,090,08,NG/hole_1_007/A090_I08.png,1223859
Bird,NG,hole_1_007,A090_I09.png,090,09,NG/hole_1_007/A090_I09.png,1402225
Bird,NG,hole_1_007,A090_I10.png,090,10,NG/hole_1_007/A090_I10.png,1440390
Bird,NG,hole_1_007,A120_I01.png,120,01,NG/hole_1_007/A120_I01.png,1124348
Bird,NG,hole_1_007,A120_I02.png,120,02,NG/hole_1_007/A120_I02.png,1269964
Bird,NG,hole_1_007,A120_I03.png,120,03,NG/hole_1_007/A120_I03.png,1165607
Bird,NG,hole_1_007,A120_I04.png,120,04,NG/hole_1_007/A120_I04.png,1298591
Bird,NG,hole_1_007,A120_I05.png,120,05,NG/hole_1_007/A120_I05.png,1311641
Bird,NG,hole_1_007,A120_I06.png,120,06,NG/hole_1_007/A120_I06.png,1227260
Bird,NG,hole_1_007,A120_I07.png,120,07,NG/hole_1_007/A120_I07.png,999198
Bird,NG,hole_1_007,A120_I08.png,120,08,NG/hole_1_007/A120_I08.png,1233929
Bird,NG,hole_1_007,A120_I09.png,120,09,NG/hole_1_007/A120_I09.png,1420167
Bird,NG,hole_1_007,A120_I10.png,120,10,NG/hole_1_007/A120_I10.png,1454926
Bird,NG,hole_1_007,A150_I01.png,150,01,NG/hole_1_007/A150_I01.png,1141709
Bird,NG,hole_1_007,A150_I02.png,150,02,NG/hole_1_007/A150_I02.png,1285413
Bird,NG,hole_1_007,A150_I03.png,150,03,NG/hole_1_007/A150_I03.png,1188637
Bird,NG,hole_1_007,A150_I04.png,150,04,NG/hole_1_007/A150_I04.png,1317739
Bird,NG,hole_1_007,A150_I05.png,150,05,NG/hole_1_007/A150_I05.png,1330297
Bird,NG,hole_1_007,A150_I06.png,150,06,NG/hole_1_007/A150_I06.png,1246487
Bird,NG,hole_1_007,A150_I07.png,150,07,NG/hole_1_007/A150_I07.png,1020643
Bird,NG,hole_1_007,A150_I08.png,150,08,NG/hole_1_007/A150_I08.png,1255449
Bird,NG,hole_1_007,A150_I09.png,150,09,NG/hole_1_007/A150_I09.png,1444138
Bird,NG,hole_1_007,A150_I10.png,150,10,NG/hole_1_007/A150_I10.png,1475247
Bird,NG,hole_1_007,A180_I01.png,180,01,NG/hole_1_007/A180_I01.png,1162977
Bird,NG,hole_1_007,A180_I02.png,180,02,NG/hole_1_007/A180_I02.png,1311501
Bird,NG,hole_1_007,A180_I03.png,180,03,NG/hole_1_007/A180_I03.png,1221771
Bird,NG,hole_1_007,A180_I04.png,180,04,NG/hole_1_007/A180_I04.png,1342873
Bird,NG,hole_1_007,A180_I05.png,180,05,NG/hole_1_007/A180_I05.png,1354765
Bird,NG,hole_1_007,A180_I06.png,180,06,NG/hole_1_007/A180_I06.png,1275178
Bird,NG,hole_1_007,A180_I07.png,180,07,NG/hole_1_007/A180_I07.png,1057352
Bird,NG,hole_1_007,A180_I08.png,180,08,NG/hole_1_007/A180_I08.png,1273352
Bird,NG,hole_1_007,A180_I09.png,180,09,NG/hole_1_007/A180_I09.png,1471363
Bird,NG,hole_1_007,A180_I10.png,180,10,NG/hole_1_007/A180_I10.png,1495974
Bird,NG,hole_1_007,A210_I01.png,210,01,NG/hole_1_007/A210_I01.png,1177360
Bird,NG,hole_1_007,A210_I02.png,210,02,NG/hole_1_007/A210_I02.png,1341573
Bird,NG,hole_1_007,A210_I03.png,210,03,NG/hole_1_007/A210_I03.png,1250081
Bird,NG,hole_1_007,A210_I04.png,210,04,NG/hole_1_007/A210_I04.png,1379075
Bird,NG,hole_1_007,A210_I05.png,210,05,NG/hole_1_007/A210_I05.png,1396335
Bird,NG,hole_1_007,A210_I06.png,210,06,NG/hole_1_007/A210_I06.png,1313167
Bird,NG,hole_1_007,A210_I07.png,210,07,NG/hole_1_007/A210_I07.png,1092648
Bird,NG,hole_1_007,A210_I08.png,210,08,NG/hole_1_007/A210_I08.png,1293770
Bird,NG,hole_1_007,A210_I09.png,210,09,NG/hole_1_007/A210_I09.png,1504697
Bird,NG,hole_1_007,A210_I10.png,210,10,NG/hole_1_007/A210_I10.png,1529554
Bird,NG,hole_1_007,A240_I01.png,240,01,NG/hole_1_007/A240_I01.png,1194946
Bird,NG,hole_1_007,A240_I02.png,240,02,NG/hole_1_007/A240_I02.png,1368900
Bird,NG,hole_1_007,A240_I03.png,240,03,NG/hole_1_007/A240_I03.png,1280313
Bird,NG,hole_1_007,A240_I04.png,240,04,NG/hole_1_007/A240_I04.png,1379990
Bird,NG,hole_1_007,A240_I05.png,240,05,NG/hole_1_007/A240_I05.png,1385103
Bird,NG,hole_1_007,A240_I06.png,240,06,NG/hole_1_007/A240_I06.png,1304022
Bird,NG,hole_1_007,A240_I07.png,240,07,NG/hole_1_007/A240_I07.png,1105553
Bird,NG,hole_1_007,A240_I08.png,240,08,NG/hole_1_007/A240_I08.png,1308333
Bird,NG,hole_1_007,A240_I09.png,240,09,NG/hole_1_007/A240_I09.png,1510507
Bird,NG,hole_1_007,A240_I10.png,240,10,NG/hole_1_007/A240_I10.png,1541671
Bird,NG,hole_1_007,A270_I01.png,270,01,NG/hole_1_007/A270_I01.png,1236966
Bird,NG,hole_1_007,A270_I02.png,270,02,NG/hole_1_007/A270_I02.png,1399519
Bird,NG,hole_1_007,A270_I03.png,270,03,NG/hole_1_007/A270_I03.png,1270653
Bird,NG,hole_1_007,A270_I04.png,270,04,NG/hole_1_007/A270_I04.png,1382302
Bird,NG,hole_1_007,A270_I05.png,270,05,NG/hole_1_007/A270_I05.png,1385540
Bird,NG,hole_1_007,A270_I06.png,270,06,NG/hole_1_007/A270_I06.png,1312840
Bird,NG,hole_1_007,A270_I07.png,270,07,NG/hole_1_007/A270_I07.png,1130707
Bird,NG,hole_1_007,A270_I08.png,270,08,NG/hole_1_007/A270_I08.png,1344380
Bird,NG,hole_1_007,A270_I09.png,270,09,NG/hole_1_007/A270_I09.png,1531374
Bird,NG,hole_1_007,A270_I10.png,270,10,NG/hole_1_007/A270_I10.png,1553649
Bird,NG,hole_1_007,A300_I01.png,300,01,NG/hole_1_007/A300_I01.png,1223043
Bird,NG,hole_1_007,A300_I02.png,300,02,NG/hole_1_007/A300_I02.png,1380549
Bird,NG,hole_1_007,A300_I03.png,300,03,NG/hole_1_007/A300_I03.png,1279568
Bird,NG,hole_1_007,A300_I04.png,300,04,NG/hole_1_007/A300_I04.png,1362640
Bird,NG,hole_1_007,A300_I05.png,300,05,NG/hole_1_007/A300_I05.png,1342625
Bird,NG,hole_1_007,A300_I06.png,300,06,NG/hole_1_007/A300_I06.png,1258229
Bird,NG,hole_1_007,A300_I07.png,300,07,NG/hole_1_007/A300_I07.png,1065265
Bird,NG,hole_1_007,A300_I08.png,300,08,NG/hole_1_007/A300_I08.png,1319652
Bird,NG,hole_1_007,A300_I09.png,300,09,NG/hole_1_007/A300_I09.png,1500749
Bird,NG,hole_1_007,A300_I10.png,300,10,NG/hole_1_007/A300_I10.png,1525323
Bird,NG,hole_1_007,A330_I01.png,330,01,NG/hole_1_007/A330_I01.png,1218203
Bird,NG,hole_1_007,A330_I02.png,330,02,NG/hole_1_007/A330_I02.png,1365341
Bird,NG,hole_1_007,A330_I03.png,330,03,NG/hole_1_007/A330_I03.png,1258262
Bird,NG,hole_1_007,A330_I04.png,330,04,NG/hole_1_007/A330_I04.png,1341234
Bird,NG,hole_1_007,A330_I05.png,330,05,NG/hole_1_007/A330_I05.png,1316833
Bird,NG,hole_1_007,A330_I06.png,330,06,NG/hole_1_007/A330_I06.png,1232977
Bird,NG,hole_1_007,A330_I07.png,330,07,NG/hole_1_007/A330_I07.png,1039771
Bird,NG,hole_1_007,A330_I08.png,330,08,NG/hole_1_007/A330_I08.png,1310956
Bird,NG,hole_1_007,A330_I09.png,330,09,NG/hole_1_007/A330_I09.png,1485665
Bird,NG,hole_1_007,A330_I10.png,330,10,NG/hole_1_007/A330_I10.png,1515461
Bird,NG,hole_1_025,A000_I01.png,000,01,NG/hole_1_025/A000_I01.png,1198905
Bird,NG,hole_1_025,A000_I02.png,000,02,NG/hole_1_025/A000_I02.png,1332005
Bird,NG,hole_1_025,A000_I03.png,000,03,NG/hole_1_025/A000_I03.png,1215775
Bird,NG,hole_1_025,A000_I04.png,000,04,NG/hole_1_025/A000_I04.png,1296141
Bird,NG,hole_1_025,A000_I05.png,000,05,NG/hole_1_025/A000_I05.png,1301630
Bird,NG,hole_1_025,A000_I06.png,000,06,NG/hole_1_025/A000_I06.png,1235608
Bird,NG,hole_1_025,A000_I07.png,000,07,NG/hole_1_025/A000_I07.png,1076334
Bird,NG,hole_1_025,A000_I08.png,000,08,NG/hole_1_025/A000_I08.png,1294854
Bird,NG,hole_1_025,A000_I09.png,000,09,NG/hole_1_025/A000_I09.png,1449828
Bird,NG,hole_1_025,A000_I10.png,000,10,NG/hole_1_025/A000_I10.png,1468906
Bird,NG,hole_1_025,A030_I01.png,030,01,NG/hole_1_025/A030_I01.png,1185616
Bird,NG,hole_1_025,A030_I02.png,030,02,NG/hole_1_025/A030_I02.png,1320558
Bird,NG,hole_1_025,A030_I03.png,030,03,NG/hole_1_025/A030_I03.png,1208847
Bird,NG,hole_1_025,A030_I04.png,030,04,NG/hole_1_025/A030_I04.png,1281238
Bird,NG,hole_1_025,A030_I05.png,030,05,NG/hole_1_025/A030_I05.png,1290767
Bird,NG,hole_1_025,A030_I06.png,030,06,NG/hole_1_025/A030_I06.png,1217177
Bird,NG,hole_1_025,A030_I07.png,030,07,NG/hole_1_025/A030_I07.png,1021645
Bird,NG,hole_1_025,A030_I08.png,030,08,NG/hole_1_025/A030_I08.png,1279656
Bird,NG,hole_1_025,A030_I09.png,030,09,NG/hole_1_025/A030_I09.png,1433451
Bird,NG,hole_1_025,A030_I10.png,030,10,NG/hole_1_025/A030_I10.png,1457432
Bird,NG,hole_1_025,A060_I01.png,060,01,NG/hole_1_025/A060_I01.png,1164031
Bird,NG,hole_1_025,A060_I02.png,060,02,NG/hole_1_025/A060_I02.png,1305528
Bird,NG,hole_1_025,A060_I03.png,060,03,NG/hole_1_025/A060_I03.png,1199139
Bird,NG,hole_1_025,A060_I04.png,060,04,NG/hole_1_025/A060_I04.png,1287852
Bird,NG,hole_1_025,A060_I05.png,060,05,NG/hole_1_025/A060_I05.png,1284706
Bird,NG,hole_1_025,A060_I06.png,060,06,NG/hole_1_025/A060_I06.png,1216456
Bird,NG,hole_1_025,A060_I07.png,060,07,NG/hole_1_025/A060_I07.png,1014435
Bird,NG,hole_1_025,A060_I08.png,060,08,NG/hole_1_025/A060_I08.png,1255910
Bird,NG,hole_1_025,A060_I09.png,060,09,NG/hole_1_025/A060_I09.png,1420784
Bird,NG,hole_1_025,A060_I10.png,060,10,NG/hole_1_025/A060_I10.png,1448169
Bird,NG,hole_1_025,A090_I01.png,090,01,NG/hole_1_025/A090_I01.png,1154747
Bird,NG,hole_1_025,A090_I02.png,090,02,NG/hole_1_025/A090_I02.png,1295003
Bird,NG,hole_1_025,A090_I03.png,090,03,NG/hole_1_025/A090_I03.png,1193671
Bird,NG,hole_1_025,A090_I04.png,090,04,NG/hole_1_025/A090_I04.png,1301105
Bird,NG,hole_1_025,A090_I05.png,090,05,NG/hole_1_025/A090_I05.png,1307872
Bird,NG,hole_1_025,A090_I06.png,090,06,NG/hole_1_025/A090_I06.png,1231517
Bird,NG,hole_1_025,A090_I07.png,090,07,NG/hole_1_025/A090_I07.png,1022414
Bird,NG,hole_1_025,A090_I08.png,090,08,NG/hole_1_025/A090_I08.png,1248856
Bird,NG,hole_1_025,A090_I09.png,090,09,NG/hole_1_025/A090_I09.png,1427403
Bird,NG,hole_1_025,A090_I10.png,090,10,NG/hole_1_025/A090_I10.png,1453187
Bird,NG,hole_1_025,A120_I01.png,120,01,NG/hole_1_025/A120_I01.png,1163685
Bird,NG,hole_1_025,A120_I02.png,120,02,NG/hole_1_025/A120_I02.png,1302115
Bird,NG,hole_1_025,A120_I03.png,120,03,NG/hole_1_025/A120_I03.png,1205138
Bird,NG,hole_1_025,A120_I04.png,120,04,NG/hole_1_025/A120_I04.png,1313201
Bird,NG,hole_1_025,A120_I05.png,120,05,NG/hole_1_025/A120_I05.png,1331604
Bird,NG,hole_1_025,A120_I06.png,120,06,NG/hole_1_025/A120_I06.png,1246424
Bird,NG,hole_1_025,A120_I07.png,120,07,NG/hole_1_025/A120_I07.png,1026988
Bird,NG,hole_1_025,A120_I08.png,120,08,NG/hole_1_025/A120_I08.png,1259030
Bird,NG,hole_1_025,A120_I09.png,120,09,NG/hole_1_025/A120_I09.png,1446468
Bird,NG,hole_1_025,A120_I10.png,120,10,NG/hole_1_025/A120_I10.png,1471125
Bird,NG,hole_1_025,A150_I01.png,150,01,NG/hole_1_025/A150_I01.png,1177293
Bird,NG,hole_1_025,A150_I02.png,150,02,NG/hole_1_025/A150_I02.png,1315872
Bird,NG,hole_1_025,A150_I03.png,150,03,NG/hole_1_025/A150_I03.png,1236041
Bird,NG,hole_1_025,A150_I04.png,150,04,NG/hole_1_025/A150_I04.png,1317843
Bird,NG,hole_1_025,A150_I05.png,150,05,NG/hole_1_025/A150_I05.png,1327031
Bird,NG,hole_1_025,A150_I06.png,150,06,NG/hole_1_025/A150_I06.png,1240796
Bird,NG,hole_1_025,A150_I07.png,150,07,NG/hole_1_025/A150_I07.png,1027477
Bird,NG,hole_1_025,A150_I08.png,150,08,NG/hole_1_025/A150_I08.png,1267377
Bird,NG,hole_1_025,A150_I09.png,150,09,NG/hole_1_025/A150_I09.png,1459107
Bird,NG,hole_1_025,A150_I10.png,150,10,NG/hole_1_025/A150_I10.png,1483451
Bird,NG,hole_1_025,A180_I01.png,180,01,NG/hole_1_025/A180_I01.png,1178104
Bird,NG,hole_1_025,A180_I02.png,180,02,NG/hole_1_025/A180_I02.png,1328963
Bird,NG,hole_1_025,A180_I03.png,180,03,NG/hole_1_025/A180_I03.png,1260487
Bird,NG,hole_1_025,A180_I04.png,180,04,NG/hole_1_025/A180_I04.png,1336360
Bird,NG,hole_1_025,A180_I05.png,180,05,NG/hole_1_025/A180_I05.png,1329052
Bird,NG,hole_1_025,A180_I06.png,180,06,NG/hole_1_025/A180_I06.png,1232997
Bird,NG,hole_1_025,A180_I07.png,180,07,NG/hole_1_025/A180_I07.png,998939
Bird,NG,hole_1_025,A180_I08.png,180,08,NG/hole_1_025/A180_I08.png,1253976
Bird,NG,hole_1_025,A180_I09.png,180,09,NG/hole_1_025/A180_I09.png,1461567
Bird,NG,hole_1_025,A180_I10.png,180,10,NG/hole_1_025/A180_I10.png,1482554
Bird,NG,hole_1_025,A210_I01.png,210,01,NG/hole_1_025/A210_I01.png,1157276
Bird,NG,hole_1_025,A210_I02.png,210,02,NG/hole_1_025/A210_I02.png,1325397
Bird,NG,hole_1_025,A210_I03.png,210,03,NG/hole_1_025/A210_I03.png,1267664
Bird,NG,hole_1_025,A210_I04.png,210,04,NG/hole_1_025/A210_I04.png,1342193
Bird,NG,hole_1_025,A210_I05.png,210,05,NG/hole_1_025/A210_I05.png,1341213
Bird,NG,hole_1_025,A210_I06.png,210,06,NG/hole_1_025/A210_I06.png,1246980
Bird,NG,hole_1_025,A210_I07.png,210,07,NG/hole_1_025/A210_I07.png,1027733
Bird,NG,hole_1_025,A210_I08.png,210,08,NG/hole_1_025/A210_I08.png,1251310
Bird,NG,hole_1_025,A210_I09.png,210,09,NG/hole_1_025/A210_I09.png,1461856
Bird,NG,hole_1_025,A210_I10.png,210,10,NG/hole_1_025/A210_I10.png,1482956
Bird,NG,hole_1_025,A240_I01.png,240,01,NG/hole_1_025/A240_I01.png,1180619
Bird,NG,hole_1_025,A240_I02.png,240,02,NG/hole_1_025/A240_I02.png,1346303
Bird,NG,hole_1_025,A240_I03.png,240,03,NG/hole_1_025/A240_I03.png,1269586
Bird,NG,hole_1_025,A240_I04.png,240,04,NG/hole_1_025/A240_I04.png,1364678
Bird,NG,hole_1_025,A240_I05.png,240,05,NG/hole_1_025/A240_I05.png,1382156
Bird,NG,hole_1_025,A240_I06.png,240,06,NG/hole_1_025/A240_I06.png,1284954
Bird,NG,hole_1_025,A240_I07.png,240,07,NG/hole_1_025/A240_I07.png,1073557
Bird,NG,hole_1_025,A240_I08.png,240,08,NG/hole_1_025/A240_I08.png,1278271
Bird,NG,hole_1_025,A240_I09.png,240,09,NG/hole_1_025/A240_I09.png,1489172
Bird,NG,hole_1_025,A240_I10.png,240,10,NG/hole_1_025/A240_I10.png,1506074
Bird,NG,hole_1_025,A270_I01.png,270,01,NG/hole_1_025/A270_I01.png,1190308
Bird,NG,hole_1_025,A270_I02.png,270,02,NG/hole_1_025/A270_I02.png,1354501
Bird,NG,hole_1_025,A270_I03.png,270,03,NG/hole_1_025/A270_I03.png,1266798
Bird,NG,hole_1_025,A270_I04.png,270,04,NG/hole_1_025/A270_I04.png,1362569
Bird,NG,hole_1_025,A270_I05.png,270,05,NG/hole_1_025/A270_I05.png,1382391
Bird,NG,hole_1_025,A270_I06.png,270,06,NG/hole_1_025/A270_I06.png,1299685
Bird,NG,hole_1_025,A270_I07.png,270,07,NG/hole_1_025/A270_I07.png,1121655
Bird,NG,hole_1_025,A270_I08.png,270,08,NG/hole_1_025/A270_I08.png,1304043
Bird,NG,hole_1_025,A270_I09.png,270,09,NG/hole_1_025/A270_I09.png,1495808
Bird,NG,hole_1_025,A270_I10.png,270,10,NG/hole_1_025/A270_I10.png,1510368
Bird,NG,hole_1_025,A300_I01.png,300,01,NG/hole_1_025/A300_I01.png,1216215
Bird,NG,hole_1_025,A300_I02.png,300,02,NG/hole_1_025/A300_I02.png,1365437
Bird,NG,hole_1_025,A300_I03.png,300,03,NG/hole_1_025/A300_I03.png,1253823
Bird,NG,hole_1_025,A300_I04.png,300,04,NG/hole_1_025/A300_I04.png,1352591
Bird,NG,hole_1_025,A300_I05.png,300,05,NG/hole_1_025/A300_I05.png,1371783
Bird,NG,hole_1_025,A300_I06.png,300,06,NG/hole_1_025/A300_I06.png,1294580
Bird,NG,hole_1_025,A300_I07.png,300,07,NG/hole_1_025/A300_I07.png,1126403
Bird,NG,hole_1_025,A300_I08.png,300,08,NG/hole_1_025/A300_I08.png,1326307
Bird,NG,hole_1_025,A300_I09.png,300,09,NG/hole_1_025/A300_I09.png,1499614
Bird,NG,hole_1_025,A300_I10.png,300,10,NG/hole_1_025/A300_I10.png,1510517
Bird,NG,hole_1_025,A330_I01.png,330,01,NG/hole_1_025/A330_I01.png,1218520
Bird,NG,hole_1_025,A330_I02.png,330,02,NG/hole_1_025/A330_I02.png,1351392
Bird,NG,hole_1_025,A330_I03.png,330,03,NG/hole_1_025/A330_I03.png,1237636
Bird,NG,hole_1_025,A330_I04.png,330,04,NG/hole_1_025/A330_I04.png,1319228
Bird,NG,hole_1_025,A330_I05.png,330,05,NG/hole_1_025/A330_I05.png,1333174
Bird,NG,hole_1_025,A330_I06.png,330,06,NG/hole_1_025/A330_I06.png,1271063
Bird,NG,hole_1_025,A330_I07.png,330,07,NG/hole_1_025/A330_I07.png,1118204
Bird,NG,hole_1_025,A330_I08.png,330,08,NG/hole_1_025/A330_I08.png,1322407
Bird,NG,hole_1_025,A330_I09.png,330,09,NG/hole_1_025/A330_I09.png,1481935
Bird,NG,hole_1_025,A330_I10.png,330,10,NG/hole_1_025/A330_I10.png,1493306
Bird,NG,hole_1_026,A000_I01.png,000,01,NG/hole_1_026/A000_I01.png,1207729
Bird,NG,hole_1_026,A000_I02.png,000,02,NG/hole_1_026/A000_I02.png,1338629
Bird,NG,hole_1_026,A000_I03.png,000,03,NG/hole_1_026/A000_I03.png,1223469
Bird,NG,hole_1_026,A000_I04.png,000,04,NG/hole_1_026/A000_I04.png,1304874
Bird,NG,hole_1_026,A000_I05.png,000,05,NG/hole_1_026/A000_I05.png,1318779
Bird,NG,hole_1_026,A000_I06.png,000,06,NG/hole_1_026/A000_I06.png,1246787
Bird,NG,hole_1_026,A000_I07.png,000,07,NG/hole_1_026/A000_I07.png,1072661
Bird,NG,hole_1_026,A000_I08.png,000,08,NG/hole_1_026/A000_I08.png,1299616
Bird,NG,hole_1_026,A000_I09.png,000,09,NG/hole_1_026/A000_I09.png,1457192
Bird,NG,hole_1_026,A000_I10.png,000,10,NG/hole_1_026/A000_I10.png,1473373
Bird,NG,hole_1_026,A030_I01.png,030,01,NG/hole_1_026/A030_I01.png,1196957
Bird,NG,hole_1_026,A030_I02.png,030,02,NG/hole_1_026/A030_I02.png,1327310
Bird,NG,hole_1_026,A030_I03.png,030,03,NG/hole_1_026/A030_I03.png,1213071
Bird,NG,hole_1_026,A030_I04.png,030,04,NG/hole_1_026/A030_I04.png,1289337
Bird,NG,hole_1_026,A030_I05.png,030,05,NG/hole_1_026/A030_I05.png,1302208
Bird,NG,hole_1_026,A030_I06.png,030,06,NG/hole_1_026/A030_I06.png,1221922
Bird,NG,hole_1_026,A030_I07.png,030,07,NG/hole_1_026/A030_I07.png,1016604
Bird,NG,hole_1_026,A030_I08.png,030,08,NG/hole_1_026/A030_I08.png,1278369
Bird,NG,hole_1_026,A030_I09.png,030,09,NG/hole_1_026/A030_I09.png,1434464
Bird,NG,hole_1_026,A030_I10.png,030,10,NG/hole_1_026/A030_I10.png,1456078
Bird,NG,hole_1_026,A060_I01.png,060,01,NG/hole_1_026/A060_I01.png,1141475
Bird,NG,hole_1_026,A060_I02.png,060,02,NG/hole_1_026/A060_I02.png,1298814
Bird,NG,hole_1_026,A060_I03.png,060,03,NG/hole_1_026/A060_I03.png,1208259
Bird,NG,hole_1_026,A060_I04.png,060,04,NG/hole_1_026/A060_I04.png,1289559
Bird,NG,hole_1_026,A060_I05.png,060,05,NG/hole_1_026/A060_I05.png,1279945
Bird,NG,hole_1_026,A060_I06.png,060,06,NG/hole_1_026/A060_I06.png,1205752
Bird,NG,hole_1_026,A060_I07.png,060,07,NG/hole_1_026/A060_I07.png,1002424
Bird,NG,hole_1_026,A060_I08.png,060,08,NG/hole_1_026/A060_I08.png,1234727
Bird,NG,hole_1_026,A060_I09.png,060,09,NG/hole_1_026/A060_I09.png,1410779
Bird,NG,hole_1_026,A060_I10.png,060,10,NG/hole_1_026/A060_I10.png,1445559
Bird,NG,hole_1_026,A090_I01.png,090,01,NG/hole_1_026/A090_I01.png,1121212
Bird,NG,hole_1_026,A090_I02.png,090,02,NG/hole_1_026/A090_I02.png,1286680
Bird,NG,hole_1_026,A090_I03.png,090,03,NG/hole_1_026/A090_I03.png,1206942
Bird,NG,hole_1_026,A090_I04.png,090,04,NG/hole_1_026/A090_I04.png,1300737
Bird,NG,hole_1_026,A090_I05.png,090,05,NG/hole_1_026/A090_I05.png,1295625
Bird,NG,hole_1_026,A090_I06.png,090,06,NG/hole_1_026/A090_I06.png,1208996
Bird,NG,hole_1_026,A090_I07.png,090,07,NG/hole_1_026/A090_I07.png,1000338
Bird,NG,hole_1_026,A090_I08.png,090,08,NG/hole_1_026/A090_I08.png,1220624
Bird,NG,hole_1_026,A090_I09.png,090,09,NG/hole_1_026/A090_I09.png,1406874
Bird,NG,hole_1_026,A090_I10.png,090,10,NG/hole_1_026/A090_I10.png,1443188
Bird,NG,hole_1_026,A120_I01.png,120,01,NG/hole_1_026/A120_I01.png,1159668
Bird,NG,hole_1_026,A120_I02.png,120,02,NG/hole_1_026/A120_I02.png,1300318
Bird,NG,hole_1_026,A120_I03.png,120,03,NG/hole_1_026/A120_I03.png,1211657
Bird,NG,hole_1_026,A120_I04.png,120,04,NG/hole_1_026/A120_I04.png,1309402
Bird,NG,hole_1_026,A120_I05.png,120,05,NG/hole_1_026/A120_I05.png,1326277
Bird,NG,hole_1_026,A120_I06.png,120,06,NG/hole_1_026/A120_I06.png,1237807
Bird,NG,hole_1_026,A120_I07.png,120,07,NG/hole_1_026/A120_I07.png,1030971
Bird,NG,hole_1_026,A120_I08.png,120,08,NG/hole_1_026/A120_I08.png,1254288
Bird,NG,hole_1_026,A120_I09.png,120,09,NG/hole_1_026/A120_I09.png,1434318
Bird,NG,hole_1_026,A120_I10.png,120,10,NG/hole_1_026/A120_I10.png,1460898
Bird,NG,hole_1_026,A150_I01.png,150,01,NG/hole_1_026/A150_I01.png,1171476
Bird,NG,hole_1_026,A150_I02.png,150,02,NG/hole_1_026/A150_I02.png,1307658
Bird,NG,hole_1_026,A150_I03.png,150,03,NG/hole_1_026/A150_I03.png,1238602
Bird,NG,hole_1_026,A150_I04.png,150,04,NG/hole_1_026/A150_I04.png,1321592
Bird,NG,hole_1_026,A150_I05.png,150,05,NG/hole_1_026/A150_I05.png,1334439
Bird,NG,hole_1_026,A150_I06.png,150,06,NG/hole_1_026/A150_I06.png,1250342
Bird,NG,hole_1_026,A150_I07.png,150,07,NG/hole_1_026/A150_I07.png,1047218
Bird,NG,hole_1_026,A150_I08.png,150,08,NG/hole_1_026/A150_I08.png,1267977
Bird,NG,hole_1_026,A150_I09.png,150,09,NG/hole_1_026/A150_I09.png,1454139
Bird,NG,hole_1_026,A150_I10.png,150,10,NG/hole_1_026/A150_I10.png,1476667
Bird,NG,hole_1_026,A180_I01.png,180,01,NG/hole_1_026/A180_I01.png,1174478
Bird,NG,hole_1_026,A180_I02.png,180,02,NG/hole_1_026/A180_I02.png,1320906
Bird,NG,hole_1_026,A180_I03.png,180,03,NG/hole_1_026/A180_I03.png,1262662
Bird,NG,hole_1_026,A180_I04.png,180,04,NG/hole_1_026/A180_I04.png,1331765
Bird,NG,hole_1_026,A180_I05.png,180,05,NG/hole_1_026/A180_I05.png,1332478
Bird,NG,hole_1_026,A180_I06.png,180,06,NG/hole_1_026/A180_I06.png,1240035
Bird,NG,hole_1_026,A180_I07.png,180,07,NG/hole_1_026/A180_I07.png,1028908
Bird,NG,hole_1_026,A180_I08.png,180,08,NG/hole_1_026/A180_I08.png,1256727
Bird,NG,hole_1_026,A180_I09.png,180,09,NG/hole_1_026/A180_I09.png,1453440
Bird,NG,hole_1_026,A180_I10.png,180,10,NG/hole_1_026/A180_I10.png,1474627
Bird,NG,hole_1_026,A210_I01.png,210,01,NG/hole_1_026/A210_I01.png,1160246
Bird,NG,hole_1_026,A210_I02.png,210,02,NG/hole_1_026/A210_I02.png,1326582
Bird,NG,hole_1_026,A210_I03.png,210,03,NG/hole_1_026/A210_I03.png,1267725
Bird,NG,hole_1_026,A210_I04.png,210,04,NG/hole_1_026/A210_I04.png,1348109
Bird,NG,hole_1_026,A210_I05.png,210,05,NG/hole_1_026/A210_I05.png,1353792
Bird,NG,hole_1_026,A210_I06.png,210,06,NG/hole_1_026/A210_I06.png,1265116
Bird,NG,hole_1_026,A210_I07.png,210,07,NG/hole_1_026/A210_I07.png,1050306
Bird,NG,hole_1_026,A210_I08.png,210,08,NG/hole_1_026/A210_I08.png,1261301
Bird,NG,hole_1_026,A210_I09.png,210,09,NG/hole_1_026/A210_I09.png,1468039
Bird,NG,hole_1_026,A210_I10.png,210,10,NG/hole_1_026/A210_I10.png,1488892
Bird,NG,hole_1_026,A240_I01.png,240,01,NG/hole_1_026/A240_I01.png,1171437
Bird,NG,hole_1_026,A240_I02.png,240,02,NG/hole_1_026/A240_I02.png,1339870
Bird,NG,hole_1_026,A240_I03.png,240,03,NG/hole_1_026/A240_I03.png,1270617
Bird,NG,hole_1_026,A240_I04.png,240,04,NG/hole_1_026/A240_I04.png,1363683
Bird,NG,hole_1_026,A240_I05.png,240,05,NG/hole_1_026/A240_I05.png,1382677
Bird,NG,hole_1_026,A240_I06.png,240,06,NG/hole_1_026/A240_I06.png,1287735
Bird,NG,hole_1_026,A240_I07.png,240,07,NG/hole_1_026/A240_I07.png,1077768
Bird,NG,hole_1_026,A240_I08.png,240,08,NG/hole_1_026/A240_I08.png,1273149
Bird,NG,hole_1_026,A240_I09.png,240,09,NG/hole_1_026/A240_I09.png,1483751
Bird,NG,hole_1_026,A240_I10.png,240,10,NG/hole_1_026/A240_I10.png,1503266
Bird,NG,hole_1_026,A270_I01.png,270,01,NG/hole_1_026/A270_I01.png,1188113
Bird,NG,hole_1_026,A270_I02.png,270,02,NG/hole_1_026/A270_I02.png,1353677
Bird,NG,hole_1_026,A270_I03.png,270,03,NG/hole_1_026/A270_I03.png,1269191
Bird,NG,hole_1_026,A270_I04.png,270,04,NG/hole_1_026/A270_I04.png,1370217
Bird,NG,hole_1_026,A270_I05.png,270,05,NG/hole_1_026/A270_I05.png,1385856
Bird,NG,hole_1_026,A270_I06.png,270,06,NG/hole_1_026/A270_I06.png,1297972
Bird,NG,hole_1_026,A270_I07.png,270,07,NG/hole_1_026/A270_I07.png,1102381
Bird,NG,hole_1_026,A270_I08.png,270,08,NG/hole_1_026/A270_I08.png,1297438
Bird,NG,hole_1_026,A270_I09.png,270,09,NG/hole_1_026/A270_I09.png,1497204
Bird,NG,hole_1_026,A270_I10.png,270,10,NG/hole_1_026/A270_I10.png,1511972
Bird,NG,hole_1_026,A300_I01.png,300,01,NG/hole_1_026/A300_I01.png,1220289
Bird,NG,hole_1_026,A300_I02.png,300,02,NG/hole_1_026/A300_I02.png,1366491
Bird,NG,hole_1_026,A300_I03.png,300,03,NG/hole_1_026/A300_I03.png,1258324
Bird,NG,hole_1_026,A300_I04.png,300,04,NG/hole_1_026/A300_I04.png,1353676
Bird,NG,hole_1_026,A300_I05.png,300,05,NG/hole_1_026/A300_I05.png,1368228
Bird,NG,hole_1_026,A300_I06.png,300,06,NG/hole_1_026/A300_I06.png,1284914
Bird,NG,hole_1_026,A300_I07.png,300,07,NG/hole_1_026/A300_I07.png,1099131
Bird,NG,hole_1_026,A300_I08.png,300,08,NG/hole_1_026/A300_I08.png,1322295
Bird,NG,hole_1_026,A300_I09.png,300,09,NG/hole_1_026/A300_I09.png,1495832
Bird,NG,hole_1_026,A300_I10.png,300,10,NG/hole_1_026/A300_I10.png,1506675
Bird,NG,hole_1_026,A330_I01.png,330,01,NG/hole_1_026/A330_I01.png,1231734
Bird,NG,hole_1_026,A330_I02.png,330,02,NG/hole_1_026/A330_I02.png,1362583
Bird,NG,hole_1_026,A330_I03.png,330,03,NG/hole_1_026/A330_I03.png,1242637
Bird,NG,hole_1_026,A330_I04.png,330,04,NG/hole_1_026/A330_I04.png,1324178
Bird,NG,hole_1_026,A330_I05.png,330,05,NG/hole_1_026/A330_I05.png,1337048
Bird,NG,hole_1_026,A330_I06.png,330,06,NG/hole_1_026/A330_I06.png,1267615
Bird,NG,hole_1_026,A330_I07.png,330,07,NG/hole_1_026/A330_I07.png,1097680
Bird,NG,hole_1_026,A330_I08.png,330,08,NG/hole_1_026/A330_I08.png,1327729
Bird,NG,hole_1_026,A330_I09.png,330,09,NG/hole_1_026/A330_I09.png,1486100
Bird,NG,hole_1_026,A330_I10.png,330,10,NG/hole_1_026/A330_I10.png,1496940
Bird,NG,hole_1_027,A000_I01.png,000,01,NG/hole_1_027/A000_I01.png,1196462
Bird,NG,hole_1_027,A000_I02.png,000,02,NG/hole_1_027/A000_I02.png,1328952
Bird,NG,hole_1_027,A000_I03.png,000,03,NG/hole_1_027/A000_I03.png,1221637
Bird,NG,hole_1_027,A000_I04.png,000,04,NG/hole_1_027/A000_I04.png,1298708
Bird,NG,hole_1_027,A000_I05.png,000,05,NG/hole_1_027/A000_I05.png,1307741
Bird,NG,hole_1_027,A000_I06.png,000,06,NG/hole_1_027/A000_I06.png,1234543
Bird,NG,hole_1_027,A000_I07.png,000,07,NG/hole_1_027/A000_I07.png,1070441
Bird,NG,hole_1_027,A000_I08.png,000,08,NG/hole_1_027/A000_I08.png,1289945
Bird,NG,hole_1_027,A000_I09.png,000,09,NG/hole_1_027/A000_I09.png,1448849
Bird,NG,hole_1_027,A000_I10.png,000,10,NG/hole_1_027/A000_I10.png,1470739
Bird,NG,hole_1_027,A030_I01.png,030,01,NG/hole_1_027/A030_I01.png,1158345
Bird,NG,hole_1_027,A030_I02.png,030,02,NG/hole_1_027/A030_I02.png,1303925
Bird,NG,hole_1_027,A030_I03.png,030,03,NG/hole_1_027/A030_I03.png,1201377
Bird,NG,hole_1_027,A030_I04.png,030,04,NG/hole_1_027/A030_I04.png,1283812
Bird,NG,hole_1_027,A030_I05.png,030,05,NG/hole_1_027/A030_I05.png,1287855
Bird,NG,hole_1_027,A030_I06.png,030,06,NG/hole_1_027/A030_I06.png,1219096
Bird,NG,hole_1_027,A030_I07.png,030,07,NG/hole_1_027/A030_I07.png,1035186
Bird,NG,hole_1_027,A030_I08.png,030,08,NG/hole_1_027/A030_I08.png,1264108
Bird,NG,hole_1_027,A030_I09.png,030,09,NG/hole_1_027/A030_I09.png,1427699
Bird,NG,hole_1_027,A030_I10.png,030,10,NG/hole_1_027/A030_I10.png,1458731
Bird,NG,hole_1_027,A060_I01.png,060,01,NG/hole_1_027/A060_I01.png,1158307
Bird,NG,hole_1_027,A060_I02.png,060,02,NG/hole_1_027/A060_I02.png,1301350
Bird,NG,hole_1_027,A060_I03.png,060,03,NG/hole_1_027/A060_I03.png,1196159
Bird,NG,hole_1_027,A060_I04.png,060,04,NG/hole_1_027/A060_I04.png,1289661
Bird,NG,hole_1_027,A060_I05.png,060,05,NG/hole_1_027/A060_I05.png,1286397
Bird,NG,hole_1_027,A060_I06.png,060,06,NG/hole_1_027/A060_I06.png,1211662
Bird,NG,hole_1_027,A060_I07.png,060,07,NG/hole_1_027/A060_I07.png,997664
Bird,NG,hole_1_027,A060_I08.png,060,08,NG/hole_1_027/A060_I08.png,1248867
Bird,NG,hole_1_027,A060_I09.png,060,09,NG/hole_1_027/A060_I09.png,1418138
Bird,NG,hole_1_027,A060_I10.png,060,10,NG/hole_1_027/A060_I10.png,1447792
Bird,NG,hole_1_027,A090_I01.png,090,01,NG/hole_1_027/A090_I01.png,1155618
Bird,NG,hole_1_027,A090_I02.png,090,02,NG/hole_1_027/A090_I02.png,1299481
Bird,NG,hole_1_027,A090_I03.png,090,03,NG/hole_1_027/A090_I03.png,1186254
Bird,NG,hole_1_027,A090_I04.png,090,04,NG/hole_1_027/A090_I04.png,1297050
Bird,NG,hole_1_027,A090_I05.png,090,05,NG/hole_1_027/A090_I05.png,1301390
Bird,NG,hole_1_027,A090_I06.png,090,06,NG/hole_1_027/A090_I06.png,1215299
Bird,NG,hole_1_027,A090_I07.png,090,07,NG/hole_1_027/A090_I07.png,994979
Bird,NG,hole_1_027,A090_I08.png,090,08,NG/hole_1_027/A090_I08.png,1242040
Bird,NG,hole_1_027,A090_I09.png,090,09,NG/hole_1_027/A090_I09.png,1417941
Bird,NG,hole_1_027,A090_I10.png,090,10,NG/hole_1_027/A090_I10.png,1447085
Bird,NG,hole_1_027,A120_I01.png,120,01,NG/hole_1_027/A120_I01.png,1164939
Bird,NG,hole_1_027,A120_I02.png,120,02,NG/hole_1_027/A120_I02.png,1303185
Bird,NG,hole_1_027,A120_I03.png,120,03,NG/hole_1_027/A120_I03.png,1195772
Bird,NG,hole_1_027,A120_I04.png,120,04,NG/hole_1_027/A120_I04.png,1304843
Bird,NG,hole_1_027,A120_I05.png,120,05,NG/hole_1_027/A120_I05.png,1323157
Bird,NG,hole_1_027,A120_I06.png,120,06,NG/hole_1_027/A120_I06.png,1238985
Bird,NG,hole_1_027,A120_I07.png,120,07,NG/hole_1_027/A120_I07.png,1023789
Bird,NG,hole_1_027,A120_I08.png,120,08,NG/hole_1_027/A120_I08.png,1259529
Bird,NG,hole_1_027,A120_I09.png,120,09,NG/hole_1_027/A120_I09.png,1437597
Bird,NG,hole_1_027,A120_I10.png,120,10,NG/hole_1_027/A120_I10.png,1463010
Bird,NG,hole_1_027,A150_I01.png,150,01,NG/hole_1_027/A150_I01.png,1178232
Bird,NG,hole_1_027,A150_I02.png,150,02,NG/hole_1_027/A150_I02.png,1305482
Bird,NG,hole_1_027,A150_I03.png,150,03,NG/hole_1_027/A150_I03.png,1213630
Bird,NG,hole_1_027,A150_I04.png,150,04,NG/hole_1_027/A150_I04.png,1317400
Bird,NG,hole_1_027,A150_I05.png,150,05,NG/hole_1_027/A150_I05.png,1344401
Bird,NG,hole_1_027,A150_I06.png,150,06,NG/hole_1_027/A150_I06.png,1264889
Bird,NG,hole_1_027,A150_I07.png,150,07,NG/hole_1_027/A150_I07.png,1058782
Bird,NG,hole_1_027,A150_I08.png,150,08,NG/hole_1_027/A150_I08.png,1279052
Bird,NG,hole_1_027,A150_I09.png,150,09,NG/hole_1_027/A150_I09.png,1459443
Bird,NG,hole_1_027,A150_I10.png,150,10,NG/hole_1_027/A150_I10.png,1480297
Bird,NG,hole_1_027,A180_I01.png,180,01,NG/hole_1_027/A180_I01.png,1179552
Bird,NG,hole_1_027,A180_I02.png,180,02,NG/hole_1_027/A180_I02.png,1325039
Bird,NG,hole_1_027,A180_I03.png,180,03,NG/hole_1_027/A180_I03.png,1254481
Bird,NG,hole_1_027,A180_I04.png,180,04,NG/hole_1_027/A180_I04.png,1329899
Bird,NG,hole_1_027,A180_I05.png,180,05,NG/hole_1_027/A180_I05.png,1332009
Bird,NG,hole_1_027,A180_I06.png,180,06,NG/hole_1_027/A180_I06.png,1243470
Bird,NG,hole_1_027,A180_I07.png,180,07,NG/hole_1_027/A180_I07.png,1026583
Bird,NG,hole_1_027,A180_I08.png,180,08,NG/hole_1_027/A180_I08.png,1264402
Bird,NG,hole_1_027,A180_I09.png,180,09,NG/hole_1_027/A180_I09.png,1458404
Bird,NG,hole_1_027,A180_I10.png,180,10,NG/hole_1_027/A180_I10.png,1477888
Bird,NG,hole_1_027,A210_I01.png,210,01,NG/hole_1_027/A210_I01.png,1166521
Bird,NG,hole_1_027,A210_I02.png,210,02,NG/hole_1_027/A210_I02.png,1330600
Bird,NG,hole_1_027,A210_I03.png,210,03,NG/hole_1_027/A210_I03.png,1272227
Bird,NG,hole_1_027,A210_I04.png,210,04,NG/hole_1_027/A210_I04.png,1352614
Bird,NG,hole_1_027,A210_I05.png,210,05,NG/hole_1_027/A210_I05.png,1351786
Bird,NG,hole_1_027,A210_I06.png,210,06,NG/hole_1_027/A210_I06.png,1256831
Bird,NG,hole_1_027,A210_I07.png,210,07,NG/hole_1_027/A210_I07.png,1027237
Bird,NG,hole_1_027,A210_I08.png,210,08,NG/hole_1_027/A210_I08.png,1257041
Bird,NG,hole_1_027,A210_I09.png,210,09,NG/hole_1_027/A210_I09.png,1469195
Bird,NG,hole_1_027,A210_I10.png,210,10,NG/hole_1_027/A210_I10.png,1488996
Bird,NG,hole_1_027,A240_I01.png,240,01,NG/hole_1_027/A240_I01.png,1174843
Bird,NG,hole_1_027,A240_I02.png,240,02,NG/hole_1_027/A240_I02.png,1345840
Bird,NG,hole_1_027,A240_I03.png,240,03,NG/hole_1_027/A240_I03.png,1284360
Bird,NG,hole_1_027,A240_I04.png,240,04,NG/hole_1_027/A240_I04.png,1363597
Bird,NG,hole_1_027,A240_I05.png,240,05,NG/hole_1_027/A240_I05.png,1367206
Bird,NG,hole_1_027,A240_I06.png,240,06,NG/hole_1_027/A240_I06.png,1268268
Bird,NG,hole_1_027,A240_I07.png,240,07,NG/hole_1_027/A240_I07.png,1050005
Bird,NG,hole_1_027,A240_I08.png,240,08,NG/hole_1_027/A240_I08.png,1267310
Bird,NG,hole_1_027,A240_I09.png,240,09,NG/hole_1_027/A240_I09.png,1481662
Bird,NG,hole_1_027,A240_I10.png,240,10,NG/hole_1_027/A240_I10.png,1501787
Bird,NG,hole_1_027,A270_I01.png,270,01,NG/hole_1_027/A270_I01.png,1192458
Bird,NG,hole_1_027,A270_I02.png,270,02,NG/hole_1_027/A270_I02.png,1362070
Bird,NG,hole_1_027,A270_I03.png,270,03,NG/hole_1_027/A270_I03.png,1282603
Bird,NG,hole_1_027,A270_I04.png,270,04,NG/hole_1_027/A270_I04.png,1373760
Bird,NG,hole_1_027,A270_I05.png,270,05,NG/hole_1_027/A270_I05.png,1376698
Bird,NG,hole_1_027,A270_I06.png,270,06,NG/hole_1_027/A270_I06.png,1283297
Bird,NG,hole_1_027,A270_I07.png,270,07,NG/hole_1_027/A270_I07.png,1076601
Bird,NG,hole_1_027,A270_I08.png,270,08,NG/hole_1_027/A270_I08.png,1292485
Bird,NG,hole_1_027,A270_I09.png,270,09,NG/hole_1_027/A270_I09.png,1498390
Bird,NG,hole_1_027,A270_I10.png,270,10,NG/hole_1_027/A270_I10.png,1517205
Bird,NG,hole_1_027,A300_I01.png,300,01,NG/hole_1_027/A300_I01.png,1209704
Bird,NG,hole_1_027,A300_I02.png,300,02,NG/hole_1_027/A300_I02.png,1364042
Bird,NG,hole_1_027,A300_I03.png,300,03,NG/hole_1_027/A300_I03.png,1264717
Bird,NG,hole_1_027,A300_I04.png,300,04,NG/hole_1_027/A300_I04.png,1357679
Bird,NG,hole_1_027,A300_I05.png,300,05,NG/hole_1_027/A300_I05.png,1365650
Bird,NG,hole_1_027,A300_I06.png,300,06,NG/hole_1_027/A300_I06.png,1279478
Bird,NG,hole_1_027,A300_I07.png,300,07,NG/hole_1_027/A300_I07.png,1095491
Bird,NG,hole_1_027,A300_I08.png,300,08,NG/hole_1_027/A300_I08.png,1313435
Bird,NG,hole_1_027,A300_I09.png,300,09,NG/hole_1_027/A300_I09.png,1495602
Bird,NG,hole_1_027,A300_I10.png,300,10,NG/hole_1_027/A300_I10.png,1512788
Bird,NG,hole_1_027,A330_I01.png,330,01,NG/hole_1_027/A330_I01.png,1227062
Bird,NG,hole_1_027,A330_I02.png,330,02,NG/hole_1_027/A330_I02.png,1365056
Bird,NG,hole_1_027,A330_I03.png,330,03,NG/hole_1_027/A330_I03.png,1241429
Bird,NG,hole_1_027,A330_I04.png,330,04,NG/hole_1_027/A330_I04.png,1334482
Bird,NG,hole_1_027,A330_I05.png,330,05,NG/hole_1_027/A330_I05.png,1347585
Bird,NG,hole_1_027,A330_I06.png,330,06,NG/hole_1_027/A330_I06.png,1278350
Bird,NG,hole_1_027,A330_I07.png,330,07,NG/hole_1_027/A330_I07.png,1106979
Bird,NG,hole_1_027,A330_I08.png,330,08,NG/hole_1_027/A330_I08.png,1328814
Bird,NG,hole_1_027,A330_I09.png,330,09,NG/hole_1_027/A330_I09.png,1499644
Bird,NG,hole_1_027,A330_I10.png,330,10,NG/hole_1_027/A330_I10.png,1515181
Bird,NG,hole_1_028,A000_I01.png,000,01,NG/hole_1_028/A000_I01.png,1193704
Bird,NG,hole_1_028,A000_I02.png,000,02,NG/hole_1_028/A000_I02.png,1329689
Bird,NG,hole_1_028,A000_I03.png,000,03,NG/hole_1_028/A000_I03.png,1225850
Bird,NG,hole_1_028,A000_I04.png,000,04,NG/hole_1_028/A000_I04.png,1302771
Bird,NG,hole_1_028,A000_I05.png,000,05,NG/hole_1_028/A000_I05.png,1313860
Bird,NG,hole_1_028,A000_I06.png,000,06,NG/hole_1_028/A000_I06.png,1244355
Bird,NG,hole_1_028,A000_I07.png,000,07,NG/hole_1_028/A000_I07.png,1083298
Bird,NG,hole_1_028,A000_I08.png,000,08,NG/hole_1_028/A000_I08.png,1295889
Bird,NG,hole_1_028,A000_I09.png,000,09,NG/hole_1_028/A000_I09.png,1457076
Bird,NG,hole_1_028,A000_I10.png,000,10,NG/hole_1_028/A000_I10.png,1475605
Bird,NG,hole_1_028,A030_I01.png,030,01,NG/hole_1_028/A030_I01.png,1152910
Bird,NG,hole_1_028,A030_I02.png,030,02,NG/hole_1_028/A030_I02.png,1296983
Bird,NG,hole_1_028,A030_I03.png,030,03,NG/hole_1_028/A030_I03.png,1210110
Bird,NG,hole_1_028,A030_I04.png,030,04,NG/hole_1_028/A030_I04.png,1282888
Bird,NG,hole_1_028,A030_I05.png,030,05,NG/hole_1_028/A030_I05.png,1288112
Bird,NG,hole_1_028,A030_I06.png,030,06,NG/hole_1_028/A030_I06.png,1222942
Bird,NG,hole_1_028,A030_I07.png,030,07,NG/hole_1_028/A030_I07.png,1064582
Bird,NG,hole_1_028,A030_I08.png,030,08,NG/hole_1_028/A030_I08.png,1264104
Bird,NG,hole_1_028,A030_I09.png,030,09,NG/hole_1_028/A030_I09.png,1426755
Bird,NG,hole_1_028,A030_I10.png,030,10,NG/hole_1_028/A030_I10.png,1456701
Bird,NG,hole_1_028,A060_I01.png,060,01,NG/hole_1_028/A060_I01.png,1149430
Bird,NG,hole_1_028,A060_I02.png,060,02,NG/hole_1_028/A060_I02.png,1297831
Bird,NG,hole_1_028,A060_I03.png,060,03,NG/hole_1_028/A060_I03.png,1199197
Bird,NG,hole_1_028,A060_I04.png,060,04,NG/hole_1_028/A060_I04.png,1282043
Bird,NG,hole_1_028,A060_I05.png,060,05,NG/hole_1_028/A060_I05.png,1271187
Bird,NG,hole_1_028,A060_I06.png,060,06,NG/hole_1_028/A060_I06.png,1206386
Bird,NG,hole_1_028,A060_I07.png,060,07,NG/hole_1_028/A060_I07.png,1017693
Bird,NG,hole_1_028,A060_I08.png,060,08,NG/hole_1_028/A060_I08.png,1245631
Bird,NG,hole_1_028,A060_I09.png,060,09,NG/hole_1_028/A060_I09.png,1413534
Bird,NG,hole_1_028,A060_I10.png,060,10,NG/hole_1_028/A060_I10.png,1446243
Bird,NG,hole_1_028,A090_I01.png,090,01,NG/hole_1_028/A090_I01.png,1142815
Bird,NG,hole_1_028,A090_I02.png,090,02,NG/hole_1_028/A090_I02.png,1291837
Bird,NG,hole_1_028,A090_I03.png,090,03,NG/hole_1_028/A090_I03.png,1193565
Bird,NG,hole_1_028,A090_I04.png,090,04,NG/hole_1_028/A090_I04.png,1293066
Bird,NG,hole_1_028,A090_I05.png,090,05,NG/hole_1_028/A090_I05.png,1290756
Bird,NG,hole_1_028,A090_I06.png,090,06,NG/hole_1_028/A090_I06.png,1215850
Bird,NG,hole_1_028,A090_I07.png,090,07,NG/hole_1_028/A090_I07.png,1017496
Bird,NG,hole_1_028,A090_I08.png,090,08,NG/hole_1_028/A090_I08.png,1242647
Bird,NG,hole_1_028,A090_I09.png,090,09,NG/hole_1_028/A090_I09.png,1416831
Bird,NG,hole_1_028,A090_I10.png,090,10,NG/hole_1_028/A090_I10.png,1446792
Bird,NG,hole_1_028,A120_I01.png,120,01,NG/hole_1_028/A120_I01.png,1145572
Bird,NG,hole_1_028,A120_I02.png,120,02,NG/hole_1_028/A120_I02.png,1291585
Bird,NG,hole_1_028,A120_I03.png,120,03,NG/hole_1_028/A120_I03.png,1201984
Bird,NG,hole_1_028,A120_I04.png,120,04,NG/hole_1_028/A120_I04.png,1308118
Bird,NG,hole_1_028,A120_I05.png,120,05,NG/hole_1_028/A120_I05.png,1325188
Bird,NG,hole_1_028,A120_I06.png,120,06,NG/hole_1_028/A120_I06.png,1244870
Bird,NG,hole_1_028,A120_I07.png,120,07,NG/hole_1_028/A120_I07.png,1038788
Bird,NG,hole_1_028,A120_I08.png,120,08,NG/hole_1_028/A120_I08.png,1253897
Bird,NG,hole_1_028,A120_I09.png,120,09,NG/hole_1_028/A120_I09.png,1437903
Bird,NG,hole_1_028,A120_I10.png,120,10,NG/hole_1_028/A120_I10.png,1465903
Bird,NG,hole_1_028,A150_I01.png,150,01,NG/hole_1_028/A150_I01.png,1164507
Bird,NG,hole_1_028,A150_I02.png,150,02,NG/hole_1_028/A150_I02.png,1297884
Bird,NG,hole_1_028,A150_I03.png,150,03,NG/hole_1_028/A150_I03.png,1212241
Bird,NG,hole_1_028,A150_I04.png,150,04,NG/hole_1_028/A150_I04.png,1317841
Bird,NG,hole_1_028,A150_I05.png,150,05,NG/hole_1_028/A150_I05.png,1340283
Bird,NG,hole_1_028,A150_I06.png,150,06,NG/hole_1_028/A150_I06.png,1257857
Bird,NG,hole_1_028,A150_I07.png,150,07,NG/hole_1_028/A150_I07.png,1051547
Bird,NG,hole_1_028,A150_I08.png,150,08,NG/hole_1_028/A150_I08.png,1262121
Bird,NG,hole_1_028,A150_I09.png,150,09,NG/hole_1_028/A150_I09.png,1451062
Bird,NG,hole_1_028,A150_I10.png,150,10,NG/hole_1_028/A150_I10.png,1476341
Bird,NG,hole_1_028,A180_I01.png,180,01,NG/hole_1_028/A180_I01.png,1179124
Bird,NG,hole_1_028,A180_I02.png,180,02,NG/hole_1_028/A180_I02.png,1325565
Bird,NG,hole_1_028,A180_I03.png,180,03,NG/hole_1_028/A180_I03.png,1248541
Bird,NG,hole_1_028,A180_I04.png,180,04,NG/hole_1_028/A180_I04.png,1331308
Bird,NG,hole_1_028,A180_I05.png,180,05,NG/hole_1_028/A180_I05.png,1334750
Bird,NG,hole_1_028,A180_I06.png,180,06,NG/hole_1_028/A180_I06.png,1249456
Bird,NG,hole_1_028,A180_I07.png,180,07,NG/hole_1_028/A180_I07.png,1029347
Bird,NG,hole_1_028,A180_I08.png,180,08,NG/hole_1_028/A180_I08.png,1265080
Bird,NG,hole_1_028,A180_I09.png,180,09,NG/hole_1_028/A180_I09.png,1462168
Bird,NG,hole_1_028,A180_I10.png,180,10,NG/hole_1_028/A180_I10.png,1482536
Bird,NG,hole_1_028,A210_I01.png,210,01,NG/hole_1_028/A210_I01.png,1172930
Bird,NG,hole_1_028,A210_I02.png,210,02,NG/hole_1_028/A210_I02.png,1338073
Bird,NG,hole_1_028,A210_I03.png,210,03,NG/hole_1_028/A210_I03.png,1265770
Bird,NG,hole_1_028,A210_I04.png,210,04,NG/hole_1_028/A210_I04.png,1353940
Bird,NG,hole_1_028,A210_I05.png,210,05,NG/hole_1_028/A210_I05.png,1361159
Bird,NG,hole_1_028,A210_I06.png,210,06,NG/hole_1_028/A210_I06.png,1279007
Bird,NG,hole_1_028,A210_I07.png,210,07,NG/hole_1_028/A210_I07.png,1054430
Bird,NG,hole_1_028,A210_I08.png,210,08,NG/hole_1_028/A210_I08.png,1272943
Bird,NG,hole_1_028,A210_I09.png,210,09,NG/hole_1_028/A210_I09.png,1484269
Bird,NG,hole_1_028,A210_I10.png,210,10,NG/hole_1_028/A210_I10.png,1503027
Bird,NG,hole_1_028,A240_I01.png,240,01,NG/hole_1_028/A240_I01.png,1184480
Bird,NG,hole_1_028,A240_I02.png,240,02,NG/hole_1_028/A240_I02.png,1355565
Bird,NG,hole_1_028,A240_I03.png,240,03,NG/hole_1_028/A240_I03.png,1283395
Bird,NG,hole_1_028,A240_I04.png,240,04,NG/hole_1_028/A240_I04.png,1365569
Bird,NG,hole_1_028,A240_I05.png,240,05,NG/hole_1_028/A240_I05.png,1373452
Bird,NG,hole_1_028,A240_I06.png,240,06,NG/hole_1_028/A240_I06.png,1279490
Bird,NG,hole_1_028,A240_I07.png,240,07,NG/hole_1_028/A240_I07.png,1065081
Bird,NG,hole_1_028,A240_I08.png,240,08,NG/hole_1_028/A240_I08.png,1280878
Bird,NG,hole_1_028,A240_I09.png,240,09,NG/hole_1_028/A240_I09.png,1491681
Bird,NG,hole_1_028,A240_I10.png,240,10,NG/hole_1_028/A240_I10.png,1511390
Bird,NG,hole_1_028,A270_I01.png,270,01,NG/hole_1_028/A270_I01.png,1193284
Bird,NG,hole_1_028,A270_I02.png,270,02,NG/hole_1_028/A270_I02.png,1364483
Bird,NG,hole_1_028,A270_I03.png,270,03,NG/hole_1_028/A270_I03.png,1285471
Bird,NG,hole_1_028,A270_I04.png,270,04,NG/hole_1_028/A270_I04.png,1367028
Bird,NG,hole_1_028,A270_I05.png,270,05,NG/hole_1_028/A270_I05.png,1365969
Bird,NG,hole_1_028,A270_I06.png,270,06,NG/hole_1_028/A270_I06.png,1278859
Bird,NG,hole_1_028,A270_I07.png,270,07,NG/hole_1_028/A270_I07.png,1083757
Bird,NG,hole_1_028,A270_I08.png,270,08,NG/hole_1_028/A270_I08.png,1296830
Bird,NG,hole_1_028,A270_I09.png,270,09,NG/hole_1_028/A270_I09.png,1494283
Bird,NG,hole_1_028,A270_I10.png,270,10,NG/hole_1_028/A270_I10.png,1512678
Bird,NG,hole_1_028,A300_I01.png,300,01,NG/hole_1_028/A300_I01.png,1218925
Bird,NG,hole_1_028,A300_I02.png,300,02,NG/hole_1_028/A300_I02.png,1368037
Bird,NG,hole_1_028,A300_I03.png,300,03,NG/hole_1_028/A300_I03.png,1269597
Bird,NG,hole_1_028,A300_I04.png,300,04,NG/hole_1_028/A300_I04.png,1351374
Bird,NG,hole_1_028,A300_I05.png,300,05,NG/hole_1_028/A300_I05.png,1354143
Bird,NG,hole_1_028,A300_I06.png,300,06,NG/hole_1_028/A300_I06.png,1268178
Bird,NG,hole_1_028,A300_I07.png,300,07,NG/hole_1_028/A300_I07.png,1087397
Bird,NG,hole_1_028,A300_I08.png,300,08,NG/hole_1_028/A300_I08.png,1316542
Bird,NG,hole_1_028,A300_I09.png,300,09,NG/hole_1_028/A300_I09.png,1491673
Bird,NG,hole_1_028,A300_I10.png,300,10,NG/hole_1_028/A300_I10.png,1505939
Bird,NG,hole_1_028,A330_I01.png,330,01,NG/hole_1_028/A330_I01.png,1225344
Bird,NG,hole_1_028,A330_I02.png,330,02,NG/hole_1_028/A330_I02.png,1361252
Bird,NG,hole_1_028,A330_I03.png,330,03,NG/hole_1_028/A330_I03.png,1252469
Bird,NG,hole_1_028,A330_I04.png,330,04,NG/hole_1_028/A330_I04.png,1321418
Bird,NG,hole_1_028,A330_I05.png,330,05,NG/hole_1_028/A330_I05.png,1323964
Bird,NG,hole_1_028,A330_I06.png,330,06,NG/hole_1_028/A330_I06.png,1254198
Bird,NG,hole_1_028,A330_I07.png,330,07,NG/hole_1_028/A330_I07.png,1092315
Bird,NG,hole_1_028,A330_I08.png,330,08,NG/hole_1_028/A330_I08.png,1319768
Bird,NG,hole_1_028,A330_I09.png,330,09,NG/hole_1_028/A330_I09.png,1484166
Bird,NG,hole_1_028,A330_I10.png,330,10,NG/hole_1_028/A330_I10.png,1497136
Bird,NG,hole_2_015,A000_I01.png,000,01,NG/hole_2_015/A000_I01.png,1200683
Bird,NG,hole_2_015,A000_I02.png,000,02,NG/hole_2_015/A000_I02.png,1341517
Bird,NG,hole_2_015,A000_I03.png,000,03,NG/hole_2_015/A000_I03.png,1246490
Bird,NG,hole_2_015,A000_I04.png,000,04,NG/hole_2_015/A000_I04.png,1309617
Bird,NG,hole_2_015,A000_I05.png,000,05,NG/hole_2_015/A000_I05.png,1289817
Bird,NG,hole_2_015,A000_I06.png,000,06,NG/hole_2_015/A000_I06.png,1208766
Bird,NG,hole_2_015,A000_I07.png,000,07,NG/hole_2_015/A000_I07.png,1014312
Bird,NG,hole_2_015,A000_I08.png,000,08,NG/hole_2_015/A000_I08.png,1293728
Bird,NG,hole_2_015,A000_I09.png,000,09,NG/hole_2_015/A000_I09.png,1453400
Bird,NG,hole_2_015,A000_I10.png,000,10,NG/hole_2_015/A000_I10.png,1482423
Bird,NG,hole_2_015,A030_I01.png,030,01,NG/hole_2_015/A030_I01.png,1177036
Bird,NG,hole_2_015,A030_I02.png,030,02,NG/hole_2_015/A030_I02.png,1315560
Bird,NG,hole_2_015,A030_I03.png,030,03,NG/hole_2_015/A030_I03.png,1196354
Bird,NG,hole_2_015,A030_I04.png,030,04,NG/hole_2_015/A030_I04.png,1286679
Bird,NG,hole_2_015,A030_I05.png,030,05,NG/hole_2_015/A030_I05.png,1288268
Bird,NG,hole_2_015,A030_I06.png,030,06,NG/hole_2_015/A030_I06.png,1222127
Bird,NG,hole_2_015,A030_I07.png,030,07,NG/hole_2_015/A030_I07.png,1035812
Bird,NG,hole_2_015,A030_I08.png,030,08,NG/hole_2_015/A030_I08.png,1280078
Bird,NG,hole_2_015,A030_I09.png,030,09,NG/hole_2_015/A030_I09.png,1439886
Bird,NG,hole_2_015,A030_I10.png,030,10,NG/hole_2_015/A030_I10.png,1471348
Bird,NG,hole_2_015,A060_I01.png,060,01,NG/hole_2_015/A060_I01.png,1152336
Bird,NG,hole_2_015,A060_I02.png,060,02,NG/hole_2_015/A060_I02.png,1292494
Bird,NG,hole_2_015,A060_I03.png,060,03,NG/hole_2_015/A060_I03.png,1180336
Bird,NG,hole_2_015,A060_I04.png,060,04,NG/hole_2_015/A060_I04.png,1280136
Bird,NG,hole_2_015,A060_I05.png,060,05,NG/hole_2_015/A060_I05.png,1272951
Bird,NG,hole_2_015,A060_I06.png,060,06,NG/hole_2_015/A060_I06.png,1200780
Bird,NG,hole_2_015,A060_I07.png,060,07,NG/hole_2_015/A060_I07.png,993052
Bird,NG,hole_2_015,A060_I08.png,060,08,NG/hole_2_015/A060_I08.png,1247443
Bird,NG,hole_2_015,A060_I09.png,060,09,NG/hole_2_015/A060_I09.png,1411958
Bird,NG,hole_2_015,A060_I10.png,060,10,NG/hole_2_015/A060_I10.png,1446050
Bird,NG,hole_2_015,A090_I01.png,090,01,NG/hole_2_015/A090_I01.png,1131369
Bird,NG,hole_2_015,A090_I02.png,090,02,NG/hole_2_015/A090_I02.png,1276560
Bird,NG,hole_2_015,A090_I03.png,090,03,NG/hole_2_015/A090_I03.png,1171740
Bird,NG,hole_2_015,A090_I04.png,090,04,NG/hole_2_015/A090_I04.png,1276497
Bird,NG,hole_2_015,A090_I05.png,090,05,NG/hole_2_015/A090_I05.png,1270941
Bird,NG,hole_2_015,A090_I06.png,090,06,NG/hole_2_015/A090_I06.png,1194692
Bird,NG,hole_2_015,A090_I07.png,090,07,NG/hole_2_015/A090_I07.png,976970
Bird,NG,hole_2_015,A090_I08.png,090,08,NG/hole_2_015/A090_I08.png,1229037
Bird,NG,hole_2_015,A090_I09.png,090,09,NG/hole_2_015/A090_I09.png,1402367
Bird,NG,hole_2_015,A090_I10.png,090,10,NG/hole_2_015/A090_I10.png,1438186
Bird,NG,hole_2_015,A120_I01.png,120,01,NG/hole_2_015/A120_I01.png,1126261
Bird,NG,hole_2_015,A120_I02.png,120,02,NG/hole_2_015/A120_I02.png,1273816
Bird,NG,hole_2_015,A120_I03.png,120,03,NG/hole_2_015/A120_I03.png,1179201
Bird,NG,hole_2_015,A120_I04.png,120,04,NG/hole_2_015/A120_I04.png,1293671
Bird,NG,hole_2_015,A120_I05.png,120,05,NG/hole_2_015/A120_I05.png,1299332
Bird,NG,hole_2_015,A120_I06.png,120,06,NG/hole_2_015/A120_I06.png,1217148
Bird,NG,hole_2_015,A120_I07.png,120,07,NG/hole_2_015/A120_I07.png,983062
Bird,NG,hole_2_015,A120_I08.png,120,08,NG/hole_2_015/A120_I08.png,1232192
Bird,NG,hole_2_015,A120_I09.png,120,09,NG/hole_2_015/A120_I09.png,1415877
Bird,NG,hole_2_015,A120_I10.png,120,10,NG/hole_2_015/A120_I10.png,1452864
Bird,NG,hole_2_015,A150_I01.png,150,01,NG/hole_2_015/A150_I01.png,1131741
Bird,NG,hole_2_015,A150_I02.png,150,02,NG/hole_2_015/A150_I02.png,1276624
Bird,NG,hole_2_015,A150_I03.png,150,03,NG/hole_2_015/A150_I03.png,1186488
Bird,NG,hole_2_015,A150_I04.png,150,04,NG/hole_2_015/A150_I04.png,1315791
Bird,NG,hole_2_015,A150_I05.png,150,05,NG/hole_2_015/A150_I05.png,1329290
Bird,NG,hole_2_015,A150_I06.png,150,06,NG/hole_2_015/A150_I06.png,1250698
Bird,NG,hole_2_015,A150_I07.png,150,07,NG/hole_2_015/A150_I07.png,1026826
Bird,NG,hole_2_015,A150_I08.png,150,08,NG/hole_2_015/A150_I08.png,1253642
Bird,NG,hole_2_015,A150_I09.png,150,09,NG/hole_2_015/A150_I09.png,1440780
Bird,NG,hole_2_015,A150_I10.png,150,10,NG/hole_2_015/A150_I10.png,1475127
Bird,NG,hole_2_015,A180_I01.png,180,01,NG/hole_2_015/A180_I01.png,1167112
Bird,NG,hole_2_015,A180_I02.png,180,02,NG/hole_2_015/A180_I02.png,1308869
Bird,NG,hole_2_015,A180_I03.png,180,03,NG/hole_2_015/A180_I03.png,1215137
Bird,NG,hole_2_015,A180_I04.png,180,04,NG/hole_2_015/A180_I04.png,1340927
Bird,NG,hole_2_015,A180_I05.png,180,05,NG/hole_2_015/A180_I05.png,1353159
Bird,NG,hole_2_015,A180_I06.png,180,06,NG/hole_2_015/A180_I06.png,1271665
Bird,NG,hole_2_015,A180_I07.png,180,07,NG/hole_2_015/A180_I07.png,1044655
Bird,NG,hole_2_015,A180_I08.png,180,08,NG/hole_2_015/A180_I08.png,1276040
Bird,NG,hole_2_015,A180_I09.png,180,09,NG/hole_2_015/A180_I09.png,1466413
Bird,NG,hole_2_015,A180_I10.png,180,10,NG/hole_2_015/A180_I10.png,1492665
Bird,NG,hole_2_015,A210_I01.png,210,01,NG/hole_2_015/A210_I01.png,1189222
Bird,NG,hole_2_015,A210_I02.png,210,02,NG/hole_2_015/A210_I02.png,1339351
Bird,NG,hole_2_015,A210_I03.png,210,03,NG/hole_2_015/A210_I03.png,1237749
Bird,NG,hole_2_015,A210_I04.png,210,04,NG/hole_2_015/A210_I04.png,1369713
Bird,NG,hole_2_015,A210_I05.png,210,05,NG/hole_2_015/A210_I05.png,1391259
Bird,NG,hole_2_015,A210_I06.png,210,06,NG/hole_2_015/A210_I06.png,1314702
Bird,NG,hole_2_015,A210_I07.png,210,07,NG/hole_2_015/A210_I07.png,1083708
Bird,NG,hole_2_015,A210_I08.png,210,08,NG/hole_2_015/A210_I08.png,1297345
Bird,NG,hole_2_015,A210_I09.png,210,09,NG/hole_2_015/A210_I09.png,1500467
Bird,NG,hole_2_015,A210_I10.png,210,10,NG/hole_2_015/A210_I10.png,1521862
Bird,NG,hole_2_015,A240_I01.png,240,01,NG/hole_2_015/A240_I01.png,1199399
Bird,NG,hole_2_015,A240_I02.png,240,02,NG/hole_2_015/A240_I02.png,1359301
Bird,NG,hole_2_015,A240_I03.png,240,03,NG/hole_2_015/A240_I03.png,1263114
Bird,NG,hole_2_015,A240_I04.png,240,04,NG/hole_2_015/A240_I04.png,1380506
Bird,NG,hole_2_015,A240_I05.png,240,05,NG/hole_2_015/A240_I05.png,1395496
Bird,NG,hole_2_015,A240_I06.png,240,06,NG/hole_2_015/A240_I06.png,1311017
Bird,NG,hole_2_015,A240_I07.png,240,07,NG/hole_2_015/A240_I07.png,1090249
Bird,NG,hole_2_015,A240_I08.png,240,08,NG/hole_2_015/A240_I08.png,1301414
Bird,NG,hole_2_015,A240_I09.png,240,09,NG/hole_2_015/A240_I09.png,1508016
Bird,NG,hole_2_015,A240_I10.png,240,10,NG/hole_2_015/A240_I10.png,1532446
Bird,NG,hole_2_015,A270_I01.png,270,01,NG/hole_2_015/A270_I01.png,1225111
Bird,NG,hole_2_015,A270_I02.png,270,02,NG/hole_2_015/A270_I02.png,1378419
Bird,NG,hole_2_015,A270_I03.png,270,03,NG/hole_2_015/A270_I03.png,1263764
Bird,NG,hole_2_015,A270_I04.png,270,04,NG/hole_2_015/A270_I04.png,1366510
Bird,NG,hole_2_015,A270_I05.png,270,05,NG/hole_2_015/A270_I05.png,1372369
Bird,NG,hole_2_015,A270_I06.png,270,06,NG/hole_2_015/A270_I06.png,1297593
Bird,NG,hole_2_015,A270_I07.png,270,07,NG/hole_2_015/A270_I07.png,1105057
Bird,NG,hole_2_015,A270_I08.png,270,08,NG/hole_2_015/A270_I08.png,1325547
Bird,NG,hole_2_015,A270_I09.png,270,09,NG/hole_2_015/A270_I09.png,1504103
Bird,NG,hole_2_015,A270_I10.png,270,10,NG/hole_2_015/A270_I10.png,1527395
Bird,NG,hole_2_015,A300_I01.png,300,01,NG/hole_2_015/A300_I01.png,1237374
Bird,NG,hole_2_015,A300_I02.png,300,02,NG/hole_2_015/A300_I02.png,1387134
Bird,NG,hole_2_015,A300_I03.png,300,03,NG/hole_2_015/A300_I03.png,1276967
Bird,NG,hole_2_015,A300_I04.png,300,04,NG/hole_2_015/A300_I04.png,1353506
Bird,NG,hole_2_015,A300_I05.png,300,05,NG/hole_2_015/A300_I05.png,1339870
Bird,NG,hole_2_015,A300_I06.png,300,06,NG/hole_2_015/A300_I06.png,1253930
Bird,NG,hole_2_015,A300_I07.png,300,07,NG/hole_2_015/A300_I07.png,1053251
Bird,NG,hole_2_015,A300_I08.png,300,08,NG/hole_2_015/A300_I08.png,1327843
Bird,NG,hole_2_015,A300_I09.png,300,09,NG/hole_2_015/A300_I09.png,1498016
Bird,NG,hole_2_015,A300_I10.png,300,10,NG/hole_2_015/A300_I10.png,1517535
Bird,NG,hole_2_015,A330_I01.png,330,01,NG/hole_2_015/A330_I01.png,1199320
Bird,NG,hole_2_015,A330_I02.png,330,02,NG/hole_2_015/A330_I02.png,1344696
Bird,NG,hole_2_015,A330_I03.png,330,03,NG/hole_2_015/A330_I03.png,1242788
Bird,NG,hole_2_015,A330_I04.png,330,04,NG/hole_2_015/A330_I04.png,1337271
Bird,NG,hole_2_015,A330_I05.png,330,05,NG/hole_2_015/A330_I05.png,1338391
Bird,NG,hole_2_015,A330_I06.png,330,06,NG/hole_2_015/A330_I06.png,1260323
Bird,NG,hole_2_015,A330_I07.png,330,07,NG/hole_2_015/A330_I07.png,1082174
Bird,NG,hole_2_015,A330_I08.png,330,08,NG/hole_2_015/A330_I08.png,1302140
Bird,NG,hole_2_015,A330_I09.png,330,09,NG/hole_2_015/A330_I09.png,1476309
Bird,NG,hole_2_015,A330_I10.png,330,10,NG/hole_2_015/A330_I10.png,1503790
Bird,NG,hole_2_017,A000_I01.png,000,01,NG/hole_2_017/A000_I01.png,1195116
Bird,NG,hole_2_017,A000_I02.png,000,02,NG/hole_2_017/A000_I02.png,1339480
Bird,NG,hole_2_017,A000_I03.png,000,03,NG/hole_2_017/A000_I03.png,1228825
Bird,NG,hole_2_017,A000_I04.png,000,04,NG/hole_2_017/A000_I04.png,1308280
Bird,NG,hole_2_017,A000_I05.png,000,05,NG/hole_2_017/A000_I05.png,1281515
Bird,NG,hole_2_017,A000_I06.png,000,06,NG/hole_2_017/A000_I06.png,1208378
Bird,NG,hole_2_017,A000_I07.png,000,07,NG/hole_2_017/A000_I07.png,1018864
Bird,NG,hole_2_017,A000_I08.png,000,08,NG/hole_2_017/A000_I08.png,1293218
Bird,NG,hole_2_017,A000_I09.png,000,09,NG/hole_2_017/A000_I09.png,1456309
Bird,NG,hole_2_017,A000_I10.png,000,10,NG/hole_2_017/A000_I10.png,1486381
Bird,NG,hole_2_017,A030_I01.png,030,01,NG/hole_2_017/A030_I01.png,1162080
Bird,NG,hole_2_017,A030_I02.png,030,02,NG/hole_2_017/A030_I02.png,1304617
Bird,NG,hole_2_017,A030_I03.png,030,03,NG/hole_2_017/A030_I03.png,1182272
Bird,NG,hole_2_017,A030_I04.png,030,04,NG/hole_2_017/A030_I04.png,1279316
Bird,NG,hole_2_017,A030_I05.png,030,05,NG/hole_2_017/A030_I05.png,1280946
Bird,NG,hole_2_017,A030_I06.png,030,06,NG/hole_2_017/A030_I06.png,1217290
Bird,NG,hole_2_017,A030_I07.png,030,07,NG/hole_2_017/A030_I07.png,1042269
Bird,NG,hole_2_017,A030_I08.png,030,08,NG/hole_2_017/A030_I08.png,1277069
Bird,NG,hole_2_017,A030_I09.png,030,09,NG/hole_2_017/A030_I09.png,1434413
Bird,NG,hole_2_017,A030_I10.png,030,10,NG/hole_2_017/A030_I10.png,1469174
Bird,NG,hole_2_017,A060_I01.png,060,01,NG/hole_2_017/A060_I01.png,1159175
Bird,NG,hole_2_017,A060_I02.png,060,02,NG/hole_2_017/A060_I02.png,1299889
Bird,NG,hole_2_017,A060_I03.png,060,03,NG/hole_2_017/A060_I03.png,1189094
Bird,NG,hole_2_017,A060_I04.png,060,04,NG/hole_2_017/A060_I04.png,1274424
Bird,NG,hole_2_017,A060_I05.png,060,05,NG/hole_2_017/A060_I05.png,1257469
Bird,NG,hole_2_017,A060_I06.png,060,06,NG/hole_2_017/A060_I06.png,1182692
Bird,NG,hole_2_017,A060_I07.png,060,07,NG/hole_2_017/A060_I07.png,973154
Bird,NG,hole_2_017,A060_I08.png,060,08,NG/hole_2_017/A060_I08.png,1246311
Bird,NG,hole_2_017,A060_I09.png,060,09,NG/hole_2_017/A060_I09.png,1412862
Bird,NG,hole_2_017,A060_I10.png,060,10,NG/hole_2_017/A060_I10.png,1445509
Bird,NG,hole_2_017,A090_I01.png,090,01,NG/hole_2_017/A090_I01.png,1129372
Bird,NG,hole_2_017,A090_I02.png,090,02,NG/hole_2_017/A090_I02.png,1275760
Bird,NG,hole_2_017,A090_I03.png,090,03,NG/hole_2_017/A090_I03.png,1172548
Bird,NG,hole_2_017,A090_I04.png,090,04,NG/hole_2_017/A090_I04.png,1277578
Bird,NG,hole_2_017,A090_I05.png,090,05,NG/hole_2_017/A090_I05.png,1268916
Bird,NG,hole_2_017,A090_I06.png,090,06,NG/hole_2_017/A090_I06.png,1186528
Bird,NG,hole_2_017,A090_I07.png,090,07,NG/hole_2_017/A090_I07.png,970075
Bird,NG,hole_2_017,A090_I08.png,090,08,NG/hole_2_017/A090_I08.png,1223063
Bird,NG,hole_2_017,A090_I09.png,090,09,NG/hole_2_017/A090_I09.png,1401787
Bird,NG,hole_2_017,A090_I10.png,090,10,NG/hole_2_017/A090_I10.png,1438907
Bird,NG,hole_2_017,A120_I01.png,120,01,NG/hole_2_017/A120_I01.png,1119019
Bird,NG,hole_2_017,A120_I02.png,120,02,NG/hole_2_017/A120_I02.png,1271538
Bird,NG,hole_2_017,A120_I03.png,120,03,NG/hole_2_017/A120_I03.png,1177376
Bird,NG,hole_2_017,A120_I04.png,120,04,NG/hole_2_017/A120_I04.png,1297062
Bird,NG,hole_2_017,A120_I05.png,120,05,NG/hole_2_017/A120_I05.png,1300272
Bird,NG,hole_2_017,A120_I06.png,120,06,NG/hole_2_017/A120_I06.png,1217727
Bird,NG,hole_2_017,A120_I07.png,120,07,NG/hole_2_017/A120_I07.png,990289
Bird,NG,hole_2_017,A120_I08.png,120,08,NG/hole_2_017/A120_I08.png,1228063
Bird,NG,hole_2_017,A120_I09.png,120,09,NG/hole_2_017/A120_I09.png,1418210
Bird,NG,hole_2_017,A120_I10.png,120,10,NG/hole_2_017/A120_I10.png,1455423
Bird,NG,hole_2_017,A150_I01.png,150,01,NG/hole_2_017/A150_I01.png,1127834
Bird,NG,hole_2_017,A150_I02.png,150,02,NG/hole_2_017/A150_I02.png,1282231
Bird,NG,hole_2_017,A150_I03.png,150,03,NG/hole_2_017/A150_I03.png,1200397
Bird,NG,hole_2_017,A150_I04.png,150,04,NG/hole_2_017/A150_I04.png,1309595
Bird,NG,hole_2_017,A150_I05.png,150,05,NG/hole_2_017/A150_I05.png,1306741
Bird,NG,hole_2_017,A150_I06.png,150,06,NG/hole_2_017/A150_I06.png,1229197
Bird,NG,hole_2_017,A150_I07.png,150,07,NG/hole_2_017/A150_I07.png,1017373
Bird,NG,hole_2_017,A150_I08.png,150,08,NG/hole_2_017/A150_I08.png,1248848
Bird,NG,hole_2_017,A150_I09.png,150,09,NG/hole_2_017/A150_I09.png,1439258
Bird,NG,hole_2_017,A150_I10.png,150,10,NG/hole_2_017/A150_I10.png,1477119
Bird,NG,hole_2_017,A180_I01.png,180,01,NG/hole_2_017/A180_I01.png,1154266
Bird,NG,hole_2_017,A180_I02.png,180,02,NG/hole_2_017/A180_I02.png,1308670
Bird,NG,hole_2_017,A180_I03.png,180,03,NG/hole_2_017/A180_I03.png,1218273
Bird,NG,hole_2_017,A180_I04.png,180,04,NG/hole_2_017/A180_I04.png,1335480
Bird,NG,hole_2_017,A180_I05.png,180,05,NG/hole_2_017/A180_I05.png,1337371
Bird,NG,hole_2_017,A180_I06.png,180,06,NG/hole_2_017/A180_I06.png,1255761
Bird,NG,hole_2_017,A180_I07.png,180,07,NG/hole_2_017/A180_I07.png,1036273
Bird,NG,hole_2_017,A180_I08.png,180,08,NG/hole_2_017/A180_I08.png,1266541
Bird,NG,hole_2_017,A180_I09.png,180,09,NG/hole_2_017/A180_I09.png,1464862
Bird,NG,hole_2_017,A180_I10.png,180,10,NG/hole_2_017/A180_I10.png,1493678
Bird,NG,hole_2_017,A210_I01.png,210,01,NG/hole_2_017/A210_I01.png,1158524
Bird,NG,hole_2_017,A210_I02.png,210,02,NG/hole_2_017/A210_I02.png,1326672
Bird,NG,hole_2_017,A210_I03.png,210,03,NG/hole_2_017/A210_I03.png,1236426
Bird,NG,hole_2_017,A210_I04.png,210,04,NG/hole_2_017/A210_I04.png,1364349
Bird,NG,hole_2_017,A210_I05.png,210,05,NG/hole_2_017/A210_I05.png,1373750
Bird,NG,hole_2_017,A210_I06.png,210,06,NG/hole_2_017/A210_I06.png,1301288
Bird,NG,hole_2_017,A210_I07.png,210,07,NG/hole_2_017/A210_I07.png,1090048
Bird,NG,hole_2_017,A210_I08.png,210,08,NG/hole_2_017/A210_I08.png,1283493
Bird,NG,hole_2_017,A210_I09.png,210,09,NG/hole_2_017/A210_I09.png,1494193
Bird,NG,hole_2_017,A210_I10.png,210,10,NG/hole_2_017/A210_I10.png,1521147
Bird,NG,hole_2_017,A240_I01.png,240,01,NG/hole_2_017/A240_I01.png,1181153
Bird,NG,hole_2_017,A240_I02.png,240,02,NG/hole_2_017/A240_I02.png,1354607
Bird,NG,hole_2_017,A240_I03.png,240,03,NG/hole_2_017/A240_I03.png,1261251
Bird,NG,hole_2_017,A240_I04.png,240,04,NG/hole_2_017/A240_I04.png,1378264
Bird,NG,hole_2_017,A240_I05.png,240,05,NG/hole_2_017/A240_I05.png,1387423
Bird,NG,hole_2_017,A240_I06.png,240,06,NG/hole_2_017/A240_I06.png,1313945
Bird,NG,hole_2_017,A240_I07.png,240,07,NG/hole_2_017/A240_I07.png,1118209
Bird,NG,hole_2_017,A240_I08.png,240,08,NG/hole_2_017/A240_I08.png,1309348
Bird,NG,hole_2_017,A240_I09.png,240,09,NG/hole_2_017/A240_I09.png,1514790
Bird,NG,hole_2_017,A240_I10.png,240,10,NG/hole_2_017/A240_I10.png,1542952
Bird,NG,hole_2_017,A270_I01.png,270,01,NG/hole_2_017/A270_I01.png,1210651
Bird,NG,hole_2_017,A270_I02.png,270,02,NG/hole_2_017/A270_I02.png,1381690
Bird,NG,hole_2_017,A270_I03.png,270,03,NG/hole_2_017/A270_I03.png,1277483
Bird,NG,hole_2_017,A270_I04.png,270,04,NG/hole_2_017/A270_I04.png,1370487
Bird,NG,hole_2_017,A270_I05.png,270,05,NG/hole_2_017/A270_I05.png,1358305
Bird,NG,hole_2_017,A270_I06.png,270,06,NG/hole_2_017/A270_I06.png,1286884
Bird,NG,hole_2_017,A270_I07.png,270,07,NG/hole_2_017/A270_I07.png,1106078
Bird,NG,hole_2_017,A270_I08.png,270,08,NG/hole_2_017/A270_I08.png,1325238
Bird,NG,hole_2_017,A270_I09.png,270,09,NG/hole_2_017/A270_I09.png,1512810
Bird,NG,hole_2_017,A270_I10.png,270,10,NG/hole_2_017/A270_I10.png,1540308
Bird,NG,hole_2_017,A300_I01.png,300,01,NG/hole_2_017/A300_I01.png,1227386
Bird,NG,hole_2_017,A300_I02.png,300,02,NG/hole_2_017/A300_I02.png,1383295
Bird,NG,hole_2_017,A300_I03.png,300,03,NG/hole_2_017/A300_I03.png,1270086
Bird,NG,hole_2_017,A300_I04.png,300,04,NG/hole_2_017/A300_I04.png,1362920
Bird,NG,hole_2_017,A300_I05.png,300,05,NG/hole_2_017/A300_I05.png,1344178
Bird,NG,hole_2_017,A300_I06.png,300,06,NG/hole_2_017/A300_I06.png,1270457
Bird,NG,hole_2_017,A300_I07.png,300,07,NG/hole_2_017/A300_I07.png,1083514
Bird,NG,hole_2_017,A300_I08.png,300,08,NG/hole_2_017/A300_I08.png,1331171
Bird,NG,hole_2_017,A300_I09.png,300,09,NG/hole_2_017/A300_I09.png,1510127
Bird,NG,hole_2_017,A300_I10.png,300,10,NG/hole_2_017/A300_I10.png,1534079
Bird,NG,hole_2_017,A330_I01.png,330,01,NG/hole_2_017/A330_I01.png,1195462
Bird,NG,hole_2_017,A330_I02.png,330,02,NG/hole_2_017/A330_I02.png,1345751
Bird,NG,hole_2_017,A330_I03.png,330,03,NG/hole_2_017/A330_I03.png,1230270
Bird,NG,hole_2_017,A330_I04.png,330,04,NG/hole_2_017/A330_I04.png,1336763
Bird,NG,hole_2_017,A330_I05.png,330,05,NG/hole_2_017/A330_I05.png,1329183
Bird,NG,hole_2_017,A330_I06.png,330,06,NG/hole_2_017/A330_I06.png,1262594
Bird,NG,hole_2_017,A330_I07.png,330,07,NG/hole_2_017/A330_I07.png,1091847
Bird,NG,hole_2_017,A330_I08.png,330,08,NG/hole_2_017/A330_I08.png,1308251
Bird,NG,hole_2_017,A330_I09.png,330,09,NG/hole_2_017/A330_I09.png,1483459
Bird,NG,hole_2_017,A330_I10.png,330,10,NG/hole_2_017/A330_I10.png,1515389
Bird,NG,hole_2_037,A000_I01.png,000,01,NG/hole_2_037/A000_I01.png,1186281
Bird,NG,hole_2_037,A000_I02.png,000,02,NG/hole_2_037/A000_I02.png,1325347
Bird,NG,hole_2_037,A000_I03.png,000,03,NG/hole_2_037/A000_I03.png,1224830
Bird,NG,hole_2_037,A000_I04.png,000,04,NG/hole_2_037/A000_I04.png,1305520
Bird,NG,hole_2_037,A000_I05.png,000,05,NG/hole_2_037/A000_I05.png,1316146
Bird,NG,hole_2_037,A000_I06.png,000,06,NG/hole_2_037/A000_I06.png,1244394
Bird,NG,hole_2_037,A000_I07.png,000,07,NG/hole_2_037/A000_I07.png,1073794
Bird,NG,hole_2_037,A000_I08.png,000,08,NG/hole_2_037/A000_I08.png,1285401
Bird,NG,hole_2_037,A000_I09.png,000,09,NG/hole_2_037/A000_I09.png,1451132
Bird,NG,hole_2_037,A000_I10.png,000,10,NG/hole_2_037/A000_I10.png,1472322
Bird,NG,hole_2_037,A030_I01.png,030,01,NG/hole_2_037/A030_I01.png,1176437
Bird,NG,hole_2_037,A030_I02.png,030,02,NG/hole_2_037/A030_I02.png,1312530
Bird,NG,hole_2_037,A030_I03.png,030,03,NG/hole_2_037/A030_I03.png,1211493
Bird,NG,hole_2_037,A030_I04.png,030,04,NG/hole_2_037/A030_I04.png,1290695
Bird,NG,hole_2_037,A030_I05.png,030,05,NG/hole_2_037/A030_I05.png,1300887
Bird,NG,hole_2_037,A030_I06.png,030,06,NG/hole_2_037/A030_I06.png,1219663
Bird,NG,hole_2_037,A030_I07.png,030,07,NG/hole_2_037/A030_I07.png,1017493
Bird,NG,hole_2_037,A030_I08.png,030,08,NG/hole_2_037/A030_I08.png,1264939
Bird,NG,hole_2_037,A030_I09.png,030,09,NG/hole_2_037/A030_I09.png,1426709
Bird,NG,hole_2_037,A030_I10.png,030,10,NG/hole_2_037/A030_I10.png,1453820
Bird,NG,hole_2_037,A060_I01.png,060,01,NG/hole_2_037/A060_I01.png,1166634
Bird,NG,hole_2_037,A060_I02.png,060,02,NG/hole_2_037/A060_I02.png,1307740
Bird,NG,hole_2_037,A060_I03.png,060,03,NG/hole_2_037/A060_I03.png,1202616
Bird,NG,hole_2_037,A060_I04.png,060,04,NG/hole_2_037/A060_I04.png,1288575
Bird,NG,hole_2_037,A060_I05.png,060,05,NG/hole_2_037/A060_I05.png,1285571
Bird,NG,hole_2_037,A060_I06.png,060,06,NG/hole_2_037/A060_I06.png,1214373
Bird,NG,hole_2_037,A060_I07.png,060,07,NG/hole_2_037/A060_I07.png,1000394
Bird,NG,hole_2_037,A060_I08.png,060,08,NG/hole_2_037/A060_I08.png,1254627
Bird,NG,hole_2_037,A060_I09.png,060,09,NG/hole_2_037/A060_I09.png,1421623
Bird,NG,hole_2_037,A060_I10.png,060,10,NG/hole_2_037/A060_I10.png,1451086
Bird,NG,hole_2_037,A090_I01.png,090,01,NG/hole_2_037/A090_I01.png,1118275
Bird,NG,hole_2_037,A090_I02.png,090,02,NG/hole_2_037/A090_I02.png,1281496
Bird,NG,hole_2_037,A090_I03.png,090,03,NG/hole_2_037/A090_I03.png,1198486
Bird,NG,hole_2_037,A090_I04.png,090,04,NG/hole_2_037/A090_I04.png,1297016
Bird,NG,hole_2_037,A090_I05.png,090,05,NG/hole_2_037/A090_I05.png,1296085
Bird,NG,hole_2_037,A090_I06.png,090,06,NG/hole_2_037/A090_I06.png,1215005
Bird,NG,hole_2_037,A090_I07.png,090,07,NG/hole_2_037/A090_I07.png,999865
Bird,NG,hole_2_037,A090_I08.png,090,08,NG/hole_2_037/A090_I08.png,1221171
Bird,NG,hole_2_037,A090_I09.png,090,09,NG/hole_2_037/A090_I09.png,1406912
Bird,NG,hole_2_037,A090_I10.png,090,10,NG/hole_2_037/A090_I10.png,1443550
Bird,NG,hole_2_037,A120_I01.png,120,01,NG/hole_2_037/A120_I01.png,1168321
Bird,NG,hole_2_037,A120_I02.png,120,02,NG/hole_2_037/A120_I02.png,1306726
Bird,NG,hole_2_037,A120_I03.png,120,03,NG/hole_2_037/A120_I03.png,1207529
Bird,NG,hole_2_037,A120_I04.png,120,04,NG/hole_2_037/A120_I04.png,1320525
Bird,NG,hole_2_037,A120_I05.png,120,05,NG/hole_2_037/A120_I05.png,1346380
Bird,NG,hole_2_037,A120_I06.png,120,06,NG/hole_2_037/A120_I06.png,1260714
Bird,NG,hole_2_037,A120_I07.png,120,07,NG/hole_2_037/A120_I07.png,1034319
Bird,NG,hole_2_037,A120_I08.png,120,08,NG/hole_2_037/A120_I08.png,1264469
Bird,NG,hole_2_037,A120_I09.png,120,09,NG/hole_2_037/A120_I09.png,1450806
Bird,NG,hole_2_037,A120_I10.png,120,10,NG/hole_2_037/A120_I10.png,1472773
Bird,NG,hole_2_037,A150_I01.png,150,01,NG/hole_2_037/A150_I01.png,1187251
Bird,NG,hole_2_037,A150_I02.png,150,02,NG/hole_2_037/A150_I02.png,1314222
Bird,NG,hole_2_037,A150_I03.png,150,03,NG/hole_2_037/A150_I03.png,1223739
Bird,NG,hole_2_037,A150_I04.png,150,04,NG/hole_2_037/A150_I04.png,1325632
Bird,NG,hole_2_037,A150_I05.png,150,05,NG/hole_2_037/A150_I05.png,1353166
Bird,NG,hole_2_037,A150_I06.png,150,06,NG/hole_2_037/A150_I06.png,1269975
Bird,NG,hole_2_037,A150_I07.png,150,07,NG/hole_2_037/A150_I07.png,1054750
Bird,NG,hole_2_037,A150_I08.png,150,08,NG/hole_2_037/A150_I08.png,1281592
Bird,NG,hole_2_037,A150_I09.png,150,09,NG/hole_2_037/A150_I09.png,1465220
Bird,NG,hole_2_037,A150_I10.png,150,10,NG/hole_2_037/A150_I10.png,1485323
Bird,NG,hole_2_037,A180_I01.png,180,01,NG/hole_2_037/A180_I01.png,1205818
Bird,NG,hole_2_037,A180_I02.png,180,02,NG/hole_2_037/A180_I02.png,1340150
Bird,NG,hole_2_037,A180_I03.png,180,03,NG/hole_2_037/A180_I03.png,1256430
Bird,NG,hole_2_037,A180_I04.png,180,04,NG/hole_2_037/A180_I04.png,1332103
Bird,NG,hole_2_037,A180_I05.png,180,05,NG/hole_2_037/A180_I05.png,1337034
Bird,NG,hole_2_037,A180_I06.png,180,06,NG/hole_2_037/A180_I06.png,1245958
Bird,NG,hole_2_037,A180_I07.png,180,07,NG/hole_2_037/A180_I07.png,1028133
Bird,NG,hole_2_037,A180_I08.png,180,08,NG/hole_2_037/A180_I08.png,1282663
Bird,NG,hole_2_037,A180_I09.png,180,09,NG/hole_2_037/A180_I09.png,1468416
Bird,NG,hole_2_037,A180_I10.png,180,10,NG/hole_2_037/A180_I10.png,1485675
Bird,NG,hole_2_037,A210_I01.png,210,01,NG/hole_2_037/A210_I01.png,1177184
Bird,NG,hole_2_037,A210_I02.png,210,02,NG/hole_2_037/A210_I02.png,1333562
Bird,NG,hole_2_037,A210_I03.png,210,03,NG/hole_2_037/A210_I03.png,1273014
Bird,NG,hole_2_037,A210_I04.png,210,04,NG/hole_2_037/A210_I04.png,1341964
Bird,NG,hole_2_037,A210_I05.png,210,05,NG/hole_2_037/A210_I05.png,1342486
Bird,NG,hole_2_037,A210_I06.png,210,06,NG/hole_2_037/A210_I06.png,1247619
Bird,NG,hole_2_037,A210_I07.png,210,07,NG/hole_2_037/A210_I07.png,1023609
Bird,NG,hole_2_037,A210_I08.png,210,08,NG/hole_2_037/A210_I08.png,1262478
Bird,NG,hole_2_037,A210_I09.png,210,09,NG/hole_2_037/A210_I09.png,1460644
Bird,NG,hole_2_037,A210_I10.png,210,10,NG/hole_2_037/A210_I10.png,1478074
Bird,NG,hole_2_037,A240_I01.png,240,01,NG/hole_2_037/A240_I01.png,1181359
Bird,NG,hole_2_037,A240_I02.png,240,02,NG/hole_2_037/A240_I02.png,1346595
Bird,NG,hole_2_037,A240_I03.png,240,03,NG/hole_2_037/A240_I03.png,1285996
Bird,NG,hole_2_037,A240_I04.png,240,04,NG/hole_2_037/A240_I04.png,1346541
Bird,NG,hole_2_037,A240_I05.png,240,05,NG/hole_2_037/A240_I05.png,1344758
Bird,NG,hole_2_037,A240_I06.png,240,06,NG/hole_2_037/A240_I06.png,1248752
Bird,NG,hole_2_037,A240_I07.png,240,07,NG/hole_2_037/A240_I07.png,1039087
Bird,NG,hole_2_037,A240_I08.png,240,08,NG/hole_2_037/A240_I08.png,1269517
Bird,NG,hole_2_037,A240_I09.png,240,09,NG/hole_2_037/A240_I09.png,1464979
Bird,NG,hole_2_037,A240_I10.png,240,10,NG/hole_2_037/A240_I10.png,1484893
Bird,NG,hole_2_037,A270_I01.png,270,01,NG/hole_2_037/A270_I01.png,1185846
Bird,NG,hole_2_037,A270_I02.png,270,02,NG/hole_2_037/A270_I02.png,1355860
Bird,NG,hole_2_037,A270_I03.png,270,03,NG/hole_2_037/A270_I03.png,1289986
Bird,NG,hole_2_037,A270_I04.png,270,04,NG/hole_2_037/A270_I04.png,1345177
Bird,NG,hole_2_037,A270_I05.png,270,05,NG/hole_2_037/A270_I05.png,1337185
Bird,NG,hole_2_037,A270_I06.png,270,06,NG/hole_2_037/A270_I06.png,1246133
Bird,NG,hole_2_037,A270_I07.png,270,07,NG/hole_2_037/A270_I07.png,1060918
Bird,NG,hole_2_037,A270_I08.png,270,08,NG/hole_2_037/A270_I08.png,1282551
Bird,NG,hole_2_037,A270_I09.png,270,09,NG/hole_2_037/A270_I09.png,1467811
Bird,NG,hole_2_037,A270_I10.png,270,10,NG/hole_2_037/A270_I10.png,1484918
Bird,NG,hole_2_037,A300_I01.png,300,01,NG/hole_2_037/A300_I01.png,1197513
Bird,NG,hole_2_037,A300_I02.png,300,02,NG/hole_2_037/A300_I02.png,1352538
Bird,NG,hole_2_037,A300_I03.png,300,03,NG/hole_2_037/A300_I03.png,1270875
Bird,NG,hole_2_037,A300_I04.png,300,04,NG/hole_2_037/A300_I04.png,1349368
Bird,NG,hole_2_037,A300_I05.png,300,05,NG/hole_2_037/A300_I05.png,1354434
Bird,NG,hole_2_037,A300_I06.png,300,06,NG/hole_2_037/A300_I06.png,1262643
Bird,NG,hole_2_037,A300_I07.png,300,07,NG/hole_2_037/A300_I07.png,1076170
Bird,NG,hole_2_037,A300_I08.png,300,08,NG/hole_2_037/A300_I08.png,1294564
Bird,NG,hole_2_037,A300_I09.png,300,09,NG/hole_2_037/A300_I09.png,1475217
Bird,NG,hole_2_037,A300_I10.png,300,10,NG/hole_2_037/A300_I10.png,1489366
Bird,NG,hole_2_037,A330_I01.png,330,01,NG/hole_2_037/A330_I01.png,1198740
Bird,NG,hole_2_037,A330_I02.png,330,02,NG/hole_2_037/A330_I02.png,1338522
Bird,NG,hole_2_037,A330_I03.png,330,03,NG/hole_2_037/A330_I03.png,1245038
Bird,NG,hole_2_037,A330_I04.png,330,04,NG/hole_2_037/A330_I04.png,1318063
Bird,NG,hole_2_037,A330_I05.png,330,05,NG/hole_2_037/A330_I05.png,1329194
Bird,NG,hole_2_037,A330_I06.png,330,06,NG/hole_2_037/A330_I06.png,1259369
Bird,NG,hole_2_037,A330_I07.png,330,07,NG/hole_2_037/A330_I07.png,1105291
Bird,NG,hole_2_037,A330_I08.png,330,08,NG/hole_2_037/A330_I08.png,1302943
Bird,NG,hole_2_037,A330_I09.png,330,09,NG/hole_2_037/A330_I09.png,1467877
Bird,NG,hole_2_037,A330_I10.png,330,10,NG/hole_2_037/A330_I10.png,1483934
Bird,NG,hole_3_016,A000_I01.png,000,01,NG/hole_3_016/A000_I01.png,1192923
Bird,NG,hole_3_016,A000_I02.png,000,02,NG/hole_3_016/A000_I02.png,1342253
Bird,NG,hole_3_016,A000_I03.png,000,03,NG/hole_3_016/A000_I03.png,1244871
Bird,NG,hole_3_016,A000_I04.png,000,04,NG/hole_3_016/A000_I04.png,1316808
Bird,NG,hole_3_016,A000_I05.png,000,05,NG/hole_3_016/A000_I05.png,1283954
Bird,NG,hole_3_016,A000_I06.png,000,06,NG/hole_3_016/A000_I06.png,1199116
Bird,NG,hole_3_016,A000_I07.png,000,07,NG/hole_3_016/A000_I07.png,999430
Bird,NG,hole_3_016,A000_I08.png,000,08,NG/hole_3_016/A000_I08.png,1283496
Bird,NG,hole_3_016,A000_I09.png,000,09,NG/hole_3_016/A000_I09.png,1457038
Bird,NG,hole_3_016,A000_I10.png,000,10,NG/hole_3_016/A000_I10.png,1485963
Bird,NG,hole_3_016,A030_I01.png,030,01,NG/hole_3_016/A030_I01.png,1172042
Bird,NG,hole_3_016,A030_I02.png,030,02,NG/hole_3_016/A030_I02.png,1320835
Bird,NG,hole_3_016,A030_I03.png,030,03,NG/hole_3_016/A030_I03.png,1222278
Bird,NG,hole_3_016,A030_I04.png,030,04,NG/hole_3_016/A030_I04.png,1286056
Bird,NG,hole_3_016,A030_I05.png,030,05,NG/hole_3_016/A030_I05.png,1256635
Bird,NG,hole_3_016,A030_I06.png,030,06,NG/hole_3_016/A030_I06.png,1174175
Bird,NG,hole_3_016,A030_I07.png,030,07,NG/hole_3_016/A030_I07.png,969313
Bird,NG,hole_3_016,A030_I08.png,030,08,NG/hole_3_016/A030_I08.png,1261987
Bird,NG,hole_3_016,A030_I09.png,030,09,NG/hole_3_016/A030_I09.png,1429451
Bird,NG,hole_3_016,A030_I10.png,030,10,NG/hole_3_016/A030_I10.png,1459968
Bird,NG,hole_3_016,A060_I01.png,060,01,NG/hole_3_016/A060_I01.png,1159607
Bird,NG,hole_3_016,A060_I02.png,060,02,NG/hole_3_016/A060_I02.png,1303479
Bird,NG,hole_3_016,A060_I03.png,060,03,NG/hole_3_016/A060_I03.png,1195088
Bird,NG,hole_3_016,A060_I04.png,060,04,NG/hole_3_016/A060_I04.png,1277584
Bird,NG,hole_3_016,A060_I05.png,060,05,NG/hole_3_016/A060_I05.png,1258083
Bird,NG,hole_3_016,A060_I06.png,060,06,NG/hole_3_016/A060_I06.png,1184486
Bird,NG,hole_3_016,A060_I07.png,060,07,NG/hole_3_016/A060_I07.png,986234
Bird,NG,hole_3_016,A060_I08.png,060,08,NG/hole_3_016/A060_I08.png,1252381
Bird,NG,hole_3_016,A060_I09.png,060,09,NG/hole_3_016/A060_I09.png,1417632
Bird,NG,hole_3_016,A060_I10.png,060,10,NG/hole_3_016/A060_I10.png,1449372
Bird,NG,hole_3_016,A090_I01.png,090,01,NG/hole_3_016/A090_I01.png,1135465
Bird,NG,hole_3_016,A090_I02.png,090,02,NG/hole_3_016/A090_I02.png,1281715
Bird,NG,hole_3_016,A090_I03.png,090,03,NG/hole_3_016/A090_I03.png,1175459
Bird,NG,hole_3_016,A090_I04.png,090,04,NG/hole_3_016/A090_I04.png,1279554
Bird,NG,hole_3_016,A090_I05.png,090,05,NG/hole_3_016/A090_I05.png,1271017
Bird,NG,hole_3_016,A090_I06.png,090,06,NG/hole_3_016/A090_I06.png,1196084
Bird,NG,hole_3_016,A090_I07.png,090,07,NG/hole_3_016/A090_I07.png,988675
Bird,NG,hole_3_016,A090_I08.png,090,08,NG/hole_3_016/A090_I08.png,1234384
Bird,NG,hole_3_016,A090_I09.png,090,09,NG/hole_3_016/A090_I09.png,1410213
Bird,NG,hole_3_016,A090_I10.png,090,10,NG/hole_3_016/A090_I10.png,1444515
Bird,NG,hole_3_016,A120_I01.png,120,01,NG/hole_3_016/A120_I01.png,1128721
Bird,NG,hole_3_016,A120_I02.png,120,02,NG/hole_3_016/A120_I02.png,1275837
Bird,NG,hole_3_016,A120_I03.png,120,03,NG/hole_3_016/A120_I03.png,1176897
Bird,NG,hole_3_016,A120_I04.png,120,04,NG/hole_3_016/A120_I04.png,1290106
Bird,NG,hole_3_016,A120_I05.png,120,05,NG/hole_3_016/A120_I05.png,1290290
Bird,NG,hole_3_016,A120_I06.png,120,06,NG/hole_3_016/A120_I06.png,1215149
Bird,NG,hole_3_016,A120_I07.png,120,07,NG/hole_3_016/A120_I07.png,1004760
Bird,NG,hole_3_016,A120_I08.png,120,08,NG/hole_3_016/A120_I08.png,1239904
Bird,NG,hole_3_016,A120_I09.png,120,09,NG/hole_3_016/A120_I09.png,1420563
Bird,NG,hole_3_016,A120_I10.png,120,10,NG/hole_3_016/A120_I10.png,1456283
Bird,NG,hole_3_016,A150_I01.png,150,01,NG/hole_3_016/A150_I01.png,1130956
Bird,NG,hole_3_016,A150_I02.png,150,02,NG/hole_3_016/A150_I02.png,1278548
Bird,NG,hole_3_016,A150_I03.png,150,03,NG/hole_3_016/A150_I03.png,1188903
Bird,NG,hole_3_016,A150_I04.png,150,04,NG/hole_3_016/A150_I04.png,1299672
Bird,NG,hole_3_016,A150_I05.png,150,05,NG/hole_3_016/A150_I05.png,1301467
Bird,NG,hole_3_016,A150_I06.png,150,06,NG/hole_3_016/A150_I06.png,1226331
Bird,NG,hole_3_016,A150_I07.png,150,07,NG/hole_3_016/A150_I07.png,1019036
Bird,NG,hole_3_016,A150_I08.png,150,08,NG/hole_3_016/A150_I08.png,1248621
Bird,NG,hole_3_016,A150_I09.png,150,09,NG/hole_3_016/A150_I09.png,1430847
Bird,NG,hole_3_016,A150_I10.png,150,10,NG/hole_3_016/A150_I10.png,1468282
Bird,NG,hole_3_016,A180_I01.png,180,01,NG/hole_3_016/A180_I01.png,1149915
Bird,NG,hole_3_016,A180_I02.png,180,02,NG/hole_3_016/A180_I02.png,1304023
Bird,NG,hole_3_016,A180_I03.png,180,03,NG/hole_3_016/A180_I03.png,1217595
Bird,NG,hole_3_016,A180_I04.png,180,04,NG/hole_3_016/A180_I04.png,1326361
Bird,NG,hole_3_016,A180_I05.png,180,05,NG/hole_3_016/A180_I05.png,1323768
Bird,NG,hole_3_016,A180_I06.png,180,06,NG/hole_3_016/A180_I06.png,1244675
Bird,NG,hole_3_016,A180_I07.png,180,07,NG/hole_3_016/A180_I07.png,1032793
Bird,NG,hole_3_016,A180_I08.png,180,08,NG/hole_3_016/A180_I08.png,1262724
Bird,NG,hole_3_016,A180_I09.png,180,09,NG/hole_3_016/A180_I09.png,1457984
Bird,NG,hole_3_016,A180_I10.png,180,10,NG/hole_3_016/A180_I10.png,1487512
Bird,NG,hole_3_016,A210_I01.png,210,01,NG/hole_3_016/A210_I01.png,1157827
Bird,NG,hole_3_016,A210_I02.png,210,02,NG/hole_3_016/A210_I02.png,1319735
Bird,NG,hole_3_016,A210_I03.png,210,03,NG/hole_3_016/A210_I03.png,1235592
Bird,NG,hole_3_016,A210_I04.png,210,04,NG/hole_3_016/A210_I04.png,1350198
Bird,NG,hole_3_016,A210_I05.png,210,05,NG/hole_3_016/A210_I05.png,1356354
Bird,NG,hole_3_016,A210_I06.png,210,06,NG/hole_3_016/A210_I06.png,1283687
Bird,NG,hole_3_016,A210_I07.png,210,07,NG/hole_3_016/A210_I07.png,1076788
Bird,NG,hole_3_016,A210_I08.png,210,08,NG/hole_3_016/A210_I08.png,1276482
Bird,NG,hole_3_016,A210_I09.png,210,09,NG/hole_3_016/A210_I09.png,1480513
Bird,NG,hole_3_016,A210_I10.png,210,10,NG/hole_3_016/A210_I10.png,1507769
Bird,NG,hole_3_016,A240_I01.png,240,01,NG/hole_3_016/A240_I01.png,1180253
Bird,NG,hole_3_016,A240_I02.png,240,02,NG/hole_3_016/A240_I02.png,1351982
Bird,NG,hole_3_016,A240_I03.png,240,03,NG/hole_3_016/A240_I03.png,1262246
Bird,NG,hole_3_016,A240_I04.png,240,04,NG/hole_3_016/A240_I04.png,1370072
Bird,NG,hole_3_016,A240_I05.png,240,05,NG/hole_3_016/A240_I05.png,1379080
Bird,NG,hole_3_016,A240_I06.png,240,06,NG/hole_3_016/A240_I06.png,1300514
Bird,NG,hole_3_016,A240_I07.png,240,07,NG/hole_3_016/A240_I07.png,1101114
Bird,NG,hole_3_016,A240_I08.png,240,08,NG/hole_3_016/A240_I08.png,1300850
Bird,NG,hole_3_016,A240_I09.png,240,09,NG/hole_3_016/A240_I09.png,1504315
Bird,NG,hole_3_016,A240_I10.png,240,10,NG/hole_3_016/A240_I10.png,1531152
Bird,NG,hole_3_016,A270_I01.png,270,01,NG/hole_3_016/A270_I01.png,1202035
Bird,NG,hole_3_016,A270_I02.png,270,02,NG/hole_3_016/A270_I02.png,1370880
Bird,NG,hole_3_016,A270_I03.png,270,03,NG/hole_3_016/A270_I03.png,1278828
Bird,NG,hole_3_016,A270_I04.png,270,04,NG/hole_3_016/A270_I04.png,1362629
Bird,NG,hole_3_016,A270_I05.png,270,05,NG/hole_3_016/A270_I05.png,1351118
Bird,NG,hole_3_016,A270_I06.png,270,06,NG/hole_3_016/A270_I06.png,1276924
Bird,NG,hole_3_016,A270_I07.png,270,07,NG/hole_3_016/A270_I07.png,1096381
Bird,NG,hole_3_016,A270_I08.png,270,08,NG/hole_3_016/A270_I08.png,1314028
Bird,NG,hole_3_016,A270_I09.png,270,09,NG/hole_3_016/A270_I09.png,1499137
Bird,NG,hole_3_016,A270_I10.png,270,10,NG/hole_3_016/A270_I10.png,1523195
Bird,NG,hole_3_016,A300_I01.png,300,01,NG/hole_3_016/A300_I01.png,1226513
Bird,NG,hole_3_016,A300_I02.png,300,02,NG/hole_3_016/A300_I02.png,1380475
Bird,NG,hole_3_016,A300_I03.png,300,03,NG/hole_3_016/A300_I03.png,1273338
Bird,NG,hole_3_016,A300_I04.png,300,04,NG/hole_3_016/A300_I04.png,1353199
Bird,NG,hole_3_016,A300_I05.png,300,05,NG/hole_3_016/A300_I05.png,1333716
Bird,NG,hole_3_016,A300_I06.png,300,06,NG/hole_3_016/A300_I06.png,1263078
Bird,NG,hole_3_016,A300_I07.png,300,07,NG/hole_3_016/A300_I07.png,1085480
Bird,NG,hole_3_016,A300_I08.png,300,08,NG/hole_3_016/A300_I08.png,1330562
Bird,NG,hole_3_016,A300_I09.png,300,09,NG/hole_3_016/A300_I09.png,1502289
Bird,NG,hole_3_016,A300_I10.png,300,10,NG/hole_3_016/A300_I10.png,1525149
Bird,NG,hole_3_016,A330_I01.png,330,01,NG/hole_3_016/A330_I01.png,1217392
Bird,NG,hole_3_016,A330_I02.png,330,02,NG/hole_3_016/A330_I02.png,1362071
Bird,NG,hole_3_016,A330_I03.png,330,03,NG/hole_3_016/A330_I03.png,1259828
Bird,NG,hole_3_016,A330_I04.png,330,04,NG/hole_3_016/A330_I04.png,1327864
Bird,NG,hole_3_016,A330_I05.png,330,05,NG/hole_3_016/A330_I05.png,1302066
Bird,NG,hole_3_016,A330_I06.png,330,06,NG/hole_3_016/A330_I06.png,1227311
Bird,NG,hole_3_016,A330_I07.png,330,07,NG/hole_3_016/A330_I07.png,1040392
Bird,NG,hole_3_016,A330_I08.png,330,08,NG/hole_3_016/A330_I08.png,1305493
Bird,NG,hole_3_016,A330_I09.png,330,09,NG/hole_3_016/A330_I09.png,1475136
Bird,NG,hole_3_016,A330_I10.png,330,10,NG/hole_3_016/A330_I10.png,1503326
Bird,NG,hole_3_038,A000_I01.png,000,01,NG/hole_3_038/A000_I01.png,1180562
Bird,NG,hole_3_038,A000_I02.png,000,02,NG/hole_3_038/A000_I02.png,1314641
Bird,NG,hole_3_038,A000_I03.png,000,03,NG/hole_3_038/A000_I03.png,1200702
Bird,NG,hole_3_038,A000_I04.png,000,04,NG/hole_3_038/A000_I04.png,1295550
Bird,NG,hole_3_038,A000_I05.png,000,05,NG/hole_3_038/A000_I05.png,1300908
Bird,NG,hole_3_038,A000_I06.png,000,06,NG/hole_3_038/A000_I06.png,1233331
Bird,NG,hole_3_038,A000_I07.png,000,07,NG/hole_3_038/A000_I07.png,1063976
Bird,NG,hole_3_038,A000_I08.png,000,08,NG/hole_3_038/A000_I08.png,1279245
Bird,NG,hole_3_038,A000_I09.png,000,09,NG/hole_3_038/A000_I09.png,1442736
Bird,NG,hole_3_038,A000_I10.png,000,10,NG/hole_3_038/A000_I10.png,1465224
Bird,NG,hole_3_038,A030_I01.png,030,01,NG/hole_3_038/A030_I01.png,1186159
Bird,NG,hole_3_038,A030_I02.png,030,02,NG/hole_3_038/A030_I02.png,1311742
Bird,NG,hole_3_038,A030_I03.png,030,03,NG/hole_3_038/A030_I03.png,1188998
Bird,NG,hole_3_038,A030_I04.png,030,04,NG/hole_3_038/A030_I04.png,1278374
Bird,NG,hole_3_038,A030_I05.png,030,05,NG/hole_3_038/A030_I05.png,1282421
Bird,NG,hole_3_038,A030_I06.png,030,06,NG/hole_3_038/A030_I06.png,1209375
Bird,NG,hole_3_038,A030_I07.png,030,07,NG/hole_3_038/A030_I07.png,1002231
Bird,NG,hole_3_038,A030_I08.png,030,08,NG/hole_3_038/A030_I08.png,1268389
Bird,NG,hole_3_038,A030_I09.png,030,09,NG/hole_3_038/A030_I09.png,1423401
Bird,NG,hole_3_038,A030_I10.png,030,10,NG/hole_3_038/A030_I10.png,1450770
Bird,NG,hole_3_038,A060_I01.png,060,01,NG/hole_3_038/A060_I01.png,1169357
Bird,NG,hole_3_038,A060_I02.png,060,02,NG/hole_3_038/A060_I02.png,1310682
Bird,NG,hole_3_038,A060_I03.png,060,03,NG/hole_3_038/A060_I03.png,1188851
Bird,NG,hole_3_038,A060_I04.png,060,04,NG/hole_3_038/A060_I04.png,1281634
Bird,NG,hole_3_038,A060_I05.png,060,05,NG/hole_3_038/A060_I05.png,1275149
Bird,NG,hole_3_038,A060_I06.png,060,06,NG/hole_3_038/A060_I06.png,1204191
Bird,NG,hole_3_038,A060_I07.png,060,07,NG/hole_3_038/A060_I07.png,974729
Bird,NG,hole_3_038,A060_I08.png,060,08,NG/hole_3_038/A060_I08.png,1256421
Bird,NG,hole_3_038,A060_I09.png,060,09,NG/hole_3_038/A060_I09.png,1418642
Bird,NG,hole_3_038,A060_I10.png,060,10,NG/hole_3_038/A060_I10.png,1446876
Bird,NG,hole_3_038,A090_I01.png,090,01,NG/hole_3_038/A090_I01.png,1170640
Bird,NG,hole_3_038,A090_I02.png,090,02,NG/hole_3_038/A090_I02.png,1308870
Bird,NG,hole_3_038,A090_I03.png,090,03,NG/hole_3_038/A090_I03.png,1187325
Bird,NG,hole_3_038,A090_I04.png,090,04,NG/hole_3_038/A090_I04.png,1297195
Bird,NG,hole_3_038,A090_I05.png,090,05,NG/hole_3_038/A090_I05.png,1308060
Bird,NG,hole_3_038,A090_I06.png,090,06,NG/hole_3_038/A090_I06.png,1222323
Bird,NG,hole_3_038,A090_I07.png,090,07,NG/hole_3_038/A090_I07.png,984147
Bird,NG,hole_3_038,A090_I08.png,090,08,NG/hole_3_038/A090_I08.png,1250508
Bird,NG,hole_3_038,A090_I09.png,090,09,NG/hole_3_038/A090_I09.png,1425936
Bird,NG,hole_3_038,A090_I10.png,090,10,NG/hole_3_038/A090_I10.png,1451130
Bird,NG,hole_3_038,A120_I01.png,120,01,NG/hole_3_038/A120_I01.png,1180880
Bird,NG,hole_3_038,A120_I02.png,120,02,NG/hole_3_038/A120_I02.png,1311062
Bird,NG,hole_3_038,A120_I03.png,120,03,NG/hole_3_038/A120_I03.png,1195019
Bird,NG,hole_3_038,A120_I04.png,120,04,NG/hole_3_038/A120_I04.png,1318446
Bird,NG,hole_3_038,A120_I05.png,120,05,NG/hole_3_038/A120_I05.png,1348025
Bird,NG,hole_3_038,A120_I06.png,120,06,NG/hole_3_038/A120_I06.png,1260755
Bird,NG,hole_3_038,A120_I07.png,120,07,NG/hole_3_038/A120_I07.png,1034757
Bird,NG,hole_3_038,A120_I08.png,120,08,NG/hole_3_038/A120_I08.png,1274935
Bird,NG,hole_3_038,A120_I09.png,120,09,NG/hole_3_038/A120_I09.png,1456410
Bird,NG,hole_3_038,A120_I10.png,120,10,NG/hole_3_038/A120_I10.png,1475121
Bird,NG,hole_3_038,A150_I01.png,150,01,NG/hole_3_038/A150_I01.png,1204657
Bird,NG,hole_3_038,A150_I02.png,150,02,NG/hole_3_038/A150_I02.png,1326480
Bird,NG,hole_3_038,A150_I03.png,150,03,NG/hole_3_038/A150_I03.png,1238914
Bird,NG,hole_3_038,A150_I04.png,150,04,NG/hole_3_038/A150_I04.png,1332256
Bird,NG,hole_3_038,A150_I05.png,150,05,NG/hole_3_038/A150_I05.png,1351801
Bird,NG,hole_3_038,A150_I06.png,150,06,NG/hole_3_038/A150_I06.png,1257475
Bird,NG,hole_3_038,A150_I07.png,150,07,NG/hole_3_038/A150_I07.png,1022801
Bird,NG,hole_3_038,A150_I08.png,150,08,NG/hole_3_038/A150_I08.png,1281614
Bird,NG,hole_3_038,A150_I09.png,150,09,NG/hole_3_038/A150_I09.png,1471789
Bird,NG,hole_3_038,A150_I10.png,150,10,NG/hole_3_038/A150_I10.png,1489299
Bird,NG,hole_3_038,A180_I01.png,180,01,NG/hole_3_038/A180_I01.png,1189915
Bird,NG,hole_3_038,A180_I02.png,180,02,NG/hole_3_038/A180_I02.png,1335407
Bird,NG,hole_3_038,A180_I03.png,180,03,NG/hole_3_038/A180_I03.png,1275048
Bird,NG,hole_3_038,A180_I04.png,180,04,NG/hole_3_038/A180_I04.png,1322090
Bird,NG,hole_3_038,A180_I05.png,180,05,NG/hole_3_038/A180_I05.png,1307922
Bird,NG,hole_3_038,A180_I06.png,180,06,NG/hole_3_038/A180_I06.png,1214615
Bird,NG,hole_3_038,A180_I07.png,180,07,NG/hole_3_038/A180_I07.png,996180
Bird,NG,hole_3_038,A180_I08.png,180,08,NG/hole_3_038/A180_I08.png,1260931
Bird,NG,hole_3_038,A180_I09.png,180,09,NG/hole_3_038/A180_I09.png,1447806
Bird,NG,hole_3_038,A180_I10.png,180,10,NG/hole_3_038/A180_I10.png,1466468
Bird,NG,hole_3_038,A210_I01.png,210,01,NG/hole_3_038/A210_I01.png,1159882
Bird,NG,hole_3_038,A210_I02.png,210,02,NG/hole_3_038/A210_I02.png,1332292
Bird,NG,hole_3_038,A210_I03.png,210,03,NG/hole_3_038/A210_I03.png,1289144
Bird,NG,hole_3_038,A210_I04.png,210,04,NG/hole_3_038/A210_I04.png,1329122
Bird,NG,hole_3_038,A210_I05.png,210,05,NG/hole_3_038/A210_I05.png,1304812
Bird,NG,hole_3_038,A210_I06.png,210,06,NG/hole_3_038/A210_I06.png,1208657
Bird,NG,hole_3_038,A210_I07.png,210,07,NG/hole_3_038/A210_I07.png,995834
Bird,NG,hole_3_038,A210_I08.png,210,08,NG/hole_3_038/A210_I08.png,1237672
Bird,NG,hole_3_038,A210_I09.png,210,09,NG/hole_3_038/A210_I09.png,1437682
Bird,NG,hole_3_038,A210_I10.png,210,10,NG/hole_3_038/A210_I10.png,1461667
Bird,NG,hole_3_038,A240_I01.png,240,01,NG/hole_3_038/A240_I01.png,1153633
Bird,NG,hole_3_038,A240_I02.png,240,02,NG/hole_3_038/A240_I02.png,1338610
Bird,NG,hole_3_038,A240_I03.png,240,03,NG/hole_3_038/A240_I03.png,1295178
Bird,NG,hole_3_038,A240_I04.png,240,04,NG/hole_3_038/A240_I04.png,1342692
Bird,NG,hole_3_038,A240_I05.png,240,05,NG/hole_3_038/A240_I05.png,1328370
Bird,NG,hole_3_038,A240_I06.png,240,06,NG/hole_3_038/A240_I06.png,1227530
Bird,NG,hole_3_038,A240_I07.png,240,07,NG/hole_3_038/A240_I07.png,1019883
Bird,NG,hole_3_038,A240_I08.png,240,08,NG/hole_3_038/A240_I08.png,1242606
Bird,NG,hole_3_038,A240_I09.png,240,09,NG/hole_3_038/A240_I09.png,1451650
Bird,NG,hole_3_038,A240_I10.png,240,10,NG/hole_3_038/A240_I10.png,1476141
Bird,NG,hole_3_038,A270_I01.png,270,01,NG/hole_3_038/A270_I01.png,1159276
Bird,NG,hole_3_038,A270_I02.png,270,02,NG/hole_3_038/A270_I02.png,1344239
Bird,NG,hole_3_038,A270_I03.png,270,03,NG/hole_3_038/A270_I03.png,1288996
Bird,NG,hole_3_038,A270_I04.png,270,04,NG/hole_3_038/A270_I04.png,1355161
Bird,NG,hole_3_038,A270_I05.png,270,05,NG/hole_3_038/A270_I05.png,1353586
Bird,NG,hole_3_038,A270_I06.png,270,06,NG/hole_3_038/A270_I06.png,1256366
Bird,NG,hole_3_038,A270_I07.png,270,07,NG/hole_3_038/A270_I07.png,1064394
Bird,NG,hole_3_038,A270_I08.png,270,08,NG/hole_3_038/A270_I08.png,1263514
Bird,NG,hole_3_038,A270_I09.png,270,09,NG/hole_3_038/A270_I09.png,1471829
Bird,NG,hole_3_038,A270_I10.png,270,10,NG/hole_3_038/A270_I10.png,1492759
Bird,NG,hole_3_038,A300_I01.png,300,01,NG/hole_3_038/A300_I01.png,1181591
Bird,NG,hole_3_038,A300_I02.png,300,02,NG/hole_3_038/A300_I02.png,1344238
Bird,NG,hole_3_038,A300_I03.png,300,03,NG/hole_3_038/A300_I03.png,1259793
Bird,NG,hole_3_038,A300_I04.png,300,04,NG/hole_3_038/A300_I04.png,1362373
Bird,NG,hole_3_038,A300_I05.png,300,05,NG/hole_3_038/A300_I05.png,1381615
Bird,NG,hole_3_038,A300_I06.png,300,06,NG/hole_3_038/A300_I06.png,1294714
Bird,NG,hole_3_038,A300_I07.png,300,07,NG/hole_3_038/A300_I07.png,1112311
Bird,NG,hole_3_038,A300_I08.png,300,08,NG/hole_3_038/A300_I08.png,1299344
Bird,NG,hole_3_038,A300_I09.png,300,09,NG/hole_3_038/A300_I09.png,1493030
Bird,NG,hole_3_038,A300_I10.png,300,10,NG/hole_3_038/A300_I10.png,1512875
Bird,NG,hole_3_038,A330_I01.png,330,01,NG/hole_3_038/A330_I01.png,1190094
Bird,NG,hole_3_038,A330_I02.png,330,02,NG/hole_3_038/A330_I02.png,1334754
Bird,NG,hole_3_038,A330_I03.png,330,03,NG/hole_3_038/A330_I03.png,1233915
Bird,NG,hole_3_038,A330_I04.png,330,04,NG/hole_3_038/A330_I04.png,1319743
Bird,NG,hole_3_038,A330_I05.png,330,05,NG/hole_3_038/A330_I05.png,1334398
Bird,NG,hole_3_038,A330_I06.png,330,06,NG/hole_3_038/A330_I06.png,1265756
Bird,NG,hole_3_038,A330_I07.png,330,07,NG/hole_3_038/A330_I07.png,1105126
Bird,NG,hole_3_038,A330_I08.png,330,08,NG/hole_3_038/A330_I08.png,1307233
Bird,NG,hole_3_038,A330_I09.png,330,09,NG/hole_3_038/A330_I09.png,1475852
Bird,NG,hole_3_038,A330_I10.png,330,10,NG/hole_3_038/A330_I10.png,1494288
Bird,NG,hole_3_039,A000_I01.png,000,01,NG/hole_3_039/A000_I01.png,1194908
Bird,NG,hole_3_039,A000_I02.png,000,02,NG/hole_3_039/A000_I02.png,1328945
Bird,NG,hole_3_039,A000_I03.png,000,03,NG/hole_3_039/A000_I03.png,1214464
Bird,NG,hole_3_039,A000_I04.png,000,04,NG/hole_3_039/A000_I04.png,1300477
Bird,NG,hole_3_039,A000_I05.png,000,05,NG/hole_3_039/A000_I05.png,1307453
Bird,NG,hole_3_039,A000_I06.png,000,06,NG/hole_3_039/A000_I06.png,1236133
Bird,NG,hole_3_039,A000_I07.png,000,07,NG/hole_3_039/A000_I07.png,1067377
Bird,NG,hole_3_039,A000_I08.png,000,08,NG/hole_3_039/A000_I08.png,1291016
Bird,NG,hole_3_039,A000_I09.png,000,09,NG/hole_3_039/A000_I09.png,1453391
Bird,NG,hole_3_039,A000_I10.png,000,10,NG/hole_3_039/A000_I10.png,1473259
Bird,NG,hole_3_039,A030_I01.png,030,01,NG/hole_3_039/A030_I01.png,1182063
Bird,NG,hole_3_039,A030_I02.png,030,02,NG/hole_3_039/A030_I02.png,1313571
Bird,NG,hole_3_039,A030_I03.png,030,03,NG/hole_3_039/A030_I03.png,1200066
Bird,NG,hole_3_039,A030_I04.png,030,04,NG/hole_3_039/A030_I04.png,1280615
Bird,NG,hole_3_039,A030_I05.png,030,05,NG/hole_3_039/A030_I05.png,1292032
Bird,NG,hole_3_039,A030_I06.png,030,06,NG/hole_3_039/A030_I06.png,1224104
Bird,NG,hole_3_039,A030_I07.png,030,07,NG/hole_3_039/A030_I07.png,1045097
Bird,NG,hole_3_039,A030_I08.png,030,08,NG/hole_3_039/A030_I08.png,1281641
Bird,NG,hole_3_039,A030_I09.png,030,09,NG/hole_3_039/A030_I09.png,1432604
Bird,NG,hole_3_039,A030_I10.png,030,10,NG/hole_3_039/A030_I10.png,1455794
Bird,NG,hole_3_039,A060_I01.png,060,01,NG/hole_3_039/A060_I01.png,1168227
Bird,NG,hole_3_039,A060_I02.png,060,02,NG/hole_3_039/A060_I02.png,1304909
Bird,NG,hole_3_039,A060_I03.png,060,03,NG/hole_3_039/A060_I03.png,1190518
Bird,NG,hole_3_039,A060_I04.png,060,04,NG/hole_3_039/A060_I04.png,1277995
Bird,NG,hole_3_039,A060_I05.png,060,05,NG/hole_3_039/A060_I05.png,1271241
Bird,NG,hole_3_039,A060_I06.png,060,06,NG/hole_3_039/A060_I06.png,1210122
Bird,NG,hole_3_039,A060_I07.png,060,07,NG/hole_3_039/A060_I07.png,1012712
Bird,NG,hole_3_039,A060_I08.png,060,08,NG/hole_3_039/A060_I08.png,1257340
Bird,NG,hole_3_039,A060_I09.png,060,09,NG/hole_3_039/A060_I09.png,1416796
Bird,NG,hole_3_039,A060_I10.png,060,10,NG/hole_3_039/A060_I10.png,1444340
Bird,NG,hole_3_039,A090_I01.png,090,01,NG/hole_3_039/A090_I01.png,1162623
Bird,NG,hole_3_039,A090_I02.png,090,02,NG/hole_3_039/A090_I02.png,1299884
Bird,NG,hole_3_039,A090_I03.png,090,03,NG/hole_3_039/A090_I03.png,1183313
Bird,NG,hole_3_039,A090_I04.png,090,04,NG/hole_3_039/A090_I04.png,1287494
Bird,NG,hole_3_039,A090_I05.png,090,05,NG/hole_3_039/A090_I05.png,1290723
Bird,NG,hole_3_039,A090_I06.png,090,06,NG/hole_3_039/A090_I06.png,1212841
Bird,NG,hole_3_039,A090_I07.png,090,07,NG/hole_3_039/A090_I07.png,1008936
Bird,NG,hole_3_039,A090_I08.png,090,08,NG/hole_3_039/A090_I08.png,1248263
Bird,NG,hole_3_039,A090_I09.png,090,09,NG/hole_3_039/A090_I09.png,1416682
Bird,NG,hole_3_039,A090_I10.png,090,10,NG/hole_3_039/A090_I10.png,1445078
Bird,NG,hole_3_039,A120_I01.png,120,01,NG/hole_3_039/A120_I01.png,1162671
Bird,NG,hole_3_039,A120_I02.png,120,02,NG/hole_3_039/A120_I02.png,1300008
Bird,NG,hole_3_039,A120_I03.png,120,03,NG/hole_3_039/A120_I03.png,1197038
Bird,NG,hole_3_039,A120_I04.png,120,04,NG/hole_3_039/A120_I04.png,1304091
Bird,NG,hole_3_039,A120_I05.png,120,05,NG/hole_3_039/A120_I05.png,1324782
Bird,NG,hole_3_039,A120_I06.png,120,06,NG/hole_3_039/A120_I06.png,1249954
Bird,NG,hole_3_039,A120_I07.png,120,07,NG/hole_3_039/A120_I07.png,1047736
Bird,NG,hole_3_039,A120_I08.png,120,08,NG/hole_3_039/A120_I08.png,1266095
Bird,NG,hole_3_039,A120_I09.png,120,09,NG/hole_3_039/A120_I09.png,1445390
Bird,NG,hole_3_039,A120_I10.png,120,10,NG/hole_3_039/A120_I10.png,1469046
Bird,NG,hole_3_039,A150_I01.png,150,01,NG/hole_3_039/A150_I01.png,1169671
Bird,NG,hole_3_039,A150_I02.png,150,02,NG/hole_3_039/A150_I02.png,1307218
Bird,NG,hole_3_039,A150_I03.png,150,03,NG/hole_3_039/A150_I03.png,1235897
Bird,NG,hole_3_039,A150_I04.png,150,04,NG/hole_3_039/A150_I04.png,1315123
Bird,NG,hole_3_039,A150_I05.png,150,05,NG/hole_3_039/A150_I05.png,1322605
Bird,NG,hole_3_039,A150_I06.png,150,06,NG/hole_3_039/A150_I06.png,1238990
Bird,NG,hole_3_039,A150_I07.png,150,07,NG/hole_3_039/A150_I07.png,1030038
Bird,NG,hole_3_039,A150_I08.png,150,08,NG/hole_3_039/A150_I08.png,1260477
Bird,NG,hole_3_039,A150_I09.png,150,09,NG/hole_3_039/A150_I09.png,1450810
Bird,NG,hole_3_039,A150_I10.png,150,10,NG/hole_3_039/A150_I10.png,1473948
Bird,NG,hole_3_039,A180_I01.png,180,01,NG/hole_3_039/A180_I01.png,1171438
Bird,NG,hole_3_039,A180_I02.png,180,02,NG/hole_3_039/A180_I02.png,1325510
Bird,NG,hole_3_039,A180_I03.png,180,03,NG/hole_3_039/A180_I03.png,1267936
Bird,NG,hole_3_039,A180_I04.png,180,04,NG/hole_3_039/A180_I04.png,1323637
Bird,NG,hole_3_039,A180_I05.png,180,05,NG/hole_3_039/A180_I05.png,1308991
Bird,NG,hole_3_039,A180_I06.png,180,06,NG/hole_3_039/A180_I06.png,1219722
Bird,NG,hole_3_039,A180_I07.png,180,07,NG/hole_3_039/A180_I07.png,1013792
Bird,NG,hole_3_039,A180_I08.png,180,08,NG/hole_3_039/A180_I08.png,1256764
Bird,NG,hole_3_039,A180_I09.png,180,09,NG/hole_3_039/A180_I09.png,1449069
Bird,NG,hole_3_039,A180_I10.png,180,10,NG/hole_3_039/A180_I10.png,1471570
Bird,NG,hole_3_039,A210_I01.png,210,01,NG/hole_3_039/A210_I01.png,1157003
Bird,NG,hole_3_039,A210_I02.png,210,02,NG/hole_3_039/A210_I02.png,1325274
Bird,NG,hole_3_039,A210_I03.png,210,03,NG/hole_3_039/A210_I03.png,1277501
Bird,NG,hole_3_039,A210_I04.png,210,04,NG/hole_3_039/A210_I04.png,1344764
Bird,NG,hole_3_039,A210_I05.png,210,05,NG/hole_3_039/A210_I05.png,1338371
Bird,NG,hole_3_039,A210_I06.png,210,06,NG/hole_3_039/A210_I06.png,1245894
Bird,NG,hole_3_039,A210_I07.png,210,07,NG/hole_3_039/A210_I07.png,1031961
Bird,NG,hole_3_039,A210_I08.png,210,08,NG/hole_3_039/A210_I08.png,1250034
Bird,NG,hole_3_039,A210_I09.png,210,09,NG/hole_3_039/A210_I09.png,1459446
Bird,NG,hole_3_039,A210_I10.png,210,10,NG/hole_3_039/A210_I10.png,1481451
Bird,NG,hole_3_039,A240_I01.png,240,01,NG/hole_3_039/A240_I01.png,1161410
Bird,NG,hole_3_039,A240_I02.png,240,02,NG/hole_3_039/A240_I02.png,1337956
Bird,NG,hole_3_039,A240_I03.png,240,03,NG/hole_3_039/A240_I03.png,1286659
Bird,NG,hole_3_039,A240_I04.png,240,04,NG/hole_3_039/A240_I04.png,1365918
Bird,NG,hole_3_039,A240_I05.png,240,05,NG/hole_3_039/A240_I05.png,1372207
Bird,NG,hole_3_039,A240_I06.png,240,06,NG/hole_3_039/A240_I06.png,1272383
Bird,NG,hole_3_039,A240_I07.png,240,07,NG/hole_3_039/A240_I07.png,1055857
Bird,NG,hole_3_039,A240_I08.png,240,08,NG/hole_3_039/A240_I08.png,1256775
Bird,NG,hole_3_039,A240_I09.png,240,09,NG/hole_3_039/A240_I09.png,1476285
Bird,NG,hole_3_039,A240_I10.png,240,10,NG/hole_3_039/A240_I10.png,1500255
Bird,NG,hole_3_039,A270_I01.png,270,01,NG/hole_3_039/A270_I01.png,1183257
Bird,NG,hole_3_039,A270_I02.png,270,02,NG/hole_3_039/A270_I02.png,1357162
Bird,NG,hole_3_039,A270_I03.png,270,03,NG/hole_3_039/A270_I03.png,1283148
Bird,NG,hole_3_039,A270_I04.png,270,04,NG/hole_3_039/A270_I04.png,1357763
Bird,NG,hole_3_039,A270_I05.png,270,05,NG/hole_3_039/A270_I05.png,1357528
Bird,NG,hole_3_039,A270_I06.png,270,06,NG/hole_3_039/A270_I06.png,1268367
Bird,NG,hole_3_039,A270_I07.png,270,07,NG/hole_3_039/A270_I07.png,1089803
Bird,NG,hole_3_039,A270_I08.png,270,08,NG/hole_3_039/A270_I08.png,1288821
Bird,NG,hole_3_039,A270_I09.png,270,09,NG/hole_3_039/A270_I09.png,1484754
Bird,NG,hole_3_039,A270_I10.png,270,10,NG/hole_3_039/A270_I10.png,1507049
Bird,NG,hole_3_039,A300_I01.png,300,01,NG/hole_3_039/A300_I01.png,1211581
Bird,NG,hole_3_039,A300_I02.png,300,02,NG/hole_3_039/A300_I02.png,1365331
Bird,NG,hole_3_039,A300_I03.png,300,03,NG/hole_3_039/A300_I03.png,1261197
Bird,NG,hole_3_039,A300_I04.png,300,04,NG/hole_3_039/A300_I04.png,1356263
Bird,NG,hole_3_039,A300_I05.png,300,05,NG/hole_3_039/A300_I05.png,1364031
Bird,NG,hole_3_039,A300_I06.png,300,06,NG/hole_3_039/A300_I06.png,1280643
Bird,NG,hole_3_039,A300_I07.png,300,07,NG/hole_3_039/A300_I07.png,1113641
Bird,NG,hole_3_039,A300_I08.png,300,08,NG/hole_3_039/A300_I08.png,1320782
Bird,NG,hole_3_039,A300_I09.png,300,09,NG/hole_3_039/A300_I09.png,1498579
Bird,NG,hole_3_039,A300_I10.png,300,10,NG/hole_3_039/A300_I10.png,1517338
Bird,NG,hole_3_039,A330_I01.png,330,01,NG/hole_3_039/A330_I01.png,1209003
Bird,NG,hole_3_039,A330_I02.png,330,02,NG/hole_3_039/A330_I02.png,1345760
Bird,NG,hole_3_039,A330_I03.png,330,03,NG/hole_3_039/A330_I03.png,1238020
Bird,NG,hole_3_039,A330_I04.png,330,04,NG/hole_3_039/A330_I04.png,1320304
Bird,NG,hole_3_039,A330_I05.png,330,05,NG/hole_3_039/A330_I05.png,1328953
Bird,NG,hole_3_039,A330_I06.png,330,06,NG/hole_3_039/A330_I06.png,1261207
Bird,NG,hole_3_039,A330_I07.png,330,07,NG/hole_3_039/A330_I07.png,1107868
Bird,NG,hole_3_039,A330_I08.png,330,08,NG/hole_3_039/A330_I08.png,1315496
Bird,NG,hole_3_039,A330_I09.png,330,09,NG/hole_3_039/A330_I09.png,1479924
Bird,NG,hole_3_039,A330_I10.png,330,10,NG/hole_3_039/A330_I10.png,1495178
Bird,NG,scratch_1_000,A000_I01.png,000,01,NG/scratch_1_000/A000_I01.png,1188350
Bird,NG,scratch_1_000,A000_I02.png,000,02,NG/scratch_1_000/A000_I02.png,1334603
Bird,NG,scratch_1_000,A000_I03.png,000,03,NG/scratch_1_000/A000_I03.png,1225323
Bird,NG,scratch_1_000,A000_I04.png,000,04,NG/scratch_1_000/A000_I04.png,1315912
Bird,NG,scratch_1_000,A000_I05.png,000,05,NG/scratch_1_000/A000_I05.png,1300244
Bird,NG,scratch_1_000,A000_I06.png,000,06,NG/scratch_1_000/A000_I06.png,1218682
Bird,NG,scratch_1_000,A000_I07.png,000,07,NG/scratch_1_000/A000_I07.png,1022595
Bird,NG,scratch_1_000,A000_I08.png,000,08,NG/scratch_1_000/A000_I08.png,1291464
Bird,NG,scratch_1_000,A000_I09.png,000,09,NG/scratch_1_000/A000_I09.png,1461794
Bird,NG,scratch_1_000,A000_I10.png,000,10,NG/scratch_1_000/A000_I10.png,1492996
Bird,NG,scratch_1_000,A030_I01.png,030,01,NG/scratch_1_000/A030_I01.png,1179590
Bird,NG,scratch_1_000,A030_I02.png,030,02,NG/scratch_1_000/A030_I02.png,1314575
Bird,NG,scratch_1_000,A030_I03.png,030,03,NG/scratch_1_000/A030_I03.png,1180896
Bird,NG,scratch_1_000,A030_I04.png,030,04,NG/scratch_1_000/A030_I04.png,1285770
Bird,NG,scratch_1_000,A030_I05.png,030,05,NG/scratch_1_000/A030_I05.png,1290802
Bird,NG,scratch_1_000,A030_I06.png,030,06,NG/scratch_1_000/A030_I06.png,1220215
Bird,NG,scratch_1_000,A030_I07.png,030,07,NG/scratch_1_000/A030_I07.png,1023691
Bird,NG,scratch_1_000,A030_I08.png,030,08,NG/scratch_1_000/A030_I08.png,1285141
Bird,NG,scratch_1_000,A030_I09.png,030,09,NG/scratch_1_000/A030_I09.png,1439552
Bird,NG,scratch_1_000,A030_I10.png,030,10,NG/scratch_1_000/A030_I10.png,1471226
Bird,NG,scratch_1_000,A060_I01.png,060,01,NG/scratch_1_000/A060_I01.png,1164172
Bird,NG,scratch_1_000,A060_I02.png,060,02,NG/scratch_1_000/A060_I02.png,1298195
Bird,NG,scratch_1_000,A060_I03.png,060,03,NG/scratch_1_000/A060_I03.png,1168502
Bird,NG,scratch_1_000,A060_I04.png,060,04,NG/scratch_1_000/A060_I04.png,1274383
Bird,NG,scratch_1_000,A060_I05.png,060,05,NG/scratch_1_000/A060_I05.png,1267480
Bird,NG,scratch_1_000,A060_I06.png,060,06,NG/scratch_1_000/A060_I06.png,1203865
Bird,NG,scratch_1_000,A060_I07.png,060,07,NG/scratch_1_000/A060_I07.png,995952
Bird,NG,scratch_1_000,A060_I08.png,060,08,NG/scratch_1_000/A060_I08.png,1258678
Bird,NG,scratch_1_000,A060_I09.png,060,09,NG/scratch_1_000/A060_I09.png,1418017
Bird,NG,scratch_1_000,A060_I10.png,060,10,NG/scratch_1_000/A060_I10.png,1451666
Bird,NG,scratch_1_000,A090_I01.png,090,01,NG/scratch_1_000/A090_I01.png,1143779
Bird,NG,scratch_1_000,A090_I02.png,090,02,NG/scratch_1_000/A090_I02.png,1282755
Bird,NG,scratch_1_000,A090_I03.png,090,03,NG/scratch_1_000/A090_I03.png,1159891
Bird,NG,scratch_1_000,A090_I04.png,090,04,NG/scratch_1_000/A090_I04.png,1280801
Bird,NG,scratch_1_000,A090_I05.png,090,05,NG/scratch_1_000/A090_I05.png,1281133
Bird,NG,scratch_1_000,A090_I06.png,090,06,NG/scratch_1_000/A090_I06.png,1207317
Bird,NG,scratch_1_000,A090_I07.png,090,07,NG/scratch_1_000/A090_I07.png,984225
Bird,NG,scratch_1_000,A090_I08.png,090,08,NG/scratch_1_000/A090_I08.png,1240548
Bird,NG,scratch_1_000,A090_I09.png,090,09,NG/scratch_1_000/A090_I09.png,1413504
Bird,NG,scratch_1_000,A090_I10.png,090,10,NG/scratch_1_000/A090_I10.png,1448015
Bird,NG,scratch_1_000,A120_I01.png,120,01,NG/scratch_1_000/A120_I01.png,1137343
Bird,NG,scratch_1_000,A120_I02.png,120,02,NG/scratch_1_000/A120_I02.png,1277257
Bird,NG,scratch_1_000,A120_I03.png,120,03,NG/scratch_1_000/A120_I03.png,1164552
Bird,NG,scratch_1_000,A120_I04.png,120,04,NG/scratch_1_000/A120_I04.png,1300995
Bird,NG,scratch_1_000,A120_I05.png,120,05,NG/scratch_1_000/A120_I05.png,1313796
Bird,NG,scratch_1_000,A120_I06.png,120,06,NG/scratch_1_000/A120_I06.png,1232374
Bird,NG,scratch_1_000,A120_I07.png,120,07,NG/scratch_1_000/A120_I07.png,998453
Bird,NG,scratch_1_000,A120_I08.png,120,08,NG/scratch_1_000/A120_I08.png,1243737
Bird,NG,scratch_1_000,A120_I09.png,120,09,NG/scratch_1_000/A120_I09.png,1426574
Bird,NG,scratch_1_000,A120_I10.png,120,10,NG/scratch_1_000/A120_I10.png,1459585
Bird,NG,scratch_1_000,A150_I01.png,150,01,NG/scratch_1_000/A150_I01.png,1155072
Bird,NG,scratch_1_000,A150_I02.png,150,02,NG/scratch_1_000/A150_I02.png,1290613
Bird,NG,scratch_1_000,A150_I03.png,150,03,NG/scratch_1_000/A150_I03.png,1180778
Bird,NG,scratch_1_000,A150_I04.png,150,04,NG/scratch_1_000/A150_I04.png,1322026
Bird,NG,scratch_1_000,A150_I05.png,150,05,NG/scratch_1_000/A150_I05.png,1344461
Bird,NG,scratch_1_000,A150_I06.png,150,06,NG/scratch_1_000/A150_I06.png,1268660
Bird,NG,scratch_1_000,A150_I07.png,150,07,NG/scratch_1_000/A150_I07.png,1045762
Bird,NG,scratch_1_000,A150_I08.png,150,08,NG/scratch_1_000/A150_I08.png,1272024
Bird,NG,scratch_1_000,A150_I09.png,150,09,NG/scratch_1_000/A150_I09.png,1454092
Bird,NG,scratch_1_000,A150_I10.png,150,10,NG/scratch_1_000/A150_I10.png,1483519
Bird,NG,scratch_1_000,A180_I01.png,180,01,NG/scratch_1_000/A180_I01.png,1177255
Bird,NG,scratch_1_000,A180_I02.png,180,02,NG/scratch_1_000/A180_I02.png,1323657
Bird,NG,scratch_1_000,A180_I03.png,180,03,NG/scratch_1_000/A180_I03.png,1235342
Bird,NG,scratch_1_000,A180_I04.png,180,04,NG/scratch_1_000/A180_I04.png,1348472
Bird,NG,scratch_1_000,A180_I05.png,180,05,NG/scratch_1_000/A180_I05.png,1353329
Bird,NG,scratch_1_000,A180_I06.png,180,06,NG/scratch_1_000/A180_I06.png,1272209
Bird,NG,scratch_1_000,A180_I07.png,180,07,NG/scratch_1_000/A180_I07.png,1047893
Bird,NG,scratch_1_000,A180_I08.png,180,08,NG/scratch_1_000/A180_I08.png,1281314
Bird,NG,scratch_1_000,A180_I09.png,180,09,NG/scratch_1_000/A180_I09.png,1480062
Bird,NG,scratch_1_000,A180_I10.png,180,10,NG/scratch_1_000/A180_I10.png,1505748
Bird,NG,scratch_1_000,A210_I01.png,210,01,NG/scratch_1_000/A210_I01.png,1185177
Bird,NG,scratch_1_000,A210_I02.png,210,02,NG/scratch_1_000/A210_I02.png,1346813
Bird,NG,scratch_1_000,A210_I03.png,210,03,NG/scratch_1_000/A210_I03.png,1261623
Bird,NG,scratch_1_000,A210_I04.png,210,04,NG/scratch_1_000/A210_I04.png,1373247
Bird,NG,scratch_1_000,A210_I05.png,210,05,NG/scratch_1_000/A210_I05.png,1379556
Bird,NG,scratch_1_000,A210_I06.png,210,06,NG/scratch_1_000/A210_I06.png,1294935
Bird,NG,scratch_1_000,A210_I07.png,210,07,NG/scratch_1_000/A210_I07.png,1069883
Bird,NG,scratch_1_000,A210_I08.png,210,08,NG/scratch_1_000/A210_I08.png,1287906
Bird,NG,scratch_1_000,A210_I09.png,210,09,NG/scratch_1_000/A210_I09.png,1498749
Bird,NG,scratch_1_000,A210_I10.png,210,10,NG/scratch_1_000/A210_I10.png,1525877
Bird,NG,scratch_1_000,A240_I01.png,240,01,NG/scratch_1_000/A240_I01.png,1203437
Bird,NG,scratch_1_000,A240_I02.png,240,02,NG/scratch_1_000/A240_I02.png,1375771
Bird,NG,scratch_1_000,A240_I03.png,240,03,NG/scratch_1_000/A240_I03.png,1286967
Bird,NG,scratch_1_000,A240_I04.png,240,04,NG/scratch_1_000/A240_I04.png,1382124
Bird,NG,scratch_1_000,A240_I05.png,240,05,NG/scratch_1_000/A240_I05.png,1382169
Bird,NG,scratch_1_000,A240_I06.png,240,06,NG/scratch_1_000/A240_I06.png,1296513
Bird,NG,scratch_1_000,A240_I07.png,240,07,NG/scratch_1_000/A240_I07.png,1090454
Bird,NG,scratch_1_000,A240_I08.png,240,08,NG/scratch_1_000/A240_I08.png,1308851
Bird,NG,scratch_1_000,A240_I09.png,240,09,NG/scratch_1_000/A240_I09.png,1514446
Bird,NG,scratch_1_000,A240_I10.png,240,10,NG/scratch_1_000/A240_I10.png,1543158
Bird,NG,scratch_1_000,A270_I01.png,270,01,NG/scratch_1_000/A270_I01.png,1212269
Bird,NG,scratch_1_000,A270_I02.png,270,02,NG/scratch_1_000/A270_I02.png,1385564
Bird,NG,scratch_1_000,A270_I03.png,270,03,NG/scratch_1_000/A270_I03.png,1297151
Bird,NG,scratch_1_000,A270_I04.png,270,04,NG/scratch_1_000/A270_I04.png,1373523
Bird,NG,scratch_1_000,A270_I05.png,270,05,NG/scratch_1_000/A270_I05.png,1353475
Bird,NG,scratch_1_000,A270_I06.png,270,06,NG/scratch_1_000/A270_I06.png,1271766
Bird,NG,scratch_1_000,A270_I07.png,270,07,NG/scratch_1_000/A270_I07.png,1086325
Bird,NG,scratch_1_000,A270_I08.png,270,08,NG/scratch_1_000/A270_I08.png,1314537
Bird,NG,scratch_1_000,A270_I09.png,270,09,NG/scratch_1_000/A270_I09.png,1505422
Bird,NG,scratch_1_000,A270_I10.png,270,10,NG/scratch_1_000/A270_I10.png,1534999
Bird,NG,scratch_1_000,A300_I01.png,300,01,NG/scratch_1_000/A300_I01.png,1226228
Bird,NG,scratch_1_000,A300_I02.png,300,02,NG/scratch_1_000/A300_I02.png,1386919
Bird,NG,scratch_1_000,A300_I03.png,300,03,NG/scratch_1_000/A300_I03.png,1286481
Bird,NG,scratch_1_000,A300_I04.png,300,04,NG/scratch_1_000/A300_I04.png,1364304
Bird,NG,scratch_1_000,A300_I05.png,300,05,NG/scratch_1_000/A300_I05.png,1341139
Bird,NG,scratch_1_000,A300_I06.png,300,06,NG/scratch_1_000/A300_I06.png,1260247
Bird,NG,scratch_1_000,A300_I07.png,300,07,NG/scratch_1_000/A300_I07.png,1077136
Bird,NG,scratch_1_000,A300_I08.png,300,08,NG/scratch_1_000/A300_I08.png,1326704
Bird,NG,scratch_1_000,A300_I09.png,300,09,NG/scratch_1_000/A300_I09.png,1506693
Bird,NG,scratch_1_000,A300_I10.png,300,10,NG/scratch_1_000/A300_I10.png,1535065
Bird,NG,scratch_1_000,A330_I01.png,330,01,NG/scratch_1_000/A330_I01.png,1218456
Bird,NG,scratch_1_000,A330_I02.png,330,02,NG/scratch_1_000/A330_I02.png,1364213
Bird,NG,scratch_1_000,A330_I03.png,330,03,NG/scratch_1_000/A330_I03.png,1259365
Bird,NG,scratch_1_000,A330_I04.png,330,04,NG/scratch_1_000/A330_I04.png,1347936
Bird,NG,scratch_1_000,A330_I05.png,330,05,NG/scratch_1_000/A330_I05.png,1328833
Bird,NG,scratch_1_000,A330_I06.png,330,06,NG/scratch_1_000/A330_I06.png,1252827
Bird,NG,scratch_1_000,A330_I07.png,330,07,NG/scratch_1_000/A330_I07.png,1064899
Bird,NG,scratch_1_000,A330_I08.png,330,08,NG/scratch_1_000/A330_I08.png,1321493
Bird,NG,scratch_1_000,A330_I09.png,330,09,NG/scratch_1_000/A330_I09.png,1496843
Bird,NG,scratch_1_000,A330_I10.png,330,10,NG/scratch_1_000/A330_I10.png,1526054
Bird,NG,scratch_1_001,A000_I01.png,000,01,NG/scratch_1_001/A000_I01.png,1187135
Bird,NG,scratch_1_001,A000_I02.png,000,02,NG/scratch_1_001/A000_I02.png,1332572
Bird,NG,scratch_1_001,A000_I03.png,000,03,NG/scratch_1_001/A000_I03.png,1220933
Bird,NG,scratch_1_001,A000_I04.png,000,04,NG/scratch_1_001/A000_I04.png,1317247
Bird,NG,scratch_1_001,A000_I05.png,000,05,NG/scratch_1_001/A000_I05.png,1296189
Bird,NG,scratch_1_001,A000_I06.png,000,06,NG/scratch_1_001/A000_I06.png,1212601
Bird,NG,scratch_1_001,A000_I07.png,000,07,NG/scratch_1_001/A000_I07.png,1018604
Bird,NG,scratch_1_001,A000_I08.png,000,08,NG/scratch_1_001/A000_I08.png,1287377
Bird,NG,scratch_1_001,A000_I09.png,000,09,NG/scratch_1_001/A000_I09.png,1461353
Bird,NG,scratch_1_001,A000_I10.png,000,10,NG/scratch_1_001/A000_I10.png,1492718
Bird,NG,scratch_1_001,A030_I01.png,030,01,NG/scratch_1_001/A030_I01.png,1181495
Bird,NG,scratch_1_001,A030_I02.png,030,02,NG/scratch_1_001/A030_I02.png,1311037
Bird,NG,scratch_1_001,A030_I03.png,030,03,NG/scratch_1_001/A030_I03.png,1173527
Bird,NG,scratch_1_001,A030_I04.png,030,04,NG/scratch_1_001/A030_I04.png,1277548
Bird,NG,scratch_1_001,A030_I05.png,030,05,NG/scratch_1_001/A030_I05.png,1281463
Bird,NG,scratch_1_001,A030_I06.png,030,06,NG/scratch_1_001/A030_I06.png,1221628
Bird,NG,scratch_1_001,A030_I07.png,030,07,NG/scratch_1_001/A030_I07.png,1039938
Bird,NG,scratch_1_001,A030_I08.png,030,08,NG/scratch_1_001/A030_I08.png,1289932
Bird,NG,scratch_1_001,A030_I09.png,030,09,NG/scratch_1_001/A030_I09.png,1439382
Bird,NG,scratch_1_001,A030_I10.png,030,10,NG/scratch_1_001/A030_I10.png,1470599
Bird,NG,scratch_1_001,A060_I01.png,060,01,NG/scratch_1_001/A060_I01.png,1153917
Bird,NG,scratch_1_001,A060_I02.png,060,02,NG/scratch_1_001/A060_I02.png,1289697
Bird,NG,scratch_1_001,A060_I03.png,060,03,NG/scratch_1_001/A060_I03.png,1157735
Bird,NG,scratch_1_001,A060_I04.png,060,04,NG/scratch_1_001/A060_I04.png,1269650
Bird,NG,scratch_1_001,A060_I05.png,060,05,NG/scratch_1_001/A060_I05.png,1262337
Bird,NG,scratch_1_001,A060_I06.png,060,06,NG/scratch_1_001/A060_I06.png,1195593
Bird,NG,scratch_1_001,A060_I07.png,060,07,NG/scratch_1_001/A060_I07.png,995465
Bird,NG,scratch_1_001,A060_I08.png,060,08,NG/scratch_1_001/A060_I08.png,1251196
Bird,NG,scratch_1_001,A060_I09.png,060,09,NG/scratch_1_001/A060_I09.png,1412279
Bird,NG,scratch_1_001,A060_I10.png,060,10,NG/scratch_1_001/A060_I10.png,1446920
Bird,NG,scratch_1_001,A090_I01.png,090,01,NG/scratch_1_001/A090_I01.png,1128242
Bird,NG,scratch_1_001,A090_I02.png,090,02,NG/scratch_1_001/A090_I02.png,1269337
Bird,NG,scratch_1_001,A090_I03.png,090,03,NG/scratch_1_001/A090_I03.png,1150028
Bird,NG,scratch_1_001,A090_I04.png,090,04,NG/scratch_1_001/A090_I04.png,1273918
Bird,NG,scratch_1_001,A090_I05.png,090,05,NG/scratch_1_001/A090_I05.png,1272644
Bird,NG,scratch_1_001,A090_I06.png,090,06,NG/scratch_1_001/A090_I06.png,1197623
Bird,NG,scratch_1_001,A090_I07.png,090,07,NG/scratch_1_001/A090_I07.png,975739
Bird,NG,scratch_1_001,A090_I08.png,090,08,NG/scratch_1_001/A090_I08.png,1227047
Bird,NG,scratch_1_001,A090_I09.png,090,09,NG/scratch_1_001/A090_I09.png,1403362
Bird,NG,scratch_1_001,A090_I10.png,090,10,NG/scratch_1_001/A090_I10.png,1440149
Bird,NG,scratch_1_001,A120_I01.png,120,01,NG/scratch_1_001/A120_I01.png,1123100
Bird,NG,scratch_1_001,A120_I02.png,120,02,NG/scratch_1_001/A120_I02.png,1271077
Bird,NG,scratch_1_001,A120_I03.png,120,03,NG/scratch_1_001/A120_I03.png,1158174
Bird,NG,scratch_1_001,A120_I04.png,120,04,NG/scratch_1_001/A120_I04.png,1299271
Bird,NG,scratch_1_001,A120_I05.png,120,05,NG/scratch_1_001/A120_I05.png,1313360
Bird,NG,scratch_1_001,A120_I06.png,120,06,NG/scratch_1_001/A120_I06.png,1232443
Bird,NG,scratch_1_001,A120_I07.png,120,07,NG/scratch_1_001/A120_I07.png,1000471
Bird,NG,scratch_1_001,A120_I08.png,120,08,NG/scratch_1_001/A120_I08.png,1235972
Bird,NG,scratch_1_001,A120_I09.png,120,09,NG/scratch_1_001/A120_I09.png,1423769
Bird,NG,scratch_1_001,A120_I10.png,120,10,NG/scratch_1_001/A120_I10.png,1457553
Bird,NG,scratch_1_001,A150_I01.png,150,01,NG/scratch_1_001/A150_I01.png,1135995
Bird,NG,scratch_1_001,A150_I02.png,150,02,NG/scratch_1_001/A150_I02.png,1283735
Bird,NG,scratch_1_001,A150_I03.png,150,03,NG/scratch_1_001/A150_I03.png,1184191
Bird,NG,scratch_1_001,A150_I04.png,150,04,NG/scratch_1_001/A150_I04.png,1324539
Bird,NG,scratch_1_001,A150_I05.png,150,05,NG/scratch_1_001/A150_I05.png,1339967
Bird,NG,scratch_1_001,A150_I06.png,150,06,NG/scratch_1_001/A150_I06.png,1260404
Bird,NG,scratch_1_001,A150_I07.png,150,07,NG/scratch_1_001/A150_I07.png,1035409
Bird,NG,scratch_1_001,A150_I08.png,150,08,NG/scratch_1_001/A150_I08.png,1256542
Bird,NG,scratch_1_001,A150_I09.png,150,09,NG/scratch_1_001/A150_I09.png,1453757
Bird,NG,scratch_1_001,A150_I10.png,150,10,NG/scratch_1_001/A150_I10.png,1484181
Bird,NG,scratch_1_001,A180_I01.png,180,01,NG/scratch_1_001/A180_I01.png,1140994
Bird,NG,scratch_1_001,A180_I02.png,180,02,NG/scratch_1_001/A180_I02.png,1304886
Bird,NG,scratch_1_001,A180_I03.png,180,03,NG/scratch_1_001/A180_I03.png,1217738
Bird,NG,scratch_1_001,A180_I04.png,180,04,NG/scratch_1_001/A180_I04.png,1349097
Bird,NG,scratch_1_001,A180_I05.png,180,05,NG/scratch_1_001/A180_I05.png,1364476
Bird,NG,scratch_1_001,A180_I06.png,180,06,NG/scratch_1_001/A180_I06.png,1285583
Bird,NG,scratch_1_001,A180_I07.png,180,07,NG/scratch_1_001/A180_I07.png,1072915
Bird,NG,scratch_1_001,A180_I08.png,180,08,NG/scratch_1_001/A180_I08.png,1266875
Bird,NG,scratch_1_001,A180_I09.png,180,09,NG/scratch_1_001/A180_I09.png,1472470
Bird,NG,scratch_1_001,A180_I10.png,180,10,NG/scratch_1_001/A180_I10.png,1505346
Bird,NG,scratch_1_001,A210_I01.png,210,01,NG/scratch_1_001/A210_I01.png,1182917
Bird,NG,scratch_1_001,A210_I02.png,210,02,NG/scratch_1_001/A210_I02.png,1350814
Bird,NG,scratch_1_001,A210_I03.png,210,03,NG/scratch_1_001/A210_I03.png,1256207
Bird,NG,scratch_1_001,A210_I04.png,210,04,NG/scratch_1_001/A210_I04.png,1366491
Bird,NG,scratch_1_001,A210_I05.png,210,05,NG/scratch_1_001/A210_I05.png,1370809
Bird,NG,scratch_1_001,A210_I06.png,210,06,NG/scratch_1_001/A210_I06.png,1282364
Bird,NG,scratch_1_001,A210_I07.png,210,07,NG/scratch_1_001/A210_I07.png,1055319
Bird,NG,scratch_1_001,A210_I08.png,210,08,NG/scratch_1_001/A210_I08.png,1287287
Bird,NG,scratch_1_001,A210_I09.png,210,09,NG/scratch_1_001/A210_I09.png,1494201
Bird,NG,scratch_1_001,A210_I10.png,210,10,NG/scratch_1_001/A210_I10.png,1522326
Bird,NG,scratch_1_001,A240_I01.png,240,01,NG/scratch_1_001/A240_I01.png,1184127
Bird,NG,scratch_1_001,A240_I02.png,240,02,NG/scratch_1_001/A240_I02.png,1363269
Bird,NG,scratch_1_001,A240_I03.png,240,03,NG/scratch_1_001/A240_I03.png,1281243
Bird,NG,scratch_1_001,A240_I04.png,240,04,NG/scratch_1_001/A240_I04.png,1384810
Bird,NG,scratch_1_001,A240_I05.png,240,05,NG/scratch_1_001/A240_I05.png,1388837
Bird,NG,scratch_1_001,A240_I06.png,240,06,NG/scratch_1_001/A240_I06.png,1301278
Bird,NG,scratch_1_001,A240_I07.png,240,07,NG/scratch_1_001/A240_I07.png,1093010
Bird,NG,scratch_1_001,A240_I08.png,240,08,NG/scratch_1_001/A240_I08.png,1298382
Bird,NG,scratch_1_001,A240_I09.png,240,09,NG/scratch_1_001/A240_I09.png,1510842
Bird,NG,scratch_1_001,A240_I10.png,240,10,NG/scratch_1_001/A240_I10.png,1541224
Bird,NG,scratch_1_001,A270_I01.png,270,01,NG/scratch_1_001/A270_I01.png,1203599
Bird,NG,scratch_1_001,A270_I02.png,270,02,NG/scratch_1_001/A270_I02.png,1381290
Bird,NG,scratch_1_001,A270_I03.png,270,03,NG/scratch_1_001/A270_I03.png,1292521
Bird,NG,scratch_1_001,A270_I04.png,270,04,NG/scratch_1_001/A270_I04.png,1371336
Bird,NG,scratch_1_001,A270_I05.png,270,05,NG/scratch_1_001/A270_I05.png,1350286
Bird,NG,scratch_1_001,A270_I06.png,270,06,NG/scratch_1_001/A270_I06.png,1271635
Bird,NG,scratch_1_001,A270_I07.png,270,07,NG/scratch_1_001/A270_I07.png,1084501
Bird,NG,scratch_1_001,A270_I08.png,270,08,NG/scratch_1_001/A270_I08.png,1310537
Bird,NG,scratch_1_001,A270_I09.png,270,09,NG/scratch_1_001/A270_I09.png,1502891
Bird,NG,scratch_1_001,A270_I10.png,270,10,NG/scratch_1_001/A270_I10.png,1533131
Bird,NG,scratch_1_001,A300_I01.png,300,01,NG/scratch_1_001/A300_I01.png,1217575
Bird,NG,scratch_1_001,A300_I02.png,300,02,NG/scratch_1_001/A300_I02.png,1382047
Bird,NG,scratch_1_001,A300_I03.png,300,03,NG/scratch_1_001/A300_I03.png,1282237
Bird,NG,scratch_1_001,A300_I04.png,300,04,NG/scratch_1_001/A300_I04.png,1359652
Bird,NG,scratch_1_001,A300_I05.png,300,05,NG/scratch_1_001/A300_I05.png,1332713
Bird,NG,scratch_1_001,A300_I06.png,300,06,NG/scratch_1_001/A300_I06.png,1248125
Bird,NG,scratch_1_001,A300_I07.png,300,07,NG/scratch_1_001/A300_I07.png,1055842
Bird,NG,scratch_1_001,A300_I08.png,300,08,NG/scratch_1_001/A300_I08.png,1316668
Bird,NG,scratch_1_001,A300_I09.png,300,09,NG/scratch_1_001/A300_I09.png,1498463
Bird,NG,scratch_1_001,A300_I10.png,300,10,NG/scratch_1_001/A300_I10.png,1528014
Bird,NG,scratch_1_001,A330_I01.png,330,01,NG/scratch_1_001/A330_I01.png,1208403
Bird,NG,scratch_1_001,A330_I02.png,330,02,NG/scratch_1_001/A330_I02.png,1356968
Bird,NG,scratch_1_001,A330_I03.png,330,03,NG/scratch_1_001/A330_I03.png,1252067
Bird,NG,scratch_1_001,A330_I04.png,330,04,NG/scratch_1_001/A330_I04.png,1341804
Bird,NG,scratch_1_001,A330_I05.png,330,05,NG/scratch_1_001/A330_I05.png,1316952
Bird,NG,scratch_1_001,A330_I06.png,330,06,NG/scratch_1_001/A330_I06.png,1237573
Bird,NG,scratch_1_001,A330_I07.png,330,07,NG/scratch_1_001/A330_I07.png,1051200
Bird,NG,scratch_1_001,A330_I08.png,330,08,NG/scratch_1_001/A330_I08.png,1308568
Bird,NG,scratch_1_001,A330_I09.png,330,09,NG/scratch_1_001/A330_I09.png,1488052
Bird,NG,scratch_1_001,A330_I10.png,330,10,NG/scratch_1_001/A330_I10.png,1518835
Bird,NG,scratch_1_002,A000_I01.png,000,01,NG/scratch_1_002/A000_I01.png,1199189
Bird,NG,scratch_1_002,A000_I02.png,000,02,NG/scratch_1_002/A000_I02.png,1343098
Bird,NG,scratch_1_002,A000_I03.png,000,03,NG/scratch_1_002/A000_I03.png,1231279
Bird,NG,scratch_1_002,A000_I04.png,000,04,NG/scratch_1_002/A000_I04.png,1316821
Bird,NG,scratch_1_002,A000_I05.png,000,05,NG/scratch_1_002/A000_I05.png,1296503
Bird,NG,scratch_1_002,A000_I06.png,000,06,NG/scratch_1_002/A000_I06.png,1217237
Bird,NG,scratch_1_002,A000_I07.png,000,07,NG/scratch_1_002/A000_I07.png,1020650
Bird,NG,scratch_1_002,A000_I08.png,000,08,NG/scratch_1_002/A000_I08.png,1293043
Bird,NG,scratch_1_002,A000_I09.png,000,09,NG/scratch_1_002/A000_I09.png,1461466
Bird,NG,scratch_1_002,A000_I10.png,000,10,NG/scratch_1_002/A000_I10.png,1490566
Bird,NG,scratch_1_002,A030_I01.png,030,01,NG/scratch_1_002/A030_I01.png,1190471
Bird,NG,scratch_1_002,A030_I02.png,030,02,NG/scratch_1_002/A030_I02.png,1320106
Bird,NG,scratch_1_002,A030_I03.png,030,03,NG/scratch_1_002/A030_I03.png,1188571
Bird,NG,scratch_1_002,A030_I04.png,030,04,NG/scratch_1_002/A030_I04.png,1292933
Bird,NG,scratch_1_002,A030_I05.png,030,05,NG/scratch_1_002/A030_I05.png,1295979
Bird,NG,scratch_1_002,A030_I06.png,030,06,NG/scratch_1_002/A030_I06.png,1223642
Bird,NG,scratch_1_002,A030_I07.png,030,07,NG/scratch_1_002/A030_I07.png,1025738
Bird,NG,scratch_1_002,A030_I08.png,030,08,NG/scratch_1_002/A030_I08.png,1285322
Bird,NG,scratch_1_002,A030_I09.png,030,09,NG/scratch_1_002/A030_I09.png,1442510
Bird,NG,scratch_1_002,A030_I10.png,030,10,NG/scratch_1_002/A030_I10.png,1472346
Bird,NG,scratch_1_002,A060_I01.png,060,01,NG/scratch_1_002/A060_I01.png,1171468
Bird,NG,scratch_1_002,A060_I02.png,060,02,NG/scratch_1_002/A060_I02.png,1303187
Bird,NG,scratch_1_002,A060_I03.png,060,03,NG/scratch_1_002/A060_I03.png,1173736
Bird,NG,scratch_1_002,A060_I04.png,060,04,NG/scratch_1_002/A060_I04.png,1281088
Bird,NG,scratch_1_002,A060_I05.png,060,05,NG/scratch_1_002/A060_I05.png,1275272
Bird,NG,scratch_1_002,A060_I06.png,060,06,NG/scratch_1_002/A060_I06.png,1209646
Bird,NG,scratch_1_002,A060_I07.png,060,07,NG/scratch_1_002/A060_I07.png,1012782
Bird,NG,scratch_1_002,A060_I08.png,060,08,NG/scratch_1_002/A060_I08.png,1266710
Bird,NG,scratch_1_002,A060_I09.png,060,09,NG/scratch_1_002/A060_I09.png,1424701
Bird,NG,scratch_1_002,A060_I10.png,060,10,NG/scratch_1_002/A060_I10.png,1455668
Bird,NG,scratch_1_002,A090_I01.png,090,01,NG/scratch_1_002/A090_I01.png,1144054
Bird,NG,scratch_1_002,A090_I02.png,090,02,NG/scratch_1_002/A090_I02.png,1286018
Bird,NG,scratch_1_002,A090_I03.png,090,03,NG/scratch_1_002/A090_I03.png,1167279
Bird,NG,scratch_1_002,A090_I04.png,090,04,NG/scratch_1_002/A090_I04.png,1279256
Bird,NG,scratch_1_002,A090_I05.png,090,05,NG/scratch_1_002/A090_I05.png,1273119
Bird,NG,scratch_1_002,A090_I06.png,090,06,NG/scratch_1_002/A090_I06.png,1205727
Bird,NG,scratch_1_002,A090_I07.png,090,07,NG/scratch_1_002/A090_I07.png,1017050
Bird,NG,scratch_1_002,A090_I08.png,090,08,NG/scratch_1_002/A090_I08.png,1246418
Bird,NG,scratch_1_002,A090_I09.png,090,09,NG/scratch_1_002/A090_I09.png,1415995
Bird,NG,scratch_1_002,A090_I10.png,090,10,NG/scratch_1_002/A090_I10.png,1451056
Bird,NG,scratch_1_002,A120_I01.png,120,01,NG/scratch_1_002/A120_I01.png,1133984
Bird,NG,scratch_1_002,A120_I02.png,120,02,NG/scratch_1_002/A120_I02.png,1278326
Bird,NG,scratch_1_002,A120_I03.png,120,03,NG/scratch_1_002/A120_I03.png,1169372
Bird,NG,scratch_1_002,A120_I04.png,120,04,NG/scratch_1_002/A120_I04.png,1293553
Bird,NG,scratch_1_002,A120_I05.png,120,05,NG/scratch_1_002/A120_I05.png,1297034
Bird,NG,scratch_1_002,A120_I06.png,120,06,NG/scratch_1_002/A120_I06.png,1223945
Bird,NG,scratch_1_002,A120_I07.png,120,07,NG/scratch_1_002/A120_I07.png,1018957
Bird,NG,scratch_1_002,A120_I08.png,120,08,NG/scratch_1_002/A120_I08.png,1246232
Bird,NG,scratch_1_002,A120_I09.png,120,09,NG/scratch_1_002/A120_I09.png,1424340
Bird,NG,scratch_1_002,A120_I10.png,120,10,NG/scratch_1_002/A120_I10.png,1458867
Bird,NG,scratch_1_002,A150_I01.png,150,01,NG/scratch_1_002/A150_I01.png,1136360
Bird,NG,scratch_1_002,A150_I02.png,150,02,NG/scratch_1_002/A150_I02.png,1283462
Bird,NG,scratch_1_002,A150_I03.png,150,03,NG/scratch_1_002/A150_I03.png,1189581
Bird,NG,scratch_1_002,A150_I04.png,150,04,NG/scratch_1_002/A150_I04.png,1316405
Bird,NG,scratch_1_002,A150_I05.png,150,05,NG/scratch_1_002/A150_I05.png,1323256
Bird,NG,scratch_1_002,A150_I06.png,150,06,NG/scratch_1_002/A150_I06.png,1248176
Bird,NG,scratch_1_002,A150_I07.png,150,07,NG/scratch_1_002/A150_I07.png,1050309
Bird,NG,scratch_1_002,A150_I08.png,150,08,NG/scratch_1_002/A150_I08.png,1261681
Bird,NG,scratch_1_002,A150_I09.png,150,09,NG/scratch_1_002/A150_I09.png,1447484
Bird,NG,scratch_1_002,A150_I10.png,150,10,NG/scratch_1_002/A150_I10.png,1480322
Bird,NG,scratch_1_002,A180_I01.png,180,01,NG/scratch_1_002/A180_I01.png,1161042
Bird,NG,scratch_1_002,A180_I02.png,180,02,NG/scratch_1_002/A180_I02.png,1310780
Bird,NG,scratch_1_002,A180_I03.png,180,03,NG/scratch_1_002/A180_I03.png,1220052
Bird,NG,scratch_1_002,A180_I04.png,180,04,NG/scratch_1_002/A180_I04.png,1337999
Bird,NG,scratch_1_002,A180_I05.png,180,05,NG/scratch_1_002/A180_I05.png,1344856
Bird,NG,scratch_1_002,A180_I06.png,180,06,NG/scratch_1_002/A180_I06.png,1268086
Bird,NG,scratch_1_002,A180_I07.png,180,07,NG/scratch_1_002/A180_I07.png,1063336
Bird,NG,scratch_1_002,A180_I08.png,180,08,NG/scratch_1_002/A180_I08.png,1275944
Bird,NG,scratch_1_002,A180_I09.png,180,09,NG/scratch_1_002/A180_I09.png,1469902
Bird,NG,scratch_1_002,A180_I10.png,180,10,NG/scratch_1_002/A180_I10.png,1497261
Bird,NG,scratch_1_002,A210_I01.png,210,01,NG/scratch_1_002/A210_I01.png,1168367
Bird,NG,scratch_1_002,A210_I02.png,210,02,NG/scratch_1_002/A210_I02.png,1332445
Bird,NG,scratch_1_002,A210_I03.png,210,03,NG/scratch_1_002/A210_I03.png,1244823
Bird,NG,scratch_1_002,A210_I04.png,210,04,NG/scratch_1_002/A210_I04.png,1354100
Bird,NG,scratch_1_002,A210_I05.png,210,05,NG/scratch_1_002/A210_I05.png,1359888
Bird,NG,scratch_1_002,A210_I06.png,210,06,NG/scratch_1_002/A210_I06.png,1289435
Bird,NG,scratch_1_002,A210_I07.png,210,07,NG/scratch_1_002/A210_I07.png,1092951
Bird,NG,scratch_1_002,A210_I08.png,210,08,NG/scratch_1_002/A210_I08.png,1289375
Bird,NG,scratch_1_002,A210_I09.png,210,09,NG/scratch_1_002/A210_I09.png,1486609
Bird,NG,scratch_1_002,A210_I10.png,210,10,NG/scratch_1_002/A210_I10.png,1512150
Bird,NG,scratch_1_002,A240_I01.png,240,01,NG/scratch_1_002/A240_I01.png,1180747
Bird,NG,scratch_1_002,A240_I02.png,240,02,NG/scratch_1_002/A240_I02.png,1353626
Bird,NG,scratch_1_002,A240_I03.png,240,03,NG/scratch_1_002/A240_I03.png,1269015
Bird,NG,scratch_1_002,A240_I04.png,240,04,NG/scratch_1_002/A240_I04.png,1380824
Bird,NG,scratch_1_002,A240_I05.png,240,05,NG/scratch_1_002/A240_I05.png,1389833
Bird,NG,scratch_1_002,A240_I06.png,240,06,NG/scratch_1_002/A240_I06.png,1313345
Bird,NG,scratch_1_002,A240_I07.png,240,07,NG/scratch_1_002/A240_I07.png,1116550
Bird,NG,scratch_1_002,A240_I08.png,240,08,NG/scratch_1_002/A240_I08.png,1304945
Bird,NG,scratch_1_002,A240_I09.png,240,09,NG/scratch_1_002/A240_I09.png,1512690
Bird,NG,scratch_1_002,A240_I10.png,240,10,NG/scratch_1_002/A240_I10.png,1537974
Bird,NG,scratch_1_002,A270_I01.png,270,01,NG/scratch_1_002/A270_I01.png,1200459
Bird,NG,scratch_1_002,A270_I02.png,270,02,NG/scratch_1_002/A270_I02.png,1373106
Bird,NG,scratch_1_002,A270_I03.png,270,03,NG/scratch_1_002/A270_I03.png,1281258
Bird,NG,scratch_1_002,A270_I04.png,270,04,NG/scratch_1_002/A270_I04.png,1366093
Bird,NG,scratch_1_002,A270_I05.png,270,05,NG/scratch_1_002/A270_I05.png,1350998
Bird,NG,scratch_1_002,A270_I06.png,270,06,NG/scratch_1_002/A270_I06.png,1276520
Bird,NG,scratch_1_002,A270_I07.png,270,07,NG/scratch_1_002/A270_I07.png,1098406
Bird,NG,scratch_1_002,A270_I08.png,270,08,NG/scratch_1_002/A270_I08.png,1310846
Bird,NG,scratch_1_002,A270_I09.png,270,09,NG/scratch_1_002/A270_I09.png,1498797
Bird,NG,scratch_1_002,A270_I10.png,270,10,NG/scratch_1_002/A270_I10.png,1527489
Bird,NG,scratch_1_002,A300_I01.png,300,01,NG/scratch_1_002/A300_I01.png,1230940
Bird,NG,scratch_1_002,A300_I02.png,300,02,NG/scratch_1_002/A300_I02.png,1384831
Bird,NG,scratch_1_002,A300_I03.png,300,03,NG/scratch_1_002/A300_I03.png,1270156
Bird,NG,scratch_1_002,A300_I04.png,300,04,NG/scratch_1_002/A300_I04.png,1359422
Bird,NG,scratch_1_002,A300_I05.png,300,05,NG/scratch_1_002/A300_I05.png,1340145
Bird,NG,scratch_1_002,A300_I06.png,300,06,NG/scratch_1_002/A300_I06.png,1266989
Bird,NG,scratch_1_002,A300_I07.png,300,07,NG/scratch_1_002/A300_I07.png,1087439
Bird,NG,scratch_1_002,A300_I08.png,300,08,NG/scratch_1_002/A300_I08.png,1331979
Bird,NG,scratch_1_002,A300_I09.png,300,09,NG/scratch_1_002/A300_I09.png,1508585
Bird,NG,scratch_1_002,A300_I10.png,300,10,NG/scratch_1_002/A300_I10.png,1531623
Bird,NG,scratch_1_002,A330_I01.png,330,01,NG/scratch_1_002/A330_I01.png,1207703
Bird,NG,scratch_1_002,A330_I02.png,330,02,NG/scratch_1_002/A330_I02.png,1357269
Bird,NG,scratch_1_002,A330_I03.png,330,03,NG/scratch_1_002/A330_I03.png,1251016
Bird,NG,scratch_1_002,A330_I04.png,330,04,NG/scratch_1_002/A330_I04.png,1339794
Bird,NG,scratch_1_002,A330_I05.png,330,05,NG/scratch_1_002/A330_I05.png,1319233
Bird,NG,scratch_1_002,A330_I06.png,330,06,NG/scratch_1_002/A330_I06.png,1242295
Bird,NG,scratch_1_002,A330_I07.png,330,07,NG/scratch_1_002/A330_I07.png,1056315
Bird,NG,scratch_1_002,A330_I08.png,330,08,NG/scratch_1_002/A330_I08.png,1306849
Bird,NG,scratch_1_002,A330_I09.png,330,09,NG/scratch_1_002/A330_I09.png,1482695
Bird,NG,scratch_1_002,A330_I10.png,330,10,NG/scratch_1_002/A330_I10.png,1509846
Bird,NG,scratch_1_003,A000_I01.png,000,01,NG/scratch_1_003/A000_I01.png,1192088
Bird,NG,scratch_1_003,A000_I02.png,000,02,NG/scratch_1_003/A000_I02.png,1331113
Bird,NG,scratch_1_003,A000_I03.png,000,03,NG/scratch_1_003/A000_I03.png,1213091
Bird,NG,scratch_1_003,A000_I04.png,000,04,NG/scratch_1_003/A000_I04.png,1303421
Bird,NG,scratch_1_003,A000_I05.png,000,05,NG/scratch_1_003/A000_I05.png,1285198
Bird,NG,scratch_1_003,A000_I06.png,000,06,NG/scratch_1_003/A000_I06.png,1203384
Bird,NG,scratch_1_003,A000_I07.png,000,07,NG/scratch_1_003/A000_I07.png,1011279
Bird,NG,scratch_1_003,A000_I08.png,000,08,NG/scratch_1_003/A000_I08.png,1288522
Bird,NG,scratch_1_003,A000_I09.png,000,09,NG/scratch_1_003/A000_I09.png,1449622
Bird,NG,scratch_1_003,A000_I10.png,000,10,NG/scratch_1_003/A000_I10.png,1478955
Bird,NG,scratch_1_003,A030_I01.png,030,01,NG/scratch_1_003/A030_I01.png,1183013
Bird,NG,scratch_1_003,A030_I02.png,030,02,NG/scratch_1_003/A030_I02.png,1311026
Bird,NG,scratch_1_003,A030_I03.png,030,03,NG/scratch_1_003/A030_I03.png,1170101
Bird,NG,scratch_1_003,A030_I04.png,030,04,NG/scratch_1_003/A030_I04.png,1279467
Bird,NG,scratch_1_003,A030_I05.png,030,05,NG/scratch_1_003/A030_I05.png,1286040
Bird,NG,scratch_1_003,A030_I06.png,030,06,NG/scratch_1_003/A030_I06.png,1219297
Bird,NG,scratch_1_003,A030_I07.png,030,07,NG/scratch_1_003/A030_I07.png,1028764
Bird,NG,scratch_1_003,A030_I08.png,030,08,NG/scratch_1_003/A030_I08.png,1286185
Bird,NG,scratch_1_003,A030_I09.png,030,09,NG/scratch_1_003/A030_I09.png,1437789
Bird,NG,scratch_1_003,A030_I10.png,030,10,NG/scratch_1_003/A030_I10.png,1468900
Bird,NG,scratch_1_003,A060_I01.png,060,01,NG/scratch_1_003/A060_I01.png,1158868
Bird,NG,scratch_1_003,A060_I02.png,060,02,NG/scratch_1_003/A060_I02.png,1291517
Bird,NG,scratch_1_003,A060_I03.png,060,03,NG/scratch_1_003/A060_I03.png,1161139
Bird,NG,scratch_1_003,A060_I04.png,060,04,NG/scratch_1_003/A060_I04.png,1272651
Bird,NG,scratch_1_003,A060_I05.png,060,05,NG/scratch_1_003/A060_I05.png,1268433
Bird,NG,scratch_1_003,A060_I06.png,060,06,NG/scratch_1_003/A060_I06.png,1199059
Bird,NG,scratch_1_003,A060_I07.png,060,07,NG/scratch_1_003/A060_I07.png,993933
Bird,NG,scratch_1_003,A060_I08.png,060,08,NG/scratch_1_003/A060_I08.png,1253060
Bird,NG,scratch_1_003,A060_I09.png,060,09,NG/scratch_1_003/A060_I09.png,1414305
Bird,NG,scratch_1_003,A060_I10.png,060,10,NG/scratch_1_003/A060_I10.png,1449237
Bird,NG,scratch_1_003,A090_I01.png,090,01,NG/scratch_1_003/A090_I01.png,1132535
Bird,NG,scratch_1_003,A090_I02.png,090,02,NG/scratch_1_003/A090_I02.png,1273618
Bird,NG,scratch_1_003,A090_I03.png,090,03,NG/scratch_1_003/A090_I03.png,1154145
Bird,NG,scratch_1_003,A090_I04.png,090,04,NG/scratch_1_003/A090_I04.png,1274379
Bird,NG,scratch_1_003,A090_I05.png,090,05,NG/scratch_1_003/A090_I05.png,1268541
Bird,NG,scratch_1_003,A090_I06.png,090,06,NG/scratch_1_003/A090_I06.png,1194100
Bird,NG,scratch_1_003,A090_I07.png,090,07,NG/scratch_1_003/A090_I07.png,974574
Bird,NG,scratch_1_003,A090_I08.png,090,08,NG/scratch_1_003/A090_I08.png,1232548
Bird,NG,scratch_1_003,A090_I09.png,090,09,NG/scratch_1_003/A090_I09.png,1405380
Bird,NG,scratch_1_003,A090_I10.png,090,10,NG/scratch_1_003/A090_I10.png,1442338
Bird,NG,scratch_1_003,A120_I01.png,120,01,NG/scratch_1_003/A120_I01.png,1128440
Bird,NG,scratch_1_003,A120_I02.png,120,02,NG/scratch_1_003/A120_I02.png,1274797
Bird,NG,scratch_1_003,A120_I03.png,120,03,NG/scratch_1_003/A120_I03.png,1165621
Bird,NG,scratch_1_003,A120_I04.png,120,04,NG/scratch_1_003/A120_I04.png,1291506
Bird,NG,scratch_1_003,A120_I05.png,120,05,NG/scratch_1_003/A120_I05.png,1293815
Bird,NG,scratch_1_003,A120_I06.png,120,06,NG/scratch_1_003/A120_I06.png,1215993
Bird,NG,scratch_1_003,A120_I07.png,120,07,NG/scratch_1_003/A120_I07.png,997702
Bird,NG,scratch_1_003,A120_I08.png,120,08,NG/scratch_1_003/A120_I08.png,1240103
Bird,NG,scratch_1_003,A120_I09.png,120,09,NG/scratch_1_003/A120_I09.png,1422338
Bird,NG,scratch_1_003,A120_I10.png,120,10,NG/scratch_1_003/A120_I10.png,1456477
Bird,NG,scratch_1_003,A150_I01.png,150,01,NG/scratch_1_003/A150_I01.png,1129384
Bird,NG,scratch_1_003,A150_I02.png,150,02,NG/scratch_1_003/A150_I02.png,1284632
Bird,NG,scratch_1_003,A150_I03.png,150,03,NG/scratch_1_003/A150_I03.png,1198098
Bird,NG,scratch_1_003,A150_I04.png,150,04,NG/scratch_1_003/A150_I04.png,1321614
Bird,NG,scratch_1_003,A150_I05.png,150,05,NG/scratch_1_003/A150_I05.png,1323677
Bird,NG,scratch_1_003,A150_I06.png,150,06,NG/scratch_1_003/A150_I06.png,1248386
Bird,NG,scratch_1_003,A150_I07.png,150,07,NG/scratch_1_003/A150_I07.png,1031502
Bird,NG,scratch_1_003,A150_I08.png,150,08,NG/scratch_1_003/A150_I08.png,1255424
Bird,NG,scratch_1_003,A150_I09.png,150,09,NG/scratch_1_003/A150_I09.png,1451975
Bird,NG,scratch_1_003,A150_I10.png,150,10,NG/scratch_1_003/A150_I10.png,1485673
Bird,NG,scratch_1_003,A180_I01.png,180,01,NG/scratch_1_003/A180_I01.png,1156186
Bird,NG,scratch_1_003,A180_I02.png,180,02,NG/scratch_1_003/A180_I02.png,1317341
Bird,NG,scratch_1_003,A180_I03.png,180,03,NG/scratch_1_003/A180_I03.png,1233998
Bird,NG,scratch_1_003,A180_I04.png,180,04,NG/scratch_1_003/A180_I04.png,1343056
Bird,NG,scratch_1_003,A180_I05.png,180,05,NG/scratch_1_003/A180_I05.png,1338300
Bird,NG,scratch_1_003,A180_I06.png,180,06,NG/scratch_1_003/A180_I06.png,1255481
Bird,NG,scratch_1_003,A180_I07.png,180,07,NG/scratch_1_003/A180_I07.png,1030252
Bird,NG,scratch_1_003,A180_I08.png,180,08,NG/scratch_1_003/A180_I08.png,1266841
Bird,NG,scratch_1_003,A180_I09.png,180,09,NG/scratch_1_003/A180_I09.png,1471549
Bird,NG,scratch_1_003,A180_I10.png,180,10,NG/scratch_1_003/A180_I10.png,1503414
Bird,NG,scratch_1_003,A210_I01.png,210,01,NG/scratch_1_003/A210_I01.png,1176245
Bird,NG,scratch_1_003,A210_I02.png,210,02,NG/scratch_1_003/A210_I02.png,1346232
Bird,NG,scratch_1_003,A210_I03.png,210,03,NG/scratch_1_003/A210_I03.png,1253737
Bird,NG,scratch_1_003,A210_I04.png,210,04,NG/scratch_1_003/A210_I04.png,1375258
Bird,NG,scratch_1_003,A210_I05.png,210,05,NG/scratch_1_003/A210_I05.png,1381401
Bird,NG,scratch_1_003,A210_I06.png,210,06,NG/scratch_1_003/A210_I06.png,1294475
Bird,NG,scratch_1_003,A210_I07.png,210,07,NG/scratch_1_003/A210_I07.png,1059486
Bird,NG,scratch_1_003,A210_I08.png,210,08,NG/scratch_1_003/A210_I08.png,1282238
Bird,NG,scratch_1_003,A210_I09.png,210,09,NG/scratch_1_003/A210_I09.png,1500507
Bird,NG,scratch_1_003,A210_I10.png,210,10,NG/scratch_1_003/A210_I10.png,1531725
Bird,NG,scratch_1_003,A240_I01.png,240,01,NG/scratch_1_003/A240_I01.png,1184006
Bird,NG,scratch_1_003,A240_I02.png,240,02,NG/scratch_1_003/A240_I02.png,1359686
Bird,NG,scratch_1_003,A240_I03.png,240,03,NG/scratch_1_003/A240_I03.png,1271819
Bird,NG,scratch_1_003,A240_I04.png,240,04,NG/scratch_1_003/A240_I04.png,1381355
Bird,NG,scratch_1_003,A240_I05.png,240,05,NG/scratch_1_003/A240_I05.png,1386463
Bird,NG,scratch_1_003,A240_I06.png,240,06,NG/scratch_1_003/A240_I06.png,1303201
Bird,NG,scratch_1_003,A240_I07.png,240,07,NG/scratch_1_003/A240_I07.png,1094814
Bird,NG,scratch_1_003,A240_I08.png,240,08,NG/scratch_1_003/A240_I08.png,1298355
Bird,NG,scratch_1_003,A240_I09.png,240,09,NG/scratch_1_003/A240_I09.png,1511057
Bird,NG,scratch_1_003,A240_I10.png,240,10,NG/scratch_1_003/A240_I10.png,1543696
Bird,NG,scratch_1_003,A270_I01.png,270,01,NG/scratch_1_003/A270_I01.png,1222359
Bird,NG,scratch_1_003,A270_I02.png,270,02,NG/scratch_1_003/A270_I02.png,1384166
Bird,NG,scratch_1_003,A270_I03.png,270,03,NG/scratch_1_003/A270_I03.png,1261211
Bird,NG,scratch_1_003,A270_I04.png,270,04,NG/scratch_1_003/A270_I04.png,1373301
Bird,NG,scratch_1_003,A270_I05.png,270,05,NG/scratch_1_003/A270_I05.png,1378973
Bird,NG,scratch_1_003,A270_I06.png,270,06,NG/scratch_1_003/A270_I06.png,1310485
Bird,NG,scratch_1_003,A270_I07.png,270,07,NG/scratch_1_003/A270_I07.png,1136186
Bird,NG,scratch_1_003,A270_I08.png,270,08,NG/scratch_1_003/A270_I08.png,1337272
Bird,NG,scratch_1_003,A270_I09.png,270,09,NG/scratch_1_003/A270_I09.png,1521592
Bird,NG,scratch_1_003,A270_I10.png,270,10,NG/scratch_1_003/A270_I10.png,1547575
Bird,NG,scratch_1_003,A300_I01.png,300,01,NG/scratch_1_003/A300_I01.png,1263830
Bird,NG,scratch_1_003,A300_I02.png,300,02,NG/scratch_1_003/A300_I02.png,1391402
Bird,NG,scratch_1_003,A300_I03.png,300,03,NG/scratch_1_003/A300_I03.png,1249395
Bird,NG,scratch_1_003,A300_I04.png,300,04,NG/scratch_1_003/A300_I04.png,1356939
Bird,NG,scratch_1_003,A300_I05.png,300,05,NG/scratch_1_003/A300_I05.png,1359809
Bird,NG,scratch_1_003,A300_I06.png,300,06,NG/scratch_1_003/A300_I06.png,1289563
Bird,NG,scratch_1_003,A300_I07.png,300,07,NG/scratch_1_003/A300_I07.png,1109534
Bird,NG,scratch_1_003,A300_I08.png,300,08,NG/scratch_1_003/A300_I08.png,1359602
Bird,NG,scratch_1_003,A300_I09.png,300,09,NG/scratch_1_003/A300_I09.png,1519529
Bird,NG,scratch_1_003,A300_I10.png,300,10,NG/scratch_1_003/A300_I10.png,1534497
Bird,NG,scratch_1_003,A330_I01.png,330,01,NG/scratch_1_003/A330_I01.png,1214385
Bird,NG,scratch_1_003,A330_I02.png,330,02,NG/scratch_1_003/A330_I02.png,1355731
Bird,NG,scratch_1_003,A330_I03.png,330,03,NG/scratch_1_003/A330_I03.png,1240313
Bird,NG,scratch_1_003,A330_I04.png,330,04,NG/scratch_1_003/A330_I04.png,1328490
Bird,NG,scratch_1_003,A330_I05.png,330,05,NG/scratch_1_003/A330_I05.png,1310466
Bird,NG,scratch_1_003,A330_I06.png,330,06,NG/scratch_1_003/A330_I06.png,1233749
Bird,NG,scratch_1_003,A330_I07.png,330,07,NG/scratch_1_003/A330_I07.png,1053213
Bird,NG,scratch_1_003,A330_I08.png,330,08,NG/scratch_1_003/A330_I08.png,1312574
Bird,NG,scratch_1_003,A330_I09.png,330,09,NG/scratch_1_003/A330_I09.png,1478199
Bird,NG,scratch_1_003,A330_I10.png,330,10,NG/scratch_1_003/A330_I10.png,1503574
Bird,NG,scratch_1_029,A000_I01.png,000,01,NG/scratch_1_029/A000_I01.png,1189952
Bird,NG,scratch_1_029,A000_I02.png,000,02,NG/scratch_1_029/A000_I02.png,1323441
Bird,NG,scratch_1_029,A000_I03.png,000,03,NG/scratch_1_029/A000_I03.png,1210383
Bird,NG,scratch_1_029,A000_I04.png,000,04,NG/scratch_1_029/A000_I04.png,1294588
Bird,NG,scratch_1_029,A000_I05.png,000,05,NG/scratch_1_029/A000_I05.png,1297580
Bird,NG,scratch_1_029,A000_I06.png,000,06,NG/scratch_1_029/A000_I06.png,1231386
Bird,NG,scratch_1_029,A000_I07.png,000,07,NG/scratch_1_029/A000_I07.png,1075619
Bird,NG,scratch_1_029,A000_I08.png,000,08,NG/scratch_1_029/A000_I08.png,1286987
Bird,NG,scratch_1_029,A000_I09.png,000,09,NG/scratch_1_029/A000_I09.png,1443723
Bird,NG,scratch_1_029,A000_I10.png,000,10,NG/scratch_1_029/A000_I10.png,1464097
Bird,NG,scratch_1_029,A030_I01.png,030,01,NG/scratch_1_029/A030_I01.png,1184836
Bird,NG,scratch_1_029,A030_I02.png,030,02,NG/scratch_1_029/A030_I02.png,1315587
Bird,NG,scratch_1_029,A030_I03.png,030,03,NG/scratch_1_029/A030_I03.png,1198554
Bird,NG,scratch_1_029,A030_I04.png,030,04,NG/scratch_1_029/A030_I04.png,1283294
Bird,NG,scratch_1_029,A030_I05.png,030,05,NG/scratch_1_029/A030_I05.png,1292284
Bird,NG,scratch_1_029,A030_I06.png,030,06,NG/scratch_1_029/A030_I06.png,1215699
Bird,NG,scratch_1_029,A030_I07.png,030,07,NG/scratch_1_029/A030_I07.png,1016797
Bird,NG,scratch_1_029,A030_I08.png,030,08,NG/scratch_1_029/A030_I08.png,1273008
Bird,NG,scratch_1_029,A030_I09.png,030,09,NG/scratch_1_029/A030_I09.png,1428885
Bird,NG,scratch_1_029,A030_I10.png,030,10,NG/scratch_1_029/A030_I10.png,1454948
Bird,NG,scratch_1_029,A060_I01.png,060,01,NG/scratch_1_029/A060_I01.png,1171043
Bird,NG,scratch_1_029,A060_I02.png,060,02,NG/scratch_1_029/A060_I02.png,1308928
Bird,NG,scratch_1_029,A060_I03.png,060,03,NG/scratch_1_029/A060_I03.png,1188953
Bird,NG,scratch_1_029,A060_I04.png,060,04,NG/scratch_1_029/A060_I04.png,1287822
Bird,NG,scratch_1_029,A060_I05.png,060,05,NG/scratch_1_029/A060_I05.png,1286523
Bird,NG,scratch_1_029,A060_I06.png,060,06,NG/scratch_1_029/A060_I06.png,1211733
Bird,NG,scratch_1_029,A060_I07.png,060,07,NG/scratch_1_029/A060_I07.png,1001211
Bird,NG,scratch_1_029,A060_I08.png,060,08,NG/scratch_1_029/A060_I08.png,1254154
Bird,NG,scratch_1_029,A060_I09.png,060,09,NG/scratch_1_029/A060_I09.png,1418555
Bird,NG,scratch_1_029,A060_I10.png,060,10,NG/scratch_1_029/A060_I10.png,1446436
Bird,NG,scratch_1_029,A090_I01.png,090,01,NG/scratch_1_029/A090_I01.png,1163518
Bird,NG,scratch_1_029,A090_I02.png,090,02,NG/scratch_1_029/A090_I02.png,1301413
Bird,NG,scratch_1_029,A090_I03.png,090,03,NG/scratch_1_029/A090_I03.png,1186889
Bird,NG,scratch_1_029,A090_I04.png,090,04,NG/scratch_1_029/A090_I04.png,1299037
Bird,NG,scratch_1_029,A090_I05.png,090,05,NG/scratch_1_029/A090_I05.png,1306784
Bird,NG,scratch_1_029,A090_I06.png,090,06,NG/scratch_1_029/A090_I06.png,1218266
Bird,NG,scratch_1_029,A090_I07.png,090,07,NG/scratch_1_029/A090_I07.png,1001082
Bird,NG,scratch_1_029,A090_I08.png,090,08,NG/scratch_1_029/A090_I08.png,1246385
Bird,NG,scratch_1_029,A090_I09.png,090,09,NG/scratch_1_029/A090_I09.png,1419852
Bird,NG,scratch_1_029,A090_I10.png,090,10,NG/scratch_1_029/A090_I10.png,1448252
Bird,NG,scratch_1_029,A120_I01.png,120,01,NG/scratch_1_029/A120_I01.png,1166446
Bird,NG,scratch_1_029,A120_I02.png,120,02,NG/scratch_1_029/A120_I02.png,1304595
Bird,NG,scratch_1_029,A120_I03.png,120,03,NG/scratch_1_029/A120_I03.png,1208167
Bird,NG,scratch_1_029,A120_I04.png,120,04,NG/scratch_1_029/A120_I04.png,1312149
Bird,NG,scratch_1_029,A120_I05.png,120,05,NG/scratch_1_029/A120_I05.png,1329843
Bird,NG,scratch_1_029,A120_I06.png,120,06,NG/scratch_1_029/A120_I06.png,1241397
Bird,NG,scratch_1_029,A120_I07.png,120,07,NG/scratch_1_029/A120_I07.png,1024630
Bird,NG,scratch_1_029,A120_I08.png,120,08,NG/scratch_1_029/A120_I08.png,1259741
Bird,NG,scratch_1_029,A120_I09.png,120,09,NG/scratch_1_029/A120_I09.png,1443715
Bird,NG,scratch_1_029,A120_I10.png,120,10,NG/scratch_1_029/A120_I10.png,1466879
Bird,NG,scratch_1_029,A150_I01.png,150,01,NG/scratch_1_029/A150_I01.png,1173632
Bird,NG,scratch_1_029,A150_I02.png,150,02,NG/scratch_1_029/A150_I02.png,1313696
Bird,NG,scratch_1_029,A150_I03.png,150,03,NG/scratch_1_029/A150_I03.png,1245240
Bird,NG,scratch_1_029,A150_I04.png,150,04,NG/scratch_1_029/A150_I04.png,1320522
Bird,NG,scratch_1_029,A150_I05.png,150,05,NG/scratch_1_029/A150_I05.png,1328810
Bird,NG,scratch_1_029,A150_I06.png,150,06,NG/scratch_1_029/A150_I06.png,1232316
Bird,NG,scratch_1_029,A150_I07.png,150,07,NG/scratch_1_029/A150_I07.png,1006911
Bird,NG,scratch_1_029,A150_I08.png,150,08,NG/scratch_1_029/A150_I08.png,1255668
Bird,NG,scratch_1_029,A150_I09.png,150,09,NG/scratch_1_029/A150_I09.png,1451381
Bird,NG,scratch_1_029,A150_I10.png,150,10,NG/scratch_1_029/A150_I10.png,1474202
Bird,NG,scratch_1_029,A180_I01.png,180,01,NG/scratch_1_029/A180_I01.png,1166873
Bird,NG,scratch_1_029,A180_I02.png,180,02,NG/scratch_1_029/A180_I02.png,1321857
Bird,NG,scratch_1_029,A180_I03.png,180,03,NG/scratch_1_029/A180_I03.png,1270473
Bird,NG,scratch_1_029,A180_I04.png,180,04,NG/scratch_1_029/A180_I04.png,1327983
Bird,NG,scratch_1_029,A180_I05.png,180,05,NG/scratch_1_029/A180_I05.png,1316808
Bird,NG,scratch_1_029,A180_I06.png,180,06,NG/scratch_1_029/A180_I06.png,1217580
Bird,NG,scratch_1_029,A180_I07.png,180,07,NG/scratch_1_029/A180_I07.png,988173
Bird,NG,scratch_1_029,A180_I08.png,180,08,NG/scratch_1_029/A180_I08.png,1241787
Bird,NG,scratch_1_029,A180_I09.png,180,09,NG/scratch_1_029/A180_I09.png,1444781
Bird,NG,scratch_1_029,A180_I10.png,180,10,NG/scratch_1_029/A180_I10.png,1468425
Bird,NG,scratch_1_029,A210_I01.png,210,01,NG/scratch_1_029/A210_I01.png,1155185
Bird,NG,scratch_1_029,A210_I02.png,210,02,NG/scratch_1_029/A210_I02.png,1327566
Bird,NG,scratch_1_029,A210_I03.png,210,03,NG/scratch_1_029/A210_I03.png,1278042
Bird,NG,scratch_1_029,A210_I04.png,210,04,NG/scratch_1_029/A210_I04.png,1337503
Bird,NG,scratch_1_029,A210_I05.png,210,05,NG/scratch_1_029/A210_I05.png,1331535
Bird,NG,scratch_1_029,A210_I06.png,210,06,NG/scratch_1_029/A210_I06.png,1236484
Bird,NG,scratch_1_029,A210_I07.png,210,07,NG/scratch_1_029/A210_I07.png,1024609
Bird,NG,scratch_1_029,A210_I08.png,210,08,NG/scratch_1_029/A210_I08.png,1248587
Bird,NG,scratch_1_029,A210_I09.png,210,09,NG/scratch_1_029/A210_I09.png,1453331
Bird,NG,scratch_1_029,A210_I10.png,210,10,NG/scratch_1_029/A210_I10.png,1475219
Bird,NG,scratch_1_029,A240_I01.png,240,01,NG/scratch_1_029/A240_I01.png,1168809
Bird,NG,scratch_1_029,A240_I02.png,240,02,NG/scratch_1_029/A240_I02.png,1344048
Bird,NG,scratch_1_029,A240_I03.png,240,03,NG/scratch_1_029/A240_I03.png,1286139
Bird,NG,scratch_1_029,A240_I04.png,240,04,NG/scratch_1_029/A240_I04.png,1351995
Bird,NG,scratch_1_029,A240_I05.png,240,05,NG/scratch_1_029/A240_I05.png,1355718
Bird,NG,scratch_1_029,A240_I06.png,240,06,NG/scratch_1_029/A240_I06.png,1259513
Bird,NG,scratch_1_029,A240_I07.png,240,07,NG/scratch_1_029/A240_I07.png,1058612
Bird,NG,scratch_1_029,A240_I08.png,240,08,NG/scratch_1_029/A240_I08.png,1266305
Bird,NG,scratch_1_029,A240_I09.png,240,09,NG/scratch_1_029/A240_I09.png,1470800
Bird,NG,scratch_1_029,A240_I10.png,240,10,NG/scratch_1_029/A240_I10.png,1492084
Bird,NG,scratch_1_029,A270_I01.png,270,01,NG/scratch_1_029/A270_I01.png,1178255
Bird,NG,scratch_1_029,A270_I02.png,270,02,NG/scratch_1_029/A270_I02.png,1349795
Bird,NG,scratch_1_029,A270_I03.png,270,03,NG/scratch_1_029/A270_I03.png,1279142
Bird,NG,scratch_1_029,A270_I04.png,270,04,NG/scratch_1_029/A270_I04.png,1359355
Bird,NG,scratch_1_029,A270_I05.png,270,05,NG/scratch_1_029/A270_I05.png,1367722
Bird,NG,scratch_1_029,A270_I06.png,270,06,NG/scratch_1_029/A270_I06.png,1280801
Bird,NG,scratch_1_029,A270_I07.png,270,07,NG/scratch_1_029/A270_I07.png,1107292
Bird,NG,scratch_1_029,A270_I08.png,270,08,NG/scratch_1_029/A270_I08.png,1291147
Bird,NG,scratch_1_029,A270_I09.png,270,09,NG/scratch_1_029/A270_I09.png,1483288
Bird,NG,scratch_1_029,A270_I10.png,270,10,NG/scratch_1_029/A270_I10.png,1500909
Bird,NG,scratch_1_029,A300_I01.png,300,01,NG/scratch_1_029/A300_I01.png,1197280
Bird,NG,scratch_1_029,A300_I02.png,300,02,NG/scratch_1_029/A300_I02.png,1349508
Bird,NG,scratch_1_029,A300_I03.png,300,03,NG/scratch_1_029/A300_I03.png,1255217
Bird,NG,scratch_1_029,A300_I04.png,300,04,NG/scratch_1_029/A300_I04.png,1345216
Bird,NG,scratch_1_029,A300_I05.png,300,05,NG/scratch_1_029/A300_I05.png,1359245
Bird,NG,scratch_1_029,A300_I06.png,300,06,NG/scratch_1_029/A300_I06.png,1285442
Bird,NG,scratch_1_029,A300_I07.png,300,07,NG/scratch_1_029/A300_I07.png,1131553
Bird,NG,scratch_1_029,A300_I08.png,300,08,NG/scratch_1_029/A300_I08.png,1313483
Bird,NG,scratch_1_029,A300_I09.png,300,09,NG/scratch_1_029/A300_I09.png,1484617
Bird,NG,scratch_1_029,A300_I10.png,300,10,NG/scratch_1_029/A300_I10.png,1499383
Bird,NG,scratch_1_029,A330_I01.png,330,01,NG/scratch_1_029/A330_I01.png,1203361
Bird,NG,scratch_1_029,A330_I02.png,330,02,NG/scratch_1_029/A330_I02.png,1340407
Bird,NG,scratch_1_029,A330_I03.png,330,03,NG/scratch_1_029/A330_I03.png,1235533
Bird,NG,scratch_1_029,A330_I04.png,330,04,NG/scratch_1_029/A330_I04.png,1316174
Bird,NG,scratch_1_029,A330_I05.png,330,05,NG/scratch_1_029/A330_I05.png,1321309
Bird,NG,scratch_1_029,A330_I06.png,330,06,NG/scratch_1_029/A330_I06.png,1259501
Bird,NG,scratch_1_029,A330_I07.png,330,07,NG/scratch_1_029/A330_I07.png,1109274
Bird,NG,scratch_1_029,A330_I08.png,330,08,NG/scratch_1_029/A330_I08.png,1306531
Bird,NG,scratch_1_029,A330_I09.png,330,09,NG/scratch_1_029/A330_I09.png,1470074
Bird,NG,scratch_1_029,A330_I10.png,330,10,NG/scratch_1_029/A330_I10.png,1485610
Bird,NG,scratch_1_030,A000_I01.png,000,01,NG/scratch_1_030/A000_I01.png,1196035
Bird,NG,scratch_1_030,A000_I02.png,000,02,NG/scratch_1_030/A000_I02.png,1327435
Bird,NG,scratch_1_030,A000_I03.png,000,03,NG/scratch_1_030/A000_I03.png,1220591
Bird,NG,scratch_1_030,A000_I04.png,000,04,NG/scratch_1_030/A000_I04.png,1299030
Bird,NG,scratch_1_030,A000_I05.png,000,05,NG/scratch_1_030/A000_I05.png,1308410
Bird,NG,scratch_1_030,A000_I06.png,000,06,NG/scratch_1_030/A000_I06.png,1226341
Bird,NG,scratch_1_030,A000_I07.png,000,07,NG/scratch_1_030/A000_I07.png,1036542
Bird,NG,scratch_1_030,A000_I08.png,000,08,NG/scratch_1_030/A000_I08.png,1281300
Bird,NG,scratch_1_030,A000_I09.png,000,09,NG/scratch_1_030/A000_I09.png,1441130
Bird,NG,scratch_1_030,A000_I10.png,000,10,NG/scratch_1_030/A000_I10.png,1460378
Bird,NG,scratch_1_030,A030_I01.png,030,01,NG/scratch_1_030/A030_I01.png,1184001
Bird,NG,scratch_1_030,A030_I02.png,030,02,NG/scratch_1_030/A030_I02.png,1319056
Bird,NG,scratch_1_030,A030_I03.png,030,03,NG/scratch_1_030/A030_I03.png,1208438
Bird,NG,scratch_1_030,A030_I04.png,030,04,NG/scratch_1_030/A030_I04.png,1284690
Bird,NG,scratch_1_030,A030_I05.png,030,05,NG/scratch_1_030/A030_I05.png,1292842
Bird,NG,scratch_1_030,A030_I06.png,030,06,NG/scratch_1_030/A030_I06.png,1213098
Bird,NG,scratch_1_030,A030_I07.png,030,07,NG/scratch_1_030/A030_I07.png,1008879
Bird,NG,scratch_1_030,A030_I08.png,030,08,NG/scratch_1_030/A030_I08.png,1269423
Bird,NG,scratch_1_030,A030_I09.png,030,09,NG/scratch_1_030/A030_I09.png,1427600
Bird,NG,scratch_1_030,A030_I10.png,030,10,NG/scratch_1_030/A030_I10.png,1453082
Bird,NG,scratch_1_030,A060_I01.png,060,01,NG/scratch_1_030/A060_I01.png,1161851
Bird,NG,scratch_1_030,A060_I02.png,060,02,NG/scratch_1_030/A060_I02.png,1303285
Bird,NG,scratch_1_030,A060_I03.png,060,03,NG/scratch_1_030/A060_I03.png,1199742
Bird,NG,scratch_1_030,A060_I04.png,060,04,NG/scratch_1_030/A060_I04.png,1286908
Bird,NG,scratch_1_030,A060_I05.png,060,05,NG/scratch_1_030/A060_I05.png,1284398
Bird,NG,scratch_1_030,A060_I06.png,060,06,NG/scratch_1_030/A060_I06.png,1213318
Bird,NG,scratch_1_030,A060_I07.png,060,07,NG/scratch_1_030/A060_I07.png,1006379
Bird,NG,scratch_1_030,A060_I08.png,060,08,NG/scratch_1_030/A060_I08.png,1248996
Bird,NG,scratch_1_030,A060_I09.png,060,09,NG/scratch_1_030/A060_I09.png,1415959
Bird,NG,scratch_1_030,A060_I10.png,060,10,NG/scratch_1_030/A060_I10.png,1444505
Bird,NG,scratch_1_030,A090_I01.png,090,01,NG/scratch_1_030/A090_I01.png,1163868
Bird,NG,scratch_1_030,A090_I02.png,090,02,NG/scratch_1_030/A090_I02.png,1302813
Bird,NG,scratch_1_030,A090_I03.png,090,03,NG/scratch_1_030/A090_I03.png,1199608
Bird,NG,scratch_1_030,A090_I04.png,090,04,NG/scratch_1_030/A090_I04.png,1303296
Bird,NG,scratch_1_030,A090_I05.png,090,05,NG/scratch_1_030/A090_I05.png,1313973
Bird,NG,scratch_1_030,A090_I06.png,090,06,NG/scratch_1_030/A090_I06.png,1233544
Bird,NG,scratch_1_030,A090_I07.png,090,07,NG/scratch_1_030/A090_I07.png,1017642
Bird,NG,scratch_1_030,A090_I08.png,090,08,NG/scratch_1_030/A090_I08.png,1252771
Bird,NG,scratch_1_030,A090_I09.png,090,09,NG/scratch_1_030/A090_I09.png,1431277
Bird,NG,scratch_1_030,A090_I10.png,090,10,NG/scratch_1_030/A090_I10.png,1455033
Bird,NG,scratch_1_030,A120_I01.png,120,01,NG/scratch_1_030/A120_I01.png,1162588
Bird,NG,scratch_1_030,A120_I02.png,120,02,NG/scratch_1_030/A120_I02.png,1300188
Bird,NG,scratch_1_030,A120_I03.png,120,03,NG/scratch_1_030/A120_I03.png,1212522
Bird,NG,scratch_1_030,A120_I04.png,120,04,NG/scratch_1_030/A120_I04.png,1317150
Bird,NG,scratch_1_030,A120_I05.png,120,05,NG/scratch_1_030/A120_I05.png,1336228
Bird,NG,scratch_1_030,A120_I06.png,120,06,NG/scratch_1_030/A120_I06.png,1252990
Bird,NG,scratch_1_030,A120_I07.png,120,07,NG/scratch_1_030/A120_I07.png,1034442
Bird,NG,scratch_1_030,A120_I08.png,120,08,NG/scratch_1_030/A120_I08.png,1261752
Bird,NG,scratch_1_030,A120_I09.png,120,09,NG/scratch_1_030/A120_I09.png,1447634
Bird,NG,scratch_1_030,A120_I10.png,120,10,NG/scratch_1_030/A120_I10.png,1473054
Bird,NG,scratch_1_030,A150_I01.png,150,01,NG/scratch_1_030/A150_I01.png,1181352
Bird,NG,scratch_1_030,A150_I02.png,150,02,NG/scratch_1_030/A150_I02.png,1317670
Bird,NG,scratch_1_030,A150_I03.png,150,03,NG/scratch_1_030/A150_I03.png,1242901
Bird,NG,scratch_1_030,A150_I04.png,150,04,NG/scratch_1_030/A150_I04.png,1323534
Bird,NG,scratch_1_030,A150_I05.png,150,05,NG/scratch_1_030/A150_I05.png,1331011
Bird,NG,scratch_1_030,A150_I06.png,150,06,NG/scratch_1_030/A150_I06.png,1237952
Bird,NG,scratch_1_030,A150_I07.png,150,07,NG/scratch_1_030/A150_I07.png,1015046
Bird,NG,scratch_1_030,A150_I08.png,150,08,NG/scratch_1_030/A150_I08.png,1262704
Bird,NG,scratch_1_030,A150_I09.png,150,09,NG/scratch_1_030/A150_I09.png,1458557
Bird,NG,scratch_1_030,A150_I10.png,150,10,NG/scratch_1_030/A150_I10.png,1483378
Bird,NG,scratch_1_030,A180_I01.png,180,01,NG/scratch_1_030/A180_I01.png,1171047
Bird,NG,scratch_1_030,A180_I02.png,180,02,NG/scratch_1_030/A180_I02.png,1326110
Bird,NG,scratch_1_030,A180_I03.png,180,03,NG/scratch_1_030/A180_I03.png,1266014
Bird,NG,scratch_1_030,A180_I04.png,180,04,NG/scratch_1_030/A180_I04.png,1331025
Bird,NG,scratch_1_030,A180_I05.png,180,05,NG/scratch_1_030/A180_I05.png,1321934
Bird,NG,scratch_1_030,A180_I06.png,180,06,NG/scratch_1_030/A180_I06.png,1232163
Bird,NG,scratch_1_030,A180_I07.png,180,07,NG/scratch_1_030/A180_I07.png,1017498
Bird,NG,scratch_1_030,A180_I08.png,180,08,NG/scratch_1_030/A180_I08.png,1257639
Bird,NG,scratch_1_030,A180_I09.png,180,09,NG/scratch_1_030/A180_I09.png,1457011
Bird,NG,scratch_1_030,A180_I10.png,180,10,NG/scratch_1_030/A180_I10.png,1480123
Bird,NG,scratch_1_030,A210_I01.png,210,01,NG/scratch_1_030/A210_I01.png,1170233
Bird,NG,scratch_1_030,A210_I02.png,210,02,NG/scratch_1_030/A210_I02.png,1335782
Bird,NG,scratch_1_030,A210_I03.png,210,03,NG/scratch_1_030/A210_I03.png,1274460
Bird,NG,scratch_1_030,A210_I04.png,210,04,NG/scratch_1_030/A210_I04.png,1344516
Bird,NG,scratch_1_030,A210_I05.png,210,05,NG/scratch_1_030/A210_I05.png,1340660
Bird,NG,scratch_1_030,A210_I06.png,210,06,NG/scratch_1_030/A210_I06.png,1247757
Bird,NG,scratch_1_030,A210_I07.png,210,07,NG/scratch_1_030/A210_I07.png,1032187
Bird,NG,scratch_1_030,A210_I08.png,210,08,NG/scratch_1_030/A210_I08.png,1262266
Bird,NG,scratch_1_030,A210_I09.png,210,09,NG/scratch_1_030/A210_I09.png,1467276
Bird,NG,scratch_1_030,A210_I10.png,210,10,NG/scratch_1_030/A210_I10.png,1488124
Bird,NG,scratch_1_030,A240_I01.png,240,01,NG/scratch_1_030/A240_I01.png,1182268
Bird,NG,scratch_1_030,A240_I02.png,240,02,NG/scratch_1_030/A240_I02.png,1348962
Bird,NG,scratch_1_030,A240_I03.png,240,03,NG/scratch_1_030/A240_I03.png,1280321
Bird,NG,scratch_1_030,A240_I04.png,240,04,NG/scratch_1_030/A240_I04.png,1361501
Bird,NG,scratch_1_030,A240_I05.png,240,05,NG/scratch_1_030/A240_I05.png,1371162
Bird,NG,scratch_1_030,A240_I06.png,240,06,NG/scratch_1_030/A240_I06.png,1279514
Bird,NG,scratch_1_030,A240_I07.png,240,07,NG/scratch_1_030/A240_I07.png,1077166
Bird,NG,scratch_1_030,A240_I08.png,240,08,NG/scratch_1_030/A240_I08.png,1283932
Bird,NG,scratch_1_030,A240_I09.png,240,09,NG/scratch_1_030/A240_I09.png,1485357
Bird,NG,scratch_1_030,A240_I10.png,240,10,NG/scratch_1_030/A240_I10.png,1503312
Bird,NG,scratch_1_030,A270_I01.png,270,01,NG/scratch_1_030/A270_I01.png,1191104
Bird,NG,scratch_1_030,A270_I02.png,270,02,NG/scratch_1_030/A270_I02.png,1352420
Bird,NG,scratch_1_030,A270_I03.png,270,03,NG/scratch_1_030/A270_I03.png,1268027
Bird,NG,scratch_1_030,A270_I04.png,270,04,NG/scratch_1_030/A270_I04.png,1353848
Bird,NG,scratch_1_030,A270_I05.png,270,05,NG/scratch_1_030/A270_I05.png,1368244
Bird,NG,scratch_1_030,A270_I06.png,270,06,NG/scratch_1_030/A270_I06.png,1287050
Bird,NG,scratch_1_030,A270_I07.png,270,07,NG/scratch_1_030/A270_I07.png,1115293
Bird,NG,scratch_1_030,A270_I08.png,270,08,NG/scratch_1_030/A270_I08.png,1301690
Bird,NG,scratch_1_030,A270_I09.png,270,09,NG/scratch_1_030/A270_I09.png,1485155
Bird,NG,scratch_1_030,A270_I10.png,270,10,NG/scratch_1_030/A270_I10.png,1501861
Bird,NG,scratch_1_030,A300_I01.png,300,01,NG/scratch_1_030/A300_I01.png,1219447
Bird,NG,scratch_1_030,A300_I02.png,300,02,NG/scratch_1_030/A300_I02.png,1360060
Bird,NG,scratch_1_030,A300_I03.png,300,03,NG/scratch_1_030/A300_I03.png,1252357
Bird,NG,scratch_1_030,A300_I04.png,300,04,NG/scratch_1_030/A300_I04.png,1338012
Bird,NG,scratch_1_030,A300_I05.png,300,05,NG/scratch_1_030/A300_I05.png,1353869
Bird,NG,scratch_1_030,A300_I06.png,300,06,NG/scratch_1_030/A300_I06.png,1278796
Bird,NG,scratch_1_030,A300_I07.png,300,07,NG/scratch_1_030/A300_I07.png,1115028
Bird,NG,scratch_1_030,A300_I08.png,300,08,NG/scratch_1_030/A300_I08.png,1320165
Bird,NG,scratch_1_030,A300_I09.png,300,09,NG/scratch_1_030/A300_I09.png,1485415
Bird,NG,scratch_1_030,A300_I10.png,300,10,NG/scratch_1_030/A300_I10.png,1496686
Bird,NG,scratch_1_030,A330_I01.png,330,01,NG/scratch_1_030/A330_I01.png,1211705
Bird,NG,scratch_1_030,A330_I02.png,330,02,NG/scratch_1_030/A330_I02.png,1344640
Bird,NG,scratch_1_030,A330_I03.png,330,03,NG/scratch_1_030/A330_I03.png,1234727
Bird,NG,scratch_1_030,A330_I04.png,330,04,NG/scratch_1_030/A330_I04.png,1312800
Bird,NG,scratch_1_030,A330_I05.png,330,05,NG/scratch_1_030/A330_I05.png,1321699
Bird,NG,scratch_1_030,A330_I06.png,330,06,NG/scratch_1_030/A330_I06.png,1261454
Bird,NG,scratch_1_030,A330_I07.png,330,07,NG/scratch_1_030/A330_I07.png,1104845
Bird,NG,scratch_1_030,A330_I08.png,330,08,NG/scratch_1_030/A330_I08.png,1311197
Bird,NG,scratch_1_030,A330_I09.png,330,09,NG/scratch_1_030/A330_I09.png,1471117
Bird,NG,scratch_1_030,A330_I10.png,330,10,NG/scratch_1_030/A330_I10.png,1484354
Bird,NG,scratch_1_031,A000_I01.png,000,01,NG/scratch_1_031/A000_I01.png,1188854
Bird,NG,scratch_1_031,A000_I02.png,000,02,NG/scratch_1_031/A000_I02.png,1324723
Bird,NG,scratch_1_031,A000_I03.png,000,03,NG/scratch_1_031/A000_I03.png,1216021
Bird,NG,scratch_1_031,A000_I04.png,000,04,NG/scratch_1_031/A000_I04.png,1303052
Bird,NG,scratch_1_031,A000_I05.png,000,05,NG/scratch_1_031/A000_I05.png,1319657
Bird,NG,scratch_1_031,A000_I06.png,000,06,NG/scratch_1_031/A000_I06.png,1235720
Bird,NG,scratch_1_031,A000_I07.png,000,07,NG/scratch_1_031/A000_I07.png,1039111
Bird,NG,scratch_1_031,A000_I08.png,000,08,NG/scratch_1_031/A000_I08.png,1280879
Bird,NG,scratch_1_031,A000_I09.png,000,09,NG/scratch_1_031/A000_I09.png,1447076
Bird,NG,scratch_1_031,A000_I10.png,000,10,NG/scratch_1_031/A000_I10.png,1469331
Bird,NG,scratch_1_031,A030_I01.png,030,01,NG/scratch_1_031/A030_I01.png,1186375
Bird,NG,scratch_1_031,A030_I02.png,030,02,NG/scratch_1_031/A030_I02.png,1315143
Bird,NG,scratch_1_031,A030_I03.png,030,03,NG/scratch_1_031/A030_I03.png,1200831
Bird,NG,scratch_1_031,A030_I04.png,030,04,NG/scratch_1_031/A030_I04.png,1279268
Bird,NG,scratch_1_031,A030_I05.png,030,05,NG/scratch_1_031/A030_I05.png,1285902
Bird,NG,scratch_1_031,A030_I06.png,030,06,NG/scratch_1_031/A030_I06.png,1218559
Bird,NG,scratch_1_031,A030_I07.png,030,07,NG/scratch_1_031/A030_I07.png,1026481
Bird,NG,scratch_1_031,A030_I08.png,030,08,NG/scratch_1_031/A030_I08.png,1277356
Bird,NG,scratch_1_031,A030_I09.png,030,09,NG/scratch_1_031/A030_I09.png,1431159
Bird,NG,scratch_1_031,A030_I10.png,030,10,NG/scratch_1_031/A030_I10.png,1456531
Bird,NG,scratch_1_031,A060_I01.png,060,01,NG/scratch_1_031/A060_I01.png,1173969
Bird,NG,scratch_1_031,A060_I02.png,060,02,NG/scratch_1_031/A060_I02.png,1311080
Bird,NG,scratch_1_031,A060_I03.png,060,03,NG/scratch_1_031/A060_I03.png,1193410
Bird,NG,scratch_1_031,A060_I04.png,060,04,NG/scratch_1_031/A060_I04.png,1286536
Bird,NG,scratch_1_031,A060_I05.png,060,05,NG/scratch_1_031/A060_I05.png,1274649
Bird,NG,scratch_1_031,A060_I06.png,060,06,NG/scratch_1_031/A060_I06.png,1205698
Bird,NG,scratch_1_031,A060_I07.png,060,07,NG/scratch_1_031/A060_I07.png,1001782
Bird,NG,scratch_1_031,A060_I08.png,060,08,NG/scratch_1_031/A060_I08.png,1258862
Bird,NG,scratch_1_031,A060_I09.png,060,09,NG/scratch_1_031/A060_I09.png,1421040
Bird,NG,scratch_1_031,A060_I10.png,060,10,NG/scratch_1_031/A060_I10.png,1449276
Bird,NG,scratch_1_031,A090_I01.png,090,01,NG/scratch_1_031/A090_I01.png,1167610
Bird,NG,scratch_1_031,A090_I02.png,090,02,NG/scratch_1_031/A090_I02.png,1307980
Bird,NG,scratch_1_031,A090_I03.png,090,03,NG/scratch_1_031/A090_I03.png,1189247
Bird,NG,scratch_1_031,A090_I04.png,090,04,NG/scratch_1_031/A090_I04.png,1299374
Bird,NG,scratch_1_031,A090_I05.png,090,05,NG/scratch_1_031/A090_I05.png,1302880
Bird,NG,scratch_1_031,A090_I06.png,090,06,NG/scratch_1_031/A090_I06.png,1213942
Bird,NG,scratch_1_031,A090_I07.png,090,07,NG/scratch_1_031/A090_I07.png,989831
Bird,NG,scratch_1_031,A090_I08.png,090,08,NG/scratch_1_031/A090_I08.png,1248567
Bird,NG,scratch_1_031,A090_I09.png,090,09,NG/scratch_1_031/A090_I09.png,1423359
Bird,NG,scratch_1_031,A090_I10.png,090,10,NG/scratch_1_031/A090_I10.png,1452983
Bird,NG,scratch_1_031,A120_I01.png,120,01,NG/scratch_1_031/A120_I01.png,1159821
Bird,NG,scratch_1_031,A120_I02.png,120,02,NG/scratch_1_031/A120_I02.png,1302090
Bird,NG,scratch_1_031,A120_I03.png,120,03,NG/scratch_1_031/A120_I03.png,1201905
Bird,NG,scratch_1_031,A120_I04.png,120,04,NG/scratch_1_031/A120_I04.png,1308967
Bird,NG,scratch_1_031,A120_I05.png,120,05,NG/scratch_1_031/A120_I05.png,1329010
Bird,NG,scratch_1_031,A120_I06.png,120,06,NG/scratch_1_031/A120_I06.png,1238076
Bird,NG,scratch_1_031,A120_I07.png,120,07,NG/scratch_1_031/A120_I07.png,1019177
Bird,NG,scratch_1_031,A120_I08.png,120,08,NG/scratch_1_031/A120_I08.png,1256419
Bird,NG,scratch_1_031,A120_I09.png,120,09,NG/scratch_1_031/A120_I09.png,1437136
Bird,NG,scratch_1_031,A120_I10.png,120,10,NG/scratch_1_031/A120_I10.png,1464224
Bird,NG,scratch_1_031,A150_I01.png,150,01,NG/scratch_1_031/A150_I01.png,1179340
Bird,NG,scratch_1_031,A150_I02.png,150,02,NG/scratch_1_031/A150_I02.png,1304285
Bird,NG,scratch_1_031,A150_I03.png,150,03,NG/scratch_1_031/A150_I03.png,1228015
Bird,NG,scratch_1_031,A150_I04.png,150,04,NG/scratch_1_031/A150_I04.png,1329800
Bird,NG,scratch_1_031,A150_I05.png,150,05,NG/scratch_1_031/A150_I05.png,1351064
Bird,NG,scratch_1_031,A150_I06.png,150,06,NG/scratch_1_031/A150_I06.png,1263976
Bird,NG,scratch_1_031,A150_I07.png,150,07,NG/scratch_1_031/A150_I07.png,1048015
Bird,NG,scratch_1_031,A150_I08.png,150,08,NG/scratch_1_031/A150_I08.png,1268564
Bird,NG,scratch_1_031,A150_I09.png,150,09,NG/scratch_1_031/A150_I09.png,1460799
Bird,NG,scratch_1_031,A150_I10.png,150,10,NG/scratch_1_031/A150_I10.png,1481757
Bird,NG,scratch_1_031,A180_I01.png,180,01,NG/scratch_1_031/A180_I01.png,1177327
Bird,NG,scratch_1_031,A180_I02.png,180,02,NG/scratch_1_031/A180_I02.png,1322650
Bird,NG,scratch_1_031,A180_I03.png,180,03,NG/scratch_1_031/A180_I03.png,1265386
Bird,NG,scratch_1_031,A180_I04.png,180,04,NG/scratch_1_031/A180_I04.png,1342194
Bird,NG,scratch_1_031,A180_I05.png,180,05,NG/scratch_1_031/A180_I05.png,1347991
Bird,NG,scratch_1_031,A180_I06.png,180,06,NG/scratch_1_031/A180_I06.png,1253496
Bird,NG,scratch_1_031,A180_I07.png,180,07,NG/scratch_1_031/A180_I07.png,1030205
Bird,NG,scratch_1_031,A180_I08.png,180,08,NG/scratch_1_031/A180_I08.png,1259357
Bird,NG,scratch_1_031,A180_I09.png,180,09,NG/scratch_1_031/A180_I09.png,1460904
Bird,NG,scratch_1_031,A180_I10.png,180,10,NG/scratch_1_031/A180_I10.png,1480176
Bird,NG,scratch_1_031,A210_I01.png,210,01,NG/scratch_1_031/A210_I01.png,1165253
Bird,NG,scratch_1_031,A210_I02.png,210,02,NG/scratch_1_031/A210_I02.png,1332010
Bird,NG,scratch_1_031,A210_I03.png,210,03,NG/scratch_1_031/A210_I03.png,1273632
Bird,NG,scratch_1_031,A210_I04.png,210,04,NG/scratch_1_031/A210_I04.png,1357092
Bird,NG,scratch_1_031,A210_I05.png,210,05,NG/scratch_1_031/A210_I05.png,1364718
Bird,NG,scratch_1_031,A210_I06.png,210,06,NG/scratch_1_031/A210_I06.png,1271155
Bird,NG,scratch_1_031,A210_I07.png,210,07,NG/scratch_1_031/A210_I07.png,1059125
Bird,NG,scratch_1_031,A210_I08.png,210,08,NG/scratch_1_031/A210_I08.png,1266603
Bird,NG,scratch_1_031,A210_I09.png,210,09,NG/scratch_1_031/A210_I09.png,1473760
Bird,NG,scratch_1_031,A210_I10.png,210,10,NG/scratch_1_031/A210_I10.png,1493370
Bird,NG,scratch_1_031,A240_I01.png,240,01,NG/scratch_1_031/A240_I01.png,1180984
Bird,NG,scratch_1_031,A240_I02.png,240,02,NG/scratch_1_031/A240_I02.png,1355693
Bird,NG,scratch_1_031,A240_I03.png,240,03,NG/scratch_1_031/A240_I03.png,1285437
Bird,NG,scratch_1_031,A240_I04.png,240,04,NG/scratch_1_031/A240_I04.png,1361889
Bird,NG,scratch_1_031,A240_I05.png,240,05,NG/scratch_1_031/A240_I05.png,1369926
Bird,NG,scratch_1_031,A240_I06.png,240,06,NG/scratch_1_031/A240_I06.png,1278239
Bird,NG,scratch_1_031,A240_I07.png,240,07,NG/scratch_1_031/A240_I07.png,1081236
Bird,NG,scratch_1_031,A240_I08.png,240,08,NG/scratch_1_031/A240_I08.png,1286107
Bird,NG,scratch_1_031,A240_I09.png,240,09,NG/scratch_1_031/A240_I09.png,1487446
Bird,NG,scratch_1_031,A240_I10.png,240,10,NG/scratch_1_031/A240_I10.png,1508429
Bird,NG,scratch_1_031,A270_I01.png,270,01,NG/scratch_1_031/A270_I01.png,1183681
Bird,NG,scratch_1_031,A270_I02.png,270,02,NG/scratch_1_031/A270_I02.png,1367904
Bird,NG,scratch_1_031,A270_I03.png,270,03,NG/scratch_1_031/A270_I03.png,1290484
Bird,NG,scratch_1_031,A270_I04.png,270,04,NG/scratch_1_031/A270_I04.png,1360601
Bird,NG,scratch_1_031,A270_I05.png,270,05,NG/scratch_1_031/A270_I05.png,1350220
Bird,NG,scratch_1_031,A270_I06.png,270,06,NG/scratch_1_031/A270_I06.png,1262826
Bird,NG,scratch_1_031,A270_I07.png,270,07,NG/scratch_1_031/A270_I07.png,1080012
Bird,NG,scratch_1_031,A270_I08.png,270,08,NG/scratch_1_031/A270_I08.png,1293426
Bird,NG,scratch_1_031,A270_I09.png,270,09,NG/scratch_1_031/A270_I09.png,1494082
Bird,NG,scratch_1_031,A270_I10.png,270,10,NG/scratch_1_031/A270_I10.png,1517025
Bird,NG,scratch_1_031,A300_I01.png,300,01,NG/scratch_1_031/A300_I01.png,1203252
Bird,NG,scratch_1_031,A300_I02.png,300,02,NG/scratch_1_031/A300_I02.png,1363851
Bird,NG,scratch_1_031,A300_I03.png,300,03,NG/scratch_1_031/A300_I03.png,1268441
Bird,NG,scratch_1_031,A300_I04.png,300,04,NG/scratch_1_031/A300_I04.png,1361269
Bird,NG,scratch_1_031,A300_I05.png,300,05,NG/scratch_1_031/A300_I05.png,1361777
Bird,NG,scratch_1_031,A300_I06.png,300,06,NG/scratch_1_031/A300_I06.png,1274127
Bird,NG,scratch_1_031,A300_I07.png,300,07,NG/scratch_1_031/A300_I07.png,1074720
Bird,NG,scratch_1_031,A300_I08.png,300,08,NG/scratch_1_031/A300_I08.png,1306011
Bird,NG,scratch_1_031,A300_I09.png,300,09,NG/scratch_1_031/A300_I09.png,1500269
Bird,NG,scratch_1_031,A300_I10.png,300,10,NG/scratch_1_031/A300_I10.png,1516985
Bird,NG,scratch_1_031,A330_I01.png,330,01,NG/scratch_1_031/A330_I01.png,1205367
Bird,NG,scratch_1_031,A330_I02.png,330,02,NG/scratch_1_031/A330_I02.png,1345026
Bird,NG,scratch_1_031,A330_I03.png,330,03,NG/scratch_1_031/A330_I03.png,1238294
Bird,NG,scratch_1_031,A330_I04.png,330,04,NG/scratch_1_031/A330_I04.png,1328035
Bird,NG,scratch_1_031,A330_I05.png,330,05,NG/scratch_1_031/A330_I05.png,1340723
Bird,NG,scratch_1_031,A330_I06.png,330,06,NG/scratch_1_031/A330_I06.png,1259869
Bird,NG,scratch_1_031,A330_I07.png,330,07,NG/scratch_1_031/A330_I07.png,1065516
Bird,NG,scratch_1_031,A330_I08.png,330,08,NG/scratch_1_031/A330_I08.png,1298679
Bird,NG,scratch_1_031,A330_I09.png,330,09,NG/scratch_1_031/A330_I09.png,1476978
Bird,NG,scratch_1_031,A330_I10.png,330,10,NG/scratch_1_031/A330_I10.png,1493643
Bird,NG,scratch_1_032,A000_I01.png,000,01,NG/scratch_1_032/A000_I01.png,1200656
Bird,NG,scratch_1_032,A000_I02.png,000,02,NG/scratch_1_032/A000_I02.png,1331562
Bird,NG,scratch_1_032,A000_I03.png,000,03,NG/scratch_1_032/A000_I03.png,1221317
Bird,NG,scratch_1_032,A000_I04.png,000,04,NG/scratch_1_032/A000_I04.png,1305033
Bird,NG,scratch_1_032,A000_I05.png,000,05,NG/scratch_1_032/A000_I05.png,1316395
Bird,NG,scratch_1_032,A000_I06.png,000,06,NG/scratch_1_032/A000_I06.png,1243158
Bird,NG,scratch_1_032,A000_I07.png,000,07,NG/scratch_1_032/A000_I07.png,1062215
Bird,NG,scratch_1_032,A000_I08.png,000,08,NG/scratch_1_032/A000_I08.png,1292758
Bird,NG,scratch_1_032,A000_I09.png,000,09,NG/scratch_1_032/A000_I09.png,1452361
Bird,NG,scratch_1_032,A000_I10.png,000,10,NG/scratch_1_032/A000_I10.png,1468680
Bird,NG,scratch_1_032,A030_I01.png,030,01,NG/scratch_1_032/A030_I01.png,1192755
Bird,NG,scratch_1_032,A030_I02.png,030,02,NG/scratch_1_032/A030_I02.png,1324565
Bird,NG,scratch_1_032,A030_I03.png,030,03,NG/scratch_1_032/A030_I03.png,1211049
Bird,NG,scratch_1_032,A030_I04.png,030,04,NG/scratch_1_032/A030_I04.png,1289944
Bird,NG,scratch_1_032,A030_I05.png,030,05,NG/scratch_1_032/A030_I05.png,1303368
Bird,NG,scratch_1_032,A030_I06.png,030,06,NG/scratch_1_032/A030_I06.png,1220808
Bird,NG,scratch_1_032,A030_I07.png,030,07,NG/scratch_1_032/A030_I07.png,1013173
Bird,NG,scratch_1_032,A030_I08.png,030,08,NG/scratch_1_032/A030_I08.png,1276413
Bird,NG,scratch_1_032,A030_I09.png,030,09,NG/scratch_1_032/A030_I09.png,1432823
Bird,NG,scratch_1_032,A030_I10.png,030,10,NG/scratch_1_032/A030_I10.png,1456597
Bird,NG,scratch_1_032,A060_I01.png,060,01,NG/scratch_1_032/A060_I01.png,1176418
Bird,NG,scratch_1_032,A060_I02.png,060,02,NG/scratch_1_032/A060_I02.png,1315284
Bird,NG,scratch_1_032,A060_I03.png,060,03,NG/scratch_1_032/A060_I03.png,1202979
Bird,NG,scratch_1_032,A060_I04.png,060,04,NG/scratch_1_032/A060_I04.png,1293055
Bird,NG,scratch_1_032,A060_I05.png,060,05,NG/scratch_1_032/A060_I05.png,1290629
Bird,NG,scratch_1_032,A060_I06.png,060,06,NG/scratch_1_032/A060_I06.png,1215087
Bird,NG,scratch_1_032,A060_I07.png,060,07,NG/scratch_1_032/A060_I07.png,1008784
Bird,NG,scratch_1_032,A060_I08.png,060,08,NG/scratch_1_032/A060_I08.png,1256613
Bird,NG,scratch_1_032,A060_I09.png,060,09,NG/scratch_1_032/A060_I09.png,1422977
Bird,NG,scratch_1_032,A060_I10.png,060,10,NG/scratch_1_032/A060_I10.png,1450276
Bird,NG,scratch_1_032,A090_I01.png,090,01,NG/scratch_1_032/A090_I01.png,1160157
Bird,NG,scratch_1_032,A090_I02.png,090,02,NG/scratch_1_032/A090_I02.png,1302643
Bird,NG,scratch_1_032,A090_I03.png,090,03,NG/scratch_1_032/A090_I03.png,1198686
Bird,NG,scratch_1_032,A090_I04.png,090,04,NG/scratch_1_032/A090_I04.png,1300701
Bird,NG,scratch_1_032,A090_I05.png,090,05,NG/scratch_1_032/A090_I05.png,1307903
Bird,NG,scratch_1_032,A090_I06.png,090,06,NG/scratch_1_032/A090_I06.png,1222190
Bird,NG,scratch_1_032,A090_I07.png,090,07,NG/scratch_1_032/A090_I07.png,1008510
Bird,NG,scratch_1_032,A090_I08.png,090,08,NG/scratch_1_032/A090_I08.png,1246975
Bird,NG,scratch_1_032,A090_I09.png,090,09,NG/scratch_1_032/A090_I09.png,1422757
Bird,NG,scratch_1_032,A090_I10.png,090,10,NG/scratch_1_032/A090_I10.png,1450339
Bird,NG,scratch_1_032,A120_I01.png,120,01,NG/scratch_1_032/A120_I01.png,1157791
Bird,NG,scratch_1_032,A120_I02.png,120,02,NG/scratch_1_032/A120_I02.png,1299600
Bird,NG,scratch_1_032,A120_I03.png,120,03,NG/scratch_1_032/A120_I03.png,1215538
Bird,NG,scratch_1_032,A120_I04.png,120,04,NG/scratch_1_032/A120_I04.png,1321088
Bird,NG,scratch_1_032,A120_I05.png,120,05,NG/scratch_1_032/A120_I05.png,1340215
Bird,NG,scratch_1_032,A120_I06.png,120,06,NG/scratch_1_032/A120_I06.png,1256514
Bird,NG,scratch_1_032,A120_I07.png,120,07,NG/scratch_1_032/A120_I07.png,1045406
Bird,NG,scratch_1_032,A120_I08.png,120,08,NG/scratch_1_032/A120_I08.png,1261735
Bird,NG,scratch_1_032,A120_I09.png,120,09,NG/scratch_1_032/A120_I09.png,1450875
Bird,NG,scratch_1_032,A120_I10.png,120,10,NG/scratch_1_032/A120_I10.png,1475249
Bird,NG,scratch_1_032,A150_I01.png,150,01,NG/scratch_1_032/A150_I01.png,1166985
Bird,NG,scratch_1_032,A150_I02.png,150,02,NG/scratch_1_032/A150_I02.png,1307578
Bird,NG,scratch_1_032,A150_I03.png,150,03,NG/scratch_1_032/A150_I03.png,1244001
Bird,NG,scratch_1_032,A150_I04.png,150,04,NG/scratch_1_032/A150_I04.png,1320854
Bird,NG,scratch_1_032,A150_I05.png,150,05,NG/scratch_1_032/A150_I05.png,1324642
Bird,NG,scratch_1_032,A150_I06.png,150,06,NG/scratch_1_032/A150_I06.png,1236835
Bird,NG,scratch_1_032,A150_I07.png,150,07,NG/scratch_1_032/A150_I07.png,1028303
Bird,NG,scratch_1_032,A150_I08.png,150,08,NG/scratch_1_032/A150_I08.png,1255729
Bird,NG,scratch_1_032,A150_I09.png,150,09,NG/scratch_1_032/A150_I09.png,1450640
Bird,NG,scratch_1_032,A150_I10.png,150,10,NG/scratch_1_032/A150_I10.png,1476525
Bird,NG,scratch_1_032,A180_I01.png,180,01,NG/scratch_1_032/A180_I01.png,1166707
Bird,NG,scratch_1_032,A180_I02.png,180,02,NG/scratch_1_032/A180_I02.png,1323441
Bird,NG,scratch_1_032,A180_I03.png,180,03,NG/scratch_1_032/A180_I03.png,1262152
Bird,NG,scratch_1_032,A180_I04.png,180,04,NG/scratch_1_032/A180_I04.png,1324355
Bird,NG,scratch_1_032,A180_I05.png,180,05,NG/scratch_1_032/A180_I05.png,1313295
Bird,NG,scratch_1_032,A180_I06.png,180,06,NG/scratch_1_032/A180_I06.png,1218843
Bird,NG,scratch_1_032,A180_I07.png,180,07,NG/scratch_1_032/A180_I07.png,1007324
Bird,NG,scratch_1_032,A180_I08.png,180,08,NG/scratch_1_032/A180_I08.png,1251331
Bird,NG,scratch_1_032,A180_I09.png,180,09,NG/scratch_1_032/A180_I09.png,1448871
Bird,NG,scratch_1_032,A180_I10.png,180,10,NG/scratch_1_032/A180_I10.png,1473499
Bird,NG,scratch_1_032,A210_I01.png,210,01,NG/scratch_1_032/A210_I01.png,1155392
Bird,NG,scratch_1_032,A210_I02.png,210,02,NG/scratch_1_032/A210_I02.png,1327025
Bird,NG,scratch_1_032,A210_I03.png,210,03,NG/scratch_1_032/A210_I03.png,1266366
Bird,NG,scratch_1_032,A210_I04.png,210,04,NG/scratch_1_032/A210_I04.png,1349676
Bird,NG,scratch_1_032,A210_I05.png,210,05,NG/scratch_1_032/A210_I05.png,1353562
Bird,NG,scratch_1_032,A210_I06.png,210,06,NG/scratch_1_032/A210_I06.png,1263381
Bird,NG,scratch_1_032,A210_I07.png,210,07,NG/scratch_1_032/A210_I07.png,1046701
Bird,NG,scratch_1_032,A210_I08.png,210,08,NG/scratch_1_032/A210_I08.png,1258542
Bird,NG,scratch_1_032,A210_I09.png,210,09,NG/scratch_1_032/A210_I09.png,1470247
Bird,NG,scratch_1_032,A210_I10.png,210,10,NG/scratch_1_032/A210_I10.png,1491771
Bird,NG,scratch_1_032,A240_I01.png,240,01,NG/scratch_1_032/A240_I01.png,1170081
Bird,NG,scratch_1_032,A240_I02.png,240,02,NG/scratch_1_032/A240_I02.png,1342087
Bird,NG,scratch_1_032,A240_I03.png,240,03,NG/scratch_1_032/A240_I03.png,1273850
Bird,NG,scratch_1_032,A240_I04.png,240,04,NG/scratch_1_032/A240_I04.png,1382200
Bird,NG,scratch_1_032,A240_I05.png,240,05,NG/scratch_1_032/A240_I05.png,1401631
Bird,NG,scratch_1_032,A240_I06.png,240,06,NG/scratch_1_032/A240_I06.png,1308150
Bird,NG,scratch_1_032,A240_I07.png,240,07,NG/scratch_1_032/A240_I07.png,1090115
Bird,NG,scratch_1_032,A240_I08.png,240,08,NG/scratch_1_032/A240_I08.png,1276838
Bird,NG,scratch_1_032,A240_I09.png,240,09,NG/scratch_1_032/A240_I09.png,1499865
Bird,NG,scratch_1_032,A240_I10.png,240,10,NG/scratch_1_032/A240_I10.png,1518596
Bird,NG,scratch_1_032,A270_I01.png,270,01,NG/scratch_1_032/A270_I01.png,1187697
Bird,NG,scratch_1_032,A270_I02.png,270,02,NG/scratch_1_032/A270_I02.png,1355469
Bird,NG,scratch_1_032,A270_I03.png,270,03,NG/scratch_1_032/A270_I03.png,1267480
Bird,NG,scratch_1_032,A270_I04.png,270,04,NG/scratch_1_032/A270_I04.png,1369368
Bird,NG,scratch_1_032,A270_I05.png,270,05,NG/scratch_1_032/A270_I05.png,1388809
Bird,NG,scratch_1_032,A270_I06.png,270,06,NG/scratch_1_032/A270_I06.png,1305740
Bird,NG,scratch_1_032,A270_I07.png,270,07,NG/scratch_1_032/A270_I07.png,1124007
Bird,NG,scratch_1_032,A270_I08.png,270,08,NG/scratch_1_032/A270_I08.png,1304281
Bird,NG,scratch_1_032,A270_I09.png,270,09,NG/scratch_1_032/A270_I09.png,1499199
Bird,NG,scratch_1_032,A270_I10.png,270,10,NG/scratch_1_032/A270_I10.png,1515690
Bird,NG,scratch_1_032,A300_I01.png,300,01,NG/scratch_1_032/A300_I01.png,1233528
Bird,NG,scratch_1_032,A300_I02.png,300,02,NG/scratch_1_032/A300_I02.png,1375659
Bird,NG,scratch_1_032,A300_I03.png,300,03,NG/scratch_1_032/A300_I03.png,1253965
Bird,NG,scratch_1_032,A300_I04.png,300,04,NG/scratch_1_032/A300_I04.png,1346046
Bird,NG,scratch_1_032,A300_I05.png,300,05,NG/scratch_1_032/A300_I05.png,1361833
Bird,NG,scratch_1_032,A300_I06.png,300,06,NG/scratch_1_032/A300_I06.png,1284255
Bird,NG,scratch_1_032,A300_I07.png,300,07,NG/scratch_1_032/A300_I07.png,1106777
Bird,NG,scratch_1_032,A300_I08.png,300,08,NG/scratch_1_032/A300_I08.png,1333056
Bird,NG,scratch_1_032,A300_I09.png,300,09,NG/scratch_1_032/A300_I09.png,1499158
Bird,NG,scratch_1_032,A300_I10.png,300,10,NG/scratch_1_032/A300_I10.png,1508142
Bird,NG,scratch_1_032,A330_I01.png,330,01,NG/scratch_1_032/A330_I01.png,1226775
Bird,NG,scratch_1_032,A330_I02.png,330,02,NG/scratch_1_032/A330_I02.png,1356703
Bird,NG,scratch_1_032,A330_I03.png,330,03,NG/scratch_1_032/A330_I03.png,1240081
Bird,NG,scratch_1_032,A330_I04.png,330,04,NG/scratch_1_032/A330_I04.png,1315616
Bird,NG,scratch_1_032,A330_I05.png,330,05,NG/scratch_1_032/A330_I05.png,1328985
Bird,NG,scratch_1_032,A330_I06.png,330,06,NG/scratch_1_032/A330_I06.png,1266554
Bird,NG,scratch_1_032,A330_I07.png,330,07,NG/scratch_1_032/A330_I07.png,1107754
Bird,NG,scratch_1_032,A330_I08.png,330,08,NG/scratch_1_032/A330_I08.png,1322778
Bird,NG,scratch_1_032,A330_I09.png,330,09,NG/scratch_1_032/A330_I09.png,1478474
Bird,NG,scratch_1_032,A330_I10.png,330,10,NG/scratch_1_032/A330_I10.png,1488235
Bird,NG,scratch_2_012,A000_I01.png,000,01,NG/scratch_2_012/A000_I01.png,1208950
Bird,NG,scratch_2_012,A000_I02.png,000,02,NG/scratch_2_012/A000_I02.png,1342965
Bird,NG,scratch_2_012,A000_I03.png,000,03,NG/scratch_2_012/A000_I03.png,1222674
Bird,NG,scratch_2_012,A000_I04.png,000,04,NG/scratch_2_012/A000_I04.png,1316562
Bird,NG,scratch_2_012,A000_I05.png,000,05,NG/scratch_2_012/A000_I05.png,1313477
Bird,NG,scratch_2_012,A000_I06.png,000,06,NG/scratch_2_012/A000_I06.png,1236029
Bird,NG,scratch_2_012,A000_I07.png,000,07,NG/scratch_2_012/A000_I07.png,1046336
Bird,NG,scratch_2_012,A000_I08.png,000,08,NG/scratch_2_012/A000_I08.png,1305029
Bird,NG,scratch_2_012,A000_I09.png,000,09,NG/scratch_2_012/A000_I09.png,1464569
Bird,NG,scratch_2_012,A000_I10.png,000,10,NG/scratch_2_012/A000_I10.png,1492434
Bird,NG,scratch_2_012,A030_I01.png,030,01,NG/scratch_2_012/A030_I01.png,1198011
Bird,NG,scratch_2_012,A030_I02.png,030,02,NG/scratch_2_012/A030_I02.png,1326155
Bird,NG,scratch_2_012,A030_I03.png,030,03,NG/scratch_2_012/A030_I03.png,1196517
Bird,NG,scratch_2_012,A030_I04.png,030,04,NG/scratch_2_012/A030_I04.png,1290790
Bird,NG,scratch_2_012,A030_I05.png,030,05,NG/scratch_2_012/A030_I05.png,1295503
Bird,NG,scratch_2_012,A030_I06.png,030,06,NG/scratch_2_012/A030_I06.png,1226328
Bird,NG,scratch_2_012,A030_I07.png,030,07,NG/scratch_2_012/A030_I07.png,1029733
Bird,NG,scratch_2_012,A030_I08.png,030,08,NG/scratch_2_012/A030_I08.png,1294493
Bird,NG,scratch_2_012,A030_I09.png,030,09,NG/scratch_2_012/A030_I09.png,1445981
Bird,NG,scratch_2_012,A030_I10.png,030,10,NG/scratch_2_012/A030_I10.png,1473478
Bird,NG,scratch_2_012,A060_I01.png,060,01,NG/scratch_2_012/A060_I01.png,1175204
Bird,NG,scratch_2_012,A060_I02.png,060,02,NG/scratch_2_012/A060_I02.png,1307750
Bird,NG,scratch_2_012,A060_I03.png,060,03,NG/scratch_2_012/A060_I03.png,1183569
Bird,NG,scratch_2_012,A060_I04.png,060,04,NG/scratch_2_012/A060_I04.png,1283311
Bird,NG,scratch_2_012,A060_I05.png,060,05,NG/scratch_2_012/A060_I05.png,1280661
Bird,NG,scratch_2_012,A060_I06.png,060,06,NG/scratch_2_012/A060_I06.png,1217364
Bird,NG,scratch_2_012,A060_I07.png,060,07,NG/scratch_2_012/A060_I07.png,1012213
Bird,NG,scratch_2_012,A060_I08.png,060,08,NG/scratch_2_012/A060_I08.png,1269831
Bird,NG,scratch_2_012,A060_I09.png,060,09,NG/scratch_2_012/A060_I09.png,1429383
Bird,NG,scratch_2_012,A060_I10.png,060,10,NG/scratch_2_012/A060_I10.png,1460850
Bird,NG,scratch_2_012,A090_I01.png,090,01,NG/scratch_2_012/A090_I01.png,1142383
Bird,NG,scratch_2_012,A090_I02.png,090,02,NG/scratch_2_012/A090_I02.png,1286583
Bird,NG,scratch_2_012,A090_I03.png,090,03,NG/scratch_2_012/A090_I03.png,1182494
Bird,NG,scratch_2_012,A090_I04.png,090,04,NG/scratch_2_012/A090_I04.png,1285624
Bird,NG,scratch_2_012,A090_I05.png,090,05,NG/scratch_2_012/A090_I05.png,1280387
Bird,NG,scratch_2_012,A090_I06.png,090,06,NG/scratch_2_012/A090_I06.png,1200933
Bird,NG,scratch_2_012,A090_I07.png,090,07,NG/scratch_2_012/A090_I07.png,977162
Bird,NG,scratch_2_012,A090_I08.png,090,08,NG/scratch_2_012/A090_I08.png,1239015
Bird,NG,scratch_2_012,A090_I09.png,090,09,NG/scratch_2_012/A090_I09.png,1414033
Bird,NG,scratch_2_012,A090_I10.png,090,10,NG/scratch_2_012/A090_I10.png,1447640
Bird,NG,scratch_2_012,A120_I01.png,120,01,NG/scratch_2_012/A120_I01.png,1132754
Bird,NG,scratch_2_012,A120_I02.png,120,02,NG/scratch_2_012/A120_I02.png,1281435
Bird,NG,scratch_2_012,A120_I03.png,120,03,NG/scratch_2_012/A120_I03.png,1188726
Bird,NG,scratch_2_012,A120_I04.png,120,04,NG/scratch_2_012/A120_I04.png,1297457
Bird,NG,scratch_2_012,A120_I05.png,120,05,NG/scratch_2_012/A120_I05.png,1298718
Bird,NG,scratch_2_012,A120_I06.png,120,06,NG/scratch_2_012/A120_I06.png,1215636
Bird,NG,scratch_2_012,A120_I07.png,120,07,NG/scratch_2_012/A120_I07.png,991190
Bird,NG,scratch_2_012,A120_I08.png,120,08,NG/scratch_2_012/A120_I08.png,1238124
Bird,NG,scratch_2_012,A120_I09.png,120,09,NG/scratch_2_012/A120_I09.png,1420732
Bird,NG,scratch_2_012,A120_I10.png,120,10,NG/scratch_2_012/A120_I10.png,1455851
Bird,NG,scratch_2_012,A150_I01.png,150,01,NG/scratch_2_012/A150_I01.png,1136243
Bird,NG,scratch_2_012,A150_I02.png,150,02,NG/scratch_2_012/A150_I02.png,1290346
Bird,NG,scratch_2_012,A150_I03.png,150,03,NG/scratch_2_012/A150_I03.png,1220077
Bird,NG,scratch_2_012,A150_I04.png,150,04,NG/scratch_2_012/A150_I04.png,1313559
Bird,NG,scratch_2_012,A150_I05.png,150,05,NG/scratch_2_012/A150_I05.png,1305237
Bird,NG,scratch_2_012,A150_I06.png,150,06,NG/scratch_2_012/A150_I06.png,1223945
Bird,NG,scratch_2_012,A150_I07.png,150,07,NG/scratch_2_012/A150_I07.png,1003220
Bird,NG,scratch_2_012,A150_I08.png,150,08,NG/scratch_2_012/A150_I08.png,1247477
Bird,NG,scratch_2_012,A150_I09.png,150,09,NG/scratch_2_012/A150_I09.png,1438533
Bird,NG,scratch_2_012,A150_I10.png,150,10,NG/scratch_2_012/A150_I10.png,1474236
Bird,NG,scratch_2_012,A180_I01.png,180,01,NG/scratch_2_012/A180_I01.png,1157934
Bird,NG,scratch_2_012,A180_I02.png,180,02,NG/scratch_2_012/A180_I02.png,1315643
Bird,NG,scratch_2_012,A180_I03.png,180,03,NG/scratch_2_012/A180_I03.png,1239750
Bird,NG,scratch_2_012,A180_I04.png,180,04,NG/scratch_2_012/A180_I04.png,1338728
Bird,NG,scratch_2_012,A180_I05.png,180,05,NG/scratch_2_012/A180_I05.png,1336882
Bird,NG,scratch_2_012,A180_I06.png,180,06,NG/scratch_2_012/A180_I06.png,1255946
Bird,NG,scratch_2_012,A180_I07.png,180,07,NG/scratch_2_012/A180_I07.png,1045544
Bird,NG,scratch_2_012,A180_I08.png,180,08,NG/scratch_2_012/A180_I08.png,1268943
Bird,NG,scratch_2_012,A180_I09.png,180,09,NG/scratch_2_012/A180_I09.png,1464100
Bird,NG,scratch_2_012,A180_I10.png,180,10,NG/scratch_2_012/A180_I10.png,1492791
Bird,NG,scratch_2_012,A210_I01.png,210,01,NG/scratch_2_012/A210_I01.png,1172161
Bird,NG,scratch_2_012,A210_I02.png,210,02,NG/scratch_2_012/A210_I02.png,1334311
Bird,NG,scratch_2_012,A210_I03.png,210,03,NG/scratch_2_012/A210_I03.png,1251845
Bird,NG,scratch_2_012,A210_I04.png,210,04,NG/scratch_2_012/A210_I04.png,1367381
Bird,NG,scratch_2_012,A210_I05.png,210,05,NG/scratch_2_012/A210_I05.png,1379261
Bird,NG,scratch_2_012,A210_I06.png,210,06,NG/scratch_2_012/A210_I06.png,1295579
Bird,NG,scratch_2_012,A210_I07.png,210,07,NG/scratch_2_012/A210_I07.png,1079315
Bird,NG,scratch_2_012,A210_I08.png,210,08,NG/scratch_2_012/A210_I08.png,1285279
Bird,NG,scratch_2_012,A210_I09.png,210,09,NG/scratch_2_012/A210_I09.png,1490752
Bird,NG,scratch_2_012,A210_I10.png,210,10,NG/scratch_2_012/A210_I10.png,1518603
Bird,NG,scratch_2_012,A240_I01.png,240,01,NG/scratch_2_012/A240_I01.png,1188671
Bird,NG,scratch_2_012,A240_I02.png,240,02,NG/scratch_2_012/A240_I02.png,1357090
Bird,NG,scratch_2_012,A240_I03.png,240,03,NG/scratch_2_012/A240_I03.png,1268353
Bird,NG,scratch_2_012,A240_I04.png,240,04,NG/scratch_2_012/A240_I04.png,1387693
Bird,NG,scratch_2_012,A240_I05.png,240,05,NG/scratch_2_012/A240_I05.png,1400191
Bird,NG,scratch_2_012,A240_I06.png,240,06,NG/scratch_2_012/A240_I06.png,1314648
Bird,NG,scratch_2_012,A240_I07.png,240,07,NG/scratch_2_012/A240_I07.png,1100446
Bird,NG,scratch_2_012,A240_I08.png,240,08,NG/scratch_2_012/A240_I08.png,1300252
Bird,NG,scratch_2_012,A240_I09.png,240,09,NG/scratch_2_012/A240_I09.png,1510935
Bird,NG,scratch_2_012,A240_I10.png,240,10,NG/scratch_2_012/A240_I10.png,1539478
Bird,NG,scratch_2_012,A270_I01.png,270,01,NG/scratch_2_012/A270_I01.png,1207360
Bird,NG,scratch_2_012,A270_I02.png,270,02,NG/scratch_2_012/A270_I02.png,1374657
Bird,NG,scratch_2_012,A270_I03.png,270,03,NG/scratch_2_012/A270_I03.png,1279678
Bird,NG,scratch_2_012,A270_I04.png,270,04,NG/scratch_2_012/A270_I04.png,1370701
Bird,NG,scratch_2_012,A270_I05.png,270,05,NG/scratch_2_012/A270_I05.png,1362624
Bird,NG,scratch_2_012,A270_I06.png,270,06,NG/scratch_2_012/A270_I06.png,1286041
Bird,NG,scratch_2_012,A270_I07.png,270,07,NG/scratch_2_012/A270_I07.png,1105405
Bird,NG,scratch_2_012,A270_I08.png,270,08,NG/scratch_2_012/A270_I08.png,1317161
Bird,NG,scratch_2_012,A270_I09.png,270,09,NG/scratch_2_012/A270_I09.png,1503554
Bird,NG,scratch_2_012,A270_I10.png,270,10,NG/scratch_2_012/A270_I10.png,1529059
Bird,NG,scratch_2_012,A300_I01.png,300,01,NG/scratch_2_012/A300_I01.png,1221653
Bird,NG,scratch_2_012,A300_I02.png,300,02,NG/scratch_2_012/A300_I02.png,1377739
Bird,NG,scratch_2_012,A300_I03.png,300,03,NG/scratch_2_012/A300_I03.png,1256343
Bird,NG,scratch_2_012,A300_I04.png,300,04,NG/scratch_2_012/A300_I04.png,1358725
Bird,NG,scratch_2_012,A300_I05.png,300,05,NG/scratch_2_012/A300_I05.png,1357200
Bird,NG,scratch_2_012,A300_I06.png,300,06,NG/scratch_2_012/A300_I06.png,1285235
Bird,NG,scratch_2_012,A300_I07.png,300,07,NG/scratch_2_012/A300_I07.png,1116687
Bird,NG,scratch_2_012,A300_I08.png,300,08,NG/scratch_2_012/A300_I08.png,1335313
Bird,NG,scratch_2_012,A300_I09.png,300,09,NG/scratch_2_012/A300_I09.png,1509678
Bird,NG,scratch_2_012,A300_I10.png,300,10,NG/scratch_2_012/A300_I10.png,1534697
Bird,NG,scratch_2_012,A330_I01.png,330,01,NG/scratch_2_012/A330_I01.png,1225412
Bird,NG,scratch_2_012,A330_I02.png,330,02,NG/scratch_2_012/A330_I02.png,1362957
Bird,NG,scratch_2_012,A330_I03.png,330,03,NG/scratch_2_012/A330_I03.png,1247152
Bird,NG,scratch_2_012,A330_I04.png,330,04,NG/scratch_2_012/A330_I04.png,1339253
Bird,NG,scratch_2_012,A330_I05.png,330,05,NG/scratch_2_012/A330_I05.png,1332150
Bird,NG,scratch_2_012,A330_I06.png,330,06,NG/scratch_2_012/A330_I06.png,1258412
Bird,NG,scratch_2_012,A330_I07.png,330,07,NG/scratch_2_012/A330_I07.png,1076103
Bird,NG,scratch_2_012,A330_I08.png,330,08,NG/scratch_2_012/A330_I08.png,1322062
Bird,NG,scratch_2_012,A330_I09.png,330,09,NG/scratch_2_012/A330_I09.png,1486813
Bird,NG,scratch_2_012,A330_I10.png,330,10,NG/scratch_2_012/A330_I10.png,1510068
Bird,NG,scratch_2_014,A000_I01.png,000,01,NG/scratch_2_014/A000_I01.png,1235327
Bird,NG,scratch_2_014,A000_I02.png,000,02,NG/scratch_2_014/A000_I02.png,1354243
Bird,NG,scratch_2_014,A000_I03.png,000,03,NG/scratch_2_014/A000_I03.png,1215083
Bird,NG,scratch_2_014,A000_I04.png,000,04,NG/scratch_2_014/A000_I04.png,1313214
Bird,NG,scratch_2_014,A000_I05.png,000,05,NG/scratch_2_014/A000_I05.png,1322826
Bird,NG,scratch_2_014,A000_I06.png,000,06,NG/scratch_2_014/A000_I06.png,1248958
Bird,NG,scratch_2_014,A000_I07.png,000,07,NG/scratch_2_014/A000_I07.png,1059113
Bird,NG,scratch_2_014,A000_I08.png,000,08,NG/scratch_2_014/A000_I08.png,1325809
Bird,NG,scratch_2_014,A000_I09.png,000,09,NG/scratch_2_014/A000_I09.png,1471940
Bird,NG,scratch_2_014,A000_I10.png,000,10,NG/scratch_2_014/A000_I10.png,1490265
Bird,NG,scratch_2_014,A030_I01.png,030,01,NG/scratch_2_014/A030_I01.png,1186993
Bird,NG,scratch_2_014,A030_I02.png,030,02,NG/scratch_2_014/A030_I02.png,1317903
Bird,NG,scratch_2_014,A030_I03.png,030,03,NG/scratch_2_014/A030_I03.png,1197401
Bird,NG,scratch_2_014,A030_I04.png,030,04,NG/scratch_2_014/A030_I04.png,1289361
Bird,NG,scratch_2_014,A030_I05.png,030,05,NG/scratch_2_014/A030_I05.png,1296064
Bird,NG,scratch_2_014,A030_I06.png,030,06,NG/scratch_2_014/A030_I06.png,1224527
Bird,NG,scratch_2_014,A030_I07.png,030,07,NG/scratch_2_014/A030_I07.png,1022389
Bird,NG,scratch_2_014,A030_I08.png,030,08,NG/scratch_2_014/A030_I08.png,1284429
Bird,NG,scratch_2_014,A030_I09.png,030,09,NG/scratch_2_014/A030_I09.png,1439734
Bird,NG,scratch_2_014,A030_I10.png,030,10,NG/scratch_2_014/A030_I10.png,1468183
Bird,NG,scratch_2_014,A060_I01.png,060,01,NG/scratch_2_014/A060_I01.png,1159586
Bird,NG,scratch_2_014,A060_I02.png,060,02,NG/scratch_2_014/A060_I02.png,1294938
Bird,NG,scratch_2_014,A060_I03.png,060,03,NG/scratch_2_014/A060_I03.png,1181940
Bird,NG,scratch_2_014,A060_I04.png,060,04,NG/scratch_2_014/A060_I04.png,1286222
Bird,NG,scratch_2_014,A060_I05.png,060,05,NG/scratch_2_014/A060_I05.png,1279947
Bird,NG,scratch_2_014,A060_I06.png,060,06,NG/scratch_2_014/A060_I06.png,1212678
Bird,NG,scratch_2_014,A060_I07.png,060,07,NG/scratch_2_014/A060_I07.png,1002840
Bird,NG,scratch_2_014,A060_I08.png,060,08,NG/scratch_2_014/A060_I08.png,1257550
Bird,NG,scratch_2_014,A060_I09.png,060,09,NG/scratch_2_014/A060_I09.png,1423470
Bird,NG,scratch_2_014,A060_I10.png,060,10,NG/scratch_2_014/A060_I10.png,1454692
Bird,NG,scratch_2_014,A090_I01.png,090,01,NG/scratch_2_014/A090_I01.png,1140878
Bird,NG,scratch_2_014,A090_I02.png,090,02,NG/scratch_2_014/A090_I02.png,1280528
Bird,NG,scratch_2_014,A090_I03.png,090,03,NG/scratch_2_014/A090_I03.png,1172198
Bird,NG,scratch_2_014,A090_I04.png,090,04,NG/scratch_2_014/A090_I04.png,1285990
Bird,NG,scratch_2_014,A090_I05.png,090,05,NG/scratch_2_014/A090_I05.png,1282152
Bird,NG,scratch_2_014,A090_I06.png,090,06,NG/scratch_2_014/A090_I06.png,1212895
Bird,NG,scratch_2_014,A090_I07.png,090,07,NG/scratch_2_014/A090_I07.png,1005278
Bird,NG,scratch_2_014,A090_I08.png,090,08,NG/scratch_2_014/A090_I08.png,1245488
Bird,NG,scratch_2_014,A090_I09.png,090,09,NG/scratch_2_014/A090_I09.png,1416427
Bird,NG,scratch_2_014,A090_I10.png,090,10,NG/scratch_2_014/A090_I10.png,1449199
Bird,NG,scratch_2_014,A120_I01.png,120,01,NG/scratch_2_014/A120_I01.png,1141609
Bird,NG,scratch_2_014,A120_I02.png,120,02,NG/scratch_2_014/A120_I02.png,1285297
Bird,NG,scratch_2_014,A120_I03.png,120,03,NG/scratch_2_014/A120_I03.png,1177751
Bird,NG,scratch_2_014,A120_I04.png,120,04,NG/scratch_2_014/A120_I04.png,1300228
Bird,NG,scratch_2_014,A120_I05.png,120,05,NG/scratch_2_014/A120_I05.png,1309801
Bird,NG,scratch_2_014,A120_I06.png,120,06,NG/scratch_2_014/A120_I06.png,1231697
Bird,NG,scratch_2_014,A120_I07.png,120,07,NG/scratch_2_014/A120_I07.png,1009770
Bird,NG,scratch_2_014,A120_I08.png,120,08,NG/scratch_2_014/A120_I08.png,1248750
Bird,NG,scratch_2_014,A120_I09.png,120,09,NG/scratch_2_014/A120_I09.png,1430302
Bird,NG,scratch_2_014,A120_I10.png,120,10,NG/scratch_2_014/A120_I10.png,1464833
Bird,NG,scratch_2_014,A150_I01.png,150,01,NG/scratch_2_014/A150_I01.png,1141746
Bird,NG,scratch_2_014,A150_I02.png,150,02,NG/scratch_2_014/A150_I02.png,1290951
Bird,NG,scratch_2_014,A150_I03.png,150,03,NG/scratch_2_014/A150_I03.png,1210502
Bird,NG,scratch_2_014,A150_I04.png,150,04,NG/scratch_2_014/A150_I04.png,1313894
Bird,NG,scratch_2_014,A150_I05.png,150,05,NG/scratch_2_014/A150_I05.png,1313009
Bird,NG,scratch_2_014,A150_I06.png,150,06,NG/scratch_2_014/A150_I06.png,1221405
Bird,NG,scratch_2_014,A150_I07.png,150,07,NG/scratch_2_014/A150_I07.png,986056
Bird,NG,scratch_2_014,A150_I08.png,150,08,NG/scratch_2_014/A150_I08.png,1244022
Bird,NG,scratch_2_014,A150_I09.png,150,09,NG/scratch_2_014/A150_I09.png,1435815
Bird,NG,scratch_2_014,A150_I10.png,150,10,NG/scratch_2_014/A150_I10.png,1471906
Bird,NG,scratch_2_014,A180_I01.png,180,01,NG/scratch_2_014/A180_I01.png,1166282
Bird,NG,scratch_2_014,A180_I02.png,180,02,NG/scratch_2_014/A180_I02.png,1320240
Bird,NG,scratch_2_014,A180_I03.png,180,03,NG/scratch_2_014/A180_I03.png,1235967
Bird,NG,scratch_2_014,A180_I04.png,180,04,NG/scratch_2_014/A180_I04.png,1334672
Bird,NG,scratch_2_014,A180_I05.png,180,05,NG/scratch_2_014/A180_I05.png,1329871
Bird,NG,scratch_2_014,A180_I06.png,180,06,NG/scratch_2_014/A180_I06.png,1245351
Bird,NG,scratch_2_014,A180_I07.png,180,07,NG/scratch_2_014/A180_I07.png,1020077
Bird,NG,scratch_2_014,A180_I08.png,180,08,NG/scratch_2_014/A180_I08.png,1269861
Bird,NG,scratch_2_014,A180_I09.png,180,09,NG/scratch_2_014/A180_I09.png,1461249
Bird,NG,scratch_2_014,A180_I10.png,180,10,NG/scratch_2_014/A180_I10.png,1493161
Bird,NG,scratch_2_014,A210_I01.png,210,01,NG/scratch_2_014/A210_I01.png,1182713
Bird,NG,scratch_2_014,A210_I02.png,210,02,NG/scratch_2_014/A210_I02.png,1340111
Bird,NG,scratch_2_014,A210_I03.png,210,03,NG/scratch_2_014/A210_I03.png,1249332
Bird,NG,scratch_2_014,A210_I04.png,210,04,NG/scratch_2_014/A210_I04.png,1355804
Bird,NG,scratch_2_014,A210_I05.png,210,05,NG/scratch_2_014/A210_I05.png,1364422
Bird,NG,scratch_2_014,A210_I06.png,210,06,NG/scratch_2_014/A210_I06.png,1287375
Bird,NG,scratch_2_014,A210_I07.png,210,07,NG/scratch_2_014/A210_I07.png,1071543
Bird,NG,scratch_2_014,A210_I08.png,210,08,NG/scratch_2_014/A210_I08.png,1288403
Bird,NG,scratch_2_014,A210_I09.png,210,09,NG/scratch_2_014/A210_I09.png,1488351
Bird,NG,scratch_2_014,A210_I10.png,210,10,NG/scratch_2_014/A210_I10.png,1514627
Bird,NG,scratch_2_014,A240_I01.png,240,01,NG/scratch_2_014/A240_I01.png,1185888
Bird,NG,scratch_2_014,A240_I02.png,240,02,NG/scratch_2_014/A240_I02.png,1349353
Bird,NG,scratch_2_014,A240_I03.png,240,03,NG/scratch_2_014/A240_I03.png,1265257
Bird,NG,scratch_2_014,A240_I04.png,240,04,NG/scratch_2_014/A240_I04.png,1371181
Bird,NG,scratch_2_014,A240_I05.png,240,05,NG/scratch_2_014/A240_I05.png,1383734
Bird,NG,scratch_2_014,A240_I06.png,240,06,NG/scratch_2_014/A240_I06.png,1306079
Bird,NG,scratch_2_014,A240_I07.png,240,07,NG/scratch_2_014/A240_I07.png,1107094
Bird,NG,scratch_2_014,A240_I08.png,240,08,NG/scratch_2_014/A240_I08.png,1300390
Bird,NG,scratch_2_014,A240_I09.png,240,09,NG/scratch_2_014/A240_I09.png,1498975
Bird,NG,scratch_2_014,A240_I10.png,240,10,NG/scratch_2_014/A240_I10.png,1524570
Bird,NG,scratch_2_014,A270_I01.png,270,01,NG/scratch_2_014/A270_I01.png,1221686
Bird,NG,scratch_2_014,A270_I02.png,270,02,NG/scratch_2_014/A270_I02.png,1373105
Bird,NG,scratch_2_014,A270_I03.png,270,03,NG/scratch_2_014/A270_I03.png,1266250
Bird,NG,scratch_2_014,A270_I04.png,270,04,NG/scratch_2_014/A270_I04.png,1368737
Bird,NG,scratch_2_014,A270_I05.png,270,05,NG/scratch_2_014/A270_I05.png,1380002
Bird,NG,scratch_2_014,A270_I06.png,270,06,NG/scratch_2_014/A270_I06.png,1306536
Bird,NG,scratch_2_014,A270_I07.png,270,07,NG/scratch_2_014/A270_I07.png,1126764
Bird,NG,scratch_2_014,A270_I08.png,270,08,NG/scratch_2_014/A270_I08.png,1331059
Bird,NG,scratch_2_014,A270_I09.png,270,09,NG/scratch_2_014/A270_I09.png,1506058
Bird,NG,scratch_2_014,A270_I10.png,270,10,NG/scratch_2_014/A270_I10.png,1525067
Bird,NG,scratch_2_014,A300_I01.png,300,01,NG/scratch_2_014/A300_I01.png,1233255
Bird,NG,scratch_2_014,A300_I02.png,300,02,NG/scratch_2_014/A300_I02.png,1377163
Bird,NG,scratch_2_014,A300_I03.png,300,03,NG/scratch_2_014/A300_I03.png,1267112
Bird,NG,scratch_2_014,A300_I04.png,300,04,NG/scratch_2_014/A300_I04.png,1356368
Bird,NG,scratch_2_014,A300_I05.png,300,05,NG/scratch_2_014/A300_I05.png,1356852
Bird,NG,scratch_2_014,A300_I06.png,300,06,NG/scratch_2_014/A300_I06.png,1279678
Bird,NG,scratch_2_014,A300_I07.png,300,07,NG/scratch_2_014/A300_I07.png,1097884
Bird,NG,scratch_2_014,A300_I08.png,300,08,NG/scratch_2_014/A300_I08.png,1333687
Bird,NG,scratch_2_014,A300_I09.png,300,09,NG/scratch_2_014/A300_I09.png,1499452
Bird,NG,scratch_2_014,A300_I10.png,300,10,NG/scratch_2_014/A300_I10.png,1516378
Bird,NG,scratch_2_014,A330_I01.png,330,01,NG/scratch_2_014/A330_I01.png,1224276
Bird,NG,scratch_2_014,A330_I02.png,330,02,NG/scratch_2_014/A330_I02.png,1359227
Bird,NG,scratch_2_014,A330_I03.png,330,03,NG/scratch_2_014/A330_I03.png,1249496
Bird,NG,scratch_2_014,A330_I04.png,330,04,NG/scratch_2_014/A330_I04.png,1333427
Bird,NG,scratch_2_014,A330_I05.png,330,05,NG/scratch_2_014/A330_I05.png,1329411
Bird,NG,scratch_2_014,A330_I06.png,330,06,NG/scratch_2_014/A330_I06.png,1253666
Bird,NG,scratch_2_014,A330_I07.png,330,07,NG/scratch_2_014/A330_I07.png,1069575
Bird,NG,scratch_2_014,A330_I08.png,330,08,NG/scratch_2_014/A330_I08.png,1318836
Bird,NG,scratch_2_014,A330_I09.png,330,09,NG/scratch_2_014/A330_I09.png,1479467
Bird,NG,scratch_2_014,A330_I10.png,330,10,NG/scratch_2_014/A330_I10.png,1498865
Bird,NG,scratch_2_042,A000_I01.png,000,01,NG/scratch_2_042/A000_I01.png,1184918
Bird,NG,scratch_2_042,A000_I02.png,000,02,NG/scratch_2_042/A000_I02.png,1324643
Bird,NG,scratch_2_042,A000_I03.png,000,03,NG/scratch_2_042/A000_I03.png,1221460
Bird,NG,scratch_2_042,A000_I04.png,000,04,NG/scratch_2_042/A000_I04.png,1302773
Bird,NG,scratch_2_042,A000_I05.png,000,05,NG/scratch_2_042/A000_I05.png,1309242
Bird,NG,scratch_2_042,A000_I06.png,000,06,NG/scratch_2_042/A000_I06.png,1235198
Bird,NG,scratch_2_042,A000_I07.png,000,07,NG/scratch_2_042/A000_I07.png,1061631
Bird,NG,scratch_2_042,A000_I08.png,000,08,NG/scratch_2_042/A000_I08.png,1280795
Bird,NG,scratch_2_042,A000_I09.png,000,09,NG/scratch_2_042/A000_I09.png,1447243
Bird,NG,scratch_2_042,A000_I10.png,000,10,NG/scratch_2_042/A000_I10.png,1467862
Bird,NG,scratch_2_042,A030_I01.png,030,01,NG/scratch_2_042/A030_I01.png,1177728
Bird,NG,scratch_2_042,A030_I02.png,030,02,NG/scratch_2_042/A030_I02.png,1314997
Bird,NG,scratch_2_042,A030_I03.png,030,03,NG/scratch_2_042/A030_I03.png,1204218
Bird,NG,scratch_2_042,A030_I04.png,030,04,NG/scratch_2_042/A030_I04.png,1285398
Bird,NG,scratch_2_042,A030_I05.png,030,05,NG/scratch_2_042/A030_I05.png,1292336
Bird,NG,scratch_2_042,A030_I06.png,030,06,NG/scratch_2_042/A030_I06.png,1216410
Bird,NG,scratch_2_042,A030_I07.png,030,07,NG/scratch_2_042/A030_I07.png,1019045
Bird,NG,scratch_2_042,A030_I08.png,030,08,NG/scratch_2_042/A030_I08.png,1271212
Bird,NG,scratch_2_042,A030_I09.png,030,09,NG/scratch_2_042/A030_I09.png,1428398
Bird,NG,scratch_2_042,A030_I10.png,030,10,NG/scratch_2_042/A030_I10.png,1454528
Bird,NG,scratch_2_042,A060_I01.png,060,01,NG/scratch_2_042/A060_I01.png,1163129
Bird,NG,scratch_2_042,A060_I02.png,060,02,NG/scratch_2_042/A060_I02.png,1307231
Bird,NG,scratch_2_042,A060_I03.png,060,03,NG/scratch_2_042/A060_I03.png,1198659
Bird,NG,scratch_2_042,A060_I04.png,060,04,NG/scratch_2_042/A060_I04.png,1282944
Bird,NG,scratch_2_042,A060_I05.png,060,05,NG/scratch_2_042/A060_I05.png,1275946
Bird,NG,scratch_2_042,A060_I06.png,060,06,NG/scratch_2_042/A060_I06.png,1209206
Bird,NG,scratch_2_042,A060_I07.png,060,07,NG/scratch_2_042/A060_I07.png,998949
Bird,NG,scratch_2_042,A060_I08.png,060,08,NG/scratch_2_042/A060_I08.png,1253695
Bird,NG,scratch_2_042,A060_I09.png,060,09,NG/scratch_2_042/A060_I09.png,1417133
Bird,NG,scratch_2_042,A060_I10.png,060,10,NG/scratch_2_042/A060_I10.png,1444441
Bird,NG,scratch_2_042,A090_I01.png,090,01,NG/scratch_2_042/A090_I01.png,1159816
Bird,NG,scratch_2_042,A090_I02.png,090,02,NG/scratch_2_042/A090_I02.png,1300555
Bird,NG,scratch_2_042,A090_I03.png,090,03,NG/scratch_2_042/A090_I03.png,1193392
Bird,NG,scratch_2_042,A090_I04.png,090,04,NG/scratch_2_042/A090_I04.png,1297916
Bird,NG,scratch_2_042,A090_I05.png,090,05,NG/scratch_2_042/A090_I05.png,1302381
Bird,NG,scratch_2_042,A090_I06.png,090,06,NG/scratch_2_042/A090_I06.png,1229028
Bird,NG,scratch_2_042,A090_I07.png,090,07,NG/scratch_2_042/A090_I07.png,1017596
Bird,NG,scratch_2_042,A090_I08.png,090,08,NG/scratch_2_042/A090_I08.png,1252161
Bird,NG,scratch_2_042,A090_I09.png,090,09,NG/scratch_2_042/A090_I09.png,1426041
Bird,NG,scratch_2_042,A090_I10.png,090,10,NG/scratch_2_042/A090_I10.png,1451004
Bird,NG,scratch_2_042,A120_I01.png,120,01,NG/scratch_2_042/A120_I01.png,1165212
Bird,NG,scratch_2_042,A120_I02.png,120,02,NG/scratch_2_042/A120_I02.png,1302799
Bird,NG,scratch_2_042,A120_I03.png,120,03,NG/scratch_2_042/A120_I03.png,1201751
Bird,NG,scratch_2_042,A120_I04.png,120,04,NG/scratch_2_042/A120_I04.png,1308765
Bird,NG,scratch_2_042,A120_I05.png,120,05,NG/scratch_2_042/A120_I05.png,1327268
Bird,NG,scratch_2_042,A120_I06.png,120,06,NG/scratch_2_042/A120_I06.png,1247842
Bird,NG,scratch_2_042,A120_I07.png,120,07,NG/scratch_2_042/A120_I07.png,1034280
Bird,NG,scratch_2_042,A120_I08.png,120,08,NG/scratch_2_042/A120_I08.png,1264527
Bird,NG,scratch_2_042,A120_I09.png,120,09,NG/scratch_2_042/A120_I09.png,1444959
Bird,NG,scratch_2_042,A120_I10.png,120,10,NG/scratch_2_042/A120_I10.png,1466738
Bird,NG,scratch_2_042,A150_I01.png,150,01,NG/scratch_2_042/A150_I01.png,1187860
Bird,NG,scratch_2_042,A150_I02.png,150,02,NG/scratch_2_042/A150_I02.png,1316999
Bird,NG,scratch_2_042,A150_I03.png,150,03,NG/scratch_2_042/A150_I03.png,1225588
Bird,NG,scratch_2_042,A150_I04.png,150,04,NG/scratch_2_042/A150_I04.png,1316894
Bird,NG,scratch_2_042,A150_I05.png,150,05,NG/scratch_2_042/A150_I05.png,1334367
Bird,NG,scratch_2_042,A150_I06.png,150,06,NG/scratch_2_042/A150_I06.png,1250231
Bird,NG,scratch_2_042,A150_I07.png,150,07,NG/scratch_2_042/A150_I07.png,1031550
Bird,NG,scratch_2_042,A150_I08.png,150,08,NG/scratch_2_042/A150_I08.png,1277632
Bird,NG,scratch_2_042,A150_I09.png,150,09,NG/scratch_2_042/A150_I09.png,1463317
Bird,NG,scratch_2_042,A150_I10.png,150,10,NG/scratch_2_042/A150_I10.png,1483507
Bird,NG,scratch_2_042,A180_I01.png,180,01,NG/scratch_2_042/A180_I01.png,1180522
Bird,NG,scratch_2_042,A180_I02.png,180,02,NG/scratch_2_042/A180_I02.png,1324887
Bird,NG,scratch_2_042,A180_I03.png,180,03,NG/scratch_2_042/A180_I03.png,1259183
Bird,NG,scratch_2_042,A180_I04.png,180,04,NG/scratch_2_042/A180_I04.png,1324347
Bird,NG,scratch_2_042,A180_I05.png,180,05,NG/scratch_2_042/A180_I05.png,1318782
Bird,NG,scratch_2_042,A180_I06.png,180,06,NG/scratch_2_042/A180_I06.png,1226310
Bird,NG,scratch_2_042,A180_I07.png,180,07,NG/scratch_2_042/A180_I07.png,1003749
Bird,NG,scratch_2_042,A180_I08.png,180,08,NG/scratch_2_042/A180_I08.png,1255690
Bird,NG,scratch_2_042,A180_I09.png,180,09,NG/scratch_2_042/A180_I09.png,1453063
Bird,NG,scratch_2_042,A180_I10.png,180,10,NG/scratch_2_042/A180_I10.png,1473233
Bird,NG,scratch_2_042,A210_I01.png,210,01,NG/scratch_2_042/A210_I01.png,1163071
Bird,NG,scratch_2_042,A210_I02.png,210,02,NG/scratch_2_042/A210_I02.png,1329804
Bird,NG,scratch_2_042,A210_I03.png,210,03,NG/scratch_2_042/A210_I03.png,1277500
Bird,NG,scratch_2_042,A210_I04.png,210,04,NG/scratch_2_042/A210_I04.png,1336801
Bird,NG,scratch_2_042,A210_I05.png,210,05,NG/scratch_2_042/A210_I05.png,1323548
Bird,NG,scratch_2_042,A210_I06.png,210,06,NG/scratch_2_042/A210_I06.png,1226661
Bird,NG,scratch_2_042,A210_I07.png,210,07,NG/scratch_2_042/A210_I07.png,998974
Bird,NG,scratch_2_042,A210_I08.png,210,08,NG/scratch_2_042/A210_I08.png,1247395
Bird,NG,scratch_2_042,A210_I09.png,210,09,NG/scratch_2_042/A210_I09.png,1453677
Bird,NG,scratch_2_042,A210_I10.png,210,10,NG/scratch_2_042/A210_I10.png,1475412
Bird,NG,scratch_2_042,A240_I01.png,240,01,NG/scratch_2_042/A240_I01.png,1167983
Bird,NG,scratch_2_042,A240_I02.png,240,02,NG/scratch_2_042/A240_I02.png,1339454
Bird,NG,scratch_2_042,A240_I03.png,240,03,NG/scratch_2_042/A240_I03.png,1285797
Bird,NG,scratch_2_042,A240_I04.png,240,04,NG/scratch_2_042/A240_I04.png,1342995
Bird,NG,scratch_2_042,A240_I05.png,240,05,NG/scratch_2_042/A240_I05.png,1338132
Bird,NG,scratch_2_042,A240_I06.png,240,06,NG/scratch_2_042/A240_I06.png,1241614
Bird,NG,scratch_2_042,A240_I07.png,240,07,NG/scratch_2_042/A240_I07.png,1030055
Bird,NG,scratch_2_042,A240_I08.png,240,08,NG/scratch_2_042/A240_I08.png,1257101
Bird,NG,scratch_2_042,A240_I09.png,240,09,NG/scratch_2_042/A240_I09.png,1460737
Bird,NG,scratch_2_042,A240_I10.png,240,10,NG/scratch_2_042/A240_I10.png,1482402
Bird,NG,scratch_2_042,A270_I01.png,270,01,NG/scratch_2_042/A270_I01.png,1181120
Bird,NG,scratch_2_042,A270_I02.png,270,02,NG/scratch_2_042/A270_I02.png,1354030
Bird,NG,scratch_2_042,A270_I03.png,270,03,NG/scratch_2_042/A270_I03.png,1285113
Bird,NG,scratch_2_042,A270_I04.png,270,04,NG/scratch_2_042/A270_I04.png,1352899
Bird,NG,scratch_2_042,A270_I05.png,270,05,NG/scratch_2_042/A270_I05.png,1353840
Bird,NG,scratch_2_042,A270_I06.png,270,06,NG/scratch_2_042/A270_I06.png,1260015
Bird,NG,scratch_2_042,A270_I07.png,270,07,NG/scratch_2_042/A270_I07.png,1068054
Bird,NG,scratch_2_042,A270_I08.png,270,08,NG/scratch_2_042/A270_I08.png,1280699
Bird,NG,scratch_2_042,A270_I09.png,270,09,NG/scratch_2_042/A270_I09.png,1475603
Bird,NG,scratch_2_042,A270_I10.png,270,10,NG/scratch_2_042/A270_I10.png,1493208
Bird,NG,scratch_2_042,A300_I01.png,300,01,NG/scratch_2_042/A300_I01.png,1195339
Bird,NG,scratch_2_042,A300_I02.png,300,02,NG/scratch_2_042/A300_I02.png,1349235
Bird,NG,scratch_2_042,A300_I03.png,300,03,NG/scratch_2_042/A300_I03.png,1261877
Bird,NG,scratch_2_042,A300_I04.png,300,04,NG/scratch_2_042/A300_I04.png,1344046
Bird,NG,scratch_2_042,A300_I05.png,300,05,NG/scratch_2_042/A300_I05.png,1356861
Bird,NG,scratch_2_042,A300_I06.png,300,06,NG/scratch_2_042/A300_I06.png,1273378
Bird,NG,scratch_2_042,A300_I07.png,300,07,NG/scratch_2_042/A300_I07.png,1102581
Bird,NG,scratch_2_042,A300_I08.png,300,08,NG/scratch_2_042/A300_I08.png,1300997
Bird,NG,scratch_2_042,A300_I09.png,300,09,NG/scratch_2_042/A300_I09.png,1477317
Bird,NG,scratch_2_042,A300_I10.png,300,10,NG/scratch_2_042/A300_I10.png,1491878
Bird,NG,scratch_2_042,A330_I01.png,330,01,NG/scratch_2_042/A330_I01.png,1202505
Bird,NG,scratch_2_042,A330_I02.png,330,02,NG/scratch_2_042/A330_I02.png,1342642
Bird,NG,scratch_2_042,A330_I03.png,330,03,NG/scratch_2_042/A330_I03.png,1241804
Bird,NG,scratch_2_042,A330_I04.png,330,04,NG/scratch_2_042/A330_I04.png,1317167
Bird,NG,scratch_2_042,A330_I05.png,330,05,NG/scratch_2_042/A330_I05.png,1329009
Bird,NG,scratch_2_042,A330_I06.png,330,06,NG/scratch_2_042/A330_I06.png,1267531
Bird,NG,scratch_2_042,A330_I07.png,330,07,NG/scratch_2_042/A330_I07.png,1114159
Bird,NG,scratch_2_042,A330_I08.png,330,08,NG/scratch_2_042/A330_I08.png,1312638
Bird,NG,scratch_2_042,A330_I09.png,330,09,NG/scratch_2_042/A330_I09.png,1477269
Bird,NG,scratch_2_042,A330_I10.png,330,10,NG/scratch_2_042/A330_I10.png,1490883
Bird,NG,scratch_3_013,A000_I01.png,000,01,NG/scratch_3_013/A000_I01.png,1205610
Bird,NG,scratch_3_013,A000_I02.png,000,02,NG/scratch_3_013/A000_I02.png,1340506
Bird,NG,scratch_3_013,A000_I03.png,000,03,NG/scratch_3_013/A000_I03.png,1216300
Bird,NG,scratch_3_013,A000_I04.png,000,04,NG/scratch_3_013/A000_I04.png,1310100
Bird,NG,scratch_3_013,A000_I05.png,000,05,NG/scratch_3_013/A000_I05.png,1298868
Bird,NG,scratch_3_013,A000_I06.png,000,06,NG/scratch_3_013/A000_I06.png,1227869
Bird,NG,scratch_3_013,A000_I07.png,000,07,NG/scratch_3_013/A000_I07.png,1031769
Bird,NG,scratch_3_013,A000_I08.png,000,08,NG/scratch_3_013/A000_I08.png,1302439
Bird,NG,scratch_3_013,A000_I09.png,000,09,NG/scratch_3_013/A000_I09.png,1459178
Bird,NG,scratch_3_013,A000_I10.png,000,10,NG/scratch_3_013/A000_I10.png,1486504
Bird,NG,scratch_3_013,A030_I01.png,030,01,NG/scratch_3_013/A030_I01.png,1198879
Bird,NG,scratch_3_013,A030_I02.png,030,02,NG/scratch_3_013/A030_I02.png,1326811
Bird,NG,scratch_3_013,A030_I03.png,030,03,NG/scratch_3_013/A030_I03.png,1186823
Bird,NG,scratch_3_013,A030_I04.png,030,04,NG/scratch_3_013/A030_I04.png,1287110
Bird,NG,scratch_3_013,A030_I05.png,030,05,NG/scratch_3_013/A030_I05.png,1290760
Bird,NG,scratch_3_013,A030_I06.png,030,06,NG/scratch_3_013/A030_I06.png,1227763
Bird,NG,scratch_3_013,A030_I07.png,030,07,NG/scratch_3_013/A030_I07.png,1034200
Bird,NG,scratch_3_013,A030_I08.png,030,08,NG/scratch_3_013/A030_I08.png,1299403
Bird,NG,scratch_3_013,A030_I09.png,030,09,NG/scratch_3_013/A030_I09.png,1448366
Bird,NG,scratch_3_013,A030_I10.png,030,10,NG/scratch_3_013/A030_I10.png,1475938
Bird,NG,scratch_3_013,A060_I01.png,060,01,NG/scratch_3_013/A060_I01.png,1170031
Bird,NG,scratch_3_013,A060_I02.png,060,02,NG/scratch_3_013/A060_I02.png,1302089
Bird,NG,scratch_3_013,A060_I03.png,060,03,NG/scratch_3_013/A060_I03.png,1177298
Bird,NG,scratch_3_013,A060_I04.png,060,04,NG/scratch_3_013/A060_I04.png,1280822
Bird,NG,scratch_3_013,A060_I05.png,060,05,NG/scratch_3_013/A060_I05.png,1278735
Bird,NG,scratch_3_013,A060_I06.png,060,06,NG/scratch_3_013/A060_I06.png,1219467
Bird,NG,scratch_3_013,A060_I07.png,060,07,NG/scratch_3_013/A060_I07.png,1023639
Bird,NG,scratch_3_013,A060_I08.png,060,08,NG/scratch_3_013/A060_I08.png,1270523
Bird,NG,scratch_3_013,A060_I09.png,060,09,NG/scratch_3_013/A060_I09.png,1431446
Bird,NG,scratch_3_013,A060_I10.png,060,10,NG/scratch_3_013/A060_I10.png,1460851
Bird,NG,scratch_3_013,A090_I01.png,090,01,NG/scratch_3_013/A090_I01.png,1146215
Bird,NG,scratch_3_013,A090_I02.png,090,02,NG/scratch_3_013/A090_I02.png,1284585
Bird,NG,scratch_3_013,A090_I03.png,090,03,NG/scratch_3_013/A090_I03.png,1178512
Bird,NG,scratch_3_013,A090_I04.png,090,04,NG/scratch_3_013/A090_I04.png,1283916
Bird,NG,scratch_3_013,A090_I05.png,090,05,NG/scratch_3_013/A090_I05.png,1278267
Bird,NG,scratch_3_013,A090_I06.png,090,06,NG/scratch_3_013/A090_I06.png,1213259
Bird,NG,scratch_3_013,A090_I07.png,090,07,NG/scratch_3_013/A090_I07.png,1008220
Bird,NG,scratch_3_013,A090_I08.png,090,08,NG/scratch_3_013/A090_I08.png,1249983
Bird,NG,scratch_3_013,A090_I09.png,090,09,NG/scratch_3_013/A090_I09.png,1420158
Bird,NG,scratch_3_013,A090_I10.png,090,10,NG/scratch_3_013/A090_I10.png,1453021
Bird,NG,scratch_3_013,A120_I01.png,120,01,NG/scratch_3_013/A120_I01.png,1143302
Bird,NG,scratch_3_013,A120_I02.png,120,02,NG/scratch_3_013/A120_I02.png,1285350
Bird,NG,scratch_3_013,A120_I03.png,120,03,NG/scratch_3_013/A120_I03.png,1186618
Bird,NG,scratch_3_013,A120_I04.png,120,04,NG/scratch_3_013/A120_I04.png,1294119
Bird,NG,scratch_3_013,A120_I05.png,120,05,NG/scratch_3_013/A120_I05.png,1296568
Bird,NG,scratch_3_013,A120_I06.png,120,06,NG/scratch_3_013/A120_I06.png,1229769
Bird,NG,scratch_3_013,A120_I07.png,120,07,NG/scratch_3_013/A120_I07.png,1029827
Bird,NG,scratch_3_013,A120_I08.png,120,08,NG/scratch_3_013/A120_I08.png,1262469
Bird,NG,scratch_3_013,A120_I09.png,120,09,NG/scratch_3_013/A120_I09.png,1436371
Bird,NG,scratch_3_013,A120_I10.png,120,10,NG/scratch_3_013/A120_I10.png,1468896
Bird,NG,scratch_3_013,A150_I01.png,150,01,NG/scratch_3_013/A150_I01.png,1140788
Bird,NG,scratch_3_013,A150_I02.png,150,02,NG/scratch_3_013/A150_I02.png,1287824
Bird,NG,scratch_3_013,A150_I03.png,150,03,NG/scratch_3_013/A150_I03.png,1205138
Bird,NG,scratch_3_013,A150_I04.png,150,04,NG/scratch_3_013/A150_I04.png,1315684
Bird,NG,scratch_3_013,A150_I05.png,150,05,NG/scratch_3_013/A150_I05.png,1318780
Bird,NG,scratch_3_013,A150_I06.png,150,06,NG/scratch_3_013/A150_I06.png,1253612
Bird,NG,scratch_3_013,A150_I07.png,150,07,NG/scratch_3_013/A150_I07.png,1059502
Bird,NG,scratch_3_013,A150_I08.png,150,08,NG/scratch_3_013/A150_I08.png,1270742
Bird,NG,scratch_3_013,A150_I09.png,150,09,NG/scratch_3_013/A150_I09.png,1456373
Bird,NG,scratch_3_013,A150_I10.png,150,10,NG/scratch_3_013/A150_I10.png,1490360
Bird,NG,scratch_3_013,A180_I01.png,180,01,NG/scratch_3_013/A180_I01.png,1151560
Bird,NG,scratch_3_013,A180_I02.png,180,02,NG/scratch_3_013/A180_I02.png,1310457
Bird,NG,scratch_3_013,A180_I03.png,180,03,NG/scratch_3_013/A180_I03.png,1237978
Bird,NG,scratch_3_013,A180_I04.png,180,04,NG/scratch_3_013/A180_I04.png,1328541
Bird,NG,scratch_3_013,A180_I05.png,180,05,NG/scratch_3_013/A180_I05.png,1319418
Bird,NG,scratch_3_013,A180_I06.png,180,06,NG/scratch_3_013/A180_I06.png,1237865
Bird,NG,scratch_3_013,A180_I07.png,180,07,NG/scratch_3_013/A180_I07.png,1030973
Bird,NG,scratch_3_013,A180_I08.png,180,08,NG/scratch_3_013/A180_I08.png,1262893
Bird,NG,scratch_3_013,A180_I09.png,180,09,NG/scratch_3_013/A180_I09.png,1455460
Bird,NG,scratch_3_013,A180_I10.png,180,10,NG/scratch_3_013/A180_I10.png,1487217
Bird,NG,scratch_3_013,A210_I01.png,210,01,NG/scratch_3_013/A210_I01.png,1161109
Bird,NG,scratch_3_013,A210_I02.png,210,02,NG/scratch_3_013/A210_I02.png,1329674
Bird,NG,scratch_3_013,A210_I03.png,210,03,NG/scratch_3_013/A210_I03.png,1247868
Bird,NG,scratch_3_013,A210_I04.png,210,04,NG/scratch_3_013/A210_I04.png,1351584
Bird,NG,scratch_3_013,A210_I05.png,210,05,NG/scratch_3_013/A210_I05.png,1351340
Bird,NG,scratch_3_013,A210_I06.png,210,06,NG/scratch_3_013/A210_I06.png,1264819
Bird,NG,scratch_3_013,A210_I07.png,210,07,NG/scratch_3_013/A210_I07.png,1049176
Bird,NG,scratch_3_013,A210_I08.png,210,08,NG/scratch_3_013/A210_I08.png,1269510
Bird,NG,scratch_3_013,A210_I09.png,210,09,NG/scratch_3_013/A210_I09.png,1472572
Bird,NG,scratch_3_013,A210_I10.png,210,10,NG/scratch_3_013/A210_I10.png,1504345
Bird,NG,scratch_3_013,A240_I01.png,240,01,NG/scratch_3_013/A240_I01.png,1177428
Bird,NG,scratch_3_013,A240_I02.png,240,02,NG/scratch_3_013/A240_I02.png,1343844
Bird,NG,scratch_3_013,A240_I03.png,240,03,NG/scratch_3_013/A240_I03.png,1259199
Bird,NG,scratch_3_013,A240_I04.png,240,04,NG/scratch_3_013/A240_I04.png,1361197
Bird,NG,scratch_3_013,A240_I05.png,240,05,NG/scratch_3_013/A240_I05.png,1368338
Bird,NG,scratch_3_013,A240_I06.png,240,06,NG/scratch_3_013/A240_I06.png,1294626
Bird,NG,scratch_3_013,A240_I07.png,240,07,NG/scratch_3_013/A240_I07.png,1110546
Bird,NG,scratch_3_013,A240_I08.png,240,08,NG/scratch_3_013/A240_I08.png,1300356
Bird,NG,scratch_3_013,A240_I09.png,240,09,NG/scratch_3_013/A240_I09.png,1492097
Bird,NG,scratch_3_013,A240_I10.png,240,10,NG/scratch_3_013/A240_I10.png,1521789
Bird,NG,scratch_3_013,A270_I01.png,270,01,NG/scratch_3_013/A270_I01.png,1200427
Bird,NG,scratch_3_013,A270_I02.png,270,02,NG/scratch_3_013/A270_I02.png,1361327
Bird,NG,scratch_3_013,A270_I03.png,270,03,NG/scratch_3_013/A270_I03.png,1254310
Bird,NG,scratch_3_013,A270_I04.png,270,04,NG/scratch_3_013/A270_I04.png,1364570
Bird,NG,scratch_3_013,A270_I05.png,270,05,NG/scratch_3_013/A270_I05.png,1371821
Bird,NG,scratch_3_013,A270_I06.png,270,06,NG/scratch_3_013/A270_I06.png,1314495
Bird,NG,scratch_3_013,A270_I07.png,270,07,NG/scratch_3_013/A270_I07.png,1153522
Bird,NG,scratch_3_013,A270_I08.png,270,08,NG/scratch_3_013/A270_I08.png,1331751
Bird,NG,scratch_3_013,A270_I09.png,270,09,NG/scratch_3_013/A270_I09.png,1509531
Bird,NG,scratch_3_013,A270_I10.png,270,10,NG/scratch_3_013/A270_I10.png,1532307
Bird,NG,scratch_3_013,A300_I01.png,300,01,NG/scratch_3_013/A300_I01.png,1215224
Bird,NG,scratch_3_013,A300_I02.png,300,02,NG/scratch_3_013/A300_I02.png,1363130
Bird,NG,scratch_3_013,A300_I03.png,300,03,NG/scratch_3_013/A300_I03.png,1251316
Bird,NG,scratch_3_013,A300_I04.png,300,04,NG/scratch_3_013/A300_I04.png,1352949
Bird,NG,scratch_3_013,A300_I05.png,300,05,NG/scratch_3_013/A300_I05.png,1350772
Bird,NG,scratch_3_013,A300_I06.png,300,06,NG/scratch_3_013/A300_I06.png,1282675
Bird,NG,scratch_3_013,A300_I07.png,300,07,NG/scratch_3_013/A300_I07.png,1112475
Bird,NG,scratch_3_013,A300_I08.png,300,08,NG/scratch_3_013/A300_I08.png,1326368
Bird,NG,scratch_3_013,A300_I09.png,300,09,NG/scratch_3_013/A300_I09.png,1494903
Bird,NG,scratch_3_013,A300_I10.png,300,10,NG/scratch_3_013/A300_I10.png,1515971
Bird,NG,scratch_3_013,A330_I01.png,330,01,NG/scratch_3_013/A330_I01.png,1223689
Bird,NG,scratch_3_013,A330_I02.png,330,02,NG/scratch_3_013/A330_I02.png,1357465
Bird,NG,scratch_3_013,A330_I03.png,330,03,NG/scratch_3_013/A330_I03.png,1230044
Bird,NG,scratch_3_013,A330_I04.png,330,04,NG/scratch_3_013/A330_I04.png,1333529
Bird,NG,scratch_3_013,A330_I05.png,330,05,NG/scratch_3_013/A330_I05.png,1328804
Bird,NG,scratch_3_013,A330_I06.png,330,06,NG/scratch_3_013/A330_I06.png,1261143
Bird,NG,scratch_3_013,A330_I07.png,330,07,NG/scratch_3_013/A330_I07.png,1081919
Bird,NG,scratch_3_013,A330_I08.png,330,08,NG/scratch_3_013/A330_I08.png,1322372
Bird,NG,scratch_3_013,A330_I09.png,330,09,NG/scratch_3_013/A330_I09.png,1483173
Bird,NG,scratch_3_013,A330_I10.png,330,10,NG/scratch_3_013/A330_I10.png,1505855
Bird,NG,scratch_3_040,A000_I01.png,000,01,NG/scratch_3_040/A000_I01.png,1195757
Bird,NG,scratch_3_040,A000_I02.png,000,02,NG/scratch_3_040/A000_I02.png,1333569
Bird,NG,scratch_3_040,A000_I03.png,000,03,NG/scratch_3_040/A000_I03.png,1230389
Bird,NG,scratch_3_040,A000_I04.png,000,04,NG/scratch_3_040/A000_I04.png,1306554
Bird,NG,scratch_3_040,A000_I05.png,000,05,NG/scratch_3_040/A000_I05.png,1316499
Bird,NG,scratch_3_040,A000_I06.png,000,06,NG/scratch_3_040/A000_I06.png,1250373
Bird,NG,scratch_3_040,A000_I07.png,000,07,NG/scratch_3_040/A000_I07.png,1080905
Bird,NG,scratch_3_040,A000_I08.png,000,08,NG/scratch_3_040/A000_I08.png,1299631
Bird,NG,scratch_3_040,A000_I09.png,000,09,NG/scratch_3_040/A000_I09.png,1459706
Bird,NG,scratch_3_040,A000_I10.png,000,10,NG/scratch_3_040/A000_I10.png,1477689
Bird,NG,scratch_3_040,A030_I01.png,030,01,NG/scratch_3_040/A030_I01.png,1190002
Bird,NG,scratch_3_040,A030_I02.png,030,02,NG/scratch_3_040/A030_I02.png,1322530
Bird,NG,scratch_3_040,A030_I03.png,030,03,NG/scratch_3_040/A030_I03.png,1216970
Bird,NG,scratch_3_040,A030_I04.png,030,04,NG/scratch_3_040/A030_I04.png,1292131
Bird,NG,scratch_3_040,A030_I05.png,030,05,NG/scratch_3_040/A030_I05.png,1304395
Bird,NG,scratch_3_040,A030_I06.png,030,06,NG/scratch_3_040/A030_I06.png,1226774
Bird,NG,scratch_3_040,A030_I07.png,030,07,NG/scratch_3_040/A030_I07.png,1030837
Bird,NG,scratch_3_040,A030_I08.png,030,08,NG/scratch_3_040/A030_I08.png,1282351
Bird,NG,scratch_3_040,A030_I09.png,030,09,NG/scratch_3_040/A030_I09.png,1437841
Bird,NG,scratch_3_040,A030_I10.png,030,10,NG/scratch_3_040/A030_I10.png,1459387
Bird,NG,scratch_3_040,A060_I01.png,060,01,NG/scratch_3_040/A060_I01.png,1180677
Bird,NG,scratch_3_040,A060_I02.png,060,02,NG/scratch_3_040/A060_I02.png,1314447
Bird,NG,scratch_3_040,A060_I03.png,060,03,NG/scratch_3_040/A060_I03.png,1206790
Bird,NG,scratch_3_040,A060_I04.png,060,04,NG/scratch_3_040/A060_I04.png,1289514
Bird,NG,scratch_3_040,A060_I05.png,060,05,NG/scratch_3_040/A060_I05.png,1289997
Bird,NG,scratch_3_040,A060_I06.png,060,06,NG/scratch_3_040/A060_I06.png,1219651
Bird,NG,scratch_3_040,A060_I07.png,060,07,NG/scratch_3_040/A060_I07.png,1020796
Bird,NG,scratch_3_040,A060_I08.png,060,08,NG/scratch_3_040/A060_I08.png,1263016
Bird,NG,scratch_3_040,A060_I09.png,060,09,NG/scratch_3_040/A060_I09.png,1425713
Bird,NG,scratch_3_040,A060_I10.png,060,10,NG/scratch_3_040/A060_I10.png,1449734
Bird,NG,scratch_3_040,A090_I01.png,090,01,NG/scratch_3_040/A090_I01.png,1169480
Bird,NG,scratch_3_040,A090_I02.png,090,02,NG/scratch_3_040/A090_I02.png,1304561
Bird,NG,scratch_3_040,A090_I03.png,090,03,NG/scratch_3_040/A090_I03.png,1202178
Bird,NG,scratch_3_040,A090_I04.png,090,04,NG/scratch_3_040/A090_I04.png,1297401
Bird,NG,scratch_3_040,A090_I05.png,090,05,NG/scratch_3_040/A090_I05.png,1302134
Bird,NG,scratch_3_040,A090_I06.png,090,06,NG/scratch_3_040/A090_I06.png,1226376
Bird,NG,scratch_3_040,A090_I07.png,090,07,NG/scratch_3_040/A090_I07.png,1024154
Bird,NG,scratch_3_040,A090_I08.png,090,08,NG/scratch_3_040/A090_I08.png,1258316
Bird,NG,scratch_3_040,A090_I09.png,090,09,NG/scratch_3_040/A090_I09.png,1428030
Bird,NG,scratch_3_040,A090_I10.png,090,10,NG/scratch_3_040/A090_I10.png,1452968
Bird,NG,scratch_3_040,A120_I01.png,120,01,NG/scratch_3_040/A120_I01.png,1170108
Bird,NG,scratch_3_040,A120_I02.png,120,02,NG/scratch_3_040/A120_I02.png,1305078
Bird,NG,scratch_3_040,A120_I03.png,120,03,NG/scratch_3_040/A120_I03.png,1212760
Bird,NG,scratch_3_040,A120_I04.png,120,04,NG/scratch_3_040/A120_I04.png,1313986
Bird,NG,scratch_3_040,A120_I05.png,120,05,NG/scratch_3_040/A120_I05.png,1333987
Bird,NG,scratch_3_040,A120_I06.png,120,06,NG/scratch_3_040/A120_I06.png,1254301
Bird,NG,scratch_3_040,A120_I07.png,120,07,NG/scratch_3_040/A120_I07.png,1049409
Bird,NG,scratch_3_040,A120_I08.png,120,08,NG/scratch_3_040/A120_I08.png,1270176
Bird,NG,scratch_3_040,A120_I09.png,120,09,NG/scratch_3_040/A120_I09.png,1450418
Bird,NG,scratch_3_040,A120_I10.png,120,10,NG/scratch_3_040/A120_I10.png,1473303
Bird,NG,scratch_3_040,A150_I01.png,150,01,NG/scratch_3_040/A150_I01.png,1174205
Bird,NG,scratch_3_040,A150_I02.png,150,02,NG/scratch_3_040/A150_I02.png,1312490
Bird,NG,scratch_3_040,A150_I03.png,150,03,NG/scratch_3_040/A150_I03.png,1245255
Bird,NG,scratch_3_040,A150_I04.png,150,04,NG/scratch_3_040/A150_I04.png,1320024
Bird,NG,scratch_3_040,A150_I05.png,150,05,NG/scratch_3_040/A150_I05.png,1326351
Bird,NG,scratch_3_040,A150_I06.png,150,06,NG/scratch_3_040/A150_I06.png,1245537
Bird,NG,scratch_3_040,A150_I07.png,150,07,NG/scratch_3_040/A150_I07.png,1045311
Bird,NG,scratch_3_040,A150_I08.png,150,08,NG/scratch_3_040/A150_I08.png,1268137
Bird,NG,scratch_3_040,A150_I09.png,150,09,NG/scratch_3_040/A150_I09.png,1454641
Bird,NG,scratch_3_040,A150_I10.png,150,10,NG/scratch_3_040/A150_I10.png,1477557
Bird,NG,scratch_3_040,A180_I01.png,180,01,NG/scratch_3_040/A180_I01.png,1177984
Bird,NG,scratch_3_040,A180_I02.png,180,02,NG/scratch_3_040/A180_I02.png,1327185
Bird,NG,scratch_3_040,A180_I03.png,180,03,NG/scratch_3_040/A180_I03.png,1266682
Bird,NG,scratch_3_040,A180_I04.png,180,04,NG/scratch_3_040/A180_I04.png,1329372
Bird,NG,scratch_3_040,A180_I05.png,180,05,NG/scratch_3_040/A180_I05.png,1319216
Bird,NG,scratch_3_040,A180_I06.png,180,06,NG/scratch_3_040/A180_I06.png,1229829
Bird,NG,scratch_3_040,A180_I07.png,180,07,NG/scratch_3_040/A180_I07.png,1015068
Bird,NG,scratch_3_040,A180_I08.png,180,08,NG/scratch_3_040/A180_I08.png,1257001
Bird,NG,scratch_3_040,A180_I09.png,180,09,NG/scratch_3_040/A180_I09.png,1452383
Bird,NG,scratch_3_040,A180_I10.png,180,10,NG/scratch_3_040/A180_I10.png,1473305
Bird,NG,scratch_3_040,A210_I01.png,210,01,NG/scratch_3_040/A210_I01.png,1167402
Bird,NG,scratch_3_040,A210_I02.png,210,02,NG/scratch_3_040/A210_I02.png,1327479
Bird,NG,scratch_3_040,A210_I03.png,210,03,NG/scratch_3_040/A210_I03.png,1271247
Bird,NG,scratch_3_040,A210_I04.png,210,04,NG/scratch_3_040/A210_I04.png,1337338
Bird,NG,scratch_3_040,A210_I05.png,210,05,NG/scratch_3_040/A210_I05.png,1337423
Bird,NG,scratch_3_040,A210_I06.png,210,06,NG/scratch_3_040/A210_I06.png,1246174
Bird,NG,scratch_3_040,A210_I07.png,210,07,NG/scratch_3_040/A210_I07.png,1040611
Bird,NG,scratch_3_040,A210_I08.png,210,08,NG/scratch_3_040/A210_I08.png,1258949
Bird,NG,scratch_3_040,A210_I09.png,210,09,NG/scratch_3_040/A210_I09.png,1456639
Bird,NG,scratch_3_040,A210_I10.png,210,10,NG/scratch_3_040/A210_I10.png,1477218
Bird,NG,scratch_3_040,A240_I01.png,240,01,NG/scratch_3_040/A240_I01.png,1171923
Bird,NG,scratch_3_040,A240_I02.png,240,02,NG/scratch_3_040/A240_I02.png,1337383
Bird,NG,scratch_3_040,A240_I03.png,240,03,NG/scratch_3_040/A240_I03.png,1277859
Bird,NG,scratch_3_040,A240_I04.png,240,04,NG/scratch_3_040/A240_I04.png,1356303
Bird,NG,scratch_3_040,A240_I05.png,240,05,NG/scratch_3_040/A240_I05.png,1367162
Bird,NG,scratch_3_040,A240_I06.png,240,06,NG/scratch_3_040/A240_I06.png,1280489
Bird,NG,scratch_3_040,A240_I07.png,240,07,NG/scratch_3_040/A240_I07.png,1084506
Bird,NG,scratch_3_040,A240_I08.png,240,08,NG/scratch_3_040/A240_I08.png,1278332
Bird,NG,scratch_3_040,A240_I09.png,240,09,NG/scratch_3_040/A240_I09.png,1478601
Bird,NG,scratch_3_040,A240_I10.png,240,10,NG/scratch_3_040/A240_I10.png,1497639
Bird,NG,scratch_3_040,A270_I01.png,270,01,NG/scratch_3_040/A270_I01.png,1187193
Bird,NG,scratch_3_040,A270_I02.png,270,02,NG/scratch_3_040/A270_I02.png,1351420
Bird,NG,scratch_3_040,A270_I03.png,270,03,NG/scratch_3_040/A270_I03.png,1277021
Bird,NG,scratch_3_040,A270_I04.png,270,04,NG/scratch_3_040/A270_I04.png,1358306
Bird,NG,scratch_3_040,A270_I05.png,270,05,NG/scratch_3_040/A270_I05.png,1365039
Bird,NG,scratch_3_040,A270_I06.png,270,06,NG/scratch_3_040/A270_I06.png,1282420
Bird,NG,scratch_3_040,A270_I07.png,270,07,NG/scratch_3_040/A270_I07.png,1105414
Bird,NG,scratch_3_040,A270_I08.png,270,08,NG/scratch_3_040/A270_I08.png,1294926
Bird,NG,scratch_3_040,A270_I09.png,270,09,NG/scratch_3_040/A270_I09.png,1484561
Bird,NG,scratch_3_040,A270_I10.png,270,10,NG/scratch_3_040/A270_I10.png,1502447
Bird,NG,scratch_3_040,A300_I01.png,300,01,NG/scratch_3_040/A300_I01.png,1217190
Bird,NG,scratch_3_040,A300_I02.png,300,02,NG/scratch_3_040/A300_I02.png,1363755
Bird,NG,scratch_3_040,A300_I03.png,300,03,NG/scratch_3_040/A300_I03.png,1257677
Bird,NG,scratch_3_040,A300_I04.png,300,04,NG/scratch_3_040/A300_I04.png,1349682
Bird,NG,scratch_3_040,A300_I05.png,300,05,NG/scratch_3_040/A300_I05.png,1365404
Bird,NG,scratch_3_040,A300_I06.png,300,06,NG/scratch_3_040/A300_I06.png,1287853
Bird,NG,scratch_3_040,A300_I07.png,300,07,NG/scratch_3_040/A300_I07.png,1116812
Bird,NG,scratch_3_040,A300_I08.png,300,08,NG/scratch_3_040/A300_I08.png,1324290
Bird,NG,scratch_3_040,A300_I09.png,300,09,NG/scratch_3_040/A300_I09.png,1495778
Bird,NG,scratch_3_040,A300_I10.png,300,10,NG/scratch_3_040/A300_I10.png,1507875
Bird,NG,scratch_3_040,A330_I01.png,330,01,NG/scratch_3_040/A330_I01.png,1219991
Bird,NG,scratch_3_040,A330_I02.png,330,02,NG/scratch_3_040/A330_I02.png,1354573
Bird,NG,scratch_3_040,A330_I03.png,330,03,NG/scratch_3_040/A330_I03.png,1244876
Bird,NG,scratch_3_040,A330_I04.png,330,04,NG/scratch_3_040/A330_I04.png,1319609
Bird,NG,scratch_3_040,A330_I05.png,330,05,NG/scratch_3_040/A330_I05.png,1328363
Bird,NG,scratch_3_040,A330_I06.png,330,06,NG/scratch_3_040/A330_I06.png,1266460
Bird,NG,scratch_3_040,A330_I07.png,330,07,NG/scratch_3_040/A330_I07.png,1109479
Bird,NG,scratch_3_040,A330_I08.png,330,08,NG/scratch_3_040/A330_I08.png,1321062
Bird,NG,scratch_3_040,A330_I09.png,330,09,NG/scratch_3_040/A330_I09.png,1481549
Bird,NG,scratch_3_040,A330_I10.png,330,10,NG/scratch_3_040/A330_I10.png,1494472
Bird,NG,scratch_3_041,A000_I01.png,000,01,NG/scratch_3_041/A000_I01.png,1194820
Bird,NG,scratch_3_041,A000_I02.png,000,02,NG/scratch_3_041/A000_I02.png,1329558
Bird,NG,scratch_3_041,A000_I03.png,000,03,NG/scratch_3_041/A000_I03.png,1223396
Bird,NG,scratch_3_041,A000_I04.png,000,04,NG/scratch_3_041/A000_I04.png,1302589
Bird,NG,scratch_3_041,A000_I05.png,000,05,NG/scratch_3_041/A000_I05.png,1313341
Bird,NG,scratch_3_041,A000_I06.png,000,06,NG/scratch_3_041/A000_I06.png,1245245
Bird,NG,scratch_3_041,A000_I07.png,000,07,NG/scratch_3_041/A000_I07.png,1060392
Bird,NG,scratch_3_041,A000_I08.png,000,08,NG/scratch_3_041/A000_I08.png,1293847
Bird,NG,scratch_3_041,A000_I09.png,000,09,NG/scratch_3_041/A000_I09.png,1455690
Bird,NG,scratch_3_041,A000_I10.png,000,10,NG/scratch_3_041/A000_I10.png,1472738
Bird,NG,scratch_3_041,A030_I01.png,030,01,NG/scratch_3_041/A030_I01.png,1189763
Bird,NG,scratch_3_041,A030_I02.png,030,02,NG/scratch_3_041/A030_I02.png,1320989
Bird,NG,scratch_3_041,A030_I03.png,030,03,NG/scratch_3_041/A030_I03.png,1212866
Bird,NG,scratch_3_041,A030_I04.png,030,04,NG/scratch_3_041/A030_I04.png,1283855
Bird,NG,scratch_3_041,A030_I05.png,030,05,NG/scratch_3_041/A030_I05.png,1298242
Bird,NG,scratch_3_041,A030_I06.png,030,06,NG/scratch_3_041/A030_I06.png,1223630
Bird,NG,scratch_3_041,A030_I07.png,030,07,NG/scratch_3_041/A030_I07.png,1005754
Bird,NG,scratch_3_041,A030_I08.png,030,08,NG/scratch_3_041/A030_I08.png,1278909
Bird,NG,scratch_3_041,A030_I09.png,030,09,NG/scratch_3_041/A030_I09.png,1431511
Bird,NG,scratch_3_041,A030_I10.png,030,10,NG/scratch_3_041/A030_I10.png,1453912
Bird,NG,scratch_3_041,A060_I01.png,060,01,NG/scratch_3_041/A060_I01.png,1180657
Bird,NG,scratch_3_041,A060_I02.png,060,02,NG/scratch_3_041/A060_I02.png,1316908
Bird,NG,scratch_3_041,A060_I03.png,060,03,NG/scratch_3_041/A060_I03.png,1207317
Bird,NG,scratch_3_041,A060_I04.png,060,04,NG/scratch_3_041/A060_I04.png,1284067
Bird,NG,scratch_3_041,A060_I05.png,060,05,NG/scratch_3_041/A060_I05.png,1281200
Bird,NG,scratch_3_041,A060_I06.png,060,06,NG/scratch_3_041/A060_I06.png,1220171
Bird,NG,scratch_3_041,A060_I07.png,060,07,NG/scratch_3_041/A060_I07.png,1012798
Bird,NG,scratch_3_041,A060_I08.png,060,08,NG/scratch_3_041/A060_I08.png,1269846
Bird,NG,scratch_3_041,A060_I09.png,060,09,NG/scratch_3_041/A060_I09.png,1426810
Bird,NG,scratch_3_041,A060_I10.png,060,10,NG/scratch_3_041/A060_I10.png,1448980
Bird,NG,scratch_3_041,A090_I01.png,090,01,NG/scratch_3_041/A090_I01.png,1182269
Bird,NG,scratch_3_041,A090_I02.png,090,02,NG/scratch_3_041/A090_I02.png,1313870
Bird,NG,scratch_3_041,A090_I03.png,090,03,NG/scratch_3_041/A090_I03.png,1203306
Bird,NG,scratch_3_041,A090_I04.png,090,04,NG/scratch_3_041/A090_I04.png,1297037
Bird,NG,scratch_3_041,A090_I05.png,090,05,NG/scratch_3_041/A090_I05.png,1303713
Bird,NG,scratch_3_041,A090_I06.png,090,06,NG/scratch_3_041/A090_I06.png,1223257
Bird,NG,scratch_3_041,A090_I07.png,090,07,NG/scratch_3_041/A090_I07.png,1001118
Bird,NG,scratch_3_041,A090_I08.png,090,08,NG/scratch_3_041/A090_I08.png,1262237
Bird,NG,scratch_3_041,A090_I09.png,090,09,NG/scratch_3_041/A090_I09.png,1428291
Bird,NG,scratch_3_041,A090_I10.png,090,10,NG/scratch_3_041/A090_I10.png,1449820
Bird,NG,scratch_3_041,A120_I01.png,120,01,NG/scratch_3_041/A120_I01.png,1188645
Bird,NG,scratch_3_041,A120_I02.png,120,02,NG/scratch_3_041/A120_I02.png,1315319
Bird,NG,scratch_3_041,A120_I03.png,120,03,NG/scratch_3_041/A120_I03.png,1215157
Bird,NG,scratch_3_041,A120_I04.png,120,04,NG/scratch_3_041/A120_I04.png,1315940
Bird,NG,scratch_3_041,A120_I05.png,120,05,NG/scratch_3_041/A120_I05.png,1339651
Bird,NG,scratch_3_041,A120_I06.png,120,06,NG/scratch_3_041/A120_I06.png,1253843
Bird,NG,scratch_3_041,A120_I07.png,120,07,NG/scratch_3_041/A120_I07.png,1030642
Bird,NG,scratch_3_041,A120_I08.png,120,08,NG/scratch_3_041/A120_I08.png,1276953
Bird,NG,scratch_3_041,A120_I09.png,120,09,NG/scratch_3_041/A120_I09.png,1453667
Bird,NG,scratch_3_041,A120_I10.png,120,10,NG/scratch_3_041/A120_I10.png,1472438
Bird,NG,scratch_3_041,A150_I01.png,150,01,NG/scratch_3_041/A150_I01.png,1188596
Bird,NG,scratch_3_041,A150_I02.png,150,02,NG/scratch_3_041/A150_I02.png,1318221
Bird,NG,scratch_3_041,A150_I03.png,150,03,NG/scratch_3_041/A150_I03.png,1256083
Bird,NG,scratch_3_041,A150_I04.png,150,04,NG/scratch_3_041/A150_I04.png,1318830
Bird,NG,scratch_3_041,A150_I05.png,150,05,NG/scratch_3_041/A150_I05.png,1323315
Bird,NG,scratch_3_041,A150_I06.png,150,06,NG/scratch_3_041/A150_I06.png,1232742
Bird,NG,scratch_3_041,A150_I07.png,150,07,NG/scratch_3_041/A150_I07.png,1013417
Bird,NG,scratch_3_041,A150_I08.png,150,08,NG/scratch_3_041/A150_I08.png,1265874
Bird,NG,scratch_3_041,A150_I09.png,150,09,NG/scratch_3_041/A150_I09.png,1451717
Bird,NG,scratch_3_041,A150_I10.png,150,10,NG/scratch_3_041/A150_I10.png,1470670
Bird,NG,scratch_3_041,A180_I01.png,180,01,NG/scratch_3_041/A180_I01.png,1179939
Bird,NG,scratch_3_041,A180_I02.png,180,02,NG/scratch_3_041/A180_I02.png,1326558
Bird,NG,scratch_3_041,A180_I03.png,180,03,NG/scratch_3_041/A180_I03.png,1277352
Bird,NG,scratch_3_041,A180_I04.png,180,04,NG/scratch_3_041/A180_I04.png,1317301
Bird,NG,scratch_3_041,A180_I05.png,180,05,NG/scratch_3_041/A180_I05.png,1296455
Bird,NG,scratch_3_041,A180_I06.png,180,06,NG/scratch_3_041/A180_I06.png,1204017
Bird,NG,scratch_3_041,A180_I07.png,180,07,NG/scratch_3_041/A180_I07.png,990723
Bird,NG,scratch_3_041,A180_I08.png,180,08,NG/scratch_3_041/A180_I08.png,1251007
Bird,NG,scratch_3_041,A180_I09.png,180,09,NG/scratch_3_041/A180_I09.png,1437196
Bird,NG,scratch_3_041,A180_I10.png,180,10,NG/scratch_3_041/A180_I10.png,1457429
Bird,NG,scratch_3_041,A210_I01.png,210,01,NG/scratch_3_041/A210_I01.png,1159944
Bird,NG,scratch_3_041,A210_I02.png,210,02,NG/scratch_3_041/A210_I02.png,1324457
Bird,NG,scratch_3_041,A210_I03.png,210,03,NG/scratch_3_041/A210_I03.png,1282829
Bird,NG,scratch_3_041,A210_I04.png,210,04,NG/scratch_3_041/A210_I04.png,1331580
Bird,NG,scratch_3_041,A210_I05.png,210,05,NG/scratch_3_041/A210_I05.png,1318003
Bird,NG,scratch_3_041,A210_I06.png,210,06,NG/scratch_3_041/A210_I06.png,1223564
Bird,NG,scratch_3_041,A210_I07.png,210,07,NG/scratch_3_041/A210_I07.png,1016337
Bird,NG,scratch_3_041,A210_I08.png,210,08,NG/scratch_3_041/A210_I08.png,1246251
Bird,NG,scratch_3_041,A210_I09.png,210,09,NG/scratch_3_041/A210_I09.png,1442759
Bird,NG,scratch_3_041,A210_I10.png,210,10,NG/scratch_3_041/A210_I10.png,1464944
Bird,NG,scratch_3_041,A240_I01.png,240,01,NG/scratch_3_041/A240_I01.png,1159961
Bird,NG,scratch_3_041,A240_I02.png,240,02,NG/scratch_3_041/A240_I02.png,1330982
Bird,NG,scratch_3_041,A240_I03.png,240,03,NG/scratch_3_041/A240_I03.png,1284943
Bird,NG,scratch_3_041,A240_I04.png,240,04,NG/scratch_3_041/A240_I04.png,1345404
Bird,NG,scratch_3_041,A240_I05.png,240,05,NG/scratch_3_041/A240_I05.png,1345993
Bird,NG,scratch_3_041,A240_I06.png,240,06,NG/scratch_3_041/A240_I06.png,1249461
Bird,NG,scratch_3_041,A240_I07.png,240,07,NG/scratch_3_041/A240_I07.png,1047054
Bird,NG,scratch_3_041,A240_I08.png,240,08,NG/scratch_3_041/A240_I08.png,1252919
Bird,NG,scratch_3_041,A240_I09.png,240,09,NG/scratch_3_041/A240_I09.png,1457067
Bird,NG,scratch_3_041,A240_I10.png,240,10,NG/scratch_3_041/A240_I10.png,1479640
Bird,NG,scratch_3_041,A270_I01.png,270,01,NG/scratch_3_041/A270_I01.png,1169205
Bird,NG,scratch_3_041,A270_I02.png,270,02,NG/scratch_3_041/A270_I02.png,1343357
Bird,NG,scratch_3_041,A270_I03.png,270,03,NG/scratch_3_041/A270_I03.png,1277216
Bird,NG,scratch_3_041,A270_I04.png,270,04,NG/scratch_3_041/A270_I04.png,1354224
Bird,NG,scratch_3_041,A270_I05.png,270,05,NG/scratch_3_041/A270_I05.png,1360455
Bird,NG,scratch_3_041,A270_I06.png,270,06,NG/scratch_3_041/A270_I06.png,1269028
Bird,NG,scratch_3_041,A270_I07.png,270,07,NG/scratch_3_041/A270_I07.png,1078130
Bird,NG,scratch_3_041,A270_I08.png,270,08,NG/scratch_3_041/A270_I08.png,1274574
Bird,NG,scratch_3_041,A270_I09.png,270,09,NG/scratch_3_041/A270_I09.png,1475530
Bird,NG,scratch_3_041,A270_I10.png,270,10,NG/scratch_3_041/A270_I10.png,1495789
Bird,NG,scratch_3_041,A300_I01.png,300,01,NG/scratch_3_041/A300_I01.png,1191287
Bird,NG,scratch_3_041,A300_I02.png,300,02,NG/scratch_3_041/A300_I02.png,1348100
Bird,NG,scratch_3_041,A300_I03.png,300,03,NG/scratch_3_041/A300_I03.png,1257905
Bird,NG,scratch_3_041,A300_I04.png,300,04,NG/scratch_3_041/A300_I04.png,1349787
Bird,NG,scratch_3_041,A300_I05.png,300,05,NG/scratch_3_041/A300_I05.png,1361431
Bird,NG,scratch_3_041,A300_I06.png,300,06,NG/scratch_3_041/A300_I06.png,1275136
Bird,NG,scratch_3_041,A300_I07.png,300,07,NG/scratch_3_041/A300_I07.png,1086201
Bird,NG,scratch_3_041,A300_I08.png,300,08,NG/scratch_3_041/A300_I08.png,1297516
Bird,NG,scratch_3_041,A300_I09.png,300,09,NG/scratch_3_041/A300_I09.png,1484774
Bird,NG,scratch_3_041,A300_I10.png,300,10,NG/scratch_3_041/A300_I10.png,1504730
Bird,NG,scratch_3_041,A330_I01.png,330,01,NG/scratch_3_041/A330_I01.png,1205010
Bird,NG,scratch_3_041,A330_I02.png,330,02,NG/scratch_3_041/A330_I02.png,1343311
Bird,NG,scratch_3_041,A330_I03.png,330,03,NG/scratch_3_041/A330_I03.png,1237589
Bird,NG,scratch_3_041,A330_I04.png,330,04,NG/scratch_3_041/A330_I04.png,1313227
Bird,NG,scratch_3_041,A330_I05.png,330,05,NG/scratch_3_041/A330_I05.png,1320623
Bird,NG,scratch_3_041,A330_I06.png,330,06,NG/scratch_3_041/A330_I06.png,1249950
Bird,NG,scratch_3_041,A330_I07.png,330,07,NG/scratch_3_041/A330_I07.png,1073850
Bird,NG,scratch_3_041,A330_I08.png,330,08,NG/scratch_3_041/A330_I08.png,1303101
Bird,NG,scratch_3_041,A330_I09.png,330,09,NG/scratch_3_041/A330_I09.png,1469180
Bird,NG,scratch_3_041,A330_I10.png,330,10,NG/scratch_3_041/A330_I10.png,1486847
Bird,GT,damage_1_008,A000_mask.png,000,as,GT/damage_1_008/A000_mask.png,3390
Bird,GT,damage_1_008,A000_seg.png,000,eg,GT/damage_1_008/A000_seg.png,3343
Bird,GT,damage_1_008,A030_mask.png,030,as,GT/damage_1_008/A030_mask.png,3329
Bird,GT,damage_1_008,A030_seg.png,030,eg,GT/damage_1_008/A030_seg.png,3282
Bird,GT,damage_1_008,A060_mask.png,060,as,GT/damage_1_008/A060_mask.png,3266
Bird,GT,damage_1_008,A060_seg.png,060,eg,GT/damage_1_008/A060_seg.png,3231
Bird,GT,damage_1_008,A090_mask.png,090,as,GT/damage_1_008/A090_mask.png,3406
Bird,GT,damage_1_008,A090_seg.png,090,eg,GT/damage_1_008/A090_seg.png,3366
Bird,GT,damage_1_008,A120_mask.png,120,as,GT/damage_1_008/A120_mask.png,3373
Bird,GT,damage_1_008,A120_seg.png,120,eg,GT/damage_1_008/A120_seg.png,3370
Bird,GT,damage_1_008,A330_mask.png,330,as,GT/damage_1_008/A330_mask.png,3153
Bird,GT,damage_1_008,A330_seg.png,330,eg,GT/damage_1_008/A330_seg.png,3157
Bird,GT,damage_1_009,A000_mask.png,000,as,GT/damage_1_009/A000_mask.png,3221
Bird,GT,damage_1_009,A000_seg.png,000,eg,GT/damage_1_009/A000_seg.png,3188
Bird,GT,damage_1_009,A030_mask.png,030,as,GT/damage_1_009/A030_mask.png,3277
Bird,GT,damage_1_009,A030_seg.png,030,eg,GT/damage_1_009/A030_seg.png,3241
Bird,GT,damage_1_009,A060_mask.png,060,as,GT/damage_1_009/A060_mask.png,3238
Bird,GT,damage_1_009,A060_seg.png,060,eg,GT/damage_1_009/A060_seg.png,3216
Bird,GT,damage_1_009,A090_mask.png,090,as,GT/damage_1_009/A090_mask.png,3291
Bird,GT,damage_1_009,A090_seg.png,090,eg,GT/damage_1_009/A090_seg.png,3274
Bird,GT,damage_1_009,A120_mask.png,120,as,GT/damage_1_009/A120_mask.png,2929
Bird,GT,damage_1_009,A120_seg.png,120,eg,GT/damage_1_009/A120_seg.png,2928
Bird,GT,damage_1_009,A300_mask.png,300,as,GT/damage_1_009/A300_mask.png,3106
Bird,GT,damage_1_009,A300_seg.png,300,eg,GT/damage_1_009/A300_seg.png,3100
Bird,GT,damage_1_009,A330_mask.png,330,as,GT/damage_1_009/A330_mask.png,3186
Bird,GT,damage_1_009,A330_seg.png,330,eg,GT/damage_1_009/A330_seg.png,3162
Bird,GT,damage_1_010,A000_mask.png,000,as,GT/damage_1_010/A000_mask.png,3140
Bird,GT,damage_1_010,A000_seg.png,000,eg,GT/damage_1_010/A000_seg.png,3118
Bird,GT,damage_1_010,A030_mask.png,030,as,GT/damage_1_010/A030_mask.png,3123
Bird,GT,damage_1_010,A030_seg.png,030,eg,GT/damage_1_010/A030_seg.png,3103
Bird,GT,damage_1_010,A060_mask.png,060,as,GT/damage_1_010/A060_mask.png,3088
Bird,GT,damage_1_010,A060_seg.png,060,eg,GT/damage_1_010/A060_seg.png,3073
Bird,GT,damage_1_010,A090_mask.png,090,as,GT/damage_1_010/A090_mask.png,3058
Bird,GT,damage_1_010,A090_seg.png,090,eg,GT/damage_1_010/A090_seg.png,3014
Bird,GT,damage_1_010,A120_mask.png,120,as,GT/damage_1_010/A120_mask.png,2955
Bird,GT,damage_1_010,A120_seg.png,120,eg,GT/damage_1_010/A120_seg.png,2930
Bird,GT,damage_1_010,A150_mask.png,150,as,GT/damage_1_010/A150_mask.png,2875
Bird,GT,damage_1_010,A150_seg.png,150,eg,GT/damage_1_010/A150_seg.png,2861
Bird,GT,damage_1_010,A180_mask.png,180,as,GT/damage_1_010/A180_mask.png,2969
Bird,GT,damage_1_010,A180_seg.png,180,eg,GT/damage_1_010/A180_seg.png,2943
Bird,GT,damage_1_010,A210_mask.png,210,as,GT/damage_1_010/A210_mask.png,3047
Bird,GT,damage_1_010,A210_seg.png,210,eg,GT/damage_1_010/A210_seg.png,3023
Bird,GT,damage_1_010,A240_mask.png,240,as,GT/damage_1_010/A240_mask.png,3085
Bird,GT,damage_1_010,A240_seg.png,240,eg,GT/damage_1_010/A240_seg.png,3061
Bird,GT,damage_1_010,A270_mask.png,270,as,GT/damage_1_010/A270_mask.png,3107
Bird,GT,damage_1_010,A270_seg.png,270,eg,GT/damage_1_010/A270_seg.png,3088
Bird,GT,damage_1_010,A300_mask.png,300,as,GT/damage_1_010/A300_mask.png,3178
Bird,GT,damage_1_010,A300_seg.png,300,eg,GT/damage_1_010/A300_seg.png,3145
Bird,GT,damage_1_010,A330_mask.png,330,as,GT/damage_1_010/A330_mask.png,3167
Bird,GT,damage_1_010,A330_seg.png,330,eg,GT/damage_1_010/A330_seg.png,3139
Bird,GT,damage_1_011,A090_mask.png,090,as,GT/damage_1_011/A090_mask.png,2936
Bird,GT,damage_1_011,A090_seg.png,090,eg,GT/damage_1_011/A090_seg.png,2910
Bird,GT,damage_1_011,A120_mask.png,120,as,GT/damage_1_011/A120_mask.png,2875
Bird,GT,damage_1_011,A120_seg.png,120,eg,GT/damage_1_011/A120_seg.png,2870
Bird,GT,damage_1_033,A000_mask.png,000,as,GT/damage_1_033/A000_mask.png,3441
Bird,GT,damage_1_033,A000_seg.png,000,eg,GT/damage_1_033/A000_seg.png,3413
Bird,GT,damage_1_033,A030_mask.png,030,as,GT/damage_1_033/A030_mask.png,3470
Bird,GT,damage_1_033,A030_seg.png,030,eg,GT/damage_1_033/A030_seg.png,3425
Bird,GT,damage_1_033,A060_mask.png,060,as,GT/damage_1_033/A060_mask.png,3455
Bird,GT,damage_1_033,A060_seg.png,060,eg,GT/damage_1_033/A060_seg.png,3418
Bird,GT,damage_1_033,A090_mask.png,090,as,GT/damage_1_033/A090_mask.png,3376
Bird,GT,damage_1_033,A090_seg.png,090,eg,GT/damage_1_033/A090_seg.png,3355
Bird,GT,damage_1_033,A120_mask.png,120,as,GT/damage_1_033/A120_mask.png,3268
Bird,GT,damage_1_033,A120_seg.png,120,eg,GT/damage_1_033/A120_seg.png,3226
Bird,GT,damage_1_033,A150_mask.png,150,as,GT/damage_1_033/A150_mask.png,2950
Bird,GT,damage_1_033,A150_seg.png,150,eg,GT/damage_1_033/A150_seg.png,2927
Bird,GT,damage_1_033,A180_mask.png,180,as,GT/damage_1_033/A180_mask.png,2844
Bird,GT,damage_1_033,A180_seg.png,180,eg,GT/damage_1_033/A180_seg.png,2833
Bird,GT,damage_1_033,A210_mask.png,210,as,GT/damage_1_033/A210_mask.png,2962
Bird,GT,damage_1_033,A210_seg.png,210,eg,GT/damage_1_033/A210_seg.png,2938
Bird,GT,damage_1_033,A240_mask.png,240,as,GT/damage_1_033/A240_mask.png,3127
Bird,GT,damage_1_033,A240_seg.png,240,eg,GT/damage_1_033/A240_seg.png,3091
Bird,GT,damage_1_033,A270_mask.png,270,as,GT/damage_1_033/A270_mask.png,3219
Bird,GT,damage_1_033,A270_seg.png,270,eg,GT/damage_1_033/A270_seg.png,3199
Bird,GT,damage_1_033,A300_mask.png,300,as,GT/damage_1_033/A300_mask.png,3313
Bird,GT,damage_1_033,A300_seg.png,300,eg,GT/damage_1_033/A300_seg.png,3286
Bird,GT,damage_1_033,A330_mask.png,330,as,GT/damage_1_033/A330_mask.png,3393
Bird,GT,damage_1_033,A330_seg.png,330,eg,GT/damage_1_033/A330_seg.png,3349
Bird,GT,damage_1_034,A000_mask.png,000,as,GT/damage_1_034/A000_mask.png,3008
Bird,GT,damage_1_034,A000_seg.png,000,eg,GT/damage_1_034/A000_seg.png,2991
Bird,GT,damage_1_034,A030_mask.png,030,as,GT/damage_1_034/A030_mask.png,3024
Bird,GT,damage_1_034,A030_seg.png,030,eg,GT/damage_1_034/A030_seg.png,2998
Bird,GT,damage_1_034,A060_mask.png,060,as,GT/damage_1_034/A060_mask.png,3123
Bird,GT,damage_1_034,A060_seg.png,060,eg,GT/damage_1_034/A060_seg.png,3095
Bird,GT,damage_1_034,A090_mask.png,090,as,GT/damage_1_034/A090_mask.png,3101
Bird,GT,damage_1_034,A090_seg.png,090,eg,GT/damage_1_034/A090_seg.png,3081
Bird,GT,damage_1_034,A330_mask.png,330,as,GT/damage_1_034/A330_mask.png,3030
Bird,GT,damage_1_034,A330_seg.png,330,eg,GT/damage_1_034/A330_seg.png,3010
Bird,GT,damage_1_035,A150_mask.png,150,as,GT/damage_1_035/A150_mask.png,3036
Bird,GT,damage_1_035,A150_seg.png,150,eg,GT/damage_1_035/A150_seg.png,3024
Bird,GT,damage_1_035,A180_mask.png,180,as,GT/damage_1_035/A180_mask.png,3135
Bird,GT,damage_1_035,A180_seg.png,180,eg,GT/damage_1_035/A180_seg.png,3104
Bird,GT,damage_1_035,A210_mask.png,210,as,GT/damage_1_035/A210_mask.png,3045
Bird,GT,damage_1_035,A210_seg.png,210,eg,GT/damage_1_035/A210_seg.png,3034
Bird,GT,damage_1_035,A240_mask.png,240,as,GT/damage_1_035/A240_mask.png,3059
Bird,GT,damage_1_035,A240_seg.png,240,eg,GT/damage_1_035/A240_seg.png,3028
Bird,GT,damage_1_035,A270_mask.png,270,as,GT/damage_1_035/A270_mask.png,3177
Bird,GT,damage_1_035,A270_seg.png,270,eg,GT/damage_1_035/A270_seg.png,3148
Bird,GT,damage_1_035,A300_mask.png,300,as,GT/damage_1_035/A300_mask.png,3137
Bird,GT,damage_1_035,A300_seg.png,300,eg,GT/damage_1_035/A300_seg.png,3118
Bird,GT,damage_1_035,A330_mask.png,330,as,GT/damage_1_035/A330_mask.png,2982
Bird,GT,damage_1_035,A330_seg.png,330,eg,GT/damage_1_035/A330_seg.png,2977
Bird,GT,damage_1_036,A060_mask.png,060,as,GT/damage_1_036/A060_mask.png,3125
Bird,GT,damage_1_036,A060_seg.png,060,eg,GT/damage_1_036/A060_seg.png,3107
Bird,GT,damage_1_036,A090_mask.png,090,as,GT/damage_1_036/A090_mask.png,3125
Bird,GT,damage_1_036,A090_seg.png,090,eg,GT/damage_1_036/A090_seg.png,3091
Bird,GT,damage_1_036,A120_mask.png,120,as,GT/damage_1_036/A120_mask.png,3069
Bird,GT,damage_1_036,A120_seg.png,120,eg,GT/damage_1_036/A120_seg.png,3037
Bird,GT,damage_1_036,A150_mask.png,150,as,GT/damage_1_036/A150_mask.png,3030
Bird,GT,damage_1_036,A150_seg.png,150,eg,GT/damage_1_036/A150_seg.png,3006
Bird,GT,damage_1_036,A180_mask.png,180,as,GT/damage_1_036/A180_mask.png,3112
Bird,GT,damage_1_036,A180_seg.png,180,eg,GT/damage_1_036/A180_seg.png,3092
Bird,GT,damage_1_hole_1_scratch_1_021,A000_mask.png,000,as,GT/damage_1_hole_1_scratch_1_021/A000_mask.png,3135
Bird,GT,damage_1_hole_1_scratch_1_021,A000_seg.png,000,eg,GT/damage_1_hole_1_scratch_1_021/A000_seg.png,3105
Bird,GT,damage_1_hole_1_scratch_1_021,A030_mask.png,030,as,GT/damage_1_hole_1_scratch_1_021/A030_mask.png,3149
Bird,GT,damage_1_hole_1_scratch_1_021,A030_seg.png,030,eg,GT/damage_1_hole_1_scratch_1_021/A030_seg.png,3118
Bird,GT,damage_1_hole_1_scratch_1_021,A060_mask.png,060,as,GT/damage_1_hole_1_scratch_1_021/A060_mask.png,3234
Bird,GT,damage_1_hole_1_scratch_1_021,A060_seg.png,060,eg,GT/damage_1_hole_1_scratch_1_021/A060_seg.png,3209
Bird,GT,damage_1_hole_1_scratch_1_021,A090_mask.png,090,as,GT/damage_1_hole_1_scratch_1_021/A090_mask.png,3136
Bird,GT,damage_1_hole_1_scratch_1_021,A090_seg.png,090,eg,GT/damage_1_hole_1_scratch_1_021/A090_seg.png,3125
Bird,GT,damage_1_hole_1_scratch_1_021,A120_mask.png,120,as,GT/damage_1_hole_1_scratch_1_021/A120_mask.png,3171
Bird,GT,damage_1_hole_1_scratch_1_021,A120_seg.png,120,eg,GT/damage_1_hole_1_scratch_1_021/A120_seg.png,3152
Bird,GT,damage_1_hole_1_scratch_1_021,A150_mask.png,150,as,GT/damage_1_hole_1_scratch_1_021/A150_mask.png,3116
Bird,GT,damage_1_hole_1_scratch_1_021,A150_seg.png,150,eg,GT/damage_1_hole_1_scratch_1_021/A150_seg.png,3085
Bird,GT,damage_1_hole_1_scratch_1_021,A180_mask.png,180,as,GT/damage_1_hole_1_scratch_1_021/A180_mask.png,3017
Bird,GT,damage_1_hole_1_scratch_1_021,A180_seg.png,180,eg,GT/damage_1_hole_1_scratch_1_021/A180_seg.png,2985
Bird,GT,damage_1_hole_1_scratch_1_021,A210_mask.png,210,as,GT/damage_1_hole_1_scratch_1_021/A210_mask.png,3248
Bird,GT,damage_1_hole_1_scratch_1_021,A210_seg.png,210,eg,GT/damage_1_hole_1_scratch_1_021/A210_seg.png,3207
Bird,GT,damage_1_hole_1_scratch_1_021,A240_mask.png,240,as,GT/damage_1_hole_1_scratch_1_021/A240_mask.png,3275
Bird,GT,damage_1_hole_1_scratch_1_021,A240_seg.png,240,eg,GT/damage_1_hole_1_scratch_1_021/A240_seg.png,3242
Bird,GT,damage_1_hole_1_scratch_1_021,A270_mask.png,270,as,GT/damage_1_hole_1_scratch_1_021/A270_mask.png,3488
Bird,GT,damage_1_hole_1_scratch_1_021,A270_seg.png,270,eg,GT/damage_1_hole_1_scratch_1_021/A270_seg.png,3480
Bird,GT,damage_1_hole_1_scratch_1_021,A300_mask.png,300,as,GT/damage_1_hole_1_scratch_1_021/A300_mask.png,3311
Bird,GT,damage_1_hole_1_scratch_1_021,A300_seg.png,300,eg,GT/damage_1_hole_1_scratch_1_021/A300_seg.png,3283
Bird,GT,damage_1_hole_1_scratch_1_021,A330_mask.png,330,as,GT/damage_1_hole_1_scratch_1_021/A330_mask.png,3246
Bird,GT,damage_1_hole_1_scratch_1_021,A330_seg.png,330,eg,GT/damage_1_hole_1_scratch_1_021/A330_seg.png,3206
Bird,GT,damage_1_hole_1_scratch_1_022,A000_mask.png,000,as,GT/damage_1_hole_1_scratch_1_022/A000_mask.png,3256
Bird,GT,damage_1_hole_1_scratch_1_022,A000_seg.png,000,eg,GT/damage_1_hole_1_scratch_1_022/A000_seg.png,3229
Bird,GT,damage_1_hole_1_scratch_1_022,A030_mask.png,030,as,GT/damage_1_hole_1_scratch_1_022/A030_mask.png,3216
Bird,GT,damage_1_hole_1_scratch_1_022,A030_seg.png,030,eg,GT/damage_1_hole_1_scratch_1_022/A030_seg.png,3178
Bird,GT,damage_1_hole_1_scratch_1_022,A060_mask.png,060,as,GT/damage_1_hole_1_scratch_1_022/A060_mask.png,3143
Bird,GT,damage_1_hole_1_scratch_1_022,A060_seg.png,060,eg,GT/damage_1_hole_1_scratch_1_022/A060_seg.png,3110
Bird,GT,damage_1_hole_1_scratch_1_022,A090_mask.png,090,as,GT/damage_1_hole_1_scratch_1_022/A090_mask.png,3361
Bird,GT,damage_1_hole_1_scratch_1_022,A090_seg.png,090,eg,GT/damage_1_hole_1_scratch_1_022/A090_seg.png,3315
Bird,GT,damage_1_hole_1_scratch_1_022,A120_mask.png,120,as,GT/damage_1_hole_1_scratch_1_022/A120_mask.png,3452
Bird,GT,damage_1_hole_1_scratch_1_022,A120_seg.png,120,eg,GT/damage_1_hole_1_scratch_1_022/A120_seg.png,3415
Bird,GT,damage_1_hole_1_scratch_1_022,A150_mask.png,150,as,GT/damage_1_hole_1_scratch_1_022/A150_mask.png,3347
Bird,GT,damage_1_hole_1_scratch_1_022,A150_seg.png,150,eg,GT/damage_1_hole_1_scratch_1_022/A150_seg.png,3289
Bird,GT,damage_1_hole_1_scratch_1_022,A180_mask.png,180,as,GT/damage_1_hole_1_scratch_1_022/A180_mask.png,3583
Bird,GT,damage_1_hole_1_scratch_1_022,A180_seg.png,180,eg,GT/damage_1_hole_1_scratch_1_022/A180_seg.png,3520
Bird,GT,damage_1_hole_1_scratch_1_022,A210_mask.png,210,as,GT/damage_1_hole_1_scratch_1_022/A210_mask.png,3882
Bird,GT,damage_1_hole_1_scratch_1_022,A210_seg.png,210,eg,GT/damage_1_hole_1_scratch_1_022/A210_seg.png,3813
Bird,GT,damage_1_hole_1_scratch_1_022,A240_mask.png,240,as,GT/damage_1_hole_1_scratch_1_022/A240_mask.png,3810
Bird,GT,damage_1_hole_1_scratch_1_022,A240_seg.png,240,eg,GT/damage_1_hole_1_scratch_1_022/A240_seg.png,3781
Bird,GT,damage_1_hole_1_scratch_1_022,A270_mask.png,270,as,GT/damage_1_hole_1_scratch_1_022/A270_mask.png,3595
Bird,GT,damage_1_hole_1_scratch_1_022,A270_seg.png,270,eg,GT/damage_1_hole_1_scratch_1_022/A270_seg.png,3571
Bird,GT,damage_1_hole_1_scratch_1_022,A300_mask.png,300,as,GT/damage_1_hole_1_scratch_1_022/A300_mask.png,3135
Bird,GT,damage_1_hole_1_scratch_1_022,A300_seg.png,300,eg,GT/damage_1_hole_1_scratch_1_022/A300_seg.png,3113
Bird,GT,damage_1_hole_1_scratch_1_022,A330_mask.png,330,as,GT/damage_1_hole_1_scratch_1_022/A330_mask.png,3240
Bird,GT,damage_1_hole_1_scratch_1_022,A330_seg.png,330,eg,GT/damage_1_hole_1_scratch_1_022/A330_seg.png,3214
Bird,GT,damage_1_hole_1_scratch_1_023,A000_mask.png,000,as,GT/damage_1_hole_1_scratch_1_023/A000_mask.png,4077
Bird,GT,damage_1_hole_1_scratch_1_023,A000_seg.png,000,eg,GT/damage_1_hole_1_scratch_1_023/A000_seg.png,4004
Bird,GT,damage_1_hole_1_scratch_1_023,A030_mask.png,030,as,GT/damage_1_hole_1_scratch_1_023/A030_mask.png,3602
Bird,GT,damage_1_hole_1_scratch_1_023,A030_seg.png,030,eg,GT/damage_1_hole_1_scratch_1_023/A030_seg.png,3552
Bird,GT,damage_1_hole_1_scratch_1_023,A060_mask.png,060,as,GT/damage_1_hole_1_scratch_1_023/A060_mask.png,3578
Bird,GT,damage_1_hole_1_scratch_1_023,A060_seg.png,060,eg,GT/damage_1_hole_1_scratch_1_023/A060_seg.png,3537
Bird,GT,damage_1_hole_1_scratch_1_023,A090_mask.png,090,as,GT/damage_1_hole_1_scratch_1_023/A090_mask.png,3538
Bird,GT,damage_1_hole_1_scratch_1_023,A090_seg.png,090,eg,GT/damage_1_hole_1_scratch_1_023/A090_seg.png,3495
Bird,GT,damage_1_hole_1_scratch_1_023,A120_mask.png,120,as,GT/damage_1_hole_1_scratch_1_023/A120_mask.png,3642
Bird,GT,damage_1_hole_1_scratch_1_023,A120_seg.png,120,eg,GT/damage_1_hole_1_scratch_1_023/A120_seg.png,3597
Bird,GT,damage_1_hole_1_scratch_1_023,A150_mask.png,150,as,GT/damage_1_hole_1_scratch_1_023/A150_mask.png,3328
Bird,GT,damage_1_hole_1_scratch_1_023,A150_seg.png,150,eg,GT/damage_1_hole_1_scratch_1_023/A150_seg.png,3294
Bird,GT,damage_1_hole_1_scratch_1_023,A180_mask.png,180,as,GT/damage_1_hole_1_scratch_1_023/A180_mask.png,3488
Bird,GT,damage_1_hole_1_scratch_1_023,A180_seg.png,180,eg,GT/damage_1_hole_1_scratch_1_023/A180_seg.png,3428
Bird,GT,damage_1_hole_1_scratch_1_023,A210_mask.png,210,as,GT/damage_1_hole_1_scratch_1_023/A210_mask.png,3953
Bird,GT,damage_1_hole_1_scratch_1_023,A210_seg.png,210,eg,GT/damage_1_hole_1_scratch_1_023/A210_seg.png,3886
Bird,GT,damage_1_hole_1_scratch_1_023,A240_mask.png,240,as,GT/damage_1_hole_1_scratch_1_023/A240_mask.png,4002
Bird,GT,damage_1_hole_1_scratch_1_023,A240_seg.png,240,eg,GT/damage_1_hole_1_scratch_1_023/A240_seg.png,3937
Bird,GT,damage_1_hole_1_scratch_1_023,A270_mask.png,270,as,GT/damage_1_hole_1_scratch_1_023/A270_mask.png,4525
Bird,GT,damage_1_hole_1_scratch_1_023,A270_seg.png,270,eg,GT/damage_1_hole_1_scratch_1_023/A270_seg.png,4491
Bird,GT,damage_1_hole_1_scratch_1_023,A300_mask.png,300,as,GT/damage_1_hole_1_scratch_1_023/A300_mask.png,4618
Bird,GT,damage_1_hole_1_scratch_1_023,A300_seg.png,300,eg,GT/damage_1_hole_1_scratch_1_023/A300_seg.png,4574
Bird,GT,damage_1_hole_1_scratch_1_023,A330_mask.png,330,as,GT/damage_1_hole_1_scratch_1_023/A330_mask.png,4636
Bird,GT,damage_1_hole_1_scratch_1_023,A330_seg.png,330,eg,GT/damage_1_hole_1_scratch_1_023/A330_seg.png,4556
Bird,GT,damage_1_hole_1_scratch_1_024,A000_mask.png,000,as,GT/damage_1_hole_1_scratch_1_024/A000_mask.png,3175
Bird,GT,damage_1_hole_1_scratch_1_024,A000_seg.png,000,eg,GT/damage_1_hole_1_scratch_1_024/A000_seg.png,3135
Bird,GT,damage_1_hole_1_scratch_1_024,A030_mask.png,030,as,GT/damage_1_hole_1_scratch_1_024/A030_mask.png,3010
Bird,GT,damage_1_hole_1_scratch_1_024,A030_seg.png,030,eg,GT/damage_1_hole_1_scratch_1_024/A030_seg.png,2988
Bird,GT,damage_1_hole_1_scratch_1_024,A060_mask.png,060,as,GT/damage_1_hole_1_scratch_1_024/A060_mask.png,3158
Bird,GT,damage_1_hole_1_scratch_1_024,A060_seg.png,060,eg,GT/damage_1_hole_1_scratch_1_024/A060_seg.png,3132
Bird,GT,damage_1_hole_1_scratch_1_024,A090_mask.png,090,as,GT/damage_1_hole_1_scratch_1_024/A090_mask.png,3203
Bird,GT,damage_1_hole_1_scratch_1_024,A090_seg.png,090,eg,GT/damage_1_hole_1_scratch_1_024/A090_seg.png,3188
Bird,GT,damage_1_hole_1_scratch_1_024,A120_mask.png,120,as,GT/damage_1_hole_1_scratch_1_024/A120_mask.png,3280
Bird,GT,damage_1_hole_1_scratch_1_024,A120_seg.png,120,eg,GT/damage_1_hole_1_scratch_1_024/A120_seg.png,3238
Bird,GT,damage_1_hole_1_scratch_1_024,A150_mask.png,150,as,GT/damage_1_hole_1_scratch_1_024/A150_mask.png,3748
Bird,GT,damage_1_hole_1_scratch_1_024,A150_seg.png,150,eg,GT/damage_1_hole_1_scratch_1_024/A150_seg.png,3674
Bird,GT,damage_1_hole_1_scratch_1_024,A180_mask.png,180,as,GT/damage_1_hole_1_scratch_1_024/A180_mask.png,3976
Bird,GT,damage_1_hole_1_scratch_1_024,A180_seg.png,180,eg,GT/damage_1_hole_1_scratch_1_024/A180_seg.png,3898
Bird,GT,damage_1_hole_1_scratch_1_024,A210_mask.png,210,as,GT/damage_1_hole_1_scratch_1_024/A210_mask.png,3831
Bird,GT,damage_1_hole_1_scratch_1_024,A210_seg.png,210,eg,GT/damage_1_hole_1_scratch_1_024/A210_seg.png,3797
Bird,GT,damage_1_hole_1_scratch_1_024,A240_mask.png,240,as,GT/damage_1_hole_1_scratch_1_024/A240_mask.png,3885
Bird,GT,damage_1_hole_1_scratch_1_024,A240_seg.png,240,eg,GT/damage_1_hole_1_scratch_1_024/A240_seg.png,3876
Bird,GT,damage_1_hole_1_scratch_1_024,A270_mask.png,270,as,GT/damage_1_hole_1_scratch_1_024/A270_mask.png,3670
Bird,GT,damage_1_hole_1_scratch_1_024,A270_seg.png,270,eg,GT/damage_1_hole_1_scratch_1_024/A270_seg.png,3628
Bird,GT,damage_1_hole_1_scratch_1_024,A300_mask.png,300,as,GT/damage_1_hole_1_scratch_1_024/A300_mask.png,3504
Bird,GT,damage_1_hole_1_scratch_1_024,A300_seg.png,300,eg,GT/damage_1_hole_1_scratch_1_024/A300_seg.png,3453
Bird,GT,damage_1_hole_1_scratch_1_024,A330_mask.png,330,as,GT/damage_1_hole_1_scratch_1_024/A330_mask.png,3454
Bird,GT,damage_1_hole_1_scratch_1_024,A330_seg.png,330,eg,GT/damage_1_hole_1_scratch_1_024/A330_seg.png,3392
Bird,GT,damage_1_hole_1_scratch_1_047,A000_mask.png,000,as,GT/damage_1_hole_1_scratch_1_047/A000_mask.png,3227
Bird,GT,damage_1_hole_1_scratch_1_047,A000_seg.png,000,eg,GT/damage_1_hole_1_scratch_1_047/A000_seg.png,3209
Bird,GT,damage_1_hole_1_scratch_1_047,A030_mask.png,030,as,GT/damage_1_hole_1_scratch_1_047/A030_mask.png,3284
Bird,GT,damage_1_hole_1_scratch_1_047,A030_seg.png,030,eg,GT/damage_1_hole_1_scratch_1_047/A030_seg.png,3239
Bird,GT,damage_1_hole_1_scratch_1_047,A060_mask.png,060,as,GT/damage_1_hole_1_scratch_1_047/A060_mask.png,3244
Bird,GT,damage_1_hole_1_scratch_1_047,A060_seg.png,060,eg,GT/damage_1_hole_1_scratch_1_047/A060_seg.png,3206
Bird,GT,damage_1_hole_1_scratch_1_047,A090_mask.png,090,as,GT/damage_1_hole_1_scratch_1_047/A090_mask.png,3261
Bird,GT,damage_1_hole_1_scratch_1_047,A090_seg.png,090,eg,GT/damage_1_hole_1_scratch_1_047/A090_seg.png,3234
Bird,GT,damage_1_hole_1_scratch_1_047,A120_mask.png,120,as,GT/damage_1_hole_1_scratch_1_047/A120_mask.png,3148
Bird,GT,damage_1_hole_1_scratch_1_047,A120_seg.png,120,eg,GT/damage_1_hole_1_scratch_1_047/A120_seg.png,3132
Bird,GT,damage_1_hole_1_scratch_1_047,A150_mask.png,150,as,GT/damage_1_hole_1_scratch_1_047/A150_mask.png,3056
Bird,GT,damage_1_hole_1_scratch_1_047,A150_seg.png,150,eg,GT/damage_1_hole_1_scratch_1_047/A150_seg.png,3042
Bird,GT,damage_1_hole_1_scratch_1_047,A330_mask.png,330,as,GT/damage_1_hole_1_scratch_1_047/A330_mask.png,3117
Bird,GT,damage_1_hole_1_scratch_1_047,A330_seg.png,330,eg,GT/damage_1_hole_1_scratch_1_047/A330_seg.png,3096
Bird,GT,damage_1_hole_2_scratch_1_048,A000_mask.png,000,as,GT/damage_1_hole_2_scratch_1_048/A000_mask.png,3765
Bird,GT,damage_1_hole_2_scratch_1_048,A000_seg.png,000,eg,GT/damage_1_hole_2_scratch_1_048/A000_seg.png,3724
Bird,GT,damage_1_hole_2_scratch_1_048,A030_mask.png,030,as,GT/damage_1_hole_2_scratch_1_048/A030_mask.png,3635
Bird,GT,damage_1_hole_2_scratch_1_048,A030_seg.png,030,eg,GT/damage_1_hole_2_scratch_1_048/A030_seg.png,3577
Bird,GT,damage_1_hole_2_scratch_1_048,A060_mask.png,060,as,GT/damage_1_hole_2_scratch_1_048/A060_mask.png,3159
Bird,GT,damage_1_hole_2_scratch_1_048,A060_seg.png,060,eg,GT/damage_1_hole_2_scratch_1_048/A060_seg.png,3130
Bird,GT,damage_1_hole_2_scratch_1_048,A090_mask.png,090,as,GT/damage_1_hole_2_scratch_1_048/A090_mask.png,3144
Bird,GT,damage_1_hole_2_scratch_1_048,A090_seg.png,090,eg,GT/damage_1_hole_2_scratch_1_048/A090_seg.png,3113
Bird,GT,damage_1_hole_2_scratch_1_048,A120_mask.png,120,as,GT/damage_1_hole_2_scratch_1_048/A120_mask.png,3090
Bird,GT,damage_1_hole_2_scratch_1_048,A120_seg.png,120,eg,GT/damage_1_hole_2_scratch_1_048/A120_seg.png,3059
Bird,GT,damage_1_hole_2_scratch_1_048,A150_mask.png,150,as,GT/damage_1_hole_2_scratch_1_048/A150_mask.png,3094
Bird,GT,damage_1_hole_2_scratch_1_048,A150_seg.png,150,eg,GT/damage_1_hole_2_scratch_1_048/A150_seg.png,3074
Bird,GT,damage_1_hole_2_scratch_1_048,A180_mask.png,180,as,GT/damage_1_hole_2_scratch_1_048/A180_mask.png,3681
Bird,GT,damage_1_hole_2_scratch_1_048,A180_seg.png,180,eg,GT/damage_1_hole_2_scratch_1_048/A180_seg.png,3646
Bird,GT,damage_1_hole_2_scratch_1_048,A210_mask.png,210,as,GT/damage_1_hole_2_scratch_1_048/A210_mask.png,3624
Bird,GT,damage_1_hole_2_scratch_1_048,A210_seg.png,210,eg,GT/damage_1_hole_2_scratch_1_048/A210_seg.png,3577
Bird,GT,damage_1_hole_2_scratch_1_048,A240_mask.png,240,as,GT/damage_1_hole_2_scratch_1_048/A240_mask.png,3460
Bird,GT,damage_1_hole_2_scratch_1_048,A240_seg.png,240,eg,GT/damage_1_hole_2_scratch_1_048/A240_seg.png,3430
Bird,GT,damage_1_hole_2_scratch_1_048,A270_mask.png,270,as,GT/damage_1_hole_2_scratch_1_048/A270_mask.png,3607
Bird,GT,damage_1_hole_2_scratch_1_048,A270_seg.png,270,eg,GT/damage_1_hole_2_scratch_1_048/A270_seg.png,3542
Bird,GT,damage_1_hole_2_scratch_1_048,A300_mask.png,300,as,GT/damage_1_hole_2_scratch_1_048/A300_mask.png,3623
Bird,GT,damage_1_hole_2_scratch_1_048,A300_seg.png,300,eg,GT/damage_1_hole_2_scratch_1_048/A300_seg.png,3565
Bird,GT,damage_1_hole_2_scratch_1_048,A330_mask.png,330,as,GT/damage_1_hole_2_scratch_1_048/A330_mask.png,3784
Bird,GT,damage_1_hole_2_scratch_1_048,A330_seg.png,330,eg,GT/damage_1_hole_2_scratch_1_048/A330_seg.png,3758
Bird,GT,damage_1_hole_5_scratch_1_046,A000_mask.png,000,as,GT/damage_1_hole_5_scratch_1_046/A000_mask.png,3482
Bird,GT,damage_1_hole_5_scratch_1_046,A000_seg.png,000,eg,GT/damage_1_hole_5_scratch_1_046/A000_seg.png,3435
Bird,GT,damage_1_hole_5_scratch_1_046,A030_mask.png,030,as,GT/damage_1_hole_5_scratch_1_046/A030_mask.png,3694
Bird,GT,damage_1_hole_5_scratch_1_046,A030_seg.png,030,eg,GT/damage_1_hole_5_scratch_1_046/A030_seg.png,3660
Bird,GT,damage_1_hole_5_scratch_1_046,A060_mask.png,060,as,GT/damage_1_hole_5_scratch_1_046/A060_mask.png,3776
Bird,GT,damage_1_hole_5_scratch_1_046,A060_seg.png,060,eg,GT/damage_1_hole_5_scratch_1_046/A060_seg.png,3732
Bird,GT,damage_1_hole_5_scratch_1_046,A090_mask.png,090,as,GT/damage_1_hole_5_scratch_1_046/A090_mask.png,3649
Bird,GT,damage_1_hole_5_scratch_1_046,A090_seg.png,090,eg,GT/damage_1_hole_5_scratch_1_046/A090_seg.png,3591
Bird,GT,damage_1_hole_5_scratch_1_046,A120_mask.png,120,as,GT/damage_1_hole_5_scratch_1_046/A120_mask.png,3875
Bird,GT,damage_1_hole_5_scratch_1_046,A120_seg.png,120,eg,GT/damage_1_hole_5_scratch_1_046/A120_seg.png,3829
Bird,GT,damage_1_hole_5_scratch_1_046,A150_mask.png,150,as,GT/damage_1_hole_5_scratch_1_046/A150_mask.png,3729
Bird,GT,damage_1_hole_5_scratch_1_046,A150_seg.png,150,eg,GT/damage_1_hole_5_scratch_1_046/A150_seg.png,3675
Bird,GT,damage_1_hole_5_scratch_1_046,A180_mask.png,180,as,GT/damage_1_hole_5_scratch_1_046/A180_mask.png,3841
Bird,GT,damage_1_hole_5_scratch_1_046,A180_seg.png,180,eg,GT/damage_1_hole_5_scratch_1_046/A180_seg.png,3782
Bird,GT,damage_1_hole_5_scratch_1_046,A210_mask.png,210,as,GT/damage_1_hole_5_scratch_1_046/A210_mask.png,4045
Bird,GT,damage_1_hole_5_scratch_1_046,A210_seg.png,210,eg,GT/damage_1_hole_5_scratch_1_046/A210_seg.png,3956
Bird,GT,damage_1_hole_5_scratch_1_046,A240_mask.png,240,as,GT/damage_1_hole_5_scratch_1_046/A240_mask.png,3637
Bird,GT,damage_1_hole_5_scratch_1_046,A240_seg.png,240,eg,GT/damage_1_hole_5_scratch_1_046/A240_seg.png,3570
Bird,GT,damage_1_hole_5_scratch_1_046,A270_mask.png,270,as,GT/damage_1_hole_5_scratch_1_046/A270_mask.png,3465
Bird,GT,damage_1_hole_5_scratch_1_046,A270_seg.png,270,eg,GT/damage_1_hole_5_scratch_1_046/A270_seg.png,3468
Bird,GT,damage_1_hole_5_scratch_1_046,A300_mask.png,300,as,GT/damage_1_hole_5_scratch_1_046/A300_mask.png,3576
Bird,GT,damage_1_hole_5_scratch_1_046,A300_seg.png,300,eg,GT/damage_1_hole_5_scratch_1_046/A300_seg.png,3554
Bird,GT,damage_1_hole_5_scratch_1_046,A330_mask.png,330,as,GT/damage_1_hole_5_scratch_1_046/A330_mask.png,3665
Bird,GT,damage_1_hole_5_scratch_1_046,A330_seg.png,330,eg,GT/damage_1_hole_5_scratch_1_046/A330_seg.png,3597
Bird,GT,damage_2_018,A000_mask.png,000,as,GT/damage_2_018/A000_mask.png,3168
Bird,GT,damage_2_018,A000_seg.png,000,eg,GT/damage_2_018/A000_seg.png,3138
Bird,GT,damage_2_018,A030_mask.png,030,as,GT/damage_2_018/A030_mask.png,3227
Bird,GT,damage_2_018,A030_seg.png,030,eg,GT/damage_2_018/A030_seg.png,3201
Bird,GT,damage_2_018,A060_mask.png,060,as,GT/damage_2_018/A060_mask.png,3208
Bird,GT,damage_2_018,A060_seg.png,060,eg,GT/damage_2_018/A060_seg.png,3207
Bird,GT,damage_2_018,A090_mask.png,090,as,GT/damage_2_018/A090_mask.png,3534
Bird,GT,damage_2_018,A090_seg.png,090,eg,GT/damage_2_018/A090_seg.png,3515
Bird,GT,damage_2_018,A120_mask.png,120,as,GT/damage_2_018/A120_mask.png,3264
Bird,GT,damage_2_018,A120_seg.png,120,eg,GT/damage_2_018/A120_seg.png,3227
Bird,GT,damage_2_018,A150_mask.png,150,as,GT/damage_2_018/A150_mask.png,3213
Bird,GT,damage_2_018,A150_seg.png,150,eg,GT/damage_2_018/A150_seg.png,3174
Bird,GT,damage_2_018,A180_mask.png,180,as,GT/damage_2_018/A180_mask.png,3298
Bird,GT,damage_2_018,A180_seg.png,180,eg,GT/damage_2_018/A180_seg.png,3255
Bird,GT,damage_2_018,A210_mask.png,210,as,GT/damage_2_018/A210_mask.png,3327
Bird,GT,damage_2_018,A210_seg.png,210,eg,GT/damage_2_018/A210_seg.png,3288
Bird,GT,damage_2_018,A240_mask.png,240,as,GT/damage_2_018/A240_mask.png,3380
Bird,GT,damage_2_018,A240_seg.png,240,eg,GT/damage_2_018/A240_seg.png,3353
Bird,GT,damage_2_018,A270_mask.png,270,as,GT/damage_2_018/A270_mask.png,3307
Bird,GT,damage_2_018,A270_seg.png,270,eg,GT/damage_2_018/A270_seg.png,3289
Bird,GT,damage_2_018,A300_mask.png,300,as,GT/damage_2_018/A300_mask.png,3323
Bird,GT,damage_2_018,A300_seg.png,300,eg,GT/damage_2_018/A300_seg.png,3297
Bird,GT,damage_2_018,A330_mask.png,330,as,GT/damage_2_018/A330_mask.png,3154
Bird,GT,damage_2_018,A330_seg.png,330,eg,GT/damage_2_018/A330_seg.png,3129
Bird,GT,damage_2_020,A000_mask.png,000,as,GT/damage_2_020/A000_mask.png,3019
Bird,GT,damage_2_020,A000_seg.png,000,eg,GT/damage_2_020/A000_seg.png,2997
Bird,GT,damage_2_020,A030_mask.png,030,as,GT/damage_2_020/A030_mask.png,3075
Bird,GT,damage_2_020,A030_seg.png,030,eg,GT/damage_2_020/A030_seg.png,3045
Bird,GT,damage_2_020,A060_mask.png,060,as,GT/damage_2_020/A060_mask.png,3061
Bird,GT,damage_2_020,A060_seg.png,060,eg,GT/damage_2_020/A060_seg.png,3025
Bird,GT,damage_2_020,A090_mask.png,090,as,GT/damage_2_020/A090_mask.png,3332
Bird,GT,damage_2_020,A090_seg.png,090,eg,GT/damage_2_020/A090_seg.png,3297
Bird,GT,damage_2_020,A120_mask.png,120,as,GT/damage_2_020/A120_mask.png,3314
Bird,GT,damage_2_020,A120_seg.png,120,eg,GT/damage_2_020/A120_seg.png,3290
Bird,GT,damage_2_020,A150_mask.png,150,as,GT/damage_2_020/A150_mask.png,3061
Bird,GT,damage_2_020,A150_seg.png,150,eg,GT/damage_2_020/A150_seg.png,3036
Bird,GT,damage_2_020,A180_mask.png,180,as,GT/damage_2_020/A180_mask.png,3093
Bird,GT,damage_2_020,A180_seg.png,180,eg,GT/damage_2_020/A180_seg.png,3069
Bird,GT,damage_2_020,A210_mask.png,210,as,GT/damage_2_020/A210_mask.png,3129
Bird,GT,damage_2_020,A210_seg.png,210,eg,GT/damage_2_020/A210_seg.png,3102
Bird,GT,damage_2_020,A240_mask.png,240,as,GT/damage_2_020/A240_mask.png,3107
Bird,GT,damage_2_020,A240_seg.png,240,eg,GT/damage_2_020/A240_seg.png,3088
Bird,GT,damage_2_020,A270_mask.png,270,as,GT/damage_2_020/A270_mask.png,3038
Bird,GT,damage_2_020,A270_seg.png,270,eg,GT/damage_2_020/A270_seg.png,3032
Bird,GT,damage_2_043,A000_mask.png,000,as,GT/damage_2_043/A000_mask.png,3075
Bird,GT,damage_2_043,A000_seg.png,000,eg,GT/damage_2_043/A000_seg.png,3046
Bird,GT,damage_2_043,A030_mask.png,030,as,GT/damage_2_043/A030_mask.png,3162
Bird,GT,damage_2_043,A030_seg.png,030,eg,GT/damage_2_043/A030_seg.png,3130
Bird,GT,damage_2_043,A060_mask.png,060,as,GT/damage_2_043/A060_mask.png,3093
Bird,GT,damage_2_043,A060_seg.png,060,eg,GT/damage_2_043/A060_seg.png,3083
Bird,GT,damage_2_043,A090_mask.png,090,as,GT/damage_2_043/A090_mask.png,3051
Bird,GT,damage_2_043,A090_seg.png,090,eg,GT/damage_2_043/A090_seg.png,3034
Bird,GT,damage_2_043,A120_mask.png,120,as,GT/damage_2_043/A120_mask.png,3092
Bird,GT,damage_2_043,A120_seg.png,120,eg,GT/damage_2_043/A120_seg.png,3071
Bird,GT,damage_2_043,A150_mask.png,150,as,GT/damage_2_043/A150_mask.png,3109
Bird,GT,damage_2_043,A150_seg.png,150,eg,GT/damage_2_043/A150_seg.png,3082
Bird,GT,damage_2_043,A180_mask.png,180,as,GT/damage_2_043/A180_mask.png,3171
Bird,GT,damage_2_043,A180_seg.png,180,eg,GT/damage_2_043/A180_seg.png,3143
Bird,GT,damage_2_043,A210_mask.png,210,as,GT/damage_2_043/A210_mask.png,3340
Bird,GT,damage_2_043,A210_seg.png,210,eg,GT/damage_2_043/A210_seg.png,3295
Bird,GT,damage_2_043,A240_mask.png,240,as,GT/damage_2_043/A240_mask.png,3263
Bird,GT,damage_2_043,A240_seg.png,240,eg,GT/damage_2_043/A240_seg.png,3250
Bird,GT,damage_2_043,A270_mask.png,270,as,GT/damage_2_043/A270_mask.png,3552
Bird,GT,damage_2_043,A270_seg.png,270,eg,GT/damage_2_043/A270_seg.png,3539
Bird,GT,damage_2_043,A300_mask.png,300,as,GT/damage_2_043/A300_mask.png,3108
Bird,GT,damage_2_043,A300_seg.png,300,eg,GT/damage_2_043/A300_seg.png,3077
Bird,GT,damage_2_043,A330_mask.png,330,as,GT/damage_2_043/A330_mask.png,2999
Bird,GT,damage_2_043,A330_seg.png,330,eg,GT/damage_2_043/A330_seg.png,2975
Bird,GT,damage_2_044,A000_mask.png,000,as,GT/damage_2_044/A000_mask.png,3204
Bird,GT,damage_2_044,A000_seg.png,000,eg,GT/damage_2_044/A000_seg.png,3179
Bird,GT,damage_2_044,A030_mask.png,030,as,GT/damage_2_044/A030_mask.png,3263
Bird,GT,damage_2_044,A030_seg.png,030,eg,GT/damage_2_044/A030_seg.png,3233
Bird,GT,damage_2_044,A060_mask.png,060,as,GT/damage_2_044/A060_mask.png,3235
Bird,GT,damage_2_044,A060_seg.png,060,eg,GT/damage_2_044/A060_seg.png,3211
Bird,GT,damage_2_044,A090_mask.png,090,as,GT/damage_2_044/A090_mask.png,3184
Bird,GT,damage_2_044,A090_seg.png,090,eg,GT/damage_2_044/A090_seg.png,3177
Bird,GT,damage_2_044,A120_mask.png,120,as,GT/damage_2_044/A120_mask.png,3244
Bird,GT,damage_2_044,A120_seg.png,120,eg,GT/damage_2_044/A120_seg.png,3211
Bird,GT,damage_2_044,A150_mask.png,150,as,GT/damage_2_044/A150_mask.png,3032
Bird,GT,damage_2_044,A150_seg.png,150,eg,GT/damage_2_044/A150_seg.png,3014
Bird,GT,damage_2_044,A180_mask.png,180,as,GT/damage_2_044/A180_mask.png,3084
Bird,GT,damage_2_044,A180_seg.png,180,eg,GT/damage_2_044/A180_seg.png,3073
Bird,GT,damage_2_044,A210_mask.png,210,as,GT/damage_2_044/A210_mask.png,3157
Bird,GT,damage_2_044,A210_seg.png,210,eg,GT/damage_2_044/A210_seg.png,3142
Bird,GT,damage_2_044,A240_mask.png,240,as,GT/damage_2_044/A240_mask.png,3138
Bird,GT,damage_2_044,A240_seg.png,240,eg,GT/damage_2_044/A240_seg.png,3112
Bird,GT,damage_2_044,A270_mask.png,270,as,GT/damage_2_044/A270_mask.png,3388
Bird,GT,damage_2_044,A270_seg.png,270,eg,GT/damage_2_044/A270_seg.png,3357
Bird,GT,damage_2_044,A300_mask.png,300,as,GT/damage_2_044/A300_mask.png,3438
Bird,GT,damage_2_044,A300_seg.png,300,eg,GT/damage_2_044/A300_seg.png,3398
Bird,GT,damage_2_044,A330_mask.png,330,as,GT/damage_2_044/A330_mask.png,3389
Bird,GT,damage_2_044,A330_seg.png,330,eg,GT/damage_2_044/A330_seg.png,3351
Bird,GT,damage_2_hole_2_scratch_2_049,A000_mask.png,000,as,GT/damage_2_hole_2_scratch_2_049/A000_mask.png,2865
Bird,GT,damage_2_hole_2_scratch_2_049,A000_seg.png,000,eg,GT/damage_2_hole_2_scratch_2_049/A000_seg.png,2862
Bird,GT,damage_2_hole_2_scratch_2_049,A030_mask.png,030,as,GT/damage_2_hole_2_scratch_2_049/A030_mask.png,3175
Bird,GT,damage_2_hole_2_scratch_2_049,A030_seg.png,030,eg,GT/damage_2_hole_2_scratch_2_049/A030_seg.png,3141
Bird,GT,damage_2_hole_2_scratch_2_049,A060_mask.png,060,as,GT/damage_2_hole_2_scratch_2_049/A060_mask.png,3529
Bird,GT,damage_2_hole_2_scratch_2_049,A060_seg.png,060,eg,GT/damage_2_hole_2_scratch_2_049/A060_seg.png,3467
Bird,GT,damage_2_hole_2_scratch_2_049,A090_mask.png,090,as,GT/damage_2_hole_2_scratch_2_049/A090_mask.png,3165
Bird,GT,damage_2_hole_2_scratch_2_049,A090_seg.png,090,eg,GT/damage_2_hole_2_scratch_2_049/A090_seg.png,3125
Bird,GT,damage_2_hole_2_scratch_2_049,A120_mask.png,120,as,GT/damage_2_hole_2_scratch_2_049/A120_mask.png,3622
Bird,GT,damage_2_hole_2_scratch_2_049,A120_seg.png,120,eg,GT/damage_2_hole_2_scratch_2_049/A120_seg.png,3581
Bird,GT,damage_2_hole_2_scratch_2_049,A150_mask.png,150,as,GT/damage_2_hole_2_scratch_2_049/A150_mask.png,3457
Bird,GT,damage_2_hole_2_scratch_2_049,A150_seg.png,150,eg,GT/damage_2_hole_2_scratch_2_049/A150_seg.png,3434
Bird,GT,damage_2_hole_2_scratch_2_049,A180_mask.png,180,as,GT/damage_2_hole_2_scratch_2_049/A180_mask.png,3326
Bird,GT,damage_2_hole_2_scratch_2_049,A180_seg.png,180,eg,GT/damage_2_hole_2_scratch_2_049/A180_seg.png,3290
Bird,GT,damage_2_hole_2_scratch_2_049,A210_mask.png,210,as,GT/damage_2_hole_2_scratch_2_049/A210_mask.png,3219
Bird,GT,damage_2_hole_2_scratch_2_049,A210_seg.png,210,eg,GT/damage_2_hole_2_scratch_2_049/A210_seg.png,3179
Bird,GT,damage_2_hole_2_scratch_2_049,A240_mask.png,240,as,GT/damage_2_hole_2_scratch_2_049/A240_mask.png,3069
Bird,GT,damage_2_hole_2_scratch_2_049,A240_seg.png,240,eg,GT/damage_2_hole_2_scratch_2_049/A240_seg.png,3032
Bird,GT,damage_2_hole_2_scratch_2_049,A270_mask.png,270,as,GT/damage_2_hole_2_scratch_2_049/A270_mask.png,2999
Bird,GT,damage_2_hole_2_scratch_2_049,A270_seg.png,270,eg,GT/damage_2_hole_2_scratch_2_049/A270_seg.png,2977
Bird,GT,damage_2_hole_2_scratch_2_049,A300_mask.png,300,as,GT/damage_2_hole_2_scratch_2_049/A300_mask.png,2938
Bird,GT,damage_2_hole_2_scratch_2_049,A300_seg.png,300,eg,GT/damage_2_hole_2_scratch_2_049/A300_seg.png,2924
Bird,GT,damage_2_hole_2_scratch_2_049,A330_mask.png,330,as,GT/damage_2_hole_2_scratch_2_049/A330_mask.png,2853
Bird,GT,damage_2_hole_2_scratch_2_049,A330_seg.png,330,eg,GT/damage_2_hole_2_scratch_2_049/A330_seg.png,2850
Bird,GT,damage_3_019,A000_mask.png,000,as,GT/damage_3_019/A000_mask.png,3100
Bird,GT,damage_3_019,A000_seg.png,000,eg,GT/damage_3_019/A000_seg.png,3066
Bird,GT,damage_3_019,A030_mask.png,030,as,GT/damage_3_019/A030_mask.png,3029
Bird,GT,damage_3_019,A030_seg.png,030,eg,GT/damage_3_019/A030_seg.png,3004
Bird,GT,damage_3_019,A060_mask.png,060,as,GT/damage_3_019/A060_mask.png,3121
Bird,GT,damage_3_019,A060_seg.png,060,eg,GT/damage_3_019/A060_seg.png,3092
Bird,GT,damage_3_019,A120_mask.png,120,as,GT/damage_3_019/A120_mask.png,3015
Bird,GT,damage_3_019,A120_seg.png,120,eg,GT/damage_3_019/A120_seg.png,3004
Bird,GT,damage_3_019,A150_mask.png,150,as,GT/damage_3_019/A150_mask.png,3440
Bird,GT,damage_3_019,A150_seg.png,150,eg,GT/damage_3_019/A150_seg.png,3418
Bird,GT,damage_3_019,A180_mask.png,180,as,GT/damage_3_019/A180_mask.png,3515
Bird,GT,damage_3_019,A180_seg.png,180,eg,GT/damage_3_019/A180_seg.png,3471
Bird,GT,damage_3_019,A210_mask.png,210,as,GT/damage_3_019/A210_mask.png,3606
Bird,GT,damage_3_019,A210_seg.png,210,eg,GT/damage_3_019/A210_seg.png,3555
Bird,GT,damage_3_019,A240_mask.png,240,as,GT/damage_3_019/A240_mask.png,3660
Bird,GT,damage_3_019,A240_seg.png,240,eg,GT/damage_3_019/A240_seg.png,3626
Bird,GT,damage_3_019,A270_mask.png,270,as,GT/damage_3_019/A270_mask.png,3488
Bird,GT,damage_3_019,A270_seg.png,270,eg,GT/damage_3_019/A270_seg.png,3476
Bird,GT,damage_3_019,A300_mask.png,300,as,GT/damage_3_019/A300_mask.png,3229
Bird,GT,damage_3_019,A300_seg.png,300,eg,GT/damage_3_019/A300_seg.png,3202
Bird,GT,damage_3_019,A330_mask.png,330,as,GT/damage_3_019/A330_mask.png,3221
Bird,GT,damage_3_019,A330_seg.png,330,eg,GT/damage_3_019/A330_seg.png,3191
Bird,GT,damage_3_045,A000_mask.png,000,as,GT/damage_3_045/A000_mask.png,3615
Bird,GT,damage_3_045,A000_seg.png,000,eg,GT/damage_3_045/A000_seg.png,3590
Bird,GT,damage_3_045,A030_mask.png,030,as,GT/damage_3_045/A030_mask.png,4012
Bird,GT,damage_3_045,A030_seg.png,030,eg,GT/damage_3_045/A030_seg.png,3985
Bird,GT,damage_3_045,A060_mask.png,060,as,GT/damage_3_045/A060_mask.png,3667
Bird,GT,damage_3_045,A060_seg.png,060,eg,GT/damage_3_045/A060_seg.png,3620
Bird,GT,damage_3_045,A090_mask.png,090,as,GT/damage_3_045/A090_mask.png,3169
Bird,GT,damage_3_045,A090_seg.png,090,eg,GT/damage_3_045/A090_seg.png,3129
Bird,GT,damage_3_045,A120_mask.png,120,as,GT/damage_3_045/A120_mask.png,3095
Bird,GT,damage_3_045,A120_seg.png,120,eg,GT/damage_3_045/A120_seg.png,3066
Bird,GT,damage_3_045,A150_mask.png,150,as,GT/damage_3_045/A150_mask.png,3100
Bird,GT,damage_3_045,A150_seg.png,150,eg,GT/damage_3_045/A150_seg.png,3075
Bird,GT,damage_3_045,A180_mask.png,180,as,GT/damage_3_045/A180_mask.png,3327
Bird,GT,damage_3_045,A180_seg.png,180,eg,GT/damage_3_045/A180_seg.png,3295
Bird,GT,damage_3_045,A210_mask.png,210,as,GT/damage_3_045/A210_mask.png,3349
Bird,GT,damage_3_045,A210_seg.png,210,eg,GT/damage_3_045/A210_seg.png,3321
Bird,GT,damage_3_045,A240_mask.png,240,as,GT/damage_3_045/A240_mask.png,3264
Bird,GT,damage_3_045,A240_seg.png,240,eg,GT/damage_3_045/A240_seg.png,3246
Bird,GT,damage_3_045,A270_mask.png,270,as,GT/damage_3_045/A270_mask.png,3410
Bird,GT,damage_3_045,A270_seg.png,270,eg,GT/damage_3_045/A270_seg.png,3381
Bird,GT,damage_3_045,A300_mask.png,300,as,GT/damage_3_045/A300_mask.png,3532
Bird,GT,damage_3_045,A300_seg.png,300,eg,GT/damage_3_045/A300_seg.png,3489
Bird,GT,damage_3_045,A330_mask.png,330,as,GT/damage_3_045/A330_mask.png,3606
Bird,GT,damage_3_045,A330_seg.png,330,eg,GT/damage_3_045/A330_seg.png,3543
Bird,GT,hole_1_004,A000_mask.png,000,as,GT/hole_1_004/A000_mask.png,2972
Bird,GT,hole_1_004,A000_seg.png,000,eg,GT/hole_1_004/A000_seg.png,2959
Bird,GT,hole_1_004,A030_mask.png,030,as,GT/hole_1_004/A030_mask.png,2983
Bird,GT,hole_1_004,A030_seg.png,030,eg,GT/hole_1_004/A030_seg.png,2967
Bird,GT,hole_1_004,A060_mask.png,060,as,GT/hole_1_004/A060_mask.png,2970
Bird,GT,hole_1_004,A060_seg.png,060,eg,GT/hole_1_004/A060_seg.png,2955
Bird,GT,hole_1_004,A090_mask.png,090,as,GT/hole_1_004/A090_mask.png,2998
Bird,GT,hole_1_004,A090_seg.png,090,eg,GT/hole_1_004/A090_seg.png,2978
Bird,GT,hole_1_004,A330_mask.png,330,as,GT/hole_1_004/A330_mask.png,2924
Bird,GT,hole_1_004,A330_seg.png,330,eg,GT/hole_1_004/A330_seg.png,2919
Bird,GT,hole_1_005,A000_mask.png,000,as,GT/hole_1_005/A000_mask.png,2851
Bird,GT,hole_1_005,A000_seg.png,000,eg,GT/hole_1_005/A000_seg.png,2843
Bird,GT,hole_1_005,A030_mask.png,030,as,GT/hole_1_005/A030_mask.png,2886
Bird,GT,hole_1_005,A030_seg.png,030,eg,GT/hole_1_005/A030_seg.png,2869
Bird,GT,hole_1_005,A060_mask.png,060,as,GT/hole_1_005/A060_mask.png,2844
Bird,GT,hole_1_005,A060_seg.png,060,eg,GT/hole_1_005/A060_seg.png,2847
Bird,GT,hole_1_005,A240_mask.png,240,as,GT/hole_1_005/A240_mask.png,2845
Bird,GT,hole_1_005,A240_seg.png,240,eg,GT/hole_1_005/A240_seg.png,2847
Bird,GT,hole_1_005,A270_mask.png,270,as,GT/hole_1_005/A270_mask.png,2909
Bird,GT,hole_1_005,A270_seg.png,270,eg,GT/hole_1_005/A270_seg.png,2895
Bird,GT,hole_1_005,A300_mask.png,300,as,GT/hole_1_005/A300_mask.png,2892
Bird,GT,hole_1_005,A300_seg.png,300,eg,GT/hole_1_005/A300_seg.png,2883
Bird,GT,hole_1_005,A330_mask.png,330,as,GT/hole_1_005/A330_mask.png,2857
Bird,GT,hole_1_005,A330_seg.png,330,eg,GT/hole_1_005/A330_seg.png,2853
Bird,GT,hole_1_006,A000_mask.png,000,as,GT/hole_1_006/A000_mask.png,2918
Bird,GT,hole_1_006,A000_seg.png,000,eg,GT/hole_1_006/A000_seg.png,2908
Bird,GT,hole_1_006,A030_mask.png,030,as,GT/hole_1_006/A030_mask.png,2912
Bird,GT,hole_1_006,A030_seg.png,030,eg,GT/hole_1_006/A030_seg.png,2904
Bird,GT,hole_1_006,A060_mask.png,060,as,GT/hole_1_006/A060_mask.png,2854
Bird,GT,hole_1_006,A060_seg.png,060,eg,GT/hole_1_006/A060_seg.png,2848
Bird,GT,hole_1_006,A240_mask.png,240,as,GT/hole_1_006/A240_mask.png,2883
Bird,GT,hole_1_006,A240_seg.png,240,eg,GT/hole_1_006/A240_seg.png,2880
Bird,GT,hole_1_006,A270_mask.png,270,as,GT/hole_1_006/A270_mask.png,2916
Bird,GT,hole_1_006,A270_seg.png,270,eg,GT/hole_1_006/A270_seg.png,2907
Bird,GT,hole_1_006,A300_mask.png,300,as,GT/hole_1_006/A300_mask.png,2919
Bird,GT,hole_1_006,A300_seg.png,300,eg,GT/hole_1_006/A300_seg.png,2910
Bird,GT,hole_1_006,A330_mask.png,330,as,GT/hole_1_006/A330_mask.png,2925
Bird,GT,hole_1_006,A330_seg.png,330,eg,GT/hole_1_006/A330_seg.png,2909
Bird,GT,hole_1_007,A030_mask.png,030,as,GT/hole_1_007/A030_mask.png,2863
Bird,GT,hole_1_007,A030_seg.png,030,eg,GT/hole_1_007/A030_seg.png,2859
Bird,GT,hole_1_007,A060_mask.png,060,as,GT/hole_1_007/A060_mask.png,2856
Bird,GT,hole_1_007,A060_seg.png,060,eg,GT/hole_1_007/A060_seg.png,2849
Bird,GT,hole_1_007,A090_mask.png,090,as,GT/hole_1_007/A090_mask.png,2964
Bird,GT,hole_1_007,A090_seg.png,090,eg,GT/hole_1_007/A090_seg.png,2954
Bird,GT,hole_1_007,A120_mask.png,120,as,GT/hole_1_007/A120_mask.png,2933
Bird,GT,hole_1_007,A120_seg.png,120,eg,GT/hole_1_007/A120_seg.png,2920
Bird,GT,hole_1_007,A150_mask.png,150,as,GT/hole_1_007/A150_mask.png,2938
Bird,GT,hole_1_007,A150_seg.png,150,eg,GT/hole_1_007/A150_seg.png,2923
Bird,GT,hole_1_007,A180_mask.png,180,as,GT/hole_1_007/A180_mask.png,2960
Bird,GT,hole_1_007,A180_seg.png,180,eg,GT/hole_1_007/A180_seg.png,2943
Bird,GT,hole_1_007,A210_mask.png,210,as,GT/hole_1_007/A210_mask.png,2940
Bird,GT,hole_1_007,A210_seg.png,210,eg,GT/hole_1_007/A210_seg.png,2931
Bird,GT,hole_1_007,A240_mask.png,240,as,GT/hole_1_007/A240_mask.png,2895
Bird,GT,hole_1_007,A240_seg.png,240,eg,GT/hole_1_007/A240_seg.png,2899
Bird,GT,hole_1_025,A000_mask.png,000,as,GT/hole_1_025/A000_mask.png,2866
Bird,GT,hole_1_025,A000_seg.png,000,eg,GT/hole_1_025/A000_seg.png,2868
Bird,GT,hole_1_025,A030_mask.png,030,as,GT/hole_1_025/A030_mask.png,2873
Bird,GT,hole_1_025,A030_seg.png,030,eg,GT/hole_1_025/A030_seg.png,2863
Bird,GT,hole_1_025,A060_mask.png,060,as,GT/hole_1_025/A060_mask.png,2852
Bird,GT,hole_1_025,A060_seg.png,060,eg,GT/hole_1_025/A060_seg.png,2852
Bird,GT,hole_1_025,A330_mask.png,330,as,GT/hole_1_025/A330_mask.png,2855
Bird,GT,hole_1_025,A330_seg.png,330,eg,GT/hole_1_025/A330_seg.png,2850
Bird,GT,hole_1_026,A150_mask.png,150,as,GT/hole_1_026/A150_mask.png,2837
Bird,GT,hole_1_026,A150_seg.png,150,eg,GT/hole_1_026/A150_seg.png,2839
Bird,GT,hole_1_026,A180_mask.png,180,as,GT/hole_1_026/A180_mask.png,2861
Bird,GT,hole_1_026,A180_seg.png,180,eg,GT/hole_1_026/A180_seg.png,2855
Bird,GT,hole_1_026,A210_mask.png,210,as,GT/hole_1_026/A210_mask.png,2849
Bird,GT,hole_1_026,A210_seg.png,210,eg,GT/hole_1_026/A210_seg.png,2844
Bird,GT,hole_1_026,A240_mask.png,240,as,GT/hole_1_026/A240_mask.png,2836
Bird,GT,hole_1_026,A240_seg.png,240,eg,GT/hole_1_026/A240_seg.png,2836
Bird,GT,hole_1_026,A270_mask.png,270,as,GT/hole_1_026/A270_mask.png,2843
Bird,GT,hole_1_026,A270_seg.png,270,eg,GT/hole_1_026/A270_seg.png,2840
Bird,GT,hole_1_027,A000_mask.png,000,as,GT/hole_1_027/A000_mask.png,2957
Bird,GT,hole_1_027,A000_seg.png,000,eg,GT/hole_1_027/A000_seg.png,2939
Bird,GT,hole_1_027,A030_mask.png,030,as,GT/hole_1_027/A030_mask.png,2898
Bird,GT,hole_1_027,A030_seg.png,030,eg,GT/hole_1_027/A030_seg.png,2898
Bird,GT,hole_1_027,A060_mask.png,060,as,GT/hole_1_027/A060_mask.png,2887
Bird,GT,hole_1_027,A060_seg.png,060,eg,GT/hole_1_027/A060_seg.png,2872
Bird,GT,hole_1_027,A180_mask.png,180,as,GT/hole_1_027/A180_mask.png,2923
Bird,GT,hole_1_027,A180_seg.png,180,eg,GT/hole_1_027/A180_seg.png,2917
Bird,GT,hole_1_027,A210_mask.png,210,as,GT/hole_1_027/A210_mask.png,2921
Bird,GT,hole_1_027,A210_seg.png,210,eg,GT/hole_1_027/A210_seg.png,2909
Bird,GT,hole_1_027,A240_mask.png,240,as,GT/hole_1_027/A240_mask.png,2924
Bird,GT,hole_1_027,A240_seg.png,240,eg,GT/hole_1_027/A240_seg.png,2914
Bird,GT,hole_1_027,A270_mask.png,270,as,GT/hole_1_027/A270_mask.png,2895
Bird,GT,hole_1_027,A270_seg.png,270,eg,GT/hole_1_027/A270_seg.png,2884
Bird,GT,hole_1_027,A300_mask.png,300,as,GT/hole_1_027/A300_mask.png,2926
Bird,GT,hole_1_027,A300_seg.png,300,eg,GT/hole_1_027/A300_seg.png,2916
Bird,GT,hole_1_027,A330_mask.png,330,as,GT/hole_1_027/A330_mask.png,2940
Bird,GT,hole_1_027,A330_seg.png,330,eg,GT/hole_1_027/A330_seg.png,2919
Bird,GT,hole_1_028,A120_mask.png,120,as,GT/hole_1_028/A120_mask.png,2868
Bird,GT,hole_1_028,A120_seg.png,120,eg,GT/hole_1_028/A120_seg.png,2868
Bird,GT,hole_1_028,A150_mask.png,150,as,GT/hole_1_028/A150_mask.png,2880
Bird,GT,hole_1_028,A150_seg.png,150,eg,GT/hole_1_028/A150_seg.png,2868
Bird,GT,hole_1_028,A180_mask.png,180,as,GT/hole_1_028/A180_mask.png,2883
Bird,GT,hole_1_028,A180_seg.png,180,eg,GT/hole_1_028/A180_seg.png,2870
Bird,GT,hole_1_028,A210_mask.png,210,as,GT/hole_1_028/A210_mask.png,2851
Bird,GT,hole_1_028,A210_seg.png,210,eg,GT/hole_1_028/A210_seg.png,2844
Bird,GT,hole_1_028,A240_mask.png,240,as,GT/hole_1_028/A240_mask.png,2853
Bird,GT,hole_1_028,A240_seg.png,240,eg,GT/hole_1_028/A240_seg.png,2846
Bird,GT,hole_1_028,A270_mask.png,270,as,GT/hole_1_028/A270_mask.png,2846
Bird,GT,hole_1_028,A270_seg.png,270,eg,GT/hole_1_028/A270_seg.png,2846
Bird,GT,hole_2_015,A000_mask.png,000,as,GT/hole_2_015/A000_mask.png,2950
Bird,GT,hole_2_015,A000_seg.png,000,eg,GT/hole_2_015/A000_seg.png,2934
Bird,GT,hole_2_015,A030_mask.png,030,as,GT/hole_2_015/A030_mask.png,2953
Bird,GT,hole_2_015,A030_seg.png,030,eg,GT/hole_2_015/A030_seg.png,2938
Bird,GT,hole_2_015,A060_mask.png,060,as,GT/hole_2_015/A060_mask.png,2977
Bird,GT,hole_2_015,A060_seg.png,060,eg,GT/hole_2_015/A060_seg.png,2958
Bird,GT,hole_2_015,A090_mask.png,090,as,GT/hole_2_015/A090_mask.png,2955
Bird,GT,hole_2_015,A090_seg.png,090,eg,GT/hole_2_015/A090_seg.png,2944
Bird,GT,hole_2_015,A150_mask.png,150,as,GT/hole_2_015/A150_mask.png,2875
Bird,GT,hole_2_015,A150_seg.png,150,eg,GT/hole_2_015/A150_seg.png,2866
Bird,GT,hole_2_015,A180_mask.png,180,as,GT/hole_2_015/A180_mask.png,2858
Bird,GT,hole_2_015,A180_seg.png,180,eg,GT/hole_2_015/A180_seg.png,2850
Bird,GT,hole_2_015,A210_mask.png,210,as,GT/hole_2_015/A210_mask.png,2879
Bird,GT,hole_2_015,A210_seg.png,210,eg,GT/hole_2_015/A210_seg.png,2869
Bird,GT,hole_2_015,A240_mask.png,240,as,GT/hole_2_015/A240_mask.png,2869
Bird,GT,hole_2_015,A240_seg.png,240,eg,GT/hole_2_015/A240_seg.png,2871
Bird,GT,hole_2_015,A270_mask.png,270,as,GT/hole_2_015/A270_mask.png,2892
Bird,GT,hole_2_015,A270_seg.png,270,eg,GT/hole_2_015/A270_seg.png,2885
Bird,GT,hole_2_015,A300_mask.png,300,as,GT/hole_2_015/A300_mask.png,2868
Bird,GT,hole_2_015,A300_seg.png,300,eg,GT/hole_2_015/A300_seg.png,2862
Bird,GT,hole_2_015,A330_mask.png,330,as,GT/hole_2_015/A330_mask.png,2947
Bird,GT,hole_2_015,A330_seg.png,330,eg,GT/hole_2_015/A330_seg.png,2931
Bird,GT,hole_2_017,A000_mask.png,000,as,GT/hole_2_017/A000_mask.png,2893
Bird,GT,hole_2_017,A000_seg.png,000,eg,GT/hole_2_017/A000_seg.png,2882
Bird,GT,hole_2_017,A120_mask.png,120,as,GT/hole_2_017/A120_mask.png,2895
Bird,GT,hole_2_017,A120_seg.png,120,eg,GT/hole_2_017/A120_seg.png,2893
Bird,GT,hole_2_017,A150_mask.png,150,as,GT/hole_2_017/A150_mask.png,2960
Bird,GT,hole_2_017,A150_seg.png,150,eg,GT/hole_2_017/A150_seg.png,2944
Bird,GT,hole_2_017,A180_mask.png,180,as,GT/hole_2_017/A180_mask.png,3048
Bird,GT,hole_2_017,A180_seg.png,180,eg,GT/hole_2_017/A180_seg.png,3029
Bird,GT,hole_2_017,A210_mask.png,210,as,GT/hole_2_017/A210_mask.png,3105
Bird,GT,hole_2_017,A210_seg.png,210,eg,GT/hole_2_017/A210_seg.png,3084
Bird,GT,hole_2_017,A240_mask.png,240,as,GT/hole_2_017/A240_mask.png,3096
Bird,GT,hole_2_017,A240_seg.png,240,eg,GT/hole_2_017/A240_seg.png,3071
Bird,GT,hole_2_017,A270_mask.png,270,as,GT/hole_2_017/A270_mask.png,3079
Bird,GT,hole_2_017,A270_seg.png,270,eg,GT/hole_2_017/A270_seg.png,3060
Bird,GT,hole_2_017,A300_mask.png,300,as,GT/hole_2_017/A300_mask.png,2919
Bird,GT,hole_2_017,A300_seg.png,300,eg,GT/hole_2_017/A300_seg.png,2908
Bird,GT,hole_2_017,A330_mask.png,330,as,GT/hole_2_017/A330_mask.png,2928
Bird,GT,hole_2_017,A330_seg.png,330,eg,GT/hole_2_017/A330_seg.png,2922
Bird,GT,hole_2_037,A060_mask.png,060,as,GT/hole_2_037/A060_mask.png,2875
Bird,GT,hole_2_037,A060_seg.png,060,eg,GT/hole_2_037/A060_seg.png,2863
Bird,GT,hole_2_037,A090_mask.png,090,as,GT/hole_2_037/A090_mask.png,2877
Bird,GT,hole_2_037,A090_seg.png,090,eg,GT/hole_2_037/A090_seg.png,2872
Bird,GT,hole_2_037,A120_mask.png,120,as,GT/hole_2_037/A120_mask.png,2847
Bird,GT,hole_2_037,A120_seg.png,120,eg,GT/hole_2_037/A120_seg.png,2840
Bird,GT,hole_2_037,A150_mask.png,150,as,GT/hole_2_037/A150_mask.png,2792
Bird,GT,hole_2_037,A150_seg.png,150,eg,GT/hole_2_037/A150_seg.png,2795
Bird,GT,hole_3_016,A000_mask.png,000,as,GT/hole_3_016/A000_mask.png,2873
Bird,GT,hole_3_016,A000_seg.png,000,eg,GT/hole_3_016/A000_seg.png,2864
Bird,GT,hole_3_016,A030_mask.png,030,as,GT/hole_3_016/A030_mask.png,2896
Bird,GT,hole_3_016,A030_seg.png,030,eg,GT/hole_3_016/A030_seg.png,2893
Bird,GT,hole_3_016,A060_mask.png,060,as,GT/hole_3_016/A060_mask.png,2999
Bird,GT,hole_3_016,A060_seg.png,060,eg,GT/hole_3_016/A060_seg.png,2981
Bird,GT,hole_3_016,A150_mask.png,150,as,GT/hole_3_016/A150_mask.png,2956
Bird,GT,hole_3_016,A150_seg.png,150,eg,GT/hole_3_016/A150_seg.png,2944
Bird,GT,hole_3_016,A180_mask.png,180,as,GT/hole_3_016/A180_mask.png,2972
Bird,GT,hole_3_016,A180_seg.png,180,eg,GT/hole_3_016/A180_seg.png,2953
Bird,GT,hole_3_016,A210_mask.png,210,as,GT/hole_3_016/A210_mask.png,3075
Bird,GT,hole_3_016,A210_seg.png,210,eg,GT/hole_3_016/A210_seg.png,3058
Bird,GT,hole_3_016,A240_mask.png,240,as,GT/hole_3_016/A240_mask.png,2998
Bird,GT,hole_3_016,A240_seg.png,240,eg,GT/hole_3_016/A240_seg.png,2985
Bird,GT,hole_3_016,A270_mask.png,270,as,GT/hole_3_016/A270_mask.png,3098
Bird,GT,hole_3_016,A270_seg.png,270,eg,GT/hole_3_016/A270_seg.png,3072
Bird,GT,hole_3_016,A300_mask.png,300,as,GT/hole_3_016/A300_mask.png,2863
Bird,GT,hole_3_016,A300_seg.png,300,eg,GT/hole_3_016/A300_seg.png,2865
Bird,GT,hole_3_016,A330_mask.png,330,as,GT/hole_3_016/A330_mask.png,2882
Bird,GT,hole_3_016,A330_seg.png,330,eg,GT/hole_3_016/A330_seg.png,2872
Bird,GT,hole_3_038,A000_mask.png,000,as,GT/hole_3_038/A000_mask.png,2989
Bird,GT,hole_3_038,A000_seg.png,000,eg,GT/hole_3_038/A000_seg.png,2974
Bird,GT,hole_3_038,A030_mask.png,030,as,GT/hole_3_038/A030_mask.png,3052
Bird,GT,hole_3_038,A030_seg.png,030,eg,GT/hole_3_038/A030_seg.png,3024
Bird,GT,hole_3_038,A060_mask.png,060,as,GT/hole_3_038/A060_mask.png,2902
Bird,GT,hole_3_038,A060_seg.png,060,eg,GT/hole_3_038/A060_seg.png,2895
Bird,GT,hole_3_038,A090_mask.png,090,as,GT/hole_3_038/A090_mask.png,2904
Bird,GT,hole_3_038,A090_seg.png,090,eg,GT/hole_3_038/A090_seg.png,2897
Bird,GT,hole_3_038,A120_mask.png,120,as,GT/hole_3_038/A120_mask.png,2871
Bird,GT,hole_3_038,A120_seg.png,120,eg,GT/hole_3_038/A120_seg.png,2862
Bird,GT,hole_3_038,A150_mask.png,150,as,GT/hole_3_038/A150_mask.png,2945
Bird,GT,hole_3_038,A150_seg.png,150,eg,GT/hole_3_038/A150_seg.png,2928
Bird,GT,hole_3_038,A180_mask.png,180,as,GT/hole_3_038/A180_mask.png,2954
Bird,GT,hole_3_038,A180_seg.png,180,eg,GT/hole_3_038/A180_seg.png,2942
Bird,GT,hole_3_038,A210_mask.png,210,as,GT/hole_3_038/A210_mask.png,2948
Bird,GT,hole_3_038,A210_seg.png,210,eg,GT/hole_3_038/A210_seg.png,2941
Bird,GT,hole_3_038,A240_mask.png,240,as,GT/hole_3_038/A240_mask.png,2909
Bird,GT,hole_3_038,A240_seg.png,240,eg,GT/hole_3_038/A240_seg.png,2909
Bird,GT,hole_3_038,A270_mask.png,270,as,GT/hole_3_038/A270_mask.png,2976
Bird,GT,hole_3_038,A270_seg.png,270,eg,GT/hole_3_038/A270_seg.png,2961
Bird,GT,hole_3_038,A300_mask.png,300,as,GT/hole_3_038/A300_mask.png,3075
Bird,GT,hole_3_038,A300_seg.png,300,eg,GT/hole_3_038/A300_seg.png,3045
Bird,GT,hole_3_038,A330_mask.png,330,as,GT/hole_3_038/A330_mask.png,3023
Bird,GT,hole_3_038,A330_seg.png,330,eg,GT/hole_3_038/A330_seg.png,3005
Bird,GT,hole_3_039,A000_mask.png,000,as,GT/hole_3_039/A000_mask.png,3065
Bird,GT,hole_3_039,A000_seg.png,000,eg,GT/hole_3_039/A000_seg.png,3050
Bird,GT,hole_3_039,A030_mask.png,030,as,GT/hole_3_039/A030_mask.png,3077
Bird,GT,hole_3_039,A030_seg.png,030,eg,GT/hole_3_039/A030_seg.png,3058
Bird,GT,hole_3_039,A060_mask.png,060,as,GT/hole_3_039/A060_mask.png,3046
Bird,GT,hole_3_039,A060_seg.png,060,eg,GT/hole_3_039/A060_seg.png,3028
Bird,GT,hole_3_039,A090_mask.png,090,as,GT/hole_3_039/A090_mask.png,2949
Bird,GT,hole_3_039,A090_seg.png,090,eg,GT/hole_3_039/A090_seg.png,2937
Bird,GT,hole_3_039,A120_mask.png,120,as,GT/hole_3_039/A120_mask.png,2908
Bird,GT,hole_3_039,A120_seg.png,120,eg,GT/hole_3_039/A120_seg.png,2903
Bird,GT,hole_3_039,A150_mask.png,150,as,GT/hole_3_039/A150_mask.png,2845
Bird,GT,hole_3_039,A150_seg.png,150,eg,GT/hole_3_039/A150_seg.png,2835
Bird,GT,hole_3_039,A180_mask.png,180,as,GT/hole_3_039/A180_mask.png,2838
Bird,GT,hole_3_039,A180_seg.png,180,eg,GT/hole_3_039/A180_seg.png,2834
Bird,GT,hole_3_039,A210_mask.png,210,as,GT/hole_3_039/A210_mask.png,2876
Bird,GT,hole_3_039,A210_seg.png,210,eg,GT/hole_3_039/A210_seg.png,2861
Bird,GT,hole_3_039,A240_mask.png,240,as,GT/hole_3_039/A240_mask.png,2864
Bird,GT,hole_3_039,A240_seg.png,240,eg,GT/hole_3_039/A240_seg.png,2855
Bird,GT,hole_3_039,A270_mask.png,270,as,GT/hole_3_039/A270_mask.png,2907
Bird,GT,hole_3_039,A270_seg.png,270,eg,GT/hole_3_039/A270_seg.png,2893
Bird,GT,hole_3_039,A300_mask.png,300,as,GT/hole_3_039/A300_mask.png,2933
Bird,GT,hole_3_039,A300_seg.png,300,eg,GT/hole_3_039/A300_seg.png,2920
Bird,GT,hole_3_039,A330_mask.png,330,as,GT/hole_3_039/A330_mask.png,3002
Bird,GT,hole_3_039,A330_seg.png,330,eg,GT/hole_3_039/A330_seg.png,2999
Bird,GT,scratch_1_000,A060_mask.png,060,as,GT/scratch_1_000/A060_mask.png,3023
Bird,GT,scratch_1_000,A060_seg.png,060,eg,GT/scratch_1_000/A060_seg.png,3006
Bird,GT,scratch_1_000,A090_mask.png,090,as,GT/scratch_1_000/A090_mask.png,3486
Bird,GT,scratch_1_000,A090_seg.png,090,eg,GT/scratch_1_000/A090_seg.png,3445
Bird,GT,scratch_1_000,A120_mask.png,120,as,GT/scratch_1_000/A120_mask.png,3738
Bird,GT,scratch_1_000,A120_seg.png,120,eg,GT/scratch_1_000/A120_seg.png,3675
Bird,GT,scratch_1_000,A150_mask.png,150,as,GT/scratch_1_000/A150_mask.png,4225
Bird,GT,scratch_1_000,A150_seg.png,150,eg,GT/scratch_1_000/A150_seg.png,4131
Bird,GT,scratch_1_000,A180_mask.png,180,as,GT/scratch_1_000/A180_mask.png,4323
Bird,GT,scratch_1_000,A180_seg.png,180,eg,GT/scratch_1_000/A180_seg.png,4272
Bird,GT,scratch_1_000,A210_mask.png,210,as,GT/scratch_1_000/A210_mask.png,3988
Bird,GT,scratch_1_000,A210_seg.png,210,eg,GT/scratch_1_000/A210_seg.png,3989
Bird,GT,scratch_1_000,A240_mask.png,240,as,GT/scratch_1_000/A240_mask.png,2903
Bird,GT,scratch_1_000,A240_seg.png,240,eg,GT/scratch_1_000/A240_seg.png,2898
Bird,GT,scratch_1_000,A270_mask.png,270,as,GT/scratch_1_000/A270_mask.png,2904
Bird,GT,scratch_1_000,A270_seg.png,270,eg,GT/scratch_1_000/A270_seg.png,2895
Bird,GT,scratch_1_001,A000_mask.png,000,as,GT/scratch_1_001/A000_mask.png,2941
Bird,GT,scratch_1_001,A000_seg.png,000,eg,GT/scratch_1_001/A000_seg.png,2932
Bird,GT,scratch_1_001,A030_mask.png,030,as,GT/scratch_1_001/A030_mask.png,2916
Bird,GT,scratch_1_001,A030_seg.png,030,eg,GT/scratch_1_001/A030_seg.png,2908
Bird,GT,scratch_1_001,A060_mask.png,060,as,GT/scratch_1_001/A060_mask.png,2917
Bird,GT,scratch_1_001,A060_seg.png,060,eg,GT/scratch_1_001/A060_seg.png,2909
Bird,GT,scratch_1_001,A120_mask.png,120,as,GT/scratch_1_001/A120_mask.png,3115
Bird,GT,scratch_1_001,A120_seg.png,120,eg,GT/scratch_1_001/A120_seg.png,3090
Bird,GT,scratch_1_001,A150_mask.png,150,as,GT/scratch_1_001/A150_mask.png,3338
Bird,GT,scratch_1_001,A150_seg.png,150,eg,GT/scratch_1_001/A150_seg.png,3294
Bird,GT,scratch_1_001,A180_mask.png,180,as,GT/scratch_1_001/A180_mask.png,3529
Bird,GT,scratch_1_001,A180_seg.png,180,eg,GT/scratch_1_001/A180_seg.png,3463
Bird,GT,scratch_1_001,A210_mask.png,210,as,GT/scratch_1_001/A210_mask.png,3826
Bird,GT,scratch_1_001,A210_seg.png,210,eg,GT/scratch_1_001/A210_seg.png,3756
Bird,GT,scratch_1_001,A240_mask.png,240,as,GT/scratch_1_001/A240_mask.png,3983
Bird,GT,scratch_1_001,A240_seg.png,240,eg,GT/scratch_1_001/A240_seg.png,3931
Bird,GT,scratch_1_001,A270_mask.png,270,as,GT/scratch_1_001/A270_mask.png,3967
Bird,GT,scratch_1_001,A270_seg.png,270,eg,GT/scratch_1_001/A270_seg.png,3962
Bird,GT,scratch_1_001,A300_mask.png,300,as,GT/scratch_1_001/A300_mask.png,3977
Bird,GT,scratch_1_001,A300_seg.png,300,eg,GT/scratch_1_001/A300_seg.png,3938
Bird,GT,scratch_1_001,A330_mask.png,330,as,GT/scratch_1_001/A330_mask.png,2964
Bird,GT,scratch_1_001,A330_seg.png,330,eg,GT/scratch_1_001/A330_seg.png,2946
Bird,GT,scratch_1_002,A000_mask.png,000,as,GT/scratch_1_002/A000_mask.png,3651
Bird,GT,scratch_1_002,A000_seg.png,000,eg,GT/scratch_1_002/A000_seg.png,3623
Bird,GT,scratch_1_002,A030_mask.png,030,as,GT/scratch_1_002/A030_mask.png,3964
Bird,GT,scratch_1_002,A030_seg.png,030,eg,GT/scratch_1_002/A030_seg.png,3910
Bird,GT,scratch_1_002,A060_mask.png,060,as,GT/scratch_1_002/A060_mask.png,3701
Bird,GT,scratch_1_002,A060_seg.png,060,eg,GT/scratch_1_002/A060_seg.png,3659
Bird,GT,scratch_1_002,A090_mask.png,090,as,GT/scratch_1_002/A090_mask.png,3586
Bird,GT,scratch_1_002,A090_seg.png,090,eg,GT/scratch_1_002/A090_seg.png,3541
Bird,GT,scratch_1_002,A120_mask.png,120,as,GT/scratch_1_002/A120_mask.png,3408
Bird,GT,scratch_1_002,A120_seg.png,120,eg,GT/scratch_1_002/A120_seg.png,3374
Bird,GT,scratch_1_002,A150_mask.png,150,as,GT/scratch_1_002/A150_mask.png,3073
Bird,GT,scratch_1_002,A150_seg.png,150,eg,GT/scratch_1_002/A150_seg.png,3059
Bird,GT,scratch_1_002,A180_mask.png,180,as,GT/scratch_1_002/A180_mask.png,3068
Bird,GT,scratch_1_002,A180_seg.png,180,eg,GT/scratch_1_002/A180_seg.png,3064
Bird,GT,scratch_1_002,A210_mask.png,210,as,GT/scratch_1_002/A210_mask.png,2902
Bird,GT,scratch_1_002,A210_seg.png,210,eg,GT/scratch_1_002/A210_seg.png,2883
Bird,GT,scratch_1_002,A240_mask.png,240,as,GT/scratch_1_002/A240_mask.png,2861
Bird,GT,scratch_1_002,A240_seg.png,240,eg,GT/scratch_1_002/A240_seg.png,2860
Bird,GT,scratch_1_002,A270_mask.png,270,as,GT/scratch_1_002/A270_mask.png,3511
Bird,GT,scratch_1_002,A270_seg.png,270,eg,GT/scratch_1_002/A270_seg.png,3470
Bird,GT,scratch_1_002,A300_mask.png,300,as,GT/scratch_1_002/A300_mask.png,3633
Bird,GT,scratch_1_002,A300_seg.png,300,eg,GT/scratch_1_002/A300_seg.png,3601
Bird,GT,scratch_1_002,A330_mask.png,330,as,GT/scratch_1_002/A330_mask.png,3730
Bird,GT,scratch_1_002,A330_seg.png,330,eg,GT/scratch_1_002/A330_seg.png,3715
Bird,GT,scratch_1_003,A150_mask.png,150,as,GT/scratch_1_003/A150_mask.png,3015
Bird,GT,scratch_1_003,A150_seg.png,150,eg,GT/scratch_1_003/A150_seg.png,3005
Bird,GT,scratch_1_003,A180_mask.png,180,as,GT/scratch_1_003/A180_mask.png,3081
Bird,GT,scratch_1_003,A180_seg.png,180,eg,GT/scratch_1_003/A180_seg.png,3049
Bird,GT,scratch_1_003,A210_mask.png,210,as,GT/scratch_1_003/A210_mask.png,2980
Bird,GT,scratch_1_003,A210_seg.png,210,eg,GT/scratch_1_003/A210_seg.png,2954
Bird,GT,scratch_1_003,A240_mask.png,240,as,GT/scratch_1_003/A240_mask.png,3138
Bird,GT,scratch_1_003,A240_seg.png,240,eg,GT/scratch_1_003/A240_seg.png,3098
Bird,GT,scratch_1_003,A270_mask.png,270,as,GT/scratch_1_003/A270_mask.png,3190
Bird,GT,scratch_1_003,A270_seg.png,270,eg,GT/scratch_1_003/A270_seg.png,3152
Bird,GT,scratch_1_003,A300_mask.png,300,as,GT/scratch_1_003/A300_mask.png,3070
Bird,GT,scratch_1_003,A300_seg.png,300,eg,GT/scratch_1_003/A300_seg.png,3067
Bird,GT,scratch_1_029,A120_mask.png,120,as,GT/scratch_1_029/A120_mask.png,3075
Bird,GT,scratch_1_029,A120_seg.png,120,eg,GT/scratch_1_029/A120_seg.png,3037
Bird,GT,scratch_1_029,A150_mask.png,150,as,GT/scratch_1_029/A150_mask.png,3218
Bird,GT,scratch_1_029,A150_seg.png,150,eg,GT/scratch_1_029/A150_seg.png,3169
Bird,GT,scratch_1_029,A180_mask.png,180,as,GT/scratch_1_029/A180_mask.png,3206
Bird,GT,scratch_1_029,A180_seg.png,180,eg,GT/scratch_1_029/A180_seg.png,3169
Bird,GT,scratch_1_029,A210_mask.png,210,as,GT/scratch_1_029/A210_mask.png,3213
Bird,GT,scratch_1_029,A210_seg.png,210,eg,GT/scratch_1_029/A210_seg.png,3230
Bird,GT,scratch_1_029,A240_mask.png,240,as,GT/scratch_1_029/A240_mask.png,3228
Bird,GT,scratch_1_029,A240_seg.png,240,eg,GT/scratch_1_029/A240_seg.png,3208
Bird,GT,scratch_1_029,A270_mask.png,270,as,GT/scratch_1_029/A270_mask.png,3238
Bird,GT,scratch_1_029,A270_seg.png,270,eg,GT/scratch_1_029/A270_seg.png,3203
Bird,GT,scratch_1_029,A300_mask.png,300,as,GT/scratch_1_029/A300_mask.png,3187
Bird,GT,scratch_1_029,A300_seg.png,300,eg,GT/scratch_1_029/A300_seg.png,3143
Bird,GT,scratch_1_029,A330_mask.png,330,as,GT/scratch_1_029/A330_mask.png,3032
Bird,GT,scratch_1_029,A330_seg.png,330,eg,GT/scratch_1_029/A330_seg.png,3005
Bird,GT,scratch_1_030,A060_mask.png,060,as,GT/scratch_1_030/A060_mask.png,3094
Bird,GT,scratch_1_030,A060_seg.png,060,eg,GT/scratch_1_030/A060_seg.png,3077
Bird,GT,scratch_1_030,A090_mask.png,090,as,GT/scratch_1_030/A090_mask.png,3124
Bird,GT,scratch_1_030,A090_seg.png,090,eg,GT/scratch_1_030/A090_seg.png,3093
Bird,GT,scratch_1_030,A120_mask.png,120,as,GT/scratch_1_030/A120_mask.png,3119
Bird,GT,scratch_1_030,A120_seg.png,120,eg,GT/scratch_1_030/A120_seg.png,3065
Bird,GT,scratch_1_030,A150_mask.png,150,as,GT/scratch_1_030/A150_mask.png,2896
Bird,GT,scratch_1_030,A150_seg.png,150,eg,GT/scratch_1_030/A150_seg.png,2881
Bird,GT,scratch_1_030,A180_mask.png,180,as,GT/scratch_1_030/A180_mask.png,3361
Bird,GT,scratch_1_030,A180_seg.png,180,eg,GT/scratch_1_030/A180_seg.png,3281
Bird,GT,scratch_1_031,A000_mask.png,000,as,GT/scratch_1_031/A000_mask.png,3204
Bird,GT,scratch_1_031,A000_seg.png,000,eg,GT/scratch_1_031/A000_seg.png,3155
Bird,GT,scratch_1_031,A060_mask.png,060,as,GT/scratch_1_031/A060_mask.png,3415
Bird,GT,scratch_1_031,A060_seg.png,060,eg,GT/scratch_1_031/A060_seg.png,3376
Bird,GT,scratch_1_031,A090_mask.png,090,as,GT/scratch_1_031/A090_mask.png,3341
Bird,GT,scratch_1_031,A090_seg.png,090,eg,GT/scratch_1_031/A090_seg.png,3322
Bird,GT,scratch_1_032,A000_mask.png,000,as,GT/scratch_1_032/A000_mask.png,2895
Bird,GT,scratch_1_032,A000_seg.png,000,eg,GT/scratch_1_032/A000_seg.png,2889
Bird,GT,scratch_1_032,A030_mask.png,030,as,GT/scratch_1_032/A030_mask.png,3152
Bird,GT,scratch_1_032,A030_seg.png,030,eg,GT/scratch_1_032/A030_seg.png,3114
Bird,GT,scratch_1_032,A060_mask.png,060,as,GT/scratch_1_032/A060_mask.png,3342
Bird,GT,scratch_1_032,A060_seg.png,060,eg,GT/scratch_1_032/A060_seg.png,3288
Bird,GT,scratch_1_032,A090_mask.png,090,as,GT/scratch_1_032/A090_mask.png,3417
Bird,GT,scratch_1_032,A090_seg.png,090,eg,GT/scratch_1_032/A090_seg.png,3345
Bird,GT,scratch_1_032,A120_mask.png,120,as,GT/scratch_1_032/A120_mask.png,3754
Bird,GT,scratch_1_032,A120_seg.png,120,eg,GT/scratch_1_032/A120_seg.png,3674
Bird,GT,scratch_1_032,A150_mask.png,150,as,GT/scratch_1_032/A150_mask.png,3699
Bird,GT,scratch_1_032,A150_seg.png,150,eg,GT/scratch_1_032/A150_seg.png,3669
Bird,GT,scratch_2_012,A000_mask.png,000,as,GT/scratch_2_012/A000_mask.png,3846
Bird,GT,scratch_2_012,A000_seg.png,000,eg,GT/scratch_2_012/A000_seg.png,3778
Bird,GT,scratch_2_012,A030_mask.png,030,as,GT/scratch_2_012/A030_mask.png,3341
Bird,GT,scratch_2_012,A030_seg.png,030,eg,GT/scratch_2_012/A030_seg.png,3277
Bird,GT,scratch_2_012,A060_mask.png,060,as,GT/scratch_2_012/A060_mask.png,3175
Bird,GT,scratch_2_012,A060_seg.png,060,eg,GT/scratch_2_012/A060_seg.png,3143
Bird,GT,scratch_2_012,A090_mask.png,090,as,GT/scratch_2_012/A090_mask.png,3469
Bird,GT,scratch_2_012,A090_seg.png,090,eg,GT/scratch_2_012/A090_seg.png,3435
Bird,GT,scratch_2_012,A120_mask.png,120,as,GT/scratch_2_012/A120_mask.png,3462
Bird,GT,scratch_2_012,A120_seg.png,120,eg,GT/scratch_2_012/A120_seg.png,3414
Bird,GT,scratch_2_012,A150_mask.png,150,as,GT/scratch_2_012/A150_mask.png,3373
Bird,GT,scratch_2_012,A150_seg.png,150,eg,GT/scratch_2_012/A150_seg.png,3314
Bird,GT,scratch_2_012,A180_mask.png,180,as,GT/scratch_2_012/A180_mask.png,3253
Bird,GT,scratch_2_012,A180_seg.png,180,eg,GT/scratch_2_012/A180_seg.png,3203
Bird,GT,scratch_2_012,A210_mask.png,210,as,GT/scratch_2_012/A210_mask.png,3467
Bird,GT,scratch_2_012,A210_seg.png,210,eg,GT/scratch_2_012/A210_seg.png,3406
Bird,GT,scratch_2_012,A240_mask.png,240,as,GT/scratch_2_012/A240_mask.png,3543
Bird,GT,scratch_2_012,A240_seg.png,240,eg,GT/scratch_2_012/A240_seg.png,3487
Bird,GT,scratch_2_012,A270_mask.png,270,as,GT/scratch_2_012/A270_mask.png,3849
Bird,GT,scratch_2_012,A270_seg.png,270,eg,GT/scratch_2_012/A270_seg.png,3833
Bird,GT,scratch_2_012,A300_mask.png,300,as,GT/scratch_2_012/A300_mask.png,3714
Bird,GT,scratch_2_012,A300_seg.png,300,eg,GT/scratch_2_012/A300_seg.png,3697
Bird,GT,scratch_2_012,A330_mask.png,330,as,GT/scratch_2_012/A330_mask.png,3846
Bird,GT,scratch_2_012,A330_seg.png,330,eg,GT/scratch_2_012/A330_seg.png,3802
Bird,GT,scratch_2_014,A000_mask.png,000,as,GT/scratch_2_014/A000_mask.png,3372
Bird,GT,scratch_2_014,A000_seg.png,000,eg,GT/scratch_2_014/A000_seg.png,3313
Bird,GT,scratch_2_014,A030_mask.png,030,as,GT/scratch_2_014/A030_mask.png,3217
Bird,GT,scratch_2_014,A030_seg.png,030,eg,GT/scratch_2_014/A030_seg.png,3172
Bird,GT,scratch_2_014,A060_mask.png,060,as,GT/scratch_2_014/A060_mask.png,2929
Bird,GT,scratch_2_014,A060_seg.png,060,eg,GT/scratch_2_014/A060_seg.png,2907
Bird,GT,scratch_2_014,A090_mask.png,090,as,GT/scratch_2_014/A090_mask.png,3159
Bird,GT,scratch_2_014,A090_seg.png,090,eg,GT/scratch_2_014/A090_seg.png,3141
Bird,GT,scratch_2_014,A120_mask.png,120,as,GT/scratch_2_014/A120_mask.png,3255
Bird,GT,scratch_2_014,A120_seg.png,120,eg,GT/scratch_2_014/A120_seg.png,3217
Bird,GT,scratch_2_014,A150_mask.png,150,as,GT/scratch_2_014/A150_mask.png,3245
Bird,GT,scratch_2_014,A150_seg.png,150,eg,GT/scratch_2_014/A150_seg.png,3203
Bird,GT,scratch_2_014,A180_mask.png,180,as,GT/scratch_2_014/A180_mask.png,3383
Bird,GT,scratch_2_014,A180_seg.png,180,eg,GT/scratch_2_014/A180_seg.png,3330
Bird,GT,scratch_2_014,A210_mask.png,210,as,GT/scratch_2_014/A210_mask.png,3470
Bird,GT,scratch_2_014,A210_seg.png,210,eg,GT/scratch_2_014/A210_seg.png,3429
Bird,GT,scratch_2_014,A240_mask.png,240,as,GT/scratch_2_014/A240_mask.png,4379
Bird,GT,scratch_2_014,A240_seg.png,240,eg,GT/scratch_2_014/A240_seg.png,4351
Bird,GT,scratch_2_014,A270_mask.png,270,as,GT/scratch_2_014/A270_mask.png,4400
Bird,GT,scratch_2_014,A270_seg.png,270,eg,GT/scratch_2_014/A270_seg.png,4397
Bird,GT,scratch_2_014,A300_mask.png,300,as,GT/scratch_2_014/A300_mask.png,3802
Bird,GT,scratch_2_014,A300_seg.png,300,eg,GT/scratch_2_014/A300_seg.png,3743
Bird,GT,scratch_2_014,A330_mask.png,330,as,GT/scratch_2_014/A330_mask.png,3559
Bird,GT,scratch_2_014,A330_seg.png,330,eg,GT/scratch_2_014/A330_seg.png,3510
Bird,GT,scratch_2_042,A000_mask.png,000,as,GT/scratch_2_042/A000_mask.png,3288
Bird,GT,scratch_2_042,A000_seg.png,000,eg,GT/scratch_2_042/A000_seg.png,3230
Bird,GT,scratch_2_042,A030_mask.png,030,as,GT/scratch_2_042/A030_mask.png,3857
Bird,GT,scratch_2_042,A030_seg.png,030,eg,GT/scratch_2_042/A030_seg.png,3809
Bird,GT,scratch_2_042,A060_mask.png,060,as,GT/scratch_2_042/A060_mask.png,3768
Bird,GT,scratch_2_042,A060_seg.png,060,eg,GT/scratch_2_042/A060_seg.png,3692
Bird,GT,scratch_2_042,A090_mask.png,090,as,GT/scratch_2_042/A090_mask.png,3356
Bird,GT,scratch_2_042,A090_seg.png,090,eg,GT/scratch_2_042/A090_seg.png,3278
Bird,GT,scratch_2_042,A120_mask.png,120,as,GT/scratch_2_042/A120_mask.png,3100
Bird,GT,scratch_2_042,A120_seg.png,120,eg,GT/scratch_2_042/A120_seg.png,3062
Bird,GT,scratch_2_042,A150_mask.png,150,as,GT/scratch_2_042/A150_mask.png,3137
Bird,GT,scratch_2_042,A150_seg.png,150,eg,GT/scratch_2_042/A150_seg.png,3094
Bird,GT,scratch_2_042,A180_mask.png,180,as,GT/scratch_2_042/A180_mask.png,3369
Bird,GT,scratch_2_042,A180_seg.png,180,eg,GT/scratch_2_042/A180_seg.png,3335
Bird,GT,scratch_2_042,A210_mask.png,210,as,GT/scratch_2_042/A210_mask.png,3787
Bird,GT,scratch_2_042,A210_seg.png,210,eg,GT/scratch_2_042/A210_seg.png,3758
Bird,GT,scratch_2_042,A270_mask.png,270,as,GT/scratch_2_042/A270_mask.png,3719
Bird,GT,scratch_2_042,A270_seg.png,270,eg,GT/scratch_2_042/A270_seg.png,3681
Bird,GT,scratch_2_042,A300_mask.png,300,as,GT/scratch_2_042/A300_mask.png,3803
Bird,GT,scratch_2_042,A300_seg.png,300,eg,GT/scratch_2_042/A300_seg.png,3731
Bird,GT,scratch_2_042,A330_mask.png,330,as,GT/scratch_2_042/A330_mask.png,3596
Bird,GT,scratch_2_042,A330_seg.png,330,eg,GT/scratch_2_042/A330_seg.png,3521
Bird,GT,scratch_3_013,A000_mask.png,000,as,GT/scratch_3_013/A000_mask.png,3453
Bird,GT,scratch_3_013,A000_seg.png,000,eg,GT/scratch_3_013/A000_seg.png,3419
Bird,GT,scratch_3_013,A030_mask.png,030,as,GT/scratch_3_013/A030_mask.png,3437
Bird,GT,scratch_3_013,A030_seg.png,030,eg,GT/scratch_3_013/A030_seg.png,3422
Bird,GT,scratch_3_013,A060_mask.png,060,as,GT/scratch_3_013/A060_mask.png,3246
Bird,GT,scratch_3_013,A060_seg.png,060,eg,GT/scratch_3_013/A060_seg.png,3211
Bird,GT,scratch_3_013,A090_mask.png,090,as,GT/scratch_3_013/A090_mask.png,3053
Bird,GT,scratch_3_013,A090_seg.png,090,eg,GT/scratch_3_013/A090_seg.png,3039
Bird,GT,scratch_3_013,A120_mask.png,120,as,GT/scratch_3_013/A120_mask.png,3177
Bird,GT,scratch_3_013,A120_seg.png,120,eg,GT/scratch_3_013/A120_seg.png,3152
Bird,GT,scratch_3_013,A150_mask.png,150,as,GT/scratch_3_013/A150_mask.png,3633
Bird,GT,scratch_3_013,A150_seg.png,150,eg,GT/scratch_3_013/A150_seg.png,3579
Bird,GT,scratch_3_013,A180_mask.png,180,as,GT/scratch_3_013/A180_mask.png,3533
Bird,GT,scratch_3_013,A180_seg.png,180,eg,GT/scratch_3_013/A180_seg.png,3491
Bird,GT,scratch_3_013,A210_mask.png,210,as,GT/scratch_3_013/A210_mask.png,3253
Bird,GT,scratch_3_013,A210_seg.png,210,eg,GT/scratch_3_013/A210_seg.png,3209
Bird,GT,scratch_3_013,A240_mask.png,240,as,GT/scratch_3_013/A240_mask.png,3551
Bird,GT,scratch_3_013,A240_seg.png,240,eg,GT/scratch_3_013/A240_seg.png,3486
Bird,GT,scratch_3_013,A270_mask.png,270,as,GT/scratch_3_013/A270_mask.png,3281
Bird,GT,scratch_3_013,A270_seg.png,270,eg,GT/scratch_3_013/A270_seg.png,3249
Bird,GT,scratch_3_013,A300_mask.png,300,as,GT/scratch_3_013/A300_mask.png,3455
Bird,GT,scratch_3_013,A300_seg.png,300,eg,GT/scratch_3_013/A300_seg.png,3413
Bird,GT,scratch_3_013,A330_mask.png,330,as,GT/scratch_3_013/A330_mask.png,3568
Bird,GT,scratch_3_013,A330_seg.png,330,eg,GT/scratch_3_013/A330_seg.png,3530
Bird,GT,scratch_3_040,A000_mask.png,000,as,GT/scratch_3_040/A000_mask.png,3501
Bird,GT,scratch_3_040,A000_seg.png,000,eg,GT/scratch_3_040/A000_seg.png,3482
Bird,GT,scratch_3_040,A030_mask.png,030,as,GT/scratch_3_040/A030_mask.png,3890
Bird,GT,scratch_3_040,A030_seg.png,030,eg,GT/scratch_3_040/A030_seg.png,3838
Bird,GT,scratch_3_040,A060_mask.png,060,as,GT/scratch_3_040/A060_mask.png,4294
Bird,GT,scratch_3_040,A060_seg.png,060,eg,GT/scratch_3_040/A060_seg.png,4227
Bird,GT,scratch_3_040,A090_mask.png,090,as,GT/scratch_3_040/A090_mask.png,4190
Bird,GT,scratch_3_040,A090_seg.png,090,eg,GT/scratch_3_040/A090_seg.png,4155
Bird,GT,scratch_3_040,A120_mask.png,120,as,GT/scratch_3_040/A120_mask.png,4250
Bird,GT,scratch_3_040,A120_seg.png,120,eg,GT/scratch_3_040/A120_seg.png,4249
Bird,GT,scratch_3_040,A150_mask.png,150,as,GT/scratch_3_040/A150_mask.png,3619
Bird,GT,scratch_3_040,A150_seg.png,150,eg,GT/scratch_3_040/A150_seg.png,3656
Bird,GT,scratch_3_040,A180_mask.png,180,as,GT/scratch_3_040/A180_mask.png,3739
Bird,GT,scratch_3_040,A180_seg.png,180,eg,GT/scratch_3_040/A180_seg.png,3734
Bird,GT,scratch_3_040,A210_mask.png,210,as,GT/scratch_3_040/A210_mask.png,3501
Bird,GT,scratch_3_040,A210_seg.png,210,eg,GT/scratch_3_040/A210_seg.png,3465
Bird,GT,scratch_3_040,A240_mask.png,240,as,GT/scratch_3_040/A240_mask.png,3237
Bird,GT,scratch_3_040,A240_seg.png,240,eg,GT/scratch_3_040/A240_seg.png,3205
Bird,GT,scratch_3_040,A270_mask.png,270,as,GT/scratch_3_040/A270_mask.png,3204
Bird,GT,scratch_3_040,A270_seg.png,270,eg,GT/scratch_3_040/A270_seg.png,3213
Bird,GT,scratch_3_040,A300_mask.png,300,as,GT/scratch_3_040/A300_mask.png,3480
Bird,GT,scratch_3_040,A300_seg.png,300,eg,GT/scratch_3_040/A300_seg.png,3415
Bird,GT,scratch_3_040,A330_mask.png,330,as,GT/scratch_3_040/A330_mask.png,3390
Bird,GT,scratch_3_040,A330_seg.png,330,eg,GT/scratch_3_040/A330_seg.png,3313
Bird,GT,scratch_3_041,A000_mask.png,000,as,GT/scratch_3_041/A000_mask.png,3951
Bird,GT,scratch_3_041,A000_seg.png,000,eg,GT/scratch_3_041/A000_seg.png,3877
Bird,GT,scratch_3_041,A030_mask.png,030,as,GT/scratch_3_041/A030_mask.png,3262
Bird,GT,scratch_3_041,A030_seg.png,030,eg,GT/scratch_3_041/A030_seg.png,3214
Bird,GT,scratch_3_041,A060_mask.png,060,as,GT/scratch_3_041/A060_mask.png,3141
Bird,GT,scratch_3_041,A060_seg.png,060,eg,GT/scratch_3_041/A060_seg.png,3100
Bird,GT,scratch_3_041,A090_mask.png,090,as,GT/scratch_3_041/A090_mask.png,3201
Bird,GT,scratch_3_041,A090_seg.png,090,eg,GT/scratch_3_041/A090_seg.png,3151
Bird,GT,scratch_3_041,A120_mask.png,120,as,GT/scratch_3_041/A120_mask.png,3346
Bird,GT,scratch_3_041,A120_seg.png,120,eg,GT/scratch_3_041/A120_seg.png,3308
Bird,GT,scratch_3_041,A150_mask.png,150,as,GT/scratch_3_041/A150_mask.png,3496
Bird,GT,scratch_3_041,A150_seg.png,150,eg,GT/scratch_3_041/A150_seg.png,3454
Bird,GT,scratch_3_041,A180_mask.png,180,as,GT/scratch_3_041/A180_mask.png,3637
Bird,GT,scratch_3_041,A180_seg.png,180,eg,GT/scratch_3_041/A180_seg.png,3580
Bird,GT,scratch_3_041,A210_mask.png,210,as,GT/scratch_3_041/A210_mask.png,3707
Bird,GT,scratch_3_041,A210_seg.png,210,eg,GT/scratch_3_041/A210_seg.png,3648
Bird,GT,scratch_3_041,A240_mask.png,240,as,GT/scratch_3_041/A240_mask.png,3660
Bird,GT,scratch_3_041,A240_seg.png,240,eg,GT/scratch_3_041/A240_seg.png,3622
Bird,GT,scratch_3_041,A270_mask.png,270,as,GT/scratch_3_041/A270_mask.png,3609
Bird,GT,scratch_3_041,A270_seg.png,270,eg,GT/scratch_3_041/A270_seg.png,3569
Bird,GT,scratch_3_041,A300_mask.png,300,as,GT/scratch_3_041/A300_mask.png,3765
Bird,GT,scratch_3_041,A300_seg.png,300,eg,GT/scratch_3_041/A300_seg.png,3729
Bird,GT,scratch_3_041,A330_mask.png,330,as,GT/scratch_3_041/A330_mask.png,4054
Bird,GT,scratch_3_041,A330_seg.png,330,eg,GT/scratch_3_041/A330_seg.png,3995
