category,defect_type,image_path,seed,location,alpha,is_good,gt_label,anomaly_score,good_mean,good_std,z_score,mask_path,area_pixels,area_ratio,log_area_ratio
hazelnut,good,D:\Research\research-experiments\industrial-anomaly-detection\data\mvtec_ad\hazelnut\test\good\000.png,0,layer3,0.0,1,0,40.367488861083984,39.0277512550354,1.9691558169054166,0.6803613988018591,,,,
hazelnut,good,D:\Research\research-experiments\industrial-anomaly-detection\data\mvtec_ad\hazelnut\test\good\001.png,0,layer3,0.0,1,0,40.4000358581543,39.0277512550354,1.9691558169054166,0.6968897998511275,,,,
hazelnut,good,D:\Research\research-experiments\industrial-anomaly-detection\data\mvtec_ad\hazelnut\test\good\002.png,0,layer3,0.0,1,0,37.27750015258789,39.0277512550354,1.9691558169054166,-0.8888332184895735,,,,
hazelnut,good,D:\Research\research-experiments\industrial-anomaly-detection\data\mvtec_ad\hazelnut\test\good\003.png,0,layer3,0.0,1,0,36.18527603149414,39.0277512550354,1.9691558169054166,-1.4434993915353465,,,,
hazelnut,good,D:\Research\research-experiments\industrial-anomaly-detection\data\mvtec_ad\hazelnut\test\good\004.png,0,layer3,0.0,1,0,36.597164154052734,39.0277512550354,1.9691558169054166,-1.234329492930833,,,,
hazelnut,good,D:\Research\research-experiments\industrial-anomaly-detection\data\mvtec_ad\hazelnut\test\good\005.png,0,layer3,0.0,1,0,42.97589874267578,39.0277512550354,1.9691558169054166,2.004994959639612,,,,
hazelnut,good,D:\Research\research-experiments\industrial-anomaly-detection\data\mvtec_ad\hazelnut\test\good\006.png,0,layer3,0.0,1,0,36.928131103515625,39.0277512550354,1.9691558169054166,-1.0662539416608403,,,,
hazelnut,good,D:\Research\research-experiments\industrial-anomaly-detection\data\mvtec_ad\hazelnut\test\good\007.png,0,layer3,0.0,1,0,40.8922119140625,39.0277512550354,1.9691558169054166,0.9468324664917347,,,,
hazelnut,good,D:\Research\research-experiments\industrial-anomaly-detection\data\mvtec_ad\hazelnut\test\good\008.png,0,layer3,0.0,1,0,39.87352752685547,39.0277512550354,1.9691558169054166,0.42951211100665065,,,,
hazelnut,good,D:\Research\research-experiments\industrial-anomaly-detection\data\mvtec_ad\hazelnut\test\good\009.png,0,layer3,0.0,1,0,38.035221099853516,39.0277512550354,1.9691558169054166,-0.5040384040007919,,,,
hazelnut,good,D:\Research\research-experiments\industrial-anomaly-detection\data\mvtec_ad\hazelnut\test\good\010.png,0,layer3,0.0,1,0,38.61305618286133,39.0277512550354,1.9691558169054166,-0.21059535696153,,,,
hazelnut,good,D:\Research\research-experiments\industrial-anomaly-detection\data\mvtec_ad\hazelnut\test\good\011.png,0,layer3,0.0,1,0,40.61591339111328,39.0277512550354,1.9691558169054166,0.8065192822443705,,,,
hazelnut,good,D:\Research\research-experiments\industrial-anomaly-detection\data\mvtec_ad\hazelnut\test\good\012.png,0,layer3,0.0,1,0,40.080902099609375,39.0277512550354,1.9691558169054166,0.5348235195674019,,,,
hazelnut,good,D:\Research\research-experiments\industrial-anomaly-detection\data\mvtec_ad\hazelnut\test\good\013.png,0,layer3,0.0,1,0,44.61601638793945,39.0277512550354,1.9691558169054166,2.8378989031381834,,,,
hazelnut,good,D:\Research\research-experiments\industrial-anomaly-detection\data\mvtec_ad\hazelnut\test\good\014.png,0,layer3,0.0,1,0,40.07633972167969,39.0277512550354,1.9691558169054166,0.5325065988389766,,,,
hazelnut,good,D:\Research\research-experiments\industrial-anomaly-detection\data\mvtec_ad\hazelnut\test\good\015.png,0,layer3,0.0,1,0,37.55732345581055,39.0277512550354,1.9691558169054166,-0.7467300386292788,,,,
hazelnut,good,D:\Research\research-experiments\industrial-anomaly-detection\data\mvtec_ad\hazelnut\test\good\016.png,0,layer3,0.0,1,0,36.77922439575195,39.0277512550354,1.9691558169054166,-1.1418735074084017,,,,
hazelnut,good,D:\Research\research-experiments\industrial-anomaly-detection\data\mvtec_ad\hazelnut\test\good\017.png,0,layer3,0.0,1,0,39.84322738647461,39.0277512550354,1.9691558169054166,0.41412473529939103,,,,
hazelnut,good,D:\Research\research-experiments\industrial-anomaly-detection\data\mvtec_ad\hazelnut\test\good\018.png,0,layer3,0.0,1,0,37.93532943725586,39.0277512550354,1.9691558169054166,-0.5547665697152954,,,,
hazelnut,good,D:\Research\research-experiments\industrial-anomaly-detection\data\mvtec_ad\hazelnut\test\good\019.png,0,layer3,0.0,1,0,38.681427001953125,39.0277512550354,1.9691558169054166,-0.17587447885486826,,,,
hazelnut,good,D:\Research\research-experiments\industrial-anomaly-detection\data\mvtec_ad\hazelnut\test\good\020.png,0,layer3,0.0,1,0,39.432167053222656,39.0277512550354,1.9691558169054166,0.20537521445245985,,,,
hazelnut,good,D:\Research\research-experiments\industrial-anomaly-detection\data\mvtec_ad\hazelnut\test\good\021.png,0,layer3,0.0,1,0,36.448795318603516,39.0277512550354,1.9691558169054166,-1.3096759099972004,,,,
hazelnut,good,D:\Research\research-experiments\industrial-anomaly-detection\data\mvtec_ad\hazelnut\test\good\022.png,0,layer3,0.0,1,0,39.35688400268555,39.0277512550354,1.9691558169054166,0.16714408520875237,,,,
hazelnut,good,D:\Research\research-experiments\industrial-anomaly-detection\data\mvtec_ad\hazelnut\test\good\023.png,0,layer3,0.0,1,0,37.849090576171875,39.0277512550354,1.9691558169054166,-0.5985614082667265,,,,
hazelnut,good,D:\Research\research-experiments\industrial-anomaly-detection\data\mvtec_ad\hazelnut\test\good\024.png,0,layer3,0.0,1,0,39.49220657348633,39.0277512550354,1.9691558169054166,0.2358651938376492,,,,
hazelnut,good,D:\Research\research-experiments\industrial-anomaly-detection\data\mvtec_ad\hazelnut\test\good\025.png,0,layer3,0.0,1,0,37.0772819519043,39.0277512550354,1.9691558169054166,-0.9905103935331627,,,,
hazelnut,good,D:\Research\research-experiments\industrial-anomaly-detection\data\mvtec_ad\hazelnut\test\good\026.png,0,layer3,0.0,1,0,37.085086822509766,39.0277512550354,1.9691558169054166,-0.9865468318188163,,,,
hazelnut,good,D:\Research\research-experiments\industrial-anomaly-detection\data\mvtec_ad\hazelnut\test\good\027.png,0,layer3,0.0,1,0,40.88846206665039,39.0277512550354,1.9691558169054166,0.9449281746221343,,,,
hazelnut,good,D:\Research\research-experiments\industrial-anomaly-detection\data\mvtec_ad\hazelnut\test\good\028.png,0,layer3,0.0,1,0,38.677696228027344,39.0277512550354,1.9691558169054166,-0.17776908460102211,,,,
hazelnut,good,D:\Research\research-experiments\industrial-anomaly-detection\data\mvtec_ad\hazelnut\test\good\029.png,0,layer3,0.0,1,0,38.35135269165039,39.0277512550354,1.9691558169054166,-0.34349671954756034,,,,
hazelnut,good,D:\Research\research-experiments\industrial-anomaly-detection\data\mvtec_ad\hazelnut\test\good\030.png,0,layer3,0.0,1,0,36.105224609375,39.0277512550354,1.9691558169054166,-1.4841520516407025,,,,
hazelnut,good,D:\Research\research-experiments\industrial-anomaly-detection\data\mvtec_ad\hazelnut\test\good\031.png,0,layer3,0.0,1,0,38.70392608642578,39.0277512550354,1.9691558169054166,-0.1644487276372657,,,,
hazelnut,good,D:\Research\research-experiments\industrial-anomaly-detection\data\mvtec_ad\hazelnut\test\good\032.png,0,layer3,0.0,1,0,40.78183364868164,39.0277512550354,1.9691558169054166,0.8907788701062939,,,,
hazelnut,good,D:\Research\research-experiments\industrial-anomaly-detection\data\mvtec_ad\hazelnut\test\good\033.png,0,layer3,0.0,1,0,38.00105285644531,39.0277512550354,1.9691558169054166,-0.5213901255430209,,,,
hazelnut,good,D:\Research\research-experiments\industrial-anomaly-detection\data\mvtec_ad\hazelnut\test\good\034.png,0,layer3,0.0,1,0,38.896968841552734,39.0277512550354,1.9691558169054166,-0.06641547223428534,,,,
hazelnut,good,D:\Research\research-experiments\industrial-anomaly-detection\data\mvtec_ad\hazelnut\test\good\035.png,0,layer3,0.0,1,0,36.18971252441406,39.0277512550354,1.9691558169054166,-1.4412463992216686,,,,
hazelnut,good,D:\Research\research-experiments\industrial-anomaly-detection\data\mvtec_ad\hazelnut\test\good\036.png,0,layer3,0.0,1,0,40.97189712524414,39.0277512550354,1.9691558169054166,0.9872991530269162,,,,
hazelnut,good,D:\Research\research-experiments\industrial-anomaly-detection\data\mvtec_ad\hazelnut\test\good\037.png,0,layer3,0.0,1,0,41.92951583862305,39.0277512550354,1.9691558169054166,1.4736084156853841,,,,
hazelnut,good,D:\Research\research-experiments\industrial-anomaly-detection\data\mvtec_ad\hazelnut\test\good\038.png,0,layer3,0.0,1,0,38.90726852416992,39.0277512550354,1.9691558169054166,-0.06118496557312445,,,,
hazelnut,good,D:\Research\research-experiments\industrial-anomaly-detection\data\mvtec_ad\hazelnut\test\good\039.png,0,layer3,0.0,1,0,41.63241195678711,39.0277512550354,1.9691558169054166,1.3227296079824749,,,,
hazelnut,crack,D:\Research\research-experiments\industrial-anomaly-detection\data\mvtec_ad\hazelnut\test\crack\000.png,0,layer3,0.0,0,1,59.7416877746582,39.0277512550354,1.9691558169054166,10.51919626765511,D:\Research\research-experiments\industrial-anomaly-detection\data\mvtec_ad\hazelnut\ground_truth\crack\000_mask.png,66262,0.06319236755371094,-2.7615717358527037
hazelnut,crack,D:\Research\research-experiments\industrial-anomaly-detection\data\mvtec_ad\hazelnut\test\crack\001.png,0,layer3,0.0,0,1,58.16563034057617,39.0277512550354,1.9691558169054166,9.718824138364269,D:\Research\research-experiments\industrial-anomaly-detection\data\mvtec_ad\hazelnut\ground_truth\crack\001_mask.png,66479,0.0633993148803711,-2.758302208127599
hazelnut,crack,D:\Research\research-experiments\industrial-anomaly-detection\data\mvtec_ad\hazelnut\test\crack\002.png,0,layer3,0.0,0,1,52.735931396484375,39.0277512550354,1.9691558169054166,6.961450192901324,D:\Research\research-experiments\industrial-anomaly-detection\data\mvtec_ad\hazelnut\ground_truth\crack\002_mask.png,13434,0.012811660766601562,-4.3573994473182065
hazelnut,crack,D:\Research\research-experiments\industrial-anomaly-detection\data\mvtec_ad\hazelnut\test\crack\003.png,0,layer3,0.0,0,1,57.85037612915039,39.0277512550354,1.9691558169054166,9.558728015589582,D:\Research\research-experiments\industrial-anomaly-detection\data\mvtec_ad\hazelnut\ground_truth\crack\003_mask.png,22632,0.02158355712890625,-3.8358234518859384
hazelnut,crack,D:\Research\research-experiments\industrial-anomaly-detection\data\mvtec_ad\hazelnut\test\crack\004.png,0,layer3,0.0,0,1,59.00675964355469,39.0277512550354,1.9691558169054166,10.145976370685007,D:\Research\research-experiments\industrial-anomaly-detection\data\mvtec_ad\hazelnut\ground_truth\crack\004_mask.png,28420,0.027103424072265625,-3.608095172652108
hazelnut,crack,D:\Research\research-experiments\industrial-anomaly-detection\data\mvtec_ad\hazelnut\test\crack\005.png,0,layer3,0.0,0,1,57.60482406616211,39.0277512550354,1.9691558169054166,9.434028862338126,D:\Research\research-experiments\industrial-anomaly-detection\data\mvtec_ad\hazelnut\ground_truth\crack\005_mask.png,16317,0.015561103820800781,-4.162980758845045
hazelnut,crack,D:\Research\research-experiments\industrial-anomaly-detection\data\mvtec_ad\hazelnut\test\crack\006.png,0,layer3,0.0,0,1,59.49665069580078,39.0277512550354,1.9691558169054166,10.394758639736713,D:\Research\research-experiments\industrial-anomaly-detection\data\mvtec_ad\hazelnut\ground_truth\crack\006_mask.png,42808,0.04082489013671875,-3.198463306712905
hazelnut,crack,D:\Research\research-experiments\industrial-anomaly-detection\data\mvtec_ad\hazelnut\test\crack\007.png,0,layer3,0.0,0,1,56.37428665161133,39.0277512550354,1.9691558169054166,8.809122796507031,D:\Research\research-experiments\industrial-anomaly-detection\data\mvtec_ad\hazelnut\ground_truth\crack\007_mask.png,234892,0.22401046752929688,-1.4960624937133307
hazelnut,crack,D:\Research\research-experiments\industrial-anomaly-detection\data\mvtec_ad\hazelnut\test\crack\008.png,0,layer3,0.0,0,1,62.88974380493164,39.0277512550354,1.9691558169054166,12.117879319167352,D:\Research\research-experiments\industrial-anomaly-detection\data\mvtec_ad\hazelnut\ground_truth\crack\008_mask.png,146408,0.13962554931640625,-1.968791080211775
hazelnut,crack,D:\Research\research-experiments\industrial-anomaly-detection\data\mvtec_ad\hazelnut\test\crack\009.png,0,layer3,0.0,0,1,57.27079391479492,39.0277512550354,1.9691558169054166,9.264397719642611,D:\Research\research-experiments\industrial-anomaly-detection\data\mvtec_ad\hazelnut\ground_truth\crack\009_mask.png,251942,0.24027061462402344,-1.4259894257641161
hazelnut,crack,D:\Research\research-experiments\industrial-anomaly-detection\data\mvtec_ad\hazelnut\test\crack\010.png,0,layer3,0.0,0,1,54.61827087402344,39.0277512550354,1.9691558169054166,7.917362092497575,D:\Research\research-experiments\industrial-anomaly-detection\data\mvtec_ad\hazelnut\ground_truth\crack\010_mask.png,290021,0.27658557891845703,-1.2852349944493806
hazelnut,crack,D:\Research\research-experiments\industrial-anomaly-detection\data\mvtec_ad\hazelnut\test\crack\011.png,0,layer3,0.0,0,1,63.54704666137695,39.0277512550354,1.9691558169054166,12.451678630934506,D:\Research\research-experiments\industrial-anomaly-detection\data\mvtec_ad\hazelnut\ground_truth\crack\011_mask.png,80208,0.0764923095703125,-2.570565058622412
hazelnut,crack,D:\Research\research-experiments\industrial-anomaly-detection\data\mvtec_ad\hazelnut\test\crack\012.png,0,layer3,0.0,0,1,53.9932861328125,39.0277512550354,1.9691558169054166,7.599974948298332,D:\Research\research-experiments\industrial-anomaly-detection\data\mvtec_ad\hazelnut\ground_truth\crack\012_mask.png,16584,0.01581573486328125,-4.146749893855121
hazelnut,crack,D:\Research\research-experiments\industrial-anomaly-detection\data\mvtec_ad\hazelnut\test\crack\013.png,0,layer3,0.0,0,1,57.85423278808594,39.0277512550354,1.9691558169054166,9.560686549750482,D:\Research\research-experiments\industrial-anomaly-detection\data\mvtec_ad\hazelnut\ground_truth\crack\013_mask.png,16456,0.01569366455078125,-4.154498116146135
hazelnut,crack,D:\Research\research-experiments\industrial-anomaly-detection\data\mvtec_ad\hazelnut\test\crack\014.png,0,layer3,0.0,0,1,57.64250946044922,39.0277512550354,1.9691558169054166,9.453166705043907,D:\Research\research-experiments\industrial-anomaly-detection\data\mvtec_ad\hazelnut\ground_truth\crack\014_mask.png,23082,0.022012710571289062,-3.816135193790258
hazelnut,crack,D:\Research\research-experiments\industrial-anomaly-detection\data\mvtec_ad\hazelnut\test\crack\015.png,0,layer3,0.0,0,1,57.349185943603516,39.0277512550354,1.9691558169054166,9.304207687008113,D:\Research\research-experiments\industrial-anomaly-detection\data\mvtec_ad\hazelnut\ground_truth\crack\015_mask.png,55765,0.05318164825439453,-2.9340418809667903
hazelnut,crack,D:\Research\research-experiments\industrial-anomaly-detection\data\mvtec_ad\hazelnut\test\crack\016.png,0,layer3,0.0,0,1,49.53189468383789,39.0277512550354,1.9691558169054166,5.334338369073326,D:\Research\research-experiments\industrial-anomaly-detection\data\mvtec_ad\hazelnut\ground_truth\crack\016_mask.png,30315,0.02891063690185547,-3.5435456581037306
hazelnut,crack,D:\Research\research-experiments\industrial-anomaly-detection\data\mvtec_ad\hazelnut\test\crack\017.png,0,layer3,0.0,0,1,53.848114013671875,39.0277512550354,1.9691558169054166,7.526251925521613,D:\Research\research-experiments\industrial-anomaly-detection\data\mvtec_ad\hazelnut\ground_truth\crack\017_mask.png,183595,0.17508983612060547,-1.7424560818053216
hazelnut,cut,D:\Research\research-experiments\industrial-anomaly-detection\data\mvtec_ad\hazelnut\test\cut\000.png,0,layer3,0.0,0,1,57.46113586425781,39.0277512550354,1.9691558169054166,9.361059419965553,D:\Research\research-experiments\industrial-anomaly-detection\data\mvtec_ad\hazelnut\ground_truth\cut\000_mask.png,4168,0.00397491455078125,-5.5277517761879995
hazelnut,cut,D:\Research\research-experiments\industrial-anomaly-detection\data\mvtec_ad\hazelnut\test\cut\001.png,0,layer3,0.0,0,1,49.70820617675781,39.0277512550354,1.9691558169054166,5.4238749569889535,D:\Research\research-experiments\industrial-anomaly-detection\data\mvtec_ad\hazelnut\ground_truth\cut\001_mask.png,16388,0.015628814697265625,-4.1586389085477675
hazelnut,cut,D:\Research\research-experiments\industrial-anomaly-detection\data\mvtec_ad\hazelnut\test\cut\002.png,0,layer3,0.0,0,1,54.126129150390625,39.0277512550354,1.9691558169054166,7.667436860879171,D:\Research\research-experiments\industrial-anomaly-detection\data\mvtec_ad\hazelnut\ground_truth\cut\002_mask.png,6489,0.006188392639160156,-5.085079734984902
hazelnut,cut,D:\Research\research-experiments\industrial-anomaly-detection\data\mvtec_ad\hazelnut\test\cut\003.png,0,layer3,0.0,0,1,61.00856399536133,39.0277512550354,1.9691558169054166,11.162556335876657,D:\Research\research-experiments\industrial-anomaly-detection\data\mvtec_ad\hazelnut\ground_truth\cut\003_mask.png,5618,0.0053577423095703125,-5.229212416888953
hazelnut,cut,D:\Research\research-experiments\industrial-anomaly-detection\data\mvtec_ad\hazelnut\test\cut\004.png,0,layer3,0.0,0,1,65.11040496826172,39.0277512550354,1.9691558169054166,13.245601739234603,D:\Research\research-experiments\industrial-anomaly-detection\data\mvtec_ad\hazelnut\ground_truth\cut\004_mask.png,11200,0.01068115234375,-4.539274460292868
hazelnut,cut,D:\Research\research-experiments\industrial-anomaly-detection\data\mvtec_ad\hazelnut\test\cut\005.png,0,layer3,0.0,0,1,60.595272064208984,39.0277512550354,1.9691558169054166,10.952673538586474,D:\Research\research-experiments\industrial-anomaly-detection\data\mvtec_ad\hazelnut\ground_truth\cut\005_mask.png,6586,0.0062808990478515625,-5.070241989049733
hazelnut,cut,D:\Research\research-experiments\industrial-anomaly-detection\data\mvtec_ad\hazelnut\test\cut\006.png,0,layer3,0.0,0,1,48.714454650878906,39.0277512550354,1.9691558169054166,4.9192163020732576,D:\Research\research-experiments\industrial-anomaly-detection\data\mvtec_ad\hazelnut\ground_truth\cut\006_mask.png,10732,0.010234832763671875,-4.581958301947843
hazelnut,cut,D:\Research\research-experiments\industrial-anomaly-detection\data\mvtec_ad\hazelnut\test\cut\007.png,0,layer3,0.0,0,1,58.625343322753906,39.0277512550354,1.9691558169054166,9.952281022898774,D:\Research\research-experiments\industrial-anomaly-detection\data\mvtec_ad\hazelnut\ground_truth\cut\007_mask.png,6952,0.00662994384765625,-5.016158793422849
hazelnut,cut,D:\Research\research-experiments\industrial-anomaly-detection\data\mvtec_ad\hazelnut\test\cut\008.png,0,layer3,0.0,0,1,63.030982971191406,39.0277512550354,1.9691558169054166,12.189605063289383,D:\Research\research-experiments\industrial-anomaly-detection\data\mvtec_ad\hazelnut\ground_truth\cut\008_mask.png,21145,0.020165443420410156,-3.9037848117025336
hazelnut,cut,D:\Research\research-experiments\industrial-anomaly-detection\data\mvtec_ad\hazelnut\test\cut\009.png,0,layer3,0.0,0,1,57.876651763916016,39.0277512550354,1.9691558169054166,9.57207161924961,D:\Research\research-experiments\industrial-anomaly-detection\data\mvtec_ad\hazelnut\ground_truth\cut\009_mask.png,10831,0.010329246520996094,-4.5727758425506915
hazelnut,cut,D:\Research\research-experiments\industrial-anomaly-detection\data\mvtec_ad\hazelnut\test\cut\010.png,0,layer3,0.0,0,1,57.64894104003906,39.0277512550354,1.9691558169054166,9.456432865870099,D:\Research\research-experiments\industrial-anomaly-detection\data\mvtec_ad\hazelnut\ground_truth\cut\010_mask.png,6037,0.005757331848144531,-5.157280958710927
hazelnut,cut,D:\Research\research-experiments\industrial-anomaly-detection\data\mvtec_ad\hazelnut\test\cut\011.png,0,layer3,0.0,0,1,60.18013000488281,39.0277512550354,1.9691558169054166,10.74185118732197,D:\Research\research-experiments\industrial-anomaly-detection\data\mvtec_ad\hazelnut\ground_truth\cut\011_mask.png,6604,0.006298065185546875,-5.067512647379978
hazelnut,cut,D:\Research\research-experiments\industrial-anomaly-detection\data\mvtec_ad\hazelnut\test\cut\012.png,0,layer3,0.0,0,1,53.846038818359375,39.0277512550354,1.9691558169054166,7.525198075290624,D:\Research\research-experiments\industrial-anomaly-detection\data\mvtec_ad\hazelnut\ground_truth\cut\012_mask.png,8760,0.00835418701171875,-4.78499230756802
hazelnut,cut,D:\Research\research-experiments\industrial-anomaly-detection\data\mvtec_ad\hazelnut\test\cut\013.png,0,layer3,0.0,0,1,57.82152557373047,39.0277512550354,1.9691558169054166,9.544076785264263,D:\Research\research-experiments\industrial-anomaly-detection\data\mvtec_ad\hazelnut\ground_truth\cut\013_mask.png,11223,0.010703086853027344,-4.537222994751665
hazelnut,cut,D:\Research\research-experiments\industrial-anomaly-detection\data\mvtec_ad\hazelnut\test\cut\014.png,0,layer3,0.0,0,1,57.16058349609375,39.0277512550354,1.9691558169054166,9.2084293611435,D:\Research\research-experiments\industrial-anomaly-detection\data\mvtec_ad\hazelnut\ground_truth\cut\014_mask.png,6144,0.005859375,-5.139712165704746
hazelnut,cut,D:\Research\research-experiments\industrial-anomaly-detection\data\mvtec_ad\hazelnut\test\cut\015.png,0,layer3,0.0,0,1,58.619075775146484,39.0277512550354,1.9691558169054166,9.949098162734222,D:\Research\research-experiments\industrial-anomaly-detection\data\mvtec_ad\hazelnut\ground_truth\cut\015_mask.png,9185,0.008759498596191406,-4.737616499387901
hazelnut,cut,D:\Research\research-experiments\industrial-anomaly-detection\data\mvtec_ad\hazelnut\test\cut\016.png,0,layer3,0.0,0,1,57.103660583496094,39.0277512550354,1.9691558169054166,9.179522094329483,D:\Research\research-experiments\industrial-anomaly-detection\data\mvtec_ad\hazelnut\ground_truth\cut\016_mask.png,8242,0.007860183715820312,-4.845945172076663
hazelnut,hole,D:\Research\research-experiments\industrial-anomaly-detection\data\mvtec_ad\hazelnut\test\hole\000.png,0,layer3,0.0,0,1,64.62198638916016,39.0277512550354,1.9691558169054166,12.997567238912975,D:\Research\research-experiments\industrial-anomaly-detection\data\mvtec_ad\hazelnut\ground_truth\hole\000_mask.png,14373,0.013707160949707031,-4.2898368126931095
hazelnut,hole,D:\Research\research-experiments\industrial-anomaly-detection\data\mvtec_ad\hazelnut\test\hole\001.png,0,layer3,0.0,0,1,66.27404022216797,39.0277512550354,1.9691558169054166,13.836532758464424,D:\Research\research-experiments\industrial-anomaly-detection\data\mvtec_ad\hazelnut\ground_truth\hole\001_mask.png,4231,0.004034996032714844,-5.512749712647151
hazelnut,hole,D:\Research\research-experiments\industrial-anomaly-detection\data\mvtec_ad\hazelnut\test\hole\002.png,0,layer3,0.0,0,1,71.15885925292969,39.0277512550354,1.9691558169054166,16.317199340979133,D:\Research\research-experiments\industrial-anomaly-detection\data\mvtec_ad\hazelnut\ground_truth\hole\002_mask.png,7308,0.006969451904296875,-4.966218550217713
hazelnut,hole,D:\Research\research-experiments\industrial-anomaly-detection\data\mvtec_ad\hazelnut\test\hole\003.png,0,layer3,0.0,0,1,71.70079803466797,39.0277512550354,1.9691558169054166,16.592413103691904,D:\Research\research-experiments\industrial-anomaly-detection\data\mvtec_ad\hazelnut\ground_truth\hole\003_mask.png,9242,0.008813858032226562,-4.731429906311008
hazelnut,hole,D:\Research\research-experiments\industrial-anomaly-detection\data\mvtec_ad\hazelnut\test\hole\004.png,0,layer3,0.0,0,1,68.59580993652344,39.0277512550354,1.9691558169054166,15.01560131892207,D:\Research\research-experiments\industrial-anomaly-detection\data\mvtec_ad\hazelnut\ground_truth\hole\004_mask.png,11881,0.011330604553222656,-4.4802477584840785
hazelnut,hole,D:\Research\research-experiments\industrial-anomaly-detection\data\mvtec_ad\hazelnut\test\hole\005.png,0,layer3,0.0,0,1,60.0769157409668,39.0277512550354,1.9691558169054166,10.68943569890307,D:\Research\research-experiments\industrial-anomaly-detection\data\mvtec_ad\hazelnut\ground_truth\hole\005_mask.png,12519,0.011939048767089844,-4.427940758180481
hazelnut,hole,D:\Research\research-experiments\industrial-anomaly-detection\data\mvtec_ad\hazelnut\test\hole\006.png,0,layer3,0.0,0,1,63.717037200927734,39.0277512550354,1.9691558169054166,12.538005237539933,D:\Research\research-experiments\industrial-anomaly-detection\data\mvtec_ad\hazelnut\ground_truth\hole\006_mask.png,13410,0.012788772583007812,-4.359187556729598
hazelnut,hole,D:\Research\research-experiments\industrial-anomaly-detection\data\mvtec_ad\hazelnut\test\hole\007.png,0,layer3,0.0,0,1,73.8843002319336,39.0277512550354,1.9691558169054166,17.7012650180605,D:\Research\research-experiments\industrial-anomaly-detection\data\mvtec_ad\hazelnut\ground_truth\hole\007_mask.png,2442,0.0023288726806640625,-6.062370527136047
hazelnut,hole,D:\Research\research-experiments\industrial-anomaly-detection\data\mvtec_ad\hazelnut\test\hole\008.png,0,layer3,0.0,0,1,58.66228103637695,39.0277512550354,1.9691558169054166,9.971039169565447,D:\Research\research-experiments\industrial-anomaly-detection\data\mvtec_ad\hazelnut\ground_truth\hole\008_mask.png,5511,0.005255699157714844,-5.248442047046046
hazelnut,hole,D:\Research\research-experiments\industrial-anomaly-detection\data\mvtec_ad\hazelnut\test\hole\009.png,0,layer3,0.0,0,1,67.52457427978516,39.0277512550354,1.9691558169054166,14.47159375611693,D:\Research\research-experiments\industrial-anomaly-detection\data\mvtec_ad\hazelnut\ground_truth\hole\009_mask.png,9068,0.008647918701171875,-4.750436483936734
hazelnut,hole,D:\Research\research-experiments\industrial-anomaly-detection\data\mvtec_ad\hazelnut\test\hole\010.png,0,layer3,0.0,0,1,69.99835205078125,39.0277512550354,1.9691558169054166,15.727856845994552,D:\Research\research-experiments\industrial-anomaly-detection\data\mvtec_ad\hazelnut\ground_truth\hole\010_mask.png,14880,0.014190673828125,-4.2551702323430085
hazelnut,hole,D:\Research\research-experiments\industrial-anomaly-detection\data\mvtec_ad\hazelnut\test\hole\011.png,0,layer3,0.0,0,1,67.93758392333984,39.0277512550354,1.9691558169054166,14.681333198780102,D:\Research\research-experiments\industrial-anomaly-detection\data\mvtec_ad\hazelnut\ground_truth\hole\011_mask.png,13478,0.012853622436523438,-4.354129527893667
hazelnut,hole,D:\Research\research-experiments\industrial-anomaly-detection\data\mvtec_ad\hazelnut\test\hole\012.png,0,layer3,0.0,0,1,69.47279357910156,39.0277512550354,1.9691558169054166,15.460961526097716,D:\Research\research-experiments\industrial-anomaly-detection\data\mvtec_ad\hazelnut\ground_truth\hole\012_mask.png,16808,0.01602935791015625,-4.133333306288542
hazelnut,hole,D:\Research\research-experiments\industrial-anomaly-detection\data\mvtec_ad\hazelnut\test\hole\013.png,0,layer3,0.0,0,1,61.00556564331055,39.0277512550354,1.9691558169054166,11.16103367727085,D:\Research\research-experiments\industrial-anomaly-detection\data\mvtec_ad\hazelnut\ground_truth\hole\013_mask.png,24372,0.023242950439453125,-3.7617533568067243
hazelnut,hole,D:\Research\research-experiments\industrial-anomaly-detection\data\mvtec_ad\hazelnut\test\hole\014.png,0,layer3,0.0,0,1,63.29304122924805,39.0277512550354,1.9691558169054166,12.322686587771521,D:\Research\research-experiments\industrial-anomaly-detection\data\mvtec_ad\hazelnut\ground_truth\hole\014_mask.png,27842,0.026552200317382812,-3.6286426225887323
hazelnut,hole,D:\Research\research-experiments\industrial-anomaly-detection\data\mvtec_ad\hazelnut\test\hole\015.png,0,layer3,0.0,0,1,60.265438079833984,39.0277512550354,1.9691558169054166,10.785173343049209,D:\Research\research-experiments\industrial-anomaly-detection\data\mvtec_ad\hazelnut\ground_truth\hole\015_mask.png,6690,0.0063800811767578125,-5.0545743013388265
hazelnut,hole,D:\Research\research-experiments\industrial-anomaly-detection\data\mvtec_ad\hazelnut\test\hole\016.png,0,layer3,0.0,0,1,51.26409149169922,39.0277512550354,1.9691558169054166,6.214003042122676,D:\Research\research-experiments\industrial-anomaly-detection\data\mvtec_ad\hazelnut\ground_truth\hole\016_mask.png,30772,0.029346466064453125,-3.5285831125444282
hazelnut,hole,D:\Research\research-experiments\industrial-anomaly-detection\data\mvtec_ad\hazelnut\test\hole\017.png,0,layer3,0.0,0,1,61.53018569946289,39.0277512550354,1.9691558169054166,11.427452439894115,D:\Research\research-experiments\industrial-anomaly-detection\data\mvtec_ad\hazelnut\ground_truth\hole\017_mask.png,26873,0.025628089904785156,-3.6640662281231107
hazelnut,print,D:\Research\research-experiments\industrial-anomaly-detection\data\mvtec_ad\hazelnut\test\print\000.png,0,layer3,0.0,0,1,67.4405517578125,39.0277512550354,1.9691558169054166,14.428924445109992,D:\Research\research-experiments\industrial-anomaly-detection\data\mvtec_ad\hazelnut\ground_truth\print\000_mask.png,39682,0.03784370422363281,-3.2742906214200165
hazelnut,print,D:\Research\research-experiments\industrial-anomaly-detection\data\mvtec_ad\hazelnut\test\print\001.png,0,layer3,0.0,0,1,69.37128448486328,39.0277512550354,1.9691558169054166,15.409411977114942,D:\Research\research-experiments\industrial-anomaly-detection\data\mvtec_ad\hazelnut\ground_truth\print\001_mask.png,26844,0.025600433349609375,-3.665145960858938
hazelnut,print,D:\Research\research-experiments\industrial-anomaly-detection\data\mvtec_ad\hazelnut\test\print\002.png,0,layer3,0.0,0,1,71.36831665039062,39.0277512550354,1.9691558169054166,16.423568474220254,D:\Research\research-experiments\industrial-anomaly-detection\data\mvtec_ad\hazelnut\ground_truth\print\002_mask.png,19830,0.018911361694335938,-3.967992336806801
hazelnut,print,D:\Research\research-experiments\industrial-anomaly-detection\data\mvtec_ad\hazelnut\test\print\003.png,0,layer3,0.0,0,1,60.29556655883789,39.0277512550354,1.9691558169054166,10.800473543645449,D:\Research\research-experiments\industrial-anomaly-detection\data\mvtec_ad\hazelnut\ground_truth\print\003_mask.png,18439,0.017584800720214844,-4.040720288626451
hazelnut,print,D:\Research\research-experiments\industrial-anomaly-detection\data\mvtec_ad\hazelnut\test\print\004.png,0,layer3,0.0,0,1,64.41329956054688,39.0277512550354,1.9691558169054166,12.891589425059097,D:\Research\research-experiments\industrial-anomaly-detection\data\mvtec_ad\hazelnut\ground_truth\print\004_mask.png,32196,0.030704498291015625,-3.4833460784167642
hazelnut,print,D:\Research\research-experiments\industrial-anomaly-detection\data\mvtec_ad\hazelnut\test\print\005.png,0,layer3,0.0,0,1,61.722137451171875,39.0277512550354,1.9691558169054166,11.52493164903595,D:\Research\research-experiments\industrial-anomaly-detection\data\mvtec_ad\hazelnut\ground_truth\print\005_mask.png,17078,0.016286849975585938,-4.11739718533213
hazelnut,print,D:\Research\research-experiments\industrial-anomaly-detection\data\mvtec_ad\hazelnut\test\print\006.png,0,layer3,0.0,0,1,67.66532897949219,39.0277512550354,1.9691558169054166,14.543073472703416,D:\Research\research-experiments\industrial-anomaly-detection\data\mvtec_ad\hazelnut\ground_truth\print\006_mask.png,31697,0.030228614807128906,-3.4989662599546563
hazelnut,print,D:\Research\research-experiments\industrial-anomaly-detection\data\mvtec_ad\hazelnut\test\print\007.png,0,layer3,0.0,0,1,61.06161880493164,39.0277512550354,1.9691558169054166,11.189499256855703,D:\Research\research-experiments\industrial-anomaly-detection\data\mvtec_ad\hazelnut\ground_truth\print\007_mask.png,21320,0.02033233642578125,-3.8955426837363873
hazelnut,print,D:\Research\research-experiments\industrial-anomaly-detection\data\mvtec_ad\hazelnut\test\print\008.png,0,layer3,0.0,0,1,81.9432601928711,39.0277512550354,1.9691558169054166,21.793861394513012,D:\Research\research-experiments\industrial-anomaly-detection\data\mvtec_ad\hazelnut\ground_truth\print\008_mask.png,28795,0.02746105194091797,-3.5949865348429233
hazelnut,print,D:\Research\research-experiments\industrial-anomaly-detection\data\mvtec_ad\hazelnut\test\print\009.png,0,layer3,0.0,0,1,55.279659271240234,39.0277512550354,1.9691558169054166,8.253236171906988,D:\Research\research-experiments\industrial-anomaly-detection\data\mvtec_ad\hazelnut\ground_truth\print\009_mask.png,30884,0.029453277587890625,-3.5249500478181215
hazelnut,print,D:\Research\research-experiments\industrial-anomaly-detection\data\mvtec_ad\hazelnut\test\print\010.png,0,layer3,0.0,0,1,69.23532104492188,39.0277512550354,1.9691558169054166,15.340365414738239,D:\Research\research-experiments\industrial-anomaly-detection\data\mvtec_ad\hazelnut\ground_truth\print\010_mask.png,25541,0.02435779571533203,-3.714903287056452
hazelnut,print,D:\Research\research-experiments\industrial-anomaly-detection\data\mvtec_ad\hazelnut\test\print\011.png,0,layer3,0.0,0,1,62.945167541503906,39.0277512550354,1.9691558169054166,12.146025256678467,D:\Research\research-experiments\industrial-anomaly-detection\data\mvtec_ad\hazelnut\ground_truth\print\011_mask.png,50619,0.04827404022216797,-3.0308613116173917
hazelnut,print,D:\Research\research-experiments\industrial-anomaly-detection\data\mvtec_ad\hazelnut\test\print\012.png,0,layer3,0.0,0,1,70.0937728881836,39.0277512550354,1.9691558169054166,15.776314584373175,D:\Research\research-experiments\industrial-anomaly-detection\data\mvtec_ad\hazelnut\ground_truth\print\012_mask.png,20185,0.019249916076660156,-3.950248525963588
hazelnut,print,D:\Research\research-experiments\industrial-anomaly-detection\data\mvtec_ad\hazelnut\test\print\013.png,0,layer3,0.0,0,1,60.787353515625,39.0277512550354,1.9691558169054166,11.050218613367745,D:\Research\research-experiments\industrial-anomaly-detection\data\mvtec_ad\hazelnut\ground_truth\print\013_mask.png,20164,0.019229888916015625,-3.9512894439940056
hazelnut,print,D:\Research\research-experiments\industrial-anomaly-detection\data\mvtec_ad\hazelnut\test\print\014.png,0,layer3,0.0,0,1,61.172080993652344,39.0277512550354,1.9691558169054166,11.24559547218431,D:\Research\research-experiments\industrial-anomaly-detection\data\mvtec_ad\hazelnut\ground_truth\print\014_mask.png,22566,0.021520614624023438,-3.8387439370334415
hazelnut,print,D:\Research\research-experiments\industrial-anomaly-detection\data\mvtec_ad\hazelnut\test\print\015.png,0,layer3,0.0,0,1,52.24428176879883,39.0277512550354,1.9691558169054166,6.711774863267843,D:\Research\research-experiments\industrial-anomaly-detection\data\mvtec_ad\hazelnut\ground_truth\print\015_mask.png,15902,0.015165328979492188,-4.188743378797598
hazelnut,print,D:\Research\research-experiments\industrial-anomaly-detection\data\mvtec_ad\hazelnut\test\print\016.png,0,layer3,0.0,0,1,63.161460876464844,39.0277512550354,1.9691558169054166,12.255865896562845,D:\Research\research-experiments\industrial-anomaly-detection\data\mvtec_ad\hazelnut\ground_truth\print\016_mask.png,46948,0.044773101806640625,-3.1061477036440532
hazelnut,good,D:\Research\research-experiments\industrial-anomaly-detection\data\mvtec_ad\hazelnut\test\good\000.png,0,layer3,0.25,1,0,38.850006103515625,38.43236675262451,1.6649367919773843,0.2508439677130924,,,,
hazelnut,good,D:\Research\research-experiments\industrial-anomaly-detection\data\mvtec_ad\hazelnut\test\good\001.png,0,layer3,0.25,1,0,40.07015609741211,38.43236675262451,1.6649367919773843,0.983694607915089,,,,
hazelnut,good,D:\Research\research-experiments\industrial-anomaly-detection\data\mvtec_ad\hazelnut\test\good\002.png,0,layer3,0.25,1,0,37.308998107910156,38.43236675262451,1.6649367919773843,-0.6747214970126105,,,,
hazelnut,good,D:\Research\research-experiments\industrial-anomaly-detection\data\mvtec_ad\hazelnut\test\good\003.png,0,layer3,0.25,1,0,36.87236022949219,38.43236675262451,1.6649367919773843,-0.9369764249605899,,,,
hazelnut,good,D:\Research\research-experiments\industrial-anomaly-detection\data\mvtec_ad\hazelnut\test\good\004.png,0,layer3,0.25,1,0,37.16969299316406,38.43236675262451,1.6649367919773843,-0.7583914089380033,,,,
hazelnut,good,D:\Research\research-experiments\industrial-anomaly-detection\data\mvtec_ad\hazelnut\test\good\005.png,0,layer3,0.25,1,0,41.0463752746582,38.43236675262451,1.6649367919773843,1.5700346911843608,,,,
hazelnut,good,D:\Research\research-experiments\industrial-anomaly-detection\data\mvtec_ad\hazelnut\test\good\006.png,0,layer3,0.25,1,0,38.03601837158203,38.43236675262451,1.6649367919773843,-0.23805611297216311,,,,
hazelnut,good,D:\Research\research-experiments\industrial-anomaly-detection\data\mvtec_ad\hazelnut\test\good\007.png,0,layer3,0.25,1,0,38.96392822265625,38.43236675262451,1.6649367919773843,0.3192682584666915,,,,
hazelnut,good,D:\Research\research-experiments\industrial-anomaly-detection\data\mvtec_ad\hazelnut\test\good\008.png,0,layer3,0.25,1,0,38.81593704223633,38.43236675262451,1.6649367919773843,0.23038129222687515,,,,
hazelnut,good,D:\Research\research-experiments\industrial-anomaly-detection\data\mvtec_ad\hazelnut\test\good\009.png,0,layer3,0.25,1,0,37.6120491027832,38.43236675262451,1.6649367919773843,-0.4927019775129397,,,,
hazelnut,good,D:\Research\research-experiments\industrial-anomaly-detection\data\mvtec_ad\hazelnut\test\good\010.png,0,layer3,0.25,1,0,37.394683837890625,38.43236675262451,1.6649367919773843,-0.6232566423746738,,,,
hazelnut,good,D:\Research\research-experiments\industrial-anomaly-detection\data\mvtec_ad\hazelnut\test\good\011.png,0,layer3,0.25,1,0,37.77286911010742,38.43236675262451,1.6649367919773843,-0.3961097176150617,,,,
hazelnut,good,D:\Research\research-experiments\industrial-anomaly-detection\data\mvtec_ad\hazelnut\test\good\012.png,0,layer3,0.25,1,0,40.198448181152344,38.43236675262451,1.6649367919773843,1.0607498356921545,,,,
hazelnut,good,D:\Research\research-experiments\industrial-anomaly-detection\data\mvtec_ad\hazelnut\test\good\013.png,0,layer3,0.25,1,0,42.37544250488281,38.43236675262451,1.6649367919773843,2.368303572398839,,,,
hazelnut,good,D:\Research\research-experiments\industrial-anomaly-detection\data\mvtec_ad\hazelnut\test\good\014.png,0,layer3,0.25,1,0,39.133079528808594,38.43236675262451,1.6649367919773843,0.420864491409234,,,,
hazelnut,good,D:\Research\research-experiments\industrial-anomaly-detection\data\mvtec_ad\hazelnut\test\good\015.png,0,layer3,0.25,1,0,36.30363845825195,38.43236675262451,1.6649367919773843,-1.2785640299559629,,,,
hazelnut,good,D:\Research\research-experiments\industrial-anomaly-detection\data\mvtec_ad\hazelnut\test\good\016.png,0,layer3,0.25,1,0,36.86640167236328,38.43236675262451,1.6649367919773843,-0.9405552738139625,,,,
hazelnut,good,D:\Research\research-experiments\industrial-anomaly-detection\data\mvtec_ad\hazelnut\test\good\017.png,0,layer3,0.25,1,0,39.456993103027344,38.43236675262451,1.6649367919773843,0.6154145642886072,,,,
hazelnut,good,D:\Research\research-experiments\industrial-anomaly-detection\data\mvtec_ad\hazelnut\test\good\018.png,0,layer3,0.25,1,0,38.259525299072266,38.43236675262451,1.6649367919773843,-0.10381262182750327,,,,
hazelnut,good,D:\Research\research-experiments\industrial-anomaly-detection\data\mvtec_ad\hazelnut\test\good\019.png,0,layer3,0.25,1,0,39.46025848388672,38.43236675262451,1.6649367919773843,0.6173758284489702,,,,
hazelnut,good,D:\Research\research-experiments\industrial-anomaly-detection\data\mvtec_ad\hazelnut\test\good\020.png,0,layer3,0.25,1,0,38.97623062133789,38.43236675262451,1.6649367919773843,0.3266573670147881,,,,
hazelnut,good,D:\Research\research-experiments\industrial-anomaly-detection\data\mvtec_ad\hazelnut\test\good\021.png,0,layer3,0.25,1,0,35.56609344482422,38.43236675262451,1.6649367919773843,-1.7215508249992626,,,,
hazelnut,good,D:\Research\research-experiments\industrial-anomaly-detection\data\mvtec_ad\hazelnut\test\good\022.png,0,layer3,0.25,1,0,38.01438522338867,38.43236675262451,1.6649367919773843,-0.251049488034568,,,,
hazelnut,good,D:\Research\research-experiments\industrial-anomaly-detection\data\mvtec_ad\hazelnut\test\good\023.png,0,layer3,0.25,1,0,37.898807525634766,38.43236675262451,1.6649367919773843,-0.3204681580470427,,,,
hazelnut,good,D:\Research\research-experiments\industrial-anomaly-detection\data\mvtec_ad\hazelnut\test\good\024.png,0,layer3,0.25,1,0,38.9179573059082,38.43236675262451,1.6649367919773843,0.2916570500595249,,,,
hazelnut,good,D:\Research\research-experiments\industrial-anomaly-detection\data\mvtec_ad\hazelnut\test\good\025.png,0,layer3,0.25,1,0,36.775543212890625,38.43236675262451,1.6649367919773843,-0.9951269908367734,,,,
hazelnut,good,D:\Research\research-experiments\industrial-anomaly-detection\data\mvtec_ad\hazelnut\test\good\026.png,0,layer3,0.25,1,0,36.73991775512695,38.43236675262451,1.6649367919773843,-1.0165244744741917,,,,
hazelnut,good,D:\Research\research-experiments\industrial-anomaly-detection\data\mvtec_ad\hazelnut\test\good\027.png,0,layer3,0.25,1,0,41.023902893066406,38.43236675262451,1.6649367919773843,1.556537252903171,,,,
hazelnut,good,D:\Research\research-experiments\industrial-anomaly-detection\data\mvtec_ad\hazelnut\test\good\028.png,0,layer3,0.25,1,0,36.533748626708984,38.43236675262451,1.6649367919773843,-1.1403544777580457,,,,
hazelnut,good,D:\Research\research-experiments\industrial-anomaly-detection\data\mvtec_ad\hazelnut\test\good\029.png,0,layer3,0.25,1,0,38.19393539428711,38.43236675262451,1.6649367919773843,-0.14320745357199102,,,,
hazelnut,good,D:\Research\research-experiments\industrial-anomaly-detection\data\mvtec_ad\hazelnut\test\good\030.png,0,layer3,0.25,1,0,35.934852600097656,38.43236675262451,1.6649367919773843,-1.5000654466651844,,,,
hazelnut,good,D:\Research\research-experiments\industrial-anomaly-detection\data\mvtec_ad\hazelnut\test\good\031.png,0,layer3,0.25,1,0,38.503135681152344,38.43236675262451,1.6649367919773843,0.042505474603503596,,,,
hazelnut,good,D:\Research\research-experiments\industrial-anomaly-detection\data\mvtec_ad\hazelnut\test\good\032.png,0,layer3,0.25,1,0,40.12990188598633,38.43236675262451,1.6649367919773843,1.0195793266996747,,,,
hazelnut,good,D:\Research\research-experiments\industrial-anomaly-detection\data\mvtec_ad\hazelnut\test\good\033.png,0,layer3,0.25,1,0,37.45316696166992,38.43236675262451,1.6649367919773843,-0.5881303096147145,,,,
hazelnut,good,D:\Research\research-experiments\industrial-anomaly-detection\data\mvtec_ad\hazelnut\test\good\034.png,0,layer3,0.25,1,0,38.304325103759766,38.43236675262451,1.6649367919773843,-0.07690481073018653,,,,
hazelnut,good,D:\Research\research-experiments\industrial-anomaly-detection\data\mvtec_ad\hazelnut\test\good\035.png,0,layer3,0.25,1,0,35.5272331237793,38.43236675262451,1.6649367919773843,-1.7448912432254517,,,,
hazelnut,good,D:\Research\research-experiments\industrial-anomaly-detection\data\mvtec_ad\hazelnut\test\good\036.png,0,layer3,0.25,1,0,40.45783996582031,38.43236675262451,1.6649367919773843,1.2165466118327664,,,,
hazelnut,good,D:\Research\research-experiments\industrial-anomaly-detection\data\mvtec_ad\hazelnut\test\good\037.png,0,layer3,0.25,1,0,40.877262115478516,38.43236675262451,1.6649367919773843,1.4684613702063085,,,,
hazelnut,good,D:\Research\research-experiments\industrial-anomaly-detection\data\mvtec_ad\hazelnut\test\good\038.png,0,layer3,0.25,1,0,38.201332092285156,38.43236675262451,1.6649367919773843,-0.13876482365733697,,,,
hazelnut,good,D:\Research\research-experiments\industrial-anomaly-detection\data\mvtec_ad\hazelnut\test\good\039.png,0,layer3,0.25,1,0,41.29823684692383,38.43236675262451,1.6649367919773843,1.7213086455346027,,,,
hazelnut,crack,D:\Research\research-experiments\industrial-anomaly-detection\data\mvtec_ad\hazelnut\test\crack\000.png,0,layer3,0.25,0,1,58.42570877075195,38.43236675262451,1.6649367919773843,12.008469098927224,D:\Research\research-experiments\industrial-anomaly-detection\data\mvtec_ad\hazelnut\ground_truth\crack\000_mask.png,66262,0.06319236755371094,-2.7615717358527037
hazelnut,crack,D:\Research\research-experiments\industrial-anomaly-detection\data\mvtec_ad\hazelnut\test\crack\001.png,0,layer3,0.25,0,1,57.4583740234375,38.43236675262451,1.6649367919773843,11.427465212187725,D:\Research\research-experiments\industrial-anomaly-detection\data\mvtec_ad\hazelnut\ground_truth\crack\001_mask.png,66479,0.0633993148803711,-2.758302208127599
hazelnut,crack,D:\Research\research-experiments\industrial-anomaly-detection\data\mvtec_ad\hazelnut\test\crack\002.png,0,layer3,0.25,0,1,51.46974563598633,38.43236675262451,1.6649367919773843,7.830554857207403,D:\Research\research-experiments\industrial-anomaly-detection\data\mvtec_ad\hazelnut\ground_truth\crack\002_mask.png,13434,0.012811660766601562,-4.3573994473182065
hazelnut,crack,D:\Research\research-experiments\industrial-anomaly-detection\data\mvtec_ad\hazelnut\test\crack\003.png,0,layer3,0.25,0,1,56.49870300292969,38.43236675262451,1.6649367919773843,10.851064339114311,D:\Research\research-experiments\industrial-anomaly-detection\data\mvtec_ad\hazelnut\ground_truth\crack\003_mask.png,22632,0.02158355712890625,-3.8358234518859384
hazelnut,crack,D:\Research\research-experiments\industrial-anomaly-detection\data\mvtec_ad\hazelnut\test\crack\004.png,0,layer3,0.25,0,1,60.16303634643555,38.43236675262451,1.6649367919773843,13.051948697705406,D:\Research\research-experiments\industrial-anomaly-detection\data\mvtec_ad\hazelnut\ground_truth\crack\004_mask.png,28420,0.027103424072265625,-3.608095172652108
hazelnut,crack,D:\Research\research-experiments\industrial-anomaly-detection\data\mvtec_ad\hazelnut\test\crack\005.png,0,layer3,0.25,0,1,55.61185836791992,38.43236675262451,1.6649367919773843,10.31840469744918,D:\Research\research-experiments\industrial-anomaly-detection\data\mvtec_ad\hazelnut\ground_truth\crack\005_mask.png,16317,0.015561103820800781,-4.162980758845045
hazelnut,crack,D:\Research\research-experiments\industrial-anomaly-detection\data\mvtec_ad\hazelnut\test\crack\006.png,0,layer3,0.25,0,1,58.32234191894531,38.43236675262451,1.6649367919773843,11.94638454874807,D:\Research\research-experiments\industrial-anomaly-detection\data\mvtec_ad\hazelnut\ground_truth\crack\006_mask.png,42808,0.04082489013671875,-3.198463306712905
hazelnut,crack,D:\Research\research-experiments\industrial-anomaly-detection\data\mvtec_ad\hazelnut\test\crack\007.png,0,layer3,0.25,0,1,55.420433044433594,38.43236675262451,1.6649367919773843,10.203430168440798,D:\Research\research-experiments\industrial-anomaly-detection\data\mvtec_ad\hazelnut\ground_truth\crack\007_mask.png,234892,0.22401046752929688,-1.4960624937133307
hazelnut,crack,D:\Research\research-experiments\industrial-anomaly-detection\data\mvtec_ad\hazelnut\test\crack\008.png,0,layer3,0.25,0,1,60.78749465942383,38.43236675262451,1.6649367919773843,13.427012974017442,D:\Research\research-experiments\industrial-anomaly-detection\data\mvtec_ad\hazelnut\ground_truth\crack\008_mask.png,146408,0.13962554931640625,-1.968791080211775
hazelnut,crack,D:\Research\research-experiments\industrial-anomaly-detection\data\mvtec_ad\hazelnut\test\crack\009.png,0,layer3,0.25,0,1,55.10304260253906,38.43236675262451,1.6649367919773843,10.012798041489253,D:\Research\research-experiments\industrial-anomaly-detection\data\mvtec_ad\hazelnut\ground_truth\crack\009_mask.png,251942,0.24027061462402344,-1.4259894257641161
hazelnut,crack,D:\Research\research-experiments\industrial-anomaly-detection\data\mvtec_ad\hazelnut\test\crack\010.png,0,layer3,0.25,0,1,53.167720794677734,38.43236675262451,1.6649367919773843,8.85039847341747,D:\Research\research-experiments\industrial-anomaly-detection\data\mvtec_ad\hazelnut\ground_truth\crack\010_mask.png,290021,0.27658557891845703,-1.2852349944493806
hazelnut,crack,D:\Research\research-experiments\industrial-anomaly-detection\data\mvtec_ad\hazelnut\test\crack\011.png,0,layer3,0.25,0,1,61.79377365112305,38.43236675262451,1.6649367919773843,14.031407685305009,D:\Research\research-experiments\industrial-anomaly-detection\data\mvtec_ad\hazelnut\ground_truth\crack\011_mask.png,80208,0.0764923095703125,-2.570565058622412
hazelnut,crack,D:\Research\research-experiments\industrial-anomaly-detection\data\mvtec_ad\hazelnut\test\crack\012.png,0,layer3,0.25,0,1,52.596492767333984,38.43236675262451,1.6649367919773843,8.50730555235509,D:\Research\research-experiments\industrial-anomaly-detection\data\mvtec_ad\hazelnut\ground_truth\crack\012_mask.png,16584,0.01581573486328125,-4.146749893855121
hazelnut,crack,D:\Research\research-experiments\industrial-anomaly-detection\data\mvtec_ad\hazelnut\test\crack\013.png,0,layer3,0.25,0,1,55.68781661987305,38.43236675262451,1.6649367919773843,10.36402700114211,D:\Research\research-experiments\industrial-anomaly-detection\data\mvtec_ad\hazelnut\ground_truth\crack\013_mask.png,16456,0.01569366455078125,-4.154498116146135
hazelnut,crack,D:\Research\research-experiments\industrial-anomaly-detection\data\mvtec_ad\hazelnut\test\crack\014.png,0,layer3,0.25,0,1,58.12303161621094,38.43236675262451,1.6649367919773843,11.826674116679557,D:\Research\research-experiments\industrial-anomaly-detection\data\mvtec_ad\hazelnut\ground_truth\crack\014_mask.png,23082,0.022012710571289062,-3.816135193790258
hazelnut,crack,D:\Research\research-experiments\industrial-anomaly-detection\data\mvtec_ad\hazelnut\test\crack\015.png,0,layer3,0.25,0,1,56.39564514160156,38.43236675262451,1.6649367919773843,10.789165375847528,D:\Research\research-experiments\industrial-anomaly-detection\data\mvtec_ad\hazelnut\ground_truth\crack\015_mask.png,55765,0.05318164825439453,-2.9340418809667903
hazelnut,crack,D:\Research\research-experiments\industrial-anomaly-detection\data\mvtec_ad\hazelnut\test\crack\016.png,0,layer3,0.25,0,1,49.015541076660156,38.43236675262451,1.6649367919773843,6.356502165746724,D:\Research\research-experiments\industrial-anomaly-detection\data\mvtec_ad\hazelnut\ground_truth\crack\016_mask.png,30315,0.02891063690185547,-3.5435456581037306
hazelnut,crack,D:\Research\research-experiments\industrial-anomaly-detection\data\mvtec_ad\hazelnut\test\crack\017.png,0,layer3,0.25,0,1,53.40364074707031,38.43236675262451,1.6649367919773843,8.992097517807249,D:\Research\research-experiments\industrial-anomaly-detection\data\mvtec_ad\hazelnut\ground_truth\crack\017_mask.png,183595,0.17508983612060547,-1.7424560818053216
hazelnut,cut,D:\Research\research-experiments\industrial-anomaly-detection\data\mvtec_ad\hazelnut\test\cut\000.png,0,layer3,0.25,0,1,57.915164947509766,38.43236675262451,1.6649367919773843,11.701824530975887,D:\Research\research-experiments\industrial-anomaly-detection\data\mvtec_ad\hazelnut\ground_truth\cut\000_mask.png,4168,0.00397491455078125,-5.5277517761879995
hazelnut,cut,D:\Research\research-experiments\industrial-anomaly-detection\data\mvtec_ad\hazelnut\test\cut\001.png,0,layer3,0.25,0,1,47.952308654785156,38.43236675262451,1.6649367919773843,5.7178998914752555,D:\Research\research-experiments\industrial-anomaly-detection\data\mvtec_ad\hazelnut\ground_truth\cut\001_mask.png,16388,0.015628814697265625,-4.1586389085477675
hazelnut,cut,D:\Research\research-experiments\industrial-anomaly-detection\data\mvtec_ad\hazelnut\test\cut\002.png,0,layer3,0.25,0,1,54.529029846191406,38.43236675262451,1.6649367919773843,9.668032547019086,D:\Research\research-experiments\industrial-anomaly-detection\data\mvtec_ad\hazelnut\ground_truth\cut\002_mask.png,6489,0.006188392639160156,-5.085079734984902
hazelnut,cut,D:\Research\research-experiments\industrial-anomaly-detection\data\mvtec_ad\hazelnut\test\cut\003.png,0,layer3,0.25,0,1,59.20180130004883,38.43236675262451,1.6649367919773843,12.474608434087893,D:\Research\research-experiments\industrial-anomaly-detection\data\mvtec_ad\hazelnut\ground_truth\cut\003_mask.png,5618,0.0053577423095703125,-5.229212416888953
hazelnut,cut,D:\Research\research-experiments\industrial-anomaly-detection\data\mvtec_ad\hazelnut\test\cut\004.png,0,layer3,0.25,0,1,64.72080993652344,38.43236675262451,1.6649367919773843,15.78945417662199,D:\Research\research-experiments\industrial-anomaly-detection\data\mvtec_ad\hazelnut\ground_truth\cut\004_mask.png,11200,0.01068115234375,-4.539274460292868
hazelnut,cut,D:\Research\research-experiments\industrial-anomaly-detection\data\mvtec_ad\hazelnut\test\cut\005.png,0,layer3,0.25,0,1,61.32992172241211,38.43236675262451,1.6649367919773843,13.752807361889705,D:\Research\research-experiments\industrial-anomaly-detection\data\mvtec_ad\hazelnut\ground_truth\cut\005_mask.png,6586,0.0062808990478515625,-5.070241989049733
hazelnut,cut,D:\Research\research-experiments\industrial-anomaly-detection\data\mvtec_ad\hazelnut\test\cut\006.png,0,layer3,0.25,0,1,47.615447998046875,38.43236675262451,1.6649367919773843,5.515573497847901,D:\Research\research-experiments\industrial-anomaly-detection\data\mvtec_ad\hazelnut\ground_truth\cut\006_mask.png,10732,0.010234832763671875,-4.581958301947843
hazelnut,cut,D:\Research\research-experiments\industrial-anomaly-detection\data\mvtec_ad\hazelnut\test\cut\007.png,0,layer3,0.25,0,1,57.870750427246094,38.43236675262451,1.6649367919773843,11.675148130719922,D:\Research\research-experiments\industrial-anomaly-detection\data\mvtec_ad\hazelnut\ground_truth\cut\007_mask.png,6952,0.00662994384765625,-5.016158793422849
hazelnut,cut,D:\Research\research-experiments\industrial-anomaly-detection\data\mvtec_ad\hazelnut\test\cut\008.png,0,layer3,0.25,0,1,61.866607666015625,38.43236675262451,1.6649367919773843,14.07515349910619,D:\Research\research-experiments\industrial-anomaly-detection\data\mvtec_ad\hazelnut\ground_truth\cut\008_mask.png,21145,0.020165443420410156,-3.9037848117025336
hazelnut,cut,D:\Research\research-experiments\industrial-anomaly-detection\data\mvtec_ad\hazelnut\test\cut\009.png,0,layer3,0.25,0,1,57.71202850341797,38.43236675262451,1.6649367919773843,11.579816028869008,D:\Research\research-experiments\industrial-anomaly-detection\data\mvtec_ad\hazelnut\ground_truth\cut\009_mask.png,10831,0.010329246520996094,-4.5727758425506915
hazelnut,cut,D:\Research\research-experiments\industrial-anomaly-detection\data\mvtec_ad\hazelnut\test\cut\010.png,0,layer3,0.25,0,1,56.19751739501953,38.43236675262451,1.6649367919773843,10.670165214678212,D:\Research\research-experiments\industrial-anomaly-detection\data\mvtec_ad\hazelnut\ground_truth\cut\010_mask.png,6037,0.005757331848144531,-5.157280958710927
hazelnut,cut,D:\Research\research-experiments\industrial-anomaly-detection\data\mvtec_ad\hazelnut\test\cut\011.png,0,layer3,0.25,0,1,59.41167068481445,38.43236675262451,1.6649367919773843,12.600660897927298,D:\Research\research-experiments\industrial-anomaly-detection\data\mvtec_ad\hazelnut\ground_truth\cut\011_mask.png,6604,0.006298065185546875,-5.067512647379978
hazelnut,cut,D:\Research\research-experiments\industrial-anomaly-detection\data\mvtec_ad\hazelnut\test\cut\012.png,0,layer3,0.25,0,1,53.80537796020508,38.43236675262451,1.6649367919773843,9.233390289443125,D:\Research\research-experiments\industrial-anomaly-detection\data\mvtec_ad\hazelnut\ground_truth\cut\012_mask.png,8760,0.00835418701171875,-4.78499230756802
hazelnut,cut,D:\Research\research-experiments\industrial-anomaly-detection\data\mvtec_ad\hazelnut\test\cut\013.png,0,layer3,0.25,0,1,56.987998962402344,38.43236675262451,1.6649367919773843,11.144946942844593,D:\Research\research-experiments\industrial-anomaly-detection\data\mvtec_ad\hazelnut\ground_truth\cut\013_mask.png,11223,0.010703086853027344,-4.537222994751665
hazelnut,cut,D:\Research\research-experiments\industrial-anomaly-detection\data\mvtec_ad\hazelnut\test\cut\014.png,0,layer3,0.25,0,1,56.70930480957031,38.43236675262451,1.6649367919773843,10.977556712671928,D:\Research\research-experiments\industrial-anomaly-detection\data\mvtec_ad\hazelnut\ground_truth\cut\014_mask.png,6144,0.005859375,-5.139712165704746
hazelnut,cut,D:\Research\research-experiments\industrial-anomaly-detection\data\mvtec_ad\hazelnut\test\cut\015.png,0,layer3,0.25,0,1,57.85503387451172,38.43236675262451,1.6649367919773843,11.665708401349951,D:\Research\research-experiments\industrial-anomaly-detection\data\mvtec_ad\hazelnut\ground_truth\cut\015_mask.png,9185,0.008759498596191406,-4.737616499387901
hazelnut,cut,D:\Research\research-experiments\industrial-anomaly-detection\data\mvtec_ad\hazelnut\test\cut\016.png,0,layer3,0.25,0,1,56.01643753051758,38.43236675262451,1.6649367919773843,10.561404410439577,D:\Research\research-experiments\industrial-anomaly-detection\data\mvtec_ad\hazelnut\ground_truth\cut\016_mask.png,8242,0.007860183715820312,-4.845945172076663
hazelnut,hole,D:\Research\research-experiments\industrial-anomaly-detection\data\mvtec_ad\hazelnut\test\hole\000.png,0,layer3,0.25,0,1,63.32373809814453,38.43236675262451,1.6649367919773843,14.950340136310793,D:\Research\research-experiments\industrial-anomaly-detection\data\mvtec_ad\hazelnut\ground_truth\hole\000_mask.png,14373,0.013707160949707031,-4.2898368126931095
hazelnut,hole,D:\Research\research-experiments\industrial-anomaly-detection\data\mvtec_ad\hazelnut\test\hole\001.png,0,layer3,0.25,0,1,62.92630386352539,38.43236675262451,1.6649367919773843,14.711631834269413,D:\Research\research-experiments\industrial-anomaly-detection\data\mvtec_ad\hazelnut\ground_truth\hole\001_mask.png,4231,0.004034996032714844,-5.512749712647151
hazelnut,hole,D:\Research\research-experiments\industrial-anomaly-detection\data\mvtec_ad\hazelnut\test\hole\002.png,0,layer3,0.25,0,1,68.942138671875,38.43236675262451,1.6649367919773843,18.324883002324164,D:\Research\research-experiments\industrial-anomaly-detection\data\mvtec_ad\hazelnut\ground_truth\hole\002_mask.png,7308,0.006969451904296875,-4.966218550217713
hazelnut,hole,D:\Research\research-experiments\industrial-anomaly-detection\data\mvtec_ad\hazelnut\test\hole\003.png,0,layer3,0.25,0,1,70.21952819824219,38.43236675262451,1.6649367919773843,19.092113045243735,D:\Research\research-experiments\industrial-anomaly-detection\data\mvtec_ad\hazelnut\ground_truth\hole\003_mask.png,9242,0.008813858032226562,-4.731429906311008
hazelnut,hole,D:\Research\research-experiments\industrial-anomaly-detection\data\mvtec_ad\hazelnut\test\hole\004.png,0,layer3,0.25,0,1,66.83858489990234,38.43236675262451,1.6649367919773843,17.061439379654054,D:\Research\research-experiments\industrial-anomaly-detection\data\mvtec_ad\hazelnut\ground_truth\hole\004_mask.png,11881,0.011330604553222656,-4.4802477584840785
hazelnut,hole,D:\Research\research-experiments\industrial-anomaly-detection\data\mvtec_ad\hazelnut\test\hole\005.png,0,layer3,0.25,0,1,59.69743347167969,38.43236675262451,1.6649367919773843,12.772296715120001,D:\Research\research-experiments\industrial-anomaly-detection\data\mvtec_ad\hazelnut\ground_truth\hole\005_mask.png,12519,0.011939048767089844,-4.427940758180481
hazelnut,hole,D:\Research\research-experiments\industrial-anomaly-detection\data\mvtec_ad\hazelnut\test\hole\006.png,0,layer3,0.25,0,1,61.41722869873047,38.43236675262451,1.6649367919773843,13.805245975018476,D:\Research\research-experiments\industrial-anomaly-detection\data\mvtec_ad\hazelnut\ground_truth\hole\006_mask.png,13410,0.012788772583007812,-4.359187556729598
hazelnut,hole,D:\Research\research-experiments\industrial-anomaly-detection\data\mvtec_ad\hazelnut\test\hole\007.png,0,layer3,0.25,0,1,69.62017822265625,38.43236675262451,1.6649367919773843,18.732129423959165,D:\Research\research-experiments\industrial-anomaly-detection\data\mvtec_ad\hazelnut\ground_truth\hole\007_mask.png,2442,0.0023288726806640625,-6.062370527136047
hazelnut,hole,D:\Research\research-experiments\industrial-anomaly-detection\data\mvtec_ad\hazelnut\test\hole\008.png,0,layer3,0.25,0,1,57.230525970458984,38.43236675262451,1.6649367919773843,11.290614339484078,D:\Research\research-experiments\industrial-anomaly-detection\data\mvtec_ad\hazelnut\ground_truth\hole\008_mask.png,5511,0.005255699157714844,-5.248442047046046
hazelnut,hole,D:\Research\research-experiments\industrial-anomaly-detection\data\mvtec_ad\hazelnut\test\hole\009.png,0,layer3,0.25,0,1,64.75431823730469,38.43236675262451,1.6649367919773843,15.8095800462302,D:\Research\research-experiments\industrial-anomaly-detection\data\mvtec_ad\hazelnut\ground_truth\hole\009_mask.png,9068,0.008647918701171875,-4.750436483936734
hazelnut,hole,D:\Research\research-experiments\industrial-anomaly-detection\data\mvtec_ad\hazelnut\test\hole\010.png,0,layer3,0.25,0,1,69.46086883544922,38.43236675262451,1.6649367919773843,18.6364444778551,D:\Research\research-experiments\industrial-anomaly-detection\data\mvtec_ad\hazelnut\ground_truth\hole\010_mask.png,14880,0.014190673828125,-4.2551702323430085
hazelnut,hole,D:\Research\research-experiments\industrial-anomaly-detection\data\mvtec_ad\hazelnut\test\hole\011.png,0,layer3,0.25,0,1,65.51647186279297,38.43236675262451,1.6649367919773843,16.267347349566144,D:\Research\research-experiments\industrial-anomaly-detection\data\mvtec_ad\hazelnut\ground_truth\hole\011_mask.png,13478,0.012853622436523438,-4.354129527893667
hazelnut,hole,D:\Research\research-experiments\industrial-anomaly-detection\data\mvtec_ad\hazelnut\test\hole\012.png,0,layer3,0.25,0,1,68.13196563720703,38.43236675262451,1.6649367919773843,17.83827411808793,D:\Research\research-experiments\industrial-anomaly-detection\data\mvtec_ad\hazelnut\ground_truth\hole\012_mask.png,16808,0.01602935791015625,-4.133333306288542
hazelnut,hole,D:\Research\research-experiments\industrial-anomaly-detection\data\mvtec_ad\hazelnut\test\hole\013.png,0,layer3,0.25,0,1,60.969627380371094,38.43236675262451,1.6649367919773843,13.536406148476006,D:\Research\research-experiments\industrial-anomaly-detection\data\mvtec_ad\hazelnut\ground_truth\hole\013_mask.png,24372,0.023242950439453125,-3.7617533568067243
hazelnut,hole,D:\Research\research-experiments\industrial-anomaly-detection\data\mvtec_ad\hazelnut\test\hole\014.png,0,layer3,0.25,0,1,61.98780822753906,38.43236675262451,1.6649367919773843,14.147949392684524,D:\Research\research-experiments\industrial-anomaly-detection\data\mvtec_ad\hazelnut\ground_truth\hole\014_mask.png,27842,0.026552200317382812,-3.6286426225887323
hazelnut,hole,D:\Research\research-experiments\industrial-anomaly-detection\data\mvtec_ad\hazelnut\test\hole\015.png,0,layer3,0.25,0,1,59.29644775390625,38.43236675262451,1.6649367919773843,12.531455309184583,D:\Research\research-experiments\industrial-anomaly-detection\data\mvtec_ad\hazelnut\ground_truth\hole\015_mask.png,6690,0.0063800811767578125,-5.0545743013388265
hazelnut,hole,D:\Research\research-experiments\industrial-anomaly-detection\data\mvtec_ad\hazelnut\test\hole\016.png,0,layer3,0.25,0,1,51.11949157714844,38.43236675262451,1.6649367919773843,7.620184072847532,D:\Research\research-experiments\industrial-anomaly-detection\data\mvtec_ad\hazelnut\ground_truth\hole\016_mask.png,30772,0.029346466064453125,-3.5285831125444282
hazelnut,hole,D:\Research\research-experiments\industrial-anomaly-detection\data\mvtec_ad\hazelnut\test\hole\017.png,0,layer3,0.25,0,1,61.654266357421875,38.43236675262451,1.6649367919773843,13.947616339967817,D:\Research\research-experiments\industrial-anomaly-detection\data\mvtec_ad\hazelnut\ground_truth\hole\017_mask.png,26873,0.025628089904785156,-3.6640662281231107
hazelnut,print,D:\Research\research-experiments\industrial-anomaly-detection\data\mvtec_ad\hazelnut\test\print\000.png,0,layer3,0.25,0,1,63.93238067626953,38.43236675262451,1.6649367919773843,15.315905112145183,D:\Research\research-experiments\industrial-anomaly-detection\data\mvtec_ad\hazelnut\ground_truth\print\000_mask.png,39682,0.03784370422363281,-3.2742906214200165
hazelnut,print,D:\Research\research-experiments\industrial-anomaly-detection\data\mvtec_ad\hazelnut\test\print\001.png,0,layer3,0.25,0,1,67.06184387207031,38.43236675262451,1.6649367919773843,17.195533943029528,D:\Research\research-experiments\industrial-anomaly-detection\data\mvtec_ad\hazelnut\ground_truth\print\001_mask.png,26844,0.025600433349609375,-3.665145960858938
hazelnut,print,D:\Research\research-experiments\industrial-anomaly-detection\data\mvtec_ad\hazelnut\test\print\002.png,0,layer3,0.25,0,1,68.96326446533203,38.43236675262451,1.6649367919773843,18.337571648258848,D:\Research\research-experiments\industrial-anomaly-detection\data\mvtec_ad\hazelnut\ground_truth\print\002_mask.png,19830,0.018911361694335938,-3.967992336806801
hazelnut,print,D:\Research\research-experiments\industrial-anomaly-detection\data\mvtec_ad\hazelnut\test\print\003.png,0,layer3,0.25,0,1,58.904396057128906,38.43236675262451,1.6649367919773843,12.295979885332775,D:\Research\research-experiments\industrial-anomaly-detection\data\mvtec_ad\hazelnut\ground_truth\print\003_mask.png,18439,0.017584800720214844,-4.040720288626451
hazelnut,print,D:\Research\research-experiments\industrial-anomaly-detection\data\mvtec_ad\hazelnut\test\print\004.png,0,layer3,0.25,0,1,62.50075149536133,38.43236675262451,1.6649367919773843,14.456035123202293,D:\Research\research-experiments\industrial-anomaly-detection\data\mvtec_ad\hazelnut\ground_truth\print\004_mask.png,32196,0.030704498291015625,-3.4833460784167642
hazelnut,print,D:\Research\research-experiments\industrial-anomaly-detection\data\mvtec_ad\hazelnut\test\print\005.png,0,layer3,0.25,0,1,60.689735412597656,38.43236675262451,1.6649367919773843,13.36829648261835,D:\Research\research-experiments\industrial-anomaly-detection\data\mvtec_ad\hazelnut\ground_truth\print\005_mask.png,17078,0.016286849975585938,-4.11739718533213
hazelnut,print,D:\Research\research-experiments\industrial-anomaly-detection\data\mvtec_ad\hazelnut\test\print\006.png,0,layer3,0.25,0,1,64.88885498046875,38.43236675262451,1.6649367919773843,15.890385962594316,D:\Research\research-experiments\industrial-anomaly-detection\data\mvtec_ad\hazelnut\ground_truth\print\006_mask.png,31697,0.030228614807128906,-3.4989662599546563
hazelnut,print,D:\Research\research-experiments\industrial-anomaly-detection\data\mvtec_ad\hazelnut\test\print\007.png,0,layer3,0.25,0,1,59.46041488647461,38.43236675262451,1.6649367919773843,12.629937806152904,D:\Research\research-experiments\industrial-anomaly-detection\data\mvtec_ad\hazelnut\ground_truth\print\007_mask.png,21320,0.02033233642578125,-3.8955426837363873
hazelnut,print,D:\Research\research-experiments\industrial-anomaly-detection\data\mvtec_ad\hazelnut\test\print\008.png,0,layer3,0.25,0,1,79.39107513427734,38.43236675262451,1.6649367919773843,24.60075876694855,D:\Research\research-experiments\industrial-anomaly-detection\data\mvtec_ad\hazelnut\ground_truth\print\008_mask.png,28795,0.02746105194091797,-3.5949865348429233
hazelnut,print,D:\Research\research-experiments\industrial-anomaly-detection\data\mvtec_ad\hazelnut\test\print\009.png,0,layer3,0.25,0,1,54.214324951171875,38.43236675262451,1.6649367919773843,9.479013422367652,D:\Research\research-experiments\industrial-anomaly-detection\data\mvtec_ad\hazelnut\ground_truth\print\009_mask.png,30884,0.029453277587890625,-3.5249500478181215
hazelnut,print,D:\Research\research-experiments\industrial-anomaly-detection\data\mvtec_ad\hazelnut\test\print\010.png,0,layer3,0.25,0,1,66.45507049560547,38.43236675262451,1.6649367919773843,16.831091653455157,D:\Research\research-experiments\industrial-anomaly-detection\data\mvtec_ad\hazelnut\ground_truth\print\010_mask.png,25541,0.02435779571533203,-3.714903287056452
hazelnut,print,D:\Research\research-experiments\industrial-anomaly-detection\data\mvtec_ad\hazelnut\test\print\011.png,0,layer3,0.25,0,1,60.92817687988281,38.43236675262451,1.6649367919773843,13.511510007860931,D:\Research\research-experiments\industrial-anomaly-detection\data\mvtec_ad\hazelnut\ground_truth\print\011_mask.png,50619,0.04827404022216797,-3.0308613116173917
hazelnut,print,D:\Research\research-experiments\industrial-anomaly-detection\data\mvtec_ad\hazelnut\test\print\012.png,0,layer3,0.25,0,1,68.07311248779297,38.43236675262451,1.6649367919773843,17.802925539272415,D:\Research\research-experiments\industrial-anomaly-detection\data\mvtec_ad\hazelnut\ground_truth\print\012_mask.png,20185,0.019249916076660156,-3.950248525963588
hazelnut,print,D:\Research\research-experiments\industrial-anomaly-detection\data\mvtec_ad\hazelnut\test\print\013.png,0,layer3,0.25,0,1,60.07471466064453,38.43236675262451,1.6649367919773843,12.998900626321195,D:\Research\research-experiments\industrial-anomaly-detection\data\mvtec_ad\hazelnut\ground_truth\print\013_mask.png,20164,0.019229888916015625,-3.9512894439940056
hazelnut,print,D:\Research\research-experiments\industrial-anomaly-detection\data\mvtec_ad\hazelnut\test\print\014.png,0,layer3,0.25,0,1,59.53831100463867,38.43236675262451,1.6649367919773843,12.676724037641938,D:\Research\research-experiments\industrial-anomaly-detection\data\mvtec_ad\hazelnut\ground_truth\print\014_mask.png,22566,0.021520614624023438,-3.8387439370334415
hazelnut,print,D:\Research\research-experiments\industrial-anomaly-detection\data\mvtec_ad\hazelnut\test\print\015.png,0,layer3,0.25,0,1,51.87046813964844,38.43236675262451,1.6649367919773843,8.071238170587838,D:\Research\research-experiments\industrial-anomaly-detection\data\mvtec_ad\hazelnut\ground_truth\print\015_mask.png,15902,0.015165328979492188,-4.188743378797598
hazelnut,print,D:\Research\research-experiments\industrial-anomaly-detection\data\mvtec_ad\hazelnut\test\print\016.png,0,layer3,0.25,0,1,60.13301086425781,38.43236675262451,1.6649367919773843,13.033914690455152,D:\Research\research-experiments\industrial-anomaly-detection\data\mvtec_ad\hazelnut\ground_truth\print\016_mask.png,46948,0.044773101806640625,-3.1061477036440532
hazelnut,good,D:\Research\research-experiments\industrial-anomaly-detection\data\mvtec_ad\hazelnut\test\good\000.png,0,layer3,0.5,1,0,38.83790588378906,39.00747661590576,1.6378987841753532,-0.10352943280440348,,,,
hazelnut,good,D:\Research\research-experiments\industrial-anomaly-detection\data\mvtec_ad\hazelnut\test\good\001.png,0,layer3,0.5,1,0,41.09636306762695,39.00747661590576,1.6378987841753532,1.2753452605881894,,,,
hazelnut,good,D:\Research\research-experiments\industrial-anomaly-detection\data\mvtec_ad\hazelnut\test\good\002.png,0,layer3,0.5,1,0,37.364620208740234,39.00747661590576,1.6378987841753532,-1.0030268188963016,,,,
hazelnut,good,D:\Research\research-experiments\industrial-anomaly-detection\data\mvtec_ad\hazelnut\test\good\003.png,0,layer3,0.5,1,0,37.788970947265625,39.00747661590576,1.6378987841753532,-0.7439444246572448,,,,
hazelnut,good,D:\Research\research-experiments\industrial-anomaly-detection\data\mvtec_ad\hazelnut\test\good\004.png,0,layer3,0.5,1,0,37.914703369140625,39.00747661590576,1.6378987841753532,-0.6671799608883169,,,,
hazelnut,good,D:\Research\research-experiments\industrial-anomaly-detection\data\mvtec_ad\hazelnut\test\good\005.png,0,layer3,0.5,1,0,40.81404495239258,39.00747661590576,1.6378987841753532,1.1029792279847057,,,,
hazelnut,good,D:\Research\research-experiments\industrial-anomaly-detection\data\mvtec_ad\hazelnut\test\good\006.png,0,layer3,0.5,1,0,38.26487350463867,39.00747661590576,1.6378987841753532,-0.45338766866535757,,,,
hazelnut,good,D:\Research\research-experiments\industrial-anomaly-detection\data\mvtec_ad\hazelnut\test\good\007.png,0,layer3,0.5,1,0,40.11481857299805,39.00747661590576,1.6378987841753532,0.6760747170648953,,,,
hazelnut,good,D:\Research\research-experiments\industrial-anomaly-detection\data\mvtec_ad\hazelnut\test\good\008.png,0,layer3,0.5,1,0,40.19916534423828,39.00747661590576,1.6378987841753532,0.7275716545161929,,,,
hazelnut,good,D:\Research\research-experiments\industrial-anomaly-detection\data\mvtec_ad\hazelnut\test\good\009.png,0,layer3,0.5,1,0,38.07234191894531,39.00747661590576,1.6378987841753532,-0.5709355828304534,,,,
hazelnut,good,D:\Research\research-experiments\industrial-anomaly-detection\data\mvtec_ad\hazelnut\test\good\010.png,0,layer3,0.5,1,0,38.218841552734375,39.00747661590576,1.6378987841753532,-0.4814919400336723,,,,
hazelnut,good,D:\Research\research-experiments\industrial-anomaly-detection\data\mvtec_ad\hazelnut\test\good\011.png,0,layer3,0.5,1,0,39.927425384521484,39.00747661590576,1.6378987841753532,0.5616639913918123,,,,
hazelnut,good,D:\Research\research-experiments\industrial-anomaly-detection\data\mvtec_ad\hazelnut\test\good\012.png,0,layer3,0.5,1,0,39.523643493652344,39.00747661590576,1.6378987841753532,0.3151396671965074,,,,
hazelnut,good,D:\Research\research-experiments\industrial-anomaly-detection\data\mvtec_ad\hazelnut\test\good\013.png,0,layer3,0.5,1,0,43.355369567871094,39.00747661590576,1.6378987841753532,2.654555332705986,,,,
hazelnut,good,D:\Research\research-experiments\industrial-anomaly-detection\data\mvtec_ad\hazelnut\test\good\014.png,0,layer3,0.5,1,0,39.329566955566406,39.00747661590576,1.6378987841753532,0.19664850036677506,,,,
hazelnut,good,D:\Research\research-experiments\industrial-anomaly-detection\data\mvtec_ad\hazelnut\test\good\015.png,0,layer3,0.5,1,0,36.38493728637695,39.00747661590576,1.6378987841753532,-1.6011608011841818,,,,
hazelnut,good,D:\Research\research-experiments\industrial-anomaly-detection\data\mvtec_ad\hazelnut\test\good\016.png,0,layer3,0.5,1,0,37.23064041137695,39.00747661590576,1.6378987841753532,-1.0848266215811404,,,,
hazelnut,good,D:\Research\research-experiments\industrial-anomaly-detection\data\mvtec_ad\hazelnut\test\good\017.png,0,layer3,0.5,1,0,38.86290740966797,39.00747661590576,1.6378987841753532,-0.08826504276976896,,,,
hazelnut,good,D:\Research\research-experiments\industrial-anomaly-detection\data\mvtec_ad\hazelnut\test\good\018.png,0,layer3,0.5,1,0,38.259700775146484,39.00747661590576,1.6378987841753532,-0.45654581832769575,,,,
hazelnut,good,D:\Research\research-experiments\industrial-anomaly-detection\data\mvtec_ad\hazelnut\test\good\019.png,0,layer3,0.5,1,0,39.8717155456543,39.00747661590576,1.6378987841753532,0.5276509990107012,,,,
hazelnut,good,D:\Research\research-experiments\industrial-anomaly-detection\data\mvtec_ad\hazelnut\test\good\020.png,0,layer3,0.5,1,0,39.47975158691406,39.00747661590576,1.6378987841753532,0.28834197544513346,,,,
hazelnut,good,D:\Research\research-experiments\industrial-anomaly-detection\data\mvtec_ad\hazelnut\test\good\021.png,0,layer3,0.5,1,0,36.2492561340332,39.00747661590576,1.6378987841753532,-1.6839993463095833,,,,
hazelnut,good,D:\Research\research-experiments\industrial-anomaly-detection\data\mvtec_ad\hazelnut\test\good\022.png,0,layer3,0.5,1,0,39.46460723876953,39.00747661590576,1.6378987841753532,0.27909577031277166,,,,
hazelnut,good,D:\Research\research-experiments\industrial-anomaly-detection\data\mvtec_ad\hazelnut\test\good\023.png,0,layer3,0.5,1,0,38.726924896240234,39.00747661590576,1.6378987841753532,-0.17128758039024752,,,,
hazelnut,good,D:\Research\research-experiments\industrial-anomaly-detection\data\mvtec_ad\hazelnut\test\good\024.png,0,layer3,0.5,1,0,40.91350173950195,39.00747661590576,1.6378987841753532,1.1637014093980398,,,,
hazelnut,good,D:\Research\research-experiments\industrial-anomaly-detection\data\mvtec_ad\hazelnut\test\good\025.png,0,layer3,0.5,1,0,37.26649475097656,39.00747661590576,1.6378987841753532,-1.0629361727048008,,,,
hazelnut,good,D:\Research\research-experiments\industrial-anomaly-detection\data\mvtec_ad\hazelnut\test\good\026.png,0,layer3,0.5,1,0,37.44724655151367,39.00747661590576,1.6378987841753532,-0.9525802689801918,,,,
hazelnut,good,D:\Research\research-experiments\industrial-anomaly-detection\data\mvtec_ad\hazelnut\test\good\027.png,0,layer3,0.5,1,0,41.51754379272461,39.00747661590576,1.6378987841753532,1.5324922401005476,,,,
hazelnut,good,D:\Research\research-experiments\industrial-anomaly-detection\data\mvtec_ad\hazelnut\test\good\028.png,0,layer3,0.5,1,0,37.69131851196289,39.00747661590576,1.6378987841753532,-0.8035649801190404,,,,
hazelnut,good,D:\Research\research-experiments\industrial-anomaly-detection\data\mvtec_ad\hazelnut\test\good\029.png,0,layer3,0.5,1,0,38.501155853271484,39.00747661590576,1.6378987841753532,-0.30912823644911375,,,,
hazelnut,good,D:\Research\research-experiments\industrial-anomaly-detection\data\mvtec_ad\hazelnut\test\good\030.png,0,layer3,0.5,1,0,36.94284439086914,39.00747661590576,1.6378987841753532,-1.2605371253609643,,,,
hazelnut,good,D:\Research\research-experiments\industrial-anomaly-detection\data\mvtec_ad\hazelnut\test\good\031.png,0,layer3,0.5,1,0,39.7127799987793,39.00747661590576,1.6378987841753532,0.43061475451832826,,,,
hazelnut,good,D:\Research\research-experiments\industrial-anomaly-detection\data\mvtec_ad\hazelnut\test\good\032.png,0,layer3,0.5,1,0,40.75167465209961,39.00747661590576,1.6378987841753532,1.0648997685604955,,,,
hazelnut,good,D:\Research\research-experiments\industrial-anomaly-detection\data\mvtec_ad\hazelnut\test\good\033.png,0,layer3,0.5,1,0,37.393943786621094,39.00747661590576,1.6378987841753532,-0.9851236504196101,,,,
hazelnut,good,D:\Research\research-experiments\industrial-anomaly-detection\data\mvtec_ad\hazelnut\test\good\034.png,0,layer3,0.5,1,0,38.878021240234375,39.00747661590576,1.6378987841753532,-0.07903746978880742,,,,
hazelnut,good,D:\Research\research-experiments\industrial-anomaly-detection\data\mvtec_ad\hazelnut\test\good\035.png,0,layer3,0.5,1,0,36.39149475097656,39.00747661590576,1.6378987841753532,-1.5971572176520583,,,,
hazelnut,good,D:\Research\research-experiments\industrial-anomaly-detection\data\mvtec_ad\hazelnut\test\good\036.png,0,layer3,0.5,1,0,39.97845458984375,39.00747661590576,1.6378987841753532,0.592819277551914,,,,
hazelnut,good,D:\Research\research-experiments\industrial-anomaly-detection\data\mvtec_ad\hazelnut\test\good\037.png,0,layer3,0.5,1,0,41.502586364746094,39.00747661590576,1.6378987841753532,1.5233601568955124,,,,
hazelnut,good,D:\Research\research-experiments\industrial-anomaly-detection\data\mvtec_ad\hazelnut\test\good\038.png,0,layer3,0.5,1,0,38.726470947265625,39.00747661590576,1.6378987841753532,-0.17156473364232588,,,,
hazelnut,good,D:\Research\research-experiments\industrial-anomaly-detection\data\mvtec_ad\hazelnut\test\good\039.png,0,layer3,0.5,1,0,41.33043670654297,39.00747661590576,1.6378987841753532,1.4182561908468418,,,,
hazelnut,crack,D:\Research\research-experiments\industrial-anomaly-detection\data\mvtec_ad\hazelnut\test\crack\000.png,0,layer3,0.5,0,1,57.479347229003906,39.00747661590576,1.6378987841753532,11.277785166925524,D:\Research\research-experiments\industrial-anomaly-detection\data\mvtec_ad\hazelnut\ground_truth\crack\000_mask.png,66262,0.06319236755371094,-2.7615717358527037
hazelnut,crack,D:\Research\research-experiments\industrial-anomaly-detection\data\mvtec_ad\hazelnut\test\crack\001.png,0,layer3,0.5,0,1,57.25624084472656,39.00747661590576,1.6378987841753532,11.141570166076328,D:\Research\research-experiments\industrial-anomaly-detection\data\mvtec_ad\hazelnut\ground_truth\crack\001_mask.png,66479,0.0633993148803711,-2.758302208127599
hazelnut,crack,D:\Research\research-experiments\industrial-anomaly-detection\data\mvtec_ad\hazelnut\test\crack\002.png,0,layer3,0.5,0,1,50.80465316772461,39.00747661590576,1.6378987841753532,7.202628554217088,D:\Research\research-experiments\industrial-anomaly-detection\data\mvtec_ad\hazelnut\ground_truth\crack\002_mask.png,13434,0.012811660766601562,-4.3573994473182065
hazelnut,crack,D:\Research\research-experiments\industrial-anomaly-detection\data\mvtec_ad\hazelnut\test\crack\003.png,0,layer3,0.5,0,1,55.8510856628418,39.00747661590576,1.6378987841753532,10.283669057985431,D:\Research\research-experiments\industrial-anomaly-detection\data\mvtec_ad\hazelnut\ground_truth\crack\003_mask.png,22632,0.02158355712890625,-3.8358234518859384
hazelnut,crack,D:\Research\research-experiments\industrial-anomaly-detection\data\mvtec_ad\hazelnut\test\crack\004.png,0,layer3,0.5,0,1,60.15804672241211,39.00747661590576,1.6378987841753532,12.913233901174918,D:\Research\research-experiments\industrial-anomaly-detection\data\mvtec_ad\hazelnut\ground_truth\crack\004_mask.png,28420,0.027103424072265625,-3.608095172652108
hazelnut,crack,D:\Research\research-experiments\industrial-anomaly-detection\data\mvtec_ad\hazelnut\test\crack\005.png,0,layer3,0.5,0,1,54.95900344848633,39.00747661590576,1.6378987841753532,9.739018666291898,D:\Research\research-experiments\industrial-anomaly-detection\data\mvtec_ad\hazelnut\ground_truth\crack\005_mask.png,16317,0.015561103820800781,-4.162980758845045
hazelnut,crack,D:\Research\research-experiments\industrial-anomaly-detection\data\mvtec_ad\hazelnut\test\crack\006.png,0,layer3,0.5,0,1,59.124916076660156,39.00747661590576,1.6378987841753532,12.282468034728469,D:\Research\research-experiments\industrial-anomaly-detection\data\mvtec_ad\hazelnut\ground_truth\crack\006_mask.png,42808,0.04082489013671875,-3.198463306712905
hazelnut,crack,D:\Research\research-experiments\industrial-anomaly-detection\data\mvtec_ad\hazelnut\test\crack\007.png,0,layer3,0.5,0,1,54.89167022705078,39.00747661590576,1.6378987841753532,9.697909153246226,D:\Research\research-experiments\industrial-anomaly-detection\data\mvtec_ad\hazelnut\ground_truth\crack\007_mask.png,234892,0.22401046752929688,-1.4960624937133307
hazelnut,crack,D:\Research\research-experiments\industrial-anomaly-detection\data\mvtec_ad\hazelnut\test\crack\008.png,0,layer3,0.5,0,1,60.11310577392578,39.00747661590576,1.6378987841753532,12.885795729219161,D:\Research\research-experiments\industrial-anomaly-detection\data\mvtec_ad\hazelnut\ground_truth\crack\008_mask.png,146408,0.13962554931640625,-1.968791080211775
hazelnut,crack,D:\Research\research-experiments\industrial-anomaly-detection\data\mvtec_ad\hazelnut\test\crack\009.png,0,layer3,0.5,0,1,56.23192596435547,39.00747661590576,1.6378987841753532,10.516186662365618,D:\Research\research-experiments\industrial-anomaly-detection\data\mvtec_ad\hazelnut\ground_truth\crack\009_mask.png,251942,0.24027061462402344,-1.4259894257641161
hazelnut,crack,D:\Research\research-experiments\industrial-anomaly-detection\data\mvtec_ad\hazelnut\test\crack\010.png,0,layer3,0.5,0,1,52.6280632019043,39.00747661590576,1.6378987841753532,8.315890284304846,D:\Research\research-experiments\industrial-anomaly-detection\data\mvtec_ad\hazelnut\ground_truth\crack\010_mask.png,290021,0.27658557891845703,-1.2852349944493806
hazelnut,crack,D:\Research\research-experiments\industrial-anomaly-detection\data\mvtec_ad\hazelnut\test\crack\011.png,0,layer3,0.5,0,1,59.3470573425293,39.00747661590576,1.6378987841753532,12.418093793789632,D:\Research\research-experiments\industrial-anomaly-detection\data\mvtec_ad\hazelnut\ground_truth\crack\011_mask.png,80208,0.0764923095703125,-2.570565058622412
hazelnut,crack,D:\Research\research-experiments\industrial-anomaly-detection\data\mvtec_ad\hazelnut\test\crack\012.png,0,layer3,0.5,0,1,53.134742736816406,39.00747661590576,1.6378987841753532,8.625237564983859,D:\Research\research-experiments\industrial-anomaly-detection\data\mvtec_ad\hazelnut\ground_truth\crack\012_mask.png,16584,0.01581573486328125,-4.146749893855121
hazelnut,crack,D:\Research\research-experiments\industrial-anomaly-detection\data\mvtec_ad\hazelnut\test\crack\013.png,0,layer3,0.5,0,1,55.669593811035156,39.00747661590576,1.6378987841753532,10.172861324589368,D:\Research\research-experiments\industrial-anomaly-detection\data\mvtec_ad\hazelnut\ground_truth\crack\013_mask.png,16456,0.01569366455078125,-4.154498116146135
hazelnut,crack,D:\Research\research-experiments\industrial-anomaly-detection\data\mvtec_ad\hazelnut\test\crack\014.png,0,layer3,0.5,0,1,59.4096794128418,39.00747661590576,1.6378987841753532,12.456326968462895,D:\Research\research-experiments\industrial-anomaly-detection\data\mvtec_ad\hazelnut\ground_truth\crack\014_mask.png,23082,0.022012710571289062,-3.816135193790258
hazelnut,crack,D:\Research\research-experiments\industrial-anomaly-detection\data\mvtec_ad\hazelnut\test\crack\015.png,0,layer3,0.5,0,1,56.97655487060547,39.00747661590576,1.6378987841753532,10.970811156531113,D:\Research\research-experiments\industrial-anomaly-detection\data\mvtec_ad\hazelnut\ground_truth\crack\015_mask.png,55765,0.05318164825439453,-2.9340418809667903
hazelnut,crack,D:\Research\research-experiments\industrial-anomaly-detection\data\mvtec_ad\hazelnut\test\crack\016.png,0,layer3,0.5,0,1,48.4564094543457,39.00747661590576,1.6378987841753532,5.768935742386108,D:\Research\research-experiments\industrial-anomaly-detection\data\mvtec_ad\hazelnut\ground_truth\crack\016_mask.png,30315,0.02891063690185547,-3.5435456581037306
hazelnut,crack,D:\Research\research-experiments\industrial-anomaly-detection\data\mvtec_ad\hazelnut\test\crack\017.png,0,layer3,0.5,0,1,52.91228485107422,39.00747661590576,1.6378987841753532,8.489418497351918,D:\Research\research-experiments\industrial-anomaly-detection\data\mvtec_ad\hazelnut\ground_truth\crack\017_mask.png,183595,0.17508983612060547,-1.7424560818053216
hazelnut,cut,D:\Research\research-experiments\industrial-anomaly-detection\data\mvtec_ad\hazelnut\test\cut\000.png,0,layer3,0.5,0,1,56.35917282104492,39.00747661590576,1.6378987841753532,10.59387574664778,D:\Research\research-experiments\industrial-anomaly-detection\data\mvtec_ad\hazelnut\ground_truth\cut\000_mask.png,4168,0.00397491455078125,-5.5277517761879995
hazelnut,cut,D:\Research\research-experiments\industrial-anomaly-detection\data\mvtec_ad\hazelnut\test\cut\001.png,0,layer3,0.5,0,1,48.16345977783203,39.00747661590576,1.6378987841753532,5.5900787340385705,D:\Research\research-experiments\industrial-anomaly-detection\data\mvtec_ad\hazelnut\ground_truth\cut\001_mask.png,16388,0.015628814697265625,-4.1586389085477675
hazelnut,cut,D:\Research\research-experiments\industrial-anomaly-detection\data\mvtec_ad\hazelnut\test\cut\002.png,0,layer3,0.5,0,1,54.89388656616211,39.00747661590576,1.6378987841753532,9.699262313241668,D:\Research\research-experiments\industrial-anomaly-detection\data\mvtec_ad\hazelnut\ground_truth\cut\002_mask.png,6489,0.006188392639160156,-5.085079734984902
hazelnut,cut,D:\Research\research-experiments\industrial-anomaly-detection\data\mvtec_ad\hazelnut\test\cut\003.png,0,layer3,0.5,0,1,59.83372497558594,39.00747661590576,1.6378987841753532,12.715223041187949,D:\Research\research-experiments\industrial-anomaly-detection\data\mvtec_ad\hazelnut\ground_truth\cut\003_mask.png,5618,0.0053577423095703125,-5.229212416888953
hazelnut,cut,D:\Research\research-experiments\industrial-anomaly-detection\data\mvtec_ad\hazelnut\test\cut\004.png,0,layer3,0.5,0,1,64.86825561523438,39.00747661590576,1.6378987841753532,15.788997005910204,D:\Research\research-experiments\industrial-anomaly-detection\data\mvtec_ad\hazelnut\ground_truth\cut\004_mask.png,11200,0.01068115234375,-4.539274460292868
hazelnut,cut,D:\Research\research-experiments\industrial-anomaly-detection\data\mvtec_ad\hazelnut\test\cut\005.png,0,layer3,0.5,0,1,60.83528518676758,39.00747661590576,1.6378987841753532,13.326713947010866,D:\Research\research-experiments\industrial-anomaly-detection\data\mvtec_ad\hazelnut\ground_truth\cut\005_mask.png,6586,0.0062808990478515625,-5.070241989049733
hazelnut,cut,D:\Research\research-experiments\industrial-anomaly-detection\data\mvtec_ad\hazelnut\test\cut\006.png,0,layer3,0.5,0,1,47.41877746582031,39.00747661590576,1.6378987841753532,5.135421633608125,D:\Research\research-experiments\industrial-anomaly-detection\data\mvtec_ad\hazelnut\ground_truth\cut\006_mask.png,10732,0.010234832763671875,-4.581958301947843
hazelnut,cut,D:\Research\research-experiments\industrial-anomaly-detection\data\mvtec_ad\hazelnut\test\cut\007.png,0,layer3,0.5,0,1,58.89863967895508,39.00747661590576,1.6378987841753532,12.144317619152574,D:\Research\research-experiments\industrial-anomaly-detection\data\mvtec_ad\hazelnut\ground_truth\cut\007_mask.png,6952,0.00662994384765625,-5.016158793422849
hazelnut,cut,D:\Research\research-experiments\industrial-anomaly-detection\data\mvtec_ad\hazelnut\test\cut\008.png,0,layer3,0.5,0,1,61.67908477783203,39.00747661590576,1.6378987841753532,13.841885946170319,D:\Research\research-experiments\industrial-anomaly-detection\data\mvtec_ad\hazelnut\ground_truth\cut\008_mask.png,21145,0.020165443420410156,-3.9037848117025336
hazelnut,cut,D:\Research\research-experiments\industrial-anomaly-detection\data\mvtec_ad\hazelnut\test\cut\009.png,0,layer3,0.5,0,1,57.82145690917969,39.00747661590576,1.6378987841753532,11.486656242159897,D:\Research\research-experiments\industrial-anomaly-detection\data\mvtec_ad\hazelnut\ground_truth\cut\009_mask.png,10831,0.010329246520996094,-4.5727758425506915
hazelnut,cut,D:\Research\research-experiments\industrial-anomaly-detection\data\mvtec_ad\hazelnut\test\cut\010.png,0,layer3,0.5,0,1,56.378562927246094,39.00747661590576,1.6378987841753532,10.605714149843699,D:\Research\research-experiments\industrial-anomaly-detection\data\mvtec_ad\hazelnut\ground_truth\cut\010_mask.png,6037,0.005757331848144531,-5.157280958710927
hazelnut,cut,D:\Research\research-experiments\industrial-anomaly-detection\data\mvtec_ad\hazelnut\test\cut\011.png,0,layer3,0.5,0,1,60.120540618896484,39.00747661590576,1.6378987841753532,12.89033498710404,D:\Research\research-experiments\industrial-anomaly-detection\data\mvtec_ad\hazelnut\ground_truth\cut\011_mask.png,6604,0.006298065185546875,-5.067512647379978
hazelnut,cut,D:\Research\research-experiments\industrial-anomaly-detection\data\mvtec_ad\hazelnut\test\cut\012.png,0,layer3,0.5,0,1,54.4036750793457,39.00747661590576,1.6378987841753532,9.399969407261999,D:\Research\research-experiments\industrial-anomaly-detection\data\mvtec_ad\hazelnut\ground_truth\cut\012_mask.png,8760,0.00835418701171875,-4.78499230756802
hazelnut,cut,D:\Research\research-experiments\industrial-anomaly-detection\data\mvtec_ad\hazelnut\test\cut\013.png,0,layer3,0.5,0,1,57.157039642333984,39.00747661590576,1.6378987841753532,11.08100402893097,D:\Research\research-experiments\industrial-anomaly-detection\data\mvtec_ad\hazelnut\ground_truth\cut\013_mask.png,11223,0.010703086853027344,-4.537222994751665
hazelnut,cut,D:\Research\research-experiments\industrial-anomaly-detection\data\mvtec_ad\hazelnut\test\cut\014.png,0,layer3,0.5,0,1,57.467369079589844,39.00747661590576,1.6378987841753532,11.270472047500935,D:\Research\research-experiments\industrial-anomaly-detection\data\mvtec_ad\hazelnut\ground_truth\cut\014_mask.png,6144,0.005859375,-5.139712165704746
hazelnut,cut,D:\Research\research-experiments\industrial-anomaly-detection\data\mvtec_ad\hazelnut\test\cut\015.png,0,layer3,0.5,0,1,57.9661865234375,39.00747661590576,1.6378987841753532,11.575019220175466,D:\Research\research-experiments\industrial-anomaly-detection\data\mvtec_ad\hazelnut\ground_truth\cut\015_mask.png,9185,0.008759498596191406,-4.737616499387901
hazelnut,cut,D:\Research\research-experiments\industrial-anomaly-detection\data\mvtec_ad\hazelnut\test\cut\016.png,0,layer3,0.5,0,1,55.476539611816406,39.00747661590576,1.6378987841753532,10.054994334831543,D:\Research\research-experiments\industrial-anomaly-detection\data\mvtec_ad\hazelnut\ground_truth\cut\016_mask.png,8242,0.007860183715820312,-4.845945172076663
hazelnut,hole,D:\Research\research-experiments\industrial-anomaly-detection\data\mvtec_ad\hazelnut\test\hole\000.png,0,layer3,0.5,0,1,64.03402709960938,39.00747661590576,1.6378987841753532,15.279668515233649,D:\Research\research-experiments\industrial-anomaly-detection\data\mvtec_ad\hazelnut\ground_truth\hole\000_mask.png,14373,0.013707160949707031,-4.2898368126931095
hazelnut,hole,D:\Research\research-experiments\industrial-anomaly-detection\data\mvtec_ad\hazelnut\test\hole\001.png,0,layer3,0.5,0,1,62.10852813720703,39.00747661590576,1.6378987841753532,14.104077580674288,D:\Research\research-experiments\industrial-anomaly-detection\data\mvtec_ad\hazelnut\ground_truth\hole\001_mask.png,4231,0.004034996032714844,-5.512749712647151
hazelnut,hole,D:\Research\research-experiments\industrial-anomaly-detection\data\mvtec_ad\hazelnut\test\hole\002.png,0,layer3,0.5,0,1,67.95773315429688,39.00747661590576,1.6378987841753532,17.675241485063406,D:\Research\research-experiments\industrial-anomaly-detection\data\mvtec_ad\hazelnut\ground_truth\hole\002_mask.png,7308,0.006969451904296875,-4.966218550217713
hazelnut,hole,D:\Research\research-experiments\industrial-anomaly-detection\data\mvtec_ad\hazelnut\test\hole\003.png,0,layer3,0.5,0,1,69.28800964355469,39.00747661590576,1.6378987841753532,18.487426280674924,D:\Research\research-experiments\industrial-anomaly-detection\data\mvtec_ad\hazelnut\ground_truth\hole\003_mask.png,9242,0.008813858032226562,-4.731429906311008
hazelnut,hole,D:\Research\research-experiments\industrial-anomaly-detection\data\mvtec_ad\hazelnut\test\hole\004.png,0,layer3,0.5,0,1,65.84093475341797,39.00747661590576,1.6378987841753532,16.382854909451734,D:\Research\research-experiments\industrial-anomaly-detection\data\mvtec_ad\hazelnut\ground_truth\hole\004_mask.png,11881,0.011330604553222656,-4.4802477584840785
hazelnut,hole,D:\Research\research-experiments\industrial-anomaly-detection\data\mvtec_ad\hazelnut\test\hole\005.png,0,layer3,0.5,0,1,59.470096588134766,39.00747661590576,1.6378987841753532,12.493213970197491,D:\Research\research-experiments\industrial-anomaly-detection\data\mvtec_ad\hazelnut\ground_truth\hole\005_mask.png,12519,0.011939048767089844,-4.427940758180481
hazelnut,hole,D:\Research\research-experiments\industrial-anomaly-detection\data\mvtec_ad\hazelnut\test\hole\006.png,0,layer3,0.5,0,1,61.022918701171875,39.00747661590576,1.6378987841753532,13.441271400876225,D:\Research\research-experiments\industrial-anomaly-detection\data\mvtec_ad\hazelnut\ground_truth\hole\006_mask.png,13410,0.012788772583007812,-4.359187556729598
hazelnut,hole,D:\Research\research-experiments\industrial-anomaly-detection\data\mvtec_ad\hazelnut\test\hole\007.png,0,layer3,0.5,0,1,68.4122314453125,39.00747661590576,1.6378987841753532,17.95273011586696,D:\Research\research-experiments\industrial-anomaly-detection\data\mvtec_ad\hazelnut\ground_truth\hole\007_mask.png,2442,0.0023288726806640625,-6.062370527136047
hazelnut,hole,D:\Research\research-experiments\industrial-anomaly-detection\data\mvtec_ad\hazelnut\test\hole\008.png,0,layer3,0.5,0,1,58.03973388671875,39.00747661590576,1.6378987841753532,11.619922705050008,D:\Research\research-experiments\industrial-anomaly-detection\data\mvtec_ad\hazelnut\ground_truth\hole\008_mask.png,5511,0.005255699157714844,-5.248442047046046
hazelnut,hole,D:\Research\research-experiments\industrial-anomaly-detection\data\mvtec_ad\hazelnut\test\hole\009.png,0,layer3,0.5,0,1,65.60352325439453,39.00747661590576,1.6378987841753532,16.237906087633682,D:\Research\research-experiments\industrial-anomaly-detection\data\mvtec_ad\hazelnut\ground_truth\hole\009_mask.png,9068,0.008647918701171875,-4.750436483936734
hazelnut,hole,D:\Research\research-experiments\industrial-anomaly-detection\data\mvtec_ad\hazelnut\test\hole\010.png,0,layer3,0.5,0,1,70.16911315917969,39.00747661590576,1.6378987841753532,19.025373755902226,D:\Research\research-experiments\industrial-anomaly-detection\data\mvtec_ad\hazelnut\ground_truth\hole\010_mask.png,14880,0.014190673828125,-4.2551702323430085
hazelnut,hole,D:\Research\research-experiments\industrial-anomaly-detection\data\mvtec_ad\hazelnut\test\hole\011.png,0,layer3,0.5,0,1,66.49052429199219,39.00747661590576,1.6378987841753532,16.77945422611908,D:\Research\research-experiments\industrial-anomaly-detection\data\mvtec_ad\hazelnut\ground_truth\hole\011_mask.png,13478,0.012853622436523438,-4.354129527893667
hazelnut,hole,D:\Research\research-experiments\industrial-anomaly-detection\data\mvtec_ad\hazelnut\test\hole\012.png,0,layer3,0.5,0,1,68.0553207397461,39.00747661590576,1.6378987841753532,17.734822447203477,D:\Research\research-experiments\industrial-anomaly-detection\data\mvtec_ad\hazelnut\ground_truth\hole\012_mask.png,16808,0.01602935791015625,-4.133333306288542
hazelnut,hole,D:\Research\research-experiments\industrial-anomaly-detection\data\mvtec_ad\hazelnut\test\hole\013.png,0,layer3,0.5,0,1,61.15367889404297,39.00747661590576,1.6378987841753532,13.52110551158834,D:\Research\research-experiments\industrial-anomaly-detection\data\mvtec_ad\hazelnut\ground_truth\hole\013_mask.png,24372,0.023242950439453125,-3.7617533568067243
hazelnut,hole,D:\Research\research-experiments\industrial-anomaly-detection\data\mvtec_ad\hazelnut\test\hole\014.png,0,layer3,0.5,0,1,62.150447845458984,39.00747661590576,1.6378987841753532,14.129671169641423,D:\Research\research-experiments\industrial-anomaly-detection\data\mvtec_ad\hazelnut\ground_truth\hole\014_mask.png,27842,0.026552200317382812,-3.6286426225887323
hazelnut,hole,D:\Research\research-experiments\industrial-anomaly-detection\data\mvtec_ad\hazelnut\test\hole\015.png,0,layer3,0.5,0,1,59.31425094604492,39.00747661590576,1.6378987841753532,12.39806423103439,D:\Research\research-experiments\industrial-anomaly-detection\data\mvtec_ad\hazelnut\ground_truth\hole\015_mask.png,6690,0.0063800811767578125,-5.0545743013388265
hazelnut,hole,D:\Research\research-experiments\industrial-anomaly-detection\data\mvtec_ad\hazelnut\test\hole\016.png,0,layer3,0.5,0,1,51.99361801147461,39.00747661590576,1.6378987841753532,7.928537172769863,D:\Research\research-experiments\industrial-anomaly-detection\data\mvtec_ad\hazelnut\ground_truth\hole\016_mask.png,30772,0.029346466064453125,-3.5285831125444282
hazelnut,hole,D:\Research\research-experiments\industrial-anomaly-detection\data\mvtec_ad\hazelnut\test\hole\017.png,0,layer3,0.5,0,1,61.90512466430664,39.00747661590576,1.6378987841753532,13.97989196257286,D:\Research\research-experiments\industrial-anomaly-detection\data\mvtec_ad\hazelnut\ground_truth\hole\017_mask.png,26873,0.025628089904785156,-3.6640662281231107
hazelnut,print,D:\Research\research-experiments\industrial-anomaly-detection\data\mvtec_ad\hazelnut\test\print\000.png,0,layer3,0.5,0,1,61.7877197265625,39.00747661590576,1.6378987841753532,13.90821174711727,D:\Research\research-experiments\industrial-anomaly-detection\data\mvtec_ad\hazelnut\ground_truth\print\000_mask.png,39682,0.03784370422363281,-3.2742906214200165
hazelnut,print,D:\Research\research-experiments\industrial-anomaly-detection\data\mvtec_ad\hazelnut\test\print\001.png,0,layer3,0.5,0,1,65.14698028564453,39.00747661590576,1.6378987841753532,15.959169102686312,D:\Research\research-experiments\industrial-anomaly-detection\data\mvtec_ad\hazelnut\ground_truth\print\001_mask.png,26844,0.025600433349609375,-3.665145960858938
hazelnut,print,D:\Research\research-experiments\industrial-anomaly-detection\data\mvtec_ad\hazelnut\test\print\002.png,0,layer3,0.5,0,1,67.13630676269531,39.00747661590576,1.6378987841753532,17.173729181899244,D:\Research\research-experiments\industrial-anomaly-detection\data\mvtec_ad\hazelnut\ground_truth\print\002_mask.png,19830,0.018911361694335938,-3.967992336806801
hazelnut,print,D:\Research\research-experiments\industrial-anomaly-detection\data\mvtec_ad\hazelnut\test\print\003.png,0,layer3,0.5,0,1,58.63551330566406,39.00747661590576,1.6378987841753532,11.983668880760906,D:\Research\research-experiments\industrial-anomaly-detection\data\mvtec_ad\hazelnut\ground_truth\print\003_mask.png,18439,0.017584800720214844,-4.040720288626451
hazelnut,print,D:\Research\research-experiments\industrial-anomaly-detection\data\mvtec_ad\hazelnut\test\print\004.png,0,layer3,0.5,0,1,61.177066802978516,39.00747661590576,1.6378987841753532,13.535384726617687,D:\Research\research-experiments\industrial-anomaly-detection\data\mvtec_ad\hazelnut\ground_truth\print\004_mask.png,32196,0.030704498291015625,-3.4833460784167642
hazelnut,print,D:\Research\research-experiments\industrial-anomaly-detection\data\mvtec_ad\hazelnut\test\print\005.png,0,layer3,0.5,0,1,60.53764724731445,39.00747661590576,1.6378987841753532,13.14499457440447,D:\Research\research-experiments\industrial-anomaly-detection\data\mvtec_ad\hazelnut\ground_truth\print\005_mask.png,17078,0.016286849975585938,-4.11739718533213
hazelnut,print,D:\Research\research-experiments\industrial-anomaly-detection\data\mvtec_ad\hazelnut\test\print\006.png,0,layer3,0.5,0,1,64.40372467041016,39.00747661590576,1.6378987841753532,15.505383055333827,D:\Research\research-experiments\industrial-anomaly-detection\data\mvtec_ad\hazelnut\ground_truth\print\006_mask.png,31697,0.030228614807128906,-3.4989662599546563
hazelnut,print,D:\Research\research-experiments\industrial-anomaly-detection\data\mvtec_ad\hazelnut\test\print\007.png,0,layer3,0.5,0,1,58.367313385009766,39.00747661590576,1.6378987841753532,11.819922547198951,D:\Research\research-experiments\industrial-anomaly-detection\data\mvtec_ad\hazelnut\ground_truth\print\007_mask.png,21320,0.02033233642578125,-3.8955426837363873
hazelnut,print,D:\Research\research-experiments\industrial-anomaly-detection\data\mvtec_ad\hazelnut\test\print\008.png,0,layer3,0.5,0,1,77.59795379638672,39.00747661590576,1.6378987841753532,23.5609657649941,D:\Research\research-experiments\industrial-anomaly-detection\data\mvtec_ad\hazelnut\ground_truth\print\008_mask.png,28795,0.02746105194091797,-3.5949865348429233
hazelnut,print,D:\Research\research-experiments\industrial-anomaly-detection\data\mvtec_ad\hazelnut\test\print\009.png,0,layer3,0.5,0,1,54.54572677612305,39.00747661590576,1.6378987841753532,9.486697413992198,D:\Research\research-experiments\industrial-anomaly-detection\data\mvtec_ad\hazelnut\ground_truth\print\009_mask.png,30884,0.029453277587890625,-3.5249500478181215
hazelnut,print,D:\Research\research-experiments\industrial-anomaly-detection\data\mvtec_ad\hazelnut\test\print\010.png,0,layer3,0.5,0,1,65.10294342041016,39.00747661590576,1.6378987841753532,15.932282908215788,D:\Research\research-experiments\industrial-anomaly-detection\data\mvtec_ad\hazelnut\ground_truth\print\010_mask.png,25541,0.02435779571533203,-3.714903287056452
hazelnut,print,D:\Research\research-experiments\industrial-anomaly-detection\data\mvtec_ad\hazelnut\test\print\011.png,0,layer3,0.5,0,1,60.55364227294922,39.00747661590576,1.6378987841753532,13.154760150757113,D:\Research\research-experiments\industrial-anomaly-detection\data\mvtec_ad\hazelnut\ground_truth\print\011_mask.png,50619,0.04827404022216797,-3.0308613116173917
hazelnut,print,D:\Research\research-experiments\industrial-anomaly-detection\data\mvtec_ad\hazelnut\test\print\012.png,0,layer3,0.5,0,1,66.24594116210938,39.00747661590576,1.6378987841753532,16.63012684872197,D:\Research\research-experiments\industrial-anomaly-detection\data\mvtec_ad\hazelnut\ground_truth\print\012_mask.png,20185,0.019249916076660156,-3.950248525963588
hazelnut,print,D:\Research\research-experiments\industrial-anomaly-detection\data\mvtec_ad\hazelnut\test\print\013.png,0,layer3,0.5,0,1,59.798912048339844,39.00747661590576,1.6378987841753532,12.693968414478142,D:\Research\research-experiments\industrial-anomaly-detection\data\mvtec_ad\hazelnut\ground_truth\print\013_mask.png,20164,0.019229888916015625,-3.9512894439940056
hazelnut,print,D:\Research\research-experiments\industrial-anomaly-detection\data\mvtec_ad\hazelnut\test\print\014.png,0,layer3,0.5,0,1,59.5233268737793,39.00747661590576,1.6378987841753532,12.525713100277333,D:\Research\research-experiments\industrial-anomaly-detection\data\mvtec_ad\hazelnut\ground_truth\print\014_mask.png,22566,0.021520614624023438,-3.8387439370334415
hazelnut,print,D:\Research\research-experiments\industrial-anomaly-detection\data\mvtec_ad\hazelnut\test\print\015.png,0,layer3,0.5,0,1,52.766571044921875,39.00747661590576,1.6378987841753532,8.400454632453693,D:\Research\research-experiments\industrial-anomaly-detection\data\mvtec_ad\hazelnut\ground_truth\print\015_mask.png,15902,0.015165328979492188,-4.188743378797598
hazelnut,print,D:\Research\research-experiments\industrial-anomaly-detection\data\mvtec_ad\hazelnut\test\print\016.png,0,layer3,0.5,0,1,58.292945861816406,39.00747661590576,1.6378987841753532,11.774518323255528,D:\Research\research-experiments\industrial-anomaly-detection\data\mvtec_ad\hazelnut\ground_truth\print\016_mask.png,46948,0.044773101806640625,-3.1061477036440532
hazelnut,good,D:\Research\research-experiments\industrial-anomaly-detection\data\mvtec_ad\hazelnut\test\good\000.png,0,layer3,0.75,1,0,39.7036018371582,40.430250358581546,1.542520926289948,-0.47107855007910243,,,,
hazelnut,good,D:\Research\research-experiments\industrial-anomaly-detection\data\mvtec_ad\hazelnut\test\good\001.png,0,layer3,0.75,1,0,42.8836555480957,40.430250358581546,1.542520926289948,1.5905166326754845,,,,
hazelnut,good,D:\Research\research-experiments\industrial-anomaly-detection\data\mvtec_ad\hazelnut\test\good\002.png,0,layer3,0.75,1,0,39.19638442993164,40.430250358581546,1.542520926289948,-0.7999022299279817,,,,
hazelnut,good,D:\Research\research-experiments\industrial-anomaly-detection\data\mvtec_ad\hazelnut\test\good\003.png,0,layer3,0.75,1,0,39.09947967529297,40.430250358581546,1.542520926289948,-0.8627245573188624,,,,
hazelnut,good,D:\Research\research-experiments\industrial-anomaly-detection\data\mvtec_ad\hazelnut\test\good\004.png,0,layer3,0.75,1,0,38.28792190551758,40.430250358581546,1.542520926289948,-1.388848874949573,,,,
hazelnut,good,D:\Research\research-experiments\industrial-anomaly-detection\data\mvtec_ad\hazelnut\test\good\005.png,0,layer3,0.75,1,0,42.215660095214844,40.430250358581546,1.542520926289948,1.1574622465106799,,,,
hazelnut,good,D:\Research\research-experiments\industrial-anomaly-detection\data\mvtec_ad\hazelnut\test\good\006.png,0,layer3,0.75,1,0,39.038150787353516,40.430250358581546,1.542520926289948,-0.9024834266438709,,,,
hazelnut,good,D:\Research\research-experiments\industrial-anomaly-detection\data\mvtec_ad\hazelnut\test\good\007.png,0,layer3,0.75,1,0,40.65720748901367,40.430250358581546,1.542520926289948,0.14713390694672812,,,,
hazelnut,good,D:\Research\research-experiments\industrial-anomaly-detection\data\mvtec_ad\hazelnut\test\good\008.png,0,layer3,0.75,1,0,42.00736999511719,40.430250358581546,1.542520926289948,1.0224299778732404,,,,
hazelnut,good,D:\Research\research-experiments\industrial-anomaly-detection\data\mvtec_ad\hazelnut\test\good\009.png,0,layer3,0.75,1,0,39.08034896850586,40.430250358581546,1.542520926289948,-0.8751267921677097,,,,
hazelnut,good,D:\Research\research-experiments\industrial-anomaly-detection\data\mvtec_ad\hazelnut\test\good\010.png,0,layer3,0.75,1,0,38.88216018676758,40.430250358581546,1.542520926289948,-1.003610482962727,,,,
hazelnut,good,D:\Research\research-experiments\industrial-anomaly-detection\data\mvtec_ad\hazelnut\test\good\011.png,0,layer3,0.75,1,0,41.89838409423828,40.430250358581546,1.542520926289948,0.9517755711670456,,,,
hazelnut,good,D:\Research\research-experiments\industrial-anomaly-detection\data\mvtec_ad\hazelnut\test\good\012.png,0,layer3,0.75,1,0,41.27107620239258,40.430250358581546,1.542520926289948,0.5450985004355021,,,,
hazelnut,good,D:\Research\research-experiments\industrial-anomaly-detection\data\mvtec_ad\hazelnut\test\good\013.png,0,layer3,0.75,1,0,43.847511291503906,40.430250358581546,1.542520926289948,2.215374115631296,,,,
hazelnut,good,D:\Research\research-experiments\industrial-anomaly-detection\data\mvtec_ad\hazelnut\test\good\014.png,0,layer3,0.75,1,0,40.17485427856445,40.430250358581546,1.542520926289948,-0.16557057714047882,,,,
hazelnut,good,D:\Research\research-experiments\industrial-anomaly-detection\data\mvtec_ad\hazelnut\test\good\015.png,0,layer3,0.75,1,0,38.46580123901367,40.430250358581546,1.542520926289948,-1.2735315846202115,,,,
hazelnut,good,D:\Research\research-experiments\industrial-anomaly-detection\data\mvtec_ad\hazelnut\test\good\016.png,0,layer3,0.75,1,0,39.485069274902344,40.430250358581546,1.542520926289948,-0.6127508985907503,,,,
hazelnut,good,D:\Research\research-experiments\industrial-anomaly-detection\data\mvtec_ad\hazelnut\test\good\017.png,0,layer3,0.75,1,0,40.80730056762695,40.430250358581546,1.542520926289948,0.24443766215365634,,,,
hazelnut,good,D:\Research\research-experiments\industrial-anomaly-detection\data\mvtec_ad\hazelnut\test\good\018.png,0,layer3,0.75,1,0,38.68305206298828,40.430250358581546,1.542520926289948,-1.132690173478297,,,,
hazelnut,good,D:\Research\research-experiments\industrial-anomaly-detection\data\mvtec_ad\hazelnut\test\good\019.png,0,layer3,0.75,1,0,40.69731903076172,40.430250358581546,1.542520926289948,0.17313779516918656,,,,
hazelnut,good,D:\Research\research-experiments\industrial-anomaly-detection\data\mvtec_ad\hazelnut\test\good\020.png,0,layer3,0.75,1,0,41.19780731201172,40.430250358581546,1.542520926289948,0.4975990538269658,,,,
hazelnut,good,D:\Research\research-experiments\industrial-anomaly-detection\data\mvtec_ad\hazelnut\test\good\021.png,0,layer3,0.75,1,0,39.51515579223633,40.430250358581546,1.542520926289948,-0.5932461276529918,,,,
hazelnut,good,D:\Research\research-experiments\industrial-anomaly-detection\data\mvtec_ad\hazelnut\test\good\022.png,0,layer3,0.75,1,0,41.13507080078125,40.430250358581546,1.542520926289948,0.45692763721198226,,,,
hazelnut,good,D:\Research\research-experiments\industrial-anomaly-detection\data\mvtec_ad\hazelnut\test\good\023.png,0,layer3,0.75,1,0,41.50382995605469,40.430250358581546,1.542520926289948,0.6959902969065722,,,,
hazelnut,good,D:\Research\research-experiments\industrial-anomaly-detection\data\mvtec_ad\hazelnut\test\good\024.png,0,layer3,0.75,1,0,40.56478500366211,40.430250358581546,1.542520926289948,0.08721738732202786,,,,
hazelnut,good,D:\Research\research-experiments\industrial-anomaly-detection\data\mvtec_ad\hazelnut\test\good\025.png,0,layer3,0.75,1,0,39.28520965576172,40.430250358581546,1.542520926289948,-0.7423177755998842,,,,
hazelnut,good,D:\Research\research-experiments\industrial-anomaly-detection\data\mvtec_ad\hazelnut\test\good\026.png,0,layer3,0.75,1,0,39.14812469482422,40.430250358581546,1.542520926289948,-0.8311885057151734,,,,
hazelnut,good,D:\Research\research-experiments\industrial-anomaly-detection\data\mvtec_ad\hazelnut\test\good\027.png,0,layer3,0.75,1,0,42.75951385498047,40.430250358581546,1.542520926289948,1.5100368861777702,,,,
hazelnut,good,D:\Research\research-experiments\industrial-anomaly-detection\data\mvtec_ad\hazelnut\test\good\028.png,0,layer3,0.75,1,0,38.66218948364258,40.430250358581546,1.542520926289948,-1.1462151629874386,,,,
hazelnut,good,D:\Research\research-experiments\industrial-anomaly-detection\data\mvtec_ad\hazelnut\test\good\029.png,0,layer3,0.75,1,0,40.323246002197266,40.430250358581546,1.542520926289948,-0.06936979237075618,,,,
hazelnut,good,D:\Research\research-experiments\industrial-anomaly-detection\data\mvtec_ad\hazelnut\test\good\030.png,0,layer3,0.75,1,0,38.952247619628906,40.430250358581546,1.542520926289948,-0.9581735416112074,,,,
hazelnut,good,D:\Research\research-experiments\industrial-anomaly-detection\data\mvtec_ad\hazelnut\test\good\031.png,0,layer3,0.75,1,0,41.07612228393555,40.430250358581546,1.542520926289948,0.4187119372879071,,,,
hazelnut,good,D:\Research\research-experiments\industrial-anomaly-detection\data\mvtec_ad\hazelnut\test\good\032.png,0,layer3,0.75,1,0,42.405372619628906,40.430250358581546,1.542520926289948,1.280450869342758,,,,
hazelnut,good,D:\Research\research-experiments\industrial-anomaly-detection\data\mvtec_ad\hazelnut\test\good\033.png,0,layer3,0.75,1,0,39.60221862792969,40.430250358581546,1.542520926289948,-0.5368042122082777,,,,
hazelnut,good,D:\Research\research-experiments\industrial-anomaly-detection\data\mvtec_ad\hazelnut\test\good\034.png,0,layer3,0.75,1,0,39.83428192138672,40.430250358581546,1.542520926289948,-0.3863600337845937,,,,
hazelnut,good,D:\Research\research-experiments\industrial-anomaly-detection\data\mvtec_ad\hazelnut\test\good\035.png,0,layer3,0.75,1,0,37.499176025390625,40.430250358581546,1.542520926289948,-1.9001844858213393,,,,
hazelnut,good,D:\Research\research-experiments\industrial-anomaly-detection\data\mvtec_ad\hazelnut\test\good\036.png,0,layer3,0.75,1,0,41.50181579589844,40.430250358581546,1.542520926289948,0.6946845381827056,,,,
hazelnut,good,D:\Research\research-experiments\industrial-anomaly-detection\data\mvtec_ad\hazelnut\test\good\037.png,0,layer3,0.75,1,0,42.941162109375,40.430250358581546,1.542520926289948,1.6277975280586097,,,,
hazelnut,good,D:\Research\research-experiments\industrial-anomaly-detection\data\mvtec_ad\hazelnut\test\good\038.png,0,layer3,0.75,1,0,40.13034439086914,40.430250358581546,1.542520926289948,-0.1944258665156234,,,,
hazelnut,good,D:\Research\research-experiments\industrial-anomaly-detection\data\mvtec_ad\hazelnut\test\good\039.png,0,layer3,0.75,1,0,42.79003143310547,40.430250358581546,1.542520926289948,1.5298211092666592,,,,
hazelnut,crack,D:\Research\research-experiments\industrial-anomaly-detection\data\mvtec_ad\hazelnut\test\crack\000.png,0,layer3,0.75,0,1,58.269805908203125,40.430250358581546,1.542520926289948,11.565195159153564,D:\Research\research-experiments\industrial-anomaly-detection\data\mvtec_ad\hazelnut\ground_truth\crack\000_mask.png,66262,0.06319236755371094,-2.7615717358527037
hazelnut,crack,D:\Research\research-experiments\industrial-anomaly-detection\data\mvtec_ad\hazelnut\test\crack\001.png,0,layer3,0.75,0,1,57.71805191040039,40.430250358581546,1.542520926289948,11.207498878734338,D:\Research\research-experiments\industrial-anomaly-detection\data\mvtec_ad\hazelnut\ground_truth\crack\001_mask.png,66479,0.0633993148803711,-2.758302208127599
hazelnut,crack,D:\Research\research-experiments\industrial-anomaly-detection\data\mvtec_ad\hazelnut\test\crack\002.png,0,layer3,0.75,0,1,52.14269256591797,40.430250358581546,1.542520926289948,7.593052390872286,D:\Research\research-experiments\industrial-anomaly-detection\data\mvtec_ad\hazelnut\ground_truth\crack\002_mask.png,13434,0.012811660766601562,-4.3573994473182065
hazelnut,crack,D:\Research\research-experiments\industrial-anomaly-detection\data\mvtec_ad\hazelnut\test\crack\003.png,0,layer3,0.75,0,1,55.51914596557617,40.430250358581546,1.542520926289948,9.781971414343305,D:\Research\research-experiments\industrial-anomaly-detection\data\mvtec_ad\hazelnut\ground_truth\crack\003_mask.png,22632,0.02158355712890625,-3.8358234518859384
hazelnut,crack,D:\Research\research-experiments\industrial-anomaly-detection\data\mvtec_ad\hazelnut\test\crack\004.png,0,layer3,0.75,0,1,62.22405242919922,40.430250358581546,1.542520926289948,14.128691351394403,D:\Research\research-experiments\industrial-anomaly-detection\data\mvtec_ad\hazelnut\ground_truth\crack\004_mask.png,28420,0.027103424072265625,-3.608095172652108
hazelnut,crack,D:\Research\research-experiments\industrial-anomaly-detection\data\mvtec_ad\hazelnut\test\crack\005.png,0,layer3,0.75,0,1,55.07784652709961,40.430250358581546,1.542520926289948,9.495881656366425,D:\Research\research-experiments\industrial-anomaly-detection\data\mvtec_ad\hazelnut\ground_truth\crack\005_mask.png,16317,0.015561103820800781,-4.162980758845045
hazelnut,crack,D:\Research\research-experiments\industrial-anomaly-detection\data\mvtec_ad\hazelnut\test\crack\006.png,0,layer3,0.75,0,1,60.38121795654297,40.430250358581546,1.542520926289948,12.934001255948754,D:\Research\research-experiments\industrial-anomaly-detection\data\mvtec_ad\hazelnut\ground_truth\crack\006_mask.png,42808,0.04082489013671875,-3.198463306712905
hazelnut,crack,D:\Research\research-experiments\industrial-anomaly-detection\data\mvtec_ad\hazelnut\test\crack\007.png,0,layer3,0.75,0,1,55.36167526245117,40.430250358581546,1.542520926289948,9.679884823204636,D:\Research\research-experiments\industrial-anomaly-detection\data\mvtec_ad\hazelnut\ground_truth\crack\007_mask.png,234892,0.22401046752929688,-1.4960624937133307
hazelnut,crack,D:\Research\research-experiments\industrial-anomaly-detection\data\mvtec_ad\hazelnut\test\crack\008.png,0,layer3,0.75,0,1,61.15953826904297,40.430250358581546,1.542520926289948,13.438578081607778,D:\Research\research-experiments\industrial-anomaly-detection\data\mvtec_ad\hazelnut\ground_truth\crack\008_mask.png,146408,0.13962554931640625,-1.968791080211775
hazelnut,crack,D:\Research\research-experiments\industrial-anomaly-detection\data\mvtec_ad\hazelnut\test\crack\009.png,0,layer3,0.75,0,1,56.09854507446289,40.430250358581546,1.542520926289948,10.157589727853178,D:\Research\research-experiments\industrial-anomaly-detection\data\mvtec_ad\hazelnut\ground_truth\crack\009_mask.png,251942,0.24027061462402344,-1.4259894257641161
hazelnut,crack,D:\Research\research-experiments\industrial-anomaly-detection\data\mvtec_ad\hazelnut\test\crack\010.png,0,layer3,0.75,0,1,52.471309661865234,40.430250358581546,1.542520926289948,7.806091378121328,D:\Research\research-experiments\industrial-anomaly-detection\data\mvtec_ad\hazelnut\ground_truth\crack\010_mask.png,290021,0.27658557891845703,-1.2852349944493806
hazelnut,crack,D:\Research\research-experiments\industrial-anomaly-detection\data\mvtec_ad\hazelnut\test\crack\011.png,0,layer3,0.75,0,1,60.2420768737793,40.430250358581546,1.542520926289948,12.843797563802852,D:\Research\research-experiments\industrial-anomaly-detection\data\mvtec_ad\hazelnut\ground_truth\crack\011_mask.png,80208,0.0764923095703125,-2.570565058622412
hazelnut,crack,D:\Research\research-experiments\industrial-anomaly-detection\data\mvtec_ad\hazelnut\test\crack\012.png,0,layer3,0.75,0,1,53.91150665283203,40.430250358581546,1.542520926289948,8.739755853215836,D:\Research\research-experiments\industrial-anomaly-detection\data\mvtec_ad\hazelnut\ground_truth\crack\012_mask.png,16584,0.01581573486328125,-4.146749893855121
hazelnut,crack,D:\Research\research-experiments\industrial-anomaly-detection\data\mvtec_ad\hazelnut\test\crack\013.png,0,layer3,0.75,0,1,56.716556549072266,40.430250358581546,1.542520926289948,10.558240029626269,D:\Research\research-experiments\industrial-anomaly-detection\data\mvtec_ad\hazelnut\ground_truth\crack\013_mask.png,16456,0.01569366455078125,-4.154498116146135
hazelnut,crack,D:\Research\research-experiments\industrial-anomaly-detection\data\mvtec_ad\hazelnut\test\crack\014.png,0,layer3,0.75,0,1,61.298824310302734,40.430250358581546,1.542520926289948,13.528875748813354,D:\Research\research-experiments\industrial-anomaly-detection\data\mvtec_ad\hazelnut\ground_truth\crack\014_mask.png,23082,0.022012710571289062,-3.816135193790258
hazelnut,crack,D:\Research\research-experiments\industrial-anomaly-detection\data\mvtec_ad\hazelnut\test\crack\015.png,0,layer3,0.75,0,1,58.68415832519531,40.430250358581546,1.542520926289948,11.833815448142955,D:\Research\research-experiments\industrial-anomaly-detection\data\mvtec_ad\hazelnut\ground_truth\crack\015_mask.png,55765,0.05318164825439453,-2.9340418809667903
hazelnut,crack,D:\Research\research-experiments\industrial-anomaly-detection\data\mvtec_ad\hazelnut\test\crack\016.png,0,layer3,0.75,0,1,49.13231658935547,40.430250358581546,1.542520926289948,5.6414574884919215,D:\Research\research-experiments\industrial-anomaly-detection\data\mvtec_ad\hazelnut\ground_truth\crack\016_mask.png,30315,0.02891063690185547,-3.5435456581037306
hazelnut,crack,D:\Research\research-experiments\industrial-anomaly-detection\data\mvtec_ad\hazelnut\test\crack\017.png,0,layer3,0.75,0,1,53.50025177001953,40.430250358581546,1.542520926289948,8.473143662869967,D:\Research\research-experiments\industrial-anomaly-detection\data\mvtec_ad\hazelnut\ground_truth\crack\017_mask.png,183595,0.17508983612060547,-1.7424560818053216
hazelnut,cut,D:\Research\research-experiments\industrial-anomaly-detection\data\mvtec_ad\hazelnut\test\cut\000.png,0,layer3,0.75,0,1,57.56141662597656,40.430250358581546,1.542520926289948,11.10595388070273,D:\Research\research-experiments\industrial-anomaly-detection\data\mvtec_ad\hazelnut\ground_truth\cut\000_mask.png,4168,0.00397491455078125,-5.5277517761879995
hazelnut,cut,D:\Research\research-experiments\industrial-anomaly-detection\data\mvtec_ad\hazelnut\test\cut\001.png,0,layer3,0.75,0,1,50.168094635009766,40.430250358581546,1.542520926289948,6.312941439212472,D:\Research\research-experiments\industrial-anomaly-detection\data\mvtec_ad\hazelnut\ground_truth\cut\001_mask.png,16388,0.015628814697265625,-4.1586389085477675
hazelnut,cut,D:\Research\research-experiments\industrial-anomaly-detection\data\mvtec_ad\hazelnut\test\cut\002.png,0,layer3,0.75,0,1,56.27838897705078,40.430250358581546,1.542520926289948,10.274180627543887,D:\Research\research-experiments\industrial-anomaly-detection\data\mvtec_ad\hazelnut\ground_truth\cut\002_mask.png,6489,0.006188392639160156,-5.085079734984902
hazelnut,cut,D:\Research\research-experiments\industrial-anomaly-detection\data\mvtec_ad\hazelnut\test\cut\003.png,0,layer3,0.75,0,1,60.6318244934082,40.430250358581546,1.542520926289948,13.096466822926825,D:\Research\research-experiments\industrial-anomaly-detection\data\mvtec_ad\hazelnut\ground_truth\cut\003_mask.png,5618,0.0053577423095703125,-5.229212416888953
hazelnut,cut,D:\Research\research-experiments\industrial-anomaly-detection\data\mvtec_ad\hazelnut\test\cut\004.png,0,layer3,0.75,0,1,66.75709533691406,40.430250358581546,1.542520926289948,17.067415118739113,D:\Research\research-experiments\industrial-anomaly-detection\data\mvtec_ad\hazelnut\ground_truth\cut\004_mask.png,11200,0.01068115234375,-4.539274460292868
hazelnut,cut,D:\Research\research-experiments\industrial-anomaly-detection\data\mvtec_ad\hazelnut\test\cut\005.png,0,layer3,0.75,0,1,61.98725509643555,40.430250358581546,1.542520926289948,13.975178145364056,D:\Research\research-experiments\industrial-anomaly-detection\data\mvtec_ad\hazelnut\ground_truth\cut\005_mask.png,6586,0.0062808990478515625,-5.070241989049733
hazelnut,cut,D:\Research\research-experiments\industrial-anomaly-detection\data\mvtec_ad\hazelnut\test\cut\006.png,0,layer3,0.75,0,1,48.577457427978516,40.430250358581546,1.542520926289948,5.2817481633734005,D:\Research\research-experiments\industrial-anomaly-detection\data\mvtec_ad\hazelnut\ground_truth\cut\006_mask.png,10732,0.010234832763671875,-4.581958301947843
hazelnut,cut,D:\Research\research-experiments\industrial-anomaly-detection\data\mvtec_ad\hazelnut\test\cut\007.png,0,layer3,0.75,0,1,60.08283233642578,40.430250358581546,1.542520926289948,12.740561014697143,D:\Research\research-experiments\industrial-anomaly-detection\data\mvtec_ad\hazelnut\ground_truth\cut\007_mask.png,6952,0.00662994384765625,-5.016158793422849
hazelnut,cut,D:\Research\research-experiments\industrial-anomaly-detection\data\mvtec_ad\hazelnut\test\cut\008.png,0,layer3,0.75,0,1,62.0718994140625,40.430250358581546,1.542520926289948,14.030052161128976,D:\Research\research-experiments\industrial-anomaly-detection\data\mvtec_ad\hazelnut\ground_truth\cut\008_mask.png,21145,0.020165443420410156,-3.9037848117025336
hazelnut,cut,D:\Research\research-experiments\industrial-anomaly-detection\data\mvtec_ad\hazelnut\test\cut\009.png,0,layer3,0.75,0,1,59.29887771606445,40.430250358581546,1.542520926289948,12.232331526850333,D:\Research\research-experiments\industrial-anomaly-detection\data\mvtec_ad\hazelnut\ground_truth\cut\009_mask.png,10831,0.010329246520996094,-4.5727758425506915
hazelnut,cut,D:\Research\research-experiments\industrial-anomaly-detection\data\mvtec_ad\hazelnut\test\cut\010.png,0,layer3,0.75,0,1,57.884765625,40.430250358581546,1.542520926289948,11.315577616441052,D:\Research\research-experiments\industrial-anomaly-detection\data\mvtec_ad\hazelnut\ground_truth\cut\010_mask.png,6037,0.005757331848144531,-5.157280958710927
hazelnut,cut,D:\Research\research-experiments\industrial-anomaly-detection\data\mvtec_ad\hazelnut\test\cut\011.png,0,layer3,0.75,0,1,61.88393783569336,40.430250358581546,1.542520926289948,13.908198658096623,D:\Research\research-experiments\industrial-anomaly-detection\data\mvtec_ad\hazelnut\ground_truth\cut\011_mask.png,6604,0.006298065185546875,-5.067512647379978
hazelnut,cut,D:\Research\research-experiments\industrial-anomaly-detection\data\mvtec_ad\hazelnut\test\cut\012.png,0,layer3,0.75,0,1,55.25387954711914,40.430250358581546,1.542520926289948,9.61000200119891,D:\Research\research-experiments\industrial-anomaly-detection\data\mvtec_ad\hazelnut\ground_truth\cut\012_mask.png,8760,0.00835418701171875,-4.78499230756802
hazelnut,cut,D:\Research\research-experiments\industrial-anomaly-detection\data\mvtec_ad\hazelnut\test\cut\013.png,0,layer3,0.75,0,1,58.965492248535156,40.430250358581546,1.542520926289948,12.01620125474365,D:\Research\research-experiments\industrial-anomaly-detection\data\mvtec_ad\hazelnut\ground_truth\cut\013_mask.png,11223,0.010703086853027344,-4.537222994751665
hazelnut,cut,D:\Research\research-experiments\industrial-anomaly-detection\data\mvtec_ad\hazelnut\test\cut\014.png,0,layer3,0.75,0,1,58.281333923339844,40.430250358581546,1.542520926289948,11.572668649425392,D:\Research\research-experiments\industrial-anomaly-detection\data\mvtec_ad\hazelnut\ground_truth\cut\014_mask.png,6144,0.005859375,-5.139712165704746
hazelnut,cut,D:\Research\research-experiments\industrial-anomaly-detection\data\mvtec_ad\hazelnut\test\cut\015.png,0,layer3,0.75,0,1,58.91050338745117,40.430250358581546,1.542520926289948,11.980552557765359,D:\Research\research-experiments\industrial-anomaly-detection\data\mvtec_ad\hazelnut\ground_truth\cut\015_mask.png,9185,0.008759498596191406,-4.737616499387901
hazelnut,cut,D:\Research\research-experiments\industrial-anomaly-detection\data\mvtec_ad\hazelnut\test\cut\016.png,0,layer3,0.75,0,1,56.0658073425293,40.430250358581546,1.542520926289948,10.136366202534573,D:\Research\research-experiments\industrial-anomaly-detection\data\mvtec_ad\hazelnut\ground_truth\cut\016_mask.png,8242,0.007860183715820312,-4.845945172076663
hazelnut,hole,D:\Research\research-experiments\industrial-anomaly-detection\data\mvtec_ad\hazelnut\test\hole\000.png,0,layer3,0.75,0,1,65.37952423095703,40.430250358581546,1.542520926289948,16.17435034245089,D:\Research\research-experiments\industrial-anomaly-detection\data\mvtec_ad\hazelnut\ground_truth\hole\000_mask.png,14373,0.013707160949707031,-4.2898368126931095
hazelnut,hole,D:\Research\research-experiments\industrial-anomaly-detection\data\mvtec_ad\hazelnut\test\hole\001.png,0,layer3,0.75,0,1,63.803470611572266,40.430250358581546,1.542520926289948,15.152611452220423,D:\Research\research-experiments\industrial-anomaly-detection\data\mvtec_ad\hazelnut\ground_truth\hole\001_mask.png,4231,0.004034996032714844,-5.512749712647151
hazelnut,hole,D:\Research\research-experiments\industrial-anomaly-detection\data\mvtec_ad\hazelnut\test\hole\002.png,0,layer3,0.75,0,1,68.27959442138672,40.430250358581546,1.542520926289948,18.054435170476467,D:\Research\research-experiments\industrial-anomaly-detection\data\mvtec_ad\hazelnut\ground_truth\hole\002_mask.png,7308,0.006969451904296875,-4.966218550217713
hazelnut,hole,D:\Research\research-experiments\industrial-anomaly-detection\data\mvtec_ad\hazelnut\test\hole\003.png,0,layer3,0.75,0,1,69.98992919921875,40.430250358581546,1.542520926289948,19.16322711532593,D:\Research\research-experiments\industrial-anomaly-detection\data\mvtec_ad\hazelnut\ground_truth\hole\003_mask.png,9242,0.008813858032226562,-4.731429906311008
hazelnut,hole,D:\Research\research-experiments\industrial-anomaly-detection\data\mvtec_ad\hazelnut\test\hole\004.png,0,layer3,0.75,0,1,66.63275909423828,40.430250358581546,1.542520926289948,16.986809247819206,D:\Research\research-experiments\industrial-anomaly-detection\data\mvtec_ad\hazelnut\ground_truth\hole\004_mask.png,11881,0.011330604553222656,-4.4802477584840785
hazelnut,hole,D:\Research\research-experiments\industrial-anomaly-detection\data\mvtec_ad\hazelnut\test\hole\005.png,0,layer3,0.75,0,1,62.09160614013672,40.430250358581546,1.542520926289948,14.042827823188626,D:\Research\research-experiments\industrial-anomaly-detection\data\mvtec_ad\hazelnut\ground_truth\hole\005_mask.png,12519,0.011939048767089844,-4.427940758180481
hazelnut,hole,D:\Research\research-experiments\industrial-anomaly-detection\data\mvtec_ad\hazelnut\test\hole\006.png,0,layer3,0.75,0,1,62.84280014038086,40.430250358581546,1.542520926289948,14.529818947549515,D:\Research\research-experiments\industrial-anomaly-detection\data\mvtec_ad\hazelnut\ground_truth\hole\006_mask.png,13410,0.012788772583007812,-4.359187556729598
hazelnut,hole,D:\Research\research-experiments\industrial-anomaly-detection\data\mvtec_ad\hazelnut\test\hole\007.png,0,layer3,0.75,0,1,70.3790283203125,40.430250358581546,1.542520926289948,19.415475959709266,D:\Research\research-experiments\industrial-anomaly-detection\data\mvtec_ad\hazelnut\ground_truth\hole\007_mask.png,2442,0.0023288726806640625,-6.062370527136047
hazelnut,hole,D:\Research\research-experiments\industrial-anomaly-detection\data\mvtec_ad\hazelnut\test\hole\008.png,0,layer3,0.75,0,1,59.76243209838867,40.430250358581546,1.542520926289948,12.532848929514783,D:\Research\research-experiments\industrial-anomaly-detection\data\mvtec_ad\hazelnut\ground_truth\hole\008_mask.png,5511,0.005255699157714844,-5.248442047046046
hazelnut,hole,D:\Research\research-experiments\industrial-anomaly-detection\data\mvtec_ad\hazelnut\test\hole\009.png,0,layer3,0.75,0,1,66.82975769042969,40.430250358581546,1.542520926289948,17.114521353913755,D:\Research\research-experiments\industrial-anomaly-detection\data\mvtec_ad\hazelnut\ground_truth\hole\009_mask.png,9068,0.008647918701171875,-4.750436483936734
hazelnut,hole,D:\Research\research-experiments\industrial-anomaly-detection\data\mvtec_ad\hazelnut\test\hole\010.png,0,layer3,0.75,0,1,72.22583770751953,40.430250358581546,1.542520926289948,20.612742950212244,D:\Research\research-experiments\industrial-anomaly-detection\data\mvtec_ad\hazelnut\ground_truth\hole\010_mask.png,14880,0.014190673828125,-4.2551702323430085
hazelnut,hole,D:\Research\research-experiments\industrial-anomaly-detection\data\mvtec_ad\hazelnut\test\hole\011.png,0,layer3,0.75,0,1,68.00259399414062,40.430250358581546,1.542520926289948,17.874858723554393,D:\Research\research-experiments\industrial-anomaly-detection\data\mvtec_ad\hazelnut\ground_truth\hole\011_mask.png,13478,0.012853622436523438,-4.354129527893667
hazelnut,hole,D:\Research\research-experiments\industrial-anomaly-detection\data\mvtec_ad\hazelnut\test\hole\012.png,0,layer3,0.75,0,1,68.38983154296875,40.430250358581546,1.542520926289948,18.125900730329306,D:\Research\research-experiments\industrial-anomaly-detection\data\mvtec_ad\hazelnut\ground_truth\hole\012_mask.png,16808,0.01602935791015625,-4.133333306288542
hazelnut,hole,D:\Research\research-experiments\industrial-anomaly-detection\data\mvtec_ad\hazelnut\test\hole\013.png,0,layer3,0.75,0,1,63.827537536621094,40.430250358581546,1.542520926289948,15.168213785153897,D:\Research\research-experiments\industrial-anomaly-detection\data\mvtec_ad\hazelnut\ground_truth\hole\013_mask.png,24372,0.023242950439453125,-3.7617533568067243
hazelnut,hole,D:\Research\research-experiments\industrial-anomaly-detection\data\mvtec_ad\hazelnut\test\hole\014.png,0,layer3,0.75,0,1,63.363346099853516,40.430250358581546,1.542520926289948,14.867283386832465,D:\Research\research-experiments\industrial-anomaly-detection\data\mvtec_ad\hazelnut\ground_truth\hole\014_mask.png,27842,0.026552200317382812,-3.6286426225887323
hazelnut,hole,D:\Research\research-experiments\industrial-anomaly-detection\data\mvtec_ad\hazelnut\test\hole\015.png,0,layer3,0.75,0,1,60.413818359375,40.430250358581546,1.542520926289948,12.95513575226346,D:\Research\research-experiments\industrial-anomaly-detection\data\mvtec_ad\hazelnut\ground_truth\hole\015_mask.png,6690,0.0063800811767578125,-5.0545743013388265
hazelnut,hole,D:\Research\research-experiments\industrial-anomaly-detection\data\mvtec_ad\hazelnut\test\hole\016.png,0,layer3,0.75,0,1,54.63097381591797,40.430250358581546,1.542520926289948,9.206178804647937,D:\Research\research-experiments\industrial-anomaly-detection\data\mvtec_ad\hazelnut\ground_truth\hole\016_mask.png,30772,0.029346466064453125,-3.5285831125444282
hazelnut,hole,D:\Research\research-experiments\industrial-anomaly-detection\data\mvtec_ad\hazelnut\test\hole\017.png,0,layer3,0.75,0,1,63.3007698059082,40.430250358581546,1.542520926289948,14.826715837388699,D:\Research\research-experiments\industrial-anomaly-detection\data\mvtec_ad\hazelnut\ground_truth\hole\017_mask.png,26873,0.025628089904785156,-3.6640662281231107
hazelnut,print,D:\Research\research-experiments\industrial-anomaly-detection\data\mvtec_ad\hazelnut\test\print\000.png,0,layer3,0.75,0,1,61.490234375,40.430250358581546,1.542520926289948,13.652964869054752,D:\Research\research-experiments\industrial-anomaly-detection\data\mvtec_ad\hazelnut\ground_truth\print\000_mask.png,39682,0.03784370422363281,-3.2742906214200165
hazelnut,print,D:\Research\research-experiments\industrial-anomaly-detection\data\mvtec_ad\hazelnut\test\print\001.png,0,layer3,0.75,0,1,65.29988098144531,40.430250358581546,1.542520926289948,16.122718466244663,D:\Research\research-experiments\industrial-anomaly-detection\data\mvtec_ad\hazelnut\ground_truth\print\001_mask.png,26844,0.025600433349609375,-3.665145960858938
hazelnut,print,D:\Research\research-experiments\industrial-anomaly-detection\data\mvtec_ad\hazelnut\test\print\002.png,0,layer3,0.75,0,1,66.53092193603516,40.430250358581546,1.542520926289948,16.920789295371584,D:\Research\research-experiments\industrial-anomaly-detection\data\mvtec_ad\hazelnut\ground_truth\print\002_mask.png,19830,0.018911361694335938,-3.967992336806801
hazelnut,print,D:\Research\research-experiments\industrial-anomaly-detection\data\mvtec_ad\hazelnut\test\print\003.png,0,layer3,0.75,0,1,58.27028274536133,40.430250358581546,1.542520926289948,11.565504287639328,D:\Research\research-experiments\industrial-anomaly-detection\data\mvtec_ad\hazelnut\ground_truth\print\003_mask.png,18439,0.017584800720214844,-4.040720288626451
hazelnut,print,D:\Research\research-experiments\industrial-anomaly-detection\data\mvtec_ad\hazelnut\test\print\004.png,0,layer3,0.75,0,1,61.79263687133789,40.430250358581546,1.542520926289948,13.84900920867044,D:\Research\research-experiments\industrial-anomaly-detection\data\mvtec_ad\hazelnut\ground_truth\print\004_mask.png,32196,0.030704498291015625,-3.4833460784167642
hazelnut,print,D:\Research\research-experiments\industrial-anomaly-detection\data\mvtec_ad\hazelnut\test\print\005.png,0,layer3,0.75,0,1,61.30085754394531,40.430250358581546,1.542520926289948,13.530193872676652,D:\Research\research-experiments\industrial-anomaly-detection\data\mvtec_ad\hazelnut\ground_truth\print\005_mask.png,17078,0.016286849975585938,-4.11739718533213
hazelnut,print,D:\Research\research-experiments\industrial-anomaly-detection\data\mvtec_ad\hazelnut\test\print\006.png,0,layer3,0.75,0,1,63.8796272277832,40.430250358581546,1.542520926289948,15.201982980938745,D:\Research\research-experiments\industrial-anomaly-detection\data\mvtec_ad\hazelnut\ground_truth\print\006_mask.png,31697,0.030228614807128906,-3.4989662599546563
hazelnut,print,D:\Research\research-experiments\industrial-anomaly-detection\data\mvtec_ad\hazelnut\test\print\007.png,0,layer3,0.75,0,1,58.665645599365234,40.430250358581546,1.542520926289948,11.821813843811658,D:\Research\research-experiments\industrial-anomaly-detection\data\mvtec_ad\hazelnut\ground_truth\print\007_mask.png,21320,0.02033233642578125,-3.8955426837363873
hazelnut,print,D:\Research\research-experiments\industrial-anomaly-detection\data\mvtec_ad\hazelnut\test\print\008.png,0,layer3,0.75,0,1,77.05438995361328,40.430250358581546,1.542520926289948,23.743042295782434,D:\Research\research-experiments\industrial-anomaly-detection\data\mvtec_ad\hazelnut\ground_truth\print\008_mask.png,28795,0.02746105194091797,-3.5949865348429233
hazelnut,print,D:\Research\research-experiments\industrial-anomaly-detection\data\mvtec_ad\hazelnut\test\print\009.png,0,layer3,0.75,0,1,54.48223876953125,40.430250358581546,1.542520926289948,9.109755447368466,D:\Research\research-experiments\industrial-anomaly-detection\data\mvtec_ad\hazelnut\ground_truth\print\009_mask.png,30884,0.029453277587890625,-3.5249500478181215
hazelnut,print,D:\Research\research-experiments\industrial-anomaly-detection\data\mvtec_ad\hazelnut\test\print\010.png,0,layer3,0.75,0,1,64.56926727294922,40.430250358581546,1.542520926289948,15.649069327329345,D:\Research\research-experiments\industrial-anomaly-detection\data\mvtec_ad\hazelnut\ground_truth\print\010_mask.png,25541,0.02435779571533203,-3.714903287056452
hazelnut,print,D:\Research\research-experiments\industrial-anomaly-detection\data\mvtec_ad\hazelnut\test\print\011.png,0,layer3,0.75,0,1,60.75810623168945,40.430250358581546,1.542520926289948,13.178333938068647,D:\Research\research-experiments\industrial-anomaly-detection\data\mvtec_ad\hazelnut\ground_truth\print\011_mask.png,50619,0.04827404022216797,-3.0308613116173917
hazelnut,print,D:\Research\research-experiments\industrial-anomaly-detection\data\mvtec_ad\hazelnut\test\print\012.png,0,layer3,0.75,0,1,65.30243682861328,40.430250358581546,1.542520926289948,16.124375394928357,D:\Research\research-experiments\industrial-anomaly-detection\data\mvtec_ad\hazelnut\ground_truth\print\012_mask.png,20185,0.019249916076660156,-3.950248525963588
hazelnut,print,D:\Research\research-experiments\industrial-anomaly-detection\data\mvtec_ad\hazelnut\test\print\013.png,0,layer3,0.75,0,1,59.71869659423828,40.430250358581546,1.542520926289948,12.504495664800519,D:\Research\research-experiments\industrial-anomaly-detection\data\mvtec_ad\hazelnut\ground_truth\print\013_mask.png,20164,0.019229888916015625,-3.9512894439940056
hazelnut,print,D:\Research\research-experiments\industrial-anomaly-detection\data\mvtec_ad\hazelnut\test\print\014.png,0,layer3,0.75,0,1,59.82773208618164,40.430250358581546,1.542520926289948,12.575182220869234,D:\Research\research-experiments\industrial-anomaly-detection\data\mvtec_ad\hazelnut\ground_truth\print\014_mask.png,22566,0.021520614624023438,-3.8387439370334415
hazelnut,print,D:\Research\research-experiments\industrial-anomaly-detection\data\mvtec_ad\hazelnut\test\print\015.png,0,layer3,0.75,0,1,53.426963806152344,40.430250358581546,1.542520926289948,8.425631851122,D:\Research\research-experiments\industrial-anomaly-detection\data\mvtec_ad\hazelnut\ground_truth\print\015_mask.png,15902,0.015165328979492188,-4.188743378797598
hazelnut,print,D:\Research\research-experiments\industrial-anomaly-detection\data\mvtec_ad\hazelnut\test\print\016.png,0,layer3,0.75,0,1,58.39409255981445,40.430250358581546,1.542520926289948,11.645768880710952,D:\Research\research-experiments\industrial-anomaly-detection\data\mvtec_ad\hazelnut\ground_truth\print\016_mask.png,46948,0.044773101806640625,-3.1061477036440532
hazelnut,good,D:\Research\research-experiments\industrial-anomaly-detection\data\mvtec_ad\hazelnut\test\good\000.png,0,layer3,1.0,1,0,41.30809020996094,42.511848068237306,1.7575652804638606,-0.6849007952402599,,,,
hazelnut,good,D:\Research\research-experiments\industrial-anomaly-detection\data\mvtec_ad\hazelnut\test\good\001.png,0,layer3,1.0,1,0,46.57655715942383,42.511848068237306,1.7575652804638606,2.3126930967330868,,,,
hazelnut,good,D:\Research\research-experiments\industrial-anomaly-detection\data\mvtec_ad\hazelnut\test\good\002.png,0,layer3,1.0,1,0,41.0788688659668,42.511848068237306,1.7575652804638606,-0.8153206132362345,,,,
hazelnut,good,D:\Research\research-experiments\industrial-anomaly-detection\data\mvtec_ad\hazelnut\test\good\003.png,0,layer3,1.0,1,0,41.50485610961914,42.511848068237306,1.7575652804638606,-0.5729471159969648,,,,
hazelnut,good,D:\Research\research-experiments\industrial-anomaly-detection\data\mvtec_ad\hazelnut\test\good\004.png,0,layer3,1.0,1,0,40.828365325927734,42.511848068237306,1.7575652804638606,-0.9578493390955374,,,,
hazelnut,good,D:\Research\research-experiments\industrial-anomaly-detection\data\mvtec_ad\hazelnut\test\good\005.png,0,layer3,1.0,1,0,44.384925842285156,42.511848068237306,1.7575652804638606,1.0657230174423469,,,,
hazelnut,good,D:\Research\research-experiments\industrial-anomaly-detection\data\mvtec_ad\hazelnut\test\good\006.png,0,layer3,1.0,1,0,40.014766693115234,42.511848068237306,1.7575652804638606,-1.4207616655143736,,,,
hazelnut,good,D:\Research\research-experiments\industrial-anomaly-detection\data\mvtec_ad\hazelnut\test\good\007.png,0,layer3,1.0,1,0,42.08390808105469,42.511848068237306,1.7575652804638606,-0.24348454759511165,,,,
hazelnut,good,D:\Research\research-experiments\industrial-anomaly-detection\data\mvtec_ad\hazelnut\test\good\008.png,0,layer3,1.0,1,0,44.63032150268555,42.511848068237306,1.7575652804638606,1.2053455185966853,,,,
hazelnut,good,D:\Research\research-experiments\industrial-anomaly-detection\data\mvtec_ad\hazelnut\test\good\009.png,0,layer3,1.0,1,0,41.33346939086914,42.511848068237306,1.7575652804638606,-0.6704608303693648,,,,
hazelnut,good,D:\Research\research-experiments\industrial-anomaly-detection\data\mvtec_ad\hazelnut\test\good\010.png,0,layer3,1.0,1,0,40.71293640136719,42.511848068237306,1.7575652804638606,-1.0235248083617956,,,,
hazelnut,good,D:\Research\research-experiments\industrial-anomaly-detection\data\mvtec_ad\hazelnut\test\good\011.png,0,layer3,1.0,1,0,43.796390533447266,42.511848068237306,1.7575652804638606,0.7308647249056605,,,,
hazelnut,good,D:\Research\research-experiments\industrial-anomaly-detection\data\mvtec_ad\hazelnut\test\good\012.png,0,layer3,1.0,1,0,42.279293060302734,42.511848068237306,1.7575652804638606,-0.13231656913090323,,,,
hazelnut,good,D:\Research\research-experiments\industrial-anomaly-detection\data\mvtec_ad\hazelnut\test\good\013.png,0,layer3,1.0,1,0,47.33318328857422,42.511848068237306,1.7575652804638606,2.7431898399042423,,,,
hazelnut,good,D:\Research\research-experiments\industrial-anomaly-detection\data\mvtec_ad\hazelnut\test\good\014.png,0,layer3,1.0,1,0,41.9599494934082,42.511848068237306,1.7575652804638606,-0.31401312996092223,,,,
hazelnut,good,D:\Research\research-experiments\industrial-anomaly-detection\data\mvtec_ad\hazelnut\test\good\015.png,0,layer3,1.0,1,0,40.46152114868164,42.511848068237306,1.7575652804638606,-1.1665722703708272,,,,
hazelnut,good,D:\Research\research-experiments\industrial-anomaly-detection\data\mvtec_ad\hazelnut\test\good\016.png,0,layer3,1.0,1,0,40.489105224609375,42.511848068237306,1.7575652804638606,-1.1508777887863626,,,,
hazelnut,good,D:\Research\research-experiments\industrial-anomaly-detection\data\mvtec_ad\hazelnut\test\good\017.png,0,layer3,1.0,1,0,42.17342758178711,42.511848068237306,1.7575652804638606,-0.1925507349353647,,,,
hazelnut,good,D:\Research\research-experiments\industrial-anomaly-detection\data\mvtec_ad\hazelnut\test\good\018.png,0,layer3,1.0,1,0,40.37166976928711,42.511848068237306,1.7575652804638606,-1.2176949116708518,,,,
hazelnut,good,D:\Research\research-experiments\industrial-anomaly-detection\data\mvtec_ad\hazelnut\test\good\019.png,0,layer3,1.0,1,0,43.188865661621094,42.511848068237306,1.7575652804638606,0.385201961434461,,,,
hazelnut,good,D:\Research\research-experiments\industrial-anomaly-detection\data\mvtec_ad\hazelnut\test\good\020.png,0,layer3,1.0,1,0,42.87474060058594,42.511848068237306,1.7575652804638606,0.20647456818949902,,,,
hazelnut,good,D:\Research\research-experiments\industrial-anomaly-detection\data\mvtec_ad\hazelnut\test\good\021.png,0,layer3,1.0,1,0,42.01762008666992,42.511848068237306,1.7575652804638606,-0.281200355435416,,,,
hazelnut,good,D:\Research\research-experiments\industrial-anomaly-detection\data\mvtec_ad\hazelnut\test\good\022.png,0,layer3,1.0,1,0,43.73026657104492,42.511848068237306,1.7575652804638606,0.6932422461634244,,,,
hazelnut,good,D:\Research\research-experiments\industrial-anomaly-detection\data\mvtec_ad\hazelnut\test\good\023.png,0,layer3,1.0,1,0,42.515220642089844,42.511848068237306,1.7575652804638606,0.0019188896651665445,,,,
hazelnut,good,D:\Research\research-experiments\industrial-anomaly-detection\data\mvtec_ad\hazelnut\test\good\024.png,0,layer3,1.0,1,0,42.54179382324219,42.511848068237306,1.7575652804638606,0.017038203552233372,,,,
hazelnut,good,D:\Research\research-experiments\industrial-anomaly-detection\data\mvtec_ad\hazelnut\test\good\025.png,0,layer3,1.0,1,0,41.8373908996582,42.511848068237306,1.7575652804638606,-0.3837451593269405,,,,
hazelnut,good,D:\Research\research-experiments\industrial-anomaly-detection\data\mvtec_ad\hazelnut\test\good\026.png,0,layer3,1.0,1,0,40.52214813232422,42.511848068237306,1.7575652804638606,-1.1320774016359503,,,,
hazelnut,good,D:\Research\research-experiments\industrial-anomaly-detection\data\mvtec_ad\hazelnut\test\good\027.png,0,layer3,1.0,1,0,43.022499084472656,42.511848068237306,1.7575652804638606,0.2905445515517796,,,,
hazelnut,good,D:\Research\research-experiments\industrial-anomaly-detection\data\mvtec_ad\hazelnut\test\good\028.png,0,layer3,1.0,1,0,41.079437255859375,42.511848068237306,1.7575652804638606,-0.814997217059207,,,,
hazelnut,good,D:\Research\research-experiments\industrial-anomaly-detection\data\mvtec_ad\hazelnut\test\good\029.png,0,layer3,1.0,1,0,41.5858268737793,42.511848068237306,1.7575652804638606,-0.5268772686574758,,,,
hazelnut,good,D:\Research\research-experiments\industrial-anomaly-detection\data\mvtec_ad\hazelnut\test\good\030.png,0,layer3,1.0,1,0,40.86635971069336,42.511848068237306,1.7575652804638606,-0.9362317154499465,,,,
hazelnut,good,D:\Research\research-experiments\industrial-anomaly-detection\data\mvtec_ad\hazelnut\test\good\031.png,0,layer3,1.0,1,0,44.11053466796875,42.511848068237306,1.7575652804638606,0.9096029703713281,,,,
hazelnut,good,D:\Research\research-experiments\industrial-anomaly-detection\data\mvtec_ad\hazelnut\test\good\032.png,0,layer3,1.0,1,0,44.91023254394531,42.511848068237306,1.7575652804638606,1.3646061983399098,,,,
hazelnut,good,D:\Research\research-experiments\industrial-anomaly-detection\data\mvtec_ad\hazelnut\test\good\033.png,0,layer3,1.0,1,0,41.887874603271484,42.511848068237306,1.7575652804638606,-0.3550215015633111,,,,
hazelnut,good,D:\Research\research-experiments\industrial-anomaly-detection\data\mvtec_ad\hazelnut\test\good\034.png,0,layer3,1.0,1,0,42.92101287841797,42.511848068237306,1.7575652804638606,0.232802055621328,,,,
hazelnut,good,D:\Research\research-experiments\industrial-anomaly-detection\data\mvtec_ad\hazelnut\test\good\035.png,0,layer3,1.0,1,0,41.38356399536133,42.511848068237306,1.7575652804638606,-0.64195855790813,,,,
hazelnut,good,D:\Research\research-experiments\industrial-anomaly-detection\data\mvtec_ad\hazelnut\test\good\036.png,0,layer3,1.0,1,0,43.88581085205078,42.511848068237306,1.7575652804638606,0.7817421060177382,,,,
hazelnut,good,D:\Research\research-experiments\industrial-anomaly-detection\data\mvtec_ad\hazelnut\test\good\037.png,0,layer3,1.0,1,0,45.39979553222656,42.511848068237306,1.7575652804638606,1.643152317635145,,,,
hazelnut,good,D:\Research\research-experiments\industrial-anomaly-detection\data\mvtec_ad\hazelnut\test\good\038.png,0,layer3,1.0,1,0,41.91379165649414,42.511848068237306,1.7575652804638606,-0.3402755040685175,,,,
hazelnut,good,D:\Research\research-experiments\industrial-anomaly-detection\data\mvtec_ad\hazelnut\test\good\039.png,0,layer3,1.0,1,0,44.9575309753418,42.511848068237306,1.7575652804638606,1.3915175352457012,,,,
hazelnut,crack,D:\Research\research-experiments\industrial-anomaly-detection\data\mvtec_ad\hazelnut\test\crack\000.png,0,layer3,1.0,0,1,59.47248840332031,42.511848068237306,1.7575652804638606,9.650077026218176,D:\Research\research-experiments\industrial-anomaly-detection\data\mvtec_ad\hazelnut\ground_truth\crack\000_mask.png,66262,0.06319236755371094,-2.7615717358527037
hazelnut,crack,D:\Research\research-experiments\industrial-anomaly-detection\data\mvtec_ad\hazelnut\test\crack\001.png,0,layer3,1.0,0,1,60.02537155151367,42.511848068237306,1.7575652804638606,9.964650347811922,D:\Research\research-experiments\industrial-anomaly-detection\data\mvtec_ad\hazelnut\ground_truth\crack\001_mask.png,66479,0.0633993148803711,-2.758302208127599
hazelnut,crack,D:\Research\research-experiments\industrial-anomaly-detection\data\mvtec_ad\hazelnut\test\crack\002.png,0,layer3,1.0,0,1,53.34501266479492,42.511848068237306,1.7575652804638606,6.163733840770058,D:\Research\research-experiments\industrial-anomaly-detection\data\mvtec_ad\hazelnut\ground_truth\crack\002_mask.png,13434,0.012811660766601562,-4.3573994473182065
hazelnut,crack,D:\Research\research-experiments\industrial-anomaly-detection\data\mvtec_ad\hazelnut\test\crack\003.png,0,layer3,1.0,0,1,57.65769577026367,42.511848068237306,1.7575652804638606,8.61751644185247,D:\Research\research-experiments\industrial-anomaly-detection\data\mvtec_ad\hazelnut\ground_truth\crack\003_mask.png,22632,0.02158355712890625,-3.8358234518859384
hazelnut,crack,D:\Research\research-experiments\industrial-anomaly-detection\data\mvtec_ad\hazelnut\test\crack\004.png,0,layer3,1.0,0,1,65.44815063476562,42.511848068237306,1.7575652804638606,13.050043046182,D:\Research\research-experiments\industrial-anomaly-detection\data\mvtec_ad\hazelnut\ground_truth\crack\004_mask.png,28420,0.027103424072265625,-3.608095172652108
hazelnut,crack,D:\Research\research-experiments\industrial-anomaly-detection\data\mvtec_ad\hazelnut\test\crack\005.png,0,layer3,1.0,0,1,56.79656219482422,42.511848068237306,1.7575652804638606,8.127558210991092,D:\Research\research-experiments\industrial-anomaly-detection\data\mvtec_ad\hazelnut\ground_truth\crack\005_mask.png,16317,0.015561103820800781,-4.162980758845045
hazelnut,crack,D:\Research\research-experiments\industrial-anomaly-detection\data\mvtec_ad\hazelnut\test\crack\006.png,0,layer3,1.0,0,1,62.89638137817383,42.511848068237306,1.7575652804638606,11.598165676416064,D:\Research\research-experiments\industrial-anomaly-detection\data\mvtec_ad\hazelnut\ground_truth\crack\006_mask.png,42808,0.04082489013671875,-3.198463306712905
hazelnut,crack,D:\Research\research-experiments\industrial-anomaly-detection\data\mvtec_ad\hazelnut\test\crack\007.png,0,layer3,1.0,0,1,57.14971160888672,42.511848068237306,1.7575652804638606,8.328489247799748,D:\Research\research-experiments\industrial-anomaly-detection\data\mvtec_ad\hazelnut\ground_truth\crack\007_mask.png,234892,0.22401046752929688,-1.4960624937133307
hazelnut,crack,D:\Research\research-experiments\industrial-anomaly-detection\data\mvtec_ad\hazelnut\test\crack\008.png,0,layer3,1.0,0,1,62.52335739135742,42.511848068237306,1.7575652804638606,11.385926625632154,D:\Research\research-experiments\industrial-anomaly-detection\data\mvtec_ad\hazelnut\ground_truth\crack\008_mask.png,146408,0.13962554931640625,-1.968791080211775
hazelnut,crack,D:\Research\research-experiments\industrial-anomaly-detection\data\mvtec_ad\hazelnut\test\crack\009.png,0,layer3,1.0,0,1,59.66352844238281,42.511848068237306,1.7575652804638606,9.758772868805645,D:\Research\research-experiments\industrial-anomaly-detection\data\mvtec_ad\hazelnut\ground_truth\crack\009_mask.png,251942,0.24027061462402344,-1.4259894257641161
hazelnut,crack,D:\Research\research-experiments\industrial-anomaly-detection\data\mvtec_ad\hazelnut\test\crack\010.png,0,layer3,1.0,0,1,55.17644119262695,42.511848068237306,1.7575652804638606,7.2057597320352045,D:\Research\research-experiments\industrial-anomaly-detection\data\mvtec_ad\hazelnut\ground_truth\crack\010_mask.png,290021,0.27658557891845703,-1.2852349944493806
hazelnut,crack,D:\Research\research-experiments\industrial-anomaly-detection\data\mvtec_ad\hazelnut\test\crack\011.png,0,layer3,1.0,0,1,60.572608947753906,42.511848068237306,1.7575652804638606,10.276011412076803,D:\Research\research-experiments\industrial-anomaly-detection\data\mvtec_ad\hazelnut\ground_truth\crack\011_mask.png,80208,0.0764923095703125,-2.570565058622412
hazelnut,crack,D:\Research\research-experiments\industrial-anomaly-detection\data\mvtec_ad\hazelnut\test\crack\012.png,0,layer3,1.0,0,1,55.83689880371094,42.511848068237306,1.7575652804638606,7.581539578408634,D:\Research\research-experiments\industrial-anomaly-detection\data\mvtec_ad\hazelnut\ground_truth\crack\012_mask.png,16584,0.01581573486328125,-4.146749893855121
hazelnut,crack,D:\Research\research-experiments\industrial-anomaly-detection\data\mvtec_ad\hazelnut\test\crack\013.png,0,layer3,1.0,0,1,58.02044677734375,42.511848068237306,1.7575652804638606,8.823910486564333,D:\Research\research-experiments\industrial-anomaly-detection\data\mvtec_ad\hazelnut\ground_truth\crack\013_mask.png,16456,0.01569366455078125,-4.154498116146135
hazelnut,crack,D:\Research\research-experiments\industrial-anomaly-detection\data\mvtec_ad\hazelnut\test\crack\014.png,0,layer3,1.0,0,1,64.65766143798828,42.511848068237306,1.7575652804638606,12.60027927037009,D:\Research\research-experiments\industrial-anomaly-detection\data\mvtec_ad\hazelnut\ground_truth\crack\014_mask.png,23082,0.022012710571289062,-3.816135193790258
hazelnut,crack,D:\Research\research-experiments\industrial-anomaly-detection\data\mvtec_ad\hazelnut\test\crack\015.png,0,layer3,1.0,0,1,61.30471420288086,42.511848068237306,1.7575652804638606,10.692556540308818,D:\Research\research-experiments\industrial-anomaly-detection\data\mvtec_ad\hazelnut\ground_truth\crack\015_mask.png,55765,0.05318164825439453,-2.9340418809667903
hazelnut,crack,D:\Research\research-experiments\industrial-anomaly-detection\data\mvtec_ad\hazelnut\test\crack\016.png,0,layer3,1.0,0,1,51.496883392333984,42.511848068237306,1.7575652804638606,5.112205745055072,D:\Research\research-experiments\industrial-anomaly-detection\data\mvtec_ad\hazelnut\ground_truth\crack\016_mask.png,30315,0.02891063690185547,-3.5435456581037306
hazelnut,crack,D:\Research\research-experiments\industrial-anomaly-detection\data\mvtec_ad\hazelnut\test\crack\017.png,0,layer3,1.0,0,1,55.8693962097168,42.511848068237306,1.7575652804638606,7.600029592046866,D:\Research\research-experiments\industrial-anomaly-detection\data\mvtec_ad\hazelnut\ground_truth\crack\017_mask.png,183595,0.17508983612060547,-1.7424560818053216
hazelnut,cut,D:\Research\research-experiments\industrial-anomaly-detection\data\mvtec_ad\hazelnut\test\cut\000.png,0,layer3,1.0,0,1,61.63414764404297,42.511848068237306,1.7575652804638606,10.879993925892109,D:\Research\research-experiments\industrial-anomaly-detection\data\mvtec_ad\hazelnut\ground_truth\cut\000_mask.png,4168,0.00397491455078125,-5.5277517761879995
hazelnut,cut,D:\Research\research-experiments\industrial-anomaly-detection\data\mvtec_ad\hazelnut\test\cut\001.png,0,layer3,1.0,0,1,49.370941162109375,42.511848068237306,1.7575652804638606,3.9026107138744806,D:\Research\research-experiments\industrial-anomaly-detection\data\mvtec_ad\hazelnut\ground_truth\cut\001_mask.png,16388,0.015628814697265625,-4.1586389085477675
hazelnut,cut,D:\Research\research-experiments\industrial-anomaly-detection\data\mvtec_ad\hazelnut\test\cut\002.png,0,layer3,1.0,0,1,58.24867248535156,42.511848068237306,1.7575652804638606,8.953763818639475,D:\Research\research-experiments\industrial-anomaly-detection\data\mvtec_ad\hazelnut\ground_truth\cut\002_mask.png,6489,0.006188392639160156,-5.085079734984902
hazelnut,cut,D:\Research\research-experiments\industrial-anomaly-detection\data\mvtec_ad\hazelnut\test\cut\003.png,0,layer3,1.0,0,1,63.195220947265625,42.511848068237306,1.7575652804638606,11.768196099987545,D:\Research\research-experiments\industrial-anomaly-detection\data\mvtec_ad\hazelnut\ground_truth\cut\003_mask.png,5618,0.0053577423095703125,-5.229212416888953
hazelnut,cut,D:\Research\research-experiments\industrial-anomaly-detection\data\mvtec_ad\hazelnut\test\cut\004.png,0,layer3,1.0,0,1,69.24625396728516,42.511848068237306,1.7575652804638606,15.211045755291687,D:\Research\research-experiments\industrial-anomaly-detection\data\mvtec_ad\hazelnut\ground_truth\cut\004_mask.png,11200,0.01068115234375,-4.539274460292868
hazelnut,cut,D:\Research\research-experiments\industrial-anomaly-detection\data\mvtec_ad\hazelnut\test\cut\005.png,0,layer3,1.0,0,1,64.72377014160156,42.511848068237306,1.7575652804638606,12.63789306733576,D:\Research\research-experiments\industrial-anomaly-detection\data\mvtec_ad\hazelnut\ground_truth\cut\005_mask.png,6586,0.0062808990478515625,-5.070241989049733
hazelnut,cut,D:\Research\research-experiments\industrial-anomaly-detection\data\mvtec_ad\hazelnut\test\cut\006.png,0,layer3,1.0,0,1,49.629905700683594,42.511848068237306,1.7575652804638606,4.049953484838795,D:\Research\research-experiments\industrial-anomaly-detection\data\mvtec_ad\hazelnut\ground_truth\cut\006_mask.png,10732,0.010234832763671875,-4.581958301947843
hazelnut,cut,D:\Research\research-experiments\industrial-anomaly-detection\data\mvtec_ad\hazelnut\test\cut\007.png,0,layer3,1.0,0,1,63.05561828613281,42.511848068237306,1.7575652804638606,11.688766526198986,D:\Research\research-experiments\industrial-anomaly-detection\data\mvtec_ad\hazelnut\ground_truth\cut\007_mask.png,6952,0.00662994384765625,-5.016158793422849
hazelnut,cut,D:\Research\research-experiments\industrial-anomaly-detection\data\mvtec_ad\hazelnut\test\cut\008.png,0,layer3,1.0,0,1,64.34923553466797,42.511848068237306,1.7575652804638606,12.424794520671966,D:\Research\research-experiments\industrial-anomaly-detection\data\mvtec_ad\hazelnut\ground_truth\cut\008_mask.png,21145,0.020165443420410156,-3.9037848117025336
hazelnut,cut,D:\Research\research-experiments\industrial-anomaly-detection\data\mvtec_ad\hazelnut\test\cut\009.png,0,layer3,1.0,0,1,62.123477935791016,42.511848068237306,1.7575652804638606,11.158407648094734,D:\Research\research-experiments\industrial-anomaly-detection\data\mvtec_ad\hazelnut\ground_truth\cut\009_mask.png,10831,0.010329246520996094,-4.5727758425506915
hazelnut,cut,D:\Research\research-experiments\industrial-anomaly-detection\data\mvtec_ad\hazelnut\test\cut\010.png,0,layer3,1.0,0,1,60.74272918701172,42.511848068237306,1.7575652804638606,10.37280453899435,D:\Research\research-experiments\industrial-anomaly-detection\data\mvtec_ad\hazelnut\ground_truth\cut\010_mask.png,6037,0.005757331848144531,-5.157280958710927
hazelnut,cut,D:\Research\research-experiments\industrial-anomaly-detection\data\mvtec_ad\hazelnut\test\cut\011.png,0,layer3,1.0,0,1,66.55863189697266,42.511848068237306,1.7575652804638606,13.681872358327919,D:\Research\research-experiments\industrial-anomaly-detection\data\mvtec_ad\hazelnut\ground_truth\cut\011_mask.png,6604,0.006298065185546875,-5.067512647379978
hazelnut,cut,D:\Research\research-experiments\industrial-anomaly-detection\data\mvtec_ad\hazelnut\test\cut\012.png,0,layer3,1.0,0,1,57.638404846191406,42.511848068237306,1.7575652804638606,8.606540505830807,D:\Research\research-experiments\industrial-anomaly-detection\data\mvtec_ad\hazelnut\ground_truth\cut\012_mask.png,8760,0.00835418701171875,-4.78499230756802
hazelnut,cut,D:\Research\research-experiments\industrial-anomaly-detection\data\mvtec_ad\hazelnut\test\cut\013.png,0,layer3,1.0,0,1,62.327152252197266,42.511848068237306,1.7575652804638606,11.274292001677605,D:\Research\research-experiments\industrial-anomaly-detection\data\mvtec_ad\hazelnut\ground_truth\cut\013_mask.png,11223,0.010703086853027344,-4.537222994751665
hazelnut,cut,D:\Research\research-experiments\industrial-anomaly-detection\data\mvtec_ad\hazelnut\test\cut\014.png,0,layer3,1.0,0,1,60.38027572631836,42.511848068237306,1.7575652804638606,10.166579788925494,D:\Research\research-experiments\industrial-anomaly-detection\data\mvtec_ad\hazelnut\ground_truth\cut\014_mask.png,6144,0.005859375,-5.139712165704746
hazelnut,cut,D:\Research\research-experiments\industrial-anomaly-detection\data\mvtec_ad\hazelnut\test\cut\015.png,0,layer3,1.0,0,1,60.7775993347168,42.511848068237306,1.7575652804638606,10.392644568888361,D:\Research\research-experiments\industrial-anomaly-detection\data\mvtec_ad\hazelnut\ground_truth\cut\015_mask.png,9185,0.008759498596191406,-4.737616499387901
hazelnut,cut,D:\Research\research-experiments\industrial-anomaly-detection\data\mvtec_ad\hazelnut\test\cut\016.png,0,layer3,1.0,0,1,58.132652282714844,42.511848068237306,1.7575652804638606,8.887751930531342,D:\Research\research-experiments\industrial-anomaly-detection\data\mvtec_ad\hazelnut\ground_truth\cut\016_mask.png,8242,0.007860183715820312,-4.845945172076663
hazelnut,hole,D:\Research\research-experiments\industrial-anomaly-detection\data\mvtec_ad\hazelnut\test\hole\000.png,0,layer3,1.0,0,1,68.32586669921875,42.511848068237306,1.7575652804638606,14.687374015586236,D:\Research\research-experiments\industrial-anomaly-detection\data\mvtec_ad\hazelnut\ground_truth\hole\000_mask.png,14373,0.013707160949707031,-4.2898368126931095
hazelnut,hole,D:\Research\research-experiments\industrial-anomaly-detection\data\mvtec_ad\hazelnut\test\hole\001.png,0,layer3,1.0,0,1,65.27223205566406,42.511848068237306,1.7575652804638606,12.949950844169944,D:\Research\research-experiments\industrial-anomaly-detection\data\mvtec_ad\hazelnut\ground_truth\hole\001_mask.png,4231,0.004034996032714844,-5.512749712647151
hazelnut,hole,D:\Research\research-experiments\industrial-anomaly-detection\data\mvtec_ad\hazelnut\test\hole\002.png,0,layer3,1.0,0,1,69.56305694580078,42.511848068237306,1.7575652804638606,15.391296800323717,D:\Research\research-experiments\industrial-anomaly-detection\data\mvtec_ad\hazelnut\ground_truth\hole\002_mask.png,7308,0.006969451904296875,-4.966218550217713
hazelnut,hole,D:\Research\research-experiments\industrial-anomaly-detection\data\mvtec_ad\hazelnut\test\hole\003.png,0,layer3,1.0,0,1,70.81350708007812,42.511848068237306,1.7575652804638606,16.102764048895743,D:\Research\research-experiments\industrial-anomaly-detection\data\mvtec_ad\hazelnut\ground_truth\hole\003_mask.png,9242,0.008813858032226562,-4.731429906311008
hazelnut,hole,D:\Research\research-experiments\industrial-anomaly-detection\data\mvtec_ad\hazelnut\test\hole\004.png,0,layer3,1.0,0,1,69.4693603515625,42.511848068237306,1.7575652804638606,15.337986351329441,D:\Research\research-experiments\industrial-anomaly-detection\data\mvtec_ad\hazelnut\ground_truth\hole\004_mask.png,11881,0.011330604553222656,-4.4802477584840785
hazelnut,hole,D:\Research\research-experiments\industrial-anomaly-detection\data\mvtec_ad\hazelnut\test\hole\005.png,0,layer3,1.0,0,1,63.779720306396484,42.511848068237306,1.7575652804638606,12.100758062622921,D:\Research\research-experiments\industrial-anomaly-detection\data\mvtec_ad\hazelnut\ground_truth\hole\005_mask.png,12519,0.011939048767089844,-4.427940758180481
hazelnut,hole,D:\Research\research-experiments\industrial-anomaly-detection\data\mvtec_ad\hazelnut\test\hole\006.png,0,layer3,1.0,0,1,65.2433090209961,42.511848068237306,1.7575652804638606,12.933494536691946,D:\Research\research-experiments\industrial-anomaly-detection\data\mvtec_ad\hazelnut\ground_truth\hole\006_mask.png,13410,0.012788772583007812,-4.359187556729598
hazelnut,hole,D:\Research\research-experiments\industrial-anomaly-detection\data\mvtec_ad\hazelnut\test\hole\007.png,0,layer3,1.0,0,1,72.64512634277344,42.511848068237306,1.7575652804638606,17.144898462367944,D:\Research\research-experiments\industrial-anomaly-detection\data\mvtec_ad\hazelnut\ground_truth\hole\007_mask.png,2442,0.0023288726806640625,-6.062370527136047
hazelnut,hole,D:\Research\research-experiments\industrial-anomaly-detection\data\mvtec_ad\hazelnut\test\hole\008.png,0,layer3,1.0,0,1,62.09510040283203,42.511848068237306,1.7575652804638606,11.142261714128916,D:\Research\research-experiments\industrial-anomaly-detection\data\mvtec_ad\hazelnut\ground_truth\hole\008_mask.png,5511,0.005255699157714844,-5.248442047046046
hazelnut,hole,D:\Research\research-experiments\industrial-anomaly-detection\data\mvtec_ad\hazelnut\test\hole\009.png,0,layer3,1.0,0,1,68.4857177734375,42.511848068237306,1.7575652804638606,14.778324306875879,D:\Research\research-experiments\industrial-anomaly-detection\data\mvtec_ad\hazelnut\ground_truth\hole\009_mask.png,9068,0.008647918701171875,-4.750436483936734
hazelnut,hole,D:\Research\research-experiments\industrial-anomaly-detection\data\mvtec_ad\hazelnut\test\hole\010.png,0,layer3,1.0,0,1,75.4026107788086,42.511848068237306,1.7575652804638606,18.71382137333225,D:\Research\research-experiments\industrial-anomaly-detection\data\mvtec_ad\hazelnut\ground_truth\hole\010_mask.png,14880,0.014190673828125,-4.2551702323430085
hazelnut,hole,D:\Research\research-experiments\industrial-anomaly-detection\data\mvtec_ad\hazelnut\test\hole\011.png,0,layer3,1.0,0,1,71.10030364990234,42.511848068237306,1.7575652804638606,16.265942380313696,D:\Research\research-experiments\industrial-anomaly-detection\data\mvtec_ad\hazelnut\ground_truth\hole\011_mask.png,13478,0.012853622436523438,-4.354129527893667
hazelnut,hole,D:\Research\research-experiments\industrial-anomaly-detection\data\mvtec_ad\hazelnut\test\hole\012.png,0,layer3,1.0,0,1,70.2032241821289,42.511848068237306,1.7575652804638606,15.755532054310512,D:\Research\research-experiments\industrial-anomaly-detection\data\mvtec_ad\hazelnut\ground_truth\hole\012_mask.png,16808,0.01602935791015625,-4.133333306288542
hazelnut,hole,D:\Research\research-experiments\industrial-anomaly-detection\data\mvtec_ad\hazelnut\test\hole\013.png,0,layer3,1.0,0,1,66.98572540283203,42.511848068237306,1.7575652804638606,13.924875284368113,D:\Research\research-experiments\industrial-anomaly-detection\data\mvtec_ad\hazelnut\ground_truth\hole\013_mask.png,24372,0.023242950439453125,-3.7617533568067243
hazelnut,hole,D:\Research\research-experiments\industrial-anomaly-detection\data\mvtec_ad\hazelnut\test\hole\014.png,0,layer3,1.0,0,1,66.12415313720703,42.511848068237306,1.7575652804638606,13.434667452430508,D:\Research\research-experiments\industrial-anomaly-detection\data\mvtec_ad\hazelnut\ground_truth\hole\014_mask.png,27842,0.026552200317382812,-3.6286426225887323
hazelnut,hole,D:\Research\research-experiments\industrial-anomaly-detection\data\mvtec_ad\hazelnut\test\hole\015.png,0,layer3,1.0,0,1,61.27418518066406,42.511848068237306,1.7575652804638606,10.675186475847404,D:\Research\research-experiments\industrial-anomaly-detection\data\mvtec_ad\hazelnut\ground_truth\hole\015_mask.png,6690,0.0063800811767578125,-5.0545743013388265
hazelnut,hole,D:\Research\research-experiments\industrial-anomaly-detection\data\mvtec_ad\hazelnut\test\hole\016.png,0,layer3,1.0,0,1,57.590187072753906,42.511848068237306,1.7575652804638606,8.579106091887006,D:\Research\research-experiments\industrial-anomaly-detection\data\mvtec_ad\hazelnut\ground_truth\hole\016_mask.png,30772,0.029346466064453125,-3.5285831125444282
hazelnut,hole,D:\Research\research-experiments\industrial-anomaly-detection\data\mvtec_ad\hazelnut\test\hole\017.png,0,layer3,1.0,0,1,66.45403289794922,42.511848068237306,1.7575652804638606,13.62235877997831,D:\Research\research-experiments\industrial-anomaly-detection\data\mvtec_ad\hazelnut\ground_truth\hole\017_mask.png,26873,0.025628089904785156,-3.6640662281231107
hazelnut,print,D:\Research\research-experiments\industrial-anomaly-detection\data\mvtec_ad\hazelnut\test\print\000.png,0,layer3,1.0,0,1,63.26171875,42.511848068237306,1.7575652804638606,11.80603128225561,D:\Research\research-experiments\industrial-anomaly-detection\data\mvtec_ad\hazelnut\ground_truth\print\000_mask.png,39682,0.03784370422363281,-3.2742906214200165
hazelnut,print,D:\Research\research-experiments\industrial-anomaly-detection\data\mvtec_ad\hazelnut\test\print\001.png,0,layer3,1.0,0,1,64.9873046875,42.511848068237306,1.7575652804638606,12.787836030381142,D:\Research\research-experiments\industrial-anomaly-detection\data\mvtec_ad\hazelnut\ground_truth\print\001_mask.png,26844,0.025600433349609375,-3.665145960858938
hazelnut,print,D:\Research\research-experiments\industrial-anomaly-detection\data\mvtec_ad\hazelnut\test\print\002.png,0,layer3,1.0,0,1,66.96625518798828,42.511848068237306,1.7575652804638606,13.91379733747182,D:\Research\research-experiments\industrial-anomaly-detection\data\mvtec_ad\hazelnut\ground_truth\print\002_mask.png,19830,0.018911361694335938,-3.967992336806801
hazelnut,print,D:\Research\research-experiments\industrial-anomaly-detection\data\mvtec_ad\hazelnut\test\print\003.png,0,layer3,1.0,0,1,59.36890411376953,42.511848068237306,1.7575652804638606,9.591140786010106,D:\Research\research-experiments\industrial-anomaly-detection\data\mvtec_ad\hazelnut\ground_truth\print\003_mask.png,18439,0.017584800720214844,-4.040720288626451
hazelnut,print,D:\Research\research-experiments\industrial-anomaly-detection\data\mvtec_ad\hazelnut\test\print\004.png,0,layer3,1.0,0,1,62.2281608581543,42.511848068237306,1.7575652804638606,11.217968976215447,D:\Research\research-experiments\industrial-anomaly-detection\data\mvtec_ad\hazelnut\ground_truth\print\004_mask.png,32196,0.030704498291015625,-3.4833460784167642
hazelnut,print,D:\Research\research-experiments\industrial-anomaly-detection\data\mvtec_ad\hazelnut\test\print\005.png,0,layer3,1.0,0,1,63.00627517700195,42.511848068237306,1.7575652804638606,11.660691831233553,D:\Research\research-experiments\industrial-anomaly-detection\data\mvtec_ad\hazelnut\ground_truth\print\005_mask.png,17078,0.016286849975585938,-4.11739718533213
hazelnut,print,D:\Research\research-experiments\industrial-anomaly-detection\data\mvtec_ad\hazelnut\test\print\006.png,0,layer3,1.0,0,1,65.17544555664062,42.511848068237306,1.7575652804638606,12.894882335421357,D:\Research\research-experiments\industrial-anomaly-detection\data\mvtec_ad\hazelnut\ground_truth\print\006_mask.png,31697,0.030228614807128906,-3.4989662599546563
hazelnut,print,D:\Research\research-experiments\industrial-anomaly-detection\data\mvtec_ad\hazelnut\test\print\007.png,0,layer3,1.0,0,1,58.857879638671875,42.511848068237306,1.7575652804638606,9.30038374797691,D:\Research\research-experiments\industrial-anomaly-detection\data\mvtec_ad\hazelnut\ground_truth\print\007_mask.png,21320,0.02033233642578125,-3.8955426837363873
hazelnut,print,D:\Research\research-experiments\industrial-anomaly-detection\data\mvtec_ad\hazelnut\test\print\008.png,0,layer3,1.0,0,1,77.40095520019531,42.511848068237306,1.7575652804638606,19.8508172184364,D:\Research\research-experiments\industrial-anomaly-detection\data\mvtec_ad\hazelnut\ground_truth\print\008_mask.png,28795,0.02746105194091797,-3.5949865348429233
hazelnut,print,D:\Research\research-experiments\industrial-anomaly-detection\data\mvtec_ad\hazelnut\test\print\009.png,0,layer3,1.0,0,1,56.302555084228516,42.511848068237306,1.7575652804638606,7.846483524271449,D:\Research\research-experiments\industrial-anomaly-detection\data\mvtec_ad\hazelnut\ground_truth\print\009_mask.png,30884,0.029453277587890625,-3.5249500478181215
hazelnut,print,D:\Research\research-experiments\industrial-anomaly-detection\data\mvtec_ad\hazelnut\test\print\010.png,0,layer3,1.0,0,1,65.45928955078125,42.511848068237306,1.7575652804638606,13.05638074307408,D:\Research\research-experiments\industrial-anomaly-detection\data\mvtec_ad\hazelnut\ground_truth\print\010_mask.png,25541,0.02435779571533203,-3.714903287056452
hazelnut,print,D:\Research\research-experiments\industrial-anomaly-detection\data\mvtec_ad\hazelnut\test\print\011.png,0,layer3,1.0,0,1,60.57926559448242,42.511848068237306,1.7575652804638606,10.279798837103064,D:\Research\research-experiments\industrial-anomaly-detection\data\mvtec_ad\hazelnut\ground_truth\print\011_mask.png,50619,0.04827404022216797,-3.0308613116173917
hazelnut,print,D:\Research\research-experiments\industrial-anomaly-detection\data\mvtec_ad\hazelnut\test\print\012.png,0,layer3,1.0,0,1,66.22975158691406,42.511848068237306,1.7575652804638606,13.49474968714509,D:\Research\research-experiments\industrial-anomaly-detection\data\mvtec_ad\hazelnut\ground_truth\print\012_mask.png,20185,0.019249916076660156,-3.950248525963588
hazelnut,print,D:\Research\research-experiments\industrial-anomaly-detection\data\mvtec_ad\hazelnut\test\print\013.png,0,layer3,1.0,0,1,61.73466491699219,42.511848068237306,1.7575652804638606,10.937185129010714,D:\Research\research-experiments\industrial-anomaly-detection\data\mvtec_ad\hazelnut\ground_truth\print\013_mask.png,20164,0.019229888916015625,-3.9512894439940056
hazelnut,print,D:\Research\research-experiments\industrial-anomaly-detection\data\mvtec_ad\hazelnut\test\print\014.png,0,layer3,1.0,0,1,61.02641296386719,42.511848068237306,1.7575652804638606,10.534211787993147,D:\Research\research-experiments\industrial-anomaly-detection\data\mvtec_ad\hazelnut\ground_truth\print\014_mask.png,22566,0.021520614624023438,-3.8387439370334415
hazelnut,print,D:\Research\research-experiments\industrial-anomaly-detection\data\mvtec_ad\hazelnut\test\print\015.png,0,layer3,1.0,0,1,57.030025482177734,42.511848068237306,1.7575652804638606,8.260391562871996,D:\Research\research-experiments\industrial-anomaly-detection\data\mvtec_ad\hazelnut\ground_truth\print\015_mask.png,15902,0.015165328979492188,-4.188743378797598
hazelnut,print,D:\Research\research-experiments\industrial-anomaly-detection\data\mvtec_ad\hazelnut\test\print\016.png,0,layer3,1.0,0,1,59.34120559692383,42.511848068237306,1.7575652804638606,9.575381191101409,D:\Research\research-experiments\industrial-anomaly-detection\data\mvtec_ad\hazelnut\ground_truth\print\016_mask.png,46948,0.044773101806640625,-3.1061477036440532
