method,category,seed,subset,condition,severity,family,defect_type,image_path,score
Q4a0125,screw,2,val,none,,,good,022.png,22.88448715209961
Q4a0125,screw,2,val,none,,,good,024.png,22.90940284729004
Q4a0125,screw,2,val,none,,,good,045.png,22.339004516601562
Q4a0125,screw,2,val,none,,,good,060.png,24.013622283935547
Q4a0125,screw,2,val,none,,,good,072.png,23.39600944519043
Q4a0125,screw,2,val,none,,,good,089.png,22.42966079711914
Q4a0125,screw,2,val,none,,,good,096.png,23.166257858276367
Q4a0125,screw,2,val,none,,,good,099.png,22.641834259033203
Q4a0125,screw,2,val,none,,,good,162.png,23.09197425842285
Q4a0125,screw,2,val,none,,,good,165.png,22.57136344909668
Q4a0125,screw,2,val,none,,,good,173.png,23.073810577392578
Q4a0125,screw,2,val,none,,,good,176.png,23.642147064208984
Q4a0125,screw,2,val,none,,,good,177.png,22.4815616607666
Q4a0125,screw,2,val,none,,,good,192.png,22.637596130371094
Q4a0125,screw,2,val,none,,,good,199.png,22.840723037719727
Q4a0125,screw,2,val,none,,,good,225.png,22.663694381713867
Q4a0125,screw,2,val,none,,,good,252.png,22.79181480407715
Q4a0125,screw,2,val,none,,,good,258.png,22.705360412597656
Q4a0125,screw,2,val,none,,,good,292.png,22.886898040771484
Q4a0125,screw,2,val,none,,,good,299.png,22.65983009338379
Q4a0125,screw,2,clean_good,none,,,good,/root/autodl-tmp/research-experiments/industrial-anomaly-detection/data/mvtec_ad/screw/test/good/000.png,28.235088348388672
Q4a0125,screw,2,clean_good,none,,,good,/root/autodl-tmp/research-experiments/industrial-anomaly-detection/data/mvtec_ad/screw/test/good/001.png,27.783344268798828
Q4a0125,screw,2,clean_good,none,,,good,/root/autodl-tmp/research-experiments/industrial-anomaly-detection/data/mvtec_ad/screw/test/good/002.png,27.57613182067871
Q4a0125,screw,2,clean_good,none,,,good,/root/autodl-tmp/research-experiments/industrial-anomaly-detection/data/mvtec_ad/screw/test/good/003.png,32.55048370361328
Q4a0125,screw,2,clean_good,none,,,good,/root/autodl-tmp/research-experiments/industrial-anomaly-detection/data/mvtec_ad/screw/test/good/004.png,30.593608856201172
Q4a0125,screw,2,clean_good,none,,,good,/root/autodl-tmp/research-experiments/industrial-anomaly-detection/data/mvtec_ad/screw/test/good/005.png,35.57390594482422
Q4a0125,screw,2,clean_good,none,,,good,/root/autodl-tmp/research-experiments/industrial-anomaly-detection/data/mvtec_ad/screw/test/good/006.png,26.39232063293457
Q4a0125,screw,2,clean_good,none,,,good,/root/autodl-tmp/research-experiments/industrial-anomaly-detection/data/mvtec_ad/screw/test/good/007.png,27.16616439819336
Q4a0125,screw,2,clean_good,none,,,good,/root/autodl-tmp/research-experiments/industrial-anomaly-detection/data/mvtec_ad/screw/test/good/008.png,29.45327377319336
Q4a0125,screw,2,clean_good,none,,,good,/root/autodl-tmp/research-experiments/industrial-anomaly-detection/data/mvtec_ad/screw/test/good/009.png,28.290056228637695
Q4a0125,screw,2,clean_good,none,,,good,/root/autodl-tmp/research-experiments/industrial-anomaly-detection/data/mvtec_ad/screw/test/good/010.png,28.563066482543945
Q4a0125,screw,2,clean_good,none,,,good,/root/autodl-tmp/research-experiments/industrial-anomaly-detection/data/mvtec_ad/screw/test/good/011.png,27.459957122802734
Q4a0125,screw,2,clean_good,none,,,good,/root/autodl-tmp/research-experiments/industrial-anomaly-detection/data/mvtec_ad/screw/test/good/012.png,30.4800968170166
Q4a0125,screw,2,clean_good,none,,,good,/root/autodl-tmp/research-experiments/industrial-anomaly-detection/data/mvtec_ad/screw/test/good/013.png,28.369569778442383
Q4a0125,screw,2,clean_good,none,,,good,/root/autodl-tmp/research-experiments/industrial-anomaly-detection/data/mvtec_ad/screw/test/good/014.png,31.723480224609375
Q4a0125,screw,2,clean_good,none,,,good,/root/autodl-tmp/research-experiments/industrial-anomaly-detection/data/mvtec_ad/screw/test/good/015.png,29.337705612182617
Q4a0125,screw,2,clean_good,none,,,good,/root/autodl-tmp/research-experiments/industrial-anomaly-detection/data/mvtec_ad/screw/test/good/016.png,26.949787139892578
Q4a0125,screw,2,clean_good,none,,,good,/root/autodl-tmp/research-experiments/industrial-anomaly-detection/data/mvtec_ad/screw/test/good/017.png,26.581527709960938
Q4a0125,screw,2,clean_good,none,,,good,/root/autodl-tmp/research-experiments/industrial-anomaly-detection/data/mvtec_ad/screw/test/good/018.png,29.42375373840332
Q4a0125,screw,2,clean_good,none,,,good,/root/autodl-tmp/research-experiments/industrial-anomaly-detection/data/mvtec_ad/screw/test/good/019.png,30.149959564208984
Q4a0125,screw,2,clean_good,none,,,good,/root/autodl-tmp/research-experiments/industrial-anomaly-detection/data/mvtec_ad/screw/test/good/020.png,28.148727416992188
Q4a0125,screw,2,clean_good,none,,,good,/root/autodl-tmp/research-experiments/industrial-anomaly-detection/data/mvtec_ad/screw/test/good/021.png,26.945064544677734
Q4a0125,screw,2,clean_good,none,,,good,/root/autodl-tmp/research-experiments/industrial-anomaly-detection/data/mvtec_ad/screw/test/good/022.png,31.10333824157715
Q4a0125,screw,2,clean_good,none,,,good,/root/autodl-tmp/research-experiments/industrial-anomaly-detection/data/mvtec_ad/screw/test/good/023.png,28.745027542114258
Q4a0125,screw,2,clean_good,none,,,good,/root/autodl-tmp/research-experiments/industrial-anomaly-detection/data/mvtec_ad/screw/test/good/024.png,29.972108840942383
Q4a0125,screw,2,clean_good,none,,,good,/root/autodl-tmp/research-experiments/industrial-anomaly-detection/data/mvtec_ad/screw/test/good/025.png,32.54545211791992
Q4a0125,screw,2,clean_good,none,,,good,/root/autodl-tmp/research-experiments/industrial-anomaly-detection/data/mvtec_ad/screw/test/good/026.png,27.017107009887695
Q4a0125,screw,2,clean_good,none,,,good,/root/autodl-tmp/research-experiments/industrial-anomaly-detection/data/mvtec_ad/screw/test/good/027.png,29.90581703186035
Q4a0125,screw,2,clean_good,none,,,good,/root/autodl-tmp/research-experiments/industrial-anomaly-detection/data/mvtec_ad/screw/test/good/028.png,25.40785026550293
Q4a0125,screw,2,clean_good,none,,,good,/root/autodl-tmp/research-experiments/industrial-anomaly-detection/data/mvtec_ad/screw/test/good/029.png,27.796110153198242
Q4a0125,screw,2,clean_good,none,,,good,/root/autodl-tmp/research-experiments/industrial-anomaly-detection/data/mvtec_ad/screw/test/good/030.png,28.80988121032715
Q4a0125,screw,2,clean_good,none,,,good,/root/autodl-tmp/research-experiments/industrial-anomaly-detection/data/mvtec_ad/screw/test/good/031.png,28.385204315185547
Q4a0125,screw,2,clean_good,none,,,good,/root/autodl-tmp/research-experiments/industrial-anomaly-detection/data/mvtec_ad/screw/test/good/032.png,25.785438537597656
Q4a0125,screw,2,clean_good,none,,,good,/root/autodl-tmp/research-experiments/industrial-anomaly-detection/data/mvtec_ad/screw/test/good/033.png,26.059322357177734
Q4a0125,screw,2,clean_good,none,,,good,/root/autodl-tmp/research-experiments/industrial-anomaly-detection/data/mvtec_ad/screw/test/good/034.png,27.004179000854492
Q4a0125,screw,2,clean_good,none,,,good,/root/autodl-tmp/research-experiments/industrial-anomaly-detection/data/mvtec_ad/screw/test/good/035.png,35.84336471557617
Q4a0125,screw,2,clean_good,none,,,good,/root/autodl-tmp/research-experiments/industrial-anomaly-detection/data/mvtec_ad/screw/test/good/036.png,26.3765811920166
Q4a0125,screw,2,clean_good,none,,,good,/root/autodl-tmp/research-experiments/industrial-anomaly-detection/data/mvtec_ad/screw/test/good/037.png,28.636411666870117
Q4a0125,screw,2,clean_good,none,,,good,/root/autodl-tmp/research-experiments/industrial-anomaly-detection/data/mvtec_ad/screw/test/good/038.png,28.878339767456055
Q4a0125,screw,2,clean_good,none,,,good,/root/autodl-tmp/research-experiments/industrial-anomaly-detection/data/mvtec_ad/screw/test/good/039.png,26.9285888671875
Q4a0125,screw,2,clean_good,none,,,good,/root/autodl-tmp/research-experiments/industrial-anomaly-detection/data/mvtec_ad/screw/test/good/040.png,25.668819427490234
Q4a0125,screw,2,clean_defect,none,,,manipulated_front,/root/autodl-tmp/research-experiments/industrial-anomaly-detection/data/mvtec_ad/screw/test/manipulated_front/000.png,35.8521842956543
Q4a0125,screw,2,clean_defect,none,,,manipulated_front,/root/autodl-tmp/research-experiments/industrial-anomaly-detection/data/mvtec_ad/screw/test/manipulated_front/001.png,34.4410514831543
Q4a0125,screw,2,clean_defect,none,,,manipulated_front,/root/autodl-tmp/research-experiments/industrial-anomaly-detection/data/mvtec_ad/screw/test/manipulated_front/002.png,30.262788772583008
Q4a0125,screw,2,clean_defect,none,,,manipulated_front,/root/autodl-tmp/research-experiments/industrial-anomaly-detection/data/mvtec_ad/screw/test/manipulated_front/003.png,39.962242126464844
Q4a0125,screw,2,clean_defect,none,,,manipulated_front,/root/autodl-tmp/research-experiments/industrial-anomaly-detection/data/mvtec_ad/screw/test/manipulated_front/004.png,38.879974365234375
Q4a0125,screw,2,clean_defect,none,,,manipulated_front,/root/autodl-tmp/research-experiments/industrial-anomaly-detection/data/mvtec_ad/screw/test/manipulated_front/005.png,37.09465789794922
Q4a0125,screw,2,clean_defect,none,,,manipulated_front,/root/autodl-tmp/research-experiments/industrial-anomaly-detection/data/mvtec_ad/screw/test/manipulated_front/006.png,34.66169357299805
Q4a0125,screw,2,clean_defect,none,,,manipulated_front,/root/autodl-tmp/research-experiments/industrial-anomaly-detection/data/mvtec_ad/screw/test/manipulated_front/007.png,37.4628791809082
Q4a0125,screw,2,clean_defect,none,,,manipulated_front,/root/autodl-tmp/research-experiments/industrial-anomaly-detection/data/mvtec_ad/screw/test/manipulated_front/008.png,37.32352066040039
Q4a0125,screw,2,clean_defect,none,,,manipulated_front,/root/autodl-tmp/research-experiments/industrial-anomaly-detection/data/mvtec_ad/screw/test/manipulated_front/009.png,35.02388381958008
Q4a0125,screw,2,clean_defect,none,,,manipulated_front,/root/autodl-tmp/research-experiments/industrial-anomaly-detection/data/mvtec_ad/screw/test/manipulated_front/010.png,34.85531997680664
Q4a0125,screw,2,clean_defect,none,,,manipulated_front,/root/autodl-tmp/research-experiments/industrial-anomaly-detection/data/mvtec_ad/screw/test/manipulated_front/011.png,33.80039596557617
Q4a0125,screw,2,clean_defect,none,,,manipulated_front,/root/autodl-tmp/research-experiments/industrial-anomaly-detection/data/mvtec_ad/screw/test/manipulated_front/012.png,32.00432586669922
Q4a0125,screw,2,clean_defect,none,,,manipulated_front,/root/autodl-tmp/research-experiments/industrial-anomaly-detection/data/mvtec_ad/screw/test/manipulated_front/013.png,35.21418762207031
Q4a0125,screw,2,clean_defect,none,,,manipulated_front,/root/autodl-tmp/research-experiments/industrial-anomaly-detection/data/mvtec_ad/screw/test/manipulated_front/014.png,35.657772064208984
Q4a0125,screw,2,clean_defect,none,,,manipulated_front,/root/autodl-tmp/research-experiments/industrial-anomaly-detection/data/mvtec_ad/screw/test/manipulated_front/015.png,36.7645263671875
Q4a0125,screw,2,clean_defect,none,,,manipulated_front,/root/autodl-tmp/research-experiments/industrial-anomaly-detection/data/mvtec_ad/screw/test/manipulated_front/016.png,39.89554977416992
Q4a0125,screw,2,clean_defect,none,,,manipulated_front,/root/autodl-tmp/research-experiments/industrial-anomaly-detection/data/mvtec_ad/screw/test/manipulated_front/017.png,31.641616821289062
Q4a0125,screw,2,clean_defect,none,,,manipulated_front,/root/autodl-tmp/research-experiments/industrial-anomaly-detection/data/mvtec_ad/screw/test/manipulated_front/018.png,34.40108108520508
Q4a0125,screw,2,clean_defect,none,,,manipulated_front,/root/autodl-tmp/research-experiments/industrial-anomaly-detection/data/mvtec_ad/screw/test/manipulated_front/019.png,30.258350372314453
Q4a0125,screw,2,clean_defect,none,,,manipulated_front,/root/autodl-tmp/research-experiments/industrial-anomaly-detection/data/mvtec_ad/screw/test/manipulated_front/020.png,31.433969497680664
Q4a0125,screw,2,clean_defect,none,,,manipulated_front,/root/autodl-tmp/research-experiments/industrial-anomaly-detection/data/mvtec_ad/screw/test/manipulated_front/021.png,31.425580978393555
Q4a0125,screw,2,clean_defect,none,,,manipulated_front,/root/autodl-tmp/research-experiments/industrial-anomaly-detection/data/mvtec_ad/screw/test/manipulated_front/022.png,31.318431854248047
Q4a0125,screw,2,clean_defect,none,,,manipulated_front,/root/autodl-tmp/research-experiments/industrial-anomaly-detection/data/mvtec_ad/screw/test/manipulated_front/023.png,31.481765747070312
Q4a0125,screw,2,clean_defect,none,,,scratch_head,/root/autodl-tmp/research-experiments/industrial-anomaly-detection/data/mvtec_ad/screw/test/scratch_head/000.png,40.69694900512695
Q4a0125,screw,2,clean_defect,none,,,scratch_head,/root/autodl-tmp/research-experiments/industrial-anomaly-detection/data/mvtec_ad/screw/test/scratch_head/001.png,35.69729995727539
Q4a0125,screw,2,clean_defect,none,,,scratch_head,/root/autodl-tmp/research-experiments/industrial-anomaly-detection/data/mvtec_ad/screw/test/scratch_head/002.png,37.14816665649414
Q4a0125,screw,2,clean_defect,none,,,scratch_head,/root/autodl-tmp/research-experiments/industrial-anomaly-detection/data/mvtec_ad/screw/test/scratch_head/003.png,31.54522705078125
Q4a0125,screw,2,clean_defect,none,,,scratch_head,/root/autodl-tmp/research-experiments/industrial-anomaly-detection/data/mvtec_ad/screw/test/scratch_head/004.png,35.2102165222168
Q4a0125,screw,2,clean_defect,none,,,scratch_head,/root/autodl-tmp/research-experiments/industrial-anomaly-detection/data/mvtec_ad/screw/test/scratch_head/005.png,37.25896072387695
Q4a0125,screw,2,clean_defect,none,,,scratch_head,/root/autodl-tmp/research-experiments/industrial-anomaly-detection/data/mvtec_ad/screw/test/scratch_head/006.png,33.860965728759766
Q4a0125,screw,2,clean_defect,none,,,scratch_head,/root/autodl-tmp/research-experiments/industrial-anomaly-detection/data/mvtec_ad/screw/test/scratch_head/007.png,35.129974365234375
Q4a0125,screw,2,clean_defect,none,,,scratch_head,/root/autodl-tmp/research-experiments/industrial-anomaly-detection/data/mvtec_ad/screw/test/scratch_head/008.png,37.5717658996582
Q4a0125,screw,2,clean_defect,none,,,scratch_head,/root/autodl-tmp/research-experiments/industrial-anomaly-detection/data/mvtec_ad/screw/test/scratch_head/009.png,36.89386749267578
Q4a0125,screw,2,clean_defect,none,,,scratch_head,/root/autodl-tmp/research-experiments/industrial-anomaly-detection/data/mvtec_ad/screw/test/scratch_head/010.png,36.28437805175781
Q4a0125,screw,2,clean_defect,none,,,scratch_head,/root/autodl-tmp/research-experiments/industrial-anomaly-detection/data/mvtec_ad/screw/test/scratch_head/011.png,38.790489196777344
Q4a0125,screw,2,clean_defect,none,,,scratch_head,/root/autodl-tmp/research-experiments/industrial-anomaly-detection/data/mvtec_ad/screw/test/scratch_head/012.png,37.50870132446289
Q4a0125,screw,2,clean_defect,none,,,scratch_head,/root/autodl-tmp/research-experiments/industrial-anomaly-detection/data/mvtec_ad/screw/test/scratch_head/013.png,37.80014419555664
Q4a0125,screw,2,clean_defect,none,,,scratch_head,/root/autodl-tmp/research-experiments/industrial-anomaly-detection/data/mvtec_ad/screw/test/scratch_head/014.png,30.926939010620117
Q4a0125,screw,2,clean_defect,none,,,scratch_head,/root/autodl-tmp/research-experiments/industrial-anomaly-detection/data/mvtec_ad/screw/test/scratch_head/015.png,42.558780670166016
Q4a0125,screw,2,clean_defect,none,,,scratch_head,/root/autodl-tmp/research-experiments/industrial-anomaly-detection/data/mvtec_ad/screw/test/scratch_head/016.png,35.20258712768555
Q4a0125,screw,2,clean_defect,none,,,scratch_head,/root/autodl-tmp/research-experiments/industrial-anomaly-detection/data/mvtec_ad/screw/test/scratch_head/017.png,35.30584716796875
Q4a0125,screw,2,clean_defect,none,,,scratch_head,/root/autodl-tmp/research-experiments/industrial-anomaly-detection/data/mvtec_ad/screw/test/scratch_head/018.png,35.20648956298828
Q4a0125,screw,2,clean_defect,none,,,scratch_head,/root/autodl-tmp/research-experiments/industrial-anomaly-detection/data/mvtec_ad/screw/test/scratch_head/019.png,38.6387825012207
Q4a0125,screw,2,clean_defect,none,,,scratch_head,/root/autodl-tmp/research-experiments/industrial-anomaly-detection/data/mvtec_ad/screw/test/scratch_head/020.png,35.78993225097656
Q4a0125,screw,2,clean_defect,none,,,scratch_head,/root/autodl-tmp/research-experiments/industrial-anomaly-detection/data/mvtec_ad/screw/test/scratch_head/021.png,40.12006378173828
Q4a0125,screw,2,clean_defect,none,,,scratch_head,/root/autodl-tmp/research-experiments/industrial-anomaly-detection/data/mvtec_ad/screw/test/scratch_head/022.png,29.478275299072266
Q4a0125,screw,2,clean_defect,none,,,scratch_head,/root/autodl-tmp/research-experiments/industrial-anomaly-detection/data/mvtec_ad/screw/test/scratch_head/023.png,36.34050369262695
Q4a0125,screw,2,clean_defect,none,,,scratch_neck,/root/autodl-tmp/research-experiments/industrial-anomaly-detection/data/mvtec_ad/screw/test/scratch_neck/000.png,34.766937255859375
Q4a0125,screw,2,clean_defect,none,,,scratch_neck,/root/autodl-tmp/research-experiments/industrial-anomaly-detection/data/mvtec_ad/screw/test/scratch_neck/001.png,48.07494354248047
Q4a0125,screw,2,clean_defect,none,,,scratch_neck,/root/autodl-tmp/research-experiments/industrial-anomaly-detection/data/mvtec_ad/screw/test/scratch_neck/002.png,33.72743225097656
Q4a0125,screw,2,clean_defect,none,,,scratch_neck,/root/autodl-tmp/research-experiments/industrial-anomaly-detection/data/mvtec_ad/screw/test/scratch_neck/003.png,49.494991302490234
Q4a0125,screw,2,clean_defect,none,,,scratch_neck,/root/autodl-tmp/research-experiments/industrial-anomaly-detection/data/mvtec_ad/screw/test/scratch_neck/004.png,41.255802154541016
Q4a0125,screw,2,clean_defect,none,,,scratch_neck,/root/autodl-tmp/research-experiments/industrial-anomaly-detection/data/mvtec_ad/screw/test/scratch_neck/005.png,31.936670303344727
Q4a0125,screw,2,clean_defect,none,,,scratch_neck,/root/autodl-tmp/research-experiments/industrial-anomaly-detection/data/mvtec_ad/screw/test/scratch_neck/006.png,44.03065872192383
Q4a0125,screw,2,clean_defect,none,,,scratch_neck,/root/autodl-tmp/research-experiments/industrial-anomaly-detection/data/mvtec_ad/screw/test/scratch_neck/007.png,47.248817443847656
Q4a0125,screw,2,clean_defect,none,,,scratch_neck,/root/autodl-tmp/research-experiments/industrial-anomaly-detection/data/mvtec_ad/screw/test/scratch_neck/008.png,50.7955436706543
Q4a0125,screw,2,clean_defect,none,,,scratch_neck,/root/autodl-tmp/research-experiments/industrial-anomaly-detection/data/mvtec_ad/screw/test/scratch_neck/009.png,51.328697204589844
Q4a0125,screw,2,clean_defect,none,,,scratch_neck,/root/autodl-tmp/research-experiments/industrial-anomaly-detection/data/mvtec_ad/screw/test/scratch_neck/010.png,42.09870529174805
Q4a0125,screw,2,clean_defect,none,,,scratch_neck,/root/autodl-tmp/research-experiments/industrial-anomaly-detection/data/mvtec_ad/screw/test/scratch_neck/011.png,33.7916259765625
Q4a0125,screw,2,clean_defect,none,,,scratch_neck,/root/autodl-tmp/research-experiments/industrial-anomaly-detection/data/mvtec_ad/screw/test/scratch_neck/012.png,37.4252815246582
Q4a0125,screw,2,clean_defect,none,,,scratch_neck,/root/autodl-tmp/research-experiments/industrial-anomaly-detection/data/mvtec_ad/screw/test/scratch_neck/013.png,43.22572708129883
Q4a0125,screw,2,clean_defect,none,,,scratch_neck,/root/autodl-tmp/research-experiments/industrial-anomaly-detection/data/mvtec_ad/screw/test/scratch_neck/014.png,47.21232604980469
Q4a0125,screw,2,clean_defect,none,,,scratch_neck,/root/autodl-tmp/research-experiments/industrial-anomaly-detection/data/mvtec_ad/screw/test/scratch_neck/015.png,45.99485778808594
Q4a0125,screw,2,clean_defect,none,,,scratch_neck,/root/autodl-tmp/research-experiments/industrial-anomaly-detection/data/mvtec_ad/screw/test/scratch_neck/016.png,49.581398010253906
Q4a0125,screw,2,clean_defect,none,,,scratch_neck,/root/autodl-tmp/research-experiments/industrial-anomaly-detection/data/mvtec_ad/screw/test/scratch_neck/017.png,40.93130111694336
Q4a0125,screw,2,clean_defect,none,,,scratch_neck,/root/autodl-tmp/research-experiments/industrial-anomaly-detection/data/mvtec_ad/screw/test/scratch_neck/018.png,44.31751251220703
Q4a0125,screw,2,clean_defect,none,,,scratch_neck,/root/autodl-tmp/research-experiments/industrial-anomaly-detection/data/mvtec_ad/screw/test/scratch_neck/019.png,41.51993942260742
Q4a0125,screw,2,clean_defect,none,,,scratch_neck,/root/autodl-tmp/research-experiments/industrial-anomaly-detection/data/mvtec_ad/screw/test/scratch_neck/020.png,49.82209014892578
Q4a0125,screw,2,clean_defect,none,,,scratch_neck,/root/autodl-tmp/research-experiments/industrial-anomaly-detection/data/mvtec_ad/screw/test/scratch_neck/021.png,34.574398040771484
Q4a0125,screw,2,clean_defect,none,,,scratch_neck,/root/autodl-tmp/research-experiments/industrial-anomaly-detection/data/mvtec_ad/screw/test/scratch_neck/022.png,38.17155456542969
Q4a0125,screw,2,clean_defect,none,,,scratch_neck,/root/autodl-tmp/research-experiments/industrial-anomaly-detection/data/mvtec_ad/screw/test/scratch_neck/023.png,37.21415710449219
Q4a0125,screw,2,clean_defect,none,,,scratch_neck,/root/autodl-tmp/research-experiments/industrial-anomaly-detection/data/mvtec_ad/screw/test/scratch_neck/024.png,47.52473449707031
Q4a0125,screw,2,clean_defect,none,,,thread_side,/root/autodl-tmp/research-experiments/industrial-anomaly-detection/data/mvtec_ad/screw/test/thread_side/000.png,30.276575088500977
Q4a0125,screw,2,clean_defect,none,,,thread_side,/root/autodl-tmp/research-experiments/industrial-anomaly-detection/data/mvtec_ad/screw/test/thread_side/001.png,34.89906692504883
Q4a0125,screw,2,clean_defect,none,,,thread_side,/root/autodl-tmp/research-experiments/industrial-anomaly-detection/data/mvtec_ad/screw/test/thread_side/002.png,33.0900764465332
Q4a0125,screw,2,clean_defect,none,,,thread_side,/root/autodl-tmp/research-experiments/industrial-anomaly-detection/data/mvtec_ad/screw/test/thread_side/003.png,30.957515716552734
Q4a0125,screw,2,clean_defect,none,,,thread_side,/root/autodl-tmp/research-experiments/industrial-anomaly-detection/data/mvtec_ad/screw/test/thread_side/004.png,32.730506896972656
Q4a0125,screw,2,clean_defect,none,,,thread_side,/root/autodl-tmp/research-experiments/industrial-anomaly-detection/data/mvtec_ad/screw/test/thread_side/005.png,35.88752365112305
Q4a0125,screw,2,clean_defect,none,,,thread_side,/root/autodl-tmp/research-experiments/industrial-anomaly-detection/data/mvtec_ad/screw/test/thread_side/006.png,32.43205642700195
Q4a0125,screw,2,clean_defect,none,,,thread_side,/root/autodl-tmp/research-experiments/industrial-anomaly-detection/data/mvtec_ad/screw/test/thread_side/007.png,35.656185150146484
Q4a0125,screw,2,clean_defect,none,,,thread_side,/root/autodl-tmp/research-experiments/industrial-anomaly-detection/data/mvtec_ad/screw/test/thread_side/008.png,30.772153854370117
Q4a0125,screw,2,clean_defect,none,,,thread_side,/root/autodl-tmp/research-experiments/industrial-anomaly-detection/data/mvtec_ad/screw/test/thread_side/009.png,33.17029571533203
Q4a0125,screw,2,clean_defect,none,,,thread_side,/root/autodl-tmp/research-experiments/industrial-anomaly-detection/data/mvtec_ad/screw/test/thread_side/010.png,30.70323371887207
Q4a0125,screw,2,clean_defect,none,,,thread_side,/root/autodl-tmp/research-experiments/industrial-anomaly-detection/data/mvtec_ad/screw/test/thread_side/011.png,38.32266616821289
Q4a0125,screw,2,clean_defect,none,,,thread_side,/root/autodl-tmp/research-experiments/industrial-anomaly-detection/data/mvtec_ad/screw/test/thread_side/012.png,30.78740692138672
Q4a0125,screw,2,clean_defect,none,,,thread_side,/root/autodl-tmp/research-experiments/industrial-anomaly-detection/data/mvtec_ad/screw/test/thread_side/013.png,30.190227508544922
Q4a0125,screw,2,clean_defect,none,,,thread_side,/root/autodl-tmp/research-experiments/industrial-anomaly-detection/data/mvtec_ad/screw/test/thread_side/014.png,35.89043426513672
Q4a0125,screw,2,clean_defect,none,,,thread_side,/root/autodl-tmp/research-experiments/industrial-anomaly-detection/data/mvtec_ad/screw/test/thread_side/015.png,31.607988357543945
Q4a0125,screw,2,clean_defect,none,,,thread_side,/root/autodl-tmp/research-experiments/industrial-anomaly-detection/data/mvtec_ad/screw/test/thread_side/016.png,33.56614685058594
Q4a0125,screw,2,clean_defect,none,,,thread_side,/root/autodl-tmp/research-experiments/industrial-anomaly-detection/data/mvtec_ad/screw/test/thread_side/017.png,38.72237014770508
Q4a0125,screw,2,clean_defect,none,,,thread_side,/root/autodl-tmp/research-experiments/industrial-anomaly-detection/data/mvtec_ad/screw/test/thread_side/018.png,35.580657958984375
Q4a0125,screw,2,clean_defect,none,,,thread_side,/root/autodl-tmp/research-experiments/industrial-anomaly-detection/data/mvtec_ad/screw/test/thread_side/019.png,36.457130432128906
Q4a0125,screw,2,clean_defect,none,,,thread_side,/root/autodl-tmp/research-experiments/industrial-anomaly-detection/data/mvtec_ad/screw/test/thread_side/020.png,31.004541397094727
Q4a0125,screw,2,clean_defect,none,,,thread_side,/root/autodl-tmp/research-experiments/industrial-anomaly-detection/data/mvtec_ad/screw/test/thread_side/021.png,32.53714370727539
Q4a0125,screw,2,clean_defect,none,,,thread_side,/root/autodl-tmp/research-experiments/industrial-anomaly-detection/data/mvtec_ad/screw/test/thread_side/022.png,34.5756721496582
Q4a0125,screw,2,clean_defect,none,,,thread_top,/root/autodl-tmp/research-experiments/industrial-anomaly-detection/data/mvtec_ad/screw/test/thread_top/000.png,41.960731506347656
Q4a0125,screw,2,clean_defect,none,,,thread_top,/root/autodl-tmp/research-experiments/industrial-anomaly-detection/data/mvtec_ad/screw/test/thread_top/001.png,37.49618911743164
Q4a0125,screw,2,clean_defect,none,,,thread_top,/root/autodl-tmp/research-experiments/industrial-anomaly-detection/data/mvtec_ad/screw/test/thread_top/002.png,37.04136276245117
Q4a0125,screw,2,clean_defect,none,,,thread_top,/root/autodl-tmp/research-experiments/industrial-anomaly-detection/data/mvtec_ad/screw/test/thread_top/003.png,28.768613815307617
Q4a0125,screw,2,clean_defect,none,,,thread_top,/root/autodl-tmp/research-experiments/industrial-anomaly-detection/data/mvtec_ad/screw/test/thread_top/004.png,38.71902084350586
Q4a0125,screw,2,clean_defect,none,,,thread_top,/root/autodl-tmp/research-experiments/industrial-anomaly-detection/data/mvtec_ad/screw/test/thread_top/005.png,39.60136032104492
Q4a0125,screw,2,clean_defect,none,,,thread_top,/root/autodl-tmp/research-experiments/industrial-anomaly-detection/data/mvtec_ad/screw/test/thread_top/006.png,37.086483001708984
Q4a0125,screw,2,clean_defect,none,,,thread_top,/root/autodl-tmp/research-experiments/industrial-anomaly-detection/data/mvtec_ad/screw/test/thread_top/007.png,43.605831146240234
Q4a0125,screw,2,clean_defect,none,,,thread_top,/root/autodl-tmp/research-experiments/industrial-anomaly-detection/data/mvtec_ad/screw/test/thread_top/008.png,32.287940979003906
Q4a0125,screw,2,clean_defect,none,,,thread_top,/root/autodl-tmp/research-experiments/industrial-anomaly-detection/data/mvtec_ad/screw/test/thread_top/009.png,38.428001403808594
Q4a0125,screw,2,clean_defect,none,,,thread_top,/root/autodl-tmp/research-experiments/industrial-anomaly-detection/data/mvtec_ad/screw/test/thread_top/010.png,35.54613494873047
Q4a0125,screw,2,clean_defect,none,,,thread_top,/root/autodl-tmp/research-experiments/industrial-anomaly-detection/data/mvtec_ad/screw/test/thread_top/011.png,40.31409454345703
Q4a0125,screw,2,clean_defect,none,,,thread_top,/root/autodl-tmp/research-experiments/industrial-anomaly-detection/data/mvtec_ad/screw/test/thread_top/012.png,37.75484848022461
Q4a0125,screw,2,clean_defect,none,,,thread_top,/root/autodl-tmp/research-experiments/industrial-anomaly-detection/data/mvtec_ad/screw/test/thread_top/013.png,38.90938186645508
Q4a0125,screw,2,clean_defect,none,,,thread_top,/root/autodl-tmp/research-experiments/industrial-anomaly-detection/data/mvtec_ad/screw/test/thread_top/014.png,40.39409637451172
Q4a0125,screw,2,clean_defect,none,,,thread_top,/root/autodl-tmp/research-experiments/industrial-anomaly-detection/data/mvtec_ad/screw/test/thread_top/015.png,35.786521911621094
Q4a0125,screw,2,clean_defect,none,,,thread_top,/root/autodl-tmp/research-experiments/industrial-anomaly-detection/data/mvtec_ad/screw/test/thread_top/016.png,36.20148468017578
Q4a0125,screw,2,clean_defect,none,,,thread_top,/root/autodl-tmp/research-experiments/industrial-anomaly-detection/data/mvtec_ad/screw/test/thread_top/017.png,35.154945373535156
Q4a0125,screw,2,clean_defect,none,,,thread_top,/root/autodl-tmp/research-experiments/industrial-anomaly-detection/data/mvtec_ad/screw/test/thread_top/018.png,36.514747619628906
Q4a0125,screw,2,clean_defect,none,,,thread_top,/root/autodl-tmp/research-experiments/industrial-anomaly-detection/data/mvtec_ad/screw/test/thread_top/019.png,43.01886749267578
Q4a0125,screw,2,clean_defect,none,,,thread_top,/root/autodl-tmp/research-experiments/industrial-anomaly-detection/data/mvtec_ad/screw/test/thread_top/020.png,43.21071243286133
Q4a0125,screw,2,clean_defect,none,,,thread_top,/root/autodl-tmp/research-experiments/industrial-anomaly-detection/data/mvtec_ad/screw/test/thread_top/021.png,39.38756561279297
Q4a0125,screw,2,clean_defect,none,,,thread_top,/root/autodl-tmp/research-experiments/industrial-anomaly-detection/data/mvtec_ad/screw/test/thread_top/022.png,40.05762481689453
Q4a0125,screw,2,shift_good,brightness_0.9,mild,brightness,good,/root/autodl-tmp/research-experiments/industrial-anomaly-detection/data/mvtec_ad/screw/test/good/000.png,28.460433959960938
Q4a0125,screw,2,shift_good,brightness_0.9,mild,brightness,good,/root/autodl-tmp/research-experiments/industrial-anomaly-detection/data/mvtec_ad/screw/test/good/001.png,27.86025047302246
Q4a0125,screw,2,shift_good,brightness_0.9,mild,brightness,good,/root/autodl-tmp/research-experiments/industrial-anomaly-detection/data/mvtec_ad/screw/test/good/002.png,27.54202651977539
Q4a0125,screw,2,shift_good,brightness_0.9,mild,brightness,good,/root/autodl-tmp/research-experiments/industrial-anomaly-detection/data/mvtec_ad/screw/test/good/003.png,33.42192459106445
Q4a0125,screw,2,shift_good,brightness_0.9,mild,brightness,good,/root/autodl-tmp/research-experiments/industrial-anomaly-detection/data/mvtec_ad/screw/test/good/004.png,31.00973129272461
Q4a0125,screw,2,shift_good,brightness_0.9,mild,brightness,good,/root/autodl-tmp/research-experiments/industrial-anomaly-detection/data/mvtec_ad/screw/test/good/005.png,35.682090759277344
Q4a0125,screw,2,shift_good,brightness_0.9,mild,brightness,good,/root/autodl-tmp/research-experiments/industrial-anomaly-detection/data/mvtec_ad/screw/test/good/006.png,26.234506607055664
Q4a0125,screw,2,shift_good,brightness_0.9,mild,brightness,good,/root/autodl-tmp/research-experiments/industrial-anomaly-detection/data/mvtec_ad/screw/test/good/007.png,27.33534812927246
Q4a0125,screw,2,shift_good,brightness_0.9,mild,brightness,good,/root/autodl-tmp/research-experiments/industrial-anomaly-detection/data/mvtec_ad/screw/test/good/008.png,29.625246047973633
Q4a0125,screw,2,shift_good,brightness_0.9,mild,brightness,good,/root/autodl-tmp/research-experiments/industrial-anomaly-detection/data/mvtec_ad/screw/test/good/009.png,28.737443923950195
Q4a0125,screw,2,shift_good,brightness_0.9,mild,brightness,good,/root/autodl-tmp/research-experiments/industrial-anomaly-detection/data/mvtec_ad/screw/test/good/010.png,28.741910934448242
Q4a0125,screw,2,shift_good,brightness_0.9,mild,brightness,good,/root/autodl-tmp/research-experiments/industrial-anomaly-detection/data/mvtec_ad/screw/test/good/011.png,27.4753475189209
Q4a0125,screw,2,shift_good,brightness_0.9,mild,brightness,good,/root/autodl-tmp/research-experiments/industrial-anomaly-detection/data/mvtec_ad/screw/test/good/012.png,30.72847557067871
Q4a0125,screw,2,shift_good,brightness_0.9,mild,brightness,good,/root/autodl-tmp/research-experiments/industrial-anomaly-detection/data/mvtec_ad/screw/test/good/013.png,29.135408401489258
Q4a0125,screw,2,shift_good,brightness_0.9,mild,brightness,good,/root/autodl-tmp/research-experiments/industrial-anomaly-detection/data/mvtec_ad/screw/test/good/014.png,31.877241134643555
Q4a0125,screw,2,shift_good,brightness_0.9,mild,brightness,good,/root/autodl-tmp/research-experiments/industrial-anomaly-detection/data/mvtec_ad/screw/test/good/015.png,29.572294235229492
Q4a0125,screw,2,shift_good,brightness_0.9,mild,brightness,good,/root/autodl-tmp/research-experiments/industrial-anomaly-detection/data/mvtec_ad/screw/test/good/016.png,27.268146514892578
Q4a0125,screw,2,shift_good,brightness_0.9,mild,brightness,good,/root/autodl-tmp/research-experiments/industrial-anomaly-detection/data/mvtec_ad/screw/test/good/017.png,26.987640380859375
Q4a0125,screw,2,shift_good,brightness_0.9,mild,brightness,good,/root/autodl-tmp/research-experiments/industrial-anomaly-detection/data/mvtec_ad/screw/test/good/018.png,29.170635223388672
Q4a0125,screw,2,shift_good,brightness_0.9,mild,brightness,good,/root/autodl-tmp/research-experiments/industrial-anomaly-detection/data/mvtec_ad/screw/test/good/019.png,30.116003036499023
Q4a0125,screw,2,shift_good,brightness_0.9,mild,brightness,good,/root/autodl-tmp/research-experiments/industrial-anomaly-detection/data/mvtec_ad/screw/test/good/020.png,27.841508865356445
Q4a0125,screw,2,shift_good,brightness_0.9,mild,brightness,good,/root/autodl-tmp/research-experiments/industrial-anomaly-detection/data/mvtec_ad/screw/test/good/021.png,27.10685920715332
Q4a0125,screw,2,shift_good,brightness_0.9,mild,brightness,good,/root/autodl-tmp/research-experiments/industrial-anomaly-detection/data/mvtec_ad/screw/test/good/022.png,31.03363609313965
Q4a0125,screw,2,shift_good,brightness_0.9,mild,brightness,good,/root/autodl-tmp/research-experiments/industrial-anomaly-detection/data/mvtec_ad/screw/test/good/023.png,28.579914093017578
Q4a0125,screw,2,shift_good,brightness_0.9,mild,brightness,good,/root/autodl-tmp/research-experiments/industrial-anomaly-detection/data/mvtec_ad/screw/test/good/024.png,29.774782180786133
Q4a0125,screw,2,shift_good,brightness_0.9,mild,brightness,good,/root/autodl-tmp/research-experiments/industrial-anomaly-detection/data/mvtec_ad/screw/test/good/025.png,32.87150192260742
Q4a0125,screw,2,shift_good,brightness_0.9,mild,brightness,good,/root/autodl-tmp/research-experiments/industrial-anomaly-detection/data/mvtec_ad/screw/test/good/026.png,27.477123260498047
Q4a0125,screw,2,shift_good,brightness_0.9,mild,brightness,good,/root/autodl-tmp/research-experiments/industrial-anomaly-detection/data/mvtec_ad/screw/test/good/027.png,29.781410217285156
Q4a0125,screw,2,shift_good,brightness_0.9,mild,brightness,good,/root/autodl-tmp/research-experiments/industrial-anomaly-detection/data/mvtec_ad/screw/test/good/028.png,25.50011444091797
Q4a0125,screw,2,shift_good,brightness_0.9,mild,brightness,good,/root/autodl-tmp/research-experiments/industrial-anomaly-detection/data/mvtec_ad/screw/test/good/029.png,28.153915405273438
Q4a0125,screw,2,shift_good,brightness_0.9,mild,brightness,good,/root/autodl-tmp/research-experiments/industrial-anomaly-detection/data/mvtec_ad/screw/test/good/030.png,28.551462173461914
Q4a0125,screw,2,shift_good,brightness_0.9,mild,brightness,good,/root/autodl-tmp/research-experiments/industrial-anomaly-detection/data/mvtec_ad/screw/test/good/031.png,28.63420867919922
Q4a0125,screw,2,shift_good,brightness_0.9,mild,brightness,good,/root/autodl-tmp/research-experiments/industrial-anomaly-detection/data/mvtec_ad/screw/test/good/032.png,25.873937606811523
Q4a0125,screw,2,shift_good,brightness_0.9,mild,brightness,good,/root/autodl-tmp/research-experiments/industrial-anomaly-detection/data/mvtec_ad/screw/test/good/033.png,25.83174705505371
Q4a0125,screw,2,shift_good,brightness_0.9,mild,brightness,good,/root/autodl-tmp/research-experiments/industrial-anomaly-detection/data/mvtec_ad/screw/test/good/034.png,27.216154098510742
Q4a0125,screw,2,shift_good,brightness_0.9,mild,brightness,good,/root/autodl-tmp/research-experiments/industrial-anomaly-detection/data/mvtec_ad/screw/test/good/035.png,35.72551727294922
Q4a0125,screw,2,shift_good,brightness_0.9,mild,brightness,good,/root/autodl-tmp/research-experiments/industrial-anomaly-detection/data/mvtec_ad/screw/test/good/036.png,26.03872299194336
Q4a0125,screw,2,shift_good,brightness_0.9,mild,brightness,good,/root/autodl-tmp/research-experiments/industrial-anomaly-detection/data/mvtec_ad/screw/test/good/037.png,28.786561965942383
Q4a0125,screw,2,shift_good,brightness_0.9,mild,brightness,good,/root/autodl-tmp/research-experiments/industrial-anomaly-detection/data/mvtec_ad/screw/test/good/038.png,28.860958099365234
Q4a0125,screw,2,shift_good,brightness_0.9,mild,brightness,good,/root/autodl-tmp/research-experiments/industrial-anomaly-detection/data/mvtec_ad/screw/test/good/039.png,26.906509399414062
Q4a0125,screw,2,shift_good,brightness_0.9,mild,brightness,good,/root/autodl-tmp/research-experiments/industrial-anomaly-detection/data/mvtec_ad/screw/test/good/040.png,25.538665771484375
Q4a0125,screw,2,shift_good,brightness_1.1,mild,brightness,good,/root/autodl-tmp/research-experiments/industrial-anomaly-detection/data/mvtec_ad/screw/test/good/000.png,28.50012969970703
Q4a0125,screw,2,shift_good,brightness_1.1,mild,brightness,good,/root/autodl-tmp/research-experiments/industrial-anomaly-detection/data/mvtec_ad/screw/test/good/001.png,27.861169815063477
Q4a0125,screw,2,shift_good,brightness_1.1,mild,brightness,good,/root/autodl-tmp/research-experiments/industrial-anomaly-detection/data/mvtec_ad/screw/test/good/002.png,27.743942260742188
Q4a0125,screw,2,shift_good,brightness_1.1,mild,brightness,good,/root/autodl-tmp/research-experiments/industrial-anomaly-detection/data/mvtec_ad/screw/test/good/003.png,32.440914154052734
Q4a0125,screw,2,shift_good,brightness_1.1,mild,brightness,good,/root/autodl-tmp/research-experiments/industrial-anomaly-detection/data/mvtec_ad/screw/test/good/004.png,30.366941452026367
Q4a0125,screw,2,shift_good,brightness_1.1,mild,brightness,good,/root/autodl-tmp/research-experiments/industrial-anomaly-detection/data/mvtec_ad/screw/test/good/005.png,35.42352294921875
Q4a0125,screw,2,shift_good,brightness_1.1,mild,brightness,good,/root/autodl-tmp/research-experiments/industrial-anomaly-detection/data/mvtec_ad/screw/test/good/006.png,26.538755416870117
Q4a0125,screw,2,shift_good,brightness_1.1,mild,brightness,good,/root/autodl-tmp/research-experiments/industrial-anomaly-detection/data/mvtec_ad/screw/test/good/007.png,27.173139572143555
Q4a0125,screw,2,shift_good,brightness_1.1,mild,brightness,good,/root/autodl-tmp/research-experiments/industrial-anomaly-detection/data/mvtec_ad/screw/test/good/008.png,29.46337890625
Q4a0125,screw,2,shift_good,brightness_1.1,mild,brightness,good,/root/autodl-tmp/research-experiments/industrial-anomaly-detection/data/mvtec_ad/screw/test/good/009.png,28.06355857849121
Q4a0125,screw,2,shift_good,brightness_1.1,mild,brightness,good,/root/autodl-tmp/research-experiments/industrial-anomaly-detection/data/mvtec_ad/screw/test/good/010.png,28.40342140197754
Q4a0125,screw,2,shift_good,brightness_1.1,mild,brightness,good,/root/autodl-tmp/research-experiments/industrial-anomaly-detection/data/mvtec_ad/screw/test/good/011.png,27.62743377685547
Q4a0125,screw,2,shift_good,brightness_1.1,mild,brightness,good,/root/autodl-tmp/research-experiments/industrial-anomaly-detection/data/mvtec_ad/screw/test/good/012.png,30.34002113342285
Q4a0125,screw,2,shift_good,brightness_1.1,mild,brightness,good,/root/autodl-tmp/research-experiments/industrial-anomaly-detection/data/mvtec_ad/screw/test/good/013.png,28.07168960571289
Q4a0125,screw,2,shift_good,brightness_1.1,mild,brightness,good,/root/autodl-tmp/research-experiments/industrial-anomaly-detection/data/mvtec_ad/screw/test/good/014.png,31.83363151550293
Q4a0125,screw,2,shift_good,brightness_1.1,mild,brightness,good,/root/autodl-tmp/research-experiments/industrial-anomaly-detection/data/mvtec_ad/screw/test/good/015.png,29.221948623657227
Q4a0125,screw,2,shift_good,brightness_1.1,mild,brightness,good,/root/autodl-tmp/research-experiments/industrial-anomaly-detection/data/mvtec_ad/screw/test/good/016.png,27.037296295166016
Q4a0125,screw,2,shift_good,brightness_1.1,mild,brightness,good,/root/autodl-tmp/research-experiments/industrial-anomaly-detection/data/mvtec_ad/screw/test/good/017.png,26.563838958740234
Q4a0125,screw,2,shift_good,brightness_1.1,mild,brightness,good,/root/autodl-tmp/research-experiments/industrial-anomaly-detection/data/mvtec_ad/screw/test/good/018.png,29.592479705810547
Q4a0125,screw,2,shift_good,brightness_1.1,mild,brightness,good,/root/autodl-tmp/research-experiments/industrial-anomaly-detection/data/mvtec_ad/screw/test/good/019.png,30.265911102294922
Q4a0125,screw,2,shift_good,brightness_1.1,mild,brightness,good,/root/autodl-tmp/research-experiments/industrial-anomaly-detection/data/mvtec_ad/screw/test/good/020.png,28.281126022338867
Q4a0125,screw,2,shift_good,brightness_1.1,mild,brightness,good,/root/autodl-tmp/research-experiments/industrial-anomaly-detection/data/mvtec_ad/screw/test/good/021.png,26.9613037109375
Q4a0125,screw,2,shift_good,brightness_1.1,mild,brightness,good,/root/autodl-tmp/research-experiments/industrial-anomaly-detection/data/mvtec_ad/screw/test/good/022.png,31.248790740966797
Q4a0125,screw,2,shift_good,brightness_1.1,mild,brightness,good,/root/autodl-tmp/research-experiments/industrial-anomaly-detection/data/mvtec_ad/screw/test/good/023.png,28.939146041870117
Q4a0125,screw,2,shift_good,brightness_1.1,mild,brightness,good,/root/autodl-tmp/research-experiments/industrial-anomaly-detection/data/mvtec_ad/screw/test/good/024.png,30.241323471069336
Q4a0125,screw,2,shift_good,brightness_1.1,mild,brightness,good,/root/autodl-tmp/research-experiments/industrial-anomaly-detection/data/mvtec_ad/screw/test/good/025.png,32.511451721191406
Q4a0125,screw,2,shift_good,brightness_1.1,mild,brightness,good,/root/autodl-tmp/research-experiments/industrial-anomaly-detection/data/mvtec_ad/screw/test/good/026.png,26.861875534057617
Q4a0125,screw,2,shift_good,brightness_1.1,mild,brightness,good,/root/autodl-tmp/research-experiments/industrial-anomaly-detection/data/mvtec_ad/screw/test/good/027.png,30.930715560913086
Q4a0125,screw,2,shift_good,brightness_1.1,mild,brightness,good,/root/autodl-tmp/research-experiments/industrial-anomaly-detection/data/mvtec_ad/screw/test/good/028.png,25.648807525634766
Q4a0125,screw,2,shift_good,brightness_1.1,mild,brightness,good,/root/autodl-tmp/research-experiments/industrial-anomaly-detection/data/mvtec_ad/screw/test/good/029.png,27.521299362182617
Q4a0125,screw,2,shift_good,brightness_1.1,mild,brightness,good,/root/autodl-tmp/research-experiments/industrial-anomaly-detection/data/mvtec_ad/screw/test/good/030.png,28.947309494018555
Q4a0125,screw,2,shift_good,brightness_1.1,mild,brightness,good,/root/autodl-tmp/research-experiments/industrial-anomaly-detection/data/mvtec_ad/screw/test/good/031.png,28.3557186126709
Q4a0125,screw,2,shift_good,brightness_1.1,mild,brightness,good,/root/autodl-tmp/research-experiments/industrial-anomaly-detection/data/mvtec_ad/screw/test/good/032.png,25.81667137145996
Q4a0125,screw,2,shift_good,brightness_1.1,mild,brightness,good,/root/autodl-tmp/research-experiments/industrial-anomaly-detection/data/mvtec_ad/screw/test/good/033.png,25.76911163330078
Q4a0125,screw,2,shift_good,brightness_1.1,mild,brightness,good,/root/autodl-tmp/research-experiments/industrial-anomaly-detection/data/mvtec_ad/screw/test/good/034.png,26.893117904663086
Q4a0125,screw,2,shift_good,brightness_1.1,mild,brightness,good,/root/autodl-tmp/research-experiments/industrial-anomaly-detection/data/mvtec_ad/screw/test/good/035.png,36.03067398071289
Q4a0125,screw,2,shift_good,brightness_1.1,mild,brightness,good,/root/autodl-tmp/research-experiments/industrial-anomaly-detection/data/mvtec_ad/screw/test/good/036.png,26.222745895385742
Q4a0125,screw,2,shift_good,brightness_1.1,mild,brightness,good,/root/autodl-tmp/research-experiments/industrial-anomaly-detection/data/mvtec_ad/screw/test/good/037.png,28.694965362548828
Q4a0125,screw,2,shift_good,brightness_1.1,mild,brightness,good,/root/autodl-tmp/research-experiments/industrial-anomaly-detection/data/mvtec_ad/screw/test/good/038.png,28.938888549804688
Q4a0125,screw,2,shift_good,brightness_1.1,mild,brightness,good,/root/autodl-tmp/research-experiments/industrial-anomaly-detection/data/mvtec_ad/screw/test/good/039.png,27.063888549804688
Q4a0125,screw,2,shift_good,brightness_1.1,mild,brightness,good,/root/autodl-tmp/research-experiments/industrial-anomaly-detection/data/mvtec_ad/screw/test/good/040.png,25.807580947875977
Q4a0125,screw,2,shift_good,brightness_0.7,medium,brightness,good,/root/autodl-tmp/research-experiments/industrial-anomaly-detection/data/mvtec_ad/screw/test/good/000.png,29.158367156982422
Q4a0125,screw,2,shift_good,brightness_0.7,medium,brightness,good,/root/autodl-tmp/research-experiments/industrial-anomaly-detection/data/mvtec_ad/screw/test/good/001.png,28.638357162475586
Q4a0125,screw,2,shift_good,brightness_0.7,medium,brightness,good,/root/autodl-tmp/research-experiments/industrial-anomaly-detection/data/mvtec_ad/screw/test/good/002.png,27.895614624023438
Q4a0125,screw,2,shift_good,brightness_0.7,medium,brightness,good,/root/autodl-tmp/research-experiments/industrial-anomaly-detection/data/mvtec_ad/screw/test/good/003.png,35.587364196777344
Q4a0125,screw,2,shift_good,brightness_0.7,medium,brightness,good,/root/autodl-tmp/research-experiments/industrial-anomaly-detection/data/mvtec_ad/screw/test/good/004.png,31.74598503112793
Q4a0125,screw,2,shift_good,brightness_0.7,medium,brightness,good,/root/autodl-tmp/research-experiments/industrial-anomaly-detection/data/mvtec_ad/screw/test/good/005.png,36.02811813354492
Q4a0125,screw,2,shift_good,brightness_0.7,medium,brightness,good,/root/autodl-tmp/research-experiments/industrial-anomaly-detection/data/mvtec_ad/screw/test/good/006.png,27.13184928894043
Q4a0125,screw,2,shift_good,brightness_0.7,medium,brightness,good,/root/autodl-tmp/research-experiments/industrial-anomaly-detection/data/mvtec_ad/screw/test/good/007.png,28.12992286682129
Q4a0125,screw,2,shift_good,brightness_0.7,medium,brightness,good,/root/autodl-tmp/research-experiments/industrial-anomaly-detection/data/mvtec_ad/screw/test/good/008.png,29.837276458740234
Q4a0125,screw,2,shift_good,brightness_0.7,medium,brightness,good,/root/autodl-tmp/research-experiments/industrial-anomaly-detection/data/mvtec_ad/screw/test/good/009.png,29.23257827758789
Q4a0125,screw,2,shift_good,brightness_0.7,medium,brightness,good,/root/autodl-tmp/research-experiments/industrial-anomaly-detection/data/mvtec_ad/screw/test/good/010.png,29.06220245361328
Q4a0125,screw,2,shift_good,brightness_0.7,medium,brightness,good,/root/autodl-tmp/research-experiments/industrial-anomaly-detection/data/mvtec_ad/screw/test/good/011.png,28.0961971282959
Q4a0125,screw,2,shift_good,brightness_0.7,medium,brightness,good,/root/autodl-tmp/research-experiments/industrial-anomaly-detection/data/mvtec_ad/screw/test/good/012.png,31.76422119140625
Q4a0125,screw,2,shift_good,brightness_0.7,medium,brightness,good,/root/autodl-tmp/research-experiments/industrial-anomaly-detection/data/mvtec_ad/screw/test/good/013.png,31.21800422668457
Q4a0125,screw,2,shift_good,brightness_0.7,medium,brightness,good,/root/autodl-tmp/research-experiments/industrial-anomaly-detection/data/mvtec_ad/screw/test/good/014.png,32.39727020263672
Q4a0125,screw,2,shift_good,brightness_0.7,medium,brightness,good,/root/autodl-tmp/research-experiments/industrial-anomaly-detection/data/mvtec_ad/screw/test/good/015.png,30.137662887573242
Q4a0125,screw,2,shift_good,brightness_0.7,medium,brightness,good,/root/autodl-tmp/research-experiments/industrial-anomaly-detection/data/mvtec_ad/screw/test/good/016.png,27.806093215942383
Q4a0125,screw,2,shift_good,brightness_0.7,medium,brightness,good,/root/autodl-tmp/research-experiments/industrial-anomaly-detection/data/mvtec_ad/screw/test/good/017.png,27.19905662536621
Q4a0125,screw,2,shift_good,brightness_0.7,medium,brightness,good,/root/autodl-tmp/research-experiments/industrial-anomaly-detection/data/mvtec_ad/screw/test/good/018.png,29.196910858154297
Q4a0125,screw,2,shift_good,brightness_0.7,medium,brightness,good,/root/autodl-tmp/research-experiments/industrial-anomaly-detection/data/mvtec_ad/screw/test/good/019.png,30.39438247680664
Q4a0125,screw,2,shift_good,brightness_0.7,medium,brightness,good,/root/autodl-tmp/research-experiments/industrial-anomaly-detection/data/mvtec_ad/screw/test/good/020.png,28.594058990478516
Q4a0125,screw,2,shift_good,brightness_0.7,medium,brightness,good,/root/autodl-tmp/research-experiments/industrial-anomaly-detection/data/mvtec_ad/screw/test/good/021.png,27.854930877685547
Q4a0125,screw,2,shift_good,brightness_0.7,medium,brightness,good,/root/autodl-tmp/research-experiments/industrial-anomaly-detection/data/mvtec_ad/screw/test/good/022.png,31.271711349487305
Q4a0125,screw,2,shift_good,brightness_0.7,medium,brightness,good,/root/autodl-tmp/research-experiments/industrial-anomaly-detection/data/mvtec_ad/screw/test/good/023.png,28.58065414428711
Q4a0125,screw,2,shift_good,brightness_0.7,medium,brightness,good,/root/autodl-tmp/research-experiments/industrial-anomaly-detection/data/mvtec_ad/screw/test/good/024.png,29.858585357666016
Q4a0125,screw,2,shift_good,brightness_0.7,medium,brightness,good,/root/autodl-tmp/research-experiments/industrial-anomaly-detection/data/mvtec_ad/screw/test/good/025.png,32.83099365234375
Q4a0125,screw,2,shift_good,brightness_0.7,medium,brightness,good,/root/autodl-tmp/research-experiments/industrial-anomaly-detection/data/mvtec_ad/screw/test/good/026.png,28.206892013549805
Q4a0125,screw,2,shift_good,brightness_0.7,medium,brightness,good,/root/autodl-tmp/research-experiments/industrial-anomaly-detection/data/mvtec_ad/screw/test/good/027.png,30.99724769592285
Q4a0125,screw,2,shift_good,brightness_0.7,medium,brightness,good,/root/autodl-tmp/research-experiments/industrial-anomaly-detection/data/mvtec_ad/screw/test/good/028.png,25.69253921508789
Q4a0125,screw,2,shift_good,brightness_0.7,medium,brightness,good,/root/autodl-tmp/research-experiments/industrial-anomaly-detection/data/mvtec_ad/screw/test/good/029.png,28.858333587646484
Q4a0125,screw,2,shift_good,brightness_0.7,medium,brightness,good,/root/autodl-tmp/research-experiments/industrial-anomaly-detection/data/mvtec_ad/screw/test/good/030.png,28.41165542602539
Q4a0125,screw,2,shift_good,brightness_0.7,medium,brightness,good,/root/autodl-tmp/research-experiments/industrial-anomaly-detection/data/mvtec_ad/screw/test/good/031.png,29.194047927856445
Q4a0125,screw,2,shift_good,brightness_0.7,medium,brightness,good,/root/autodl-tmp/research-experiments/industrial-anomaly-detection/data/mvtec_ad/screw/test/good/032.png,26.89372444152832
Q4a0125,screw,2,shift_good,brightness_0.7,medium,brightness,good,/root/autodl-tmp/research-experiments/industrial-anomaly-detection/data/mvtec_ad/screw/test/good/033.png,26.05189323425293
Q4a0125,screw,2,shift_good,brightness_0.7,medium,brightness,good,/root/autodl-tmp/research-experiments/industrial-anomaly-detection/data/mvtec_ad/screw/test/good/034.png,27.97675132751465
Q4a0125,screw,2,shift_good,brightness_0.7,medium,brightness,good,/root/autodl-tmp/research-experiments/industrial-anomaly-detection/data/mvtec_ad/screw/test/good/035.png,35.14013671875
Q4a0125,screw,2,shift_good,brightness_0.7,medium,brightness,good,/root/autodl-tmp/research-experiments/industrial-anomaly-detection/data/mvtec_ad/screw/test/good/036.png,26.4459285736084
Q4a0125,screw,2,shift_good,brightness_0.7,medium,brightness,good,/root/autodl-tmp/research-experiments/industrial-anomaly-detection/data/mvtec_ad/screw/test/good/037.png,29.20452308654785
Q4a0125,screw,2,shift_good,brightness_0.7,medium,brightness,good,/root/autodl-tmp/research-experiments/industrial-anomaly-detection/data/mvtec_ad/screw/test/good/038.png,29.7187557220459
Q4a0125,screw,2,shift_good,brightness_0.7,medium,brightness,good,/root/autodl-tmp/research-experiments/industrial-anomaly-detection/data/mvtec_ad/screw/test/good/039.png,27.641117095947266
Q4a0125,screw,2,shift_good,brightness_0.7,medium,brightness,good,/root/autodl-tmp/research-experiments/industrial-anomaly-detection/data/mvtec_ad/screw/test/good/040.png,26.642610549926758
Q4a0125,screw,2,shift_good,brightness_1.3,medium,brightness,good,/root/autodl-tmp/research-experiments/industrial-anomaly-detection/data/mvtec_ad/screw/test/good/000.png,29.933067321777344
Q4a0125,screw,2,shift_good,brightness_1.3,medium,brightness,good,/root/autodl-tmp/research-experiments/industrial-anomaly-detection/data/mvtec_ad/screw/test/good/001.png,28.705869674682617
Q4a0125,screw,2,shift_good,brightness_1.3,medium,brightness,good,/root/autodl-tmp/research-experiments/industrial-anomaly-detection/data/mvtec_ad/screw/test/good/002.png,28.8665771484375
Q4a0125,screw,2,shift_good,brightness_1.3,medium,brightness,good,/root/autodl-tmp/research-experiments/industrial-anomaly-detection/data/mvtec_ad/screw/test/good/003.png,34.004371643066406
Q4a0125,screw,2,shift_good,brightness_1.3,medium,brightness,good,/root/autodl-tmp/research-experiments/industrial-anomaly-detection/data/mvtec_ad/screw/test/good/004.png,30.266925811767578
Q4a0125,screw,2,shift_good,brightness_1.3,medium,brightness,good,/root/autodl-tmp/research-experiments/industrial-anomaly-detection/data/mvtec_ad/screw/test/good/005.png,35.30842590332031
Q4a0125,screw,2,shift_good,brightness_1.3,medium,brightness,good,/root/autodl-tmp/research-experiments/industrial-anomaly-detection/data/mvtec_ad/screw/test/good/006.png,28.253551483154297
Q4a0125,screw,2,shift_good,brightness_1.3,medium,brightness,good,/root/autodl-tmp/research-experiments/industrial-anomaly-detection/data/mvtec_ad/screw/test/good/007.png,27.735687255859375
Q4a0125,screw,2,shift_good,brightness_1.3,medium,brightness,good,/root/autodl-tmp/research-experiments/industrial-anomaly-detection/data/mvtec_ad/screw/test/good/008.png,30.46272087097168
Q4a0125,screw,2,shift_good,brightness_1.3,medium,brightness,good,/root/autodl-tmp/research-experiments/industrial-anomaly-detection/data/mvtec_ad/screw/test/good/009.png,31.269014358520508
Q4a0125,screw,2,shift_good,brightness_1.3,medium,brightness,good,/root/autodl-tmp/research-experiments/industrial-anomaly-detection/data/mvtec_ad/screw/test/good/010.png,28.656721115112305
Q4a0125,screw,2,shift_good,brightness_1.3,medium,brightness,good,/root/autodl-tmp/research-experiments/industrial-anomaly-detection/data/mvtec_ad/screw/test/good/011.png,28.784948348999023
Q4a0125,screw,2,shift_good,brightness_1.3,medium,brightness,good,/root/autodl-tmp/research-experiments/industrial-anomaly-detection/data/mvtec_ad/screw/test/good/012.png,30.735837936401367
Q4a0125,screw,2,shift_good,brightness_1.3,medium,brightness,good,/root/autodl-tmp/research-experiments/industrial-anomaly-detection/data/mvtec_ad/screw/test/good/013.png,29.444604873657227
Q4a0125,screw,2,shift_good,brightness_1.3,medium,brightness,good,/root/autodl-tmp/research-experiments/industrial-anomaly-detection/data/mvtec_ad/screw/test/good/014.png,33.147499084472656
Q4a0125,screw,2,shift_good,brightness_1.3,medium,brightness,good,/root/autodl-tmp/research-experiments/industrial-anomaly-detection/data/mvtec_ad/screw/test/good/015.png,30.474454879760742
Q4a0125,screw,2,shift_good,brightness_1.3,medium,brightness,good,/root/autodl-tmp/research-experiments/industrial-anomaly-detection/data/mvtec_ad/screw/test/good/016.png,28.493349075317383
Q4a0125,screw,2,shift_good,brightness_1.3,medium,brightness,good,/root/autodl-tmp/research-experiments/industrial-anomaly-detection/data/mvtec_ad/screw/test/good/017.png,27.665258407592773
Q4a0125,screw,2,shift_good,brightness_1.3,medium,brightness,good,/root/autodl-tmp/research-experiments/industrial-anomaly-detection/data/mvtec_ad/screw/test/good/018.png,29.97553825378418
Q4a0125,screw,2,shift_good,brightness_1.3,medium,brightness,good,/root/autodl-tmp/research-experiments/industrial-anomaly-detection/data/mvtec_ad/screw/test/good/019.png,30.635913848876953
Q4a0125,screw,2,shift_good,brightness_1.3,medium,brightness,good,/root/autodl-tmp/research-experiments/industrial-anomaly-detection/data/mvtec_ad/screw/test/good/020.png,31.005382537841797
Q4a0125,screw,2,shift_good,brightness_1.3,medium,brightness,good,/root/autodl-tmp/research-experiments/industrial-anomaly-detection/data/mvtec_ad/screw/test/good/021.png,28.02023696899414
Q4a0125,screw,2,shift_good,brightness_1.3,medium,brightness,good,/root/autodl-tmp/research-experiments/industrial-anomaly-detection/data/mvtec_ad/screw/test/good/022.png,31.687015533447266
Q4a0125,screw,2,shift_good,brightness_1.3,medium,brightness,good,/root/autodl-tmp/research-experiments/industrial-anomaly-detection/data/mvtec_ad/screw/test/good/023.png,29.40223503112793
Q4a0125,screw,2,shift_good,brightness_1.3,medium,brightness,good,/root/autodl-tmp/research-experiments/industrial-anomaly-detection/data/mvtec_ad/screw/test/good/024.png,30.77766990661621
Q4a0125,screw,2,shift_good,brightness_1.3,medium,brightness,good,/root/autodl-tmp/research-experiments/industrial-anomaly-detection/data/mvtec_ad/screw/test/good/025.png,34.67636489868164
Q4a0125,screw,2,shift_good,brightness_1.3,medium,brightness,good,/root/autodl-tmp/research-experiments/industrial-anomaly-detection/data/mvtec_ad/screw/test/good/026.png,28.77303695678711
Q4a0125,screw,2,shift_good,brightness_1.3,medium,brightness,good,/root/autodl-tmp/research-experiments/industrial-anomaly-detection/data/mvtec_ad/screw/test/good/027.png,36.605140686035156
Q4a0125,screw,2,shift_good,brightness_1.3,medium,brightness,good,/root/autodl-tmp/research-experiments/industrial-anomaly-detection/data/mvtec_ad/screw/test/good/028.png,28.96725845336914
Q4a0125,screw,2,shift_good,brightness_1.3,medium,brightness,good,/root/autodl-tmp/research-experiments/industrial-anomaly-detection/data/mvtec_ad/screw/test/good/029.png,27.843151092529297
Q4a0125,screw,2,shift_good,brightness_1.3,medium,brightness,good,/root/autodl-tmp/research-experiments/industrial-anomaly-detection/data/mvtec_ad/screw/test/good/030.png,29.137615203857422
Q4a0125,screw,2,shift_good,brightness_1.3,medium,brightness,good,/root/autodl-tmp/research-experiments/industrial-anomaly-detection/data/mvtec_ad/screw/test/good/031.png,29.275978088378906
Q4a0125,screw,2,shift_good,brightness_1.3,medium,brightness,good,/root/autodl-tmp/research-experiments/industrial-anomaly-detection/data/mvtec_ad/screw/test/good/032.png,27.690353393554688
Q4a0125,screw,2,shift_good,brightness_1.3,medium,brightness,good,/root/autodl-tmp/research-experiments/industrial-anomaly-detection/data/mvtec_ad/screw/test/good/033.png,28.49587059020996
Q4a0125,screw,2,shift_good,brightness_1.3,medium,brightness,good,/root/autodl-tmp/research-experiments/industrial-anomaly-detection/data/mvtec_ad/screw/test/good/034.png,29.965335845947266
Q4a0125,screw,2,shift_good,brightness_1.3,medium,brightness,good,/root/autodl-tmp/research-experiments/industrial-anomaly-detection/data/mvtec_ad/screw/test/good/035.png,36.025238037109375
Q4a0125,screw,2,shift_good,brightness_1.3,medium,brightness,good,/root/autodl-tmp/research-experiments/industrial-anomaly-detection/data/mvtec_ad/screw/test/good/036.png,28.877315521240234
Q4a0125,screw,2,shift_good,brightness_1.3,medium,brightness,good,/root/autodl-tmp/research-experiments/industrial-anomaly-detection/data/mvtec_ad/screw/test/good/037.png,29.16746711730957
Q4a0125,screw,2,shift_good,brightness_1.3,medium,brightness,good,/root/autodl-tmp/research-experiments/industrial-anomaly-detection/data/mvtec_ad/screw/test/good/038.png,29.72059440612793
Q4a0125,screw,2,shift_good,brightness_1.3,medium,brightness,good,/root/autodl-tmp/research-experiments/industrial-anomaly-detection/data/mvtec_ad/screw/test/good/039.png,27.87442398071289
Q4a0125,screw,2,shift_good,brightness_1.3,medium,brightness,good,/root/autodl-tmp/research-experiments/industrial-anomaly-detection/data/mvtec_ad/screw/test/good/040.png,28.88617706298828
Q4a0125,screw,2,shift_good,brightness_0.5,strong,brightness,good,/root/autodl-tmp/research-experiments/industrial-anomaly-detection/data/mvtec_ad/screw/test/good/000.png,29.65148162841797
Q4a0125,screw,2,shift_good,brightness_0.5,strong,brightness,good,/root/autodl-tmp/research-experiments/industrial-anomaly-detection/data/mvtec_ad/screw/test/good/001.png,29.506860733032227
Q4a0125,screw,2,shift_good,brightness_0.5,strong,brightness,good,/root/autodl-tmp/research-experiments/industrial-anomaly-detection/data/mvtec_ad/screw/test/good/002.png,28.872081756591797
Q4a0125,screw,2,shift_good,brightness_0.5,strong,brightness,good,/root/autodl-tmp/research-experiments/industrial-anomaly-detection/data/mvtec_ad/screw/test/good/003.png,35.32545471191406
Q4a0125,screw,2,shift_good,brightness_0.5,strong,brightness,good,/root/autodl-tmp/research-experiments/industrial-anomaly-detection/data/mvtec_ad/screw/test/good/004.png,32.248817443847656
Q4a0125,screw,2,shift_good,brightness_0.5,strong,brightness,good,/root/autodl-tmp/research-experiments/industrial-anomaly-detection/data/mvtec_ad/screw/test/good/005.png,36.49264907836914
Q4a0125,screw,2,shift_good,brightness_0.5,strong,brightness,good,/root/autodl-tmp/research-experiments/industrial-anomaly-detection/data/mvtec_ad/screw/test/good/006.png,28.354934692382812
Q4a0125,screw,2,shift_good,brightness_0.5,strong,brightness,good,/root/autodl-tmp/research-experiments/industrial-anomaly-detection/data/mvtec_ad/screw/test/good/007.png,28.62977409362793
Q4a0125,screw,2,shift_good,brightness_0.5,strong,brightness,good,/root/autodl-tmp/research-experiments/industrial-anomaly-detection/data/mvtec_ad/screw/test/good/008.png,30.94562530517578
Q4a0125,screw,2,shift_good,brightness_0.5,strong,brightness,good,/root/autodl-tmp/research-experiments/industrial-anomaly-detection/data/mvtec_ad/screw/test/good/009.png,30.299253463745117
Q4a0125,screw,2,shift_good,brightness_0.5,strong,brightness,good,/root/autodl-tmp/research-experiments/industrial-anomaly-detection/data/mvtec_ad/screw/test/good/010.png,30.07012367248535
Q4a0125,screw,2,shift_good,brightness_0.5,strong,brightness,good,/root/autodl-tmp/research-experiments/industrial-anomaly-detection/data/mvtec_ad/screw/test/good/011.png,29.447608947753906
Q4a0125,screw,2,shift_good,brightness_0.5,strong,brightness,good,/root/autodl-tmp/research-experiments/industrial-anomaly-detection/data/mvtec_ad/screw/test/good/012.png,32.17792510986328
Q4a0125,screw,2,shift_good,brightness_0.5,strong,brightness,good,/root/autodl-tmp/research-experiments/industrial-anomaly-detection/data/mvtec_ad/screw/test/good/013.png,32.704410552978516
Q4a0125,screw,2,shift_good,brightness_0.5,strong,brightness,good,/root/autodl-tmp/research-experiments/industrial-anomaly-detection/data/mvtec_ad/screw/test/good/014.png,32.253631591796875
Q4a0125,screw,2,shift_good,brightness_0.5,strong,brightness,good,/root/autodl-tmp/research-experiments/industrial-anomaly-detection/data/mvtec_ad/screw/test/good/015.png,31.047090530395508
Q4a0125,screw,2,shift_good,brightness_0.5,strong,brightness,good,/root/autodl-tmp/research-experiments/industrial-anomaly-detection/data/mvtec_ad/screw/test/good/016.png,29.667469024658203
Q4a0125,screw,2,shift_good,brightness_0.5,strong,brightness,good,/root/autodl-tmp/research-experiments/industrial-anomaly-detection/data/mvtec_ad/screw/test/good/017.png,28.1893310546875
Q4a0125,screw,2,shift_good,brightness_0.5,strong,brightness,good,/root/autodl-tmp/research-experiments/industrial-anomaly-detection/data/mvtec_ad/screw/test/good/018.png,29.94192886352539
Q4a0125,screw,2,shift_good,brightness_0.5,strong,brightness,good,/root/autodl-tmp/research-experiments/industrial-anomaly-detection/data/mvtec_ad/screw/test/good/019.png,31.194196701049805
Q4a0125,screw,2,shift_good,brightness_0.5,strong,brightness,good,/root/autodl-tmp/research-experiments/industrial-anomaly-detection/data/mvtec_ad/screw/test/good/020.png,29.782672882080078
Q4a0125,screw,2,shift_good,brightness_0.5,strong,brightness,good,/root/autodl-tmp/research-experiments/industrial-anomaly-detection/data/mvtec_ad/screw/test/good/021.png,29.132125854492188
Q4a0125,screw,2,shift_good,brightness_0.5,strong,brightness,good,/root/autodl-tmp/research-experiments/industrial-anomaly-detection/data/mvtec_ad/screw/test/good/022.png,31.369102478027344
Q4a0125,screw,2,shift_good,brightness_0.5,strong,brightness,good,/root/autodl-tmp/research-experiments/industrial-anomaly-detection/data/mvtec_ad/screw/test/good/023.png,30.752029418945312
Q4a0125,screw,2,shift_good,brightness_0.5,strong,brightness,good,/root/autodl-tmp/research-experiments/industrial-anomaly-detection/data/mvtec_ad/screw/test/good/024.png,30.566471099853516
Q4a0125,screw,2,shift_good,brightness_0.5,strong,brightness,good,/root/autodl-tmp/research-experiments/industrial-anomaly-detection/data/mvtec_ad/screw/test/good/025.png,33.62041091918945
Q4a0125,screw,2,shift_good,brightness_0.5,strong,brightness,good,/root/autodl-tmp/research-experiments/industrial-anomaly-detection/data/mvtec_ad/screw/test/good/026.png,29.038562774658203
Q4a0125,screw,2,shift_good,brightness_0.5,strong,brightness,good,/root/autodl-tmp/research-experiments/industrial-anomaly-detection/data/mvtec_ad/screw/test/good/027.png,31.915618896484375
Q4a0125,screw,2,shift_good,brightness_0.5,strong,brightness,good,/root/autodl-tmp/research-experiments/industrial-anomaly-detection/data/mvtec_ad/screw/test/good/028.png,27.957326889038086
Q4a0125,screw,2,shift_good,brightness_0.5,strong,brightness,good,/root/autodl-tmp/research-experiments/industrial-anomaly-detection/data/mvtec_ad/screw/test/good/029.png,29.115446090698242
Q4a0125,screw,2,shift_good,brightness_0.5,strong,brightness,good,/root/autodl-tmp/research-experiments/industrial-anomaly-detection/data/mvtec_ad/screw/test/good/030.png,29.079395294189453
Q4a0125,screw,2,shift_good,brightness_0.5,strong,brightness,good,/root/autodl-tmp/research-experiments/industrial-anomaly-detection/data/mvtec_ad/screw/test/good/031.png,30.361984252929688
Q4a0125,screw,2,shift_good,brightness_0.5,strong,brightness,good,/root/autodl-tmp/research-experiments/industrial-anomaly-detection/data/mvtec_ad/screw/test/good/032.png,28.32672882080078
Q4a0125,screw,2,shift_good,brightness_0.5,strong,brightness,good,/root/autodl-tmp/research-experiments/industrial-anomaly-detection/data/mvtec_ad/screw/test/good/033.png,27.42901039123535
Q4a0125,screw,2,shift_good,brightness_0.5,strong,brightness,good,/root/autodl-tmp/research-experiments/industrial-anomaly-detection/data/mvtec_ad/screw/test/good/034.png,28.62263298034668
Q4a0125,screw,2,shift_good,brightness_0.5,strong,brightness,good,/root/autodl-tmp/research-experiments/industrial-anomaly-detection/data/mvtec_ad/screw/test/good/035.png,34.77214431762695
Q4a0125,screw,2,shift_good,brightness_0.5,strong,brightness,good,/root/autodl-tmp/research-experiments/industrial-anomaly-detection/data/mvtec_ad/screw/test/good/036.png,27.735448837280273
Q4a0125,screw,2,shift_good,brightness_0.5,strong,brightness,good,/root/autodl-tmp/research-experiments/industrial-anomaly-detection/data/mvtec_ad/screw/test/good/037.png,30.212154388427734
Q4a0125,screw,2,shift_good,brightness_0.5,strong,brightness,good,/root/autodl-tmp/research-experiments/industrial-anomaly-detection/data/mvtec_ad/screw/test/good/038.png,30.79342269897461
Q4a0125,screw,2,shift_good,brightness_0.5,strong,brightness,good,/root/autodl-tmp/research-experiments/industrial-anomaly-detection/data/mvtec_ad/screw/test/good/039.png,29.168359756469727
Q4a0125,screw,2,shift_good,brightness_0.5,strong,brightness,good,/root/autodl-tmp/research-experiments/industrial-anomaly-detection/data/mvtec_ad/screw/test/good/040.png,28.612205505371094
Q4a0125,screw,2,shift_good,brightness_1.5,strong,brightness,good,/root/autodl-tmp/research-experiments/industrial-anomaly-detection/data/mvtec_ad/screw/test/good/000.png,44.39945983886719
Q4a0125,screw,2,shift_good,brightness_1.5,strong,brightness,good,/root/autodl-tmp/research-experiments/industrial-anomaly-detection/data/mvtec_ad/screw/test/good/001.png,44.037723541259766
Q4a0125,screw,2,shift_good,brightness_1.5,strong,brightness,good,/root/autodl-tmp/research-experiments/industrial-anomaly-detection/data/mvtec_ad/screw/test/good/002.png,43.61090087890625
Q4a0125,screw,2,shift_good,brightness_1.5,strong,brightness,good,/root/autodl-tmp/research-experiments/industrial-anomaly-detection/data/mvtec_ad/screw/test/good/003.png,46.1081657409668
Q4a0125,screw,2,shift_good,brightness_1.5,strong,brightness,good,/root/autodl-tmp/research-experiments/industrial-anomaly-detection/data/mvtec_ad/screw/test/good/004.png,44.55144119262695
Q4a0125,screw,2,shift_good,brightness_1.5,strong,brightness,good,/root/autodl-tmp/research-experiments/industrial-anomaly-detection/data/mvtec_ad/screw/test/good/005.png,44.708988189697266
Q4a0125,screw,2,shift_good,brightness_1.5,strong,brightness,good,/root/autodl-tmp/research-experiments/industrial-anomaly-detection/data/mvtec_ad/screw/test/good/006.png,42.88800811767578
Q4a0125,screw,2,shift_good,brightness_1.5,strong,brightness,good,/root/autodl-tmp/research-experiments/industrial-anomaly-detection/data/mvtec_ad/screw/test/good/007.png,43.848487854003906
Q4a0125,screw,2,shift_good,brightness_1.5,strong,brightness,good,/root/autodl-tmp/research-experiments/industrial-anomaly-detection/data/mvtec_ad/screw/test/good/008.png,43.76823043823242
Q4a0125,screw,2,shift_good,brightness_1.5,strong,brightness,good,/root/autodl-tmp/research-experiments/industrial-anomaly-detection/data/mvtec_ad/screw/test/good/009.png,45.05674743652344
Q4a0125,screw,2,shift_good,brightness_1.5,strong,brightness,good,/root/autodl-tmp/research-experiments/industrial-anomaly-detection/data/mvtec_ad/screw/test/good/010.png,44.18483352661133
Q4a0125,screw,2,shift_good,brightness_1.5,strong,brightness,good,/root/autodl-tmp/research-experiments/industrial-anomaly-detection/data/mvtec_ad/screw/test/good/011.png,42.460201263427734
Q4a0125,screw,2,shift_good,brightness_1.5,strong,brightness,good,/root/autodl-tmp/research-experiments/industrial-anomaly-detection/data/mvtec_ad/screw/test/good/012.png,44.52268981933594
Q4a0125,screw,2,shift_good,brightness_1.5,strong,brightness,good,/root/autodl-tmp/research-experiments/industrial-anomaly-detection/data/mvtec_ad/screw/test/good/013.png,43.94319534301758
Q4a0125,screw,2,shift_good,brightness_1.5,strong,brightness,good,/root/autodl-tmp/research-experiments/industrial-anomaly-detection/data/mvtec_ad/screw/test/good/014.png,45.70170593261719
Q4a0125,screw,2,shift_good,brightness_1.5,strong,brightness,good,/root/autodl-tmp/research-experiments/industrial-anomaly-detection/data/mvtec_ad/screw/test/good/015.png,43.986114501953125
Q4a0125,screw,2,shift_good,brightness_1.5,strong,brightness,good,/root/autodl-tmp/research-experiments/industrial-anomaly-detection/data/mvtec_ad/screw/test/good/016.png,43.936767578125
Q4a0125,screw,2,shift_good,brightness_1.5,strong,brightness,good,/root/autodl-tmp/research-experiments/industrial-anomaly-detection/data/mvtec_ad/screw/test/good/017.png,43.86320495605469
Q4a0125,screw,2,shift_good,brightness_1.5,strong,brightness,good,/root/autodl-tmp/research-experiments/industrial-anomaly-detection/data/mvtec_ad/screw/test/good/018.png,43.249019622802734
Q4a0125,screw,2,shift_good,brightness_1.5,strong,brightness,good,/root/autodl-tmp/research-experiments/industrial-anomaly-detection/data/mvtec_ad/screw/test/good/019.png,44.66155242919922
Q4a0125,screw,2,shift_good,brightness_1.5,strong,brightness,good,/root/autodl-tmp/research-experiments/industrial-anomaly-detection/data/mvtec_ad/screw/test/good/020.png,43.0416374206543
Q4a0125,screw,2,shift_good,brightness_1.5,strong,brightness,good,/root/autodl-tmp/research-experiments/industrial-anomaly-detection/data/mvtec_ad/screw/test/good/021.png,43.760581970214844
Q4a0125,screw,2,shift_good,brightness_1.5,strong,brightness,good,/root/autodl-tmp/research-experiments/industrial-anomaly-detection/data/mvtec_ad/screw/test/good/022.png,43.10671615600586
Q4a0125,screw,2,shift_good,brightness_1.5,strong,brightness,good,/root/autodl-tmp/research-experiments/industrial-anomaly-detection/data/mvtec_ad/screw/test/good/023.png,43.31946563720703
Q4a0125,screw,2,shift_good,brightness_1.5,strong,brightness,good,/root/autodl-tmp/research-experiments/industrial-anomaly-detection/data/mvtec_ad/screw/test/good/024.png,43.20211410522461
Q4a0125,screw,2,shift_good,brightness_1.5,strong,brightness,good,/root/autodl-tmp/research-experiments/industrial-anomaly-detection/data/mvtec_ad/screw/test/good/025.png,45.1363525390625
Q4a0125,screw,2,shift_good,brightness_1.5,strong,brightness,good,/root/autodl-tmp/research-experiments/industrial-anomaly-detection/data/mvtec_ad/screw/test/good/026.png,44.30577087402344
Q4a0125,screw,2,shift_good,brightness_1.5,strong,brightness,good,/root/autodl-tmp/research-experiments/industrial-anomaly-detection/data/mvtec_ad/screw/test/good/027.png,43.597434997558594
Q4a0125,screw,2,shift_good,brightness_1.5,strong,brightness,good,/root/autodl-tmp/research-experiments/industrial-anomaly-detection/data/mvtec_ad/screw/test/good/028.png,44.29177474975586
Q4a0125,screw,2,shift_good,brightness_1.5,strong,brightness,good,/root/autodl-tmp/research-experiments/industrial-anomaly-detection/data/mvtec_ad/screw/test/good/029.png,42.97602081298828
Q4a0125,screw,2,shift_good,brightness_1.5,strong,brightness,good,/root/autodl-tmp/research-experiments/industrial-anomaly-detection/data/mvtec_ad/screw/test/good/030.png,44.15162658691406
Q4a0125,screw,2,shift_good,brightness_1.5,strong,brightness,good,/root/autodl-tmp/research-experiments/industrial-anomaly-detection/data/mvtec_ad/screw/test/good/031.png,42.918243408203125
Q4a0125,screw,2,shift_good,brightness_1.5,strong,brightness,good,/root/autodl-tmp/research-experiments/industrial-anomaly-detection/data/mvtec_ad/screw/test/good/032.png,44.29884338378906
Q4a0125,screw,2,shift_good,brightness_1.5,strong,brightness,good,/root/autodl-tmp/research-experiments/industrial-anomaly-detection/data/mvtec_ad/screw/test/good/033.png,43.93116760253906
Q4a0125,screw,2,shift_good,brightness_1.5,strong,brightness,good,/root/autodl-tmp/research-experiments/industrial-anomaly-detection/data/mvtec_ad/screw/test/good/034.png,44.65580749511719
Q4a0125,screw,2,shift_good,brightness_1.5,strong,brightness,good,/root/autodl-tmp/research-experiments/industrial-anomaly-detection/data/mvtec_ad/screw/test/good/035.png,43.92314529418945
Q4a0125,screw,2,shift_good,brightness_1.5,strong,brightness,good,/root/autodl-tmp/research-experiments/industrial-anomaly-detection/data/mvtec_ad/screw/test/good/036.png,44.84102249145508
Q4a0125,screw,2,shift_good,brightness_1.5,strong,brightness,good,/root/autodl-tmp/research-experiments/industrial-anomaly-detection/data/mvtec_ad/screw/test/good/037.png,43.40306091308594
Q4a0125,screw,2,shift_good,brightness_1.5,strong,brightness,good,/root/autodl-tmp/research-experiments/industrial-anomaly-detection/data/mvtec_ad/screw/test/good/038.png,43.83055877685547
Q4a0125,screw,2,shift_good,brightness_1.5,strong,brightness,good,/root/autodl-tmp/research-experiments/industrial-anomaly-detection/data/mvtec_ad/screw/test/good/039.png,44.157554626464844
Q4a0125,screw,2,shift_good,brightness_1.5,strong,brightness,good,/root/autodl-tmp/research-experiments/industrial-anomaly-detection/data/mvtec_ad/screw/test/good/040.png,44.715728759765625
Q4a0125,screw,2,shift_good,gamma_0.9,mild,gamma,good,/root/autodl-tmp/research-experiments/industrial-anomaly-detection/data/mvtec_ad/screw/test/good/000.png,28.551952362060547
Q4a0125,screw,2,shift_good,gamma_0.9,mild,gamma,good,/root/autodl-tmp/research-experiments/industrial-anomaly-detection/data/mvtec_ad/screw/test/good/001.png,27.921903610229492
Q4a0125,screw,2,shift_good,gamma_0.9,mild,gamma,good,/root/autodl-tmp/research-experiments/industrial-anomaly-detection/data/mvtec_ad/screw/test/good/002.png,27.647552490234375
Q4a0125,screw,2,shift_good,gamma_0.9,mild,gamma,good,/root/autodl-tmp/research-experiments/industrial-anomaly-detection/data/mvtec_ad/screw/test/good/003.png,32.859256744384766
Q4a0125,screw,2,shift_good,gamma_0.9,mild,gamma,good,/root/autodl-tmp/research-experiments/industrial-anomaly-detection/data/mvtec_ad/screw/test/good/004.png,30.92460823059082
Q4a0125,screw,2,shift_good,gamma_0.9,mild,gamma,good,/root/autodl-tmp/research-experiments/industrial-anomaly-detection/data/mvtec_ad/screw/test/good/005.png,35.746612548828125
Q4a0125,screw,2,shift_good,gamma_0.9,mild,gamma,good,/root/autodl-tmp/research-experiments/industrial-anomaly-detection/data/mvtec_ad/screw/test/good/006.png,26.0470027923584
Q4a0125,screw,2,shift_good,gamma_0.9,mild,gamma,good,/root/autodl-tmp/research-experiments/industrial-anomaly-detection/data/mvtec_ad/screw/test/good/007.png,27.638002395629883
Q4a0125,screw,2,shift_good,gamma_0.9,mild,gamma,good,/root/autodl-tmp/research-experiments/industrial-anomaly-detection/data/mvtec_ad/screw/test/good/008.png,29.685110092163086
Q4a0125,screw,2,shift_good,gamma_0.9,mild,gamma,good,/root/autodl-tmp/research-experiments/industrial-anomaly-detection/data/mvtec_ad/screw/test/good/009.png,28.43355941772461
Q4a0125,screw,2,shift_good,gamma_0.9,mild,gamma,good,/root/autodl-tmp/research-experiments/industrial-anomaly-detection/data/mvtec_ad/screw/test/good/010.png,28.66602325439453
Q4a0125,screw,2,shift_good,gamma_0.9,mild,gamma,good,/root/autodl-tmp/research-experiments/industrial-anomaly-detection/data/mvtec_ad/screw/test/good/011.png,27.73572540283203
Q4a0125,screw,2,shift_good,gamma_0.9,mild,gamma,good,/root/autodl-tmp/research-experiments/industrial-anomaly-detection/data/mvtec_ad/screw/test/good/012.png,30.496047973632812
Q4a0125,screw,2,shift_good,gamma_0.9,mild,gamma,good,/root/autodl-tmp/research-experiments/industrial-anomaly-detection/data/mvtec_ad/screw/test/good/013.png,28.576030731201172
Q4a0125,screw,2,shift_good,gamma_0.9,mild,gamma,good,/root/autodl-tmp/research-experiments/industrial-anomaly-detection/data/mvtec_ad/screw/test/good/014.png,32.02109909057617
Q4a0125,screw,2,shift_good,gamma_0.9,mild,gamma,good,/root/autodl-tmp/research-experiments/industrial-anomaly-detection/data/mvtec_ad/screw/test/good/015.png,29.54833221435547
Q4a0125,screw,2,shift_good,gamma_0.9,mild,gamma,good,/root/autodl-tmp/research-experiments/industrial-anomaly-detection/data/mvtec_ad/screw/test/good/016.png,27.404571533203125
Q4a0125,screw,2,shift_good,gamma_0.9,mild,gamma,good,/root/autodl-tmp/research-experiments/industrial-anomaly-detection/data/mvtec_ad/screw/test/good/017.png,26.540069580078125
Q4a0125,screw,2,shift_good,gamma_0.9,mild,gamma,good,/root/autodl-tmp/research-experiments/industrial-anomaly-detection/data/mvtec_ad/screw/test/good/018.png,29.4395809173584
Q4a0125,screw,2,shift_good,gamma_0.9,mild,gamma,good,/root/autodl-tmp/research-experiments/industrial-anomaly-detection/data/mvtec_ad/screw/test/good/019.png,30.163450241088867
Q4a0125,screw,2,shift_good,gamma_0.9,mild,gamma,good,/root/autodl-tmp/research-experiments/industrial-anomaly-detection/data/mvtec_ad/screw/test/good/020.png,28.310625076293945
Q4a0125,screw,2,shift_good,gamma_0.9,mild,gamma,good,/root/autodl-tmp/research-experiments/industrial-anomaly-detection/data/mvtec_ad/screw/test/good/021.png,27.053176879882812
Q4a0125,screw,2,shift_good,gamma_0.9,mild,gamma,good,/root/autodl-tmp/research-experiments/industrial-anomaly-detection/data/mvtec_ad/screw/test/good/022.png,31.321813583374023
Q4a0125,screw,2,shift_good,gamma_0.9,mild,gamma,good,/root/autodl-tmp/research-experiments/industrial-anomaly-detection/data/mvtec_ad/screw/test/good/023.png,28.8494873046875
Q4a0125,screw,2,shift_good,gamma_0.9,mild,gamma,good,/root/autodl-tmp/research-experiments/industrial-anomaly-detection/data/mvtec_ad/screw/test/good/024.png,30.07726287841797
Q4a0125,screw,2,shift_good,gamma_0.9,mild,gamma,good,/root/autodl-tmp/research-experiments/industrial-anomaly-detection/data/mvtec_ad/screw/test/good/025.png,32.890323638916016
Q4a0125,screw,2,shift_good,gamma_0.9,mild,gamma,good,/root/autodl-tmp/research-experiments/industrial-anomaly-detection/data/mvtec_ad/screw/test/good/026.png,27.281986236572266
Q4a0125,screw,2,shift_good,gamma_0.9,mild,gamma,good,/root/autodl-tmp/research-experiments/industrial-anomaly-detection/data/mvtec_ad/screw/test/good/027.png,29.83772087097168
Q4a0125,screw,2,shift_good,gamma_0.9,mild,gamma,good,/root/autodl-tmp/research-experiments/industrial-anomaly-detection/data/mvtec_ad/screw/test/good/028.png,25.36073112487793
Q4a0125,screw,2,shift_good,gamma_0.9,mild,gamma,good,/root/autodl-tmp/research-experiments/industrial-anomaly-detection/data/mvtec_ad/screw/test/good/029.png,27.914274215698242
Q4a0125,screw,2,shift_good,gamma_0.9,mild,gamma,good,/root/autodl-tmp/research-experiments/industrial-anomaly-detection/data/mvtec_ad/screw/test/good/030.png,28.73567008972168
Q4a0125,screw,2,shift_good,gamma_0.9,mild,gamma,good,/root/autodl-tmp/research-experiments/industrial-anomaly-detection/data/mvtec_ad/screw/test/good/031.png,28.3314266204834
Q4a0125,screw,2,shift_good,gamma_0.9,mild,gamma,good,/root/autodl-tmp/research-experiments/industrial-anomaly-detection/data/mvtec_ad/screw/test/good/032.png,26.197494506835938
Q4a0125,screw,2,shift_good,gamma_0.9,mild,gamma,good,/root/autodl-tmp/research-experiments/industrial-anomaly-detection/data/mvtec_ad/screw/test/good/033.png,26.259675979614258
Q4a0125,screw,2,shift_good,gamma_0.9,mild,gamma,good,/root/autodl-tmp/research-experiments/industrial-anomaly-detection/data/mvtec_ad/screw/test/good/034.png,26.921157836914062
Q4a0125,screw,2,shift_good,gamma_0.9,mild,gamma,good,/root/autodl-tmp/research-experiments/industrial-anomaly-detection/data/mvtec_ad/screw/test/good/035.png,35.88773727416992
Q4a0125,screw,2,shift_good,gamma_0.9,mild,gamma,good,/root/autodl-tmp/research-experiments/industrial-anomaly-detection/data/mvtec_ad/screw/test/good/036.png,26.279401779174805
Q4a0125,screw,2,shift_good,gamma_0.9,mild,gamma,good,/root/autodl-tmp/research-experiments/industrial-anomaly-detection/data/mvtec_ad/screw/test/good/037.png,28.608510971069336
Q4a0125,screw,2,shift_good,gamma_0.9,mild,gamma,good,/root/autodl-tmp/research-experiments/industrial-anomaly-detection/data/mvtec_ad/screw/test/good/038.png,28.77317237854004
Q4a0125,screw,2,shift_good,gamma_0.9,mild,gamma,good,/root/autodl-tmp/research-experiments/industrial-anomaly-detection/data/mvtec_ad/screw/test/good/039.png,26.75741958618164
Q4a0125,screw,2,shift_good,gamma_0.9,mild,gamma,good,/root/autodl-tmp/research-experiments/industrial-anomaly-detection/data/mvtec_ad/screw/test/good/040.png,25.623291015625
Q4a0125,screw,2,shift_good,gamma_1.1,mild,gamma,good,/root/autodl-tmp/research-experiments/industrial-anomaly-detection/data/mvtec_ad/screw/test/good/000.png,28.11454200744629
Q4a0125,screw,2,shift_good,gamma_1.1,mild,gamma,good,/root/autodl-tmp/research-experiments/industrial-anomaly-detection/data/mvtec_ad/screw/test/good/001.png,27.63806915283203
Q4a0125,screw,2,shift_good,gamma_1.1,mild,gamma,good,/root/autodl-tmp/research-experiments/industrial-anomaly-detection/data/mvtec_ad/screw/test/good/002.png,27.55775260925293
Q4a0125,screw,2,shift_good,gamma_1.1,mild,gamma,good,/root/autodl-tmp/research-experiments/industrial-anomaly-detection/data/mvtec_ad/screw/test/good/003.png,32.52107238769531
Q4a0125,screw,2,shift_good,gamma_1.1,mild,gamma,good,/root/autodl-tmp/research-experiments/industrial-anomaly-detection/data/mvtec_ad/screw/test/good/004.png,30.355112075805664
Q4a0125,screw,2,shift_good,gamma_1.1,mild,gamma,good,/root/autodl-tmp/research-experiments/industrial-anomaly-detection/data/mvtec_ad/screw/test/good/005.png,35.44795608520508
Q4a0125,screw,2,shift_good,gamma_1.1,mild,gamma,good,/root/autodl-tmp/research-experiments/industrial-anomaly-detection/data/mvtec_ad/screw/test/good/006.png,26.523128509521484
Q4a0125,screw,2,shift_good,gamma_1.1,mild,gamma,good,/root/autodl-tmp/research-experiments/industrial-anomaly-detection/data/mvtec_ad/screw/test/good/007.png,27.042200088500977
Q4a0125,screw,2,shift_good,gamma_1.1,mild,gamma,good,/root/autodl-tmp/research-experiments/industrial-anomaly-detection/data/mvtec_ad/screw/test/good/008.png,29.345422744750977
Q4a0125,screw,2,shift_good,gamma_1.1,mild,gamma,good,/root/autodl-tmp/research-experiments/industrial-anomaly-detection/data/mvtec_ad/screw/test/good/009.png,28.548128128051758
Q4a0125,screw,2,shift_good,gamma_1.1,mild,gamma,good,/root/autodl-tmp/research-experiments/industrial-anomaly-detection/data/mvtec_ad/screw/test/good/010.png,28.580881118774414
Q4a0125,screw,2,shift_good,gamma_1.1,mild,gamma,good,/root/autodl-tmp/research-experiments/industrial-anomaly-detection/data/mvtec_ad/screw/test/good/011.png,27.328556060791016
Q4a0125,screw,2,shift_good,gamma_1.1,mild,gamma,good,/root/autodl-tmp/research-experiments/industrial-anomaly-detection/data/mvtec_ad/screw/test/good/012.png,30.46352767944336
Q4a0125,screw,2,shift_good,gamma_1.1,mild,gamma,good,/root/autodl-tmp/research-experiments/industrial-anomaly-detection/data/mvtec_ad/screw/test/good/013.png,28.19664764404297
Q4a0125,screw,2,shift_good,gamma_1.1,mild,gamma,good,/root/autodl-tmp/research-experiments/industrial-anomaly-detection/data/mvtec_ad/screw/test/good/014.png,31.432525634765625
Q4a0125,screw,2,shift_good,gamma_1.1,mild,gamma,good,/root/autodl-tmp/research-experiments/industrial-anomaly-detection/data/mvtec_ad/screw/test/good/015.png,29.244585037231445
Q4a0125,screw,2,shift_good,gamma_1.1,mild,gamma,good,/root/autodl-tmp/research-experiments/industrial-anomaly-detection/data/mvtec_ad/screw/test/good/016.png,27.159786224365234
Q4a0125,screw,2,shift_good,gamma_1.1,mild,gamma,good,/root/autodl-tmp/research-experiments/industrial-anomaly-detection/data/mvtec_ad/screw/test/good/017.png,26.52706527709961
Q4a0125,screw,2,shift_good,gamma_1.1,mild,gamma,good,/root/autodl-tmp/research-experiments/industrial-anomaly-detection/data/mvtec_ad/screw/test/good/018.png,29.36164665222168
Q4a0125,screw,2,shift_good,gamma_1.1,mild,gamma,good,/root/autodl-tmp/research-experiments/industrial-anomaly-detection/data/mvtec_ad/screw/test/good/019.png,30.123077392578125
Q4a0125,screw,2,shift_good,gamma_1.1,mild,gamma,good,/root/autodl-tmp/research-experiments/industrial-anomaly-detection/data/mvtec_ad/screw/test/good/020.png,28.02075958251953
Q4a0125,screw,2,shift_good,gamma_1.1,mild,gamma,good,/root/autodl-tmp/research-experiments/industrial-anomaly-detection/data/mvtec_ad/screw/test/good/021.png,26.98656463623047
Q4a0125,screw,2,shift_good,gamma_1.1,mild,gamma,good,/root/autodl-tmp/research-experiments/industrial-anomaly-detection/data/mvtec_ad/screw/test/good/022.png,30.96624755859375
Q4a0125,screw,2,shift_good,gamma_1.1,mild,gamma,good,/root/autodl-tmp/research-experiments/industrial-anomaly-detection/data/mvtec_ad/screw/test/good/023.png,28.656904220581055
Q4a0125,screw,2,shift_good,gamma_1.1,mild,gamma,good,/root/autodl-tmp/research-experiments/industrial-anomaly-detection/data/mvtec_ad/screw/test/good/024.png,29.937274932861328
Q4a0125,screw,2,shift_good,gamma_1.1,mild,gamma,good,/root/autodl-tmp/research-experiments/industrial-anomaly-detection/data/mvtec_ad/screw/test/good/025.png,32.24296951293945
Q4a0125,screw,2,shift_good,gamma_1.1,mild,gamma,good,/root/autodl-tmp/research-experiments/industrial-anomaly-detection/data/mvtec_ad/screw/test/good/026.png,26.907817840576172
Q4a0125,screw,2,shift_good,gamma_1.1,mild,gamma,good,/root/autodl-tmp/research-experiments/industrial-anomaly-detection/data/mvtec_ad/screw/test/good/027.png,30.04160499572754
Q4a0125,screw,2,shift_good,gamma_1.1,mild,gamma,good,/root/autodl-tmp/research-experiments/industrial-anomaly-detection/data/mvtec_ad/screw/test/good/028.png,25.43757438659668
Q4a0125,screw,2,shift_good,gamma_1.1,mild,gamma,good,/root/autodl-tmp/research-experiments/industrial-anomaly-detection/data/mvtec_ad/screw/test/good/029.png,27.743335723876953
Q4a0125,screw,2,shift_good,gamma_1.1,mild,gamma,good,/root/autodl-tmp/research-experiments/industrial-anomaly-detection/data/mvtec_ad/screw/test/good/030.png,28.81205177307129
Q4a0125,screw,2,shift_good,gamma_1.1,mild,gamma,good,/root/autodl-tmp/research-experiments/industrial-anomaly-detection/data/mvtec_ad/screw/test/good/031.png,28.527402877807617
Q4a0125,screw,2,shift_good,gamma_1.1,mild,gamma,good,/root/autodl-tmp/research-experiments/industrial-anomaly-detection/data/mvtec_ad/screw/test/good/032.png,25.54343605041504
Q4a0125,screw,2,shift_good,gamma_1.1,mild,gamma,good,/root/autodl-tmp/research-experiments/industrial-anomaly-detection/data/mvtec_ad/screw/test/good/033.png,25.901147842407227
Q4a0125,screw,2,shift_good,gamma_1.1,mild,gamma,good,/root/autodl-tmp/research-experiments/industrial-anomaly-detection/data/mvtec_ad/screw/test/good/034.png,27.154022216796875
Q4a0125,screw,2,shift_good,gamma_1.1,mild,gamma,good,/root/autodl-tmp/research-experiments/industrial-anomaly-detection/data/mvtec_ad/screw/test/good/035.png,35.93885040283203
Q4a0125,screw,2,shift_good,gamma_1.1,mild,gamma,good,/root/autodl-tmp/research-experiments/industrial-anomaly-detection/data/mvtec_ad/screw/test/good/036.png,26.49671745300293
Q4a0125,screw,2,shift_good,gamma_1.1,mild,gamma,good,/root/autodl-tmp/research-experiments/industrial-anomaly-detection/data/mvtec_ad/screw/test/good/037.png,28.745471954345703
Q4a0125,screw,2,shift_good,gamma_1.1,mild,gamma,good,/root/autodl-tmp/research-experiments/industrial-anomaly-detection/data/mvtec_ad/screw/test/good/038.png,29.065059661865234
Q4a0125,screw,2,shift_good,gamma_1.1,mild,gamma,good,/root/autodl-tmp/research-experiments/industrial-anomaly-detection/data/mvtec_ad/screw/test/good/039.png,27.112709045410156
Q4a0125,screw,2,shift_good,gamma_1.1,mild,gamma,good,/root/autodl-tmp/research-experiments/industrial-anomaly-detection/data/mvtec_ad/screw/test/good/040.png,25.51030921936035
Q4a0125,screw,2,shift_good,gamma_0.7,medium,gamma,good,/root/autodl-tmp/research-experiments/industrial-anomaly-detection/data/mvtec_ad/screw/test/good/000.png,29.349098205566406
Q4a0125,screw,2,shift_good,gamma_0.7,medium,gamma,good,/root/autodl-tmp/research-experiments/industrial-anomaly-detection/data/mvtec_ad/screw/test/good/001.png,28.620206832885742
Q4a0125,screw,2,shift_good,gamma_0.7,medium,gamma,good,/root/autodl-tmp/research-experiments/industrial-anomaly-detection/data/mvtec_ad/screw/test/good/002.png,28.027084350585938
Q4a0125,screw,2,shift_good,gamma_0.7,medium,gamma,good,/root/autodl-tmp/research-experiments/industrial-anomaly-detection/data/mvtec_ad/screw/test/good/003.png,33.44207000732422
Q4a0125,screw,2,shift_good,gamma_0.7,medium,gamma,good,/root/autodl-tmp/research-experiments/industrial-anomaly-detection/data/mvtec_ad/screw/test/good/004.png,31.633623123168945
Q4a0125,screw,2,shift_good,gamma_0.7,medium,gamma,good,/root/autodl-tmp/research-experiments/industrial-anomaly-detection/data/mvtec_ad/screw/test/good/005.png,36.29849624633789
Q4a0125,screw,2,shift_good,gamma_0.7,medium,gamma,good,/root/autodl-tmp/research-experiments/industrial-anomaly-detection/data/mvtec_ad/screw/test/good/006.png,26.15875244140625
Q4a0125,screw,2,shift_good,gamma_0.7,medium,gamma,good,/root/autodl-tmp/research-experiments/industrial-anomaly-detection/data/mvtec_ad/screw/test/good/007.png,28.714548110961914
Q4a0125,screw,2,shift_good,gamma_0.7,medium,gamma,good,/root/autodl-tmp/research-experiments/industrial-anomaly-detection/data/mvtec_ad/screw/test/good/008.png,29.83905792236328
Q4a0125,screw,2,shift_good,gamma_0.7,medium,gamma,good,/root/autodl-tmp/research-experiments/industrial-anomaly-detection/data/mvtec_ad/screw/test/good/009.png,28.740428924560547
Q4a0125,screw,2,shift_good,gamma_0.7,medium,gamma,good,/root/autodl-tmp/research-experiments/industrial-anomaly-detection/data/mvtec_ad/screw/test/good/010.png,28.825664520263672
Q4a0125,screw,2,shift_good,gamma_0.7,medium,gamma,good,/root/autodl-tmp/research-experiments/industrial-anomaly-detection/data/mvtec_ad/screw/test/good/011.png,28.865703582763672
Q4a0125,screw,2,shift_good,gamma_0.7,medium,gamma,good,/root/autodl-tmp/research-experiments/industrial-anomaly-detection/data/mvtec_ad/screw/test/good/012.png,30.763139724731445
Q4a0125,screw,2,shift_good,gamma_0.7,medium,gamma,good,/root/autodl-tmp/research-experiments/industrial-anomaly-detection/data/mvtec_ad/screw/test/good/013.png,29.360118865966797
Q4a0125,screw,2,shift_good,gamma_0.7,medium,gamma,good,/root/autodl-tmp/research-experiments/industrial-anomaly-detection/data/mvtec_ad/screw/test/good/014.png,32.47304916381836
Q4a0125,screw,2,shift_good,gamma_0.7,medium,gamma,good,/root/autodl-tmp/research-experiments/industrial-anomaly-detection/data/mvtec_ad/screw/test/good/015.png,30.44672966003418
Q4a0125,screw,2,shift_good,gamma_0.7,medium,gamma,good,/root/autodl-tmp/research-experiments/industrial-anomaly-detection/data/mvtec_ad/screw/test/good/016.png,28.242441177368164
Q4a0125,screw,2,shift_good,gamma_0.7,medium,gamma,good,/root/autodl-tmp/research-experiments/industrial-anomaly-detection/data/mvtec_ad/screw/test/good/017.png,27.310894012451172
Q4a0125,screw,2,shift_good,gamma_0.7,medium,gamma,good,/root/autodl-tmp/research-experiments/industrial-anomaly-detection/data/mvtec_ad/screw/test/good/018.png,29.32884407043457
Q4a0125,screw,2,shift_good,gamma_0.7,medium,gamma,good,/root/autodl-tmp/research-experiments/industrial-anomaly-detection/data/mvtec_ad/screw/test/good/019.png,30.218175888061523
Q4a0125,screw,2,shift_good,gamma_0.7,medium,gamma,good,/root/autodl-tmp/research-experiments/industrial-anomaly-detection/data/mvtec_ad/screw/test/good/020.png,28.978458404541016
Q4a0125,screw,2,shift_good,gamma_0.7,medium,gamma,good,/root/autodl-tmp/research-experiments/industrial-anomaly-detection/data/mvtec_ad/screw/test/good/021.png,27.640357971191406
Q4a0125,screw,2,shift_good,gamma_0.7,medium,gamma,good,/root/autodl-tmp/research-experiments/industrial-anomaly-detection/data/mvtec_ad/screw/test/good/022.png,31.590660095214844
Q4a0125,screw,2,shift_good,gamma_0.7,medium,gamma,good,/root/autodl-tmp/research-experiments/industrial-anomaly-detection/data/mvtec_ad/screw/test/good/023.png,29.25133514404297
Q4a0125,screw,2,shift_good,gamma_0.7,medium,gamma,good,/root/autodl-tmp/research-experiments/industrial-anomaly-detection/data/mvtec_ad/screw/test/good/024.png,30.6456356048584
Q4a0125,screw,2,shift_good,gamma_0.7,medium,gamma,good,/root/autodl-tmp/research-experiments/industrial-anomaly-detection/data/mvtec_ad/screw/test/good/025.png,33.54558181762695
Q4a0125,screw,2,shift_good,gamma_0.7,medium,gamma,good,/root/autodl-tmp/research-experiments/industrial-anomaly-detection/data/mvtec_ad/screw/test/good/026.png,28.491268157958984
Q4a0125,screw,2,shift_good,gamma_0.7,medium,gamma,good,/root/autodl-tmp/research-experiments/industrial-anomaly-detection/data/mvtec_ad/screw/test/good/027.png,30.038400650024414
Q4a0125,screw,2,shift_good,gamma_0.7,medium,gamma,good,/root/autodl-tmp/research-experiments/industrial-anomaly-detection/data/mvtec_ad/screw/test/good/028.png,26.410236358642578
Q4a0125,screw,2,shift_good,gamma_0.7,medium,gamma,good,/root/autodl-tmp/research-experiments/industrial-anomaly-detection/data/mvtec_ad/screw/test/good/029.png,27.876258850097656
Q4a0125,screw,2,shift_good,gamma_0.7,medium,gamma,good,/root/autodl-tmp/research-experiments/industrial-anomaly-detection/data/mvtec_ad/screw/test/good/030.png,28.748376846313477
Q4a0125,screw,2,shift_good,gamma_0.7,medium,gamma,good,/root/autodl-tmp/research-experiments/industrial-anomaly-detection/data/mvtec_ad/screw/test/good/031.png,28.43410873413086
Q4a0125,screw,2,shift_good,gamma_0.7,medium,gamma,good,/root/autodl-tmp/research-experiments/industrial-anomaly-detection/data/mvtec_ad/screw/test/good/032.png,27.286523818969727
Q4a0125,screw,2,shift_good,gamma_0.7,medium,gamma,good,/root/autodl-tmp/research-experiments/industrial-anomaly-detection/data/mvtec_ad/screw/test/good/033.png,26.33931541442871
Q4a0125,screw,2,shift_good,gamma_0.7,medium,gamma,good,/root/autodl-tmp/research-experiments/industrial-anomaly-detection/data/mvtec_ad/screw/test/good/034.png,27.294227600097656
Q4a0125,screw,2,shift_good,gamma_0.7,medium,gamma,good,/root/autodl-tmp/research-experiments/industrial-anomaly-detection/data/mvtec_ad/screw/test/good/035.png,35.94475555419922
Q4a0125,screw,2,shift_good,gamma_0.7,medium,gamma,good,/root/autodl-tmp/research-experiments/industrial-anomaly-detection/data/mvtec_ad/screw/test/good/036.png,26.45262908935547
Q4a0125,screw,2,shift_good,gamma_0.7,medium,gamma,good,/root/autodl-tmp/research-experiments/industrial-anomaly-detection/data/mvtec_ad/screw/test/good/037.png,28.978790283203125
Q4a0125,screw,2,shift_good,gamma_0.7,medium,gamma,good,/root/autodl-tmp/research-experiments/industrial-anomaly-detection/data/mvtec_ad/screw/test/good/038.png,29.0477294921875
Q4a0125,screw,2,shift_good,gamma_0.7,medium,gamma,good,/root/autodl-tmp/research-experiments/industrial-anomaly-detection/data/mvtec_ad/screw/test/good/039.png,27.24009895324707
Q4a0125,screw,2,shift_good,gamma_0.7,medium,gamma,good,/root/autodl-tmp/research-experiments/industrial-anomaly-detection/data/mvtec_ad/screw/test/good/040.png,26.292518615722656
Q4a0125,screw,2,shift_good,gamma_1.3,medium,gamma,good,/root/autodl-tmp/research-experiments/industrial-anomaly-detection/data/mvtec_ad/screw/test/good/000.png,28.100847244262695
Q4a0125,screw,2,shift_good,gamma_1.3,medium,gamma,good,/root/autodl-tmp/research-experiments/industrial-anomaly-detection/data/mvtec_ad/screw/test/good/001.png,27.86943244934082
Q4a0125,screw,2,shift_good,gamma_1.3,medium,gamma,good,/root/autodl-tmp/research-experiments/industrial-anomaly-detection/data/mvtec_ad/screw/test/good/002.png,27.838966369628906
Q4a0125,screw,2,shift_good,gamma_1.3,medium,gamma,good,/root/autodl-tmp/research-experiments/industrial-anomaly-detection/data/mvtec_ad/screw/test/good/003.png,32.20170211791992
Q4a0125,screw,2,shift_good,gamma_1.3,medium,gamma,good,/root/autodl-tmp/research-experiments/industrial-anomaly-detection/data/mvtec_ad/screw/test/good/004.png,30.106313705444336
Q4a0125,screw,2,shift_good,gamma_1.3,medium,gamma,good,/root/autodl-tmp/research-experiments/industrial-anomaly-detection/data/mvtec_ad/screw/test/good/005.png,35.52830505371094
Q4a0125,screw,2,shift_good,gamma_1.3,medium,gamma,good,/root/autodl-tmp/research-experiments/industrial-anomaly-detection/data/mvtec_ad/screw/test/good/006.png,26.7000732421875
Q4a0125,screw,2,shift_good,gamma_1.3,medium,gamma,good,/root/autodl-tmp/research-experiments/industrial-anomaly-detection/data/mvtec_ad/screw/test/good/007.png,27.107200622558594
Q4a0125,screw,2,shift_good,gamma_1.3,medium,gamma,good,/root/autodl-tmp/research-experiments/industrial-anomaly-detection/data/mvtec_ad/screw/test/good/008.png,29.492919921875
Q4a0125,screw,2,shift_good,gamma_1.3,medium,gamma,good,/root/autodl-tmp/research-experiments/industrial-anomaly-detection/data/mvtec_ad/screw/test/good/009.png,28.907255172729492
Q4a0125,screw,2,shift_good,gamma_1.3,medium,gamma,good,/root/autodl-tmp/research-experiments/industrial-anomaly-detection/data/mvtec_ad/screw/test/good/010.png,28.531211853027344
Q4a0125,screw,2,shift_good,gamma_1.3,medium,gamma,good,/root/autodl-tmp/research-experiments/industrial-anomaly-detection/data/mvtec_ad/screw/test/good/011.png,27.709001541137695
Q4a0125,screw,2,shift_good,gamma_1.3,medium,gamma,good,/root/autodl-tmp/research-experiments/industrial-anomaly-detection/data/mvtec_ad/screw/test/good/012.png,30.5403995513916
Q4a0125,screw,2,shift_good,gamma_1.3,medium,gamma,good,/root/autodl-tmp/research-experiments/industrial-anomaly-detection/data/mvtec_ad/screw/test/good/013.png,28.810209274291992
Q4a0125,screw,2,shift_good,gamma_1.3,medium,gamma,good,/root/autodl-tmp/research-experiments/industrial-anomaly-detection/data/mvtec_ad/screw/test/good/014.png,30.975379943847656
Q4a0125,screw,2,shift_good,gamma_1.3,medium,gamma,good,/root/autodl-tmp/research-experiments/industrial-anomaly-detection/data/mvtec_ad/screw/test/good/015.png,29.28862190246582
Q4a0125,screw,2,shift_good,gamma_1.3,medium,gamma,good,/root/autodl-tmp/research-experiments/industrial-anomaly-detection/data/mvtec_ad/screw/test/good/016.png,27.637466430664062
Q4a0125,screw,2,shift_good,gamma_1.3,medium,gamma,good,/root/autodl-tmp/research-experiments/industrial-anomaly-detection/data/mvtec_ad/screw/test/good/017.png,26.35527801513672
Q4a0125,screw,2,shift_good,gamma_1.3,medium,gamma,good,/root/autodl-tmp/research-experiments/industrial-anomaly-detection/data/mvtec_ad/screw/test/good/018.png,29.37828254699707
Q4a0125,screw,2,shift_good,gamma_1.3,medium,gamma,good,/root/autodl-tmp/research-experiments/industrial-anomaly-detection/data/mvtec_ad/screw/test/good/019.png,30.244054794311523
Q4a0125,screw,2,shift_good,gamma_1.3,medium,gamma,good,/root/autodl-tmp/research-experiments/industrial-anomaly-detection/data/mvtec_ad/screw/test/good/020.png,28.1348819732666
Q4a0125,screw,2,shift_good,gamma_1.3,medium,gamma,good,/root/autodl-tmp/research-experiments/industrial-anomaly-detection/data/mvtec_ad/screw/test/good/021.png,27.300716400146484
Q4a0125,screw,2,shift_good,gamma_1.3,medium,gamma,good,/root/autodl-tmp/research-experiments/industrial-anomaly-detection/data/mvtec_ad/screw/test/good/022.png,30.91038703918457
Q4a0125,screw,2,shift_good,gamma_1.3,medium,gamma,good,/root/autodl-tmp/research-experiments/industrial-anomaly-detection/data/mvtec_ad/screw/test/good/023.png,28.67630386352539
Q4a0125,screw,2,shift_good,gamma_1.3,medium,gamma,good,/root/autodl-tmp/research-experiments/industrial-anomaly-detection/data/mvtec_ad/screw/test/good/024.png,30.045246124267578
Q4a0125,screw,2,shift_good,gamma_1.3,medium,gamma,good,/root/autodl-tmp/research-experiments/industrial-anomaly-detection/data/mvtec_ad/screw/test/good/025.png,31.59821128845215
Q4a0125,screw,2,shift_good,gamma_1.3,medium,gamma,good,/root/autodl-tmp/research-experiments/industrial-anomaly-detection/data/mvtec_ad/screw/test/good/026.png,27.053613662719727
Q4a0125,screw,2,shift_good,gamma_1.3,medium,gamma,good,/root/autodl-tmp/research-experiments/industrial-anomaly-detection/data/mvtec_ad/screw/test/good/027.png,30.354684829711914
Q4a0125,screw,2,shift_good,gamma_1.3,medium,gamma,good,/root/autodl-tmp/research-experiments/industrial-anomaly-detection/data/mvtec_ad/screw/test/good/028.png,25.890369415283203
Q4a0125,screw,2,shift_good,gamma_1.3,medium,gamma,good,/root/autodl-tmp/research-experiments/industrial-anomaly-detection/data/mvtec_ad/screw/test/good/029.png,27.865564346313477
Q4a0125,screw,2,shift_good,gamma_1.3,medium,gamma,good,/root/autodl-tmp/research-experiments/industrial-anomaly-detection/data/mvtec_ad/screw/test/good/030.png,28.98658561706543
Q4a0125,screw,2,shift_good,gamma_1.3,medium,gamma,good,/root/autodl-tmp/research-experiments/industrial-anomaly-detection/data/mvtec_ad/screw/test/good/031.png,28.603300094604492
Q4a0125,screw,2,shift_good,gamma_1.3,medium,gamma,good,/root/autodl-tmp/research-experiments/industrial-anomaly-detection/data/mvtec_ad/screw/test/good/032.png,25.4675235748291
Q4a0125,screw,2,shift_good,gamma_1.3,medium,gamma,good,/root/autodl-tmp/research-experiments/industrial-anomaly-detection/data/mvtec_ad/screw/test/good/033.png,25.62482452392578
Q4a0125,screw,2,shift_good,gamma_1.3,medium,gamma,good,/root/autodl-tmp/research-experiments/industrial-anomaly-detection/data/mvtec_ad/screw/test/good/034.png,27.494739532470703
Q4a0125,screw,2,shift_good,gamma_1.3,medium,gamma,good,/root/autodl-tmp/research-experiments/industrial-anomaly-detection/data/mvtec_ad/screw/test/good/035.png,35.26795196533203
Q4a0125,screw,2,shift_good,gamma_1.3,medium,gamma,good,/root/autodl-tmp/research-experiments/industrial-anomaly-detection/data/mvtec_ad/screw/test/good/036.png,26.631855010986328
Q4a0125,screw,2,shift_good,gamma_1.3,medium,gamma,good,/root/autodl-tmp/research-experiments/industrial-anomaly-detection/data/mvtec_ad/screw/test/good/037.png,28.788555145263672
Q4a0125,screw,2,shift_good,gamma_1.3,medium,gamma,good,/root/autodl-tmp/research-experiments/industrial-anomaly-detection/data/mvtec_ad/screw/test/good/038.png,29.51520538330078
Q4a0125,screw,2,shift_good,gamma_1.3,medium,gamma,good,/root/autodl-tmp/research-experiments/industrial-anomaly-detection/data/mvtec_ad/screw/test/good/039.png,27.50188446044922
Q4a0125,screw,2,shift_good,gamma_1.3,medium,gamma,good,/root/autodl-tmp/research-experiments/industrial-anomaly-detection/data/mvtec_ad/screw/test/good/040.png,25.77191162109375
Q4a0125,screw,2,shift_good,gamma_0.5,strong,gamma,good,/root/autodl-tmp/research-experiments/industrial-anomaly-detection/data/mvtec_ad/screw/test/good/000.png,30.89311981201172
Q4a0125,screw,2,shift_good,gamma_0.5,strong,gamma,good,/root/autodl-tmp/research-experiments/industrial-anomaly-detection/data/mvtec_ad/screw/test/good/001.png,29.693496704101562
Q4a0125,screw,2,shift_good,gamma_0.5,strong,gamma,good,/root/autodl-tmp/research-experiments/industrial-anomaly-detection/data/mvtec_ad/screw/test/good/002.png,29.829322814941406
Q4a0125,screw,2,shift_good,gamma_0.5,strong,gamma,good,/root/autodl-tmp/research-experiments/industrial-anomaly-detection/data/mvtec_ad/screw/test/good/003.png,34.818973541259766
Q4a0125,screw,2,shift_good,gamma_0.5,strong,gamma,good,/root/autodl-tmp/research-experiments/industrial-anomaly-detection/data/mvtec_ad/screw/test/good/004.png,32.3328742980957
Q4a0125,screw,2,shift_good,gamma_0.5,strong,gamma,good,/root/autodl-tmp/research-experiments/industrial-anomaly-detection/data/mvtec_ad/screw/test/good/005.png,36.365943908691406
Q4a0125,screw,2,shift_good,gamma_0.5,strong,gamma,good,/root/autodl-tmp/research-experiments/industrial-anomaly-detection/data/mvtec_ad/screw/test/good/006.png,27.585834503173828
Q4a0125,screw,2,shift_good,gamma_0.5,strong,gamma,good,/root/autodl-tmp/research-experiments/industrial-anomaly-detection/data/mvtec_ad/screw/test/good/007.png,30.784940719604492
Q4a0125,screw,2,shift_good,gamma_0.5,strong,gamma,good,/root/autodl-tmp/research-experiments/industrial-anomaly-detection/data/mvtec_ad/screw/test/good/008.png,30.769853591918945
Q4a0125,screw,2,shift_good,gamma_0.5,strong,gamma,good,/root/autodl-tmp/research-experiments/industrial-anomaly-detection/data/mvtec_ad/screw/test/good/009.png,30.06631088256836
Q4a0125,screw,2,shift_good,gamma_0.5,strong,gamma,good,/root/autodl-tmp/research-experiments/industrial-anomaly-detection/data/mvtec_ad/screw/test/good/010.png,31.256671905517578
Q4a0125,screw,2,shift_good,gamma_0.5,strong,gamma,good,/root/autodl-tmp/research-experiments/industrial-anomaly-detection/data/mvtec_ad/screw/test/good/011.png,30.33304214477539
Q4a0125,screw,2,shift_good,gamma_0.5,strong,gamma,good,/root/autodl-tmp/research-experiments/industrial-anomaly-detection/data/mvtec_ad/screw/test/good/012.png,31.535337448120117
Q4a0125,screw,2,shift_good,gamma_0.5,strong,gamma,good,/root/autodl-tmp/research-experiments/industrial-anomaly-detection/data/mvtec_ad/screw/test/good/013.png,30.98122215270996
Q4a0125,screw,2,shift_good,gamma_0.5,strong,gamma,good,/root/autodl-tmp/research-experiments/industrial-anomaly-detection/data/mvtec_ad/screw/test/good/014.png,34.48213195800781
Q4a0125,screw,2,shift_good,gamma_0.5,strong,gamma,good,/root/autodl-tmp/research-experiments/industrial-anomaly-detection/data/mvtec_ad/screw/test/good/015.png,31.905935287475586
Q4a0125,screw,2,shift_good,gamma_0.5,strong,gamma,good,/root/autodl-tmp/research-experiments/industrial-anomaly-detection/data/mvtec_ad/screw/test/good/016.png,29.5670166015625
Q4a0125,screw,2,shift_good,gamma_0.5,strong,gamma,good,/root/autodl-tmp/research-experiments/industrial-anomaly-detection/data/mvtec_ad/screw/test/good/017.png,28.355226516723633
Q4a0125,screw,2,shift_good,gamma_0.5,strong,gamma,good,/root/autodl-tmp/research-experiments/industrial-anomaly-detection/data/mvtec_ad/screw/test/good/018.png,31.11537742614746
Q4a0125,screw,2,shift_good,gamma_0.5,strong,gamma,good,/root/autodl-tmp/research-experiments/industrial-anomaly-detection/data/mvtec_ad/screw/test/good/019.png,31.642162322998047
Q4a0125,screw,2,shift_good,gamma_0.5,strong,gamma,good,/root/autodl-tmp/research-experiments/industrial-anomaly-detection/data/mvtec_ad/screw/test/good/020.png,31.494953155517578
Q4a0125,screw,2,shift_good,gamma_0.5,strong,gamma,good,/root/autodl-tmp/research-experiments/industrial-anomaly-detection/data/mvtec_ad/screw/test/good/021.png,29.548494338989258
Q4a0125,screw,2,shift_good,gamma_0.5,strong,gamma,good,/root/autodl-tmp/research-experiments/industrial-anomaly-detection/data/mvtec_ad/screw/test/good/022.png,32.44293212890625
Q4a0125,screw,2,shift_good,gamma_0.5,strong,gamma,good,/root/autodl-tmp/research-experiments/industrial-anomaly-detection/data/mvtec_ad/screw/test/good/023.png,30.729841232299805
Q4a0125,screw,2,shift_good,gamma_0.5,strong,gamma,good,/root/autodl-tmp/research-experiments/industrial-anomaly-detection/data/mvtec_ad/screw/test/good/024.png,31.797954559326172
Q4a0125,screw,2,shift_good,gamma_0.5,strong,gamma,good,/root/autodl-tmp/research-experiments/industrial-anomaly-detection/data/mvtec_ad/screw/test/good/025.png,34.007869720458984
Q4a0125,screw,2,shift_good,gamma_0.5,strong,gamma,good,/root/autodl-tmp/research-experiments/industrial-anomaly-detection/data/mvtec_ad/screw/test/good/026.png,29.573820114135742
Q4a0125,screw,2,shift_good,gamma_0.5,strong,gamma,good,/root/autodl-tmp/research-experiments/industrial-anomaly-detection/data/mvtec_ad/screw/test/good/027.png,31.088911056518555
Q4a0125,screw,2,shift_good,gamma_0.5,strong,gamma,good,/root/autodl-tmp/research-experiments/industrial-anomaly-detection/data/mvtec_ad/screw/test/good/028.png,28.316322326660156
Q4a0125,screw,2,shift_good,gamma_0.5,strong,gamma,good,/root/autodl-tmp/research-experiments/industrial-anomaly-detection/data/mvtec_ad/screw/test/good/029.png,29.30381202697754
Q4a0125,screw,2,shift_good,gamma_0.5,strong,gamma,good,/root/autodl-tmp/research-experiments/industrial-anomaly-detection/data/mvtec_ad/screw/test/good/030.png,30.14392852783203
Q4a0125,screw,2,shift_good,gamma_0.5,strong,gamma,good,/root/autodl-tmp/research-experiments/industrial-anomaly-detection/data/mvtec_ad/screw/test/good/031.png,30.227989196777344
Q4a0125,screw,2,shift_good,gamma_0.5,strong,gamma,good,/root/autodl-tmp/research-experiments/industrial-anomaly-detection/data/mvtec_ad/screw/test/good/032.png,29.38448143005371
Q4a0125,screw,2,shift_good,gamma_0.5,strong,gamma,good,/root/autodl-tmp/research-experiments/industrial-anomaly-detection/data/mvtec_ad/screw/test/good/033.png,28.611900329589844
Q4a0125,screw,2,shift_good,gamma_0.5,strong,gamma,good,/root/autodl-tmp/research-experiments/industrial-anomaly-detection/data/mvtec_ad/screw/test/good/034.png,28.406457901000977
Q4a0125,screw,2,shift_good,gamma_0.5,strong,gamma,good,/root/autodl-tmp/research-experiments/industrial-anomaly-detection/data/mvtec_ad/screw/test/good/035.png,36.29610061645508
Q4a0125,screw,2,shift_good,gamma_0.5,strong,gamma,good,/root/autodl-tmp/research-experiments/industrial-anomaly-detection/data/mvtec_ad/screw/test/good/036.png,27.045316696166992
Q4a0125,screw,2,shift_good,gamma_0.5,strong,gamma,good,/root/autodl-tmp/research-experiments/industrial-anomaly-detection/data/mvtec_ad/screw/test/good/037.png,30.09486961364746
Q4a0125,screw,2,shift_good,gamma_0.5,strong,gamma,good,/root/autodl-tmp/research-experiments/industrial-anomaly-detection/data/mvtec_ad/screw/test/good/038.png,30.49697494506836
Q4a0125,screw,2,shift_good,gamma_0.5,strong,gamma,good,/root/autodl-tmp/research-experiments/industrial-anomaly-detection/data/mvtec_ad/screw/test/good/039.png,28.08367347717285
Q4a0125,screw,2,shift_good,gamma_0.5,strong,gamma,good,/root/autodl-tmp/research-experiments/industrial-anomaly-detection/data/mvtec_ad/screw/test/good/040.png,28.596023559570312
Q4a0125,screw,2,shift_good,gamma_1.5,strong,gamma,good,/root/autodl-tmp/research-experiments/industrial-anomaly-detection/data/mvtec_ad/screw/test/good/000.png,28.44270133972168
Q4a0125,screw,2,shift_good,gamma_1.5,strong,gamma,good,/root/autodl-tmp/research-experiments/industrial-anomaly-detection/data/mvtec_ad/screw/test/good/001.png,28.200096130371094
Q4a0125,screw,2,shift_good,gamma_1.5,strong,gamma,good,/root/autodl-tmp/research-experiments/industrial-anomaly-detection/data/mvtec_ad/screw/test/good/002.png,28.333110809326172
Q4a0125,screw,2,shift_good,gamma_1.5,strong,gamma,good,/root/autodl-tmp/research-experiments/industrial-anomaly-detection/data/mvtec_ad/screw/test/good/003.png,31.787551879882812
Q4a0125,screw,2,shift_good,gamma_1.5,strong,gamma,good,/root/autodl-tmp/research-experiments/industrial-anomaly-detection/data/mvtec_ad/screw/test/good/004.png,30.098678588867188
Q4a0125,screw,2,shift_good,gamma_1.5,strong,gamma,good,/root/autodl-tmp/research-experiments/industrial-anomaly-detection/data/mvtec_ad/screw/test/good/005.png,35.79203414916992
Q4a0125,screw,2,shift_good,gamma_1.5,strong,gamma,good,/root/autodl-tmp/research-experiments/industrial-anomaly-detection/data/mvtec_ad/screw/test/good/006.png,26.740015029907227
Q4a0125,screw,2,shift_good,gamma_1.5,strong,gamma,good,/root/autodl-tmp/research-experiments/industrial-anomaly-detection/data/mvtec_ad/screw/test/good/007.png,27.623929977416992
Q4a0125,screw,2,shift_good,gamma_1.5,strong,gamma,good,/root/autodl-tmp/research-experiments/industrial-anomaly-detection/data/mvtec_ad/screw/test/good/008.png,29.9166259765625
Q4a0125,screw,2,shift_good,gamma_1.5,strong,gamma,good,/root/autodl-tmp/research-experiments/industrial-anomaly-detection/data/mvtec_ad/screw/test/good/009.png,29.271272659301758
Q4a0125,screw,2,shift_good,gamma_1.5,strong,gamma,good,/root/autodl-tmp/research-experiments/industrial-anomaly-detection/data/mvtec_ad/screw/test/good/010.png,28.837495803833008
Q4a0125,screw,2,shift_good,gamma_1.5,strong,gamma,good,/root/autodl-tmp/research-experiments/industrial-anomaly-detection/data/mvtec_ad/screw/test/good/011.png,28.109487533569336
Q4a0125,screw,2,shift_good,gamma_1.5,strong,gamma,good,/root/autodl-tmp/research-experiments/industrial-anomaly-detection/data/mvtec_ad/screw/test/good/012.png,30.887474060058594
Q4a0125,screw,2,shift_good,gamma_1.5,strong,gamma,good,/root/autodl-tmp/research-experiments/industrial-anomaly-detection/data/mvtec_ad/screw/test/good/013.png,29.512508392333984
Q4a0125,screw,2,shift_good,gamma_1.5,strong,gamma,good,/root/autodl-tmp/research-experiments/industrial-anomaly-detection/data/mvtec_ad/screw/test/good/014.png,30.92005729675293
Q4a0125,screw,2,shift_good,gamma_1.5,strong,gamma,good,/root/autodl-tmp/research-experiments/industrial-anomaly-detection/data/mvtec_ad/screw/test/good/015.png,29.474550247192383
Q4a0125,screw,2,shift_good,gamma_1.5,strong,gamma,good,/root/autodl-tmp/research-experiments/industrial-anomaly-detection/data/mvtec_ad/screw/test/good/016.png,28.283742904663086
Q4a0125,screw,2,shift_good,gamma_1.5,strong,gamma,good,/root/autodl-tmp/research-experiments/industrial-anomaly-detection/data/mvtec_ad/screw/test/good/017.png,26.359350204467773
Q4a0125,screw,2,shift_good,gamma_1.5,strong,gamma,good,/root/autodl-tmp/research-experiments/industrial-anomaly-detection/data/mvtec_ad/screw/test/good/018.png,29.710922241210938
Q4a0125,screw,2,shift_good,gamma_1.5,strong,gamma,good,/root/autodl-tmp/research-experiments/industrial-anomaly-detection/data/mvtec_ad/screw/test/good/019.png,30.690792083740234
Q4a0125,screw,2,shift_good,gamma_1.5,strong,gamma,good,/root/autodl-tmp/research-experiments/industrial-anomaly-detection/data/mvtec_ad/screw/test/good/020.png,28.191661834716797
Q4a0125,screw,2,shift_good,gamma_1.5,strong,gamma,good,/root/autodl-tmp/research-experiments/industrial-anomaly-detection/data/mvtec_ad/screw/test/good/021.png,27.759628295898438
Q4a0125,screw,2,shift_good,gamma_1.5,strong,gamma,good,/root/autodl-tmp/research-experiments/industrial-anomaly-detection/data/mvtec_ad/screw/test/good/022.png,30.993066787719727
Q4a0125,screw,2,shift_good,gamma_1.5,strong,gamma,good,/root/autodl-tmp/research-experiments/industrial-anomaly-detection/data/mvtec_ad/screw/test/good/023.png,28.826705932617188
Q4a0125,screw,2,shift_good,gamma_1.5,strong,gamma,good,/root/autodl-tmp/research-experiments/industrial-anomaly-detection/data/mvtec_ad/screw/test/good/024.png,30.325040817260742
Q4a0125,screw,2,shift_good,gamma_1.5,strong,gamma,good,/root/autodl-tmp/research-experiments/industrial-anomaly-detection/data/mvtec_ad/screw/test/good/025.png,31.405092239379883
Q4a0125,screw,2,shift_good,gamma_1.5,strong,gamma,good,/root/autodl-tmp/research-experiments/industrial-anomaly-detection/data/mvtec_ad/screw/test/good/026.png,27.296566009521484
Q4a0125,screw,2,shift_good,gamma_1.5,strong,gamma,good,/root/autodl-tmp/research-experiments/industrial-anomaly-detection/data/mvtec_ad/screw/test/good/027.png,30.814926147460938
Q4a0125,screw,2,shift_good,gamma_1.5,strong,gamma,good,/root/autodl-tmp/research-experiments/industrial-anomaly-detection/data/mvtec_ad/screw/test/good/028.png,26.425395965576172
Q4a0125,screw,2,shift_good,gamma_1.5,strong,gamma,good,/root/autodl-tmp/research-experiments/industrial-anomaly-detection/data/mvtec_ad/screw/test/good/029.png,28.25374412536621
Q4a0125,screw,2,shift_good,gamma_1.5,strong,gamma,good,/root/autodl-tmp/research-experiments/industrial-anomaly-detection/data/mvtec_ad/screw/test/good/030.png,29.136255264282227
Q4a0125,screw,2,shift_good,gamma_1.5,strong,gamma,good,/root/autodl-tmp/research-experiments/industrial-anomaly-detection/data/mvtec_ad/screw/test/good/031.png,28.798654556274414
Q4a0125,screw,2,shift_good,gamma_1.5,strong,gamma,good,/root/autodl-tmp/research-experiments/industrial-anomaly-detection/data/mvtec_ad/screw/test/good/032.png,25.75472640991211
Q4a0125,screw,2,shift_good,gamma_1.5,strong,gamma,good,/root/autodl-tmp/research-experiments/industrial-anomaly-detection/data/mvtec_ad/screw/test/good/033.png,25.966655731201172
Q4a0125,screw,2,shift_good,gamma_1.5,strong,gamma,good,/root/autodl-tmp/research-experiments/industrial-anomaly-detection/data/mvtec_ad/screw/test/good/034.png,28.050138473510742
Q4a0125,screw,2,shift_good,gamma_1.5,strong,gamma,good,/root/autodl-tmp/research-experiments/industrial-anomaly-detection/data/mvtec_ad/screw/test/good/035.png,34.764339447021484
Q4a0125,screw,2,shift_good,gamma_1.5,strong,gamma,good,/root/autodl-tmp/research-experiments/industrial-anomaly-detection/data/mvtec_ad/screw/test/good/036.png,26.87425994873047
Q4a0125,screw,2,shift_good,gamma_1.5,strong,gamma,good,/root/autodl-tmp/research-experiments/industrial-anomaly-detection/data/mvtec_ad/screw/test/good/037.png,28.98380470275879
Q4a0125,screw,2,shift_good,gamma_1.5,strong,gamma,good,/root/autodl-tmp/research-experiments/industrial-anomaly-detection/data/mvtec_ad/screw/test/good/038.png,30.04551124572754
Q4a0125,screw,2,shift_good,gamma_1.5,strong,gamma,good,/root/autodl-tmp/research-experiments/industrial-anomaly-detection/data/mvtec_ad/screw/test/good/039.png,28.034120559692383
Q4a0125,screw,2,shift_good,gamma_1.5,strong,gamma,good,/root/autodl-tmp/research-experiments/industrial-anomaly-detection/data/mvtec_ad/screw/test/good/040.png,26.306528091430664
