category,defect_type,image_path,seed,location,alpha,is_good,gt_label,anomaly_score,good_mean,good_std,z_score,mask_path,area_pixels,area_ratio,log_area_ratio
grid,good,D:\Research\research-experiments\industrial-anomaly-detection\data\mvtec_ad\grid\test\good\000.png,0,layer2,0.0,1,0,25.117475509643555,27.71324148632231,2.467967784097786,-1.0517827636991173,,,,
grid,good,D:\Research\research-experiments\industrial-anomaly-detection\data\mvtec_ad\grid\test\good\001.png,0,layer2,0.0,1,0,30.995498657226562,27.71324148632231,2.467967784097786,1.3299432804809264,,,,
grid,good,D:\Research\research-experiments\industrial-anomaly-detection\data\mvtec_ad\grid\test\good\002.png,0,layer2,0.0,1,0,25.6392879486084,27.71324148632231,2.467967784097786,-0.8403487075792954,,,,
grid,good,D:\Research\research-experiments\industrial-anomaly-detection\data\mvtec_ad\grid\test\good\003.png,0,layer2,0.0,1,0,31.273773193359375,27.71324148632231,2.467967784097786,1.4426978058543365,,,,
grid,good,D:\Research\research-experiments\industrial-anomaly-detection\data\mvtec_ad\grid\test\good\004.png,0,layer2,0.0,1,0,28.709524154663086,27.71324148632231,2.467967784097786,0.40368544304357123,,,,
grid,good,D:\Research\research-experiments\industrial-anomaly-detection\data\mvtec_ad\grid\test\good\005.png,0,layer2,0.0,1,0,28.70002555847168,27.71324148632231,2.467967784097786,0.39983669094372215,,,,
grid,good,D:\Research\research-experiments\industrial-anomaly-detection\data\mvtec_ad\grid\test\good\006.png,0,layer2,0.0,1,0,31.85497283935547,27.71324148632231,2.467967784097786,1.6781950638578733,,,,
grid,good,D:\Research\research-experiments\industrial-anomaly-detection\data\mvtec_ad\grid\test\good\007.png,0,layer2,0.0,1,0,25.507404327392578,27.71324148632231,2.467967784097786,-0.8937868529495896,,,,
grid,good,D:\Research\research-experiments\industrial-anomaly-detection\data\mvtec_ad\grid\test\good\008.png,0,layer2,0.0,1,0,27.411449432373047,27.71324148632231,2.467967784097786,-0.12228362780658807,,,,
grid,good,D:\Research\research-experiments\industrial-anomaly-detection\data\mvtec_ad\grid\test\good\009.png,0,layer2,0.0,1,0,26.00063133239746,27.71324148632231,2.467967784097786,-0.6939353766933095,,,,
grid,good,D:\Research\research-experiments\industrial-anomaly-detection\data\mvtec_ad\grid\test\good\010.png,0,layer2,0.0,1,0,26.296184539794922,27.71324148632231,2.467967784097786,-0.5741796775703948,,,,
grid,good,D:\Research\research-experiments\industrial-anomaly-detection\data\mvtec_ad\grid\test\good\011.png,0,layer2,0.0,1,0,25.8547306060791,27.71324148632231,2.467967784097786,-0.753053136357136,,,,
grid,good,D:\Research\research-experiments\industrial-anomaly-detection\data\mvtec_ad\grid\test\good\012.png,0,layer2,0.0,1,0,26.966796875,27.71324148632231,2.467967784097786,-0.3024531422703266,,,,
grid,good,D:\Research\research-experiments\industrial-anomaly-detection\data\mvtec_ad\grid\test\good\013.png,0,layer2,0.0,1,0,24.748920440673828,27.71324148632231,2.467967784097786,-1.2011182093821975,,,,
grid,good,D:\Research\research-experiments\industrial-anomaly-detection\data\mvtec_ad\grid\test\good\014.png,0,layer2,0.0,1,0,26.15390968322754,27.71324148632231,2.467967784097786,-0.6318282649969095,,,,
grid,good,D:\Research\research-experiments\industrial-anomaly-detection\data\mvtec_ad\grid\test\good\015.png,0,layer2,0.0,1,0,26.231903076171875,27.71324148632231,2.467967784097786,-0.6002259914798554,,,,
grid,good,D:\Research\research-experiments\industrial-anomaly-detection\data\mvtec_ad\grid\test\good\016.png,0,layer2,0.0,1,0,28.439857482910156,27.71324148632231,2.467967784097786,0.294418752655426,,,,
grid,good,D:\Research\research-experiments\industrial-anomaly-detection\data\mvtec_ad\grid\test\good\017.png,0,layer2,0.0,1,0,27.18613624572754,27.71324148632231,2.467967784097786,-0.21357865527708458,,,,
grid,good,D:\Research\research-experiments\industrial-anomaly-detection\data\mvtec_ad\grid\test\good\018.png,0,layer2,0.0,1,0,34.021339416503906,27.71324148632231,2.467967784097786,2.5559887656668274,,,,
grid,good,D:\Research\research-experiments\industrial-anomaly-detection\data\mvtec_ad\grid\test\good\019.png,0,layer2,0.0,1,0,27.690282821655273,27.71324148632231,2.467967784097786,-0.009302659789552314,,,,
grid,good,D:\Research\research-experiments\industrial-anomaly-detection\data\mvtec_ad\grid\test\good\020.png,0,layer2,0.0,1,0,27.177967071533203,27.71324148632231,2.467967784097786,-0.21688873665131223,,,,
grid,bent,D:\Research\research-experiments\industrial-anomaly-detection\data\mvtec_ad\grid\test\bent\000.png,0,layer2,0.0,0,1,35.22071075439453,27.71324148632231,2.467967784097786,3.0419640468754023,D:\Research\research-experiments\industrial-anomaly-detection\data\mvtec_ad\grid\ground_truth\bent\000_mask.png,5460,0.005207061767578125,-5.257739350413088
grid,bent,D:\Research\research-experiments\industrial-anomaly-detection\data\mvtec_ad\grid\test\bent\001.png,0,layer2,0.0,0,1,45.56879425048828,27.71324148632231,2.467967784097786,7.2349213305040845,D:\Research\research-experiments\industrial-anomaly-detection\data\mvtec_ad\grid\ground_truth\bent\001_mask.png,4554,0.0043430328369140625,-5.439182134321405
grid,bent,D:\Research\research-experiments\industrial-anomaly-detection\data\mvtec_ad\grid\test\bent\002.png,0,layer2,0.0,0,1,39.86757278442383,27.71324148632231,2.467967784097786,4.924833855780971,D:\Research\research-experiments\industrial-anomaly-detection\data\mvtec_ad\grid\ground_truth\bent\002_mask.png,4315,0.004115104675292969,-5.493090764674223
grid,bent,D:\Research\research-experiments\industrial-anomaly-detection\data\mvtec_ad\grid\test\bent\003.png,0,layer2,0.0,0,1,53.75339126586914,27.71324148632231,2.467967784097786,10.55125190342236,D:\Research\research-experiments\industrial-anomaly-detection\data\mvtec_ad\grid\ground_truth\bent\003_mask.png,7860,0.007495880126953125,-4.893401592369047
grid,bent,D:\Research\research-experiments\industrial-anomaly-detection\data\mvtec_ad\grid\test\bent\004.png,0,layer2,0.0,0,1,39.142333984375,27.71324148632231,2.467967784097786,4.630973131697835,D:\Research\research-experiments\industrial-anomaly-detection\data\mvtec_ad\grid\ground_truth\bent\004_mask.png,8709,0.008305549621582031,-4.79083123810475
grid,bent,D:\Research\research-experiments\industrial-anomaly-detection\data\mvtec_ad\grid\test\bent\005.png,0,layer2,0.0,0,1,45.522239685058594,27.71324148632231,2.467967784097786,7.216057808164101,D:\Research\research-experiments\industrial-anomaly-detection\data\mvtec_ad\grid\ground_truth\bent\005_mask.png,14959,0.014266014099121094,-4.249875136727783
grid,bent,D:\Research\research-experiments\industrial-anomaly-detection\data\mvtec_ad\grid\test\bent\006.png,0,layer2,0.0,0,1,46.09935760498047,27.71324148632231,2.467967784097786,7.449901184743205,D:\Research\research-experiments\industrial-anomaly-detection\data\mvtec_ad\grid\ground_truth\bent\006_mask.png,22629,0.02158069610595703,-3.8359560163394586
grid,bent,D:\Research\research-experiments\industrial-anomaly-detection\data\mvtec_ad\grid\test\bent\007.png,0,layer2,0.0,0,1,37.82339859008789,27.71324148632231,2.467967784097786,4.096551490221962,D:\Research\research-experiments\industrial-anomaly-detection\data\mvtec_ad\grid\ground_truth\bent\007_mask.png,11967,0.011412620544433594,-4.473035383003099
grid,bent,D:\Research\research-experiments\industrial-anomaly-detection\data\mvtec_ad\grid\test\bent\008.png,0,layer2,0.0,0,1,37.38182067871094,27.71324148632231,2.467967784097786,3.9176277967190587,D:\Research\research-experiments\industrial-anomaly-detection\data\mvtec_ad\grid\ground_truth\bent\008_mask.png,6220,0.005931854248046875,-5.1274182568843445
grid,bent,D:\Research\research-experiments\industrial-anomaly-detection\data\mvtec_ad\grid\test\bent\009.png,0,layer2,0.0,0,1,43.902950286865234,27.71324148632231,2.467967784097786,6.559935224787138,D:\Research\research-experiments\industrial-anomaly-detection\data\mvtec_ad\grid\ground_truth\bent\009_mask.png,14468,0.013797760009765625,-4.283248945651388
grid,bent,D:\Research\research-experiments\industrial-anomaly-detection\data\mvtec_ad\grid\test\bent\010.png,0,layer2,0.0,0,1,49.61399841308594,27.71324148632231,2.467967784097786,8.874004380397485,D:\Research\research-experiments\industrial-anomaly-detection\data\mvtec_ad\grid\ground_truth\bent\010_mask.png,19594,0.018686294555664062,-3.9799648817791624
grid,bent,D:\Research\research-experiments\industrial-anomaly-detection\data\mvtec_ad\grid\test\bent\011.png,0,layer2,0.0,0,1,48.98445129394531,27.71324148632231,2.467967784097786,8.618917128774074,D:\Research\research-experiments\industrial-anomaly-detection\data\mvtec_ad\grid\ground_truth\bent\011_mask.png,15136,0.014434814453125,-4.2381122506302935
grid,broken,D:\Research\research-experiments\industrial-anomaly-detection\data\mvtec_ad\grid\test\broken\000.png,0,layer2,0.0,0,1,41.43704605102539,27.71324148632231,2.467967784097786,5.560771357361978,D:\Research\research-experiments\industrial-anomaly-detection\data\mvtec_ad\grid\ground_truth\broken\000_mask.png,7428,0.007083892822265625,-4.9499315475609995
grid,broken,D:\Research\research-experiments\industrial-anomaly-detection\data\mvtec_ad\grid\test\broken\001.png,0,layer2,0.0,0,1,59.3195915222168,27.71324148632231,2.467967784097786,12.80662990803537,D:\Research\research-experiments\industrial-anomaly-detection\data\mvtec_ad\grid\ground_truth\broken\001_mask.png,24376,0.02324676513671875,-3.7615892475166244
grid,broken,D:\Research\research-experiments\industrial-anomaly-detection\data\mvtec_ad\grid\test\broken\002.png,0,layer2,0.0,0,1,40.38071060180664,27.71324148632231,2.467967784097786,5.132753027452979,D:\Research\research-experiments\industrial-anomaly-detection\data\mvtec_ad\grid\ground_truth\broken\002_mask.png,2682,0.0025577545166015625,-5.968625156389424
grid,broken,D:\Research\research-experiments\industrial-anomaly-detection\data\mvtec_ad\grid\test\broken\003.png,0,layer2,0.0,0,1,51.630126953125,27.71324148632231,2.467967784097786,9.690922880318706,D:\Research\research-experiments\industrial-anomaly-detection\data\mvtec_ad\grid\ground_truth\broken\003_mask.png,11860,0.011310577392578125,-4.482016850234378
grid,broken,D:\Research\research-experiments\industrial-anomaly-detection\data\mvtec_ad\grid\test\broken\004.png,0,layer2,0.0,0,1,54.735870361328125,27.71324148632231,2.467967784097786,10.949344253650565,D:\Research\research-experiments\industrial-anomaly-detection\data\mvtec_ad\grid\ground_truth\broken\004_mask.png,4616,0.00440216064453125,-5.425659575849818
grid,broken,D:\Research\research-experiments\industrial-anomaly-detection\data\mvtec_ad\grid\test\broken\005.png,0,layer2,0.0,0,1,41.71632766723633,27.71324148632231,2.467967784097786,5.673933943198987,D:\Research\research-experiments\industrial-anomaly-detection\data\mvtec_ad\grid\ground_truth\broken\005_mask.png,6628,0.006320953369140625,-5.063885074448482
grid,broken,D:\Research\research-experiments\industrial-anomaly-detection\data\mvtec_ad\grid\test\broken\006.png,0,layer2,0.0,0,1,47.48137283325195,27.71324148632231,2.467967784097786,8.009882249802653,D:\Research\research-experiments\industrial-anomaly-detection\data\mvtec_ad\grid\ground_truth\broken\006_mask.png,5489,0.005234718322753906,-5.2524420516167885
grid,broken,D:\Research\research-experiments\industrial-anomaly-detection\data\mvtec_ad\grid\test\broken\007.png,0,layer2,0.0,0,1,44.28407669067383,27.71324148632231,2.467967784097786,6.714364470689114,D:\Research\research-experiments\industrial-anomaly-detection\data\mvtec_ad\grid\ground_truth\broken\007_mask.png,4852,0.004627227783203125,-5.37579712502287
grid,broken,D:\Research\research-experiments\industrial-anomaly-detection\data\mvtec_ad\grid\test\broken\008.png,0,layer2,0.0,0,1,35.500003814697266,27.71324148632231,2.467967784097786,3.1551312697631335,D:\Research\research-experiments\industrial-anomaly-detection\data\mvtec_ad\grid\ground_truth\broken\008_mask.png,4135,0.003943443298339844,-5.535700750155657
grid,broken,D:\Research\research-experiments\industrial-anomaly-detection\data\mvtec_ad\grid\test\broken\009.png,0,layer2,0.0,0,1,52.61316680908203,27.71324148632231,2.467967784097786,10.089242446032324,D:\Research\research-experiments\industrial-anomaly-detection\data\mvtec_ad\grid\ground_truth\broken\009_mask.png,6307,0.006014823913574219,-5.113528038279362
grid,broken,D:\Research\research-experiments\industrial-anomaly-detection\data\mvtec_ad\grid\test\broken\010.png,0,layer2,0.0,0,1,47.500816345214844,27.71324148632231,2.467967784097786,8.017760598980537,D:\Research\research-experiments\industrial-anomaly-detection\data\mvtec_ad\grid\ground_truth\broken\010_mask.png,5170,0.0049304962158203125,-5.31231544087711
grid,broken,D:\Research\research-experiments\industrial-anomaly-detection\data\mvtec_ad\grid\test\broken\011.png,0,layer2,0.0,0,1,45.41409683227539,27.71324148632231,2.467967784097786,7.172239224518068,D:\Research\research-experiments\industrial-anomaly-detection\data\mvtec_ad\grid\ground_truth\broken\011_mask.png,4002,0.0038166046142578125,-5.5683938340422685
grid,glue,D:\Research\research-experiments\industrial-anomaly-detection\data\mvtec_ad\grid\test\glue\000.png,0,layer2,0.0,0,1,38.765995025634766,27.71324148632231,2.467967784097786,4.478483718681525,D:\Research\research-experiments\industrial-anomaly-detection\data\mvtec_ad\grid\ground_truth\glue\000_mask.png,5771,0.005503654479980469,-5.2023427747905036
grid,glue,D:\Research\research-experiments\industrial-anomaly-detection\data\mvtec_ad\grid\test\glue\001.png,0,layer2,0.0,0,1,31.81817626953125,27.71324148632231,2.467967784097786,1.6632854001007873,D:\Research\research-experiments\industrial-anomaly-detection\data\mvtec_ad\grid\ground_truth\glue\001_mask.png,5019,0.004786491394042969,-5.341957412622695
grid,glue,D:\Research\research-experiments\industrial-anomaly-detection\data\mvtec_ad\grid\test\glue\002.png,0,layer2,0.0,0,1,39.66852951049805,27.71324148632231,2.467967784097786,4.844183178244454,D:\Research\research-experiments\industrial-anomaly-detection\data\mvtec_ad\grid\ground_truth\glue\002_mask.png,5399,0.005148887634277344,-5.268974386763931
grid,glue,D:\Research\research-experiments\industrial-anomaly-detection\data\mvtec_ad\grid\test\glue\003.png,0,layer2,0.0,0,1,38.780330657958984,27.71324148632231,2.467967784097786,4.484292397553506,D:\Research\research-experiments\industrial-anomaly-detection\data\mvtec_ad\grid\ground_truth\glue\003_mask.png,4794,0.0045719146728515625,-5.3878229774778585
grid,glue,D:\Research\research-experiments\industrial-anomaly-detection\data\mvtec_ad\grid\test\glue\004.png,0,layer2,0.0,0,1,37.31013488769531,27.71324148632231,2.467967784097786,3.888581310992005,D:\Research\research-experiments\industrial-anomaly-detection\data\mvtec_ad\grid\ground_truth\glue\004_mask.png,7696,0.0073394775390625,-4.914487482603893
grid,glue,D:\Research\research-experiments\industrial-anomaly-detection\data\mvtec_ad\grid\test\glue\005.png,0,layer2,0.0,0,1,44.80266189575195,27.71324148632231,2.467967784097786,6.924490878505132,D:\Research\research-experiments\industrial-anomaly-detection\data\mvtec_ad\grid\ground_truth\glue\005_mask.png,2542,0.0024242401123046875,-6.022236746949199
grid,glue,D:\Research\research-experiments\industrial-anomaly-detection\data\mvtec_ad\grid\test\glue\006.png,0,layer2,0.0,0,1,32.167030334472656,27.71324148632231,2.467967784097786,1.8046381629647226,D:\Research\research-experiments\industrial-anomaly-detection\data\mvtec_ad\grid\ground_truth\glue\006_mask.png,4838,0.0046138763427734375,-5.3786867032914625
grid,glue,D:\Research\research-experiments\industrial-anomaly-detection\data\mvtec_ad\grid\test\glue\007.png,0,layer2,0.0,0,1,35.812652587890625,27.71324148632231,2.467967784097786,3.2818139498239898,D:\Research\research-experiments\industrial-anomaly-detection\data\mvtec_ad\grid\ground_truth\glue\007_mask.png,5125,0.004887580871582031,-5.321057602592123
grid,glue,D:\Research\research-experiments\industrial-anomaly-detection\data\mvtec_ad\grid\test\glue\008.png,0,layer2,0.0,0,1,28.241714477539062,27.71324148632231,2.467967784097786,0.2141328564424295,D:\Research\research-experiments\industrial-anomaly-detection\data\mvtec_ad\grid\ground_truth\glue\008_mask.png,2384,0.0022735595703125,-6.086408143174836
grid,glue,D:\Research\research-experiments\industrial-anomaly-detection\data\mvtec_ad\grid\test\glue\009.png,0,layer2,0.0,0,1,45.030967712402344,27.71324148632231,2.467967784097786,7.016998494739617,D:\Research\research-experiments\industrial-anomaly-detection\data\mvtec_ad\grid\ground_truth\glue\009_mask.png,6548,0.006244659423828125,-5.076028512571058
grid,glue,D:\Research\research-experiments\industrial-anomaly-detection\data\mvtec_ad\grid\test\glue\010.png,0,layer2,0.0,0,1,44.51286315917969,27.71324148632231,2.467967784097786,6.807066843053954,D:\Research\research-experiments\industrial-anomaly-detection\data\mvtec_ad\grid\ground_truth\glue\010_mask.png,6811,0.006495475769042969,-5.036649226004289
grid,metal_contamination,D:\Research\research-experiments\industrial-anomaly-detection\data\mvtec_ad\grid\test\metal_contamination\000.png,0,layer2,0.0,0,1,46.084266662597656,27.71324148632231,2.467967784097786,7.443786460523525,D:\Research\research-experiments\industrial-anomaly-detection\data\mvtec_ad\grid\ground_truth\metal_contamination\000_mask.png,2624,0.00250244140625,-5.990488061525251
grid,metal_contamination,D:\Research\research-experiments\industrial-anomaly-detection\data\mvtec_ad\grid\test\metal_contamination\001.png,0,layer2,0.0,0,1,52.33924102783203,27.71324148632231,2.467967784097786,9.978249999933544,D:\Research\research-experiments\industrial-anomaly-detection\data\mvtec_ad\grid\ground_truth\metal_contamination\001_mask.png,7452,0.007106781005859375,-4.946705738766755
grid,metal_contamination,D:\Research\research-experiments\industrial-anomaly-detection\data\mvtec_ad\grid\test\metal_contamination\002.png,0,layer2,0.0,0,1,57.87055969238281,27.71324148632231,2.467967784097786,12.219494273943734,D:\Research\research-experiments\industrial-anomaly-detection\data\mvtec_ad\grid\ground_truth\metal_contamination\002_mask.png,4647,0.004431724548339844,-5.418966256468161
grid,metal_contamination,D:\Research\research-experiments\industrial-anomaly-detection\data\mvtec_ad\grid\test\metal_contamination\003.png,0,layer2,0.0,0,1,45.6938591003418,27.71324148632231,2.467967784097786,7.285596566485431,D:\Research\research-experiments\industrial-anomaly-detection\data\mvtec_ad\grid\ground_truth\metal_contamination\003_mask.png,8548,0.008152008056640625,-4.809490872090713
grid,metal_contamination,D:\Research\research-experiments\industrial-anomaly-detection\data\mvtec_ad\grid\test\metal_contamination\004.png,0,layer2,0.0,0,1,43.60065841674805,27.71324148632231,2.467967784097786,6.437449075630334,D:\Research\research-experiments\industrial-anomaly-detection\data\mvtec_ad\grid\ground_truth\metal_contamination\004_mask.png,4391,0.004187583923339844,-5.475631101836033
grid,metal_contamination,D:\Research\research-experiments\industrial-anomaly-detection\data\mvtec_ad\grid\test\metal_contamination\005.png,0,layer2,0.0,0,1,46.56898880004883,27.71324148632231,2.467967784097786,7.640191835251045,D:\Research\research-experiments\industrial-anomaly-detection\data\mvtec_ad\grid\ground_truth\metal_contamination\005_mask.png,4072,0.00388336181640625,-5.551053795459739
grid,metal_contamination,D:\Research\research-experiments\industrial-anomaly-detection\data\mvtec_ad\grid\test\metal_contamination\006.png,0,layer2,0.0,0,1,40.449066162109375,27.71324148632231,2.467967784097786,5.160450131419724,D:\Research\research-experiments\industrial-anomaly-detection\data\mvtec_ad\grid\ground_truth\metal_contamination\006_mask.png,3131,0.0029859542846679688,-5.813835554971247
grid,metal_contamination,D:\Research\research-experiments\industrial-anomaly-detection\data\mvtec_ad\grid\test\metal_contamination\007.png,0,layer2,0.0,0,1,36.96284103393555,27.71324148632231,2.467967784097786,3.7478607327099325,D:\Research\research-experiments\industrial-anomaly-detection\data\mvtec_ad\grid\ground_truth\metal_contamination\007_mask.png,1976,0.00188446044921875,-6.274113202235363
grid,metal_contamination,D:\Research\research-experiments\industrial-anomaly-detection\data\mvtec_ad\grid\test\metal_contamination\008.png,0,layer2,0.0,0,1,45.170928955078125,27.71324148632231,2.467967784097786,7.073709625078357,D:\Research\research-experiments\industrial-anomaly-detection\data\mvtec_ad\grid\ground_truth\metal_contamination\008_mask.png,4243,0.004046440124511719,-5.509917518865808
grid,metal_contamination,D:\Research\research-experiments\industrial-anomaly-detection\data\mvtec_ad\grid\test\metal_contamination\009.png,0,layer2,0.0,0,1,35.19498825073242,27.71324148632231,2.467967784097786,3.031541502534325,D:\Research\research-experiments\industrial-anomaly-detection\data\mvtec_ad\grid\ground_truth\metal_contamination\009_mask.png,4249,0.004052162170410156,-5.508504424302294
grid,metal_contamination,D:\Research\research-experiments\industrial-anomaly-detection\data\mvtec_ad\grid\test\metal_contamination\010.png,0,layer2,0.0,0,1,42.736026763916016,27.71324148632231,2.467967784097786,6.087107528061019,D:\Research\research-experiments\industrial-anomaly-detection\data\mvtec_ad\grid\ground_truth\metal_contamination\010_mask.png,5163,0.004923820495605469,-5.313670323224953
grid,thread,D:\Research\research-experiments\industrial-anomaly-detection\data\mvtec_ad\grid\test\thread\000.png,0,layer2,0.0,0,1,44.84522247314453,27.71324148632231,2.467967784097786,6.941736070142889,D:\Research\research-experiments\industrial-anomaly-detection\data\mvtec_ad\grid\ground_truth\thread\000_mask.png,7354,0.0070133209228515625,-4.9599438067518955
grid,thread,D:\Research\research-experiments\industrial-anomaly-detection\data\mvtec_ad\grid\test\thread\001.png,0,layer2,0.0,0,1,58.47026824951172,27.71324148632231,2.467967784097786,12.462491188649468,D:\Research\research-experiments\industrial-anomaly-detection\data\mvtec_ad\grid\ground_truth\thread\001_mask.png,14256,0.0135955810546875,-4.298010387935007
grid,thread,D:\Research\research-experiments\industrial-anomaly-detection\data\mvtec_ad\grid\test\thread\002.png,0,layer2,0.0,0,1,36.03313446044922,27.71324148632231,2.467967784097786,3.3711513690477157,D:\Research\research-experiments\industrial-anomaly-detection\data\mvtec_ad\grid\ground_truth\thread\002_mask.png,15995,0.015254020690917969,-4.182912093258803
grid,thread,D:\Research\research-experiments\industrial-anomaly-detection\data\mvtec_ad\grid\test\thread\003.png,0,layer2,0.0,0,1,32.889583587646484,27.71324148632231,2.467967784097786,2.097410725811596,D:\Research\research-experiments\industrial-anomaly-detection\data\mvtec_ad\grid\ground_truth\thread\003_mask.png,18349,0.01749897003173828,-4.045613197967734
grid,thread,D:\Research\research-experiments\industrial-anomaly-detection\data\mvtec_ad\grid\test\thread\004.png,0,layer2,0.0,0,1,40.27680587768555,27.71324148632231,2.467967784097786,5.090651698257923,D:\Research\research-experiments\industrial-anomaly-detection\data\mvtec_ad\grid\ground_truth\thread\004_mask.png,32883,0.03135967254638672,-3.4622324934269857
grid,thread,D:\Research\research-experiments\industrial-anomaly-detection\data\mvtec_ad\grid\test\thread\005.png,0,layer2,0.0,0,1,55.79450988769531,27.71324148632231,2.467967784097786,11.378296176438406,D:\Research\research-experiments\industrial-anomaly-detection\data\mvtec_ad\grid\ground_truth\thread\005_mask.png,15724,0.014995574951171875,-4.2000000579708185
grid,thread,D:\Research\research-experiments\industrial-anomaly-detection\data\mvtec_ad\grid\test\thread\006.png,0,layer2,0.0,0,1,38.31199264526367,27.71324148632231,2.467967784097786,4.294525733777332,D:\Research\research-experiments\industrial-anomaly-detection\data\mvtec_ad\grid\ground_truth\thread\006_mask.png,16043,0.015299797058105469,-4.179915649487488
grid,thread,D:\Research\research-experiments\industrial-anomaly-detection\data\mvtec_ad\grid\test\thread\007.png,0,layer2,0.0,0,1,37.568450927734375,27.71324148632231,2.467967784097786,3.993248819905009,D:\Research\research-experiments\industrial-anomaly-detection\data\mvtec_ad\grid\ground_truth\thread\007_mask.png,33899,0.03232860565185547,-3.431802785858171
grid,thread,D:\Research\research-experiments\industrial-anomaly-detection\data\mvtec_ad\grid\test\thread\008.png,0,layer2,0.0,0,1,39.24420166015625,27.71324148632231,2.467967784097786,4.672249065864248,D:\Research\research-experiments\industrial-anomaly-detection\data\mvtec_ad\grid\ground_truth\thread\008_mask.png,37555,0.03581523895263672,-3.3293817791577185
grid,thread,D:\Research\research-experiments\industrial-anomaly-detection\data\mvtec_ad\grid\test\thread\009.png,0,layer2,0.0,0,1,39.46720886230469,27.71324148632231,2.467967784097786,4.762609727614119,D:\Research\research-experiments\industrial-anomaly-detection\data\mvtec_ad\grid\ground_truth\thread\009_mask.png,16580,0.015811920166015625,-4.146991119266197
grid,thread,D:\Research\research-experiments\industrial-anomaly-detection\data\mvtec_ad\grid\test\thread\010.png,0,layer2,0.0,0,1,43.022220611572266,27.71324148632231,2.467967784097786,6.203070892534544,D:\Research\research-experiments\industrial-anomaly-detection\data\mvtec_ad\grid\ground_truth\thread\010_mask.png,25467,0.02428722381591797,-3.7178047946189183
grid,good,D:\Research\research-experiments\industrial-anomaly-detection\data\mvtec_ad\grid\test\good\000.png,0,layer2,0.25,1,0,27.093626022338867,29.046157201131184,1.7752852473029541,-1.099840818121278,,,,
grid,good,D:\Research\research-experiments\industrial-anomaly-detection\data\mvtec_ad\grid\test\good\001.png,0,layer2,0.25,1,0,32.17549514770508,29.046157201131184,1.7752852473029541,1.7627240193248055,,,,
grid,good,D:\Research\research-experiments\industrial-anomaly-detection\data\mvtec_ad\grid\test\good\002.png,0,layer2,0.25,1,0,27.426240921020508,29.046157201131184,1.7752852473029541,-0.9124822518362513,,,,
grid,good,D:\Research\research-experiments\industrial-anomaly-detection\data\mvtec_ad\grid\test\good\003.png,0,layer2,0.25,1,0,29.754594802856445,29.046157201131184,1.7752852473029541,0.3990556462977051,,,,
grid,good,D:\Research\research-experiments\industrial-anomaly-detection\data\mvtec_ad\grid\test\good\004.png,0,layer2,0.25,1,0,30.320959091186523,29.046157201131184,1.7752852473029541,0.7180828500614435,,,,
grid,good,D:\Research\research-experiments\industrial-anomaly-detection\data\mvtec_ad\grid\test\good\005.png,0,layer2,0.25,1,0,30.350997924804688,29.046157201131184,1.7752852473029541,0.7350034174259273,,,,
grid,good,D:\Research\research-experiments\industrial-anomaly-detection\data\mvtec_ad\grid\test\good\006.png,0,layer2,0.25,1,0,32.52341079711914,29.046157201131184,1.7752852473029541,1.9587013418100918,,,,
grid,good,D:\Research\research-experiments\industrial-anomaly-detection\data\mvtec_ad\grid\test\good\007.png,0,layer2,0.25,1,0,27.498363494873047,29.046157201131184,1.7752852473029541,-0.871856344556219,,,,
grid,good,D:\Research\research-experiments\industrial-anomaly-detection\data\mvtec_ad\grid\test\good\008.png,0,layer2,0.25,1,0,28.35407257080078,29.046157201131184,1.7752852473029541,-0.38984418497355855,,,,
grid,good,D:\Research\research-experiments\industrial-anomaly-detection\data\mvtec_ad\grid\test\good\009.png,0,layer2,0.25,1,0,28.372432708740234,29.046157201131184,1.7752852473029541,-0.379502107289228,,,,
grid,good,D:\Research\research-experiments\industrial-anomaly-detection\data\mvtec_ad\grid\test\good\010.png,0,layer2,0.25,1,0,27.540916442871094,29.046157201131184,1.7752852473029541,-0.8478867047123155,,,,
grid,good,D:\Research\research-experiments\industrial-anomaly-detection\data\mvtec_ad\grid\test\good\011.png,0,layer2,0.25,1,0,28.685609817504883,29.046157201131184,1.7752852473029541,-0.2030926490117862,,,,
grid,good,D:\Research\research-experiments\industrial-anomaly-detection\data\mvtec_ad\grid\test\good\012.png,0,layer2,0.25,1,0,28.486143112182617,29.046157201131184,1.7752852473029541,-0.3154502014813395,,,,
grid,good,D:\Research\research-experiments\industrial-anomaly-detection\data\mvtec_ad\grid\test\good\013.png,0,layer2,0.25,1,0,27.44813346862793,29.046157201131184,1.7752852473029541,-0.9001504039595896,,,,
grid,good,D:\Research\research-experiments\industrial-anomaly-detection\data\mvtec_ad\grid\test\good\014.png,0,layer2,0.25,1,0,29.43631935119629,29.046157201131184,1.7752852473029541,0.21977434367679607,,,,
grid,good,D:\Research\research-experiments\industrial-anomaly-detection\data\mvtec_ad\grid\test\good\015.png,0,layer2,0.25,1,0,26.194677352905273,29.046157201131184,1.7752852473029541,-1.6062093979308005,,,,
grid,good,D:\Research\research-experiments\industrial-anomaly-detection\data\mvtec_ad\grid\test\good\016.png,0,layer2,0.25,1,0,29.64388084411621,29.046157201131184,1.7752852473029541,0.33669160710544965,,,,
grid,good,D:\Research\research-experiments\industrial-anomaly-detection\data\mvtec_ad\grid\test\good\017.png,0,layer2,0.25,1,0,29.830947875976562,29.046157201131184,1.7752852473029541,0.4420645504927432,,,,
grid,good,D:\Research\research-experiments\industrial-anomaly-detection\data\mvtec_ad\grid\test\good\018.png,0,layer2,0.25,1,0,32.40205764770508,29.046157201131184,1.7752852473029541,1.8903443554618842,,,,
grid,good,D:\Research\research-experiments\industrial-anomaly-detection\data\mvtec_ad\grid\test\good\019.png,0,layer2,0.25,1,0,28.657732009887695,29.046157201131184,1.7752852473029541,-0.2187959325599033,,,,
grid,good,D:\Research\research-experiments\industrial-anomaly-detection\data\mvtec_ad\grid\test\good\020.png,0,layer2,0.25,1,0,27.772689819335938,29.046157201131184,1.7752852473029541,-0.7173311352245625,,,,
grid,bent,D:\Research\research-experiments\industrial-anomaly-detection\data\mvtec_ad\grid\test\bent\000.png,0,layer2,0.25,0,1,38.2000617980957,29.046157201131184,1.7752852473029541,5.156300718924634,D:\Research\research-experiments\industrial-anomaly-detection\data\mvtec_ad\grid\ground_truth\bent\000_mask.png,5460,0.005207061767578125,-5.257739350413088
grid,bent,D:\Research\research-experiments\industrial-anomaly-detection\data\mvtec_ad\grid\test\bent\001.png,0,layer2,0.25,0,1,47.1912956237793,29.046157201131184,1.7752852473029541,10.220970658216498,D:\Research\research-experiments\industrial-anomaly-detection\data\mvtec_ad\grid\ground_truth\bent\001_mask.png,4554,0.0043430328369140625,-5.439182134321405
grid,bent,D:\Research\research-experiments\industrial-anomaly-detection\data\mvtec_ad\grid\test\bent\002.png,0,layer2,0.25,0,1,40.68612289428711,29.046157201131184,1.7752852473029541,6.556673475904549,D:\Research\research-experiments\industrial-anomaly-detection\data\mvtec_ad\grid\ground_truth\bent\002_mask.png,4315,0.004115104675292969,-5.493090764674223
grid,bent,D:\Research\research-experiments\industrial-anomaly-detection\data\mvtec_ad\grid\test\bent\003.png,0,layer2,0.25,0,1,53.25027847290039,29.046157201131184,1.7752852473029541,13.633933650122172,D:\Research\research-experiments\industrial-anomaly-detection\data\mvtec_ad\grid\ground_truth\bent\003_mask.png,7860,0.007495880126953125,-4.893401592369047
grid,bent,D:\Research\research-experiments\industrial-anomaly-detection\data\mvtec_ad\grid\test\bent\004.png,0,layer2,0.25,0,1,41.23467254638672,29.046157201131184,1.7752852473029541,6.865665877510417,D:\Research\research-experiments\industrial-anomaly-detection\data\mvtec_ad\grid\ground_truth\bent\004_mask.png,8709,0.008305549621582031,-4.79083123810475
grid,bent,D:\Research\research-experiments\industrial-anomaly-detection\data\mvtec_ad\grid\test\bent\005.png,0,layer2,0.25,0,1,47.424041748046875,29.046157201131184,1.7752852473029541,10.35207416658011,D:\Research\research-experiments\industrial-anomaly-detection\data\mvtec_ad\grid\ground_truth\bent\005_mask.png,14959,0.014266014099121094,-4.249875136727783
grid,bent,D:\Research\research-experiments\industrial-anomaly-detection\data\mvtec_ad\grid\test\bent\006.png,0,layer2,0.25,0,1,46.64571762084961,29.046157201131184,1.7752852473029541,9.913652156156877,D:\Research\research-experiments\industrial-anomaly-detection\data\mvtec_ad\grid\ground_truth\bent\006_mask.png,22629,0.02158069610595703,-3.8359560163394586
grid,bent,D:\Research\research-experiments\industrial-anomaly-detection\data\mvtec_ad\grid\test\bent\007.png,0,layer2,0.25,0,1,39.82870101928711,29.046157201131184,1.7752852473029541,6.073696514144396,D:\Research\research-experiments\industrial-anomaly-detection\data\mvtec_ad\grid\ground_truth\bent\007_mask.png,11967,0.011412620544433594,-4.473035383003099
grid,bent,D:\Research\research-experiments\industrial-anomaly-detection\data\mvtec_ad\grid\test\bent\008.png,0,layer2,0.25,0,1,38.311676025390625,29.046157201131184,1.7752852473029541,5.219171870174547,D:\Research\research-experiments\industrial-anomaly-detection\data\mvtec_ad\grid\ground_truth\bent\008_mask.png,6220,0.005931854248046875,-5.1274182568843445
grid,bent,D:\Research\research-experiments\industrial-anomaly-detection\data\mvtec_ad\grid\test\bent\009.png,0,layer2,0.25,0,1,45.53293228149414,29.046157201131184,1.7752852473029541,9.28683156997444,D:\Research\research-experiments\industrial-anomaly-detection\data\mvtec_ad\grid\ground_truth\bent\009_mask.png,14468,0.013797760009765625,-4.283248945651388
grid,bent,D:\Research\research-experiments\industrial-anomaly-detection\data\mvtec_ad\grid\test\bent\010.png,0,layer2,0.25,0,1,50.51057434082031,29.046157201131184,1.7752852473029541,12.090686368457275,D:\Research\research-experiments\industrial-anomaly-detection\data\mvtec_ad\grid\ground_truth\bent\010_mask.png,19594,0.018686294555664062,-3.9799648817791624
grid,bent,D:\Research\research-experiments\industrial-anomaly-detection\data\mvtec_ad\grid\test\bent\011.png,0,layer2,0.25,0,1,50.01210021972656,29.046157201131184,1.7752852473029541,11.80990100066861,D:\Research\research-experiments\industrial-anomaly-detection\data\mvtec_ad\grid\ground_truth\bent\011_mask.png,15136,0.014434814453125,-4.2381122506302935
grid,broken,D:\Research\research-experiments\industrial-anomaly-detection\data\mvtec_ad\grid\test\broken\000.png,0,layer2,0.25,0,1,43.144325256347656,29.046157201131184,1.7752852473029541,7.941353693235872,D:\Research\research-experiments\industrial-anomaly-detection\data\mvtec_ad\grid\ground_truth\broken\000_mask.png,7428,0.007083892822265625,-4.9499315475609995
grid,broken,D:\Research\research-experiments\industrial-anomaly-detection\data\mvtec_ad\grid\test\broken\001.png,0,layer2,0.25,0,1,61.52822494506836,29.046157201131184,1.7752852473029541,18.296816127596696,D:\Research\research-experiments\industrial-anomaly-detection\data\mvtec_ad\grid\ground_truth\broken\001_mask.png,24376,0.02324676513671875,-3.7615892475166244
grid,broken,D:\Research\research-experiments\industrial-anomaly-detection\data\mvtec_ad\grid\test\broken\002.png,0,layer2,0.25,0,1,42.357322692871094,29.046157201131184,1.7752852473029541,7.498043208528025,D:\Research\research-experiments\industrial-anomaly-detection\data\mvtec_ad\grid\ground_truth\broken\002_mask.png,2682,0.0025577545166015625,-5.968625156389424
grid,broken,D:\Research\research-experiments\industrial-anomaly-detection\data\mvtec_ad\grid\test\broken\003.png,0,layer2,0.25,0,1,53.20053482055664,29.046157201131184,1.7752852473029541,13.60591356015673,D:\Research\research-experiments\industrial-anomaly-detection\data\mvtec_ad\grid\ground_truth\broken\003_mask.png,11860,0.011310577392578125,-4.482016850234378
grid,broken,D:\Research\research-experiments\industrial-anomaly-detection\data\mvtec_ad\grid\test\broken\004.png,0,layer2,0.25,0,1,57.71369171142578,29.046157201131184,1.7752852473029541,16.14812861980735,D:\Research\research-experiments\industrial-anomaly-detection\data\mvtec_ad\grid\ground_truth\broken\004_mask.png,4616,0.00440216064453125,-5.425659575849818
grid,broken,D:\Research\research-experiments\industrial-anomaly-detection\data\mvtec_ad\grid\test\broken\005.png,0,layer2,0.25,0,1,43.162193298339844,29.046157201131184,1.7752852473029541,7.951418578312415,D:\Research\research-experiments\industrial-anomaly-detection\data\mvtec_ad\grid\ground_truth\broken\005_mask.png,6628,0.006320953369140625,-5.063885074448482
grid,broken,D:\Research\research-experiments\industrial-anomaly-detection\data\mvtec_ad\grid\test\broken\006.png,0,layer2,0.25,0,1,49.22618103027344,29.046157201131184,1.7752852473029541,11.367200769453875,D:\Research\research-experiments\industrial-anomaly-detection\data\mvtec_ad\grid\ground_truth\broken\006_mask.png,5489,0.005234718322753906,-5.2524420516167885
grid,broken,D:\Research\research-experiments\industrial-anomaly-detection\data\mvtec_ad\grid\test\broken\007.png,0,layer2,0.25,0,1,45.817752838134766,29.046157201131184,1.7752852473029541,9.447268072825647,D:\Research\research-experiments\industrial-anomaly-detection\data\mvtec_ad\grid\ground_truth\broken\007_mask.png,4852,0.004627227783203125,-5.37579712502287
grid,broken,D:\Research\research-experiments\industrial-anomaly-detection\data\mvtec_ad\grid\test\broken\008.png,0,layer2,0.25,0,1,36.7962646484375,29.046157201131184,1.7752852473029541,4.365556160104648,D:\Research\research-experiments\industrial-anomaly-detection\data\mvtec_ad\grid\ground_truth\broken\008_mask.png,4135,0.003943443298339844,-5.535700750155657
grid,broken,D:\Research\research-experiments\industrial-anomaly-detection\data\mvtec_ad\grid\test\broken\009.png,0,layer2,0.25,0,1,53.15679168701172,29.046157201131184,1.7752852473029541,13.581273500982364,D:\Research\research-experiments\industrial-anomaly-detection\data\mvtec_ad\grid\ground_truth\broken\009_mask.png,6307,0.006014823913574219,-5.113528038279362
grid,broken,D:\Research\research-experiments\industrial-anomaly-detection\data\mvtec_ad\grid\test\broken\010.png,0,layer2,0.25,0,1,50.42927932739258,29.046157201131184,1.7752852473029541,12.044893719894887,D:\Research\research-experiments\industrial-anomaly-detection\data\mvtec_ad\grid\ground_truth\broken\010_mask.png,5170,0.0049304962158203125,-5.31231544087711
grid,broken,D:\Research\research-experiments\industrial-anomaly-detection\data\mvtec_ad\grid\test\broken\011.png,0,layer2,0.25,0,1,45.831993103027344,29.046157201131184,1.7752852473029541,9.455289468212227,D:\Research\research-experiments\industrial-anomaly-detection\data\mvtec_ad\grid\ground_truth\broken\011_mask.png,4002,0.0038166046142578125,-5.5683938340422685
grid,glue,D:\Research\research-experiments\industrial-anomaly-detection\data\mvtec_ad\grid\test\glue\000.png,0,layer2,0.25,0,1,43.72098159790039,29.046157201131184,1.7752852473029541,8.266178305184178,D:\Research\research-experiments\industrial-anomaly-detection\data\mvtec_ad\grid\ground_truth\glue\000_mask.png,5771,0.005503654479980469,-5.2023427747905036
grid,glue,D:\Research\research-experiments\industrial-anomaly-detection\data\mvtec_ad\grid\test\glue\001.png,0,layer2,0.25,0,1,32.86515426635742,29.046157201131184,1.7752852473029541,2.151201938408562,D:\Research\research-experiments\industrial-anomaly-detection\data\mvtec_ad\grid\ground_truth\glue\001_mask.png,5019,0.004786491394042969,-5.341957412622695
grid,glue,D:\Research\research-experiments\industrial-anomaly-detection\data\mvtec_ad\grid\test\glue\002.png,0,layer2,0.25,0,1,41.97152328491211,29.046157201131184,1.7752852473029541,7.280726352802953,D:\Research\research-experiments\industrial-anomaly-detection\data\mvtec_ad\grid\ground_truth\glue\002_mask.png,5399,0.005148887634277344,-5.268974386763931
grid,glue,D:\Research\research-experiments\industrial-anomaly-detection\data\mvtec_ad\grid\test\glue\003.png,0,layer2,0.25,0,1,41.68256759643555,29.046157201131184,1.7752852473029541,7.117960572534374,D:\Research\research-experiments\industrial-anomaly-detection\data\mvtec_ad\grid\ground_truth\glue\003_mask.png,4794,0.0045719146728515625,-5.3878229774778585
grid,glue,D:\Research\research-experiments\industrial-anomaly-detection\data\mvtec_ad\grid\test\glue\004.png,0,layer2,0.25,0,1,40.58456039428711,29.046157201131184,1.7752852473029541,6.4994643597051684,D:\Research\research-experiments\industrial-anomaly-detection\data\mvtec_ad\grid\ground_truth\glue\004_mask.png,7696,0.0073394775390625,-4.914487482603893
grid,glue,D:\Research\research-experiments\industrial-anomaly-detection\data\mvtec_ad\grid\test\glue\005.png,0,layer2,0.25,0,1,47.71073913574219,29.046157201131184,1.7752852473029541,10.513567869144735,D:\Research\research-experiments\industrial-anomaly-detection\data\mvtec_ad\grid\ground_truth\glue\005_mask.png,2542,0.0024242401123046875,-6.022236746949199
grid,glue,D:\Research\research-experiments\industrial-anomaly-detection\data\mvtec_ad\grid\test\glue\006.png,0,layer2,0.25,0,1,33.14034652709961,29.046157201131184,1.7752852473029541,2.3062149207787273,D:\Research\research-experiments\industrial-anomaly-detection\data\mvtec_ad\grid\ground_truth\glue\006_mask.png,4838,0.0046138763427734375,-5.3786867032914625
grid,glue,D:\Research\research-experiments\industrial-anomaly-detection\data\mvtec_ad\grid\test\glue\007.png,0,layer2,0.25,0,1,37.06785583496094,29.046157201131184,1.7752852473029541,4.518540694244187,D:\Research\research-experiments\industrial-anomaly-detection\data\mvtec_ad\grid\ground_truth\glue\007_mask.png,5125,0.004887580871582031,-5.321057602592123
grid,glue,D:\Research\research-experiments\industrial-anomaly-detection\data\mvtec_ad\grid\test\glue\008.png,0,layer2,0.25,0,1,31.526533126831055,29.046157201131184,1.7752852473029541,1.3971703586610116,D:\Research\research-experiments\industrial-anomaly-detection\data\mvtec_ad\grid\ground_truth\glue\008_mask.png,2384,0.0022735595703125,-6.086408143174836
grid,glue,D:\Research\research-experiments\industrial-anomaly-detection\data\mvtec_ad\grid\test\glue\009.png,0,layer2,0.25,0,1,47.2537727355957,29.046157201131184,1.7752852473029541,10.256163375505915,D:\Research\research-experiments\industrial-anomaly-detection\data\mvtec_ad\grid\ground_truth\glue\009_mask.png,6548,0.006244659423828125,-5.076028512571058
grid,glue,D:\Research\research-experiments\industrial-anomaly-detection\data\mvtec_ad\grid\test\glue\010.png,0,layer2,0.25,0,1,45.35652542114258,29.046157201131184,1.7752852473029541,9.187463392032578,D:\Research\research-experiments\industrial-anomaly-detection\data\mvtec_ad\grid\ground_truth\glue\010_mask.png,6811,0.006495475769042969,-5.036649226004289
grid,metal_contamination,D:\Research\research-experiments\industrial-anomaly-detection\data\mvtec_ad\grid\test\metal_contamination\000.png,0,layer2,0.25,0,1,47.892234802246094,29.046157201131184,1.7752852473029541,10.615802519480301,D:\Research\research-experiments\industrial-anomaly-detection\data\mvtec_ad\grid\ground_truth\metal_contamination\000_mask.png,2624,0.00250244140625,-5.990488061525251
grid,metal_contamination,D:\Research\research-experiments\industrial-anomaly-detection\data\mvtec_ad\grid\test\metal_contamination\001.png,0,layer2,0.25,0,1,54.630157470703125,29.046157201131184,1.7752852473029541,14.411205358935767,D:\Research\research-experiments\industrial-anomaly-detection\data\mvtec_ad\grid\ground_truth\metal_contamination\001_mask.png,7452,0.007106781005859375,-4.946705738766755
grid,metal_contamination,D:\Research\research-experiments\industrial-anomaly-detection\data\mvtec_ad\grid\test\metal_contamination\002.png,0,layer2,0.25,0,1,60.89922332763672,29.046157201131184,1.7752852473029541,17.942505957787514,D:\Research\research-experiments\industrial-anomaly-detection\data\mvtec_ad\grid\ground_truth\metal_contamination\002_mask.png,4647,0.004431724548339844,-5.418966256468161
grid,metal_contamination,D:\Research\research-experiments\industrial-anomaly-detection\data\mvtec_ad\grid\test\metal_contamination\003.png,0,layer2,0.25,0,1,47.33149337768555,29.046157201131184,1.7752852473029541,10.299942617297013,D:\Research\research-experiments\industrial-anomaly-detection\data\mvtec_ad\grid\ground_truth\metal_contamination\003_mask.png,8548,0.008152008056640625,-4.809490872090713
grid,metal_contamination,D:\Research\research-experiments\industrial-anomaly-detection\data\mvtec_ad\grid\test\metal_contamination\004.png,0,layer2,0.25,0,1,46.04127502441406,29.046157201131184,1.7752852473029541,9.573175831378181,D:\Research\research-experiments\industrial-anomaly-detection\data\mvtec_ad\grid\ground_truth\metal_contamination\004_mask.png,4391,0.004187583923339844,-5.475631101836033
grid,metal_contamination,D:\Research\research-experiments\industrial-anomaly-detection\data\mvtec_ad\grid\test\metal_contamination\005.png,0,layer2,0.25,0,1,48.76392364501953,29.046157201131184,1.7752852473029541,11.106815918086369,D:\Research\research-experiments\industrial-anomaly-detection\data\mvtec_ad\grid\ground_truth\metal_contamination\005_mask.png,4072,0.00388336181640625,-5.551053795459739
grid,metal_contamination,D:\Research\research-experiments\industrial-anomaly-detection\data\mvtec_ad\grid\test\metal_contamination\006.png,0,layer2,0.25,0,1,41.8482780456543,29.046157201131184,1.7752852473029541,7.211303571621704,D:\Research\research-experiments\industrial-anomaly-detection\data\mvtec_ad\grid\ground_truth\metal_contamination\006_mask.png,3131,0.0029859542846679688,-5.813835554971247
grid,metal_contamination,D:\Research\research-experiments\industrial-anomaly-detection\data\mvtec_ad\grid\test\metal_contamination\007.png,0,layer2,0.25,0,1,39.409629821777344,29.046157201131184,1.7752852473029541,5.837638000085078,D:\Research\research-experiments\industrial-anomaly-detection\data\mvtec_ad\grid\ground_truth\metal_contamination\007_mask.png,1976,0.00188446044921875,-6.274113202235363
grid,metal_contamination,D:\Research\research-experiments\industrial-anomaly-detection\data\mvtec_ad\grid\test\metal_contamination\008.png,0,layer2,0.25,0,1,47.75149154663086,29.046157201131184,1.7752852473029541,10.536523284873326,D:\Research\research-experiments\industrial-anomaly-detection\data\mvtec_ad\grid\ground_truth\metal_contamination\008_mask.png,4243,0.004046440124511719,-5.509917518865808
grid,metal_contamination,D:\Research\research-experiments\industrial-anomaly-detection\data\mvtec_ad\grid\test\metal_contamination\009.png,0,layer2,0.25,0,1,35.812469482421875,29.046157201131184,1.7752852473029541,3.811394417640882,D:\Research\research-experiments\industrial-anomaly-detection\data\mvtec_ad\grid\ground_truth\metal_contamination\009_mask.png,4249,0.004052162170410156,-5.508504424302294
grid,metal_contamination,D:\Research\research-experiments\industrial-anomaly-detection\data\mvtec_ad\grid\test\metal_contamination\010.png,0,layer2,0.25,0,1,44.79524612426758,29.046157201131184,1.7752852473029541,8.87130051188264,D:\Research\research-experiments\industrial-anomaly-detection\data\mvtec_ad\grid\ground_truth\metal_contamination\010_mask.png,5163,0.004923820495605469,-5.313670323224953
grid,thread,D:\Research\research-experiments\industrial-anomaly-detection\data\mvtec_ad\grid\test\thread\000.png,0,layer2,0.25,0,1,46.55146026611328,29.046157201131184,1.7752852473029541,9.860557953476194,D:\Research\research-experiments\industrial-anomaly-detection\data\mvtec_ad\grid\ground_truth\thread\000_mask.png,7354,0.0070133209228515625,-4.9599438067518955
grid,thread,D:\Research\research-experiments\industrial-anomaly-detection\data\mvtec_ad\grid\test\thread\001.png,0,layer2,0.25,0,1,61.10607147216797,29.046157201131184,1.7752852473029541,18.059021399373876,D:\Research\research-experiments\industrial-anomaly-detection\data\mvtec_ad\grid\ground_truth\thread\001_mask.png,14256,0.0135955810546875,-4.298010387935007
grid,thread,D:\Research\research-experiments\industrial-anomaly-detection\data\mvtec_ad\grid\test\thread\002.png,0,layer2,0.25,0,1,37.234619140625,29.046157201131184,1.7752852473029541,4.612476756585387,D:\Research\research-experiments\industrial-anomaly-detection\data\mvtec_ad\grid\ground_truth\thread\002_mask.png,15995,0.015254020690917969,-4.182912093258803
grid,thread,D:\Research\research-experiments\industrial-anomaly-detection\data\mvtec_ad\grid\test\thread\003.png,0,layer2,0.25,0,1,34.66746139526367,29.046157201131184,1.7752852473029541,3.166423087598163,D:\Research\research-experiments\industrial-anomaly-detection\data\mvtec_ad\grid\ground_truth\thread\003_mask.png,18349,0.01749897003173828,-4.045613197967734
grid,thread,D:\Research\research-experiments\industrial-anomaly-detection\data\mvtec_ad\grid\test\thread\004.png,0,layer2,0.25,0,1,41.691139221191406,29.046157201131184,1.7752852473029541,7.1227888809816395,D:\Research\research-experiments\industrial-anomaly-detection\data\mvtec_ad\grid\ground_truth\thread\004_mask.png,32883,0.03135967254638672,-3.4622324934269857
grid,thread,D:\Research\research-experiments\industrial-anomaly-detection\data\mvtec_ad\grid\test\thread\005.png,0,layer2,0.25,0,1,57.118370056152344,29.046157201131184,1.7752852473029541,15.812790027782285,D:\Research\research-experiments\industrial-anomaly-detection\data\mvtec_ad\grid\ground_truth\thread\005_mask.png,15724,0.014995574951171875,-4.2000000579708185
grid,thread,D:\Research\research-experiments\industrial-anomaly-detection\data\mvtec_ad\grid\test\thread\006.png,0,layer2,0.25,0,1,40.18563461303711,29.046157201131184,1.7752852473029541,6.274753552325872,D:\Research\research-experiments\industrial-anomaly-detection\data\mvtec_ad\grid\ground_truth\thread\006_mask.png,16043,0.015299797058105469,-4.179915649487488
grid,thread,D:\Research\research-experiments\industrial-anomaly-detection\data\mvtec_ad\grid\test\thread\007.png,0,layer2,0.25,0,1,37.175392150878906,29.046157201131184,1.7752852473029541,4.579114799775307,D:\Research\research-experiments\industrial-anomaly-detection\data\mvtec_ad\grid\ground_truth\thread\007_mask.png,33899,0.03232860565185547,-3.431802785858171
grid,thread,D:\Research\research-experiments\industrial-anomaly-detection\data\mvtec_ad\grid\test\thread\008.png,0,layer2,0.25,0,1,38.88732147216797,29.046157201131184,1.7752852473029541,5.543427055447941,D:\Research\research-experiments\industrial-anomaly-detection\data\mvtec_ad\grid\ground_truth\thread\008_mask.png,37555,0.03581523895263672,-3.3293817791577185
grid,thread,D:\Research\research-experiments\industrial-anomaly-detection\data\mvtec_ad\grid\test\thread\009.png,0,layer2,0.25,0,1,38.91404724121094,29.046157201131184,1.7752852473029541,5.55848140746465,D:\Research\research-experiments\industrial-anomaly-detection\data\mvtec_ad\grid\ground_truth\thread\009_mask.png,16580,0.015811920166015625,-4.146991119266197
grid,thread,D:\Research\research-experiments\industrial-anomaly-detection\data\mvtec_ad\grid\test\thread\010.png,0,layer2,0.25,0,1,42.73784255981445,29.046157201131184,1.7752852473029541,7.712386152864126,D:\Research\research-experiments\industrial-anomaly-detection\data\mvtec_ad\grid\ground_truth\thread\010_mask.png,25467,0.02428722381591797,-3.7178047946189183
grid,good,D:\Research\research-experiments\industrial-anomaly-detection\data\mvtec_ad\grid\test\good\000.png,0,layer2,0.5,1,0,31.727245330810547,33.08983939034598,1.7599021721619719,-0.7742442057796531,,,,
grid,good,D:\Research\research-experiments\industrial-anomaly-detection\data\mvtec_ad\grid\test\good\001.png,0,layer2,0.5,1,0,35.960689544677734,33.08983939034598,1.7599021721619719,1.63125553212144,,,,
grid,good,D:\Research\research-experiments\industrial-anomaly-detection\data\mvtec_ad\grid\test\good\002.png,0,layer2,0.5,1,0,31.469772338867188,33.08983939034598,1.7599021721619719,-0.9205438103918026,,,,
grid,good,D:\Research\research-experiments\industrial-anomaly-detection\data\mvtec_ad\grid\test\good\003.png,0,layer2,0.5,1,0,31.177043914794922,33.08983939034598,1.7599021721619719,-1.086876024024257,,,,
grid,good,D:\Research\research-experiments\industrial-anomaly-detection\data\mvtec_ad\grid\test\good\004.png,0,layer2,0.5,1,0,36.82502365112305,33.08983939034598,1.7599021721619719,2.122381754997517,,,,
grid,good,D:\Research\research-experiments\industrial-anomaly-detection\data\mvtec_ad\grid\test\good\005.png,0,layer2,0.5,1,0,35.47804641723633,33.08983939034598,1.7599021721619719,1.3570112388443325,,,,
grid,good,D:\Research\research-experiments\industrial-anomaly-detection\data\mvtec_ad\grid\test\good\006.png,0,layer2,0.5,1,0,35.315128326416016,33.08983939034598,1.7599021721619719,1.264438996251908,,,,
grid,good,D:\Research\research-experiments\industrial-anomaly-detection\data\mvtec_ad\grid\test\good\007.png,0,layer2,0.5,1,0,31.65094757080078,33.08983939034598,1.7599021721619719,-0.8175976155410813,,,,
grid,good,D:\Research\research-experiments\industrial-anomaly-detection\data\mvtec_ad\grid\test\good\008.png,0,layer2,0.5,1,0,32.32194137573242,33.08983939034598,1.7599021721619719,-0.43632994308440687,,,,
grid,good,D:\Research\research-experiments\industrial-anomaly-detection\data\mvtec_ad\grid\test\good\009.png,0,layer2,0.5,1,0,32.54608917236328,33.08983939034598,1.7599021721619719,-0.3089661610649197,,,,
grid,good,D:\Research\research-experiments\industrial-anomaly-detection\data\mvtec_ad\grid\test\good\010.png,0,layer2,0.5,1,0,32.27730178833008,33.08983939034598,1.7599021721619719,-0.461694754895228,,,,
grid,good,D:\Research\research-experiments\industrial-anomaly-detection\data\mvtec_ad\grid\test\good\011.png,0,layer2,0.5,1,0,33.083953857421875,33.08983939034598,1.7599021721619719,-0.0033442386839456807,,,,
grid,good,D:\Research\research-experiments\industrial-anomaly-detection\data\mvtec_ad\grid\test\good\012.png,0,layer2,0.5,1,0,31.70448875427246,33.08983939034598,1.7599021721619719,-0.7871747975466548,,,,
grid,good,D:\Research\research-experiments\industrial-anomaly-detection\data\mvtec_ad\grid\test\good\013.png,0,layer2,0.5,1,0,32.76162338256836,33.08983939034598,1.7599021721619719,-0.18649673428973557,,,,
grid,good,D:\Research\research-experiments\industrial-anomaly-detection\data\mvtec_ad\grid\test\good\014.png,0,layer2,0.5,1,0,34.22141647338867,33.08983939034598,1.7599021721619719,0.6429772637035808,,,,
grid,good,D:\Research\research-experiments\industrial-anomaly-detection\data\mvtec_ad\grid\test\good\015.png,0,layer2,0.5,1,0,30.681928634643555,33.08983939034598,1.7599021721619719,-1.3682071616198979,,,,
grid,good,D:\Research\research-experiments\industrial-anomaly-detection\data\mvtec_ad\grid\test\good\016.png,0,layer2,0.5,1,0,33.699729919433594,33.08983939034598,1.7599021721619719,0.34654797223097217,,,,
grid,good,D:\Research\research-experiments\industrial-anomaly-detection\data\mvtec_ad\grid\test\good\017.png,0,layer2,0.5,1,0,34.43094253540039,33.08983939034598,1.7599021721619719,0.7620327801555686,,,,
grid,good,D:\Research\research-experiments\industrial-anomaly-detection\data\mvtec_ad\grid\test\good\018.png,0,layer2,0.5,1,0,34.35737609863281,33.08983939034598,1.7599021721619719,0.7202313448648759,,,,
grid,good,D:\Research\research-experiments\industrial-anomaly-detection\data\mvtec_ad\grid\test\good\019.png,0,layer2,0.5,1,0,31.65399169921875,33.08983939034598,1.7599021721619719,-0.8158679009773285,,,,
grid,good,D:\Research\research-experiments\industrial-anomaly-detection\data\mvtec_ad\grid\test\good\020.png,0,layer2,0.5,1,0,31.541946411132812,33.08983939034598,1.7599021721619719,-0.8795335352712474,,,,
grid,bent,D:\Research\research-experiments\industrial-anomaly-detection\data\mvtec_ad\grid\test\bent\000.png,0,layer2,0.5,0,1,40.80126953125,33.08983939034598,1.7599021721619719,4.381737952758378,D:\Research\research-experiments\industrial-anomaly-detection\data\mvtec_ad\grid\ground_truth\bent\000_mask.png,5460,0.005207061767578125,-5.257739350413088
grid,bent,D:\Research\research-experiments\industrial-anomaly-detection\data\mvtec_ad\grid\test\bent\001.png,0,layer2,0.5,0,1,50.8466796875,33.08983939034598,1.7599021721619719,10.08967462966446,D:\Research\research-experiments\industrial-anomaly-detection\data\mvtec_ad\grid\ground_truth\bent\001_mask.png,4554,0.0043430328369140625,-5.439182134321405
grid,bent,D:\Research\research-experiments\industrial-anomaly-detection\data\mvtec_ad\grid\test\bent\002.png,0,layer2,0.5,0,1,44.604454040527344,33.08983939034598,1.7599021721619719,6.542758360276415,D:\Research\research-experiments\industrial-anomaly-detection\data\mvtec_ad\grid\ground_truth\bent\002_mask.png,4315,0.004115104675292969,-5.493090764674223
grid,bent,D:\Research\research-experiments\industrial-anomaly-detection\data\mvtec_ad\grid\test\bent\003.png,0,layer2,0.5,0,1,56.39375686645508,33.08983939034598,1.7599021721619719,13.241598223315524,D:\Research\research-experiments\industrial-anomaly-detection\data\mvtec_ad\grid\ground_truth\bent\003_mask.png,7860,0.007495880126953125,-4.893401592369047
grid,bent,D:\Research\research-experiments\industrial-anomaly-detection\data\mvtec_ad\grid\test\bent\004.png,0,layer2,0.5,0,1,44.29892349243164,33.08983939034598,1.7599021721619719,6.369151808202916,D:\Research\research-experiments\industrial-anomaly-detection\data\mvtec_ad\grid\ground_truth\bent\004_mask.png,8709,0.008305549621582031,-4.79083123810475
grid,bent,D:\Research\research-experiments\industrial-anomaly-detection\data\mvtec_ad\grid\test\bent\005.png,0,layer2,0.5,0,1,51.92654037475586,33.08983939034598,1.7599021721619719,10.7032659441915,D:\Research\research-experiments\industrial-anomaly-detection\data\mvtec_ad\grid\ground_truth\bent\005_mask.png,14959,0.014266014099121094,-4.249875136727783
grid,bent,D:\Research\research-experiments\industrial-anomaly-detection\data\mvtec_ad\grid\test\bent\006.png,0,layer2,0.5,0,1,49.46554183959961,33.08983939034598,1.7599021721619719,9.30489359481653,D:\Research\research-experiments\industrial-anomaly-detection\data\mvtec_ad\grid\ground_truth\bent\006_mask.png,22629,0.02158069610595703,-3.8359560163394586
grid,bent,D:\Research\research-experiments\industrial-anomaly-detection\data\mvtec_ad\grid\test\bent\007.png,0,layer2,0.5,0,1,43.332908630371094,33.08983939034598,1.7599021721619719,5.8202492172856966,D:\Research\research-experiments\industrial-anomaly-detection\data\mvtec_ad\grid\ground_truth\bent\007_mask.png,11967,0.011412620544433594,-4.473035383003099
grid,bent,D:\Research\research-experiments\industrial-anomaly-detection\data\mvtec_ad\grid\test\bent\008.png,0,layer2,0.5,0,1,42.70786666870117,33.08983939034598,1.7599021721619719,5.465091998005672,D:\Research\research-experiments\industrial-anomaly-detection\data\mvtec_ad\grid\ground_truth\bent\008_mask.png,6220,0.005931854248046875,-5.1274182568843445
grid,bent,D:\Research\research-experiments\industrial-anomaly-detection\data\mvtec_ad\grid\test\bent\009.png,0,layer2,0.5,0,1,48.23493576049805,33.08983939034598,1.7599021721619719,8.605646728389965,D:\Research\research-experiments\industrial-anomaly-detection\data\mvtec_ad\grid\ground_truth\bent\009_mask.png,14468,0.013797760009765625,-4.283248945651388
grid,bent,D:\Research\research-experiments\industrial-anomaly-detection\data\mvtec_ad\grid\test\bent\010.png,0,layer2,0.5,0,1,51.427001953125,33.08983939034598,1.7599021721619719,10.419421518329354,D:\Research\research-experiments\industrial-anomaly-detection\data\mvtec_ad\grid\ground_truth\bent\010_mask.png,19594,0.018686294555664062,-3.9799648817791624
grid,bent,D:\Research\research-experiments\industrial-anomaly-detection\data\mvtec_ad\grid\test\bent\011.png,0,layer2,0.5,0,1,53.24077606201172,33.08983939034598,1.7599021721619719,11.450032274754847,D:\Research\research-experiments\industrial-anomaly-detection\data\mvtec_ad\grid\ground_truth\bent\011_mask.png,15136,0.014434814453125,-4.2381122506302935
grid,broken,D:\Research\research-experiments\industrial-anomaly-detection\data\mvtec_ad\grid\test\broken\000.png,0,layer2,0.5,0,1,46.54316711425781,33.08983939034598,1.7599021721619719,7.6443611109275125,D:\Research\research-experiments\industrial-anomaly-detection\data\mvtec_ad\grid\ground_truth\broken\000_mask.png,7428,0.007083892822265625,-4.9499315475609995
grid,broken,D:\Research\research-experiments\industrial-anomaly-detection\data\mvtec_ad\grid\test\broken\001.png,0,layer2,0.5,0,1,65.32742309570312,33.08983939034598,1.7599021721619719,18.31782710157947,D:\Research\research-experiments\industrial-anomaly-detection\data\mvtec_ad\grid\ground_truth\broken\001_mask.png,24376,0.02324676513671875,-3.7615892475166244
grid,broken,D:\Research\research-experiments\industrial-anomaly-detection\data\mvtec_ad\grid\test\broken\002.png,0,layer2,0.5,0,1,46.17119216918945,33.08983939034598,1.7599021721619719,7.432999962022626,D:\Research\research-experiments\industrial-anomaly-detection\data\mvtec_ad\grid\ground_truth\broken\002_mask.png,2682,0.0025577545166015625,-5.968625156389424
grid,broken,D:\Research\research-experiments\industrial-anomaly-detection\data\mvtec_ad\grid\test\broken\003.png,0,layer2,0.5,0,1,57.64705276489258,33.08983939034598,1.7599021721619719,13.953737749172166,D:\Research\research-experiments\industrial-anomaly-detection\data\mvtec_ad\grid\ground_truth\broken\003_mask.png,11860,0.011310577392578125,-4.482016850234378
grid,broken,D:\Research\research-experiments\industrial-anomaly-detection\data\mvtec_ad\grid\test\broken\004.png,0,layer2,0.5,0,1,61.99039077758789,33.08983939034598,1.7599021721619719,16.421680616337156,D:\Research\research-experiments\industrial-anomaly-detection\data\mvtec_ad\grid\ground_truth\broken\004_mask.png,4616,0.00440216064453125,-5.425659575849818
grid,broken,D:\Research\research-experiments\industrial-anomaly-detection\data\mvtec_ad\grid\test\broken\005.png,0,layer2,0.5,0,1,44.827823638916016,33.08983939034598,1.7599021721619719,6.669679959625469,D:\Research\research-experiments\industrial-anomaly-detection\data\mvtec_ad\grid\ground_truth\broken\005_mask.png,6628,0.006320953369140625,-5.063885074448482
grid,broken,D:\Research\research-experiments\industrial-anomaly-detection\data\mvtec_ad\grid\test\broken\006.png,0,layer2,0.5,0,1,52.85855484008789,33.08983939034598,1.7599021721619719,11.232849054022592,D:\Research\research-experiments\industrial-anomaly-detection\data\mvtec_ad\grid\ground_truth\broken\006_mask.png,5489,0.005234718322753906,-5.2524420516167885
grid,broken,D:\Research\research-experiments\industrial-anomaly-detection\data\mvtec_ad\grid\test\broken\007.png,0,layer2,0.5,0,1,50.03081512451172,33.08983939034598,1.7599021721619719,9.62608945095761,D:\Research\research-experiments\industrial-anomaly-detection\data\mvtec_ad\grid\ground_truth\broken\007_mask.png,4852,0.004627227783203125,-5.37579712502287
grid,broken,D:\Research\research-experiments\industrial-anomaly-detection\data\mvtec_ad\grid\test\broken\008.png,0,layer2,0.5,0,1,40.343467712402344,33.08983939034598,1.7599021721619719,4.121608823941369,D:\Research\research-experiments\industrial-anomaly-detection\data\mvtec_ad\grid\ground_truth\broken\008_mask.png,4135,0.003943443298339844,-5.535700750155657
grid,broken,D:\Research\research-experiments\industrial-anomaly-detection\data\mvtec_ad\grid\test\broken\009.png,0,layer2,0.5,0,1,55.526519775390625,33.08983939034598,1.7599021721619719,12.748822485673763,D:\Research\research-experiments\industrial-anomaly-detection\data\mvtec_ad\grid\ground_truth\broken\009_mask.png,6307,0.006014823913574219,-5.113528038279362
grid,broken,D:\Research\research-experiments\industrial-anomaly-detection\data\mvtec_ad\grid\test\broken\010.png,0,layer2,0.5,0,1,53.229244232177734,33.08983939034598,1.7599021721619719,11.443479734496421,D:\Research\research-experiments\industrial-anomaly-detection\data\mvtec_ad\grid\ground_truth\broken\010_mask.png,5170,0.0049304962158203125,-5.31231544087711
grid,broken,D:\Research\research-experiments\industrial-anomaly-detection\data\mvtec_ad\grid\test\broken\011.png,0,layer2,0.5,0,1,48.532222747802734,33.08983939034598,1.7599021721619719,8.77456917874383,D:\Research\research-experiments\industrial-anomaly-detection\data\mvtec_ad\grid\ground_truth\broken\011_mask.png,4002,0.0038166046142578125,-5.5683938340422685
grid,glue,D:\Research\research-experiments\industrial-anomaly-detection\data\mvtec_ad\grid\test\glue\000.png,0,layer2,0.5,0,1,49.8484992980957,33.08983939034598,1.7599021721619719,9.522495155036008,D:\Research\research-experiments\industrial-anomaly-detection\data\mvtec_ad\grid\ground_truth\glue\000_mask.png,5771,0.005503654479980469,-5.2023427747905036
grid,glue,D:\Research\research-experiments\industrial-anomaly-detection\data\mvtec_ad\grid\test\glue\001.png,0,layer2,0.5,0,1,36.563446044921875,33.08983939034598,1.7599021721619719,1.973749853555044,D:\Research\research-experiments\industrial-anomaly-detection\data\mvtec_ad\grid\ground_truth\glue\001_mask.png,5019,0.004786491394042969,-5.341957412622695
grid,glue,D:\Research\research-experiments\industrial-anomaly-detection\data\mvtec_ad\grid\test\glue\002.png,0,layer2,0.5,0,1,45.42384338378906,33.08983939034598,1.7599021721619719,7.008346366372874,D:\Research\research-experiments\industrial-anomaly-detection\data\mvtec_ad\grid\ground_truth\glue\002_mask.png,5399,0.005148887634277344,-5.268974386763931
grid,glue,D:\Research\research-experiments\industrial-anomaly-detection\data\mvtec_ad\grid\test\glue\003.png,0,layer2,0.5,0,1,46.28831481933594,33.08983939034598,1.7599021721619719,7.49955062148491,D:\Research\research-experiments\industrial-anomaly-detection\data\mvtec_ad\grid\ground_truth\glue\003_mask.png,4794,0.0045719146728515625,-5.3878229774778585
grid,glue,D:\Research\research-experiments\industrial-anomaly-detection\data\mvtec_ad\grid\test\glue\004.png,0,layer2,0.5,0,1,46.04578399658203,33.08983939034598,1.7599021721619719,7.361741357657497,D:\Research\research-experiments\industrial-anomaly-detection\data\mvtec_ad\grid\ground_truth\glue\004_mask.png,7696,0.0073394775390625,-4.914487482603893
grid,glue,D:\Research\research-experiments\industrial-anomaly-detection\data\mvtec_ad\grid\test\glue\005.png,0,layer2,0.5,0,1,52.24371337890625,33.08983939034598,1.7599021721619719,10.883487895824617,D:\Research\research-experiments\industrial-anomaly-detection\data\mvtec_ad\grid\ground_truth\glue\005_mask.png,2542,0.0024242401123046875,-6.022236746949199
grid,glue,D:\Research\research-experiments\industrial-anomaly-detection\data\mvtec_ad\grid\test\glue\006.png,0,layer2,0.5,0,1,35.96330642700195,33.08983939034598,1.7599021721619719,1.6327424797288765,D:\Research\research-experiments\industrial-anomaly-detection\data\mvtec_ad\grid\ground_truth\glue\006_mask.png,4838,0.0046138763427734375,-5.3786867032914625
grid,glue,D:\Research\research-experiments\industrial-anomaly-detection\data\mvtec_ad\grid\test\glue\007.png,0,layer2,0.5,0,1,41.23173904418945,33.08983939034598,1.7599021721619719,4.626336499057482,D:\Research\research-experiments\industrial-anomaly-detection\data\mvtec_ad\grid\ground_truth\glue\007_mask.png,5125,0.004887580871582031,-5.321057602592123
grid,glue,D:\Research\research-experiments\industrial-anomaly-detection\data\mvtec_ad\grid\test\glue\008.png,0,layer2,0.5,0,1,36.4882698059082,33.08983939034598,1.7599021721619719,1.9310337070539458,D:\Research\research-experiments\industrial-anomaly-detection\data\mvtec_ad\grid\ground_truth\glue\008_mask.png,2384,0.0022735595703125,-6.086408143174836
grid,glue,D:\Research\research-experiments\industrial-anomaly-detection\data\mvtec_ad\grid\test\glue\009.png,0,layer2,0.5,0,1,50.63926315307617,33.08983939034598,1.7599021721619719,9.971817775059282,D:\Research\research-experiments\industrial-anomaly-detection\data\mvtec_ad\grid\ground_truth\glue\009_mask.png,6548,0.006244659423828125,-5.076028512571058
grid,glue,D:\Research\research-experiments\industrial-anomaly-detection\data\mvtec_ad\grid\test\glue\010.png,0,layer2,0.5,0,1,48.979305267333984,33.08983939034598,1.7599021721619719,9.028607458031836,D:\Research\research-experiments\industrial-anomaly-detection\data\mvtec_ad\grid\ground_truth\glue\010_mask.png,6811,0.006495475769042969,-5.036649226004289
grid,metal_contamination,D:\Research\research-experiments\industrial-anomaly-detection\data\mvtec_ad\grid\test\metal_contamination\000.png,0,layer2,0.5,0,1,52.28583526611328,33.08983939034598,1.7599021721619719,10.90742211664286,D:\Research\research-experiments\industrial-anomaly-detection\data\mvtec_ad\grid\ground_truth\metal_contamination\000_mask.png,2624,0.00250244140625,-5.990488061525251
grid,metal_contamination,D:\Research\research-experiments\industrial-anomaly-detection\data\mvtec_ad\grid\test\metal_contamination\001.png,0,layer2,0.5,0,1,58.11568832397461,33.08983939034598,1.7599021721619719,14.220022754381478,D:\Research\research-experiments\industrial-anomaly-detection\data\mvtec_ad\grid\ground_truth\metal_contamination\001_mask.png,7452,0.007106781005859375,-4.946705738766755
grid,metal_contamination,D:\Research\research-experiments\industrial-anomaly-detection\data\mvtec_ad\grid\test\metal_contamination\002.png,0,layer2,0.5,0,1,64.98835754394531,33.08983939034598,1.7599021721619719,18.12516551099726,D:\Research\research-experiments\industrial-anomaly-detection\data\mvtec_ad\grid\ground_truth\metal_contamination\002_mask.png,4647,0.004431724548339844,-5.418966256468161
grid,metal_contamination,D:\Research\research-experiments\industrial-anomaly-detection\data\mvtec_ad\grid\test\metal_contamination\003.png,0,layer2,0.5,0,1,53.01298522949219,33.08983939034598,1.7599021721619719,11.320598470920343,D:\Research\research-experiments\industrial-anomaly-detection\data\mvtec_ad\grid\ground_truth\metal_contamination\003_mask.png,8548,0.008152008056640625,-4.809490872090713
grid,metal_contamination,D:\Research\research-experiments\industrial-anomaly-detection\data\mvtec_ad\grid\test\metal_contamination\004.png,0,layer2,0.5,0,1,49.55086898803711,33.08983939034598,1.7599021721619719,9.353377624092248,D:\Research\research-experiments\industrial-anomaly-detection\data\mvtec_ad\grid\ground_truth\metal_contamination\004_mask.png,4391,0.004187583923339844,-5.475631101836033
grid,metal_contamination,D:\Research\research-experiments\industrial-anomaly-detection\data\mvtec_ad\grid\test\metal_contamination\005.png,0,layer2,0.5,0,1,52.407920837402344,33.08983939034598,1.7599021721619719,10.976792774410209,D:\Research\research-experiments\industrial-anomaly-detection\data\mvtec_ad\grid\ground_truth\metal_contamination\005_mask.png,4072,0.00388336181640625,-5.551053795459739
grid,metal_contamination,D:\Research\research-experiments\industrial-anomaly-detection\data\mvtec_ad\grid\test\metal_contamination\006.png,0,layer2,0.5,0,1,44.854312896728516,33.08983939034598,1.7599021721619719,6.684731510917072,D:\Research\research-experiments\industrial-anomaly-detection\data\mvtec_ad\grid\ground_truth\metal_contamination\006_mask.png,3131,0.0029859542846679688,-5.813835554971247
grid,metal_contamination,D:\Research\research-experiments\industrial-anomaly-detection\data\mvtec_ad\grid\test\metal_contamination\007.png,0,layer2,0.5,0,1,43.72636795043945,33.08983939034598,1.7599021721619719,6.0438180759939115,D:\Research\research-experiments\industrial-anomaly-detection\data\mvtec_ad\grid\ground_truth\metal_contamination\007_mask.png,1976,0.00188446044921875,-6.274113202235363
grid,metal_contamination,D:\Research\research-experiments\industrial-anomaly-detection\data\mvtec_ad\grid\test\metal_contamination\008.png,0,layer2,0.5,0,1,51.16679382324219,33.08983939034598,1.7599021721619719,10.271567771684358,D:\Research\research-experiments\industrial-anomaly-detection\data\mvtec_ad\grid\ground_truth\metal_contamination\008_mask.png,4243,0.004046440124511719,-5.509917518865808
grid,metal_contamination,D:\Research\research-experiments\industrial-anomaly-detection\data\mvtec_ad\grid\test\metal_contamination\009.png,0,layer2,0.5,0,1,38.29862976074219,33.08983939034598,1.7599021721619719,2.9597044953910197,D:\Research\research-experiments\industrial-anomaly-detection\data\mvtec_ad\grid\ground_truth\metal_contamination\009_mask.png,4249,0.004052162170410156,-5.508504424302294
grid,metal_contamination,D:\Research\research-experiments\industrial-anomaly-detection\data\mvtec_ad\grid\test\metal_contamination\010.png,0,layer2,0.5,0,1,49.1012077331543,33.08983939034598,1.7599021721619719,9.097874072817905,D:\Research\research-experiments\industrial-anomaly-detection\data\mvtec_ad\grid\ground_truth\metal_contamination\010_mask.png,5163,0.004923820495605469,-5.313670323224953
grid,thread,D:\Research\research-experiments\industrial-anomaly-detection\data\mvtec_ad\grid\test\thread\000.png,0,layer2,0.5,0,1,50.44752883911133,33.08983939034598,1.7599021721619719,9.862871768288176,D:\Research\research-experiments\industrial-anomaly-detection\data\mvtec_ad\grid\ground_truth\thread\000_mask.png,7354,0.0070133209228515625,-4.9599438067518955
grid,thread,D:\Research\research-experiments\industrial-anomaly-detection\data\mvtec_ad\grid\test\thread\001.png,0,layer2,0.5,0,1,67.31280517578125,33.08983939034598,1.7599021721619719,19.44594780708389,D:\Research\research-experiments\industrial-anomaly-detection\data\mvtec_ad\grid\ground_truth\thread\001_mask.png,14256,0.0135955810546875,-4.298010387935007
grid,thread,D:\Research\research-experiments\industrial-anomaly-detection\data\mvtec_ad\grid\test\thread\002.png,0,layer2,0.5,0,1,38.58102798461914,33.08983939034598,1.7599021721619719,3.1201669508296863,D:\Research\research-experiments\industrial-anomaly-detection\data\mvtec_ad\grid\ground_truth\thread\002_mask.png,15995,0.015254020690917969,-4.182912093258803
grid,thread,D:\Research\research-experiments\industrial-anomaly-detection\data\mvtec_ad\grid\test\thread\003.png,0,layer2,0.5,0,1,34.51021957397461,33.08983939034598,1.7599021721619719,0.8070790559248803,D:\Research\research-experiments\industrial-anomaly-detection\data\mvtec_ad\grid\ground_truth\thread\003_mask.png,18349,0.01749897003173828,-4.045613197967734
grid,thread,D:\Research\research-experiments\industrial-anomaly-detection\data\mvtec_ad\grid\test\thread\004.png,0,layer2,0.5,0,1,43.94286346435547,33.08983939034598,1.7599021721619719,6.166833728420807,D:\Research\research-experiments\industrial-anomaly-detection\data\mvtec_ad\grid\ground_truth\thread\004_mask.png,32883,0.03135967254638672,-3.4622324934269857
grid,thread,D:\Research\research-experiments\industrial-anomaly-detection\data\mvtec_ad\grid\test\thread\005.png,0,layer2,0.5,0,1,59.7177619934082,33.08983939034598,1.7599021721619719,15.130342483952303,D:\Research\research-experiments\industrial-anomaly-detection\data\mvtec_ad\grid\ground_truth\thread\005_mask.png,15724,0.014995574951171875,-4.2000000579708185
grid,thread,D:\Research\research-experiments\industrial-anomaly-detection\data\mvtec_ad\grid\test\thread\006.png,0,layer2,0.5,0,1,41.63107681274414,33.08983939034598,1.7599021721619719,4.853245570977153,D:\Research\research-experiments\industrial-anomaly-detection\data\mvtec_ad\grid\ground_truth\thread\006_mask.png,16043,0.015299797058105469,-4.179915649487488
grid,thread,D:\Research\research-experiments\industrial-anomaly-detection\data\mvtec_ad\grid\test\thread\007.png,0,layer2,0.5,0,1,38.095279693603516,33.08983939034598,1.7599021721619719,2.8441582619950667,D:\Research\research-experiments\industrial-anomaly-detection\data\mvtec_ad\grid\ground_truth\thread\007_mask.png,33899,0.03232860565185547,-3.431802785858171
grid,thread,D:\Research\research-experiments\industrial-anomaly-detection\data\mvtec_ad\grid\test\thread\008.png,0,layer2,0.5,0,1,40.17547607421875,33.08983939034598,1.7599021721619719,4.02615372374269,D:\Research\research-experiments\industrial-anomaly-detection\data\mvtec_ad\grid\ground_truth\thread\008_mask.png,37555,0.03581523895263672,-3.3293817791577185
grid,thread,D:\Research\research-experiments\industrial-anomaly-detection\data\mvtec_ad\grid\test\thread\009.png,0,layer2,0.5,0,1,40.968238830566406,33.08983939034598,1.7599021721619719,4.476612146311586,D:\Research\research-experiments\industrial-anomaly-detection\data\mvtec_ad\grid\ground_truth\thread\009_mask.png,16580,0.015811920166015625,-4.146991119266197
grid,thread,D:\Research\research-experiments\industrial-anomaly-detection\data\mvtec_ad\grid\test\thread\010.png,0,layer2,0.5,0,1,44.937564849853516,33.08983939034598,1.7599021721619719,6.732036386404969,D:\Research\research-experiments\industrial-anomaly-detection\data\mvtec_ad\grid\ground_truth\thread\010_mask.png,25467,0.02428722381591797,-3.7178047946189183
grid,good,D:\Research\research-experiments\industrial-anomaly-detection\data\mvtec_ad\grid\test\good\000.png,0,layer2,0.75,1,0,36.22457504272461,38.96543539138067,2.024149853817903,-1.3540797601947892,,,,
grid,good,D:\Research\research-experiments\industrial-anomaly-detection\data\mvtec_ad\grid\test\good\001.png,0,layer2,0.75,1,0,40.269386291503906,38.96543539138067,2.024149853817903,0.6441968205386337,,,,
grid,good,D:\Research\research-experiments\industrial-anomaly-detection\data\mvtec_ad\grid\test\good\002.png,0,layer2,0.75,1,0,36.36472702026367,38.96543539138067,2.024149853817903,-1.2848398384198716,,,,
grid,good,D:\Research\research-experiments\industrial-anomaly-detection\data\mvtec_ad\grid\test\good\003.png,0,layer2,0.75,1,0,36.60346603393555,38.96543539138067,2.024149853817903,-1.1668945127704038,,,,
grid,good,D:\Research\research-experiments\industrial-anomaly-detection\data\mvtec_ad\grid\test\good\004.png,0,layer2,0.75,1,0,42.45245361328125,38.96543539138067,2.024149853817903,1.7227075432796868,,,,
grid,good,D:\Research\research-experiments\industrial-anomaly-detection\data\mvtec_ad\grid\test\good\005.png,0,layer2,0.75,1,0,42.26498031616211,38.96543539138067,2.024149853817903,1.6300892537960634,,,,
grid,good,D:\Research\research-experiments\industrial-anomaly-detection\data\mvtec_ad\grid\test\good\006.png,0,layer2,0.75,1,0,41.212886810302734,38.96543539138067,2.024149853817903,1.1103186924046025,,,,
grid,good,D:\Research\research-experiments\industrial-anomaly-detection\data\mvtec_ad\grid\test\good\007.png,0,layer2,0.75,1,0,38.557796478271484,38.96543539138067,2.024149853817903,-0.2013877146201947,,,,
grid,good,D:\Research\research-experiments\industrial-anomaly-detection\data\mvtec_ad\grid\test\good\008.png,0,layer2,0.75,1,0,38.994300842285156,38.96543539138067,2.024149853817903,0.01426053058771212,,,,
grid,good,D:\Research\research-experiments\industrial-anomaly-detection\data\mvtec_ad\grid\test\good\009.png,0,layer2,0.75,1,0,38.018653869628906,38.96543539138067,2.024149853817903,-0.4677428007447028,,,,
grid,good,D:\Research\research-experiments\industrial-anomaly-detection\data\mvtec_ad\grid\test\good\010.png,0,layer2,0.75,1,0,38.060428619384766,38.96543539138067,2.024149853817903,-0.44710463026682795,,,,
grid,good,D:\Research\research-experiments\industrial-anomaly-detection\data\mvtec_ad\grid\test\good\011.png,0,layer2,0.75,1,0,37.6064567565918,38.96543539138067,2.024149853817903,-0.6713824237003022,,,,
grid,good,D:\Research\research-experiments\industrial-anomaly-detection\data\mvtec_ad\grid\test\good\012.png,0,layer2,0.75,1,0,40.66617202758789,38.96543539138067,2.024149853817903,0.8402226905282377,,,,
grid,good,D:\Research\research-experiments\industrial-anomaly-detection\data\mvtec_ad\grid\test\good\013.png,0,layer2,0.75,1,0,40.49054718017578,38.96543539138067,2.024149853817903,0.7534579447853028,,,,
grid,good,D:\Research\research-experiments\industrial-anomaly-detection\data\mvtec_ad\grid\test\good\014.png,0,layer2,0.75,1,0,40.56308364868164,38.96543539138067,2.024149853817903,0.7892934677180752,,,,
grid,good,D:\Research\research-experiments\industrial-anomaly-detection\data\mvtec_ad\grid\test\good\015.png,0,layer2,0.75,1,0,35.55509948730469,38.96543539138067,2.024149853817903,-1.6848238274668703,,,,
grid,good,D:\Research\research-experiments\industrial-anomaly-detection\data\mvtec_ad\grid\test\good\016.png,0,layer2,0.75,1,0,40.89284133911133,38.96543539138067,2.024149853817903,0.9522051660825547,,,,
grid,good,D:\Research\research-experiments\industrial-anomaly-detection\data\mvtec_ad\grid\test\good\017.png,0,layer2,0.75,1,0,39.72566604614258,38.96543539138067,2.024149853817903,0.3755802236321467,,,,
grid,good,D:\Research\research-experiments\industrial-anomaly-detection\data\mvtec_ad\grid\test\good\018.png,0,layer2,0.75,1,0,38.93425369262695,38.96543539138067,2.024149853817903,-0.015404837094894791,,,,
grid,good,D:\Research\research-experiments\industrial-anomaly-detection\data\mvtec_ad\grid\test\good\019.png,0,layer2,0.75,1,0,37.49943923950195,38.96543539138067,2.024149853817903,-0.72425277659833,,,,
grid,good,D:\Research\research-experiments\industrial-anomaly-detection\data\mvtec_ad\grid\test\good\020.png,0,layer2,0.75,1,0,37.31692886352539,38.96543539138067,2.024149853817903,-0.8144192114758247,,,,
grid,bent,D:\Research\research-experiments\industrial-anomaly-detection\data\mvtec_ad\grid\test\bent\000.png,0,layer2,0.75,0,1,46.05488586425781,38.96543539138067,2.024149853817903,3.502433606634997,D:\Research\research-experiments\industrial-anomaly-detection\data\mvtec_ad\grid\ground_truth\bent\000_mask.png,5460,0.005207061767578125,-5.257739350413088
grid,bent,D:\Research\research-experiments\industrial-anomaly-detection\data\mvtec_ad\grid\test\bent\001.png,0,layer2,0.75,0,1,56.0101318359375,38.96543539138067,2.024149853817903,8.42066925648194,D:\Research\research-experiments\industrial-anomaly-detection\data\mvtec_ad\grid\ground_truth\bent\001_mask.png,4554,0.0043430328369140625,-5.439182134321405
grid,bent,D:\Research\research-experiments\industrial-anomaly-detection\data\mvtec_ad\grid\test\bent\002.png,0,layer2,0.75,0,1,52.20359420776367,38.96543539138067,2.024149853817903,6.540108081135149,D:\Research\research-experiments\industrial-anomaly-detection\data\mvtec_ad\grid\ground_truth\bent\002_mask.png,4315,0.004115104675292969,-5.493090764674223
grid,bent,D:\Research\research-experiments\industrial-anomaly-detection\data\mvtec_ad\grid\test\bent\003.png,0,layer2,0.75,0,1,60.18104934692383,38.96543539138067,2.024149853817903,10.481246690074242,D:\Research\research-experiments\industrial-anomaly-detection\data\mvtec_ad\grid\ground_truth\bent\003_mask.png,7860,0.007495880126953125,-4.893401592369047
grid,bent,D:\Research\research-experiments\industrial-anomaly-detection\data\mvtec_ad\grid\test\bent\004.png,0,layer2,0.75,0,1,47.713748931884766,38.96543539138067,2.024149853817903,4.3219693067700655,D:\Research\research-experiments\industrial-anomaly-detection\data\mvtec_ad\grid\ground_truth\bent\004_mask.png,8709,0.008305549621582031,-4.79083123810475
grid,bent,D:\Research\research-experiments\industrial-anomaly-detection\data\mvtec_ad\grid\test\bent\005.png,0,layer2,0.75,0,1,57.27874755859375,38.96543539138067,2.024149853817903,9.047409277860996,D:\Research\research-experiments\industrial-anomaly-detection\data\mvtec_ad\grid\ground_truth\bent\005_mask.png,14959,0.014266014099121094,-4.249875136727783
grid,bent,D:\Research\research-experiments\industrial-anomaly-detection\data\mvtec_ad\grid\test\bent\006.png,0,layer2,0.75,0,1,53.45037078857422,38.96543539138067,2.024149853817903,7.15605881149185,D:\Research\research-experiments\industrial-anomaly-detection\data\mvtec_ad\grid\ground_truth\bent\006_mask.png,22629,0.02158069610595703,-3.8359560163394586
grid,bent,D:\Research\research-experiments\industrial-anomaly-detection\data\mvtec_ad\grid\test\bent\007.png,0,layer2,0.75,0,1,48.15742111206055,38.96543539138067,2.024149853817903,4.541158700944088,D:\Research\research-experiments\industrial-anomaly-detection\data\mvtec_ad\grid\ground_truth\bent\007_mask.png,11967,0.011412620544433594,-4.473035383003099
grid,bent,D:\Research\research-experiments\industrial-anomaly-detection\data\mvtec_ad\grid\test\bent\008.png,0,layer2,0.75,0,1,47.86616134643555,38.96543539138067,2.024149853817903,4.39726630825605,D:\Research\research-experiments\industrial-anomaly-detection\data\mvtec_ad\grid\ground_truth\bent\008_mask.png,6220,0.005931854248046875,-5.1274182568843445
grid,bent,D:\Research\research-experiments\industrial-anomaly-detection\data\mvtec_ad\grid\test\bent\009.png,0,layer2,0.75,0,1,51.97907257080078,38.96543539138067,2.024149853817903,6.429186631056044,D:\Research\research-experiments\industrial-anomaly-detection\data\mvtec_ad\grid\ground_truth\bent\009_mask.png,14468,0.013797760009765625,-4.283248945651388
grid,bent,D:\Research\research-experiments\industrial-anomaly-detection\data\mvtec_ad\grid\test\bent\010.png,0,layer2,0.75,0,1,55.37587356567383,38.96543539138067,2.024149853817903,8.107323745492549,D:\Research\research-experiments\industrial-anomaly-detection\data\mvtec_ad\grid\ground_truth\bent\010_mask.png,19594,0.018686294555664062,-3.9799648817791624
grid,bent,D:\Research\research-experiments\industrial-anomaly-detection\data\mvtec_ad\grid\test\bent\011.png,0,layer2,0.75,0,1,57.80534744262695,38.96543539138067,2.024149853817903,9.307567824442883,D:\Research\research-experiments\industrial-anomaly-detection\data\mvtec_ad\grid\ground_truth\bent\011_mask.png,15136,0.014434814453125,-4.2381122506302935
grid,broken,D:\Research\research-experiments\industrial-anomaly-detection\data\mvtec_ad\grid\test\broken\000.png,0,layer2,0.75,0,1,50.20722198486328,38.96543539138067,2.024149853817903,5.553831191044783,D:\Research\research-experiments\industrial-anomaly-detection\data\mvtec_ad\grid\ground_truth\broken\000_mask.png,7428,0.007083892822265625,-4.9499315475609995
grid,broken,D:\Research\research-experiments\industrial-anomaly-detection\data\mvtec_ad\grid\test\broken\001.png,0,layer2,0.75,0,1,72.04193115234375,38.96543539138067,2.024149853817903,16.340932317128093,D:\Research\research-experiments\industrial-anomaly-detection\data\mvtec_ad\grid\ground_truth\broken\001_mask.png,24376,0.02324676513671875,-3.7615892475166244
grid,broken,D:\Research\research-experiments\industrial-anomaly-detection\data\mvtec_ad\grid\test\broken\002.png,0,layer2,0.75,0,1,51.58359909057617,38.96543539138067,2.024149853817903,6.2338090608239405,D:\Research\research-experiments\industrial-anomaly-detection\data\mvtec_ad\grid\ground_truth\broken\002_mask.png,2682,0.0025577545166015625,-5.968625156389424
grid,broken,D:\Research\research-experiments\industrial-anomaly-detection\data\mvtec_ad\grid\test\broken\003.png,0,layer2,0.75,0,1,61.47291564941406,38.96543539138067,2.024149853817903,11.119473301633434,D:\Research\research-experiments\industrial-anomaly-detection\data\mvtec_ad\grid\ground_truth\broken\003_mask.png,11860,0.011310577392578125,-4.482016850234378
grid,broken,D:\Research\research-experiments\industrial-anomaly-detection\data\mvtec_ad\grid\test\broken\004.png,0,layer2,0.75,0,1,67.56124877929688,38.96543539138067,2.024149853817903,14.127320333511603,D:\Research\research-experiments\industrial-anomaly-detection\data\mvtec_ad\grid\ground_truth\broken\004_mask.png,4616,0.00440216064453125,-5.425659575849818
grid,broken,D:\Research\research-experiments\industrial-anomaly-detection\data\mvtec_ad\grid\test\broken\005.png,0,layer2,0.75,0,1,49.5001106262207,38.96543539138067,2.024149853817903,5.2044937359602,D:\Research\research-experiments\industrial-anomaly-detection\data\mvtec_ad\grid\ground_truth\broken\005_mask.png,6628,0.006320953369140625,-5.063885074448482
grid,broken,D:\Research\research-experiments\industrial-anomaly-detection\data\mvtec_ad\grid\test\broken\006.png,0,layer2,0.75,0,1,58.42652893066406,38.96543539138067,2.024149853817903,9.614452952965088,D:\Research\research-experiments\industrial-anomaly-detection\data\mvtec_ad\grid\ground_truth\broken\006_mask.png,5489,0.005234718322753906,-5.2524420516167885
grid,broken,D:\Research\research-experiments\industrial-anomaly-detection\data\mvtec_ad\grid\test\broken\007.png,0,layer2,0.75,0,1,57.19180679321289,38.96543539138067,2.024149853817903,9.004457534334264,D:\Research\research-experiments\industrial-anomaly-detection\data\mvtec_ad\grid\ground_truth\broken\007_mask.png,4852,0.004627227783203125,-5.37579712502287
grid,broken,D:\Research\research-experiments\industrial-anomaly-detection\data\mvtec_ad\grid\test\broken\008.png,0,layer2,0.75,0,1,45.452880859375,38.96543539138067,2.024149853817903,3.205022323696965,D:\Research\research-experiments\industrial-anomaly-detection\data\mvtec_ad\grid\ground_truth\broken\008_mask.png,4135,0.003943443298339844,-5.535700750155657
grid,broken,D:\Research\research-experiments\industrial-anomaly-detection\data\mvtec_ad\grid\test\broken\009.png,0,layer2,0.75,0,1,59.40615463256836,38.96543539138067,2.024149853817903,10.098421914085506,D:\Research\research-experiments\industrial-anomaly-detection\data\mvtec_ad\grid\ground_truth\broken\009_mask.png,6307,0.006014823913574219,-5.113528038279362
grid,broken,D:\Research\research-experiments\industrial-anomaly-detection\data\mvtec_ad\grid\test\broken\010.png,0,layer2,0.75,0,1,58.68152618408203,38.96543539138067,2.024149853817903,9.740430411075216,D:\Research\research-experiments\industrial-anomaly-detection\data\mvtec_ad\grid\ground_truth\broken\010_mask.png,5170,0.0049304962158203125,-5.31231544087711
grid,broken,D:\Research\research-experiments\industrial-anomaly-detection\data\mvtec_ad\grid\test\broken\011.png,0,layer2,0.75,0,1,52.13346481323242,38.96543539138067,2.024149853817903,6.505461735955234,D:\Research\research-experiments\industrial-anomaly-detection\data\mvtec_ad\grid\ground_truth\broken\011_mask.png,4002,0.0038166046142578125,-5.5683938340422685
grid,glue,D:\Research\research-experiments\industrial-anomaly-detection\data\mvtec_ad\grid\test\glue\000.png,0,layer2,0.75,0,1,56.73529815673828,38.96543539138067,2.024149853817903,8.77892648700911,D:\Research\research-experiments\industrial-anomaly-detection\data\mvtec_ad\grid\ground_truth\glue\000_mask.png,5771,0.005503654479980469,-5.2023427747905036
grid,glue,D:\Research\research-experiments\industrial-anomaly-detection\data\mvtec_ad\grid\test\glue\001.png,0,layer2,0.75,0,1,40.94288635253906,38.96543539138067,2.024149853817903,0.9769291327065379,D:\Research\research-experiments\industrial-anomaly-detection\data\mvtec_ad\grid\ground_truth\glue\001_mask.png,5019,0.004786491394042969,-5.341957412622695
grid,glue,D:\Research\research-experiments\industrial-anomaly-detection\data\mvtec_ad\grid\test\glue\002.png,0,layer2,0.75,0,1,50.69707489013672,38.96543539138067,2.024149853817903,5.7958354598243345,D:\Research\research-experiments\industrial-anomaly-detection\data\mvtec_ad\grid\ground_truth\glue\002_mask.png,5399,0.005148887634277344,-5.268974386763931
grid,glue,D:\Research\research-experiments\industrial-anomaly-detection\data\mvtec_ad\grid\test\glue\003.png,0,layer2,0.75,0,1,52.08193588256836,38.96543539138067,2.024149853817903,6.480004662919426,D:\Research\research-experiments\industrial-anomaly-detection\data\mvtec_ad\grid\ground_truth\glue\003_mask.png,4794,0.0045719146728515625,-5.3878229774778585
grid,glue,D:\Research\research-experiments\industrial-anomaly-detection\data\mvtec_ad\grid\test\glue\004.png,0,layer2,0.75,0,1,51.0936279296875,38.96543539138067,2.024149853817903,5.991746369682521,D:\Research\research-experiments\industrial-anomaly-detection\data\mvtec_ad\grid\ground_truth\glue\004_mask.png,7696,0.0073394775390625,-4.914487482603893
grid,glue,D:\Research\research-experiments\industrial-anomaly-detection\data\mvtec_ad\grid\test\glue\005.png,0,layer2,0.75,0,1,58.44594192504883,38.96543539138067,2.024149853817903,9.624043643272996,D:\Research\research-experiments\industrial-anomaly-detection\data\mvtec_ad\grid\ground_truth\glue\005_mask.png,2542,0.0024242401123046875,-6.022236746949199
grid,glue,D:\Research\research-experiments\industrial-anomaly-detection\data\mvtec_ad\grid\test\glue\006.png,0,layer2,0.75,0,1,38.12729263305664,38.96543539138067,2.024149853817903,-0.41407149611139094,D:\Research\research-experiments\industrial-anomaly-detection\data\mvtec_ad\grid\ground_truth\glue\006_mask.png,4838,0.0046138763427734375,-5.3786867032914625
grid,glue,D:\Research\research-experiments\industrial-anomaly-detection\data\mvtec_ad\grid\test\glue\007.png,0,layer2,0.75,0,1,47.12919235229492,38.96543539138067,2.024149853817903,4.03317814909601,D:\Research\research-experiments\industrial-anomaly-detection\data\mvtec_ad\grid\ground_truth\glue\007_mask.png,5125,0.004887580871582031,-5.321057602592123
grid,glue,D:\Research\research-experiments\industrial-anomaly-detection\data\mvtec_ad\grid\test\glue\008.png,0,layer2,0.75,0,1,45.186763763427734,38.96543539138067,2.024149853817903,3.0735512789789454,D:\Research\research-experiments\industrial-anomaly-detection\data\mvtec_ad\grid\ground_truth\glue\008_mask.png,2384,0.0022735595703125,-6.086408143174836
grid,glue,D:\Research\research-experiments\industrial-anomaly-detection\data\mvtec_ad\grid\test\glue\009.png,0,layer2,0.75,0,1,55.863914489746094,38.96543539138067,2.024149853817903,8.3484328329209,D:\Research\research-experiments\industrial-anomaly-detection\data\mvtec_ad\grid\ground_truth\glue\009_mask.png,6548,0.006244659423828125,-5.076028512571058
grid,glue,D:\Research\research-experiments\industrial-anomaly-detection\data\mvtec_ad\grid\test\glue\010.png,0,layer2,0.75,0,1,53.10484313964844,38.96543539138067,2.024149853817903,6.985356208483454,D:\Research\research-experiments\industrial-anomaly-detection\data\mvtec_ad\grid\ground_truth\glue\010_mask.png,6811,0.006495475769042969,-5.036649226004289
grid,metal_contamination,D:\Research\research-experiments\industrial-anomaly-detection\data\mvtec_ad\grid\test\metal_contamination\000.png,0,layer2,0.75,0,1,57.37566375732422,38.96543539138067,2.024149853817903,9.095289230300125,D:\Research\research-experiments\industrial-anomaly-detection\data\mvtec_ad\grid\ground_truth\metal_contamination\000_mask.png,2624,0.00250244140625,-5.990488061525251
grid,metal_contamination,D:\Research\research-experiments\industrial-anomaly-detection\data\mvtec_ad\grid\test\metal_contamination\001.png,0,layer2,0.75,0,1,64.19699096679688,38.96543539138067,2.024149853817903,12.46526067614265,D:\Research\research-experiments\industrial-anomaly-detection\data\mvtec_ad\grid\ground_truth\metal_contamination\001_mask.png,7452,0.007106781005859375,-4.946705738766755
grid,metal_contamination,D:\Research\research-experiments\industrial-anomaly-detection\data\mvtec_ad\grid\test\metal_contamination\002.png,0,layer2,0.75,0,1,72.45701599121094,38.96543539138067,2.024149853817903,16.54599857646866,D:\Research\research-experiments\industrial-anomaly-detection\data\mvtec_ad\grid\ground_truth\metal_contamination\002_mask.png,4647,0.004431724548339844,-5.418966256468161
grid,metal_contamination,D:\Research\research-experiments\industrial-anomaly-detection\data\mvtec_ad\grid\test\metal_contamination\003.png,0,layer2,0.75,0,1,60.18284225463867,38.96543539138067,2.024149853817903,10.48213244846385,D:\Research\research-experiments\industrial-anomaly-detection\data\mvtec_ad\grid\ground_truth\metal_contamination\003_mask.png,8548,0.008152008056640625,-4.809490872090713
grid,metal_contamination,D:\Research\research-experiments\industrial-anomaly-detection\data\mvtec_ad\grid\test\metal_contamination\004.png,0,layer2,0.75,0,1,54.510154724121094,38.96543539138067,2.024149853817903,7.679628710997036,D:\Research\research-experiments\industrial-anomaly-detection\data\mvtec_ad\grid\ground_truth\metal_contamination\004_mask.png,4391,0.004187583923339844,-5.475631101836033
grid,metal_contamination,D:\Research\research-experiments\industrial-anomaly-detection\data\mvtec_ad\grid\test\metal_contamination\005.png,0,layer2,0.75,0,1,57.27949523925781,38.96543539138067,2.024149853817903,9.047778657955387,D:\Research\research-experiments\industrial-anomaly-detection\data\mvtec_ad\grid\ground_truth\metal_contamination\005_mask.png,4072,0.00388336181640625,-5.551053795459739
grid,metal_contamination,D:\Research\research-experiments\industrial-anomaly-detection\data\mvtec_ad\grid\test\metal_contamination\006.png,0,layer2,0.75,0,1,48.90452575683594,38.96543539138067,2.024149853817903,4.910254221893893,D:\Research\research-experiments\industrial-anomaly-detection\data\mvtec_ad\grid\ground_truth\metal_contamination\006_mask.png,3131,0.0029859542846679688,-5.813835554971247
grid,metal_contamination,D:\Research\research-experiments\industrial-anomaly-detection\data\mvtec_ad\grid\test\metal_contamination\007.png,0,layer2,0.75,0,1,49.47172164916992,38.96543539138067,2.024149853817903,5.190468599927295,D:\Research\research-experiments\industrial-anomaly-detection\data\mvtec_ad\grid\ground_truth\metal_contamination\007_mask.png,1976,0.00188446044921875,-6.274113202235363
grid,metal_contamination,D:\Research\research-experiments\industrial-anomaly-detection\data\mvtec_ad\grid\test\metal_contamination\008.png,0,layer2,0.75,0,1,56.36556625366211,38.96543539138067,2.024149853817903,8.596266145741001,D:\Research\research-experiments\industrial-anomaly-detection\data\mvtec_ad\grid\ground_truth\metal_contamination\008_mask.png,4243,0.004046440124511719,-5.509917518865808
grid,metal_contamination,D:\Research\research-experiments\industrial-anomaly-detection\data\mvtec_ad\grid\test\metal_contamination\009.png,0,layer2,0.75,0,1,41.81034851074219,38.96543539138067,2.024149853817903,1.4054854258915206,D:\Research\research-experiments\industrial-anomaly-detection\data\mvtec_ad\grid\ground_truth\metal_contamination\009_mask.png,4249,0.004052162170410156,-5.508504424302294
grid,metal_contamination,D:\Research\research-experiments\industrial-anomaly-detection\data\mvtec_ad\grid\test\metal_contamination\010.png,0,layer2,0.75,0,1,54.80642318725586,38.96543539138067,2.024149853817903,7.825995573399022,D:\Research\research-experiments\industrial-anomaly-detection\data\mvtec_ad\grid\ground_truth\metal_contamination\010_mask.png,5163,0.004923820495605469,-5.313670323224953
grid,thread,D:\Research\research-experiments\industrial-anomaly-detection\data\mvtec_ad\grid\test\thread\000.png,0,layer2,0.75,0,1,54.72471618652344,38.96543539138067,2.024149853817903,7.785629490533019,D:\Research\research-experiments\industrial-anomaly-detection\data\mvtec_ad\grid\ground_truth\thread\000_mask.png,7354,0.0070133209228515625,-4.9599438067518955
grid,thread,D:\Research\research-experiments\industrial-anomaly-detection\data\mvtec_ad\grid\test\thread\001.png,0,layer2,0.75,0,1,73.16973876953125,38.96543539138067,2.024149853817903,16.898108266853484,D:\Research\research-experiments\industrial-anomaly-detection\data\mvtec_ad\grid\ground_truth\thread\001_mask.png,14256,0.0135955810546875,-4.298010387935007
grid,thread,D:\Research\research-experiments\industrial-anomaly-detection\data\mvtec_ad\grid\test\thread\002.png,0,layer2,0.75,0,1,41.73053741455078,38.96543539138067,2.024149853817903,1.36605598540772,D:\Research\research-experiments\industrial-anomaly-detection\data\mvtec_ad\grid\ground_truth\thread\002_mask.png,15995,0.015254020690917969,-4.182912093258803
grid,thread,D:\Research\research-experiments\industrial-anomaly-detection\data\mvtec_ad\grid\test\thread\003.png,0,layer2,0.75,0,1,38.1016960144043,38.96543539138067,2.024149853817903,-0.42671711056728906,D:\Research\research-experiments\industrial-anomaly-detection\data\mvtec_ad\grid\ground_truth\thread\003_mask.png,18349,0.01749897003173828,-4.045613197967734
grid,thread,D:\Research\research-experiments\industrial-anomaly-detection\data\mvtec_ad\grid\test\thread\004.png,0,layer2,0.75,0,1,46.76628875732422,38.96543539138067,2.024149853817903,3.8538912280776856,D:\Research\research-experiments\industrial-anomaly-detection\data\mvtec_ad\grid\ground_truth\thread\004_mask.png,32883,0.03135967254638672,-3.4622324934269857
grid,thread,D:\Research\research-experiments\industrial-anomaly-detection\data\mvtec_ad\grid\test\thread\005.png,0,layer2,0.75,0,1,64.06719970703125,38.96543539138067,2.024149853817903,12.401139307104279,D:\Research\research-experiments\industrial-anomaly-detection\data\mvtec_ad\grid\ground_truth\thread\005_mask.png,15724,0.014995574951171875,-4.2000000579708185
grid,thread,D:\Research\research-experiments\industrial-anomaly-detection\data\mvtec_ad\grid\test\thread\006.png,0,layer2,0.75,0,1,46.34843063354492,38.96543539138067,2.024149853817903,3.6474548701217056,D:\Research\research-experiments\industrial-anomaly-detection\data\mvtec_ad\grid\ground_truth\thread\006_mask.png,16043,0.015299797058105469,-4.179915649487488
grid,thread,D:\Research\research-experiments\industrial-anomaly-detection\data\mvtec_ad\grid\test\thread\007.png,0,layer2,0.75,0,1,39.299564361572266,38.96543539138067,2.024149853817903,0.16507126167628672,D:\Research\research-experiments\industrial-anomaly-detection\data\mvtec_ad\grid\ground_truth\thread\007_mask.png,33899,0.03232860565185547,-3.431802785858171
grid,thread,D:\Research\research-experiments\industrial-anomaly-detection\data\mvtec_ad\grid\test\thread\008.png,0,layer2,0.75,0,1,43.69087219238281,38.96543539138067,2.024149853817903,2.334529131866958,D:\Research\research-experiments\industrial-anomaly-detection\data\mvtec_ad\grid\ground_truth\thread\008_mask.png,37555,0.03581523895263672,-3.3293817791577185
grid,thread,D:\Research\research-experiments\industrial-anomaly-detection\data\mvtec_ad\grid\test\thread\009.png,0,layer2,0.75,0,1,44.44816207885742,38.96543539138067,2.024149853817903,2.708656514306666,D:\Research\research-experiments\industrial-anomaly-detection\data\mvtec_ad\grid\ground_truth\thread\009_mask.png,16580,0.015811920166015625,-4.146991119266197
grid,thread,D:\Research\research-experiments\industrial-anomaly-detection\data\mvtec_ad\grid\test\thread\010.png,0,layer2,0.75,0,1,46.89847183227539,38.96543539138067,2.024149853817903,3.9191942364996417,D:\Research\research-experiments\industrial-anomaly-detection\data\mvtec_ad\grid\ground_truth\thread\010_mask.png,25467,0.02428722381591797,-3.7178047946189183
grid,good,D:\Research\research-experiments\industrial-anomaly-detection\data\mvtec_ad\grid\test\good\000.png,0,layer2,1.0,1,0,42.12322235107422,45.70873278663272,2.551301816306957,-1.4053650621189842,,,,
grid,good,D:\Research\research-experiments\industrial-anomaly-detection\data\mvtec_ad\grid\test\good\001.png,0,layer2,1.0,1,0,46.31390380859375,45.70873278663272,2.551301816306957,0.23720087450767394,,,,
grid,good,D:\Research\research-experiments\industrial-anomaly-detection\data\mvtec_ad\grid\test\good\002.png,0,layer2,1.0,1,0,41.30712127685547,45.70873278663272,2.551301816306957,-1.7252413970169334,,,,
grid,good,D:\Research\research-experiments\industrial-anomaly-detection\data\mvtec_ad\grid\test\good\003.png,0,layer2,1.0,1,0,44.0763053894043,45.70873278663272,2.551301816306957,-0.6398409575827395,,,,
grid,good,D:\Research\research-experiments\industrial-anomaly-detection\data\mvtec_ad\grid\test\good\004.png,0,layer2,1.0,1,0,48.8712043762207,45.70873278663272,2.551301816306957,1.239552125653914,,,,
grid,good,D:\Research\research-experiments\industrial-anomaly-detection\data\mvtec_ad\grid\test\good\005.png,0,layer2,1.0,1,0,49.2518196105957,45.70873278663272,2.551301816306957,1.3887368406657763,,,,
grid,good,D:\Research\research-experiments\industrial-anomaly-detection\data\mvtec_ad\grid\test\good\006.png,0,layer2,1.0,1,0,48.69697952270508,45.70873278663272,2.551301816306957,1.1712635161283589,,,,
grid,good,D:\Research\research-experiments\industrial-anomaly-detection\data\mvtec_ad\grid\test\good\007.png,0,layer2,1.0,1,0,46.46171569824219,45.70873278663272,2.551301816306957,0.2951367442286453,,,,
grid,good,D:\Research\research-experiments\industrial-anomaly-detection\data\mvtec_ad\grid\test\good\008.png,0,layer2,1.0,1,0,47.245697021484375,45.70873278663272,2.551301816306957,0.6024235255225224,,,,
grid,good,D:\Research\research-experiments\industrial-anomaly-detection\data\mvtec_ad\grid\test\good\009.png,0,layer2,1.0,1,0,44.454368591308594,45.70873278663272,2.551301816306957,-0.4916565289558088,,,,
grid,good,D:\Research\research-experiments\industrial-anomaly-detection\data\mvtec_ad\grid\test\good\010.png,0,layer2,1.0,1,0,43.38056182861328,45.70873278663272,2.551301816306957,-0.9125423511787796,,,,
grid,good,D:\Research\research-experiments\industrial-anomaly-detection\data\mvtec_ad\grid\test\good\011.png,0,layer2,1.0,1,0,42.58951187133789,45.70873278663272,2.551301816306957,-1.2225997313833867,,,,
grid,good,D:\Research\research-experiments\industrial-anomaly-detection\data\mvtec_ad\grid\test\good\012.png,0,layer2,1.0,1,0,48.29587173461914,45.70873278663272,2.551301816306957,1.0140466061092432,,,,
grid,good,D:\Research\research-experiments\industrial-anomaly-detection\data\mvtec_ad\grid\test\good\013.png,0,layer2,1.0,1,0,47.42927932739258,45.70873278663272,2.551301816306957,0.6743798517928267,,,,
grid,good,D:\Research\research-experiments\industrial-anomaly-detection\data\mvtec_ad\grid\test\good\014.png,0,layer2,1.0,1,0,47.37078857421875,45.70873278663272,2.551301816306957,0.6514540055444614,,,,
grid,good,D:\Research\research-experiments\industrial-anomaly-detection\data\mvtec_ad\grid\test\good\015.png,0,layer2,1.0,1,0,42.0859489440918,45.70873278663272,2.551301816306957,-1.4199746260459898,,,,
grid,good,D:\Research\research-experiments\industrial-anomaly-detection\data\mvtec_ad\grid\test\good\016.png,0,layer2,1.0,1,0,49.622928619384766,45.70873278663272,2.551301816306957,1.534195526273678,,,,
grid,good,D:\Research\research-experiments\industrial-anomaly-detection\data\mvtec_ad\grid\test\good\017.png,0,layer2,1.0,1,0,45.63796615600586,45.70873278663272,2.551301816306957,-0.02773745943131853,,,,
grid,good,D:\Research\research-experiments\industrial-anomaly-detection\data\mvtec_ad\grid\test\good\018.png,0,layer2,1.0,1,0,45.66502380371094,45.70873278663272,2.551301816306957,-0.01713203143681946,,,,
grid,good,D:\Research\research-experiments\industrial-anomaly-detection\data\mvtec_ad\grid\test\good\019.png,0,layer2,1.0,1,0,44.533042907714844,45.70873278663272,2.551301816306957,-0.46081959860778277,,,,
grid,good,D:\Research\research-experiments\industrial-anomaly-detection\data\mvtec_ad\grid\test\good\020.png,0,layer2,1.0,1,0,44.47012710571289,45.70873278663272,2.551301816306957,-0.4854798726685854,,,,
grid,bent,D:\Research\research-experiments\industrial-anomaly-detection\data\mvtec_ad\grid\test\bent\000.png,0,layer2,1.0,0,1,50.61534118652344,45.70873278663272,2.551301816306957,1.9231783431225298,D:\Research\research-experiments\industrial-anomaly-detection\data\mvtec_ad\grid\ground_truth\bent\000_mask.png,5460,0.005207061767578125,-5.257739350413088
grid,bent,D:\Research\research-experiments\industrial-anomaly-detection\data\mvtec_ad\grid\test\bent\001.png,0,layer2,1.0,0,1,62.539337158203125,45.70873278663272,2.551301816306957,6.596869199871038,D:\Research\research-experiments\industrial-anomaly-detection\data\mvtec_ad\grid\ground_truth\bent\001_mask.png,4554,0.0043430328369140625,-5.439182134321405
grid,bent,D:\Research\research-experiments\industrial-anomaly-detection\data\mvtec_ad\grid\test\bent\002.png,0,layer2,1.0,0,1,59.57905578613281,45.70873278663272,2.551301816306957,5.436566897278176,D:\Research\research-experiments\industrial-anomaly-detection\data\mvtec_ad\grid\ground_truth\bent\002_mask.png,4315,0.004115104675292969,-5.493090764674223
grid,bent,D:\Research\research-experiments\industrial-anomaly-detection\data\mvtec_ad\grid\test\bent\003.png,0,layer2,1.0,0,1,65.05247497558594,45.70873278663272,2.551301816306957,7.581910562409874,D:\Research\research-experiments\industrial-anomaly-detection\data\mvtec_ad\grid\ground_truth\bent\003_mask.png,7860,0.007495880126953125,-4.893401592369047
grid,bent,D:\Research\research-experiments\industrial-anomaly-detection\data\mvtec_ad\grid\test\bent\004.png,0,layer2,1.0,0,1,52.84769821166992,45.70873278663272,2.551301816306957,2.7981657753730387,D:\Research\research-experiments\industrial-anomaly-detection\data\mvtec_ad\grid\ground_truth\bent\004_mask.png,8709,0.008305549621582031,-4.79083123810475
grid,bent,D:\Research\research-experiments\industrial-anomaly-detection\data\mvtec_ad\grid\test\bent\005.png,0,layer2,1.0,0,1,64.18429565429688,45.70873278663272,2.551301816306957,7.241621806395204,D:\Research\research-experiments\industrial-anomaly-detection\data\mvtec_ad\grid\ground_truth\bent\005_mask.png,14959,0.014266014099121094,-4.249875136727783
grid,bent,D:\Research\research-experiments\industrial-anomaly-detection\data\mvtec_ad\grid\test\bent\006.png,0,layer2,1.0,0,1,60.842411041259766,45.70873278663272,2.551301816306957,5.931747532925462,D:\Research\research-experiments\industrial-anomaly-detection\data\mvtec_ad\grid\ground_truth\bent\006_mask.png,22629,0.02158069610595703,-3.8359560163394586
grid,bent,D:\Research\research-experiments\industrial-anomaly-detection\data\mvtec_ad\grid\test\bent\007.png,0,layer2,1.0,0,1,54.84746170043945,45.70873278663272,2.551301816306957,3.5819865981341086,D:\Research\research-experiments\industrial-anomaly-detection\data\mvtec_ad\grid\ground_truth\bent\007_mask.png,11967,0.011412620544433594,-4.473035383003099
grid,bent,D:\Research\research-experiments\industrial-anomaly-detection\data\mvtec_ad\grid\test\bent\008.png,0,layer2,1.0,0,1,55.70882034301758,45.70873278663272,2.551301816306957,3.919601943003401,D:\Research\research-experiments\industrial-anomaly-detection\data\mvtec_ad\grid\ground_truth\bent\008_mask.png,6220,0.005931854248046875,-5.1274182568843445
grid,bent,D:\Research\research-experiments\industrial-anomaly-detection\data\mvtec_ad\grid\test\bent\009.png,0,layer2,1.0,0,1,57.762184143066406,45.70873278663272,2.551301816306957,4.724431770240814,D:\Research\research-experiments\industrial-anomaly-detection\data\mvtec_ad\grid\ground_truth\bent\009_mask.png,14468,0.013797760009765625,-4.283248945651388
grid,bent,D:\Research\research-experiments\industrial-anomaly-detection\data\mvtec_ad\grid\test\bent\010.png,0,layer2,1.0,0,1,59.98160934448242,45.70873278663272,2.551301816306957,5.594350486729114,D:\Research\research-experiments\industrial-anomaly-detection\data\mvtec_ad\grid\ground_truth\bent\010_mask.png,19594,0.018686294555664062,-3.9799648817791624
grid,bent,D:\Research\research-experiments\industrial-anomaly-detection\data\mvtec_ad\grid\test\bent\011.png,0,layer2,1.0,0,1,63.04038619995117,45.70873278663272,2.551301816306957,6.79325876011261,D:\Research\research-experiments\industrial-anomaly-detection\data\mvtec_ad\grid\ground_truth\bent\011_mask.png,15136,0.014434814453125,-4.2381122506302935
grid,broken,D:\Research\research-experiments\industrial-anomaly-detection\data\mvtec_ad\grid\test\broken\000.png,0,layer2,1.0,0,1,54.2882194519043,45.70873278663272,2.551301816306957,3.362787816962594,D:\Research\research-experiments\industrial-anomaly-detection\data\mvtec_ad\grid\ground_truth\broken\000_mask.png,7428,0.007083892822265625,-4.9499315475609995
grid,broken,D:\Research\research-experiments\industrial-anomaly-detection\data\mvtec_ad\grid\test\broken\001.png,0,layer2,1.0,0,1,81.05477142333984,45.70873278663272,2.551301816306957,13.85411887013469,D:\Research\research-experiments\industrial-anomaly-detection\data\mvtec_ad\grid\ground_truth\broken\001_mask.png,24376,0.02324676513671875,-3.7615892475166244
grid,broken,D:\Research\research-experiments\industrial-anomaly-detection\data\mvtec_ad\grid\test\broken\002.png,0,layer2,1.0,0,1,61.72156524658203,45.70873278663272,2.551301816306957,6.276337968954254,D:\Research\research-experiments\industrial-anomaly-detection\data\mvtec_ad\grid\ground_truth\broken\002_mask.png,2682,0.0025577545166015625,-5.968625156389424
grid,broken,D:\Research\research-experiments\industrial-anomaly-detection\data\mvtec_ad\grid\test\broken\003.png,0,layer2,1.0,0,1,67.2964859008789,45.70873278663272,2.551301816306957,8.46146581963193,D:\Research\research-experiments\industrial-anomaly-detection\data\mvtec_ad\grid\ground_truth\broken\003_mask.png,11860,0.011310577392578125,-4.482016850234378
grid,broken,D:\Research\research-experiments\industrial-anomaly-detection\data\mvtec_ad\grid\test\broken\004.png,0,layer2,1.0,0,1,73.67591857910156,45.70873278663272,2.551301816306957,10.96192759857464,D:\Research\research-experiments\industrial-anomaly-detection\data\mvtec_ad\grid\ground_truth\broken\004_mask.png,4616,0.00440216064453125,-5.425659575849818
grid,broken,D:\Research\research-experiments\industrial-anomaly-detection\data\mvtec_ad\grid\test\broken\005.png,0,layer2,1.0,0,1,54.54416275024414,45.70873278663272,2.551301816306957,3.463106523555421,D:\Research\research-experiments\industrial-anomaly-detection\data\mvtec_ad\grid\ground_truth\broken\005_mask.png,6628,0.006320953369140625,-5.063885074448482
grid,broken,D:\Research\research-experiments\industrial-anomaly-detection\data\mvtec_ad\grid\test\broken\006.png,0,layer2,1.0,0,1,66.22303771972656,45.70873278663272,2.551301816306957,8.040720545869624,D:\Research\research-experiments\industrial-anomaly-detection\data\mvtec_ad\grid\ground_truth\broken\006_mask.png,5489,0.005234718322753906,-5.2524420516167885
grid,broken,D:\Research\research-experiments\industrial-anomaly-detection\data\mvtec_ad\grid\test\broken\007.png,0,layer2,1.0,0,1,65.39096069335938,45.70873278663272,2.551301816306957,7.71458232849022,D:\Research\research-experiments\industrial-anomaly-detection\data\mvtec_ad\grid\ground_truth\broken\007_mask.png,4852,0.004627227783203125,-5.37579712502287
grid,broken,D:\Research\research-experiments\industrial-anomaly-detection\data\mvtec_ad\grid\test\broken\008.png,0,layer2,1.0,0,1,51.159793853759766,45.70873278663272,2.551301816306957,2.136580247889889,D:\Research\research-experiments\industrial-anomaly-detection\data\mvtec_ad\grid\ground_truth\broken\008_mask.png,4135,0.003943443298339844,-5.535700750155657
grid,broken,D:\Research\research-experiments\industrial-anomaly-detection\data\mvtec_ad\grid\test\broken\009.png,0,layer2,1.0,0,1,63.40395736694336,45.70873278663272,2.551301816306957,6.9357629376538075,D:\Research\research-experiments\industrial-anomaly-detection\data\mvtec_ad\grid\ground_truth\broken\009_mask.png,6307,0.006014823913574219,-5.113528038279362
grid,broken,D:\Research\research-experiments\industrial-anomaly-detection\data\mvtec_ad\grid\test\broken\010.png,0,layer2,1.0,0,1,64.41482543945312,45.70873278663272,2.551301816306957,7.331979514637635,D:\Research\research-experiments\industrial-anomaly-detection\data\mvtec_ad\grid\ground_truth\broken\010_mask.png,5170,0.0049304962158203125,-5.31231544087711
grid,broken,D:\Research\research-experiments\industrial-anomaly-detection\data\mvtec_ad\grid\test\broken\011.png,0,layer2,1.0,0,1,57.29299545288086,45.70873278663272,2.551301816306957,4.540530090248793,D:\Research\research-experiments\industrial-anomaly-detection\data\mvtec_ad\grid\ground_truth\broken\011_mask.png,4002,0.0038166046142578125,-5.5683938340422685
grid,glue,D:\Research\research-experiments\industrial-anomaly-detection\data\mvtec_ad\grid\test\glue\000.png,0,layer2,1.0,0,1,64.24240112304688,45.70873278663272,2.551301816306957,7.264396637808176,D:\Research\research-experiments\industrial-anomaly-detection\data\mvtec_ad\grid\ground_truth\glue\000_mask.png,5771,0.005503654479980469,-5.2023427747905036
grid,glue,D:\Research\research-experiments\industrial-anomaly-detection\data\mvtec_ad\grid\test\glue\001.png,0,layer2,1.0,0,1,46.88471984863281,45.70873278663272,2.551301816306957,0.4609360815265464,D:\Research\research-experiments\industrial-anomaly-detection\data\mvtec_ad\grid\ground_truth\glue\001_mask.png,5019,0.004786491394042969,-5.341957412622695
grid,glue,D:\Research\research-experiments\industrial-anomaly-detection\data\mvtec_ad\grid\test\glue\002.png,0,layer2,1.0,0,1,56.060787200927734,45.70873278663272,2.551301816306957,4.057557733126121,D:\Research\research-experiments\industrial-anomaly-detection\data\mvtec_ad\grid\ground_truth\glue\002_mask.png,5399,0.005148887634277344,-5.268974386763931
grid,glue,D:\Research\research-experiments\industrial-anomaly-detection\data\mvtec_ad\grid\test\glue\003.png,0,layer2,1.0,0,1,58.414794921875,45.70873278663272,2.551301816306957,4.98022697825476,D:\Research\research-experiments\industrial-anomaly-detection\data\mvtec_ad\grid\ground_truth\glue\003_mask.png,4794,0.0045719146728515625,-5.3878229774778585
grid,glue,D:\Research\research-experiments\industrial-anomaly-detection\data\mvtec_ad\grid\test\glue\004.png,0,layer2,1.0,0,1,57.86876678466797,45.70873278663272,2.551301816306957,4.766207557378317,D:\Research\research-experiments\industrial-anomaly-detection\data\mvtec_ad\grid\ground_truth\glue\004_mask.png,7696,0.0073394775390625,-4.914487482603893
grid,glue,D:\Research\research-experiments\industrial-anomaly-detection\data\mvtec_ad\grid\test\glue\005.png,0,layer2,1.0,0,1,64.40152740478516,45.70873278663272,2.551301816306957,7.326767260021983,D:\Research\research-experiments\industrial-anomaly-detection\data\mvtec_ad\grid\ground_truth\glue\005_mask.png,2542,0.0024242401123046875,-6.022236746949199
grid,glue,D:\Research\research-experiments\industrial-anomaly-detection\data\mvtec_ad\grid\test\glue\006.png,0,layer2,1.0,0,1,42.34086227416992,45.70873278663272,2.551301816306957,-1.3200596224784718,D:\Research\research-experiments\industrial-anomaly-detection\data\mvtec_ad\grid\ground_truth\glue\006_mask.png,4838,0.0046138763427734375,-5.3786867032914625
grid,glue,D:\Research\research-experiments\industrial-anomaly-detection\data\mvtec_ad\grid\test\glue\007.png,0,layer2,1.0,0,1,53.330284118652344,45.70873278663272,2.551301816306957,2.987318585086854,D:\Research\research-experiments\industrial-anomaly-detection\data\mvtec_ad\grid\ground_truth\glue\007_mask.png,5125,0.004887580871582031,-5.321057602592123
grid,glue,D:\Research\research-experiments\industrial-anomaly-detection\data\mvtec_ad\grid\test\glue\008.png,0,layer2,1.0,0,1,52.60301971435547,45.70873278663272,2.551301816306957,2.7022623837199773,D:\Research\research-experiments\industrial-anomaly-detection\data\mvtec_ad\grid\ground_truth\glue\008_mask.png,2384,0.0022735595703125,-6.086408143174836
grid,glue,D:\Research\research-experiments\industrial-anomaly-detection\data\mvtec_ad\grid\test\glue\009.png,0,layer2,1.0,0,1,61.814231872558594,45.70873278663272,2.551301816306957,6.312659279660919,D:\Research\research-experiments\industrial-anomaly-detection\data\mvtec_ad\grid\ground_truth\glue\009_mask.png,6548,0.006244659423828125,-5.076028512571058
grid,glue,D:\Research\research-experiments\industrial-anomaly-detection\data\mvtec_ad\grid\test\glue\010.png,0,layer2,1.0,0,1,58.21744918823242,45.70873278663272,2.551301816306957,4.902875983409219,D:\Research\research-experiments\industrial-anomaly-detection\data\mvtec_ad\grid\ground_truth\glue\010_mask.png,6811,0.006495475769042969,-5.036649226004289
grid,metal_contamination,D:\Research\research-experiments\industrial-anomaly-detection\data\mvtec_ad\grid\test\metal_contamination\000.png,0,layer2,1.0,0,1,64.72210693359375,45.70873278663272,2.551301816306957,7.452420574247517,D:\Research\research-experiments\industrial-anomaly-detection\data\mvtec_ad\grid\ground_truth\metal_contamination\000_mask.png,2624,0.00250244140625,-5.990488061525251
grid,metal_contamination,D:\Research\research-experiments\industrial-anomaly-detection\data\mvtec_ad\grid\test\metal_contamination\001.png,0,layer2,1.0,0,1,71.09744262695312,45.70873278663272,2.551301816306957,9.95127651226733,D:\Research\research-experiments\industrial-anomaly-detection\data\mvtec_ad\grid\ground_truth\metal_contamination\001_mask.png,7452,0.007106781005859375,-4.946705738766755
grid,metal_contamination,D:\Research\research-experiments\industrial-anomaly-detection\data\mvtec_ad\grid\test\metal_contamination\002.png,0,layer2,1.0,0,1,81.33450317382812,45.70873278663272,2.551301816306957,13.963761621415758,D:\Research\research-experiments\industrial-anomaly-detection\data\mvtec_ad\grid\ground_truth\metal_contamination\002_mask.png,4647,0.004431724548339844,-5.418966256468161
grid,metal_contamination,D:\Research\research-experiments\industrial-anomaly-detection\data\mvtec_ad\grid\test\metal_contamination\003.png,0,layer2,1.0,0,1,69.22927856445312,45.70873278663272,2.551301816306957,9.219036974569594,D:\Research\research-experiments\industrial-anomaly-detection\data\mvtec_ad\grid\ground_truth\metal_contamination\003_mask.png,8548,0.008152008056640625,-4.809490872090713
grid,metal_contamination,D:\Research\research-experiments\industrial-anomaly-detection\data\mvtec_ad\grid\test\metal_contamination\004.png,0,layer2,1.0,0,1,59.69158172607422,45.70873278663272,2.551301816306957,5.480672200391349,D:\Research\research-experiments\industrial-anomaly-detection\data\mvtec_ad\grid\ground_truth\metal_contamination\004_mask.png,4391,0.004187583923339844,-5.475631101836033
grid,metal_contamination,D:\Research\research-experiments\industrial-anomaly-detection\data\mvtec_ad\grid\test\metal_contamination\005.png,0,layer2,1.0,0,1,61.484107971191406,45.70873278663272,2.551301816306957,6.183264984067525,D:\Research\research-experiments\industrial-anomaly-detection\data\mvtec_ad\grid\ground_truth\metal_contamination\005_mask.png,4072,0.00388336181640625,-5.551053795459739
grid,metal_contamination,D:\Research\research-experiments\industrial-anomaly-detection\data\mvtec_ad\grid\test\metal_contamination\006.png,0,layer2,1.0,0,1,53.85317611694336,45.70873278663272,2.551301816306957,3.1922696398577513,D:\Research\research-experiments\industrial-anomaly-detection\data\mvtec_ad\grid\ground_truth\metal_contamination\006_mask.png,3131,0.0029859542846679688,-5.813835554971247
grid,metal_contamination,D:\Research\research-experiments\industrial-anomaly-detection\data\mvtec_ad\grid\test\metal_contamination\007.png,0,layer2,1.0,0,1,55.74423599243164,45.70873278663272,2.551301816306957,3.933483346288461,D:\Research\research-experiments\industrial-anomaly-detection\data\mvtec_ad\grid\ground_truth\metal_contamination\007_mask.png,1976,0.00188446044921875,-6.274113202235363
grid,metal_contamination,D:\Research\research-experiments\industrial-anomaly-detection\data\mvtec_ad\grid\test\metal_contamination\008.png,0,layer2,1.0,0,1,62.817054748535156,45.70873278663272,2.551301816306957,6.705722487458169,D:\Research\research-experiments\industrial-anomaly-detection\data\mvtec_ad\grid\ground_truth\metal_contamination\008_mask.png,4243,0.004046440124511719,-5.509917518865808
grid,metal_contamination,D:\Research\research-experiments\industrial-anomaly-detection\data\mvtec_ad\grid\test\metal_contamination\009.png,0,layer2,1.0,0,1,45.762542724609375,45.70873278663272,2.551301816306957,0.02109116907796613,D:\Research\research-experiments\industrial-anomaly-detection\data\mvtec_ad\grid\ground_truth\metal_contamination\009_mask.png,4249,0.004052162170410156,-5.508504424302294
grid,metal_contamination,D:\Research\research-experiments\industrial-anomaly-detection\data\mvtec_ad\grid\test\metal_contamination\010.png,0,layer2,1.0,0,1,61.17951202392578,45.70873278663272,2.551301816306957,6.063876542716225,D:\Research\research-experiments\industrial-anomaly-detection\data\mvtec_ad\grid\ground_truth\metal_contamination\010_mask.png,5163,0.004923820495605469,-5.313670323224953
grid,thread,D:\Research\research-experiments\industrial-anomaly-detection\data\mvtec_ad\grid\test\thread\000.png,0,layer2,1.0,0,1,61.27968978881836,45.70873278663272,2.551301816306957,6.103141895114864,D:\Research\research-experiments\industrial-anomaly-detection\data\mvtec_ad\grid\ground_truth\thread\000_mask.png,7354,0.0070133209228515625,-4.9599438067518955
grid,thread,D:\Research\research-experiments\industrial-anomaly-detection\data\mvtec_ad\grid\test\thread\001.png,0,layer2,1.0,0,1,82.03716278076172,45.70873278663272,2.551301816306957,14.239173806066926,D:\Research\research-experiments\industrial-anomaly-detection\data\mvtec_ad\grid\ground_truth\thread\001_mask.png,14256,0.0135955810546875,-4.298010387935007
grid,thread,D:\Research\research-experiments\industrial-anomaly-detection\data\mvtec_ad\grid\test\thread\002.png,0,layer2,1.0,0,1,47.18777084350586,45.70873278663272,2.551301816306957,0.579718968339882,D:\Research\research-experiments\industrial-anomaly-detection\data\mvtec_ad\grid\ground_truth\thread\002_mask.png,15995,0.015254020690917969,-4.182912093258803
grid,thread,D:\Research\research-experiments\industrial-anomaly-detection\data\mvtec_ad\grid\test\thread\003.png,0,layer2,1.0,0,1,43.52121353149414,45.70873278663272,2.551301816306957,-0.8574129650818989,D:\Research\research-experiments\industrial-anomaly-detection\data\mvtec_ad\grid\ground_truth\thread\003_mask.png,18349,0.01749897003173828,-4.045613197967734
grid,thread,D:\Research\research-experiments\industrial-anomaly-detection\data\mvtec_ad\grid\test\thread\004.png,0,layer2,1.0,0,1,52.4107666015625,45.70873278663272,2.551301816306957,2.6269074760551296,D:\Research\research-experiments\industrial-anomaly-detection\data\mvtec_ad\grid\ground_truth\thread\004_mask.png,32883,0.03135967254638672,-3.4622324934269857
grid,thread,D:\Research\research-experiments\industrial-anomaly-detection\data\mvtec_ad\grid\test\thread\005.png,0,layer2,1.0,0,1,71.20149230957031,45.70873278663272,2.551301816306957,9.992059489001852,D:\Research\research-experiments\industrial-anomaly-detection\data\mvtec_ad\grid\ground_truth\thread\005_mask.png,15724,0.014995574951171875,-4.2000000579708185
grid,thread,D:\Research\research-experiments\industrial-anomaly-detection\data\mvtec_ad\grid\test\thread\006.png,0,layer2,1.0,0,1,50.5238037109375,45.70873278663272,2.551301816306957,1.8872996105473148,D:\Research\research-experiments\industrial-anomaly-detection\data\mvtec_ad\grid\ground_truth\thread\006_mask.png,16043,0.015299797058105469,-4.179915649487488
grid,thread,D:\Research\research-experiments\industrial-anomaly-detection\data\mvtec_ad\grid\test\thread\007.png,0,layer2,1.0,0,1,44.77736282348633,45.70873278663272,2.551301816306957,-0.36505675541538435,D:\Research\research-experiments\industrial-anomaly-detection\data\mvtec_ad\grid\ground_truth\thread\007_mask.png,33899,0.03232860565185547,-3.431802785858171
grid,thread,D:\Research\research-experiments\industrial-anomaly-detection\data\mvtec_ad\grid\test\thread\008.png,0,layer2,1.0,0,1,47.20229721069336,45.70873278663272,2.551301816306957,0.585412676193125,D:\Research\research-experiments\industrial-anomaly-detection\data\mvtec_ad\grid\ground_truth\thread\008_mask.png,37555,0.03581523895263672,-3.3293817791577185
grid,thread,D:\Research\research-experiments\industrial-anomaly-detection\data\mvtec_ad\grid\test\thread\009.png,0,layer2,1.0,0,1,51.02778625488281,45.70873278663272,2.551301816306957,2.0848389768128213,D:\Research\research-experiments\industrial-anomaly-detection\data\mvtec_ad\grid\ground_truth\thread\009_mask.png,16580,0.015811920166015625,-4.146991119266197
grid,thread,D:\Research\research-experiments\industrial-anomaly-detection\data\mvtec_ad\grid\test\thread\010.png,0,layer2,1.0,0,1,51.11605453491211,45.70873278663272,2.551301816306957,2.119436326081779,D:\Research\research-experiments\industrial-anomaly-detection\data\mvtec_ad\grid\ground_truth\thread\010_mask.png,25467,0.02428722381591797,-3.7178047946189183
