category,defect_type,image_path,seed,location,alpha,is_good,gt_label,anomaly_score,good_mean,good_std,z_score,mask_path,area_pixels,area_ratio,log_area_ratio
cable,good,D:\Research\research-experiments\industrial-anomaly-detection\data\mvtec_ad\cable\test\good\000.png,2,post_concat,0.0,1,0,37.28451156616211,39.43023418558055,2.209321835307748,-0.9712132406999698,,,,
cable,good,D:\Research\research-experiments\industrial-anomaly-detection\data\mvtec_ad\cable\test\good\001.png,2,post_concat,0.0,1,0,41.02684783935547,39.43023418558055,2.209321835307748,0.7226713773697511,,,,
cable,good,D:\Research\research-experiments\industrial-anomaly-detection\data\mvtec_ad\cable\test\good\002.png,2,post_concat,0.0,1,0,39.9747428894043,39.43023418558055,2.209321835307748,0.24645965794652872,,,,
cable,good,D:\Research\research-experiments\industrial-anomaly-detection\data\mvtec_ad\cable\test\good\003.png,2,post_concat,0.0,1,0,37.26498031616211,39.43023418558055,2.209321835307748,-0.980053623159359,,,,
cable,good,D:\Research\research-experiments\industrial-anomaly-detection\data\mvtec_ad\cable\test\good\004.png,2,post_concat,0.0,1,0,36.3596305847168,39.43023418558055,2.209321835307748,-1.3898398828960268,,,,
cable,good,D:\Research\research-experiments\industrial-anomaly-detection\data\mvtec_ad\cable\test\good\005.png,2,post_concat,0.0,1,0,37.80088806152344,39.43023418558055,2.209321835307748,-0.7374869962438744,,,,
cable,good,D:\Research\research-experiments\industrial-anomaly-detection\data\mvtec_ad\cable\test\good\006.png,2,post_concat,0.0,1,0,38.44748306274414,39.43023418558055,2.209321835307748,-0.44482026435932054,,,,
cable,good,D:\Research\research-experiments\industrial-anomaly-detection\data\mvtec_ad\cable\test\good\007.png,2,post_concat,0.0,1,0,39.13479232788086,39.43023418558055,2.209321835307748,-0.13372513364877836,,,,
cable,good,D:\Research\research-experiments\industrial-anomaly-detection\data\mvtec_ad\cable\test\good\008.png,2,post_concat,0.0,1,0,39.707237243652344,39.43023418558055,2.209321835307748,0.12537922435968063,,,,
cable,good,D:\Research\research-experiments\industrial-anomaly-detection\data\mvtec_ad\cable\test\good\009.png,2,post_concat,0.0,1,0,37.38201141357422,39.43023418558055,2.209321835307748,-0.9270821205281873,,,,
cable,good,D:\Research\research-experiments\industrial-anomaly-detection\data\mvtec_ad\cable\test\good\010.png,2,post_concat,0.0,1,0,35.753753662109375,39.43023418558055,2.209321835307748,-1.6640764893173932,,,,
cable,good,D:\Research\research-experiments\industrial-anomaly-detection\data\mvtec_ad\cable\test\good\011.png,2,post_concat,0.0,1,0,39.47370529174805,39.43023418558055,2.209321835307748,0.01967622166801212,,,,
cable,good,D:\Research\research-experiments\industrial-anomaly-detection\data\mvtec_ad\cable\test\good\012.png,2,post_concat,0.0,1,0,39.60106658935547,39.43023418558055,2.209321835307748,0.07732345783434506,,,,
cable,good,D:\Research\research-experiments\industrial-anomaly-detection\data\mvtec_ad\cable\test\good\013.png,2,post_concat,0.0,1,0,44.26034927368164,39.43023418558055,2.209321835307748,2.186243312725996,,,,
cable,good,D:\Research\research-experiments\industrial-anomaly-detection\data\mvtec_ad\cable\test\good\014.png,2,post_concat,0.0,1,0,38.901390075683594,39.43023418558055,2.209321835307748,-0.23936943067567748,,,,
cable,good,D:\Research\research-experiments\industrial-anomaly-detection\data\mvtec_ad\cable\test\good\015.png,2,post_concat,0.0,1,0,38.96075439453125,39.43023418558055,2.209321835307748,-0.21249950258329203,,,,
cable,good,D:\Research\research-experiments\industrial-anomaly-detection\data\mvtec_ad\cable\test\good\016.png,2,post_concat,0.0,1,0,40.11006164550781,39.43023418558055,2.209321835307748,0.3077086593101831,,,,
cable,good,D:\Research\research-experiments\industrial-anomaly-detection\data\mvtec_ad\cable\test\good\017.png,2,post_concat,0.0,1,0,37.77421569824219,39.43023418558055,2.209321835307748,-0.7495596435399776,,,,
cable,good,D:\Research\research-experiments\industrial-anomaly-detection\data\mvtec_ad\cable\test\good\018.png,2,post_concat,0.0,1,0,40.96291732788086,39.43023418558055,2.209321835307748,0.6937346645500435,,,,
cable,good,D:\Research\research-experiments\industrial-anomaly-detection\data\mvtec_ad\cable\test\good\019.png,2,post_concat,0.0,1,0,39.79600524902344,39.43023418558055,2.209321835307748,0.16555807198272454,,,,
cable,good,D:\Research\research-experiments\industrial-anomaly-detection\data\mvtec_ad\cable\test\good\020.png,2,post_concat,0.0,1,0,37.320655822753906,39.43023418558055,2.209321835307748,-0.9548533532385026,,,,
cable,good,D:\Research\research-experiments\industrial-anomaly-detection\data\mvtec_ad\cable\test\good\021.png,2,post_concat,0.0,1,0,37.47121047973633,39.43023418558055,2.209321835307748,-0.8867081629016451,,,,
cable,good,D:\Research\research-experiments\industrial-anomaly-detection\data\mvtec_ad\cable\test\good\022.png,2,post_concat,0.0,1,0,38.894508361816406,39.43023418558055,2.209321835307748,-0.24248428418285287,,,,
cable,good,D:\Research\research-experiments\industrial-anomaly-detection\data\mvtec_ad\cable\test\good\023.png,2,post_concat,0.0,1,0,37.09117126464844,39.43023418558055,2.209321835307748,-1.0587243938619266,,,,
cable,good,D:\Research\research-experiments\industrial-anomaly-detection\data\mvtec_ad\cable\test\good\024.png,2,post_concat,0.0,1,0,38.465606689453125,39.43023418558055,2.209321835307748,-0.4366170110263991,,,,
cable,good,D:\Research\research-experiments\industrial-anomaly-detection\data\mvtec_ad\cable\test\good\025.png,2,post_concat,0.0,1,0,37.23587417602539,39.43023418558055,2.209321835307748,-0.9932278649884877,,,,
cable,good,D:\Research\research-experiments\industrial-anomaly-detection\data\mvtec_ad\cable\test\good\026.png,2,post_concat,0.0,1,0,37.72771072387695,39.43023418558055,2.209321835307748,-0.770609077634199,,,,
cable,good,D:\Research\research-experiments\industrial-anomaly-detection\data\mvtec_ad\cable\test\good\027.png,2,post_concat,0.0,1,0,38.90937805175781,39.43023418558055,2.209321835307748,-0.23575385238076327,,,,
cable,good,D:\Research\research-experiments\industrial-anomaly-detection\data\mvtec_ad\cable\test\good\028.png,2,post_concat,0.0,1,0,38.650203704833984,39.43023418558055,2.209321835307748,-0.35306331032477817,,,,
cable,good,D:\Research\research-experiments\industrial-anomaly-detection\data\mvtec_ad\cable\test\good\029.png,2,post_concat,0.0,1,0,37.7349853515625,39.43023418558055,2.209321835307748,-0.7673163804955163,,,,
cable,good,D:\Research\research-experiments\industrial-anomaly-detection\data\mvtec_ad\cable\test\good\030.png,2,post_concat,0.0,1,0,44.7898063659668,39.43023418558055,2.209321835307748,2.4258901961378037,,,,
cable,good,D:\Research\research-experiments\industrial-anomaly-detection\data\mvtec_ad\cable\test\good\031.png,2,post_concat,0.0,1,0,38.04206466674805,39.43023418558055,2.209321835307748,-0.6283238126052106,,,,
cable,good,D:\Research\research-experiments\industrial-anomaly-detection\data\mvtec_ad\cable\test\good\032.png,2,post_concat,0.0,1,0,39.351863861083984,39.43023418558055,2.209321835307748,-0.03547257047122394,,,,
cable,good,D:\Research\research-experiments\industrial-anomaly-detection\data\mvtec_ad\cable\test\good\033.png,2,post_concat,0.0,1,0,39.59449768066406,39.43023418558055,2.209321835307748,0.07435018857749583,,,,
cable,good,D:\Research\research-experiments\industrial-anomaly-detection\data\mvtec_ad\cable\test\good\034.png,2,post_concat,0.0,1,0,40.528953552246094,39.43023418558055,2.209321835307748,0.4973106901432924,,,,
cable,good,D:\Research\research-experiments\industrial-anomaly-detection\data\mvtec_ad\cable\test\good\035.png,2,post_concat,0.0,1,0,37.81060791015625,39.43023418558055,2.209321835307748,-0.733087524660569,,,,
cable,good,D:\Research\research-experiments\industrial-anomaly-detection\data\mvtec_ad\cable\test\good\036.png,2,post_concat,0.0,1,0,39.10335922241211,39.43023418558055,2.209321835307748,-0.14795262416935773,,,,
cable,good,D:\Research\research-experiments\industrial-anomaly-detection\data\mvtec_ad\cable\test\good\037.png,2,post_concat,0.0,1,0,38.87443923950195,39.43023418558055,2.209321835307748,-0.251568122487315,,,,
cable,good,D:\Research\research-experiments\industrial-anomaly-detection\data\mvtec_ad\cable\test\good\038.png,2,post_concat,0.0,1,0,40.03219223022461,39.43023418558055,2.209321835307748,0.27246281416496626,,,,
cable,good,D:\Research\research-experiments\industrial-anomaly-detection\data\mvtec_ad\cable\test\good\039.png,2,post_concat,0.0,1,0,44.53133010864258,39.43023418558055,2.209321835307748,2.3088967128012237,,,,
cable,good,D:\Research\research-experiments\industrial-anomaly-detection\data\mvtec_ad\cable\test\good\040.png,2,post_concat,0.0,1,0,36.13930892944336,39.43023418558055,2.209321835307748,-1.4895635409672139,,,,
cable,good,D:\Research\research-experiments\industrial-anomaly-detection\data\mvtec_ad\cable\test\good\041.png,2,post_concat,0.0,1,0,42.98313522338867,39.43023418558055,2.209321835307748,1.6081410055467167,,,,
cable,good,D:\Research\research-experiments\industrial-anomaly-detection\data\mvtec_ad\cable\test\good\042.png,2,post_concat,0.0,1,0,41.03269958496094,39.43023418558055,2.209321835307748,0.7253200388331695,,,,
cable,good,D:\Research\research-experiments\industrial-anomaly-detection\data\mvtec_ad\cable\test\good\043.png,2,post_concat,0.0,1,0,39.06532669067383,39.43023418558055,2.209321835307748,-0.16516719704437913,,,,
cable,good,D:\Research\research-experiments\industrial-anomaly-detection\data\mvtec_ad\cable\test\good\044.png,2,post_concat,0.0,1,0,40.44378662109375,39.43023418558055,2.209321835307748,0.4587617880361983,,,,
cable,good,D:\Research\research-experiments\industrial-anomaly-detection\data\mvtec_ad\cable\test\good\045.png,2,post_concat,0.0,1,0,40.714786529541016,39.43023418558055,2.209321835307748,0.5814238212974215,,,,
cable,good,D:\Research\research-experiments\industrial-anomaly-detection\data\mvtec_ad\cable\test\good\046.png,2,post_concat,0.0,1,0,38.35551452636719,39.43023418558055,2.209321835307748,-0.48644776059240885,,,,
cable,good,D:\Research\research-experiments\industrial-anomaly-detection\data\mvtec_ad\cable\test\good\047.png,2,post_concat,0.0,1,0,39.66771697998047,39.43023418558055,2.209321835307748,0.10749126297701043,,,,
cable,good,D:\Research\research-experiments\industrial-anomaly-detection\data\mvtec_ad\cable\test\good\048.png,2,post_concat,0.0,1,0,40.29205322265625,39.43023418558055,2.209321835307748,0.3900830668048191,,,,
cable,good,D:\Research\research-experiments\industrial-anomaly-detection\data\mvtec_ad\cable\test\good\049.png,2,post_concat,0.0,1,0,40.226417541503906,39.43023418558055,2.209321835307748,0.36037454715711414,,,,
cable,good,D:\Research\research-experiments\industrial-anomaly-detection\data\mvtec_ad\cable\test\good\050.png,2,post_concat,0.0,1,0,38.85138702392578,39.43023418558055,2.209321835307748,-0.26200219108147293,,,,
cable,good,D:\Research\research-experiments\industrial-anomaly-detection\data\mvtec_ad\cable\test\good\051.png,2,post_concat,0.0,1,0,39.85700607299805,39.43023418558055,2.209321835307748,0.19316872743352365,,,,
cable,good,D:\Research\research-experiments\industrial-anomaly-detection\data\mvtec_ad\cable\test\good\052.png,2,post_concat,0.0,1,0,39.9802131652832,39.43023418558055,2.209321835307748,0.2489356556900373,,,,
cable,good,D:\Research\research-experiments\industrial-anomaly-detection\data\mvtec_ad\cable\test\good\053.png,2,post_concat,0.0,1,0,39.68061828613281,39.43023418558055,2.209321835307748,0.11333074998436474,,,,
cable,good,D:\Research\research-experiments\industrial-anomaly-detection\data\mvtec_ad\cable\test\good\054.png,2,post_concat,0.0,1,0,38.3527946472168,39.43023418558055,2.209321835307748,-0.4876788529153668,,,,
cable,good,D:\Research\research-experiments\industrial-anomaly-detection\data\mvtec_ad\cable\test\good\055.png,2,post_concat,0.0,1,0,40.82274627685547,39.43023418558055,2.209321835307748,0.6302893806691348,,,,
cable,good,D:\Research\research-experiments\industrial-anomaly-detection\data\mvtec_ad\cable\test\good\056.png,2,post_concat,0.0,1,0,39.84955978393555,39.43023418558055,2.209321835307748,0.18979833162088156,,,,
cable,good,D:\Research\research-experiments\industrial-anomaly-detection\data\mvtec_ad\cable\test\good\057.png,2,post_concat,0.0,1,0,48.50074768066406,39.43023418558055,2.209321835307748,4.105564590058936,,,,
cable,bent_wire,D:\Research\research-experiments\industrial-anomaly-detection\data\mvtec_ad\cable\test\bent_wire\000.png,2,post_concat,0.0,0,1,62.0699348449707,39.43023418558055,2.209321835307748,10.247352964868764,D:\Research\research-experiments\industrial-anomaly-detection\data\mvtec_ad\cable\ground_truth\bent_wire\000_mask.png,23162,0.022089004516601562,-3.8126752821831915
cable,bent_wire,D:\Research\research-experiments\industrial-anomaly-detection\data\mvtec_ad\cable\test\bent_wire\001.png,2,post_concat,0.0,0,1,64.84611511230469,39.43023418558055,2.209321835307748,11.503928726248173,D:\Research\research-experiments\industrial-anomaly-detection\data\mvtec_ad\cable\ground_truth\bent_wire\001_mask.png,15206,0.014501571655273438,-4.233498176452484
cable,bent_wire,D:\Research\research-experiments\industrial-anomaly-detection\data\mvtec_ad\cable\test\bent_wire\002.png,2,post_concat,0.0,0,1,67.89122772216797,39.43023418558055,2.209321835307748,12.882230683526892,D:\Research\research-experiments\industrial-anomaly-detection\data\mvtec_ad\cable\ground_truth\bent_wire\002_mask.png,37083,0.03536510467529297,-3.3420296603665127
cable,bent_wire,D:\Research\research-experiments\industrial-anomaly-detection\data\mvtec_ad\cable\test\bent_wire\003.png,2,post_concat,0.0,0,1,61.228004455566406,39.43023418558055,2.209321835307748,9.866272048567124,D:\Research\research-experiments\industrial-anomaly-detection\data\mvtec_ad\cable\ground_truth\bent_wire\003_mask.png,12881,0.012284278869628906,-4.399434893397962
cable,bent_wire,D:\Research\research-experiments\industrial-anomaly-detection\data\mvtec_ad\cable\test\bent_wire\004.png,2,post_concat,0.0,0,1,70.42046356201172,39.43023418558055,2.209321835307748,14.027032585822598,D:\Research\research-experiments\industrial-anomaly-detection\data\mvtec_ad\cable\ground_truth\bent_wire\004_mask.png,32843,0.03132152557373047,-3.463449667868214
cable,bent_wire,D:\Research\research-experiments\industrial-anomaly-detection\data\mvtec_ad\cable\test\bent_wire\005.png,2,post_concat,0.0,0,1,66.59136199951172,39.43023418558055,2.209321835307748,12.29387560465936,D:\Research\research-experiments\industrial-anomaly-detection\data\mvtec_ad\cable\ground_truth\bent_wire\005_mask.png,37738,0.03598976135253906,-3.324520760065567
cable,bent_wire,D:\Research\research-experiments\industrial-anomaly-detection\data\mvtec_ad\cable\test\bent_wire\006.png,2,post_concat,0.0,0,1,64.49215698242188,39.43023418558055,2.209321835307748,11.343717513818135,D:\Research\research-experiments\industrial-anomaly-detection\data\mvtec_ad\cable\ground_truth\bent_wire\006_mask.png,40784,0.0388946533203125,-3.2468984588725354
cable,bent_wire,D:\Research\research-experiments\industrial-anomaly-detection\data\mvtec_ad\cable\test\bent_wire\007.png,2,post_concat,0.0,0,1,62.83906936645508,39.43023418558055,2.209321835307748,10.59548446349999,D:\Research\research-experiments\industrial-anomaly-detection\data\mvtec_ad\cable\ground_truth\bent_wire\007_mask.png,38552,0.03676605224609375,-3.303180325679734
cable,bent_wire,D:\Research\research-experiments\industrial-anomaly-detection\data\mvtec_ad\cable\test\bent_wire\008.png,2,post_concat,0.0,0,1,51.11007308959961,39.43023418558055,2.209321835307748,5.2866172403497345,D:\Research\research-experiments\industrial-anomaly-detection\data\mvtec_ad\cable\ground_truth\bent_wire\008_mask.png,19659,0.01874828338623047,-3.9766530301530847
cable,bent_wire,D:\Research\research-experiments\industrial-anomaly-detection\data\mvtec_ad\cable\test\bent_wire\009.png,2,post_concat,0.0,0,1,71.59280395507812,39.43023418558055,2.209321835307748,14.557666183124235,D:\Research\research-experiments\industrial-anomaly-detection\data\mvtec_ad\cable\ground_truth\bent_wire\009_mask.png,38202,0.03643226623535156,-3.3123004345056297
cable,bent_wire,D:\Research\research-experiments\industrial-anomaly-detection\data\mvtec_ad\cable\test\bent_wire\010.png,2,post_concat,0.0,0,1,64.92852783203125,39.43023418558055,2.209321835307748,11.541230996297516,D:\Research\research-experiments\industrial-anomaly-detection\data\mvtec_ad\cable\ground_truth\bent_wire\010_mask.png,38102,0.03633689880371094,-3.314921530503291
cable,bent_wire,D:\Research\research-experiments\industrial-anomaly-detection\data\mvtec_ad\cable\test\bent_wire\011.png,2,post_concat,0.0,0,1,81.30194854736328,39.43023418558055,2.209321835307748,18.952292822448932,D:\Research\research-experiments\industrial-anomaly-detection\data\mvtec_ad\cable\ground_truth\bent_wire\011_mask.png,119231,0.1137075424194336,-2.1741255354885243
cable,bent_wire,D:\Research\research-experiments\industrial-anomaly-detection\data\mvtec_ad\cable\test\bent_wire\012.png,2,post_concat,0.0,0,1,65.76467895507812,39.43023418558055,2.209321835307748,11.91969605724252,D:\Research\research-experiments\industrial-anomaly-detection\data\mvtec_ad\cable\ground_truth\bent_wire\012_mask.png,72366,0.06901359558105469,-2.67345174189771
cable,cable_swap,D:\Research\research-experiments\industrial-anomaly-detection\data\mvtec_ad\cable\test\cable_swap\000.png,2,post_concat,0.0,0,1,43.80031204223633,39.43023418558055,2.209321835307748,1.9780177730634003,D:\Research\research-experiments\industrial-anomaly-detection\data\mvtec_ad\cable\ground_truth\cable_swap\000_mask.png,67133,0.06402301788330078,-2.7485125902366585
cable,cable_swap,D:\Research\research-experiments\industrial-anomaly-detection\data\mvtec_ad\cable\test\cable_swap\001.png,2,post_concat,0.0,0,1,45.7968864440918,39.43023418558055,2.209321835307748,2.8817224167000552,D:\Research\research-experiments\industrial-anomaly-detection\data\mvtec_ad\cable\ground_truth\cable_swap\001_mask.png,61514,0.05866432189941406,-2.83592352398831
cable,cable_swap,D:\Research\research-experiments\industrial-anomaly-detection\data\mvtec_ad\cable\test\cable_swap\002.png,2,post_concat,0.0,0,1,44.65119171142578,39.43023418558055,2.209321835307748,2.3631493802341272,D:\Research\research-experiments\industrial-anomaly-detection\data\mvtec_ad\cable\ground_truth\cable_swap\002_mask.png,57103,0.054457664489746094,-2.9103316591675092
cable,cable_swap,D:\Research\research-experiments\industrial-anomaly-detection\data\mvtec_ad\cable\test\cable_swap\003.png,2,post_concat,0.0,0,1,44.676876068115234,39.43023418558055,2.209321835307748,2.3747748284956636,D:\Research\research-experiments\industrial-anomaly-detection\data\mvtec_ad\cable\ground_truth\cable_swap\003_mask.png,59063,0.056326866149902344,-2.876583643636658
cable,cable_swap,D:\Research\research-experiments\industrial-anomaly-detection\data\mvtec_ad\cable\test\cable_swap\004.png,2,post_concat,0.0,0,1,44.49375534057617,39.43023418558055,2.209321835307748,2.2918893363900943,D:\Research\research-experiments\industrial-anomaly-detection\data\mvtec_ad\cable\ground_truth\cable_swap\004_mask.png,55036,0.052486419677734375,-2.947200796598652
cable,cable_swap,D:\Research\research-experiments\industrial-anomaly-detection\data\mvtec_ad\cable\test\cable_swap\005.png,2,post_concat,0.0,0,1,43.937713623046875,39.43023418558055,2.209321835307748,2.040209518337763,D:\Research\research-experiments\industrial-anomaly-detection\data\mvtec_ad\cable\ground_truth\cable_swap\005_mask.png,65474,0.06244087219238281,-2.77353519892944
cable,cable_swap,D:\Research\research-experiments\industrial-anomaly-detection\data\mvtec_ad\cable\test\cable_swap\006.png,2,post_concat,0.0,0,1,39.916534423828125,39.43023418558055,2.209321835307748,0.2201129009254704,D:\Research\research-experiments\industrial-anomaly-detection\data\mvtec_ad\cable\ground_truth\cable_swap\006_mask.png,67894,0.06474876403808594,-2.737240651355251
cable,cable_swap,D:\Research\research-experiments\industrial-anomaly-detection\data\mvtec_ad\cable\test\cable_swap\007.png,2,post_concat,0.0,0,1,44.22490310668945,39.43023418558055,2.209321835307748,2.170199399871964,D:\Research\research-experiments\industrial-anomaly-detection\data\mvtec_ad\cable\ground_truth\cable_swap\007_mask.png,63705,0.060753822326660156,-2.8009252633235553
cable,cable_swap,D:\Research\research-experiments\industrial-anomaly-detection\data\mvtec_ad\cable\test\cable_swap\008.png,2,post_concat,0.0,0,1,44.286766052246094,39.43023418558055,2.209321835307748,2.19820027532976,D:\Research\research-experiments\industrial-anomaly-detection\data\mvtec_ad\cable\ground_truth\cable_swap\008_mask.png,61687,0.058829307556152344,-2.833115103427395
cable,cable_swap,D:\Research\research-experiments\industrial-anomaly-detection\data\mvtec_ad\cable\test\cable_swap\009.png,2,post_concat,0.0,0,1,42.96537780761719,39.43023418558055,2.209321835307748,1.600103509384909,D:\Research\research-experiments\industrial-anomaly-detection\data\mvtec_ad\cable\ground_truth\cable_swap\009_mask.png,58211,0.05551433563232422,-2.8911139738884852
cable,cable_swap,D:\Research\research-experiments\industrial-anomaly-detection\data\mvtec_ad\cable\test\cable_swap\010.png,2,post_concat,0.0,0,1,43.70246887207031,39.43023418558055,2.209321835307748,1.9337312555436987,D:\Research\research-experiments\industrial-anomaly-detection\data\mvtec_ad\cable\ground_truth\cable_swap\010_mask.png,60502,0.05769920349121094,-2.8525118925438706
cable,cable_swap,D:\Research\research-experiments\industrial-anomaly-detection\data\mvtec_ad\cable\test\cable_swap\011.png,2,post_concat,0.0,0,1,43.81153869628906,39.43023418558055,2.209321835307748,1.98309926634035,D:\Research\research-experiments\industrial-anomaly-detection\data\mvtec_ad\cable\ground_truth\cable_swap\011_mask.png,51956,0.049549102783203125,-3.0047911054897316
cable,combined,D:\Research\research-experiments\industrial-anomaly-detection\data\mvtec_ad\cable\test\combined\000.png,2,post_concat,0.0,0,1,69.9760971069336,39.43023418558055,2.209321835307748,13.825900071773901,D:\Research\research-experiments\industrial-anomaly-detection\data\mvtec_ad\cable\ground_truth\combined\000_mask.png,42321,0.040360450744628906,-3.209904890679564
cable,combined,D:\Research\research-experiments\industrial-anomaly-detection\data\mvtec_ad\cable\test\combined\001.png,2,post_concat,0.0,0,1,63.78081130981445,39.43023418558055,2.209321835307748,11.021742842116065,D:\Research\research-experiments\industrial-anomaly-detection\data\mvtec_ad\cable\ground_truth\combined\001_mask.png,41285,0.03937244415283203,-3.2346890689489034
cable,combined,D:\Research\research-experiments\industrial-anomaly-detection\data\mvtec_ad\cable\test\combined\002.png,2,post_concat,0.0,0,1,60.261905670166016,39.43023418558055,2.209321835307748,9.428989091434799,D:\Research\research-experiments\industrial-anomaly-detection\data\mvtec_ad\cable\ground_truth\combined\002_mask.png,23893,0.02278614044189453,-3.78160275932205
cable,combined,D:\Research\research-experiments\industrial-anomaly-detection\data\mvtec_ad\cable\test\combined\003.png,2,post_concat,0.0,0,1,61.12984085083008,39.43023418558055,2.209321835307748,9.821840493522698,D:\Research\research-experiments\industrial-anomaly-detection\data\mvtec_ad\cable\ground_truth\combined\003_mask.png,32849,0.031327247619628906,-3.46326699722871
cable,combined,D:\Research\research-experiments\industrial-anomaly-detection\data\mvtec_ad\cable\test\combined\004.png,2,post_concat,0.0,0,1,53.181331634521484,39.43023418558055,2.209321835307748,6.224125987070358,D:\Research\research-experiments\industrial-anomaly-detection\data\mvtec_ad\cable\ground_truth\combined\004_mask.png,49977,0.047661781311035156,-3.0436254116399084
cable,combined,D:\Research\research-experiments\industrial-anomaly-detection\data\mvtec_ad\cable\test\combined\005.png,2,post_concat,0.0,0,1,64.47470092773438,39.43023418558055,2.209321835307748,11.335816421995055,D:\Research\research-experiments\industrial-anomaly-detection\data\mvtec_ad\cable\ground_truth\combined\005_mask.png,148557,0.14167499542236328,-1.9542196021788751
cable,combined,D:\Research\research-experiments\industrial-anomaly-detection\data\mvtec_ad\cable\test\combined\006.png,2,post_concat,0.0,0,1,63.89262771606445,39.43023418558055,2.209321835307748,11.072354031696069,D:\Research\research-experiments\industrial-anomaly-detection\data\mvtec_ad\cable\ground_truth\combined\006_mask.png,94011,0.08965587615966797,-2.4117765243628666
cable,combined,D:\Research\research-experiments\industrial-anomaly-detection\data\mvtec_ad\cable\test\combined\007.png,2,post_concat,0.0,0,1,55.62983322143555,39.43023418558055,2.209321835307748,7.332385339684324,D:\Research\research-experiments\industrial-anomaly-detection\data\mvtec_ad\cable\ground_truth\combined\007_mask.png,77899,0.07429027557373047,-2.599775202932224
cable,combined,D:\Research\research-experiments\industrial-anomaly-detection\data\mvtec_ad\cable\test\combined\008.png,2,post_concat,0.0,0,1,75.77652740478516,39.43023418558055,2.209321835307748,16.451334811590154,D:\Research\research-experiments\industrial-anomaly-detection\data\mvtec_ad\cable\ground_truth\combined\008_mask.png,48510,0.04626274108886719,-3.0734183483439774
cable,combined,D:\Research\research-experiments\industrial-anomaly-detection\data\mvtec_ad\cable\test\combined\009.png,2,post_concat,0.0,0,1,54.042327880859375,39.43023418558055,2.209321835307748,6.6138366360930965,D:\Research\research-experiments\industrial-anomaly-detection\data\mvtec_ad\cable\ground_truth\combined\009_mask.png,92936,0.08863067626953125,-2.42327723672282
cable,combined,D:\Research\research-experiments\industrial-anomaly-detection\data\mvtec_ad\cable\test\combined\010.png,2,post_concat,0.0,0,1,64.46495056152344,39.43023418558055,2.209321835307748,11.331403137314156,D:\Research\research-experiments\industrial-anomaly-detection\data\mvtec_ad\cable\ground_truth\combined\010_mask.png,78276,0.07464981079101562,-2.594947276218929
cable,cut_inner_insulation,D:\Research\research-experiments\industrial-anomaly-detection\data\mvtec_ad\cable\test\cut_inner_insulation\000.png,2,post_concat,0.0,0,1,47.07852554321289,39.43023418558055,2.209321835307748,3.4618276230302896,D:\Research\research-experiments\industrial-anomaly-detection\data\mvtec_ad\cable\ground_truth\cut_inner_insulation\000_mask.png,33306,0.03176307678222656,-3.4494507397975944
cable,cut_inner_insulation,D:\Research\research-experiments\industrial-anomaly-detection\data\mvtec_ad\cable\test\cut_inner_insulation\001.png,2,post_concat,0.0,0,1,54.33479690551758,39.43023418558055,2.209321835307748,6.746216183510851,D:\Research\research-experiments\industrial-anomaly-detection\data\mvtec_ad\cable\ground_truth\cut_inner_insulation\001_mask.png,30558,0.029142379760742188,-3.5355617807719595
cable,cut_inner_insulation,D:\Research\research-experiments\industrial-anomaly-detection\data\mvtec_ad\cable\test\cut_inner_insulation\002.png,2,post_concat,0.0,0,1,46.980682373046875,39.43023418558055,2.209321835307748,3.417541105510588,D:\Research\research-experiments\industrial-anomaly-detection\data\mvtec_ad\cable\ground_truth\cut_inner_insulation\002_mask.png,26929,0.025681495666503906,-3.6619845204527564
cable,cut_inner_insulation,D:\Research\research-experiments\industrial-anomaly-detection\data\mvtec_ad\cable\test\cut_inner_insulation\003.png,2,post_concat,0.0,0,1,53.3243522644043,39.43023418558055,2.209321835307748,6.288861068938995,D:\Research\research-experiments\industrial-anomaly-detection\data\mvtec_ad\cable\ground_truth\cut_inner_insulation\003_mask.png,62868,0.059955596923828125,-2.8141510253236763
cable,cut_inner_insulation,D:\Research\research-experiments\industrial-anomaly-detection\data\mvtec_ad\cable\test\cut_inner_insulation\004.png,2,post_concat,0.0,0,1,58.65065383911133,39.43023418558055,2.209321835307748,8.699692071279177,D:\Research\research-experiments\industrial-anomaly-detection\data\mvtec_ad\cable\ground_truth\cut_inner_insulation\004_mask.png,44383,0.042326927185058594,-3.162331795354217
cable,cut_inner_insulation,D:\Research\research-experiments\industrial-anomaly-detection\data\mvtec_ad\cable\test\cut_inner_insulation\005.png,2,post_concat,0.0,0,1,48.928672790527344,39.43023418558055,2.209321835307748,4.299255297779513,D:\Research\research-experiments\industrial-anomaly-detection\data\mvtec_ad\cable\ground_truth\cut_inner_insulation\005_mask.png,27373,0.02610492706298828,-3.645631167802856
cable,cut_inner_insulation,D:\Research\research-experiments\industrial-anomaly-detection\data\mvtec_ad\cable\test\cut_inner_insulation\006.png,2,post_concat,0.0,0,1,48.497825622558594,39.43023418558055,2.209321835307748,4.104241985964426,D:\Research\research-experiments\industrial-anomaly-detection\data\mvtec_ad\cable\ground_truth\cut_inner_insulation\006_mask.png,19775,0.018858909606933594,-3.970769765537718
cable,cut_inner_insulation,D:\Research\research-experiments\industrial-anomaly-detection\data\mvtec_ad\cable\test\cut_inner_insulation\007.png,2,post_concat,0.0,0,1,54.966819763183594,39.43023418558055,2.209321835307748,7.032287161294846,D:\Research\research-experiments\industrial-anomaly-detection\data\mvtec_ad\cable\ground_truth\cut_inner_insulation\007_mask.png,41070,0.03916740417480469,-3.239910378716868
cable,cut_inner_insulation,D:\Research\research-experiments\industrial-anomaly-detection\data\mvtec_ad\cable\test\cut_inner_insulation\008.png,2,post_concat,0.0,0,1,44.22732162475586,39.43023418558055,2.209321835307748,2.171294087856193,D:\Research\research-experiments\industrial-anomaly-detection\data\mvtec_ad\cable\ground_truth\cut_inner_insulation\008_mask.png,26265,0.025048255920410156,-3.686951037887906
cable,cut_inner_insulation,D:\Research\research-experiments\industrial-anomaly-detection\data\mvtec_ad\cable\test\cut_inner_insulation\009.png,2,post_concat,0.0,0,1,51.8182373046875,39.43023418558055,2.209321835307748,5.607151896627753,D:\Research\research-experiments\industrial-anomaly-detection\data\mvtec_ad\cable\ground_truth\cut_inner_insulation\009_mask.png,61146,0.05831336975097656,-2.8419238679934318
cable,cut_inner_insulation,D:\Research\research-experiments\industrial-anomaly-detection\data\mvtec_ad\cable\test\cut_inner_insulation\010.png,2,post_concat,0.0,0,1,53.75315856933594,39.43023418558055,2.209321835307748,6.482950629852563,D:\Research\research-experiments\industrial-anomaly-detection\data\mvtec_ad\cable\ground_truth\cut_inner_insulation\010_mask.png,31665,0.030198097229003906,-3.4999763291337067
cable,cut_inner_insulation,D:\Research\research-experiments\industrial-anomaly-detection\data\mvtec_ad\cable\test\cut_inner_insulation\011.png,2,post_concat,0.0,0,1,56.83971405029297,39.43023418558055,2.209321835307748,7.880010773662299,D:\Research\research-experiments\industrial-anomaly-detection\data\mvtec_ad\cable\ground_truth\cut_inner_insulation\011_mask.png,56332,0.053722381591796875,-2.9239255562667497
cable,cut_inner_insulation,D:\Research\research-experiments\industrial-anomaly-detection\data\mvtec_ad\cable\test\cut_inner_insulation\012.png,2,post_concat,0.0,0,1,51.34275436401367,39.43023418558055,2.209321835307748,5.391935202946004,D:\Research\research-experiments\industrial-anomaly-detection\data\mvtec_ad\cable\ground_truth\cut_inner_insulation\012_mask.png,103750,0.09894371032714844,-2.313204162999205
cable,cut_inner_insulation,D:\Research\research-experiments\industrial-anomaly-detection\data\mvtec_ad\cable\test\cut_inner_insulation\013.png,2,post_concat,0.0,0,1,56.572174072265625,39.43023418558055,2.209321835307748,7.7589148003406585,D:\Research\research-experiments\industrial-anomaly-detection\data\mvtec_ad\cable\ground_truth\cut_inner_insulation\013_mask.png,29743,0.028365135192871094,-3.5625944867742345
cable,cut_outer_insulation,D:\Research\research-experiments\industrial-anomaly-detection\data\mvtec_ad\cable\test\cut_outer_insulation\000.png,2,post_concat,0.0,0,1,57.04566192626953,39.43023418558055,2.209321835307748,7.973228462767279,D:\Research\research-experiments\industrial-anomaly-detection\data\mvtec_ad\cable\ground_truth\cut_outer_insulation\000_mask.png,23454,0.022367477416992188,-3.800147231470129
cable,cut_outer_insulation,D:\Research\research-experiments\industrial-anomaly-detection\data\mvtec_ad\cable\test\cut_outer_insulation\001.png,2,post_concat,0.0,0,1,57.203216552734375,39.43023418558055,2.209321835307748,8.044542032364484,D:\Research\research-experiments\industrial-anomaly-detection\data\mvtec_ad\cable\ground_truth\cut_outer_insulation\001_mask.png,7513,0.007164955139160156,-4.93855333926154
cable,cut_outer_insulation,D:\Research\research-experiments\industrial-anomaly-detection\data\mvtec_ad\cable\test\cut_outer_insulation\002.png,2,post_concat,0.0,0,1,52.904762268066406,39.43023418558055,2.209321835307748,6.09894306349845,D:\Research\research-experiments\industrial-anomaly-detection\data\mvtec_ad\cable\ground_truth\cut_outer_insulation\002_mask.png,14604,0.013927459716796875,-4.273892796622778
cable,cut_outer_insulation,D:\Research\research-experiments\industrial-anomaly-detection\data\mvtec_ad\cable\test\cut_outer_insulation\003.png,2,post_concat,0.0,0,1,47.69236373901367,39.43023418558055,2.209321835307748,3.739667721286177,D:\Research\research-experiments\industrial-anomaly-detection\data\mvtec_ad\cable\ground_truth\cut_outer_insulation\003_mask.png,7697,0.007340431213378906,-4.914357553432819
cable,cut_outer_insulation,D:\Research\research-experiments\industrial-anomaly-detection\data\mvtec_ad\cable\test\cut_outer_insulation\004.png,2,post_concat,0.0,0,1,47.903804779052734,39.43023418558055,2.209321835307748,3.8353717679578603,D:\Research\research-experiments\industrial-anomaly-detection\data\mvtec_ad\cable\ground_truth\cut_outer_insulation\004_mask.png,24050,0.022935867309570312,-3.775053292065166
cable,cut_outer_insulation,D:\Research\research-experiments\industrial-anomaly-detection\data\mvtec_ad\cable\test\cut_outer_insulation\005.png,2,post_concat,0.0,0,1,58.35636901855469,39.43023418558055,2.209321835307748,8.566490644554651,D:\Research\research-experiments\industrial-anomaly-detection\data\mvtec_ad\cable\ground_truth\cut_outer_insulation\005_mask.png,4647,0.004431724548339844,-5.418966256468161
cable,cut_outer_insulation,D:\Research\research-experiments\industrial-anomaly-detection\data\mvtec_ad\cable\test\cut_outer_insulation\006.png,2,post_concat,0.0,0,1,55.28597640991211,39.43023418558055,2.209321835307748,7.1767462625575,D:\Research\research-experiments\industrial-anomaly-detection\data\mvtec_ad\cable\ground_truth\cut_outer_insulation\006_mask.png,11710,0.011167526245117188,-4.494745065061801
cable,cut_outer_insulation,D:\Research\research-experiments\industrial-anomaly-detection\data\mvtec_ad\cable\test\cut_outer_insulation\007.png,2,post_concat,0.0,0,1,51.285072326660156,39.43023418558055,2.209321835307748,5.365826721858421,D:\Research\research-experiments\industrial-anomaly-detection\data\mvtec_ad\cable\ground_truth\cut_outer_insulation\007_mask.png,21941,0.02092456817626953,-3.866831251766246
cable,cut_outer_insulation,D:\Research\research-experiments\industrial-anomaly-detection\data\mvtec_ad\cable\test\cut_outer_insulation\008.png,2,post_concat,0.0,0,1,48.076881408691406,39.43023418558055,2.209321835307748,3.913711024318201,D:\Research\research-experiments\industrial-anomaly-detection\data\mvtec_ad\cable\ground_truth\cut_outer_insulation\008_mask.png,35537,0.033890724182128906,-3.3846138954767726
cable,cut_outer_insulation,D:\Research\research-experiments\industrial-anomaly-detection\data\mvtec_ad\cable\test\cut_outer_insulation\009.png,2,post_concat,0.0,0,1,52.573585510253906,39.43023418558055,2.209321835307748,5.949043328421433,D:\Research\research-experiments\industrial-anomaly-detection\data\mvtec_ad\cable\ground_truth\cut_outer_insulation\009_mask.png,10318,0.009840011596679688,-4.62129828776842
cable,missing_cable,D:\Research\research-experiments\industrial-anomaly-detection\data\mvtec_ad\cable\test\missing_cable\000.png,2,post_concat,0.0,0,1,65.39301300048828,39.43023418558055,2.209321835307748,11.751469794934263,D:\Research\research-experiments\industrial-anomaly-detection\data\mvtec_ad\cable\ground_truth\missing_cable\000_mask.png,74489,0.07103824615478516,-2.6445368546625256
cable,missing_cable,D:\Research\research-experiments\industrial-anomaly-detection\data\mvtec_ad\cable\test\missing_cable\001.png,2,post_concat,0.0,0,1,63.97724151611328,39.43023418558055,2.209321835307748,11.110652571409293,D:\Research\research-experiments\industrial-anomaly-detection\data\mvtec_ad\cable\ground_truth\missing_cable\001_mask.png,71763,0.06843852996826172,-2.681819294708357
cable,missing_cable,D:\Research\research-experiments\industrial-anomaly-detection\data\mvtec_ad\cable\test\missing_cable\002.png,2,post_concat,0.0,0,1,63.57691955566406,39.43023418558055,2.209321835307748,10.9294558104614,D:\Research\research-experiments\industrial-anomaly-detection\data\mvtec_ad\cable\ground_truth\missing_cable\002_mask.png,69188,0.06598281860351562,-2.718360879879632
cable,missing_cable,D:\Research\research-experiments\industrial-anomaly-detection\data\mvtec_ad\cable\test\missing_cable\003.png,2,post_concat,0.0,0,1,64.54997253417969,39.43023418558055,2.209321835307748,11.369886427207685,D:\Research\research-experiments\industrial-anomaly-detection\data\mvtec_ad\cable\ground_truth\missing_cable\003_mask.png,74858,0.07139015197753906,-2.639595332627382
cable,missing_cable,D:\Research\research-experiments\industrial-anomaly-detection\data\mvtec_ad\cable\test\missing_cable\004.png,2,post_concat,0.0,0,1,63.752742767333984,39.43023418558055,2.209321835307748,11.009038245605092,D:\Research\research-experiments\industrial-anomaly-detection\data\mvtec_ad\cable\ground_truth\missing_cable\004_mask.png,77885,0.07427692413330078,-2.5999549389750687
cable,missing_cable,D:\Research\research-experiments\industrial-anomaly-detection\data\mvtec_ad\cable\test\missing_cable\005.png,2,post_concat,0.0,0,1,66.3125,39.43023418558055,2.209321835307748,12.167654972130793,D:\Research\research-experiments\industrial-anomaly-detection\data\mvtec_ad\cable\ground_truth\missing_cable\005_mask.png,70780,0.06750106811523438,-2.6956118424848716
cable,missing_cable,D:\Research\research-experiments\industrial-anomaly-detection\data\mvtec_ad\cable\test\missing_cable\006.png,2,post_concat,0.0,0,1,65.59294891357422,39.43023418558055,2.209321835307748,11.841966303813463,D:\Research\research-experiments\industrial-anomaly-detection\data\mvtec_ad\cable\ground_truth\missing_cable\006_mask.png,236776,0.22580718994140625,-1.4880737812661082
cable,missing_cable,D:\Research\research-experiments\industrial-anomaly-detection\data\mvtec_ad\cable\test\missing_cable\007.png,2,post_concat,0.0,0,1,66.52516174316406,39.43023418558055,2.209321835307748,12.263911542706188,D:\Research\research-experiments\industrial-anomaly-detection\data\mvtec_ad\cable\ground_truth\missing_cable\007_mask.png,158927,0.1515645980834961,-1.8867433483231728
cable,missing_cable,D:\Research\research-experiments\industrial-anomaly-detection\data\mvtec_ad\cable\test\missing_cable\008.png,2,post_concat,0.0,0,1,63.47264099121094,39.43023418558055,2.209321835307748,10.882256455986818,D:\Research\research-experiments\industrial-anomaly-detection\data\mvtec_ad\cable\ground_truth\missing_cable\008_mask.png,144175,0.1374959945678711,-1.9841604854423538
cable,missing_cable,D:\Research\research-experiments\industrial-anomaly-detection\data\mvtec_ad\cable\test\missing_cable\009.png,2,post_concat,0.0,0,1,64.98307800292969,39.43023418558055,2.209321835307748,11.565921908244638,D:\Research\research-experiments\industrial-anomaly-detection\data\mvtec_ad\cable\ground_truth\missing_cable\009_mask.png,151277,0.14426898956298828,-1.9360757319090696
cable,missing_cable,D:\Research\research-experiments\industrial-anomaly-detection\data\mvtec_ad\cable\test\missing_cable\010.png,2,post_concat,0.0,0,1,66.60066986083984,39.43023418558055,2.209321835307748,12.298088599425162,D:\Research\research-experiments\industrial-anomaly-detection\data\mvtec_ad\cable\ground_truth\missing_cable\010_mask.png,84372,0.08046340942382812,-2.5199527267837354
cable,missing_cable,D:\Research\research-experiments\industrial-anomaly-detection\data\mvtec_ad\cable\test\missing_cable\011.png,2,post_concat,0.0,0,1,64.42472076416016,39.43023418558055,2.209321835307748,11.313194021412453,D:\Research\research-experiments\industrial-anomaly-detection\data\mvtec_ad\cable\ground_truth\missing_cable\011_mask.png,77245,0.07366657257080078,-2.608206129878078
cable,missing_wire,D:\Research\research-experiments\industrial-anomaly-detection\data\mvtec_ad\cable\test\missing_wire\000.png,2,post_concat,0.0,0,1,48.70244216918945,39.43023418558055,2.209321835307748,4.196857078686921,D:\Research\research-experiments\industrial-anomaly-detection\data\mvtec_ad\cable\ground_truth\missing_wire\000_mask.png,24951,0.023795127868652344,-3.7382743886367003
cable,missing_wire,D:\Research\research-experiments\industrial-anomaly-detection\data\mvtec_ad\cable\test\missing_wire\001.png,2,post_concat,0.0,0,1,53.72268295288086,39.43023418558055,2.209321835307748,6.469156525268958,D:\Research\research-experiments\industrial-anomaly-detection\data\mvtec_ad\cable\ground_truth\missing_wire\001_mask.png,16616,0.01584625244140625,-4.144822182536556
cable,missing_wire,D:\Research\research-experiments\industrial-anomaly-detection\data\mvtec_ad\cable\test\missing_wire\002.png,2,post_concat,0.0,0,1,51.45711898803711,39.43023418558055,2.209321835307748,5.443699786175005,D:\Research\research-experiments\industrial-anomaly-detection\data\mvtec_ad\cable\ground_truth\missing_wire\002_mask.png,15156,0.014453887939453125,-4.2367917698748805
cable,missing_wire,D:\Research\research-experiments\industrial-anomaly-detection\data\mvtec_ad\cable\test\missing_wire\003.png,2,post_concat,0.0,0,1,58.006290435791016,39.43023418558055,2.209321835307748,8.408035422156097,D:\Research\research-experiments\industrial-anomaly-detection\data\mvtec_ad\cable\ground_truth\missing_wire\003_mask.png,40701,0.03881549835205078,-3.248935644282583
cable,missing_wire,D:\Research\research-experiments\industrial-anomaly-detection\data\mvtec_ad\cable\test\missing_wire\004.png,2,post_concat,0.0,0,1,60.58494567871094,39.43023418558055,2.209321835307748,9.575205909366137,D:\Research\research-experiments\industrial-anomaly-detection\data\mvtec_ad\cable\ground_truth\missing_wire\004_mask.png,38640,0.0368499755859375,-3.300900295735392
cable,missing_wire,D:\Research\research-experiments\industrial-anomaly-detection\data\mvtec_ad\cable\test\missing_wire\005.png,2,post_concat,0.0,0,1,56.12873840332031,39.43023418558055,2.209321835307748,7.558203585768544,D:\Research\research-experiments\industrial-anomaly-detection\data\mvtec_ad\cable\ground_truth\missing_wire\005_mask.png,18712,0.01784515380859375,-4.02602324689727
cable,missing_wire,D:\Research\research-experiments\industrial-anomaly-detection\data\mvtec_ad\cable\test\missing_wire\006.png,2,post_concat,0.0,0,1,53.588077545166016,39.43023418558055,2.209321835307748,6.408230405061535,D:\Research\research-experiments\industrial-anomaly-detection\data\mvtec_ad\cable\ground_truth\missing_wire\006_mask.png,18399,0.017546653747558594,-4.042891959913891
cable,missing_wire,D:\Research\research-experiments\industrial-anomaly-detection\data\mvtec_ad\cable\test\missing_wire\007.png,2,post_concat,0.0,0,1,49.40139389038086,39.43023418558055,2.209321835307748,4.513221906129115,D:\Research\research-experiments\industrial-anomaly-detection\data\mvtec_ad\cable\ground_truth\missing_wire\007_mask.png,18838,0.017965316772460938,-4.019312170153336
cable,missing_wire,D:\Research\research-experiments\industrial-anomaly-detection\data\mvtec_ad\cable\test\missing_wire\008.png,2,post_concat,0.0,0,1,50.4691162109375,39.43023418558055,2.209321835307748,4.99650247824545,D:\Research\research-experiments\industrial-anomaly-detection\data\mvtec_ad\cable\ground_truth\missing_wire\008_mask.png,18820,0.017948150634765625,-4.0202681423434905
cable,missing_wire,D:\Research\research-experiments\industrial-anomaly-detection\data\mvtec_ad\cable\test\missing_wire\009.png,2,post_concat,0.0,0,1,60.43305206298828,39.43023418558055,2.209321835307748,9.506454669372394,D:\Research\research-experiments\industrial-anomaly-detection\data\mvtec_ad\cable\ground_truth\missing_wire\009_mask.png,20485,0.01953601837158203,-3.935495370030433
cable,poke_insulation,D:\Research\research-experiments\industrial-anomaly-detection\data\mvtec_ad\cable\test\poke_insulation\000.png,2,post_concat,0.0,0,1,46.566043853759766,39.43023418558055,2.209321835307748,3.229864275154475,D:\Research\research-experiments\industrial-anomaly-detection\data\mvtec_ad\cable\ground_truth\poke_insulation\000_mask.png,8620,0.008220672607421875,-4.801103125896628
cable,poke_insulation,D:\Research\research-experiments\industrial-anomaly-detection\data\mvtec_ad\cable\test\poke_insulation\001.png,2,post_concat,0.0,0,1,48.809120178222656,39.43023418558055,2.209321835307748,4.245142487959736,D:\Research\research-experiments\industrial-anomaly-detection\data\mvtec_ad\cable\ground_truth\poke_insulation\001_mask.png,31427,0.02997112274169922,-3.507520902804313
cable,poke_insulation,D:\Research\research-experiments\industrial-anomaly-detection\data\mvtec_ad\cable\test\poke_insulation\002.png,2,post_concat,0.0,0,1,41.30445098876953,39.43023418558055,2.209321835307748,0.8483222196226153,D:\Research\research-experiments\industrial-anomaly-detection\data\mvtec_ad\cable\ground_truth\poke_insulation\002_mask.png,1506,0.0014362335205078125,-6.5457305065737055
cable,poke_insulation,D:\Research\research-experiments\industrial-anomaly-detection\data\mvtec_ad\cable\test\poke_insulation\003.png,2,post_concat,0.0,0,1,43.10195541381836,39.43023418558055,2.209321835307748,1.661922301024266,D:\Research\research-experiments\industrial-anomaly-detection\data\mvtec_ad\cable\ground_truth\poke_insulation\003_mask.png,13376,0.01275634765625,-4.361726197482082
cable,poke_insulation,D:\Research\research-experiments\industrial-anomaly-detection\data\mvtec_ad\cable\test\poke_insulation\004.png,2,post_concat,0.0,0,1,44.2930793762207,39.43023418558055,2.209321835307748,2.201057859894269,D:\Research\research-experiments\industrial-anomaly-detection\data\mvtec_ad\cable\ground_truth\poke_insulation\004_mask.png,31573,0.03011035919189453,-3.502885974026185
cable,poke_insulation,D:\Research\research-experiments\industrial-anomaly-detection\data\mvtec_ad\cable\test\poke_insulation\005.png,2,post_concat,0.0,0,1,50.623905181884766,39.43023418558055,2.209321835307748,5.066564235873307,D:\Research\research-experiments\industrial-anomaly-detection\data\mvtec_ad\cable\ground_truth\poke_insulation\005_mask.png,6611,0.006304740905761719,-5.06645324525454
cable,poke_insulation,D:\Research\research-experiments\industrial-anomaly-detection\data\mvtec_ad\cable\test\poke_insulation\006.png,2,post_concat,0.0,0,1,44.720741271972656,39.43023418558055,2.209321835307748,2.3946294296481083,D:\Research\research-experiments\industrial-anomaly-detection\data\mvtec_ad\cable\ground_truth\poke_insulation\006_mask.png,27740,0.026454925537109375,-3.63231287952994
cable,poke_insulation,D:\Research\research-experiments\industrial-anomaly-detection\data\mvtec_ad\cable\test\poke_insulation\007.png,2,post_concat,0.0,0,1,45.52320861816406,39.43023418558055,2.209321835307748,2.757848284125064,D:\Research\research-experiments\industrial-anomaly-detection\data\mvtec_ad\cable\ground_truth\poke_insulation\007_mask.png,51028,0.048664093017578125,-3.022813809991694
cable,poke_insulation,D:\Research\research-experiments\industrial-anomaly-detection\data\mvtec_ad\cable\test\poke_insulation\008.png,2,post_concat,0.0,0,1,50.12553405761719,39.43023418558055,2.209321835307748,4.840987718996962,D:\Research\research-experiments\industrial-anomaly-detection\data\mvtec_ad\cable\ground_truth\poke_insulation\008_mask.png,41654,0.03972434997558594,-3.2257909046264683
cable,poke_insulation,D:\Research\research-experiments\industrial-anomaly-detection\data\mvtec_ad\cable\test\poke_insulation\009.png,2,post_concat,0.0,0,1,46.706539154052734,39.43023418558055,2.209321835307748,3.293456323197307,D:\Research\research-experiments\industrial-anomaly-detection\data\mvtec_ad\cable\ground_truth\poke_insulation\009_mask.png,37053,0.03533649444580078,-3.3428389837934276
cable,good,D:\Research\research-experiments\industrial-anomaly-detection\data\mvtec_ad\cable\test\good\000.png,2,post_concat,0.25,1,0,38.145538330078125,38.036604256465516,1.9513941780641213,0.05582371559634196,,,,
cable,good,D:\Research\research-experiments\industrial-anomaly-detection\data\mvtec_ad\cable\test\good\001.png,2,post_concat,0.25,1,0,40.11868667602539,38.036604256465516,1.9513941780641213,1.0669717287080371,,,,
cable,good,D:\Research\research-experiments\industrial-anomaly-detection\data\mvtec_ad\cable\test\good\002.png,2,post_concat,0.25,1,0,39.29192352294922,38.036604256465516,1.9513941780641213,0.6432935388425935,,,,
cable,good,D:\Research\research-experiments\industrial-anomaly-detection\data\mvtec_ad\cable\test\good\003.png,2,post_concat,0.25,1,0,35.84688949584961,38.036604256465516,1.9513941780641213,-1.1221283660834793,,,,
cable,good,D:\Research\research-experiments\industrial-anomaly-detection\data\mvtec_ad\cable\test\good\004.png,2,post_concat,0.25,1,0,35.72576904296875,38.036604256465516,1.9513941780641213,-1.1841970420293186,,,,
cable,good,D:\Research\research-experiments\industrial-anomaly-detection\data\mvtec_ad\cable\test\good\005.png,2,post_concat,0.25,1,0,36.23105239868164,38.036604256465516,1.9513941780641213,-0.9252625010775994,,,,
cable,good,D:\Research\research-experiments\industrial-anomaly-detection\data\mvtec_ad\cable\test\good\006.png,2,post_concat,0.25,1,0,38.08763122558594,38.036604256465516,1.9513941780641213,0.026148980915297562,,,,
cable,good,D:\Research\research-experiments\industrial-anomaly-detection\data\mvtec_ad\cable\test\good\007.png,2,post_concat,0.25,1,0,36.86857986450195,38.036604256465516,1.9513941780641213,-0.5985589201266862,,,,
cable,good,D:\Research\research-experiments\industrial-anomaly-detection\data\mvtec_ad\cable\test\good\008.png,2,post_concat,0.25,1,0,38.35083770751953,38.036604256465516,1.9513941780641213,0.1610302288416942,,,,
cable,good,D:\Research\research-experiments\industrial-anomaly-detection\data\mvtec_ad\cable\test\good\009.png,2,post_concat,0.25,1,0,35.63612365722656,38.036604256465516,1.9513941780641213,-1.230136189921581,,,,
cable,good,D:\Research\research-experiments\industrial-anomaly-detection\data\mvtec_ad\cable\test\good\010.png,2,post_concat,0.25,1,0,35.372520446777344,38.036604256465516,1.9513941780641213,-1.365220743013118,,,,
cable,good,D:\Research\research-experiments\industrial-anomaly-detection\data\mvtec_ad\cable\test\good\011.png,2,post_concat,0.25,1,0,37.708290100097656,38.036604256465516,1.9513941780641213,-0.16824594439118576,,,,
cable,good,D:\Research\research-experiments\industrial-anomaly-detection\data\mvtec_ad\cable\test\good\012.png,2,post_concat,0.25,1,0,37.298553466796875,38.036604256465516,1.9513941780641213,-0.3782171731191817,,,,
cable,good,D:\Research\research-experiments\industrial-anomaly-detection\data\mvtec_ad\cable\test\good\013.png,2,post_concat,0.25,1,0,42.47019958496094,38.036604256465516,1.9513941780641213,2.2720142236427936,,,,
cable,good,D:\Research\research-experiments\industrial-anomaly-detection\data\mvtec_ad\cable\test\good\014.png,2,post_concat,0.25,1,0,38.282508850097656,38.036604256465516,1.9513941780641213,0.12601482386100468,,,,
cable,good,D:\Research\research-experiments\industrial-anomaly-detection\data\mvtec_ad\cable\test\good\015.png,2,post_concat,0.25,1,0,38.6972770690918,38.036604256465516,1.9513941780641213,0.3385645094430387,,,,
cable,good,D:\Research\research-experiments\industrial-anomaly-detection\data\mvtec_ad\cable\test\good\016.png,2,post_concat,0.25,1,0,39.12822723388672,38.036604256465516,1.9513941780641213,0.5594066999339653,,,,
cable,good,D:\Research\research-experiments\industrial-anomaly-detection\data\mvtec_ad\cable\test\good\017.png,2,post_concat,0.25,1,0,35.7032356262207,38.036604256465516,1.9513941780641213,-1.195744384437812,,,,
cable,good,D:\Research\research-experiments\industrial-anomaly-detection\data\mvtec_ad\cable\test\good\018.png,2,post_concat,0.25,1,0,40.065162658691406,38.036604256465516,1.9513941780641213,1.0395431251303207,,,,
cable,good,D:\Research\research-experiments\industrial-anomaly-detection\data\mvtec_ad\cable\test\good\019.png,2,post_concat,0.25,1,0,38.668067932128906,38.036604256465516,1.9513941780641213,0.32359616665958957,,,,
cable,good,D:\Research\research-experiments\industrial-anomaly-detection\data\mvtec_ad\cable\test\good\020.png,2,post_concat,0.25,1,0,35.79392623901367,38.036604256465516,1.9513941780641213,-1.1492696056296994,,,,
cable,good,D:\Research\research-experiments\industrial-anomaly-detection\data\mvtec_ad\cable\test\good\021.png,2,post_concat,0.25,1,0,36.14817810058594,38.036604256465516,1.9513941780641213,-0.9677317771609782,,,,
cable,good,D:\Research\research-experiments\industrial-anomaly-detection\data\mvtec_ad\cable\test\good\022.png,2,post_concat,0.25,1,0,38.612701416015625,38.036604256465516,1.9513941780641213,0.29522336697838547,,,,
cable,good,D:\Research\research-experiments\industrial-anomaly-detection\data\mvtec_ad\cable\test\good\023.png,2,post_concat,0.25,1,0,36.04206466674805,38.036604256465516,1.9513941780641213,-1.022110044263917,,,,
cable,good,D:\Research\research-experiments\industrial-anomaly-detection\data\mvtec_ad\cable\test\good\024.png,2,post_concat,0.25,1,0,37.64678955078125,38.036604256465516,1.9513941780641213,-0.19976215470263486,,,,
cable,good,D:\Research\research-experiments\industrial-anomaly-detection\data\mvtec_ad\cable\test\good\025.png,2,post_concat,0.25,1,0,36.12981033325195,38.036604256465516,1.9513941780641213,-0.9771444153354992,,,,
cable,good,D:\Research\research-experiments\industrial-anomaly-detection\data\mvtec_ad\cable\test\good\026.png,2,post_concat,0.25,1,0,36.69249725341797,38.036604256465516,1.9513941780641213,-0.6887931808738752,,,,
cable,good,D:\Research\research-experiments\industrial-anomaly-detection\data\mvtec_ad\cable\test\good\027.png,2,post_concat,0.25,1,0,36.902587890625,38.036604256465516,1.9513941780641213,-0.5811313667879833,,,,
cable,good,D:\Research\research-experiments\industrial-anomaly-detection\data\mvtec_ad\cable\test\good\028.png,2,post_concat,0.25,1,0,37.12545394897461,38.036604256465516,1.9513941780641213,-0.4669227354131047,,,,
cable,good,D:\Research\research-experiments\industrial-anomaly-detection\data\mvtec_ad\cable\test\good\029.png,2,post_concat,0.25,1,0,35.913455963134766,38.036604256465516,1.9513941780641213,-1.088016105201778,,,,
cable,good,D:\Research\research-experiments\industrial-anomaly-detection\data\mvtec_ad\cable\test\good\030.png,2,post_concat,0.25,1,0,43.17698669433594,38.036604256465516,1.9513941780641213,2.634210194769533,,,,
cable,good,D:\Research\research-experiments\industrial-anomaly-detection\data\mvtec_ad\cable\test\good\031.png,2,post_concat,0.25,1,0,39.610252380371094,38.036604256465516,1.9513941780641213,0.8064224755793388,,,,
cable,good,D:\Research\research-experiments\industrial-anomaly-detection\data\mvtec_ad\cable\test\good\032.png,2,post_concat,0.25,1,0,37.8644905090332,38.036604256465516,1.9513941780641213,-0.08820040018929347,,,,
cable,good,D:\Research\research-experiments\industrial-anomaly-detection\data\mvtec_ad\cable\test\good\033.png,2,post_concat,0.25,1,0,37.47421646118164,38.036604256465516,1.9513941780641213,-0.2881979466812757,,,,
cable,good,D:\Research\research-experiments\industrial-anomaly-detection\data\mvtec_ad\cable\test\good\034.png,2,post_concat,0.25,1,0,39.596866607666016,38.036604256465516,1.9513941780641213,0.7995628811132133,,,,
cable,good,D:\Research\research-experiments\industrial-anomaly-detection\data\mvtec_ad\cable\test\good\035.png,2,post_concat,0.25,1,0,36.87770080566406,38.036604256465516,1.9513941780641213,-0.5938848561858182,,,,
cable,good,D:\Research\research-experiments\industrial-anomaly-detection\data\mvtec_ad\cable\test\good\036.png,2,post_concat,0.25,1,0,38.07668685913086,38.036604256465516,1.9513941780641213,0.020540495157727316,,,,
cable,good,D:\Research\research-experiments\industrial-anomaly-detection\data\mvtec_ad\cable\test\good\037.png,2,post_concat,0.25,1,0,37.676483154296875,38.036604256465516,1.9513941780641213,-0.18454554503483186,,,,
cable,good,D:\Research\research-experiments\industrial-anomaly-detection\data\mvtec_ad\cable\test\good\038.png,2,post_concat,0.25,1,0,39.207942962646484,38.036604256465516,1.9513941780641213,0.6002573541256507,,,,
cable,good,D:\Research\research-experiments\industrial-anomaly-detection\data\mvtec_ad\cable\test\good\039.png,2,post_concat,0.25,1,0,41.35615158081055,38.036604256465516,1.9513941780641213,1.7011157262128274,,,,
cable,good,D:\Research\research-experiments\industrial-anomaly-detection\data\mvtec_ad\cable\test\good\040.png,2,post_concat,0.25,1,0,35.4617805480957,38.036604256465516,1.9513941780641213,-1.3194790357139243,,,,
cable,good,D:\Research\research-experiments\industrial-anomaly-detection\data\mvtec_ad\cable\test\good\041.png,2,post_concat,0.25,1,0,40.711002349853516,38.036604256465516,1.9513941780641213,1.3705063402623932,,,,
cable,good,D:\Research\research-experiments\industrial-anomaly-detection\data\mvtec_ad\cable\test\good\042.png,2,post_concat,0.25,1,0,38.87714385986328,38.036604256465516,1.9513941780641213,0.4307379886884882,,,,
cable,good,D:\Research\research-experiments\industrial-anomaly-detection\data\mvtec_ad\cable\test\good\043.png,2,post_concat,0.25,1,0,37.36292266845703,38.036604256465516,1.9513941780641213,-0.34523091007518014,,,,
cable,good,D:\Research\research-experiments\industrial-anomaly-detection\data\mvtec_ad\cable\test\good\044.png,2,post_concat,0.25,1,0,37.78419494628906,38.036604256465516,1.9513941780641213,-0.12934819269926076,,,,
cable,good,D:\Research\research-experiments\industrial-anomaly-detection\data\mvtec_ad\cable\test\good\045.png,2,post_concat,0.25,1,0,38.452720642089844,38.036604256465516,1.9513941780641213,0.2132405591355897,,,,
cable,good,D:\Research\research-experiments\industrial-anomaly-detection\data\mvtec_ad\cable\test\good\046.png,2,post_concat,0.25,1,0,37.696537017822266,38.036604256465516,1.9513941780641213,-0.1742688599084649,,,,
cable,good,D:\Research\research-experiments\industrial-anomaly-detection\data\mvtec_ad\cable\test\good\047.png,2,post_concat,0.25,1,0,37.69379806518555,38.036604256465516,1.9513941780641213,-0.17567244749087532,,,,
cable,good,D:\Research\research-experiments\industrial-anomaly-detection\data\mvtec_ad\cable\test\good\048.png,2,post_concat,0.25,1,0,38.07710266113281,38.036604256465516,1.9513941780641213,0.020753574609653127,,,,
cable,good,D:\Research\research-experiments\industrial-anomaly-detection\data\mvtec_ad\cable\test\good\049.png,2,post_concat,0.25,1,0,38.40475082397461,38.036604256465516,1.9513941780641213,0.18865822786983652,,,,
cable,good,D:\Research\research-experiments\industrial-anomaly-detection\data\mvtec_ad\cable\test\good\050.png,2,post_concat,0.25,1,0,37.55457305908203,38.036604256465516,1.9513941780641213,-0.2470188764535945,,,,
cable,good,D:\Research\research-experiments\industrial-anomaly-detection\data\mvtec_ad\cable\test\good\051.png,2,post_concat,0.25,1,0,38.73117446899414,38.036604256465516,1.9513941780641213,0.3559353719183852,,,,
cable,good,D:\Research\research-experiments\industrial-anomaly-detection\data\mvtec_ad\cable\test\good\052.png,2,post_concat,0.25,1,0,36.4624137878418,38.036604256465516,1.9513941780641213,-0.8067004023684201,,,,
cable,good,D:\Research\research-experiments\industrial-anomaly-detection\data\mvtec_ad\cable\test\good\053.png,2,post_concat,0.25,1,0,37.1990852355957,38.036604256465516,1.9513941780641213,-0.42919007870602177,,,,
cable,good,D:\Research\research-experiments\industrial-anomaly-detection\data\mvtec_ad\cable\test\good\054.png,2,post_concat,0.25,1,0,37.440528869628906,38.036604256465516,1.9513941780641213,-0.30546129200198074,,,,
cable,good,D:\Research\research-experiments\industrial-anomaly-detection\data\mvtec_ad\cable\test\good\055.png,2,post_concat,0.25,1,0,40.31566619873047,38.036604256465516,1.9513941780641213,1.167914698057516,,,,
cable,good,D:\Research\research-experiments\industrial-anomaly-detection\data\mvtec_ad\cable\test\good\056.png,2,post_concat,0.25,1,0,36.86235427856445,38.036604256465516,1.9513941780641213,-0.6017492473335021,,,,
cable,good,D:\Research\research-experiments\industrial-anomaly-detection\data\mvtec_ad\cable\test\good\057.png,2,post_concat,0.25,1,0,45.41297912597656,38.036604256465516,1.9513941780641213,3.7800537443586983,,,,
cable,bent_wire,D:\Research\research-experiments\industrial-anomaly-detection\data\mvtec_ad\cable\test\bent_wire\000.png,2,post_concat,0.25,0,1,58.7480583190918,38.036604256465516,1.9513941780641213,10.613670111065442,D:\Research\research-experiments\industrial-anomaly-detection\data\mvtec_ad\cable\ground_truth\bent_wire\000_mask.png,23162,0.022089004516601562,-3.8126752821831915
cable,bent_wire,D:\Research\research-experiments\industrial-anomaly-detection\data\mvtec_ad\cable\test\bent_wire\001.png,2,post_concat,0.25,0,1,60.53978729248047,38.036604256465516,1.9513941780641213,11.53184901798734,D:\Research\research-experiments\industrial-anomaly-detection\data\mvtec_ad\cable\ground_truth\bent_wire\001_mask.png,15206,0.014501571655273438,-4.233498176452484
cable,bent_wire,D:\Research\research-experiments\industrial-anomaly-detection\data\mvtec_ad\cable\test\bent_wire\002.png,2,post_concat,0.25,0,1,64.71672058105469,38.036604256465516,1.9513941780641213,13.672335720022058,D:\Research\research-experiments\industrial-anomaly-detection\data\mvtec_ad\cable\ground_truth\bent_wire\002_mask.png,37083,0.03536510467529297,-3.3420296603665127
cable,bent_wire,D:\Research\research-experiments\industrial-anomaly-detection\data\mvtec_ad\cable\test\bent_wire\003.png,2,post_concat,0.25,0,1,59.036216735839844,38.036604256465516,1.9513941780641213,10.761338080964745,D:\Research\research-experiments\industrial-anomaly-detection\data\mvtec_ad\cable\ground_truth\bent_wire\003_mask.png,12881,0.012284278869628906,-4.399434893397962
cable,bent_wire,D:\Research\research-experiments\industrial-anomaly-detection\data\mvtec_ad\cable\test\bent_wire\004.png,2,post_concat,0.25,0,1,65.19222259521484,38.036604256465516,1.9513941780641213,13.91600868958676,D:\Research\research-experiments\industrial-anomaly-detection\data\mvtec_ad\cable\ground_truth\bent_wire\004_mask.png,32843,0.03132152557373047,-3.463449667868214
cable,bent_wire,D:\Research\research-experiments\industrial-anomaly-detection\data\mvtec_ad\cable\test\bent_wire\005.png,2,post_concat,0.25,0,1,64.02337646484375,38.036604256465516,1.9513941780641213,13.317028666221802,D:\Research\research-experiments\industrial-anomaly-detection\data\mvtec_ad\cable\ground_truth\bent_wire\005_mask.png,37738,0.03598976135253906,-3.324520760065567
cable,bent_wire,D:\Research\research-experiments\industrial-anomaly-detection\data\mvtec_ad\cable\test\bent_wire\006.png,2,post_concat,0.25,0,1,61.57497787475586,38.036604256465516,1.9513941780641213,12.062336704130974,D:\Research\research-experiments\industrial-anomaly-detection\data\mvtec_ad\cable\ground_truth\bent_wire\006_mask.png,40784,0.0388946533203125,-3.2468984588725354
cable,bent_wire,D:\Research\research-experiments\industrial-anomaly-detection\data\mvtec_ad\cable\test\bent_wire\007.png,2,post_concat,0.25,0,1,59.31846237182617,38.036604256465516,1.9513941780641213,10.905976021960516,D:\Research\research-experiments\industrial-anomaly-detection\data\mvtec_ad\cable\ground_truth\bent_wire\007_mask.png,38552,0.03676605224609375,-3.303180325679734
cable,bent_wire,D:\Research\research-experiments\industrial-anomaly-detection\data\mvtec_ad\cable\test\bent_wire\008.png,2,post_concat,0.25,0,1,50.29204559326172,38.036604256465516,1.9513941780641213,6.280351491544471,D:\Research\research-experiments\industrial-anomaly-detection\data\mvtec_ad\cable\ground_truth\bent_wire\008_mask.png,19659,0.01874828338623047,-3.9766530301530847
cable,bent_wire,D:\Research\research-experiments\industrial-anomaly-detection\data\mvtec_ad\cable\test\bent_wire\009.png,2,post_concat,0.25,0,1,68.40792083740234,38.036604256465516,1.9513941780641213,15.563906525060284,D:\Research\research-experiments\industrial-anomaly-detection\data\mvtec_ad\cable\ground_truth\bent_wire\009_mask.png,38202,0.03643226623535156,-3.3123004345056297
cable,bent_wire,D:\Research\research-experiments\industrial-anomaly-detection\data\mvtec_ad\cable\test\bent_wire\010.png,2,post_concat,0.25,0,1,61.99142837524414,38.036604256465516,1.9513941780641213,12.275748481807497,D:\Research\research-experiments\industrial-anomaly-detection\data\mvtec_ad\cable\ground_truth\bent_wire\010_mask.png,38102,0.03633689880371094,-3.314921530503291
cable,bent_wire,D:\Research\research-experiments\industrial-anomaly-detection\data\mvtec_ad\cable\test\bent_wire\011.png,2,post_concat,0.25,0,1,74.0475845336914,38.036604256465516,1.9513941780641213,18.4539754612523,D:\Research\research-experiments\industrial-anomaly-detection\data\mvtec_ad\cable\ground_truth\bent_wire\011_mask.png,119231,0.1137075424194336,-2.1741255354885243
cable,bent_wire,D:\Research\research-experiments\industrial-anomaly-detection\data\mvtec_ad\cable\test\bent_wire\012.png,2,post_concat,0.25,0,1,61.29624557495117,38.036604256465516,1.9513941780641213,11.919499186761108,D:\Research\research-experiments\industrial-anomaly-detection\data\mvtec_ad\cable\ground_truth\bent_wire\012_mask.png,72366,0.06901359558105469,-2.67345174189771
cable,cable_swap,D:\Research\research-experiments\industrial-anomaly-detection\data\mvtec_ad\cable\test\cable_swap\000.png,2,post_concat,0.25,0,1,41.331565856933594,38.036604256465516,1.9513941780641213,1.6885166705462047,D:\Research\research-experiments\industrial-anomaly-detection\data\mvtec_ad\cable\ground_truth\cable_swap\000_mask.png,67133,0.06402301788330078,-2.7485125902366585
cable,cable_swap,D:\Research\research-experiments\industrial-anomaly-detection\data\mvtec_ad\cable\test\cable_swap\001.png,2,post_concat,0.25,0,1,44.27054214477539,38.036604256465516,1.9513941780641213,3.1946071984770636,D:\Research\research-experiments\industrial-anomaly-detection\data\mvtec_ad\cable\ground_truth\cable_swap\001_mask.png,61514,0.05866432189941406,-2.83592352398831
cable,cable_swap,D:\Research\research-experiments\industrial-anomaly-detection\data\mvtec_ad\cable\test\cable_swap\002.png,2,post_concat,0.25,0,1,43.10746765136719,38.036604256465516,1.9513941780641213,2.5985848742934228,D:\Research\research-experiments\industrial-anomaly-detection\data\mvtec_ad\cable\ground_truth\cable_swap\002_mask.png,57103,0.054457664489746094,-2.9103316591675092
cable,cable_swap,D:\Research\research-experiments\industrial-anomaly-detection\data\mvtec_ad\cable\test\cable_swap\003.png,2,post_concat,0.25,0,1,42.23040771484375,38.036604256465516,1.9513941780641213,2.149131890174384,D:\Research\research-experiments\industrial-anomaly-detection\data\mvtec_ad\cable\ground_truth\cable_swap\003_mask.png,59063,0.056326866149902344,-2.876583643636658
cable,cable_swap,D:\Research\research-experiments\industrial-anomaly-detection\data\mvtec_ad\cable\test\cable_swap\004.png,2,post_concat,0.25,0,1,42.56891632080078,38.036604256465516,1.9513941780641213,2.3226020223302815,D:\Research\research-experiments\industrial-anomaly-detection\data\mvtec_ad\cable\ground_truth\cable_swap\004_mask.png,55036,0.052486419677734375,-2.947200796598652
cable,cable_swap,D:\Research\research-experiments\industrial-anomaly-detection\data\mvtec_ad\cable\test\cable_swap\005.png,2,post_concat,0.25,0,1,42.23838806152344,38.036604256465516,1.9513941780641213,2.153221451765474,D:\Research\research-experiments\industrial-anomaly-detection\data\mvtec_ad\cable\ground_truth\cable_swap\005_mask.png,65474,0.06244087219238281,-2.77353519892944
cable,cable_swap,D:\Research\research-experiments\industrial-anomaly-detection\data\mvtec_ad\cable\test\cable_swap\006.png,2,post_concat,0.25,0,1,37.94062042236328,38.036604256465516,1.9513941780641213,-0.04918731191329854,D:\Research\research-experiments\industrial-anomaly-detection\data\mvtec_ad\cable\ground_truth\cable_swap\006_mask.png,67894,0.06474876403808594,-2.737240651355251
cable,cable_swap,D:\Research\research-experiments\industrial-anomaly-detection\data\mvtec_ad\cable\test\cable_swap\007.png,2,post_concat,0.25,0,1,41.72758865356445,38.036604256465516,1.9513941780641213,1.8914601870753631,D:\Research\research-experiments\industrial-anomaly-detection\data\mvtec_ad\cable\ground_truth\cable_swap\007_mask.png,63705,0.060753822326660156,-2.8009252633235553
cable,cable_swap,D:\Research\research-experiments\industrial-anomaly-detection\data\mvtec_ad\cable\test\cable_swap\008.png,2,post_concat,0.25,0,1,43.10596466064453,38.036604256465516,1.9513941780641213,2.5978146604947185,D:\Research\research-experiments\industrial-anomaly-detection\data\mvtec_ad\cable\ground_truth\cable_swap\008_mask.png,61687,0.058829307556152344,-2.833115103427395
cable,cable_swap,D:\Research\research-experiments\industrial-anomaly-detection\data\mvtec_ad\cable\test\cable_swap\009.png,2,post_concat,0.25,0,1,43.056034088134766,38.036604256465516,1.9513941780641213,2.572227532547407,D:\Research\research-experiments\industrial-anomaly-detection\data\mvtec_ad\cable\ground_truth\cable_swap\009_mask.png,58211,0.05551433563232422,-2.8911139738884852
cable,cable_swap,D:\Research\research-experiments\industrial-anomaly-detection\data\mvtec_ad\cable\test\cable_swap\010.png,2,post_concat,0.25,0,1,41.847599029541016,38.036604256465516,1.9513941780641213,1.952959999530281,D:\Research\research-experiments\industrial-anomaly-detection\data\mvtec_ad\cable\ground_truth\cable_swap\010_mask.png,60502,0.05769920349121094,-2.8525118925438706
cable,cable_swap,D:\Research\research-experiments\industrial-anomaly-detection\data\mvtec_ad\cable\test\cable_swap\011.png,2,post_concat,0.25,0,1,42.38747024536133,38.036604256465516,1.9513941780641213,2.229619232138985,D:\Research\research-experiments\industrial-anomaly-detection\data\mvtec_ad\cable\ground_truth\cable_swap\011_mask.png,51956,0.049549102783203125,-3.0047911054897316
cable,combined,D:\Research\research-experiments\industrial-anomaly-detection\data\mvtec_ad\cable\test\combined\000.png,2,post_concat,0.25,0,1,65.73855590820312,38.036604256465516,1.9513941780641213,14.195979450558422,D:\Research\research-experiments\industrial-anomaly-detection\data\mvtec_ad\cable\ground_truth\combined\000_mask.png,42321,0.040360450744628906,-3.209904890679564
cable,combined,D:\Research\research-experiments\industrial-anomaly-detection\data\mvtec_ad\cable\test\combined\001.png,2,post_concat,0.25,0,1,61.33230972290039,38.036604256465516,1.9513941780641213,11.937980408215298,D:\Research\research-experiments\industrial-anomaly-detection\data\mvtec_ad\cable\ground_truth\combined\001_mask.png,41285,0.03937244415283203,-3.2346890689489034
cable,combined,D:\Research\research-experiments\industrial-anomaly-detection\data\mvtec_ad\cable\test\combined\002.png,2,post_concat,0.25,0,1,55.803775787353516,38.036604256465516,1.9513941780641213,9.104860376550834,D:\Research\research-experiments\industrial-anomaly-detection\data\mvtec_ad\cable\ground_truth\combined\002_mask.png,23893,0.02278614044189453,-3.78160275932205
cable,combined,D:\Research\research-experiments\industrial-anomaly-detection\data\mvtec_ad\cable\test\combined\003.png,2,post_concat,0.25,0,1,56.81389236450195,38.036604256465516,1.9513941780641213,9.622498785286131,D:\Research\research-experiments\industrial-anomaly-detection\data\mvtec_ad\cable\ground_truth\combined\003_mask.png,32849,0.031327247619628906,-3.46326699722871
cable,combined,D:\Research\research-experiments\industrial-anomaly-detection\data\mvtec_ad\cable\test\combined\004.png,2,post_concat,0.25,0,1,52.26856231689453,38.036604256465516,1.9513941780641213,7.293225643702502,D:\Research\research-experiments\industrial-anomaly-detection\data\mvtec_ad\cable\ground_truth\combined\004_mask.png,49977,0.047661781311035156,-3.0436254116399084
cable,combined,D:\Research\research-experiments\industrial-anomaly-detection\data\mvtec_ad\cable\test\combined\005.png,2,post_concat,0.25,0,1,61.701499938964844,38.036604256465516,1.9513941780641213,12.127173458094491,D:\Research\research-experiments\industrial-anomaly-detection\data\mvtec_ad\cable\ground_truth\combined\005_mask.png,148557,0.14167499542236328,-1.9542196021788751
cable,combined,D:\Research\research-experiments\industrial-anomaly-detection\data\mvtec_ad\cable\test\combined\006.png,2,post_concat,0.25,0,1,61.36178970336914,38.036604256465516,1.9513941780641213,11.953087545871103,D:\Research\research-experiments\industrial-anomaly-detection\data\mvtec_ad\cable\ground_truth\combined\006_mask.png,94011,0.08965587615966797,-2.4117765243628666
cable,combined,D:\Research\research-experiments\industrial-anomaly-detection\data\mvtec_ad\cable\test\combined\007.png,2,post_concat,0.25,0,1,52.51249694824219,38.036604256465516,1.9513941780641213,7.418230952260741,D:\Research\research-experiments\industrial-anomaly-detection\data\mvtec_ad\cable\ground_truth\combined\007_mask.png,77899,0.07429027557373047,-2.599775202932224
cable,combined,D:\Research\research-experiments\industrial-anomaly-detection\data\mvtec_ad\cable\test\combined\008.png,2,post_concat,0.25,0,1,70.9441146850586,38.036604256465516,1.9513941780641213,16.863589529225173,D:\Research\research-experiments\industrial-anomaly-detection\data\mvtec_ad\cable\ground_truth\combined\008_mask.png,48510,0.04626274108886719,-3.0734183483439774
cable,combined,D:\Research\research-experiments\industrial-anomaly-detection\data\mvtec_ad\cable\test\combined\009.png,2,post_concat,0.25,0,1,49.63677215576172,38.036604256465516,1.9513941780641213,5.944553914168248,D:\Research\research-experiments\industrial-anomaly-detection\data\mvtec_ad\cable\ground_truth\combined\009_mask.png,92936,0.08863067626953125,-2.42327723672282
cable,combined,D:\Research\research-experiments\industrial-anomaly-detection\data\mvtec_ad\cable\test\combined\010.png,2,post_concat,0.25,0,1,61.0214958190918,38.036604256465516,1.9513941780641213,11.778702540472075,D:\Research\research-experiments\industrial-anomaly-detection\data\mvtec_ad\cable\ground_truth\combined\010_mask.png,78276,0.07464981079101562,-2.594947276218929
cable,cut_inner_insulation,D:\Research\research-experiments\industrial-anomaly-detection\data\mvtec_ad\cable\test\cut_inner_insulation\000.png,2,post_concat,0.25,0,1,44.6278076171875,38.036604256465516,1.9513941780641213,3.3776893642579076,D:\Research\research-experiments\industrial-anomaly-detection\data\mvtec_ad\cable\ground_truth\cut_inner_insulation\000_mask.png,33306,0.03176307678222656,-3.4494507397975944
cable,cut_inner_insulation,D:\Research\research-experiments\industrial-anomaly-detection\data\mvtec_ad\cable\test\cut_inner_insulation\001.png,2,post_concat,0.25,0,1,52.586605072021484,38.036604256465516,1.9513941780641213,7.456207966137463,D:\Research\research-experiments\industrial-anomaly-detection\data\mvtec_ad\cable\ground_truth\cut_inner_insulation\001_mask.png,30558,0.029142379760742188,-3.5355617807719595
cable,cut_inner_insulation,D:\Research\research-experiments\industrial-anomaly-detection\data\mvtec_ad\cable\test\cut_inner_insulation\002.png,2,post_concat,0.25,0,1,45.01152420043945,38.036604256465516,1.9513941780641213,3.574326510953005,D:\Research\research-experiments\industrial-anomaly-detection\data\mvtec_ad\cable\ground_truth\cut_inner_insulation\002_mask.png,26929,0.025681495666503906,-3.6619845204527564
cable,cut_inner_insulation,D:\Research\research-experiments\industrial-anomaly-detection\data\mvtec_ad\cable\test\cut_inner_insulation\003.png,2,post_concat,0.25,0,1,50.963768005371094,38.036604256465516,1.9513941780641213,6.624578413844587,D:\Research\research-experiments\industrial-anomaly-detection\data\mvtec_ad\cable\ground_truth\cut_inner_insulation\003_mask.png,62868,0.059955596923828125,-2.8141510253236763
cable,cut_inner_insulation,D:\Research\research-experiments\industrial-anomaly-detection\data\mvtec_ad\cable\test\cut_inner_insulation\004.png,2,post_concat,0.25,0,1,57.936946868896484,38.036604256465516,1.9513941780641213,10.198012700936253,D:\Research\research-experiments\industrial-anomaly-detection\data\mvtec_ad\cable\ground_truth\cut_inner_insulation\004_mask.png,44383,0.042326927185058594,-3.162331795354217
cable,cut_inner_insulation,D:\Research\research-experiments\industrial-anomaly-detection\data\mvtec_ad\cable\test\cut_inner_insulation\005.png,2,post_concat,0.25,0,1,48.04052734375,38.036604256465516,1.9513941780641213,5.126551672511837,D:\Research\research-experiments\industrial-anomaly-detection\data\mvtec_ad\cable\ground_truth\cut_inner_insulation\005_mask.png,27373,0.02610492706298828,-3.645631167802856
cable,cut_inner_insulation,D:\Research\research-experiments\industrial-anomaly-detection\data\mvtec_ad\cable\test\cut_inner_insulation\006.png,2,post_concat,0.25,0,1,47.08810043334961,38.036604256465516,1.9513941780641213,4.638476571588228,D:\Research\research-experiments\industrial-anomaly-detection\data\mvtec_ad\cable\ground_truth\cut_inner_insulation\006_mask.png,19775,0.018858909606933594,-3.970769765537718
cable,cut_inner_insulation,D:\Research\research-experiments\industrial-anomaly-detection\data\mvtec_ad\cable\test\cut_inner_insulation\007.png,2,post_concat,0.25,0,1,52.95919418334961,38.036604256465516,1.9513941780641213,7.647142793921848,D:\Research\research-experiments\industrial-anomaly-detection\data\mvtec_ad\cable\ground_truth\cut_inner_insulation\007_mask.png,41070,0.03916740417480469,-3.239910378716868
cable,cut_inner_insulation,D:\Research\research-experiments\industrial-anomaly-detection\data\mvtec_ad\cable\test\cut_inner_insulation\008.png,2,post_concat,0.25,0,1,42.86702346801758,38.036604256465516,1.9513941780641213,2.4753682602169462,D:\Research\research-experiments\industrial-anomaly-detection\data\mvtec_ad\cable\ground_truth\cut_inner_insulation\008_mask.png,26265,0.025048255920410156,-3.686951037887906
cable,cut_inner_insulation,D:\Research\research-experiments\industrial-anomaly-detection\data\mvtec_ad\cable\test\cut_inner_insulation\009.png,2,post_concat,0.25,0,1,49.06631088256836,38.036604256465516,1.9513941780641213,5.652218680412818,D:\Research\research-experiments\industrial-anomaly-detection\data\mvtec_ad\cable\ground_truth\cut_inner_insulation\009_mask.png,61146,0.05831336975097656,-2.8419238679934318
cable,cut_inner_insulation,D:\Research\research-experiments\industrial-anomaly-detection\data\mvtec_ad\cable\test\cut_inner_insulation\010.png,2,post_concat,0.25,0,1,52.35694122314453,38.036604256465516,1.9513941780641213,7.338515778952201,D:\Research\research-experiments\industrial-anomaly-detection\data\mvtec_ad\cable\ground_truth\cut_inner_insulation\010_mask.png,31665,0.030198097229003906,-3.4999763291337067
cable,cut_inner_insulation,D:\Research\research-experiments\industrial-anomaly-detection\data\mvtec_ad\cable\test\cut_inner_insulation\011.png,2,post_concat,0.25,0,1,55.20241165161133,38.036604256465516,1.9513941780641213,8.796688843345395,D:\Research\research-experiments\industrial-anomaly-detection\data\mvtec_ad\cable\ground_truth\cut_inner_insulation\011_mask.png,56332,0.053722381591796875,-2.9239255562667497
cable,cut_inner_insulation,D:\Research\research-experiments\industrial-anomaly-detection\data\mvtec_ad\cable\test\cut_inner_insulation\012.png,2,post_concat,0.25,0,1,47.161006927490234,38.036604256465516,1.9513941780641213,4.6758378053974585,D:\Research\research-experiments\industrial-anomaly-detection\data\mvtec_ad\cable\ground_truth\cut_inner_insulation\012_mask.png,103750,0.09894371032714844,-2.313204162999205
cable,cut_inner_insulation,D:\Research\research-experiments\industrial-anomaly-detection\data\mvtec_ad\cable\test\cut_inner_insulation\013.png,2,post_concat,0.25,0,1,54.35892105102539,38.036604256465516,1.9513941780641213,8.36443860396899,D:\Research\research-experiments\industrial-anomaly-detection\data\mvtec_ad\cable\ground_truth\cut_inner_insulation\013_mask.png,29743,0.028365135192871094,-3.5625944867742345
cable,cut_outer_insulation,D:\Research\research-experiments\industrial-anomaly-detection\data\mvtec_ad\cable\test\cut_outer_insulation\000.png,2,post_concat,0.25,0,1,54.366004943847656,38.036604256465516,1.9513941780641213,8.368068774081157,D:\Research\research-experiments\industrial-anomaly-detection\data\mvtec_ad\cable\ground_truth\cut_outer_insulation\000_mask.png,23454,0.022367477416992188,-3.800147231470129
cable,cut_outer_insulation,D:\Research\research-experiments\industrial-anomaly-detection\data\mvtec_ad\cable\test\cut_outer_insulation\001.png,2,post_concat,0.25,0,1,54.606964111328125,38.036604256465516,1.9513941780641213,8.491549293900844,D:\Research\research-experiments\industrial-anomaly-detection\data\mvtec_ad\cable\ground_truth\cut_outer_insulation\001_mask.png,7513,0.007164955139160156,-4.93855333926154
cable,cut_outer_insulation,D:\Research\research-experiments\industrial-anomaly-detection\data\mvtec_ad\cable\test\cut_outer_insulation\002.png,2,post_concat,0.25,0,1,49.48707580566406,38.036604256465516,1.9513941780641213,5.8678414017602405,D:\Research\research-experiments\industrial-anomaly-detection\data\mvtec_ad\cable\ground_truth\cut_outer_insulation\002_mask.png,14604,0.013927459716796875,-4.273892796622778
cable,cut_outer_insulation,D:\Research\research-experiments\industrial-anomaly-detection\data\mvtec_ad\cable\test\cut_outer_insulation\003.png,2,post_concat,0.25,0,1,45.51552200317383,38.036604256465516,1.9513941780641213,3.8326022649753755,D:\Research\research-experiments\industrial-anomaly-detection\data\mvtec_ad\cable\ground_truth\cut_outer_insulation\003_mask.png,7697,0.007340431213378906,-4.914357553432819
cable,cut_outer_insulation,D:\Research\research-experiments\industrial-anomaly-detection\data\mvtec_ad\cable\test\cut_outer_insulation\004.png,2,post_concat,0.25,0,1,43.34218978881836,38.036604256465516,1.9513941780641213,2.7188692023342225,D:\Research\research-experiments\industrial-anomaly-detection\data\mvtec_ad\cable\ground_truth\cut_outer_insulation\004_mask.png,24050,0.022935867309570312,-3.775053292065166
cable,cut_outer_insulation,D:\Research\research-experiments\industrial-anomaly-detection\data\mvtec_ad\cable\test\cut_outer_insulation\005.png,2,post_concat,0.25,0,1,55.69013977050781,38.036604256465516,1.9513941780641213,9.046627130739658,D:\Research\research-experiments\industrial-anomaly-detection\data\mvtec_ad\cable\ground_truth\cut_outer_insulation\005_mask.png,4647,0.004431724548339844,-5.418966256468161
cable,cut_outer_insulation,D:\Research\research-experiments\industrial-anomaly-detection\data\mvtec_ad\cable\test\cut_outer_insulation\006.png,2,post_concat,0.25,0,1,52.00759506225586,38.036604256465516,1.9513941780641213,7.159491897044733,D:\Research\research-experiments\industrial-anomaly-detection\data\mvtec_ad\cable\ground_truth\cut_outer_insulation\006_mask.png,11710,0.011167526245117188,-4.494745065061801
cable,cut_outer_insulation,D:\Research\research-experiments\industrial-anomaly-detection\data\mvtec_ad\cable\test\cut_outer_insulation\007.png,2,post_concat,0.25,0,1,48.942626953125,38.036604256465516,1.9513941780641213,5.588836340322996,D:\Research\research-experiments\industrial-anomaly-detection\data\mvtec_ad\cable\ground_truth\cut_outer_insulation\007_mask.png,21941,0.02092456817626953,-3.866831251766246
cable,cut_outer_insulation,D:\Research\research-experiments\industrial-anomaly-detection\data\mvtec_ad\cable\test\cut_outer_insulation\008.png,2,post_concat,0.25,0,1,45.79917526245117,38.036604256465516,1.9513941780641213,3.977961548335922,D:\Research\research-experiments\industrial-anomaly-detection\data\mvtec_ad\cable\ground_truth\cut_outer_insulation\008_mask.png,35537,0.033890724182128906,-3.3846138954767726
cable,cut_outer_insulation,D:\Research\research-experiments\industrial-anomaly-detection\data\mvtec_ad\cable\test\cut_outer_insulation\009.png,2,post_concat,0.25,0,1,49.2993278503418,38.036604256465516,1.9513941780641213,5.7716291872149865,D:\Research\research-experiments\industrial-anomaly-detection\data\mvtec_ad\cable\ground_truth\cut_outer_insulation\009_mask.png,10318,0.009840011596679688,-4.62129828776842
cable,missing_cable,D:\Research\research-experiments\industrial-anomaly-detection\data\mvtec_ad\cable\test\missing_cable\000.png,2,post_concat,0.25,0,1,62.16567611694336,38.036604256465516,1.9513941780641213,12.365042456165911,D:\Research\research-experiments\industrial-anomaly-detection\data\mvtec_ad\cable\ground_truth\missing_cable\000_mask.png,74489,0.07103824615478516,-2.6445368546625256
cable,missing_cable,D:\Research\research-experiments\industrial-anomaly-detection\data\mvtec_ad\cable\test\missing_cable\001.png,2,post_concat,0.25,0,1,60.71603775024414,38.036604256465516,1.9513941780641213,11.622169292458244,D:\Research\research-experiments\industrial-anomaly-detection\data\mvtec_ad\cable\ground_truth\missing_cable\001_mask.png,71763,0.06843852996826172,-2.681819294708357
cable,missing_cable,D:\Research\research-experiments\industrial-anomaly-detection\data\mvtec_ad\cable\test\missing_cable\002.png,2,post_concat,0.25,0,1,61.38515853881836,38.036604256465516,1.9513941780641213,11.965063002040804,D:\Research\research-experiments\industrial-anomaly-detection\data\mvtec_ad\cable\ground_truth\missing_cable\002_mask.png,69188,0.06598281860351562,-2.718360879879632
cable,missing_cable,D:\Research\research-experiments\industrial-anomaly-detection\data\mvtec_ad\cable\test\missing_cable\003.png,2,post_concat,0.25,0,1,61.16201400756836,38.036604256465516,1.9513941780641213,11.850711666078857,D:\Research\research-experiments\industrial-anomaly-detection\data\mvtec_ad\cable\ground_truth\missing_cable\003_mask.png,74858,0.07139015197753906,-2.639595332627382
cable,missing_cable,D:\Research\research-experiments\industrial-anomaly-detection\data\mvtec_ad\cable\test\missing_cable\004.png,2,post_concat,0.25,0,1,60.3527946472168,38.036604256465516,1.9513941780641213,11.436023865198797,D:\Research\research-experiments\industrial-anomaly-detection\data\mvtec_ad\cable\ground_truth\missing_cable\004_mask.png,77885,0.07427692413330078,-2.5999549389750687
cable,missing_cable,D:\Research\research-experiments\industrial-anomaly-detection\data\mvtec_ad\cable\test\missing_cable\005.png,2,post_concat,0.25,0,1,63.28553009033203,38.036604256465516,1.9513941780641213,12.938916246493411,D:\Research\research-experiments\industrial-anomaly-detection\data\mvtec_ad\cable\ground_truth\missing_cable\005_mask.png,70780,0.06750106811523438,-2.6956118424848716
cable,missing_cable,D:\Research\research-experiments\industrial-anomaly-detection\data\mvtec_ad\cable\test\missing_cable\006.png,2,post_concat,0.25,0,1,60.503353118896484,38.036604256465516,1.9513941780641213,11.513178175369513,D:\Research\research-experiments\industrial-anomaly-detection\data\mvtec_ad\cable\ground_truth\missing_cable\006_mask.png,236776,0.22580718994140625,-1.4880737812661082
cable,missing_cable,D:\Research\research-experiments\industrial-anomaly-detection\data\mvtec_ad\cable\test\missing_cable\007.png,2,post_concat,0.25,0,1,61.72812271118164,38.036604256465516,1.9513941780641213,12.140816407589815,D:\Research\research-experiments\industrial-anomaly-detection\data\mvtec_ad\cable\ground_truth\missing_cable\007_mask.png,158927,0.1515645980834961,-1.8867433483231728
cable,missing_cable,D:\Research\research-experiments\industrial-anomaly-detection\data\mvtec_ad\cable\test\missing_cable\008.png,2,post_concat,0.25,0,1,59.580997467041016,38.036604256465516,1.9513941780641213,11.04051321499206,D:\Research\research-experiments\industrial-anomaly-detection\data\mvtec_ad\cable\ground_truth\missing_cable\008_mask.png,144175,0.1374959945678711,-1.9841604854423538
cable,missing_cable,D:\Research\research-experiments\industrial-anomaly-detection\data\mvtec_ad\cable\test\missing_cable\009.png,2,post_concat,0.25,0,1,60.45784378051758,38.036604256465516,1.9513941780641213,11.489856727099099,D:\Research\research-experiments\industrial-anomaly-detection\data\mvtec_ad\cable\ground_truth\missing_cable\009_mask.png,151277,0.14426898956298828,-1.9360757319090696
cable,missing_cable,D:\Research\research-experiments\industrial-anomaly-detection\data\mvtec_ad\cable\test\missing_cable\010.png,2,post_concat,0.25,0,1,63.765628814697266,38.036604256465516,1.9513941780641213,13.18494481917344,D:\Research\research-experiments\industrial-anomaly-detection\data\mvtec_ad\cable\ground_truth\missing_cable\010_mask.png,84372,0.08046340942382812,-2.5199527267837354
cable,missing_cable,D:\Research\research-experiments\industrial-anomaly-detection\data\mvtec_ad\cable\test\missing_cable\011.png,2,post_concat,0.25,0,1,61.415557861328125,38.036604256465516,1.9513941780641213,11.980641260319674,D:\Research\research-experiments\industrial-anomaly-detection\data\mvtec_ad\cable\ground_truth\missing_cable\011_mask.png,77245,0.07366657257080078,-2.608206129878078
cable,missing_wire,D:\Research\research-experiments\industrial-anomaly-detection\data\mvtec_ad\cable\test\missing_wire\000.png,2,post_concat,0.25,0,1,46.384490966796875,38.036604256465516,1.9513941780641213,4.277908996639967,D:\Research\research-experiments\industrial-anomaly-detection\data\mvtec_ad\cable\ground_truth\missing_wire\000_mask.png,24951,0.023795127868652344,-3.7382743886367003
cable,missing_wire,D:\Research\research-experiments\industrial-anomaly-detection\data\mvtec_ad\cable\test\missing_wire\001.png,2,post_concat,0.25,0,1,53.082332611083984,38.036604256465516,1.9513941780641213,7.7102455894096025,D:\Research\research-experiments\industrial-anomaly-detection\data\mvtec_ad\cable\ground_truth\missing_wire\001_mask.png,16616,0.01584625244140625,-4.144822182536556
cable,missing_wire,D:\Research\research-experiments\industrial-anomaly-detection\data\mvtec_ad\cable\test\missing_wire\002.png,2,post_concat,0.25,0,1,49.69316482543945,38.036604256465516,1.9513941780641213,5.973452570478516,D:\Research\research-experiments\industrial-anomaly-detection\data\mvtec_ad\cable\ground_truth\missing_wire\002_mask.png,15156,0.014453887939453125,-4.2367917698748805
cable,missing_wire,D:\Research\research-experiments\industrial-anomaly-detection\data\mvtec_ad\cable\test\missing_wire\003.png,2,post_concat,0.25,0,1,54.976417541503906,38.036604256465516,1.9513941780641213,8.68087722893768,D:\Research\research-experiments\industrial-anomaly-detection\data\mvtec_ad\cable\ground_truth\missing_wire\003_mask.png,40701,0.03881549835205078,-3.248935644282583
cable,missing_wire,D:\Research\research-experiments\industrial-anomaly-detection\data\mvtec_ad\cable\test\missing_wire\004.png,2,post_concat,0.25,0,1,57.92070388793945,38.036604256465516,1.9513941780641213,10.189688918309646,D:\Research\research-experiments\industrial-anomaly-detection\data\mvtec_ad\cable\ground_truth\missing_wire\004_mask.png,38640,0.0368499755859375,-3.300900295735392
cable,missing_wire,D:\Research\research-experiments\industrial-anomaly-detection\data\mvtec_ad\cable\test\missing_wire\005.png,2,post_concat,0.25,0,1,54.057491302490234,38.036604256465516,1.9513941780641213,8.209969685324277,D:\Research\research-experiments\industrial-anomaly-detection\data\mvtec_ad\cable\ground_truth\missing_wire\005_mask.png,18712,0.01784515380859375,-4.02602324689727
cable,missing_wire,D:\Research\research-experiments\industrial-anomaly-detection\data\mvtec_ad\cable\test\missing_wire\006.png,2,post_concat,0.25,0,1,51.78758239746094,38.036604256465516,1.9513941780641213,7.046745498972978,D:\Research\research-experiments\industrial-anomaly-detection\data\mvtec_ad\cable\ground_truth\missing_wire\006_mask.png,18399,0.017546653747558594,-4.042891959913891
cable,missing_wire,D:\Research\research-experiments\industrial-anomaly-detection\data\mvtec_ad\cable\test\missing_wire\007.png,2,post_concat,0.25,0,1,47.94671630859375,38.036604256465516,1.9513941780641213,5.078477820385603,D:\Research\research-experiments\industrial-anomaly-detection\data\mvtec_ad\cable\ground_truth\missing_wire\007_mask.png,18838,0.017965316772460938,-4.019312170153336
cable,missing_wire,D:\Research\research-experiments\industrial-anomaly-detection\data\mvtec_ad\cable\test\missing_wire\008.png,2,post_concat,0.25,0,1,49.9435920715332,38.036604256465516,1.9513941780641213,6.101785046258569,D:\Research\research-experiments\industrial-anomaly-detection\data\mvtec_ad\cable\ground_truth\missing_wire\008_mask.png,18820,0.017948150634765625,-4.0202681423434905
cable,missing_wire,D:\Research\research-experiments\industrial-anomaly-detection\data\mvtec_ad\cable\test\missing_wire\009.png,2,post_concat,0.25,0,1,57.43044662475586,38.036604256465516,1.9513941780641213,9.938454560487614,D:\Research\research-experiments\industrial-anomaly-detection\data\mvtec_ad\cable\ground_truth\missing_wire\009_mask.png,20485,0.01953601837158203,-3.935495370030433
cable,poke_insulation,D:\Research\research-experiments\industrial-anomaly-detection\data\mvtec_ad\cable\test\poke_insulation\000.png,2,post_concat,0.25,0,1,44.72488784790039,38.036604256465516,1.9513941780641213,3.427438529139192,D:\Research\research-experiments\industrial-anomaly-detection\data\mvtec_ad\cable\ground_truth\poke_insulation\000_mask.png,8620,0.008220672607421875,-4.801103125896628
cable,poke_insulation,D:\Research\research-experiments\industrial-anomaly-detection\data\mvtec_ad\cable\test\poke_insulation\001.png,2,post_concat,0.25,0,1,47.51070022583008,38.036604256465516,1.9513941780641213,4.8550395793244245,D:\Research\research-experiments\industrial-anomaly-detection\data\mvtec_ad\cable\ground_truth\poke_insulation\001_mask.png,31427,0.02997112274169922,-3.507520902804313
cable,poke_insulation,D:\Research\research-experiments\industrial-anomaly-detection\data\mvtec_ad\cable\test\poke_insulation\002.png,2,post_concat,0.25,0,1,39.72258758544922,38.036604256465516,1.9513941780641213,0.8639891150317364,D:\Research\research-experiments\industrial-anomaly-detection\data\mvtec_ad\cable\ground_truth\poke_insulation\002_mask.png,1506,0.0014362335205078125,-6.5457305065737055
cable,poke_insulation,D:\Research\research-experiments\industrial-anomaly-detection\data\mvtec_ad\cable\test\poke_insulation\003.png,2,post_concat,0.25,0,1,42.41510772705078,38.036604256465516,1.9513941780641213,2.2437821736913017,D:\Research\research-experiments\industrial-anomaly-detection\data\mvtec_ad\cable\ground_truth\poke_insulation\003_mask.png,13376,0.01275634765625,-4.361726197482082
cable,poke_insulation,D:\Research\research-experiments\industrial-anomaly-detection\data\mvtec_ad\cable\test\poke_insulation\004.png,2,post_concat,0.25,0,1,41.73209762573242,38.036604256465516,1.9513941780641213,1.893770828471476,D:\Research\research-experiments\industrial-anomaly-detection\data\mvtec_ad\cable\ground_truth\poke_insulation\004_mask.png,31573,0.03011035919189453,-3.502885974026185
cable,poke_insulation,D:\Research\research-experiments\industrial-anomaly-detection\data\mvtec_ad\cable\test\poke_insulation\005.png,2,post_concat,0.25,0,1,48.513118743896484,38.036604256465516,1.9513941780641213,5.3687330859130595,D:\Research\research-experiments\industrial-anomaly-detection\data\mvtec_ad\cable\ground_truth\poke_insulation\005_mask.png,6611,0.006304740905761719,-5.06645324525454
cable,poke_insulation,D:\Research\research-experiments\industrial-anomaly-detection\data\mvtec_ad\cable\test\poke_insulation\006.png,2,post_concat,0.25,0,1,42.46048355102539,38.036604256465516,1.9513941780641213,2.267035201954215,D:\Research\research-experiments\industrial-anomaly-detection\data\mvtec_ad\cable\ground_truth\poke_insulation\006_mask.png,27740,0.026454925537109375,-3.63231287952994
cable,poke_insulation,D:\Research\research-experiments\industrial-anomaly-detection\data\mvtec_ad\cable\test\poke_insulation\007.png,2,post_concat,0.25,0,1,43.798858642578125,38.036604256465516,1.9513941780641213,2.952891041126836,D:\Research\research-experiments\industrial-anomaly-detection\data\mvtec_ad\cable\ground_truth\poke_insulation\007_mask.png,51028,0.048664093017578125,-3.022813809991694
cable,poke_insulation,D:\Research\research-experiments\industrial-anomaly-detection\data\mvtec_ad\cable\test\poke_insulation\008.png,2,post_concat,0.25,0,1,47.88431167602539,38.036604256465516,1.9513941780641213,5.046498308880517,D:\Research\research-experiments\industrial-anomaly-detection\data\mvtec_ad\cable\ground_truth\poke_insulation\008_mask.png,41654,0.03972434997558594,-3.2257909046264683
cable,poke_insulation,D:\Research\research-experiments\industrial-anomaly-detection\data\mvtec_ad\cable\test\poke_insulation\009.png,2,post_concat,0.25,0,1,43.798866271972656,38.036604256465516,1.9513941780641213,2.95289495084155,D:\Research\research-experiments\industrial-anomaly-detection\data\mvtec_ad\cable\ground_truth\poke_insulation\009_mask.png,37053,0.03533649444580078,-3.3428389837934276
cable,good,D:\Research\research-experiments\industrial-anomaly-detection\data\mvtec_ad\cable\test\good\000.png,2,post_concat,0.5,1,0,35.95995330810547,37.762651443481445,1.8151018648598078,-0.9931663727948462,,,,
cable,good,D:\Research\research-experiments\industrial-anomaly-detection\data\mvtec_ad\cable\test\good\001.png,2,post_concat,0.5,1,0,38.98041915893555,37.762651443481445,1.8151018648598078,0.6709087456907867,,,,
cable,good,D:\Research\research-experiments\industrial-anomaly-detection\data\mvtec_ad\cable\test\good\002.png,2,post_concat,0.5,1,0,37.639068603515625,37.762651443481445,1.8151018648598078,-0.06808589774401748,,,,
cable,good,D:\Research\research-experiments\industrial-anomaly-detection\data\mvtec_ad\cable\test\good\003.png,2,post_concat,0.5,1,0,35.42568588256836,37.762651443481445,1.8151018648598078,-1.287512070896134,,,,
cable,good,D:\Research\research-experiments\industrial-anomaly-detection\data\mvtec_ad\cable\test\good\004.png,2,post_concat,0.5,1,0,36.02980041503906,37.762651443481445,1.8151018648598078,-0.9546852779946993,,,,
cable,good,D:\Research\research-experiments\industrial-anomaly-detection\data\mvtec_ad\cable\test\good\005.png,2,post_concat,0.5,1,0,36.749000549316406,37.762651443481445,1.8151018648598078,-0.558453998527146,,,,
cable,good,D:\Research\research-experiments\industrial-anomaly-detection\data\mvtec_ad\cable\test\good\006.png,2,post_concat,0.5,1,0,37.59944152832031,37.762651443481445,1.8151018648598078,-0.08991777173549352,,,,
cable,good,D:\Research\research-experiments\industrial-anomaly-detection\data\mvtec_ad\cable\test\good\007.png,2,post_concat,0.5,1,0,37.5577278137207,37.762651443481445,1.8151018648598078,-0.11289924479063315,,,,
cable,good,D:\Research\research-experiments\industrial-anomaly-detection\data\mvtec_ad\cable\test\good\008.png,2,post_concat,0.5,1,0,36.94869613647461,37.762651443481445,1.8151018648598078,-0.4484350563265511,,,,
cable,good,D:\Research\research-experiments\industrial-anomaly-detection\data\mvtec_ad\cable\test\good\009.png,2,post_concat,0.5,1,0,36.371498107910156,37.762651443481445,1.8151018648598078,-0.7664326517998133,,,,
cable,good,D:\Research\research-experiments\industrial-anomaly-detection\data\mvtec_ad\cable\test\good\010.png,2,post_concat,0.5,1,0,35.31031799316406,37.762651443481445,1.8151018648598078,-1.3510720790906094,,,,
cable,good,D:\Research\research-experiments\industrial-anomaly-detection\data\mvtec_ad\cable\test\good\011.png,2,post_concat,0.5,1,0,37.18079376220703,37.762651443481445,1.8151018648598078,-0.32056475316296074,,,,
cable,good,D:\Research\research-experiments\industrial-anomaly-detection\data\mvtec_ad\cable\test\good\012.png,2,post_concat,0.5,1,0,37.694091796875,37.762651443481445,1.8151018648598078,-0.03777179007622287,,,,
cable,good,D:\Research\research-experiments\industrial-anomaly-detection\data\mvtec_ad\cable\test\good\013.png,2,post_concat,0.5,1,0,41.88188171386719,37.762651443481445,1.8151018648598078,2.2694209896059454,,,,
cable,good,D:\Research\research-experiments\industrial-anomaly-detection\data\mvtec_ad\cable\test\good\014.png,2,post_concat,0.5,1,0,38.97854232788086,37.762651443481445,1.8151018648598078,0.6698747370265774,,,,
cable,good,D:\Research\research-experiments\industrial-anomaly-detection\data\mvtec_ad\cable\test\good\015.png,2,post_concat,0.5,1,0,39.12312316894531,37.762651443481445,1.8151018648598078,0.7495291321123431,,,,
cable,good,D:\Research\research-experiments\industrial-anomaly-detection\data\mvtec_ad\cable\test\good\016.png,2,post_concat,0.5,1,0,38.33708572387695,37.762651443481445,1.8151018648598078,0.31647495466590525,,,,
cable,good,D:\Research\research-experiments\industrial-anomaly-detection\data\mvtec_ad\cable\test\good\017.png,2,post_concat,0.5,1,0,36.01093292236328,37.762651443481445,1.8151018648598078,-0.9650800073710798,,,,
cable,good,D:\Research\research-experiments\industrial-anomaly-detection\data\mvtec_ad\cable\test\good\018.png,2,post_concat,0.5,1,0,39.00315856933594,37.762651443481445,1.8151018648598078,0.6834366433480055,,,,
cable,good,D:\Research\research-experiments\industrial-anomaly-detection\data\mvtec_ad\cable\test\good\019.png,2,post_concat,0.5,1,0,40.076656341552734,37.762651443481445,1.8151018648598078,1.2748622779085816,,,,
cable,good,D:\Research\research-experiments\industrial-anomaly-detection\data\mvtec_ad\cable\test\good\020.png,2,post_concat,0.5,1,0,35.735347747802734,37.762651443481445,1.8151018648598078,-1.1169090478761052,,,,
cable,good,D:\Research\research-experiments\industrial-anomaly-detection\data\mvtec_ad\cable\test\good\021.png,2,post_concat,0.5,1,0,36.55270004272461,37.762651443481445,1.8151018648598078,-0.6666024779002078,,,,
cable,good,D:\Research\research-experiments\industrial-anomaly-detection\data\mvtec_ad\cable\test\good\022.png,2,post_concat,0.5,1,0,37.32322692871094,37.762651443481445,1.8151018648598078,-0.2420935834388818,,,,
cable,good,D:\Research\research-experiments\industrial-anomaly-detection\data\mvtec_ad\cable\test\good\023.png,2,post_concat,0.5,1,0,36.24584197998047,37.762651443481445,1.8151018648598078,-0.8356607928548019,,,,
cable,good,D:\Research\research-experiments\industrial-anomaly-detection\data\mvtec_ad\cable\test\good\024.png,2,post_concat,0.5,1,0,36.14372253417969,37.762651443481445,1.8151018648598078,-0.8919217927346453,,,,
cable,good,D:\Research\research-experiments\industrial-anomaly-detection\data\mvtec_ad\cable\test\good\025.png,2,post_concat,0.5,1,0,36.21234893798828,37.762651443481445,1.8151018648598078,-0.8541132238949598,,,,
cable,good,D:\Research\research-experiments\industrial-anomaly-detection\data\mvtec_ad\cable\test\good\026.png,2,post_concat,0.5,1,0,36.227962493896484,37.762651443481445,1.8151018648598078,-0.8455111965319341,,,,
cable,good,D:\Research\research-experiments\industrial-anomaly-detection\data\mvtec_ad\cable\test\good\027.png,2,post_concat,0.5,1,0,36.47230529785156,37.762651443481445,1.8151018648598078,-0.710894617327466,,,,
cable,good,D:\Research\research-experiments\industrial-anomaly-detection\data\mvtec_ad\cable\test\good\028.png,2,post_concat,0.5,1,0,35.5998649597168,37.762651443481445,1.8151018648598078,-1.1915510229128075,,,,
cable,good,D:\Research\research-experiments\industrial-anomaly-detection\data\mvtec_ad\cable\test\good\029.png,2,post_concat,0.5,1,0,36.38953399658203,37.762651443481445,1.8151018648598078,-0.7564960807339972,,,,
cable,good,D:\Research\research-experiments\industrial-anomaly-detection\data\mvtec_ad\cable\test\good\030.png,2,post_concat,0.5,1,0,43.234153747558594,37.762651443481445,1.8151018648598078,3.0144326387432523,,,,
cable,good,D:\Research\research-experiments\industrial-anomaly-detection\data\mvtec_ad\cable\test\good\031.png,2,post_concat,0.5,1,0,38.218833923339844,37.762651443481445,1.8151018648598078,0.25132610388984,,,,
cable,good,D:\Research\research-experiments\industrial-anomaly-detection\data\mvtec_ad\cable\test\good\032.png,2,post_concat,0.5,1,0,38.49696731567383,37.762651443481445,1.8151018648598078,0.4045590423373284,,,,
cable,good,D:\Research\research-experiments\industrial-anomaly-detection\data\mvtec_ad\cable\test\good\033.png,2,post_concat,0.5,1,0,37.855323791503906,37.762651443481445,1.8151018648598078,0.05105627943896065,,,,
cable,good,D:\Research\research-experiments\industrial-anomaly-detection\data\mvtec_ad\cable\test\good\034.png,2,post_concat,0.5,1,0,38.99285125732422,37.762651443481445,1.8151018648598078,0.6777580022693601,,,,
cable,good,D:\Research\research-experiments\industrial-anomaly-detection\data\mvtec_ad\cable\test\good\035.png,2,post_concat,0.5,1,0,36.716644287109375,37.762651443481445,1.8151018648598078,-0.5762801397666242,,,,
cable,good,D:\Research\research-experiments\industrial-anomaly-detection\data\mvtec_ad\cable\test\good\036.png,2,post_concat,0.5,1,0,38.11509323120117,37.762651443481445,1.8151018648598078,0.19417190546875887,,,,
cable,good,D:\Research\research-experiments\industrial-anomaly-detection\data\mvtec_ad\cable\test\good\037.png,2,post_concat,0.5,1,0,37.956947326660156,37.762651443481445,1.8151018648598078,0.10704406564736667,,,,
cable,good,D:\Research\research-experiments\industrial-anomaly-detection\data\mvtec_ad\cable\test\good\038.png,2,post_concat,0.5,1,0,39.997920989990234,37.762651443481445,1.8151018648598078,1.2314843534588256,,,,
cable,good,D:\Research\research-experiments\industrial-anomaly-detection\data\mvtec_ad\cable\test\good\039.png,2,post_concat,0.5,1,0,40.120391845703125,37.762651443481445,1.8151018648598078,1.2989576220857353,,,,
cable,good,D:\Research\research-experiments\industrial-anomaly-detection\data\mvtec_ad\cable\test\good\040.png,2,post_concat,0.5,1,0,36.102962493896484,37.762651443481445,1.8151018648598078,-0.9143778548831746,,,,
cable,good,D:\Research\research-experiments\industrial-anomaly-detection\data\mvtec_ad\cable\test\good\041.png,2,post_concat,0.5,1,0,39.88359832763672,37.762651443481445,1.8151018648598078,1.1685001956179952,,,,
cable,good,D:\Research\research-experiments\industrial-anomaly-detection\data\mvtec_ad\cable\test\good\042.png,2,post_concat,0.5,1,0,39.4290657043457,37.762651443481445,1.8151018648598078,0.9180830525965913,,,,
cable,good,D:\Research\research-experiments\industrial-anomaly-detection\data\mvtec_ad\cable\test\good\043.png,2,post_concat,0.5,1,0,37.78645706176758,37.762651443481445,1.8151018648598078,0.013115307050809226,,,,
cable,good,D:\Research\research-experiments\industrial-anomaly-detection\data\mvtec_ad\cable\test\good\044.png,2,post_concat,0.5,1,0,37.732791900634766,37.762651443481445,1.8151018648598078,-0.016450615485972153,,,,
cable,good,D:\Research\research-experiments\industrial-anomaly-detection\data\mvtec_ad\cable\test\good\045.png,2,post_concat,0.5,1,0,38.31447219848633,37.762651443481445,1.8151018648598078,0.3040164112483591,,,,
cable,good,D:\Research\research-experiments\industrial-anomaly-detection\data\mvtec_ad\cable\test\good\046.png,2,post_concat,0.5,1,0,36.32012939453125,37.762651443481445,1.8151018648598078,-0.7947333848734769,,,,
cable,good,D:\Research\research-experiments\industrial-anomaly-detection\data\mvtec_ad\cable\test\good\047.png,2,post_concat,0.5,1,0,37.248878479003906,37.762651443481445,1.8151018648598078,-0.2830546177182299,,,,
cable,good,D:\Research\research-experiments\industrial-anomaly-detection\data\mvtec_ad\cable\test\good\048.png,2,post_concat,0.5,1,0,38.043888092041016,37.762651443481445,1.8151018648598078,0.15494262553759872,,,,
cable,good,D:\Research\research-experiments\industrial-anomaly-detection\data\mvtec_ad\cable\test\good\049.png,2,post_concat,0.5,1,0,37.6547966003418,37.762651443481445,1.8151018648598078,-0.05942082107219848,,,,
cable,good,D:\Research\research-experiments\industrial-anomaly-detection\data\mvtec_ad\cable\test\good\050.png,2,post_concat,0.5,1,0,37.30526351928711,37.762651443481445,1.8151018648598078,-0.25199022327579557,,,,
cable,good,D:\Research\research-experiments\industrial-anomaly-detection\data\mvtec_ad\cable\test\good\051.png,2,post_concat,0.5,1,0,38.851905822753906,37.762651443481445,1.8151018648598078,0.6001064735595933,,,,
cable,good,D:\Research\research-experiments\industrial-anomaly-detection\data\mvtec_ad\cable\test\good\052.png,2,post_concat,0.5,1,0,35.87440872192383,37.762651443481445,1.8151018648598078,-1.0402957311178007,,,,
cable,good,D:\Research\research-experiments\industrial-anomaly-detection\data\mvtec_ad\cable\test\good\053.png,2,post_concat,0.5,1,0,36.37986755371094,37.762651443481445,1.8151018648598078,-0.7618216456834004,,,,
cable,good,D:\Research\research-experiments\industrial-anomaly-detection\data\mvtec_ad\cable\test\good\054.png,2,post_concat,0.5,1,0,36.977901458740234,37.762651443481445,1.8151018648598078,-0.4323448727225137,,,,
cable,good,D:\Research\research-experiments\industrial-anomaly-detection\data\mvtec_ad\cable\test\good\055.png,2,post_concat,0.5,1,0,40.80987548828125,37.762651443481445,1.8151018648598078,1.6788170977033081,,,,
cable,good,D:\Research\research-experiments\industrial-anomaly-detection\data\mvtec_ad\cable\test\good\056.png,2,post_concat,0.5,1,0,36.38882064819336,37.762651443481445,1.8151018648598078,-0.7568890880921418,,,,
cable,good,D:\Research\research-experiments\industrial-anomaly-detection\data\mvtec_ad\cable\test\good\057.png,2,post_concat,0.5,1,0,43.662841796875,37.762651443481445,1.8151018648598078,3.250611146195514,,,,
cable,bent_wire,D:\Research\research-experiments\industrial-anomaly-detection\data\mvtec_ad\cable\test\bent_wire\000.png,2,post_concat,0.5,0,1,57.377262115478516,37.762651443481445,1.8151018648598078,10.806341534728155,D:\Research\research-experiments\industrial-anomaly-detection\data\mvtec_ad\cable\ground_truth\bent_wire\000_mask.png,23162,0.022089004516601562,-3.8126752821831915
cable,bent_wire,D:\Research\research-experiments\industrial-anomaly-detection\data\mvtec_ad\cable\test\bent_wire\001.png,2,post_concat,0.5,0,1,59.296573638916016,37.762651443481445,1.8151018648598078,11.86375410236151,D:\Research\research-experiments\industrial-anomaly-detection\data\mvtec_ad\cable\ground_truth\bent_wire\001_mask.png,15206,0.014501571655273438,-4.233498176452484
cable,bent_wire,D:\Research\research-experiments\industrial-anomaly-detection\data\mvtec_ad\cable\test\bent_wire\002.png,2,post_concat,0.5,0,1,62.85100173950195,37.762651443481445,1.8151018648598078,13.822006787458314,D:\Research\research-experiments\industrial-anomaly-detection\data\mvtec_ad\cable\ground_truth\bent_wire\002_mask.png,37083,0.03536510467529297,-3.3420296603665127
cable,bent_wire,D:\Research\research-experiments\industrial-anomaly-detection\data\mvtec_ad\cable\test\bent_wire\003.png,2,post_concat,0.5,0,1,58.38246536254883,37.762651443481445,1.8151018648598078,11.360141443444546,D:\Research\research-experiments\industrial-anomaly-detection\data\mvtec_ad\cable\ground_truth\bent_wire\003_mask.png,12881,0.012284278869628906,-4.399434893397962
cable,bent_wire,D:\Research\research-experiments\industrial-anomaly-detection\data\mvtec_ad\cable\test\bent_wire\004.png,2,post_concat,0.5,0,1,61.72584533691406,37.762651443481445,1.8151018648598078,13.202120694908466,D:\Research\research-experiments\industrial-anomaly-detection\data\mvtec_ad\cable\ground_truth\bent_wire\004_mask.png,32843,0.03132152557373047,-3.463449667868214
cable,bent_wire,D:\Research\research-experiments\industrial-anomaly-detection\data\mvtec_ad\cable\test\bent_wire\005.png,2,post_concat,0.5,0,1,62.33457565307617,37.762651443481445,1.8151018648598078,13.537490476597894,D:\Research\research-experiments\industrial-anomaly-detection\data\mvtec_ad\cable\ground_truth\bent_wire\005_mask.png,37738,0.03598976135253906,-3.324520760065567
cable,bent_wire,D:\Research\research-experiments\industrial-anomaly-detection\data\mvtec_ad\cable\test\bent_wire\006.png,2,post_concat,0.5,0,1,59.05085372924805,37.762651443481445,1.8151018648598078,11.728378829807895,D:\Research\research-experiments\industrial-anomaly-detection\data\mvtec_ad\cable\ground_truth\bent_wire\006_mask.png,40784,0.0388946533203125,-3.2468984588725354
cable,bent_wire,D:\Research\research-experiments\industrial-anomaly-detection\data\mvtec_ad\cable\test\bent_wire\007.png,2,post_concat,0.5,0,1,58.18782424926758,37.762651443481445,1.8151018648598078,11.252907179048986,D:\Research\research-experiments\industrial-anomaly-detection\data\mvtec_ad\cable\ground_truth\bent_wire\007_mask.png,38552,0.03676605224609375,-3.303180325679734
cable,bent_wire,D:\Research\research-experiments\industrial-anomaly-detection\data\mvtec_ad\cable\test\bent_wire\008.png,2,post_concat,0.5,0,1,49.853633880615234,37.762651443481445,1.8151018648598078,6.661324453031541,D:\Research\research-experiments\industrial-anomaly-detection\data\mvtec_ad\cable\ground_truth\bent_wire\008_mask.png,19659,0.01874828338623047,-3.9766530301530847
cable,bent_wire,D:\Research\research-experiments\industrial-anomaly-detection\data\mvtec_ad\cable\test\bent_wire\009.png,2,post_concat,0.5,0,1,66.36061096191406,37.762651443481445,1.8151018648598078,15.755567261588057,D:\Research\research-experiments\industrial-anomaly-detection\data\mvtec_ad\cable\ground_truth\bent_wire\009_mask.png,38202,0.03643226623535156,-3.3123004345056297
cable,bent_wire,D:\Research\research-experiments\industrial-anomaly-detection\data\mvtec_ad\cable\test\bent_wire\010.png,2,post_concat,0.5,0,1,59.89887619018555,37.762651443481445,1.8151018648598078,12.195582614540383,D:\Research\research-experiments\industrial-anomaly-detection\data\mvtec_ad\cable\ground_truth\bent_wire\010_mask.png,38102,0.03633689880371094,-3.314921530503291
cable,bent_wire,D:\Research\research-experiments\industrial-anomaly-detection\data\mvtec_ad\cable\test\bent_wire\011.png,2,post_concat,0.5,0,1,67.81535339355469,37.762651443481445,1.8151018648598078,16.55703326181884,D:\Research\research-experiments\industrial-anomaly-detection\data\mvtec_ad\cable\ground_truth\bent_wire\011_mask.png,119231,0.1137075424194336,-2.1741255354885243
cable,bent_wire,D:\Research\research-experiments\industrial-anomaly-detection\data\mvtec_ad\cable\test\bent_wire\012.png,2,post_concat,0.5,0,1,58.233375549316406,37.762651443481445,1.8151018648598078,11.278002905592325,D:\Research\research-experiments\industrial-anomaly-detection\data\mvtec_ad\cable\ground_truth\bent_wire\012_mask.png,72366,0.06901359558105469,-2.67345174189771
cable,cable_swap,D:\Research\research-experiments\industrial-anomaly-detection\data\mvtec_ad\cable\test\cable_swap\000.png,2,post_concat,0.5,0,1,41.83113098144531,37.762651443481445,1.8151018648598078,2.2414607227997654,D:\Research\research-experiments\industrial-anomaly-detection\data\mvtec_ad\cable\ground_truth\cable_swap\000_mask.png,67133,0.06402301788330078,-2.7485125902366585
cable,cable_swap,D:\Research\research-experiments\industrial-anomaly-detection\data\mvtec_ad\cable\test\cable_swap\001.png,2,post_concat,0.5,0,1,42.8110466003418,37.762651443481445,1.8151018648598078,2.7813288359164745,D:\Research\research-experiments\industrial-anomaly-detection\data\mvtec_ad\cable\ground_truth\cable_swap\001_mask.png,61514,0.05866432189941406,-2.83592352398831
cable,cable_swap,D:\Research\research-experiments\industrial-anomaly-detection\data\mvtec_ad\cable\test\cable_swap\002.png,2,post_concat,0.5,0,1,42.74102020263672,37.762651443481445,1.8151018648598078,2.742748963865885,D:\Research\research-experiments\industrial-anomaly-detection\data\mvtec_ad\cable\ground_truth\cable_swap\002_mask.png,57103,0.054457664489746094,-2.9103316591675092
cable,cable_swap,D:\Research\research-experiments\industrial-anomaly-detection\data\mvtec_ad\cable\test\cable_swap\003.png,2,post_concat,0.5,0,1,41.735565185546875,37.762651443481445,1.8151018648598078,2.1888103466701487,D:\Research\research-experiments\industrial-anomaly-detection\data\mvtec_ad\cable\ground_truth\cable_swap\003_mask.png,59063,0.056326866149902344,-2.876583643636658
cable,cable_swap,D:\Research\research-experiments\industrial-anomaly-detection\data\mvtec_ad\cable\test\cable_swap\004.png,2,post_concat,0.5,0,1,41.53956985473633,37.762651443481445,1.8151018648598078,2.0808299987872023,D:\Research\research-experiments\industrial-anomaly-detection\data\mvtec_ad\cable\ground_truth\cable_swap\004_mask.png,55036,0.052486419677734375,-2.947200796598652
cable,cable_swap,D:\Research\research-experiments\industrial-anomaly-detection\data\mvtec_ad\cable\test\cable_swap\005.png,2,post_concat,0.5,0,1,41.7899169921875,37.762651443481445,1.8151018648598078,2.21875456505969,D:\Research\research-experiments\industrial-anomaly-detection\data\mvtec_ad\cable\ground_truth\cable_swap\005_mask.png,65474,0.06244087219238281,-2.77353519892944
cable,cable_swap,D:\Research\research-experiments\industrial-anomaly-detection\data\mvtec_ad\cable\test\cable_swap\006.png,2,post_concat,0.5,0,1,37.70710372924805,37.762651443481445,1.8151018648598078,-0.03060308366643034,D:\Research\research-experiments\industrial-anomaly-detection\data\mvtec_ad\cable\ground_truth\cable_swap\006_mask.png,67894,0.06474876403808594,-2.737240651355251
cable,cable_swap,D:\Research\research-experiments\industrial-anomaly-detection\data\mvtec_ad\cable\test\cable_swap\007.png,2,post_concat,0.5,0,1,40.85405731201172,37.762651443481445,1.8151018648598078,1.7031583341847554,D:\Research\research-experiments\industrial-anomaly-detection\data\mvtec_ad\cable\ground_truth\cable_swap\007_mask.png,63705,0.060753822326660156,-2.8009252633235553
cable,cable_swap,D:\Research\research-experiments\industrial-anomaly-detection\data\mvtec_ad\cable\test\cable_swap\008.png,2,post_concat,0.5,0,1,42.83525848388672,37.762651443481445,1.8151018648598078,2.7946679680135,D:\Research\research-experiments\industrial-anomaly-detection\data\mvtec_ad\cable\ground_truth\cable_swap\008_mask.png,61687,0.058829307556152344,-2.833115103427395
cable,cable_swap,D:\Research\research-experiments\industrial-anomaly-detection\data\mvtec_ad\cable\test\cable_swap\009.png,2,post_concat,0.5,0,1,42.01365661621094,37.762651443481445,1.8151018648598078,2.3420201670377465,D:\Research\research-experiments\industrial-anomaly-detection\data\mvtec_ad\cable\ground_truth\cable_swap\009_mask.png,58211,0.05551433563232422,-2.8911139738884852
cable,cable_swap,D:\Research\research-experiments\industrial-anomaly-detection\data\mvtec_ad\cable\test\cable_swap\010.png,2,post_concat,0.5,0,1,40.97705841064453,37.762651443481445,1.8151018648598078,1.7709237312757407,D:\Research\research-experiments\industrial-anomaly-detection\data\mvtec_ad\cable\ground_truth\cable_swap\010_mask.png,60502,0.05769920349121094,-2.8525118925438706
cable,cable_swap,D:\Research\research-experiments\industrial-anomaly-detection\data\mvtec_ad\cable\test\cable_swap\011.png,2,post_concat,0.5,0,1,42.908485412597656,37.762651443481445,1.8151018648598078,2.835011119066674,D:\Research\research-experiments\industrial-anomaly-detection\data\mvtec_ad\cable\ground_truth\cable_swap\011_mask.png,51956,0.049549102783203125,-3.0047911054897316
cable,combined,D:\Research\research-experiments\industrial-anomaly-detection\data\mvtec_ad\cable\test\combined\000.png,2,post_concat,0.5,0,1,63.629966735839844,37.762651443481445,1.8151018648598078,14.25116451762133,D:\Research\research-experiments\industrial-anomaly-detection\data\mvtec_ad\cable\ground_truth\combined\000_mask.png,42321,0.040360450744628906,-3.209904890679564
cable,combined,D:\Research\research-experiments\industrial-anomaly-detection\data\mvtec_ad\cable\test\combined\001.png,2,post_concat,0.5,0,1,60.45526885986328,37.762651443481445,1.8151018648598078,12.502117845675032,D:\Research\research-experiments\industrial-anomaly-detection\data\mvtec_ad\cable\ground_truth\combined\001_mask.png,41285,0.03937244415283203,-3.2346890689489034
cable,combined,D:\Research\research-experiments\industrial-anomaly-detection\data\mvtec_ad\cable\test\combined\002.png,2,post_concat,0.5,0,1,53.520263671875,37.762651443481445,1.8151018648598078,8.681392782112875,D:\Research\research-experiments\industrial-anomaly-detection\data\mvtec_ad\cable\ground_truth\combined\002_mask.png,23893,0.02278614044189453,-3.78160275932205
cable,combined,D:\Research\research-experiments\industrial-anomaly-detection\data\mvtec_ad\cable\test\combined\003.png,2,post_concat,0.5,0,1,59.03141784667969,37.762651443481445,1.8151018648598078,11.717670955531174,D:\Research\research-experiments\industrial-anomaly-detection\data\mvtec_ad\cable\ground_truth\combined\003_mask.png,32849,0.031327247619628906,-3.46326699722871
cable,combined,D:\Research\research-experiments\industrial-anomaly-detection\data\mvtec_ad\cable\test\combined\004.png,2,post_concat,0.5,0,1,50.89411163330078,37.762651443481445,1.8151018648598078,7.234558260361638,D:\Research\research-experiments\industrial-anomaly-detection\data\mvtec_ad\cable\ground_truth\combined\004_mask.png,49977,0.047661781311035156,-3.0436254116399084
cable,combined,D:\Research\research-experiments\industrial-anomaly-detection\data\mvtec_ad\cable\test\combined\005.png,2,post_concat,0.5,0,1,59.561031341552734,37.762651443481445,1.8151018648598078,12.009452648408203,D:\Research\research-experiments\industrial-anomaly-detection\data\mvtec_ad\cable\ground_truth\combined\005_mask.png,148557,0.14167499542236328,-1.9542196021788751
cable,combined,D:\Research\research-experiments\industrial-anomaly-detection\data\mvtec_ad\cable\test\combined\006.png,2,post_concat,0.5,0,1,60.19520950317383,37.762651443481445,1.8151018648598078,12.358842494729625,D:\Research\research-experiments\industrial-anomaly-detection\data\mvtec_ad\cable\ground_truth\combined\006_mask.png,94011,0.08965587615966797,-2.4117765243628666
cable,combined,D:\Research\research-experiments\industrial-anomaly-detection\data\mvtec_ad\cable\test\combined\007.png,2,post_concat,0.5,0,1,54.375247955322266,37.762651443481445,1.8151018648598078,9.15243206646362,D:\Research\research-experiments\industrial-anomaly-detection\data\mvtec_ad\cable\ground_truth\combined\007_mask.png,77899,0.07429027557373047,-2.599775202932224
cable,combined,D:\Research\research-experiments\industrial-anomaly-detection\data\mvtec_ad\cable\test\combined\008.png,2,post_concat,0.5,0,1,66.99394989013672,37.762651443481445,1.8151018648598078,16.104494746311662,D:\Research\research-experiments\industrial-anomaly-detection\data\mvtec_ad\cable\ground_truth\combined\008_mask.png,48510,0.04626274108886719,-3.0734183483439774
cable,combined,D:\Research\research-experiments\industrial-anomaly-detection\data\mvtec_ad\cable\test\combined\009.png,2,post_concat,0.5,0,1,51.47071838378906,37.762651443481445,1.8151018648598078,7.5522301010728015,D:\Research\research-experiments\industrial-anomaly-detection\data\mvtec_ad\cable\ground_truth\combined\009_mask.png,92936,0.08863067626953125,-2.42327723672282
cable,combined,D:\Research\research-experiments\industrial-anomaly-detection\data\mvtec_ad\cable\test\combined\010.png,2,post_concat,0.5,0,1,59.306922912597656,37.762651443481445,1.8151018648598078,11.869455861520045,D:\Research\research-experiments\industrial-anomaly-detection\data\mvtec_ad\cable\ground_truth\combined\010_mask.png,78276,0.07464981079101562,-2.594947276218929
cable,cut_inner_insulation,D:\Research\research-experiments\industrial-anomaly-detection\data\mvtec_ad\cable\test\cut_inner_insulation\000.png,2,post_concat,0.5,0,1,45.625797271728516,37.762651443481445,1.8151018648598078,4.332068618558988,D:\Research\research-experiments\industrial-anomaly-detection\data\mvtec_ad\cable\ground_truth\cut_inner_insulation\000_mask.png,33306,0.03176307678222656,-3.4494507397975944
cable,cut_inner_insulation,D:\Research\research-experiments\industrial-anomaly-detection\data\mvtec_ad\cable\test\cut_inner_insulation\001.png,2,post_concat,0.5,0,1,52.665443420410156,37.762651443481445,1.8151018648598078,8.210443868438068,D:\Research\research-experiments\industrial-anomaly-detection\data\mvtec_ad\cable\ground_truth\cut_inner_insulation\001_mask.png,30558,0.029142379760742188,-3.5355617807719595
cable,cut_inner_insulation,D:\Research\research-experiments\industrial-anomaly-detection\data\mvtec_ad\cable\test\cut_inner_insulation\002.png,2,post_concat,0.5,0,1,43.94685745239258,37.762651443481445,1.8151018648598078,3.407084819114975,D:\Research\research-experiments\industrial-anomaly-detection\data\mvtec_ad\cable\ground_truth\cut_inner_insulation\002_mask.png,26929,0.025681495666503906,-3.6619845204527564
cable,cut_inner_insulation,D:\Research\research-experiments\industrial-anomaly-detection\data\mvtec_ad\cable\test\cut_inner_insulation\003.png,2,post_concat,0.5,0,1,50.33763885498047,37.762651443481445,1.8151018648598078,6.927978894710833,D:\Research\research-experiments\industrial-anomaly-detection\data\mvtec_ad\cable\ground_truth\cut_inner_insulation\003_mask.png,62868,0.059955596923828125,-2.8141510253236763
cable,cut_inner_insulation,D:\Research\research-experiments\industrial-anomaly-detection\data\mvtec_ad\cable\test\cut_inner_insulation\004.png,2,post_concat,0.5,0,1,57.81113052368164,37.762651443481445,1.8151018648598078,11.045374074225123,D:\Research\research-experiments\industrial-anomaly-detection\data\mvtec_ad\cable\ground_truth\cut_inner_insulation\004_mask.png,44383,0.042326927185058594,-3.162331795354217
cable,cut_inner_insulation,D:\Research\research-experiments\industrial-anomaly-detection\data\mvtec_ad\cable\test\cut_inner_insulation\005.png,2,post_concat,0.5,0,1,48.94173049926758,37.762651443481445,1.8151018648598078,6.15892654413066,D:\Research\research-experiments\industrial-anomaly-detection\data\mvtec_ad\cable\ground_truth\cut_inner_insulation\005_mask.png,27373,0.02610492706298828,-3.645631167802856
cable,cut_inner_insulation,D:\Research\research-experiments\industrial-anomaly-detection\data\mvtec_ad\cable\test\cut_inner_insulation\006.png,2,post_concat,0.5,0,1,47.016448974609375,37.762651443481445,1.8151018648598078,5.098224904221924,D:\Research\research-experiments\industrial-anomaly-detection\data\mvtec_ad\cable\ground_truth\cut_inner_insulation\006_mask.png,19775,0.018858909606933594,-3.970769765537718
cable,cut_inner_insulation,D:\Research\research-experiments\industrial-anomaly-detection\data\mvtec_ad\cable\test\cut_inner_insulation\007.png,2,post_concat,0.5,0,1,50.67063522338867,37.762651443481445,1.8151018648598078,7.111437671793806,D:\Research\research-experiments\industrial-anomaly-detection\data\mvtec_ad\cable\ground_truth\cut_inner_insulation\007_mask.png,41070,0.03916740417480469,-3.239910378716868
cable,cut_inner_insulation,D:\Research\research-experiments\industrial-anomaly-detection\data\mvtec_ad\cable\test\cut_inner_insulation\008.png,2,post_concat,0.5,0,1,43.53708267211914,37.762651443481445,1.8151018648598078,3.1813262607626114,D:\Research\research-experiments\industrial-anomaly-detection\data\mvtec_ad\cable\ground_truth\cut_inner_insulation\008_mask.png,26265,0.025048255920410156,-3.686951037887906
cable,cut_inner_insulation,D:\Research\research-experiments\industrial-anomaly-detection\data\mvtec_ad\cable\test\cut_inner_insulation\009.png,2,post_concat,0.5,0,1,47.83366012573242,37.762651443481445,1.8151018648598078,5.548453713383643,D:\Research\research-experiments\industrial-anomaly-detection\data\mvtec_ad\cable\ground_truth\cut_inner_insulation\009_mask.png,61146,0.05831336975097656,-2.8419238679934318
cable,cut_inner_insulation,D:\Research\research-experiments\industrial-anomaly-detection\data\mvtec_ad\cable\test\cut_inner_insulation\010.png,2,post_concat,0.5,0,1,51.53826141357422,37.762651443481445,1.8151018648598078,7.589441803122578,D:\Research\research-experiments\industrial-anomaly-detection\data\mvtec_ad\cable\ground_truth\cut_inner_insulation\010_mask.png,31665,0.030198097229003906,-3.4999763291337067
cable,cut_inner_insulation,D:\Research\research-experiments\industrial-anomaly-detection\data\mvtec_ad\cable\test\cut_inner_insulation\011.png,2,post_concat,0.5,0,1,55.06882858276367,37.762651443481445,1.8151018648598078,9.53454870733599,D:\Research\research-experiments\industrial-anomaly-detection\data\mvtec_ad\cable\ground_truth\cut_inner_insulation\011_mask.png,56332,0.053722381591796875,-2.9239255562667497
cable,cut_inner_insulation,D:\Research\research-experiments\industrial-anomaly-detection\data\mvtec_ad\cable\test\cut_inner_insulation\012.png,2,post_concat,0.5,0,1,46.80242156982422,37.762651443481445,1.8151018648598078,4.980310086916788,D:\Research\research-experiments\industrial-anomaly-detection\data\mvtec_ad\cable\ground_truth\cut_inner_insulation\012_mask.png,103750,0.09894371032714844,-2.313204162999205
cable,cut_inner_insulation,D:\Research\research-experiments\industrial-anomaly-detection\data\mvtec_ad\cable\test\cut_inner_insulation\013.png,2,post_concat,0.5,0,1,52.778526306152344,37.762651443481445,1.8151018648598078,8.272744992100304,D:\Research\research-experiments\industrial-anomaly-detection\data\mvtec_ad\cable\ground_truth\cut_inner_insulation\013_mask.png,29743,0.028365135192871094,-3.5625944867742345
cable,cut_outer_insulation,D:\Research\research-experiments\industrial-anomaly-detection\data\mvtec_ad\cable\test\cut_outer_insulation\000.png,2,post_concat,0.5,0,1,53.57466506958008,37.762651443481445,1.8151018648598078,8.71136432186956,D:\Research\research-experiments\industrial-anomaly-detection\data\mvtec_ad\cable\ground_truth\cut_outer_insulation\000_mask.png,23454,0.022367477416992188,-3.800147231470129
cable,cut_outer_insulation,D:\Research\research-experiments\industrial-anomaly-detection\data\mvtec_ad\cable\test\cut_outer_insulation\001.png,2,post_concat,0.5,0,1,52.47476577758789,37.762651443481445,1.8151018648598078,8.10539321177038,D:\Research\research-experiments\industrial-anomaly-detection\data\mvtec_ad\cable\ground_truth\cut_outer_insulation\001_mask.png,7513,0.007164955139160156,-4.93855333926154
cable,cut_outer_insulation,D:\Research\research-experiments\industrial-anomaly-detection\data\mvtec_ad\cable\test\cut_outer_insulation\002.png,2,post_concat,0.5,0,1,48.714805603027344,37.762651443481445,1.8151018648598078,6.033906069724525,D:\Research\research-experiments\industrial-anomaly-detection\data\mvtec_ad\cable\ground_truth\cut_outer_insulation\002_mask.png,14604,0.013927459716796875,-4.273892796622778
cable,cut_outer_insulation,D:\Research\research-experiments\industrial-anomaly-detection\data\mvtec_ad\cable\test\cut_outer_insulation\003.png,2,post_concat,0.5,0,1,45.169219970703125,37.762651443481445,1.8151018648598078,4.080524994553811,D:\Research\research-experiments\industrial-anomaly-detection\data\mvtec_ad\cable\ground_truth\cut_outer_insulation\003_mask.png,7697,0.007340431213378906,-4.914357553432819
cable,cut_outer_insulation,D:\Research\research-experiments\industrial-anomaly-detection\data\mvtec_ad\cable\test\cut_outer_insulation\004.png,2,post_concat,0.5,0,1,41.601219177246094,37.762651443481445,1.8151018648598078,2.1147946614341264,D:\Research\research-experiments\industrial-anomaly-detection\data\mvtec_ad\cable\ground_truth\cut_outer_insulation\004_mask.png,24050,0.022935867309570312,-3.775053292065166
cable,cut_outer_insulation,D:\Research\research-experiments\industrial-anomaly-detection\data\mvtec_ad\cable\test\cut_outer_insulation\005.png,2,post_concat,0.5,0,1,54.53719711303711,37.762651443481445,1.8151018648598078,9.241655244980574,D:\Research\research-experiments\industrial-anomaly-detection\data\mvtec_ad\cable\ground_truth\cut_outer_insulation\005_mask.png,4647,0.004431724548339844,-5.418966256468161
cable,cut_outer_insulation,D:\Research\research-experiments\industrial-anomaly-detection\data\mvtec_ad\cable\test\cut_outer_insulation\006.png,2,post_concat,0.5,0,1,50.4206657409668,37.762651443481445,1.8151018648598078,6.973721168240336,D:\Research\research-experiments\industrial-anomaly-detection\data\mvtec_ad\cable\ground_truth\cut_outer_insulation\006_mask.png,11710,0.011167526245117188,-4.494745065061801
cable,cut_outer_insulation,D:\Research\research-experiments\industrial-anomaly-detection\data\mvtec_ad\cable\test\cut_outer_insulation\007.png,2,post_concat,0.5,0,1,45.89703369140625,37.762651443481445,1.8151018648598078,4.481501785329869,D:\Research\research-experiments\industrial-anomaly-detection\data\mvtec_ad\cable\ground_truth\cut_outer_insulation\007_mask.png,21941,0.02092456817626953,-3.866831251766246
cable,cut_outer_insulation,D:\Research\research-experiments\industrial-anomaly-detection\data\mvtec_ad\cable\test\cut_outer_insulation\008.png,2,post_concat,0.5,0,1,43.8339958190918,37.762651443481445,1.8151018648598078,3.344905590783072,D:\Research\research-experiments\industrial-anomaly-detection\data\mvtec_ad\cable\ground_truth\cut_outer_insulation\008_mask.png,35537,0.033890724182128906,-3.3846138954767726
cable,cut_outer_insulation,D:\Research\research-experiments\industrial-anomaly-detection\data\mvtec_ad\cable\test\cut_outer_insulation\009.png,2,post_concat,0.5,0,1,47.88335418701172,37.762651443481445,1.8151018648598078,5.575831824905299,D:\Research\research-experiments\industrial-anomaly-detection\data\mvtec_ad\cable\ground_truth\cut_outer_insulation\009_mask.png,10318,0.009840011596679688,-4.62129828776842
cable,missing_cable,D:\Research\research-experiments\industrial-anomaly-detection\data\mvtec_ad\cable\test\missing_cable\000.png,2,post_concat,0.5,0,1,60.07476043701172,37.762651443481445,1.8151018648598078,12.29248309722473,D:\Research\research-experiments\industrial-anomaly-detection\data\mvtec_ad\cable\ground_truth\missing_cable\000_mask.png,74489,0.07103824615478516,-2.6445368546625256
cable,missing_cable,D:\Research\research-experiments\industrial-anomaly-detection\data\mvtec_ad\cable\test\missing_cable\001.png,2,post_concat,0.5,0,1,59.25135040283203,37.762651443481445,1.8151018648598078,11.838839117170043,D:\Research\research-experiments\industrial-anomaly-detection\data\mvtec_ad\cable\ground_truth\missing_cable\001_mask.png,71763,0.06843852996826172,-2.681819294708357
cable,missing_cable,D:\Research\research-experiments\industrial-anomaly-detection\data\mvtec_ad\cable\test\missing_cable\002.png,2,post_concat,0.5,0,1,59.65291976928711,37.762651443481445,1.8151018648598078,12.06007704008193,D:\Research\research-experiments\industrial-anomaly-detection\data\mvtec_ad\cable\ground_truth\missing_cable\002_mask.png,69188,0.06598281860351562,-2.718360879879632
cable,missing_cable,D:\Research\research-experiments\industrial-anomaly-detection\data\mvtec_ad\cable\test\missing_cable\003.png,2,post_concat,0.5,0,1,60.20158767700195,37.762651443481445,1.8151018648598078,12.362356442873036,D:\Research\research-experiments\industrial-anomaly-detection\data\mvtec_ad\cable\ground_truth\missing_cable\003_mask.png,74858,0.07139015197753906,-2.639595332627382
cable,missing_cable,D:\Research\research-experiments\industrial-anomaly-detection\data\mvtec_ad\cable\test\missing_cable\004.png,2,post_concat,0.5,0,1,57.874271392822266,37.762651443481445,1.8151018648598078,11.080160479529987,D:\Research\research-experiments\industrial-anomaly-detection\data\mvtec_ad\cable\ground_truth\missing_cable\004_mask.png,77885,0.07427692413330078,-2.5999549389750687
cable,missing_cable,D:\Research\research-experiments\industrial-anomaly-detection\data\mvtec_ad\cable\test\missing_cable\005.png,2,post_concat,0.5,0,1,61.54954147338867,37.762651443481445,1.8151018648598078,13.10498903142521,D:\Research\research-experiments\industrial-anomaly-detection\data\mvtec_ad\cable\ground_truth\missing_cable\005_mask.png,70780,0.06750106811523438,-2.6956118424848716
cable,missing_cable,D:\Research\research-experiments\industrial-anomaly-detection\data\mvtec_ad\cable\test\missing_cable\006.png,2,post_concat,0.5,0,1,55.6120491027832,37.762651443481445,1.8151018648598078,9.833826963028537,D:\Research\research-experiments\industrial-anomaly-detection\data\mvtec_ad\cable\ground_truth\missing_cable\006_mask.png,236776,0.22580718994140625,-1.4880737812661082
cable,missing_cable,D:\Research\research-experiments\industrial-anomaly-detection\data\mvtec_ad\cable\test\missing_cable\007.png,2,post_concat,0.5,0,1,57.10295867919922,37.762651443481445,1.8151018648598078,10.655218646481613,D:\Research\research-experiments\industrial-anomaly-detection\data\mvtec_ad\cable\ground_truth\missing_cable\007_mask.png,158927,0.1515645980834961,-1.8867433483231728
cable,missing_cable,D:\Research\research-experiments\industrial-anomaly-detection\data\mvtec_ad\cable\test\missing_cable\008.png,2,post_concat,0.5,0,1,56.48725509643555,37.762651443481445,1.8151018648598078,10.316007060243049,D:\Research\research-experiments\industrial-anomaly-detection\data\mvtec_ad\cable\ground_truth\missing_cable\008_mask.png,144175,0.1374959945678711,-1.9841604854423538
cable,missing_cable,D:\Research\research-experiments\industrial-anomaly-detection\data\mvtec_ad\cable\test\missing_cable\009.png,2,post_concat,0.5,0,1,56.549530029296875,37.762651443481445,1.8151018648598078,10.350316392444709,D:\Research\research-experiments\industrial-anomaly-detection\data\mvtec_ad\cable\ground_truth\missing_cable\009_mask.png,151277,0.14426898956298828,-1.9360757319090696
cable,missing_cable,D:\Research\research-experiments\industrial-anomaly-detection\data\mvtec_ad\cable\test\missing_cable\010.png,2,post_concat,0.5,0,1,60.6695671081543,37.762651443481445,1.8151018648598078,12.620181879677647,D:\Research\research-experiments\industrial-anomaly-detection\data\mvtec_ad\cable\ground_truth\missing_cable\010_mask.png,84372,0.08046340942382812,-2.5199527267837354
cable,missing_cable,D:\Research\research-experiments\industrial-anomaly-detection\data\mvtec_ad\cable\test\missing_cable\011.png,2,post_concat,0.5,0,1,59.3557014465332,37.762651443481445,1.8151018648598078,11.896329578571354,D:\Research\research-experiments\industrial-anomaly-detection\data\mvtec_ad\cable\ground_truth\missing_cable\011_mask.png,77245,0.07366657257080078,-2.608206129878078
cable,missing_wire,D:\Research\research-experiments\industrial-anomaly-detection\data\mvtec_ad\cable\test\missing_wire\000.png,2,post_concat,0.5,0,1,45.42295837402344,37.762651443481445,1.8151018648598078,4.220317922010205,D:\Research\research-experiments\industrial-anomaly-detection\data\mvtec_ad\cable\ground_truth\missing_wire\000_mask.png,24951,0.023795127868652344,-3.7382743886367003
cable,missing_wire,D:\Research\research-experiments\industrial-anomaly-detection\data\mvtec_ad\cable\test\missing_wire\001.png,2,post_concat,0.5,0,1,53.09018325805664,37.762651443481445,1.8151018648598078,8.444447174736961,D:\Research\research-experiments\industrial-anomaly-detection\data\mvtec_ad\cable\ground_truth\missing_wire\001_mask.png,16616,0.01584625244140625,-4.144822182536556
cable,missing_wire,D:\Research\research-experiments\industrial-anomaly-detection\data\mvtec_ad\cable\test\missing_wire\002.png,2,post_concat,0.5,0,1,49.33074951171875,37.762651443481445,1.8151018648598078,6.373250059511555,D:\Research\research-experiments\industrial-anomaly-detection\data\mvtec_ad\cable\ground_truth\missing_wire\002_mask.png,15156,0.014453887939453125,-4.2367917698748805
cable,missing_wire,D:\Research\research-experiments\industrial-anomaly-detection\data\mvtec_ad\cable\test\missing_wire\003.png,2,post_concat,0.5,0,1,53.9259147644043,37.762651443481445,1.8151018648598078,8.904879463705056,D:\Research\research-experiments\industrial-anomaly-detection\data\mvtec_ad\cable\ground_truth\missing_wire\003_mask.png,40701,0.03881549835205078,-3.248935644282583
cable,missing_wire,D:\Research\research-experiments\industrial-anomaly-detection\data\mvtec_ad\cable\test\missing_wire\004.png,2,post_concat,0.5,0,1,55.90536880493164,37.762651443481445,1.8151018648598078,9.99542654475289,D:\Research\research-experiments\industrial-anomaly-detection\data\mvtec_ad\cable\ground_truth\missing_wire\004_mask.png,38640,0.0368499755859375,-3.300900295735392
cable,missing_wire,D:\Research\research-experiments\industrial-anomaly-detection\data\mvtec_ad\cable\test\missing_wire\005.png,2,post_concat,0.5,0,1,54.69921112060547,37.762651443481445,1.8151018648598078,9.330914151439178,D:\Research\research-experiments\industrial-anomaly-detection\data\mvtec_ad\cable\ground_truth\missing_wire\005_mask.png,18712,0.01784515380859375,-4.02602324689727
cable,missing_wire,D:\Research\research-experiments\industrial-anomaly-detection\data\mvtec_ad\cable\test\missing_wire\006.png,2,post_concat,0.5,0,1,51.15289306640625,37.762651443481445,1.8151018648598078,7.377129560692188,D:\Research\research-experiments\industrial-anomaly-detection\data\mvtec_ad\cable\ground_truth\missing_wire\006_mask.png,18399,0.017546653747558594,-4.042891959913891
cable,missing_wire,D:\Research\research-experiments\industrial-anomaly-detection\data\mvtec_ad\cable\test\missing_wire\007.png,2,post_concat,0.5,0,1,48.9231071472168,37.762651443481445,1.8151018648598078,6.148666319946372,D:\Research\research-experiments\industrial-anomaly-detection\data\mvtec_ad\cable\ground_truth\missing_wire\007_mask.png,18838,0.017965316772460938,-4.019312170153336
cable,missing_wire,D:\Research\research-experiments\industrial-anomaly-detection\data\mvtec_ad\cable\test\missing_wire\008.png,2,post_concat,0.5,0,1,50.341434478759766,37.762651443481445,1.8151018648598078,6.9300700301191425,D:\Research\research-experiments\industrial-anomaly-detection\data\mvtec_ad\cable\ground_truth\missing_wire\008_mask.png,18820,0.017948150634765625,-4.0202681423434905
cable,missing_wire,D:\Research\research-experiments\industrial-anomaly-detection\data\mvtec_ad\cable\test\missing_wire\009.png,2,post_concat,0.5,0,1,56.034149169921875,37.762651443481445,1.8151018648598078,10.066375931937934,D:\Research\research-experiments\industrial-anomaly-detection\data\mvtec_ad\cable\ground_truth\missing_wire\009_mask.png,20485,0.01953601837158203,-3.935495370030433
cable,poke_insulation,D:\Research\research-experiments\industrial-anomaly-detection\data\mvtec_ad\cable\test\poke_insulation\000.png,2,post_concat,0.5,0,1,45.3061408996582,37.762651443481445,1.8151018648598078,4.155959289237682,D:\Research\research-experiments\industrial-anomaly-detection\data\mvtec_ad\cable\ground_truth\poke_insulation\000_mask.png,8620,0.008220672607421875,-4.801103125896628
cable,poke_insulation,D:\Research\research-experiments\industrial-anomaly-detection\data\mvtec_ad\cable\test\poke_insulation\001.png,2,post_concat,0.5,0,1,47.135555267333984,37.762651443481445,1.8151018648598078,5.1638445231703125,D:\Research\research-experiments\industrial-anomaly-detection\data\mvtec_ad\cable\ground_truth\poke_insulation\001_mask.png,31427,0.02997112274169922,-3.507520902804313
cable,poke_insulation,D:\Research\research-experiments\industrial-anomaly-detection\data\mvtec_ad\cable\test\poke_insulation\002.png,2,post_concat,0.5,0,1,39.03645324707031,37.762651443481445,1.8151018648598078,0.7017797889195884,D:\Research\research-experiments\industrial-anomaly-detection\data\mvtec_ad\cable\ground_truth\poke_insulation\002_mask.png,1506,0.0014362335205078125,-6.5457305065737055
cable,poke_insulation,D:\Research\research-experiments\industrial-anomaly-detection\data\mvtec_ad\cable\test\poke_insulation\003.png,2,post_concat,0.5,0,1,42.423614501953125,37.762651443481445,1.8151018648598078,2.5678796042841796,D:\Research\research-experiments\industrial-anomaly-detection\data\mvtec_ad\cable\ground_truth\poke_insulation\003_mask.png,13376,0.01275634765625,-4.361726197482082
cable,poke_insulation,D:\Research\research-experiments\industrial-anomaly-detection\data\mvtec_ad\cable\test\poke_insulation\004.png,2,post_concat,0.5,0,1,40.43907165527344,37.762651443481445,1.8151018648598078,1.4745289306386722,D:\Research\research-experiments\industrial-anomaly-detection\data\mvtec_ad\cable\ground_truth\poke_insulation\004_mask.png,31573,0.03011035919189453,-3.502885974026185
cable,poke_insulation,D:\Research\research-experiments\industrial-anomaly-detection\data\mvtec_ad\cable\test\poke_insulation\005.png,2,post_concat,0.5,0,1,48.1980094909668,37.762651443481445,1.8151018648598078,5.74918589943234,D:\Research\research-experiments\industrial-anomaly-detection\data\mvtec_ad\cable\ground_truth\poke_insulation\005_mask.png,6611,0.006304740905761719,-5.06645324525454
cable,poke_insulation,D:\Research\research-experiments\industrial-anomaly-detection\data\mvtec_ad\cable\test\poke_insulation\006.png,2,post_concat,0.5,0,1,42.64453887939453,37.762651443481445,1.8151018648598078,2.6895941932659224,D:\Research\research-experiments\industrial-anomaly-detection\data\mvtec_ad\cable\ground_truth\poke_insulation\006_mask.png,27740,0.026454925537109375,-3.63231287952994
cable,poke_insulation,D:\Research\research-experiments\industrial-anomaly-detection\data\mvtec_ad\cable\test\poke_insulation\007.png,2,post_concat,0.5,0,1,43.62770080566406,37.762651443481445,1.8151018648598078,3.231250805108733,D:\Research\research-experiments\industrial-anomaly-detection\data\mvtec_ad\cable\ground_truth\poke_insulation\007_mask.png,51028,0.048664093017578125,-3.022813809991694
cable,poke_insulation,D:\Research\research-experiments\industrial-anomaly-detection\data\mvtec_ad\cable\test\poke_insulation\008.png,2,post_concat,0.5,0,1,47.55251693725586,37.762651443481445,1.8151018648598078,5.393562578114892,D:\Research\research-experiments\industrial-anomaly-detection\data\mvtec_ad\cable\ground_truth\poke_insulation\008_mask.png,41654,0.03972434997558594,-3.2257909046264683
cable,poke_insulation,D:\Research\research-experiments\industrial-anomaly-detection\data\mvtec_ad\cable\test\poke_insulation\009.png,2,post_concat,0.5,0,1,44.422019958496094,37.762651443481445,1.8151018648598078,3.668867650868176,D:\Research\research-experiments\industrial-anomaly-detection\data\mvtec_ad\cable\ground_truth\poke_insulation\009_mask.png,37053,0.03533649444580078,-3.3428389837934276
cable,good,D:\Research\research-experiments\industrial-anomaly-detection\data\mvtec_ad\cable\test\good\000.png,2,post_concat,0.75,1,0,37.294795989990234,39.23586930899784,1.8064928613341826,-1.0744981951237993,,,,
cable,good,D:\Research\research-experiments\industrial-anomaly-detection\data\mvtec_ad\cable\test\good\001.png,2,post_concat,0.75,1,0,40.48585510253906,39.23586930899784,1.8064928613341826,0.6919406216850731,,,,
cable,good,D:\Research\research-experiments\industrial-anomaly-detection\data\mvtec_ad\cable\test\good\002.png,2,post_concat,0.75,1,0,38.65869140625,39.23586930899784,1.8064928613341826,-0.31950190067264794,,,,
cable,good,D:\Research\research-experiments\industrial-anomaly-detection\data\mvtec_ad\cable\test\good\003.png,2,post_concat,0.75,1,0,37.08892822265625,39.23586930899784,1.8064928613341826,-1.1884581070284284,,,,
cable,good,D:\Research\research-experiments\industrial-anomaly-detection\data\mvtec_ad\cable\test\good\004.png,2,post_concat,0.75,1,0,37.972537994384766,39.23586930899784,1.8064928613341826,-0.6993281521633274,,,,
cable,good,D:\Research\research-experiments\industrial-anomaly-detection\data\mvtec_ad\cable\test\good\005.png,2,post_concat,0.75,1,0,39.20244216918945,39.23586930899784,1.8064928613341826,-0.018503887019902725,,,,
cable,good,D:\Research\research-experiments\industrial-anomaly-detection\data\mvtec_ad\cable\test\good\006.png,2,post_concat,0.75,1,0,39.45668411254883,39.23586930899784,1.8064928613341826,0.12223397516661319,,,,
cable,good,D:\Research\research-experiments\industrial-anomaly-detection\data\mvtec_ad\cable\test\good\007.png,2,post_concat,0.75,1,0,40.71080780029297,39.23586930899784,1.8064928613341826,0.8164651645541591,,,,
cable,good,D:\Research\research-experiments\industrial-anomaly-detection\data\mvtec_ad\cable\test\good\008.png,2,post_concat,0.75,1,0,38.498531341552734,39.23586930899784,1.8064928613341826,-0.4081599120743535,,,,
cable,good,D:\Research\research-experiments\industrial-anomaly-detection\data\mvtec_ad\cable\test\good\009.png,2,post_concat,0.75,1,0,38.06570053100586,39.23586930899784,1.8064928613341826,-0.6477572112450839,,,,
cable,good,D:\Research\research-experiments\industrial-anomaly-detection\data\mvtec_ad\cable\test\good\010.png,2,post_concat,0.75,1,0,36.39644241333008,39.23586930899784,1.8064928613341826,-1.5717897127867468,,,,
cable,good,D:\Research\research-experiments\industrial-anomaly-detection\data\mvtec_ad\cable\test\good\011.png,2,post_concat,0.75,1,0,38.17995071411133,39.23586930899784,1.8064928613341826,-0.5845130182837625,,,,
cable,good,D:\Research\research-experiments\industrial-anomaly-detection\data\mvtec_ad\cable\test\good\012.png,2,post_concat,0.75,1,0,40.41292190551758,39.23586930899784,1.8064928613341826,0.6515678094904986,,,,
cable,good,D:\Research\research-experiments\industrial-anomaly-detection\data\mvtec_ad\cable\test\good\013.png,2,post_concat,0.75,1,0,42.86935043334961,39.23586930899784,1.8064928613341826,2.0113454097284755,,,,
cable,good,D:\Research\research-experiments\industrial-anomaly-detection\data\mvtec_ad\cable\test\good\014.png,2,post_concat,0.75,1,0,40.45523452758789,39.23586930899784,1.8064928613341826,0.67499033330776,,,,
cable,good,D:\Research\research-experiments\industrial-anomaly-detection\data\mvtec_ad\cable\test\good\015.png,2,post_concat,0.75,1,0,38.489402770996094,39.23586930899784,1.8064928613341826,-0.4132131125336671,,,,
cable,good,D:\Research\research-experiments\industrial-anomaly-detection\data\mvtec_ad\cable\test\good\016.png,2,post_concat,0.75,1,0,39.32798385620117,39.23586930899784,1.8064928613341826,0.050990817165642806,,,,
cable,good,D:\Research\research-experiments\industrial-anomaly-detection\data\mvtec_ad\cable\test\good\017.png,2,post_concat,0.75,1,0,38.373809814453125,39.23586930899784,1.8064928613341826,-0.47720060953246385,,,,
cable,good,D:\Research\research-experiments\industrial-anomaly-detection\data\mvtec_ad\cable\test\good\018.png,2,post_concat,0.75,1,0,41.15827560424805,39.23586930899784,1.8064928613341826,1.0641649000652098,,,,
cable,good,D:\Research\research-experiments\industrial-anomaly-detection\data\mvtec_ad\cable\test\good\019.png,2,post_concat,0.75,1,0,41.790435791015625,39.23586930899784,1.8064928613341826,1.4141027272762716,,,,
cable,good,D:\Research\research-experiments\industrial-anomaly-detection\data\mvtec_ad\cable\test\good\020.png,2,post_concat,0.75,1,0,36.9021110534668,39.23586930899784,1.8064928613341826,-1.2918723929013765,,,,
cable,good,D:\Research\research-experiments\industrial-anomaly-detection\data\mvtec_ad\cable\test\good\021.png,2,post_concat,0.75,1,0,37.803619384765625,39.23586930899784,1.8064928613341826,-0.7928345330822014,,,,
cable,good,D:\Research\research-experiments\industrial-anomaly-detection\data\mvtec_ad\cable\test\good\022.png,2,post_concat,0.75,1,0,37.60431671142578,39.23586930899784,1.8064928613341826,-0.9031602795081513,,,,
cable,good,D:\Research\research-experiments\industrial-anomaly-detection\data\mvtec_ad\cable\test\good\023.png,2,post_concat,0.75,1,0,37.43643569946289,39.23586930899784,1.8064928613341826,-0.9960922891253398,,,,
cable,good,D:\Research\research-experiments\industrial-anomaly-detection\data\mvtec_ad\cable\test\good\024.png,2,post_concat,0.75,1,0,38.311065673828125,39.23586930899784,1.8064928613341826,-0.511933180010855,,,,
cable,good,D:\Research\research-experiments\industrial-anomaly-detection\data\mvtec_ad\cable\test\good\025.png,2,post_concat,0.75,1,0,38.069366455078125,39.23586930899784,1.8064928613341826,-0.6457279067564085,,,,
cable,good,D:\Research\research-experiments\industrial-anomaly-detection\data\mvtec_ad\cable\test\good\026.png,2,post_concat,0.75,1,0,37.58771896362305,39.23586930899784,1.8064928613341826,-0.9123481086759212,,,,
cable,good,D:\Research\research-experiments\industrial-anomaly-detection\data\mvtec_ad\cable\test\good\027.png,2,post_concat,0.75,1,0,38.089542388916016,39.23586930899784,1.8064928613341826,-0.6345593412615027,,,,
cable,good,D:\Research\research-experiments\industrial-anomaly-detection\data\mvtec_ad\cable\test\good\028.png,2,post_concat,0.75,1,0,37.140899658203125,39.23586930899784,1.8064928613341826,-1.1596888621234185,,,,
cable,good,D:\Research\research-experiments\industrial-anomaly-detection\data\mvtec_ad\cable\test\good\029.png,2,post_concat,0.75,1,0,37.55775451660156,39.23586930899784,1.8064928613341826,-0.9289351916712861,,,,
cable,good,D:\Research\research-experiments\industrial-anomaly-detection\data\mvtec_ad\cable\test\good\030.png,2,post_concat,0.75,1,0,44.01222229003906,39.23586930899784,1.8064928613341826,2.6439921702838354,,,,
cable,good,D:\Research\research-experiments\industrial-anomaly-detection\data\mvtec_ad\cable\test\good\031.png,2,post_concat,0.75,1,0,40.191200256347656,39.23586930899784,1.8064928613341826,0.5288318419615876,,,,
cable,good,D:\Research\research-experiments\industrial-anomaly-detection\data\mvtec_ad\cable\test\good\032.png,2,post_concat,0.75,1,0,40.60203170776367,39.23586930899784,1.8064928613341826,0.7562512025410679,,,,
cable,good,D:\Research\research-experiments\industrial-anomaly-detection\data\mvtec_ad\cable\test\good\033.png,2,post_concat,0.75,1,0,37.55556106567383,39.23586930899784,1.8064928613341826,-0.9301493957097756,,,,
cable,good,D:\Research\research-experiments\industrial-anomaly-detection\data\mvtec_ad\cable\test\good\034.png,2,post_concat,0.75,1,0,40.61256790161133,39.23586930899784,1.8064928613341826,0.7620836052442121,,,,
cable,good,D:\Research\research-experiments\industrial-anomaly-detection\data\mvtec_ad\cable\test\good\035.png,2,post_concat,0.75,1,0,39.07579803466797,39.23586930899784,1.8064928613341826,-0.08860886071348906,,,,
cable,good,D:\Research\research-experiments\industrial-anomaly-detection\data\mvtec_ad\cable\test\good\036.png,2,post_concat,0.75,1,0,38.57147216796875,39.23586930899784,1.8064928613341826,-0.3677828765613843,,,,
cable,good,D:\Research\research-experiments\industrial-anomaly-detection\data\mvtec_ad\cable\test\good\037.png,2,post_concat,0.75,1,0,40.159759521484375,39.23586930899784,1.8064928613341826,0.5114275468568393,,,,
cable,good,D:\Research\research-experiments\industrial-anomaly-detection\data\mvtec_ad\cable\test\good\038.png,2,post_concat,0.75,1,0,41.31074523925781,39.23586930899784,1.8064928613341826,1.1485658065250113,,,,
cable,good,D:\Research\research-experiments\industrial-anomaly-detection\data\mvtec_ad\cable\test\good\039.png,2,post_concat,0.75,1,0,40.689422607421875,39.23586930899784,1.8064928613341826,0.8046272030936861,,,,
cable,good,D:\Research\research-experiments\industrial-anomaly-detection\data\mvtec_ad\cable\test\good\040.png,2,post_concat,0.75,1,0,38.11674880981445,39.23586930899784,1.8064928613341826,-0.6194989878658385,,,,
cable,good,D:\Research\research-experiments\industrial-anomaly-detection\data\mvtec_ad\cable\test\good\041.png,2,post_concat,0.75,1,0,39.50845718383789,39.23586930899784,1.8064928613341826,0.15089341379335958,,,,
cable,good,D:\Research\research-experiments\industrial-anomaly-detection\data\mvtec_ad\cable\test\good\042.png,2,post_concat,0.75,1,0,41.574012756347656,39.23586930899784,1.8064928613341826,1.2942998543725117,,,,
cable,good,D:\Research\research-experiments\industrial-anomaly-detection\data\mvtec_ad\cable\test\good\043.png,2,post_concat,0.75,1,0,38.27827072143555,39.23586930899784,1.8064928613341826,-0.5300871141306707,,,,
cable,good,D:\Research\research-experiments\industrial-anomaly-detection\data\mvtec_ad\cable\test\good\044.png,2,post_concat,0.75,1,0,39.455379486083984,39.23586930899784,1.8064928613341826,0.12151178772111162,,,,
cable,good,D:\Research\research-experiments\industrial-anomaly-detection\data\mvtec_ad\cable\test\good\045.png,2,post_concat,0.75,1,0,40.739994049072266,39.23586930899784,1.8064928613341826,0.83262146907326,,,,
cable,good,D:\Research\research-experiments\industrial-anomaly-detection\data\mvtec_ad\cable\test\good\046.png,2,post_concat,0.75,1,0,37.759010314941406,39.23586930899784,1.8064928613341826,-0.8175282757362813,,,,
cable,good,D:\Research\research-experiments\industrial-anomaly-detection\data\mvtec_ad\cable\test\good\047.png,2,post_concat,0.75,1,0,39.013641357421875,39.23586930899784,1.8064928613341826,-0.12301623567548477,,,,
cable,good,D:\Research\research-experiments\industrial-anomaly-detection\data\mvtec_ad\cable\test\good\048.png,2,post_concat,0.75,1,0,40.21160888671875,39.23586930899784,1.8064928613341826,0.5401292186675332,,,,
cable,good,D:\Research\research-experiments\industrial-anomaly-detection\data\mvtec_ad\cable\test\good\049.png,2,post_concat,0.75,1,0,38.67405700683594,39.23586930899784,1.8064928613341826,-0.31099613742562954,,,,
cable,good,D:\Research\research-experiments\industrial-anomaly-detection\data\mvtec_ad\cable\test\good\050.png,2,post_concat,0.75,1,0,38.40806198120117,39.23586930899784,1.8064928613341826,-0.45824002159925165,,,,
cable,good,D:\Research\research-experiments\industrial-anomaly-detection\data\mvtec_ad\cable\test\good\051.png,2,post_concat,0.75,1,0,39.952396392822266,39.23586930899784,1.8064928613341826,0.3966398645468402,,,,
cable,good,D:\Research\research-experiments\industrial-anomaly-detection\data\mvtec_ad\cable\test\good\052.png,2,post_concat,0.75,1,0,36.476318359375,39.23586930899784,1.8064928613341826,-1.5275736808529536,,,,
cable,good,D:\Research\research-experiments\industrial-anomaly-detection\data\mvtec_ad\cable\test\good\053.png,2,post_concat,0.75,1,0,38.884552001953125,39.23586930899784,1.8064928613341826,-0.1944747829145872,,,,
cable,good,D:\Research\research-experiments\industrial-anomaly-detection\data\mvtec_ad\cable\test\good\054.png,2,post_concat,0.75,1,0,38.66404724121094,39.23586930899784,1.8064928613341826,-0.3165371311595363,,,,
cable,good,D:\Research\research-experiments\industrial-anomaly-detection\data\mvtec_ad\cable\test\good\055.png,2,post_concat,0.75,1,0,42.05295944213867,39.23586930899784,1.8064928613341826,1.5594250015802844,,,,
cable,good,D:\Research\research-experiments\industrial-anomaly-detection\data\mvtec_ad\cable\test\good\056.png,2,post_concat,0.75,1,0,38.42414474487305,39.23586930899784,1.8064928613341826,-0.44933726642312705,,,,
cable,good,D:\Research\research-experiments\industrial-anomaly-detection\data\mvtec_ad\cable\test\good\057.png,2,post_concat,0.75,1,0,45.31436538696289,39.23586930899784,1.8064928613341826,3.3648049256479124,,,,
cable,bent_wire,D:\Research\research-experiments\industrial-anomaly-detection\data\mvtec_ad\cable\test\bent_wire\000.png,2,post_concat,0.75,0,1,57.42228698730469,39.23586930899784,1.8064928613341826,10.067251339634575,D:\Research\research-experiments\industrial-anomaly-detection\data\mvtec_ad\cable\ground_truth\bent_wire\000_mask.png,23162,0.022089004516601562,-3.8126752821831915
cable,bent_wire,D:\Research\research-experiments\industrial-anomaly-detection\data\mvtec_ad\cable\test\bent_wire\001.png,2,post_concat,0.75,0,1,59.68950653076172,39.23586930899784,1.8064928613341826,11.32229064368285,D:\Research\research-experiments\industrial-anomaly-detection\data\mvtec_ad\cable\ground_truth\bent_wire\001_mask.png,15206,0.014501571655273438,-4.233498176452484
cable,bent_wire,D:\Research\research-experiments\industrial-anomaly-detection\data\mvtec_ad\cable\test\bent_wire\002.png,2,post_concat,0.75,0,1,62.45372009277344,39.23586930899784,1.8064928613341826,12.85244535460167,D:\Research\research-experiments\industrial-anomaly-detection\data\mvtec_ad\cable\ground_truth\bent_wire\002_mask.png,37083,0.03536510467529297,-3.3420296603665127
cable,bent_wire,D:\Research\research-experiments\industrial-anomaly-detection\data\mvtec_ad\cable\test\bent_wire\003.png,2,post_concat,0.75,0,1,60.0201301574707,39.23586930899784,1.8064928613341826,11.505310257978365,D:\Research\research-experiments\industrial-anomaly-detection\data\mvtec_ad\cable\ground_truth\bent_wire\003_mask.png,12881,0.012284278869628906,-4.399434893397962
cable,bent_wire,D:\Research\research-experiments\industrial-anomaly-detection\data\mvtec_ad\cable\test\bent_wire\004.png,2,post_concat,0.75,0,1,59.693702697753906,39.23586930899784,1.8064928613341826,11.32461346879996,D:\Research\research-experiments\industrial-anomaly-detection\data\mvtec_ad\cable\ground_truth\bent_wire\004_mask.png,32843,0.03132152557373047,-3.463449667868214
cable,bent_wire,D:\Research\research-experiments\industrial-anomaly-detection\data\mvtec_ad\cable\test\bent_wire\005.png,2,post_concat,0.75,0,1,62.19401931762695,39.23586930899784,1.8064928613341826,12.708685708103713,D:\Research\research-experiments\industrial-anomaly-detection\data\mvtec_ad\cable\ground_truth\bent_wire\005_mask.png,37738,0.03598976135253906,-3.324520760065567
cable,bent_wire,D:\Research\research-experiments\industrial-anomaly-detection\data\mvtec_ad\cable\test\bent_wire\006.png,2,post_concat,0.75,0,1,59.463523864746094,39.23586930899784,1.8064928613341826,11.197195952830473,D:\Research\research-experiments\industrial-anomaly-detection\data\mvtec_ad\cable\ground_truth\bent_wire\006_mask.png,40784,0.0388946533203125,-3.2468984588725354
cable,bent_wire,D:\Research\research-experiments\industrial-anomaly-detection\data\mvtec_ad\cable\test\bent_wire\007.png,2,post_concat,0.75,0,1,58.40205383300781,39.23586930899784,1.8064928613341826,10.609609887887856,D:\Research\research-experiments\industrial-anomaly-detection\data\mvtec_ad\cable\ground_truth\bent_wire\007_mask.png,38552,0.03676605224609375,-3.303180325679734
cable,bent_wire,D:\Research\research-experiments\industrial-anomaly-detection\data\mvtec_ad\cable\test\bent_wire\008.png,2,post_concat,0.75,0,1,51.87367248535156,39.23586930899784,1.8064928613341826,6.995767017324436,D:\Research\research-experiments\industrial-anomaly-detection\data\mvtec_ad\cable\ground_truth\bent_wire\008_mask.png,19659,0.01874828338623047,-3.9766530301530847
cable,bent_wire,D:\Research\research-experiments\industrial-anomaly-detection\data\mvtec_ad\cable\test\bent_wire\009.png,2,post_concat,0.75,0,1,66.09810638427734,39.23586930899784,1.8064928613341826,14.869827415448759,D:\Research\research-experiments\industrial-anomaly-detection\data\mvtec_ad\cable\ground_truth\bent_wire\009_mask.png,38202,0.03643226623535156,-3.3123004345056297
cable,bent_wire,D:\Research\research-experiments\industrial-anomaly-detection\data\mvtec_ad\cable\test\bent_wire\010.png,2,post_concat,0.75,0,1,59.75558853149414,39.23586930899784,1.8064928613341826,11.358870915958944,D:\Research\research-experiments\industrial-anomaly-detection\data\mvtec_ad\cable\ground_truth\bent_wire\010_mask.png,38102,0.03633689880371094,-3.314921530503291
cable,bent_wire,D:\Research\research-experiments\industrial-anomaly-detection\data\mvtec_ad\cable\test\bent_wire\011.png,2,post_concat,0.75,0,1,62.853553771972656,39.23586930899784,1.8064928613341826,13.073776801715125,D:\Research\research-experiments\industrial-anomaly-detection\data\mvtec_ad\cable\ground_truth\bent_wire\011_mask.png,119231,0.1137075424194336,-2.1741255354885243
cable,bent_wire,D:\Research\research-experiments\industrial-anomaly-detection\data\mvtec_ad\cable\test\bent_wire\012.png,2,post_concat,0.75,0,1,57.6018180847168,39.23586930899784,1.8064928613341826,10.166632356440541,D:\Research\research-experiments\industrial-anomaly-detection\data\mvtec_ad\cable\ground_truth\bent_wire\012_mask.png,72366,0.06901359558105469,-2.67345174189771
cable,cable_swap,D:\Research\research-experiments\industrial-anomaly-detection\data\mvtec_ad\cable\test\cable_swap\000.png,2,post_concat,0.75,0,1,41.7237548828125,39.23586930899784,1.8064928613341826,1.3771909245061915,D:\Research\research-experiments\industrial-anomaly-detection\data\mvtec_ad\cable\ground_truth\cable_swap\000_mask.png,67133,0.06402301788330078,-2.7485125902366585
cable,cable_swap,D:\Research\research-experiments\industrial-anomaly-detection\data\mvtec_ad\cable\test\cable_swap\001.png,2,post_concat,0.75,0,1,44.20795440673828,39.23586930899784,1.8064928613341826,2.752341403701044,D:\Research\research-experiments\industrial-anomaly-detection\data\mvtec_ad\cable\ground_truth\cable_swap\001_mask.png,61514,0.05866432189941406,-2.83592352398831
cable,cable_swap,D:\Research\research-experiments\industrial-anomaly-detection\data\mvtec_ad\cable\test\cable_swap\002.png,2,post_concat,0.75,0,1,43.358367919921875,39.23586930899784,1.8064928613341826,2.282045337217313,D:\Research\research-experiments\industrial-anomaly-detection\data\mvtec_ad\cable\ground_truth\cable_swap\002_mask.png,57103,0.054457664489746094,-2.9103316591675092
cable,cable_swap,D:\Research\research-experiments\industrial-anomaly-detection\data\mvtec_ad\cable\test\cable_swap\003.png,2,post_concat,0.75,0,1,42.44139099121094,39.23586930899784,1.8064928613341826,1.7744446993527905,D:\Research\research-experiments\industrial-anomaly-detection\data\mvtec_ad\cable\ground_truth\cable_swap\003_mask.png,59063,0.056326866149902344,-2.876583643636658
cable,cable_swap,D:\Research\research-experiments\industrial-anomaly-detection\data\mvtec_ad\cable\test\cable_swap\004.png,2,post_concat,0.75,0,1,42.81558609008789,39.23586930899784,1.8064928613341826,1.9815836850007005,D:\Research\research-experiments\industrial-anomaly-detection\data\mvtec_ad\cable\ground_truth\cable_swap\004_mask.png,55036,0.052486419677734375,-2.947200796598652
cable,cable_swap,D:\Research\research-experiments\industrial-anomaly-detection\data\mvtec_ad\cable\test\cable_swap\005.png,2,post_concat,0.75,0,1,42.51298904418945,39.23586930899784,1.8064928613341826,1.8140784308282842,D:\Research\research-experiments\industrial-anomaly-detection\data\mvtec_ad\cable\ground_truth\cable_swap\005_mask.png,65474,0.06244087219238281,-2.77353519892944
cable,cable_swap,D:\Research\research-experiments\industrial-anomaly-detection\data\mvtec_ad\cable\test\cable_swap\006.png,2,post_concat,0.75,0,1,39.36595153808594,39.23586930899784,1.8064928613341826,0.07200816115709631,D:\Research\research-experiments\industrial-anomaly-detection\data\mvtec_ad\cable\ground_truth\cable_swap\006_mask.png,67894,0.06474876403808594,-2.737240651355251
cable,cable_swap,D:\Research\research-experiments\industrial-anomaly-detection\data\mvtec_ad\cable\test\cable_swap\007.png,2,post_concat,0.75,0,1,41.65093994140625,39.23586930899784,1.8064928613341826,1.3368835737467357,D:\Research\research-experiments\industrial-anomaly-detection\data\mvtec_ad\cable\ground_truth\cable_swap\007_mask.png,63705,0.060753822326660156,-2.8009252633235553
cable,cable_swap,D:\Research\research-experiments\industrial-anomaly-detection\data\mvtec_ad\cable\test\cable_swap\008.png,2,post_concat,0.75,0,1,44.8120002746582,39.23586930899784,1.8064928613341826,3.086716302627467,D:\Research\research-experiments\industrial-anomaly-detection\data\mvtec_ad\cable\ground_truth\cable_swap\008_mask.png,61687,0.058829307556152344,-2.833115103427395
cable,cable_swap,D:\Research\research-experiments\industrial-anomaly-detection\data\mvtec_ad\cable\test\cable_swap\009.png,2,post_concat,0.75,0,1,44.570892333984375,39.23586930899784,1.8064928613341826,2.953248883057506,D:\Research\research-experiments\industrial-anomaly-detection\data\mvtec_ad\cable\ground_truth\cable_swap\009_mask.png,58211,0.05551433563232422,-2.8911139738884852
cable,cable_swap,D:\Research\research-experiments\industrial-anomaly-detection\data\mvtec_ad\cable\test\cable_swap\010.png,2,post_concat,0.75,0,1,41.954654693603516,39.23586930899784,1.8064928613341826,1.505007544063982,D:\Research\research-experiments\industrial-anomaly-detection\data\mvtec_ad\cable\ground_truth\cable_swap\010_mask.png,60502,0.05769920349121094,-2.8525118925438706
cable,cable_swap,D:\Research\research-experiments\industrial-anomaly-detection\data\mvtec_ad\cable\test\cable_swap\011.png,2,post_concat,0.75,0,1,43.80927658081055,39.23586930899784,1.8064928613341826,2.531649789324394,D:\Research\research-experiments\industrial-anomaly-detection\data\mvtec_ad\cable\ground_truth\cable_swap\011_mask.png,51956,0.049549102783203125,-3.0047911054897316
cable,combined,D:\Research\research-experiments\industrial-anomaly-detection\data\mvtec_ad\cable\test\combined\000.png,2,post_concat,0.75,0,1,63.25016403198242,39.23586930899784,1.8064928613341826,13.293323896806799,D:\Research\research-experiments\industrial-anomaly-detection\data\mvtec_ad\cable\ground_truth\combined\000_mask.png,42321,0.040360450744628906,-3.209904890679564
cable,combined,D:\Research\research-experiments\industrial-anomaly-detection\data\mvtec_ad\cable\test\combined\001.png,2,post_concat,0.75,0,1,62.17747116088867,39.23586930899784,1.8064928613341826,12.69952533050551,D:\Research\research-experiments\industrial-anomaly-detection\data\mvtec_ad\cable\ground_truth\combined\001_mask.png,41285,0.03937244415283203,-3.2346890689489034
cable,combined,D:\Research\research-experiments\industrial-anomaly-detection\data\mvtec_ad\cable\test\combined\002.png,2,post_concat,0.75,0,1,52.809471130371094,39.23586930899784,1.8064928613341826,7.513786581668797,D:\Research\research-experiments\industrial-anomaly-detection\data\mvtec_ad\cable\ground_truth\combined\002_mask.png,23893,0.02278614044189453,-3.78160275932205
cable,combined,D:\Research\research-experiments\industrial-anomaly-detection\data\mvtec_ad\cable\test\combined\003.png,2,post_concat,0.75,0,1,61.097103118896484,39.23586930899784,1.8064928613341826,12.101478105899107,D:\Research\research-experiments\industrial-anomaly-detection\data\mvtec_ad\cable\ground_truth\combined\003_mask.png,32849,0.031327247619628906,-3.46326699722871
cable,combined,D:\Research\research-experiments\industrial-anomaly-detection\data\mvtec_ad\cable\test\combined\004.png,2,post_concat,0.75,0,1,50.11985778808594,39.23586930899784,1.8064928613341826,6.024927478013803,D:\Research\research-experiments\industrial-anomaly-detection\data\mvtec_ad\cable\ground_truth\combined\004_mask.png,49977,0.047661781311035156,-3.0436254116399084
cable,combined,D:\Research\research-experiments\industrial-anomaly-detection\data\mvtec_ad\cable\test\combined\005.png,2,post_concat,0.75,0,1,60.1088752746582,39.23586930899784,1.8064928613341826,11.554435897546051,D:\Research\research-experiments\industrial-anomaly-detection\data\mvtec_ad\cable\ground_truth\combined\005_mask.png,148557,0.14167499542236328,-1.9542196021788751
cable,combined,D:\Research\research-experiments\industrial-anomaly-detection\data\mvtec_ad\cable\test\combined\006.png,2,post_concat,0.75,0,1,61.86273956298828,39.23586930899784,1.8064928613341826,12.52530288842625,D:\Research\research-experiments\industrial-anomaly-detection\data\mvtec_ad\cable\ground_truth\combined\006_mask.png,94011,0.08965587615966797,-2.4117765243628666
cable,combined,D:\Research\research-experiments\industrial-anomaly-detection\data\mvtec_ad\cable\test\combined\007.png,2,post_concat,0.75,0,1,55.67561721801758,39.23586930899784,1.8064928613341826,9.10036693800062,D:\Research\research-experiments\industrial-anomaly-detection\data\mvtec_ad\cable\ground_truth\combined\007_mask.png,77899,0.07429027557373047,-2.599775202932224
cable,combined,D:\Research\research-experiments\industrial-anomaly-detection\data\mvtec_ad\cable\test\combined\008.png,2,post_concat,0.75,0,1,65.8271713256836,39.23586930899784,1.8064928613341826,14.71984893261454,D:\Research\research-experiments\industrial-anomaly-detection\data\mvtec_ad\cable\ground_truth\combined\008_mask.png,48510,0.04626274108886719,-3.0734183483439774
cable,combined,D:\Research\research-experiments\industrial-anomaly-detection\data\mvtec_ad\cable\test\combined\009.png,2,post_concat,0.75,0,1,50.93233871459961,39.23586930899784,1.8064928613341826,6.474683435484687,D:\Research\research-experiments\industrial-anomaly-detection\data\mvtec_ad\cable\ground_truth\combined\009_mask.png,92936,0.08863067626953125,-2.42327723672282
cable,combined,D:\Research\research-experiments\industrial-anomaly-detection\data\mvtec_ad\cable\test\combined\010.png,2,post_concat,0.75,0,1,57.96079635620117,39.23586930899784,1.8064928613341826,10.36534793355013,D:\Research\research-experiments\industrial-anomaly-detection\data\mvtec_ad\cable\ground_truth\combined\010_mask.png,78276,0.07464981079101562,-2.594947276218929
cable,cut_inner_insulation,D:\Research\research-experiments\industrial-anomaly-detection\data\mvtec_ad\cable\test\cut_inner_insulation\000.png,2,post_concat,0.75,0,1,47.40845489501953,39.23586930899784,1.8064928613341826,4.524006577023415,D:\Research\research-experiments\industrial-anomaly-detection\data\mvtec_ad\cable\ground_truth\cut_inner_insulation\000_mask.png,33306,0.03176307678222656,-3.4494507397975944
cable,cut_inner_insulation,D:\Research\research-experiments\industrial-anomaly-detection\data\mvtec_ad\cable\test\cut_inner_insulation\001.png,2,post_concat,0.75,0,1,53.19297409057617,39.23586930899784,1.8064928613341826,7.726078015758297,D:\Research\research-experiments\industrial-anomaly-detection\data\mvtec_ad\cable\ground_truth\cut_inner_insulation\001_mask.png,30558,0.029142379760742188,-3.5355617807719595
cable,cut_inner_insulation,D:\Research\research-experiments\industrial-anomaly-detection\data\mvtec_ad\cable\test\cut_inner_insulation\002.png,2,post_concat,0.75,0,1,45.584144592285156,39.23586930899784,1.8064928613341826,3.5141435757453285,D:\Research\research-experiments\industrial-anomaly-detection\data\mvtec_ad\cable\ground_truth\cut_inner_insulation\002_mask.png,26929,0.025681495666503906,-3.6619845204527564
cable,cut_inner_insulation,D:\Research\research-experiments\industrial-anomaly-detection\data\mvtec_ad\cable\test\cut_inner_insulation\003.png,2,post_concat,0.75,0,1,50.96376037597656,39.23586930899784,1.8064928613341826,6.492077172293448,D:\Research\research-experiments\industrial-anomaly-detection\data\mvtec_ad\cable\ground_truth\cut_inner_insulation\003_mask.png,62868,0.059955596923828125,-2.8141510253236763
cable,cut_inner_insulation,D:\Research\research-experiments\industrial-anomaly-detection\data\mvtec_ad\cable\test\cut_inner_insulation\004.png,2,post_concat,0.75,0,1,59.646549224853516,39.23586930899784,1.8064928613341826,11.298511249461233,D:\Research\research-experiments\industrial-anomaly-detection\data\mvtec_ad\cable\ground_truth\cut_inner_insulation\004_mask.png,44383,0.042326927185058594,-3.162331795354217
cable,cut_inner_insulation,D:\Research\research-experiments\industrial-anomaly-detection\data\mvtec_ad\cable\test\cut_inner_insulation\005.png,2,post_concat,0.75,0,1,50.222225189208984,39.23586930899784,1.8064928613341826,6.081593852575308,D:\Research\research-experiments\industrial-anomaly-detection\data\mvtec_ad\cable\ground_truth\cut_inner_insulation\005_mask.png,27373,0.02610492706298828,-3.645631167802856
cable,cut_inner_insulation,D:\Research\research-experiments\industrial-anomaly-detection\data\mvtec_ad\cable\test\cut_inner_insulation\006.png,2,post_concat,0.75,0,1,48.55183029174805,39.23586930899784,1.8064928613341826,5.1569320765928275,D:\Research\research-experiments\industrial-anomaly-detection\data\mvtec_ad\cable\ground_truth\cut_inner_insulation\006_mask.png,19775,0.018858909606933594,-3.970769765537718
cable,cut_inner_insulation,D:\Research\research-experiments\industrial-anomaly-detection\data\mvtec_ad\cable\test\cut_inner_insulation\007.png,2,post_concat,0.75,0,1,51.16288375854492,39.23586930899784,1.8064928613341826,6.602303670737122,D:\Research\research-experiments\industrial-anomaly-detection\data\mvtec_ad\cable\ground_truth\cut_inner_insulation\007_mask.png,41070,0.03916740417480469,-3.239910378716868
cable,cut_inner_insulation,D:\Research\research-experiments\industrial-anomaly-detection\data\mvtec_ad\cable\test\cut_inner_insulation\008.png,2,post_concat,0.75,0,1,45.43407440185547,39.23586930899784,1.8064928613341826,3.4310709029206747,D:\Research\research-experiments\industrial-anomaly-detection\data\mvtec_ad\cable\ground_truth\cut_inner_insulation\008_mask.png,26265,0.025048255920410156,-3.686951037887906
cable,cut_inner_insulation,D:\Research\research-experiments\industrial-anomaly-detection\data\mvtec_ad\cable\test\cut_inner_insulation\009.png,2,post_concat,0.75,0,1,47.94855499267578,39.23586930899784,1.8064928613341826,4.822983732824274,D:\Research\research-experiments\industrial-anomaly-detection\data\mvtec_ad\cable\ground_truth\cut_inner_insulation\009_mask.png,61146,0.05831336975097656,-2.8419238679934318
cable,cut_inner_insulation,D:\Research\research-experiments\industrial-anomaly-detection\data\mvtec_ad\cable\test\cut_inner_insulation\010.png,2,post_concat,0.75,0,1,52.27170944213867,39.23586930899784,1.8064928613341826,7.2161038729559275,D:\Research\research-experiments\industrial-anomaly-detection\data\mvtec_ad\cable\ground_truth\cut_inner_insulation\010_mask.png,31665,0.030198097229003906,-3.4999763291337067
cable,cut_inner_insulation,D:\Research\research-experiments\industrial-anomaly-detection\data\mvtec_ad\cable\test\cut_inner_insulation\011.png,2,post_concat,0.75,0,1,57.08008575439453,39.23586930899784,1.8064928613341826,9.877822839675032,D:\Research\research-experiments\industrial-anomaly-detection\data\mvtec_ad\cable\ground_truth\cut_inner_insulation\011_mask.png,56332,0.053722381591796875,-2.9239255562667497
cable,cut_inner_insulation,D:\Research\research-experiments\industrial-anomaly-detection\data\mvtec_ad\cable\test\cut_inner_insulation\012.png,2,post_concat,0.75,0,1,47.86226272583008,39.23586930899784,1.8064928613341826,4.775215890120499,D:\Research\research-experiments\industrial-anomaly-detection\data\mvtec_ad\cable\ground_truth\cut_inner_insulation\012_mask.png,103750,0.09894371032714844,-2.313204162999205
cable,cut_inner_insulation,D:\Research\research-experiments\industrial-anomaly-detection\data\mvtec_ad\cable\test\cut_inner_insulation\013.png,2,post_concat,0.75,0,1,54.37504959106445,39.23586930899784,1.8064928613341826,8.380426297885059,D:\Research\research-experiments\industrial-anomaly-detection\data\mvtec_ad\cable\ground_truth\cut_inner_insulation\013_mask.png,29743,0.028365135192871094,-3.5625944867742345
cable,cut_outer_insulation,D:\Research\research-experiments\industrial-anomaly-detection\data\mvtec_ad\cable\test\cut_outer_insulation\000.png,2,post_concat,0.75,0,1,54.10575866699219,39.23586930899784,1.8064928613341826,8.231357940164907,D:\Research\research-experiments\industrial-anomaly-detection\data\mvtec_ad\cable\ground_truth\cut_outer_insulation\000_mask.png,23454,0.022367477416992188,-3.800147231470129
cable,cut_outer_insulation,D:\Research\research-experiments\industrial-anomaly-detection\data\mvtec_ad\cable\test\cut_outer_insulation\001.png,2,post_concat,0.75,0,1,52.5172004699707,39.23586930899784,1.8064928613341826,7.35199758894367,D:\Research\research-experiments\industrial-anomaly-detection\data\mvtec_ad\cable\ground_truth\cut_outer_insulation\001_mask.png,7513,0.007164955139160156,-4.93855333926154
cable,cut_outer_insulation,D:\Research\research-experiments\industrial-anomaly-detection\data\mvtec_ad\cable\test\cut_outer_insulation\002.png,2,post_concat,0.75,0,1,46.98353576660156,39.23586930899784,1.8064928613341826,4.288788859028036,D:\Research\research-experiments\industrial-anomaly-detection\data\mvtec_ad\cable\ground_truth\cut_outer_insulation\002_mask.png,14604,0.013927459716796875,-4.273892796622778
cable,cut_outer_insulation,D:\Research\research-experiments\industrial-anomaly-detection\data\mvtec_ad\cable\test\cut_outer_insulation\003.png,2,post_concat,0.75,0,1,44.77613067626953,39.23586930899784,1.8064928613341826,3.0668603711945686,D:\Research\research-experiments\industrial-anomaly-detection\data\mvtec_ad\cable\ground_truth\cut_outer_insulation\003_mask.png,7697,0.007340431213378906,-4.914357553432819
cable,cut_outer_insulation,D:\Research\research-experiments\industrial-anomaly-detection\data\mvtec_ad\cable\test\cut_outer_insulation\004.png,2,post_concat,0.75,0,1,42.651954650878906,39.23586930899784,1.8064928613341826,1.8910040637293855,D:\Research\research-experiments\industrial-anomaly-detection\data\mvtec_ad\cable\ground_truth\cut_outer_insulation\004_mask.png,24050,0.022935867309570312,-3.775053292065166
cable,cut_outer_insulation,D:\Research\research-experiments\industrial-anomaly-detection\data\mvtec_ad\cable\test\cut_outer_insulation\005.png,2,post_concat,0.75,0,1,54.49936294555664,39.23586930899784,1.8064928613341826,8.44924104780905,D:\Research\research-experiments\industrial-anomaly-detection\data\mvtec_ad\cable\ground_truth\cut_outer_insulation\005_mask.png,4647,0.004431724548339844,-5.418966256468161
cable,cut_outer_insulation,D:\Research\research-experiments\industrial-anomaly-detection\data\mvtec_ad\cable\test\cut_outer_insulation\006.png,2,post_concat,0.75,0,1,48.806251525878906,39.23586930899784,1.8064928613341826,5.29776918676162,D:\Research\research-experiments\industrial-anomaly-detection\data\mvtec_ad\cable\ground_truth\cut_outer_insulation\006_mask.png,11710,0.011167526245117188,-4.494745065061801
cable,cut_outer_insulation,D:\Research\research-experiments\industrial-anomaly-detection\data\mvtec_ad\cable\test\cut_outer_insulation\007.png,2,post_concat,0.75,0,1,46.597232818603516,39.23586930899784,1.8064928613341826,4.0749474670876635,D:\Research\research-experiments\industrial-anomaly-detection\data\mvtec_ad\cable\ground_truth\cut_outer_insulation\007_mask.png,21941,0.02092456817626953,-3.866831251766246
cable,cut_outer_insulation,D:\Research\research-experiments\industrial-anomaly-detection\data\mvtec_ad\cable\test\cut_outer_insulation\008.png,2,post_concat,0.75,0,1,43.31350326538086,39.23586930899784,1.8064928613341826,2.2572101133970093,D:\Research\research-experiments\industrial-anomaly-detection\data\mvtec_ad\cable\ground_truth\cut_outer_insulation\008_mask.png,35537,0.033890724182128906,-3.3846138954767726
cable,cut_outer_insulation,D:\Research\research-experiments\industrial-anomaly-detection\data\mvtec_ad\cable\test\cut_outer_insulation\009.png,2,post_concat,0.75,0,1,48.45487976074219,39.23586930899784,1.8064928613341826,5.103264258091593,D:\Research\research-experiments\industrial-anomaly-detection\data\mvtec_ad\cable\ground_truth\cut_outer_insulation\009_mask.png,10318,0.009840011596679688,-4.62129828776842
cable,missing_cable,D:\Research\research-experiments\industrial-anomaly-detection\data\mvtec_ad\cable\test\missing_cable\000.png,2,post_concat,0.75,0,1,60.66000747680664,39.23586930899784,1.8064928613341826,11.859519971745714,D:\Research\research-experiments\industrial-anomaly-detection\data\mvtec_ad\cable\ground_truth\missing_cable\000_mask.png,74489,0.07103824615478516,-2.6445368546625256
cable,missing_cable,D:\Research\research-experiments\industrial-anomaly-detection\data\mvtec_ad\cable\test\missing_cable\001.png,2,post_concat,0.75,0,1,58.460174560546875,39.23586930899784,1.8064928613341826,10.641783127419032,D:\Research\research-experiments\industrial-anomaly-detection\data\mvtec_ad\cable\ground_truth\missing_cable\001_mask.png,71763,0.06843852996826172,-2.681819294708357
cable,missing_cable,D:\Research\research-experiments\industrial-anomaly-detection\data\mvtec_ad\cable\test\missing_cable\002.png,2,post_concat,0.75,0,1,59.63738250732422,39.23586930899784,1.8064928613341826,11.293436932409946,D:\Research\research-experiments\industrial-anomaly-detection\data\mvtec_ad\cable\ground_truth\missing_cable\002_mask.png,69188,0.06598281860351562,-2.718360879879632
cable,missing_cable,D:\Research\research-experiments\industrial-anomaly-detection\data\mvtec_ad\cable\test\missing_cable\003.png,2,post_concat,0.75,0,1,59.70826721191406,39.23586930899784,1.8064928613341826,11.332675783615532,D:\Research\research-experiments\industrial-anomaly-detection\data\mvtec_ad\cable\ground_truth\missing_cable\003_mask.png,74858,0.07139015197753906,-2.639595332627382
cable,missing_cable,D:\Research\research-experiments\industrial-anomaly-detection\data\mvtec_ad\cable\test\missing_cable\004.png,2,post_concat,0.75,0,1,57.07120895385742,39.23586930899784,1.8064928613341826,9.872909008722745,D:\Research\research-experiments\industrial-anomaly-detection\data\mvtec_ad\cable\ground_truth\missing_cable\004_mask.png,77885,0.07427692413330078,-2.5999549389750687
cable,missing_cable,D:\Research\research-experiments\industrial-anomaly-detection\data\mvtec_ad\cable\test\missing_cable\005.png,2,post_concat,0.75,0,1,61.10799026489258,39.23586930899784,1.8064928613341826,12.10750478124841,D:\Research\research-experiments\industrial-anomaly-detection\data\mvtec_ad\cable\ground_truth\missing_cable\005_mask.png,70780,0.06750106811523438,-2.6956118424848716
cable,missing_cable,D:\Research\research-experiments\industrial-anomaly-detection\data\mvtec_ad\cable\test\missing_cable\006.png,2,post_concat,0.75,0,1,53.61761474609375,39.23586930899784,1.8064928613341826,7.961141582632267,D:\Research\research-experiments\industrial-anomaly-detection\data\mvtec_ad\cable\ground_truth\missing_cable\006_mask.png,236776,0.22580718994140625,-1.4880737812661082
cable,missing_cable,D:\Research\research-experiments\industrial-anomaly-detection\data\mvtec_ad\cable\test\missing_cable\007.png,2,post_concat,0.75,0,1,55.874759674072266,39.23586930899784,1.8064928613341826,9.210603994740282,D:\Research\research-experiments\industrial-anomaly-detection\data\mvtec_ad\cable\ground_truth\missing_cable\007_mask.png,158927,0.1515645980834961,-1.8867433483231728
cable,missing_cable,D:\Research\research-experiments\industrial-anomaly-detection\data\mvtec_ad\cable\test\missing_cable\008.png,2,post_concat,0.75,0,1,55.73451232910156,39.23586930899784,1.8064928613341826,9.132968844348863,D:\Research\research-experiments\industrial-anomaly-detection\data\mvtec_ad\cable\ground_truth\missing_cable\008_mask.png,144175,0.1374959945678711,-1.9841604854423538
cable,missing_cable,D:\Research\research-experiments\industrial-anomaly-detection\data\mvtec_ad\cable\test\missing_cable\009.png,2,post_concat,0.75,0,1,53.980648040771484,39.23586930899784,1.8064928613341826,8.162101853468664,D:\Research\research-experiments\industrial-anomaly-detection\data\mvtec_ad\cable\ground_truth\missing_cable\009_mask.png,151277,0.14426898956298828,-1.9360757319090696
cable,missing_cable,D:\Research\research-experiments\industrial-anomaly-detection\data\mvtec_ad\cable\test\missing_cable\010.png,2,post_concat,0.75,0,1,60.78309631347656,39.23586930899784,1.8064928613341826,11.927656879067348,D:\Research\research-experiments\industrial-anomaly-detection\data\mvtec_ad\cable\ground_truth\missing_cable\010_mask.png,84372,0.08046340942382812,-2.5199527267837354
cable,missing_cable,D:\Research\research-experiments\industrial-anomaly-detection\data\mvtec_ad\cable\test\missing_cable\011.png,2,post_concat,0.75,0,1,59.27056884765625,39.23586930899784,1.8064928613341826,11.090384007308952,D:\Research\research-experiments\industrial-anomaly-detection\data\mvtec_ad\cable\ground_truth\missing_cable\011_mask.png,77245,0.07366657257080078,-2.608206129878078
cable,missing_wire,D:\Research\research-experiments\industrial-anomaly-detection\data\mvtec_ad\cable\test\missing_wire\000.png,2,post_concat,0.75,0,1,46.577789306640625,39.23586930899784,1.8064928613341826,4.064184340158654,D:\Research\research-experiments\industrial-anomaly-detection\data\mvtec_ad\cable\ground_truth\missing_wire\000_mask.png,24951,0.023795127868652344,-3.7382743886367003
cable,missing_wire,D:\Research\research-experiments\industrial-anomaly-detection\data\mvtec_ad\cable\test\missing_wire\001.png,2,post_concat,0.75,0,1,52.402130126953125,39.23586930899784,1.8064928613341826,7.288299389254913,D:\Research\research-experiments\industrial-anomaly-detection\data\mvtec_ad\cable\ground_truth\missing_wire\001_mask.png,16616,0.01584625244140625,-4.144822182536556
cable,missing_wire,D:\Research\research-experiments\industrial-anomaly-detection\data\mvtec_ad\cable\test\missing_wire\002.png,2,post_concat,0.75,0,1,51.00737380981445,39.23586930899784,1.8064928613341826,6.516219771897014,D:\Research\research-experiments\industrial-anomaly-detection\data\mvtec_ad\cable\ground_truth\missing_wire\002_mask.png,15156,0.014453887939453125,-4.2367917698748805
cable,missing_wire,D:\Research\research-experiments\industrial-anomaly-detection\data\mvtec_ad\cable\test\missing_wire\003.png,2,post_concat,0.75,0,1,56.060707092285156,39.23586930899784,1.8064928613341826,9.313536822316228,D:\Research\research-experiments\industrial-anomaly-detection\data\mvtec_ad\cable\ground_truth\missing_wire\003_mask.png,40701,0.03881549835205078,-3.248935644282583
cable,missing_wire,D:\Research\research-experiments\industrial-anomaly-detection\data\mvtec_ad\cable\test\missing_wire\004.png,2,post_concat,0.75,0,1,53.60969543457031,39.23586930899784,1.8064928613341826,7.956757778138521,D:\Research\research-experiments\industrial-anomaly-detection\data\mvtec_ad\cable\ground_truth\missing_wire\004_mask.png,38640,0.0368499755859375,-3.300900295735392
cable,missing_wire,D:\Research\research-experiments\industrial-anomaly-detection\data\mvtec_ad\cable\test\missing_wire\005.png,2,post_concat,0.75,0,1,55.300254821777344,39.23586930899784,1.8064928613341826,8.892581784638315,D:\Research\research-experiments\industrial-anomaly-detection\data\mvtec_ad\cable\ground_truth\missing_wire\005_mask.png,18712,0.01784515380859375,-4.02602324689727
cable,missing_wire,D:\Research\research-experiments\industrial-anomaly-detection\data\mvtec_ad\cable\test\missing_wire\006.png,2,post_concat,0.75,0,1,51.914546966552734,39.23586930899784,1.8064928613341826,7.018393445624287,D:\Research\research-experiments\industrial-anomaly-detection\data\mvtec_ad\cable\ground_truth\missing_wire\006_mask.png,18399,0.017546653747558594,-4.042891959913891
cable,missing_wire,D:\Research\research-experiments\industrial-anomaly-detection\data\mvtec_ad\cable\test\missing_wire\007.png,2,post_concat,0.75,0,1,49.22075653076172,39.23586930899784,1.8064928613341826,5.52722207514817,D:\Research\research-experiments\industrial-anomaly-detection\data\mvtec_ad\cable\ground_truth\missing_wire\007_mask.png,18838,0.017965316772460938,-4.019312170153336
cable,missing_wire,D:\Research\research-experiments\industrial-anomaly-detection\data\mvtec_ad\cable\test\missing_wire\008.png,2,post_concat,0.75,0,1,54.00970458984375,39.23586930899784,1.8064928613341826,8.178186361575055,D:\Research\research-experiments\industrial-anomaly-detection\data\mvtec_ad\cable\ground_truth\missing_wire\008_mask.png,18820,0.017948150634765625,-4.0202681423434905
cable,missing_wire,D:\Research\research-experiments\industrial-anomaly-detection\data\mvtec_ad\cable\test\missing_wire\009.png,2,post_concat,0.75,0,1,56.84127426147461,39.23586930899784,1.8064928613341826,9.74562663894189,D:\Research\research-experiments\industrial-anomaly-detection\data\mvtec_ad\cable\ground_truth\missing_wire\009_mask.png,20485,0.01953601837158203,-3.935495370030433
cable,poke_insulation,D:\Research\research-experiments\industrial-anomaly-detection\data\mvtec_ad\cable\test\poke_insulation\000.png,2,post_concat,0.75,0,1,46.10673904418945,39.23586930899784,1.8064928613341826,3.803430327489443,D:\Research\research-experiments\industrial-anomaly-detection\data\mvtec_ad\cable\ground_truth\poke_insulation\000_mask.png,8620,0.008220672607421875,-4.801103125896628
cable,poke_insulation,D:\Research\research-experiments\industrial-anomaly-detection\data\mvtec_ad\cable\test\poke_insulation\001.png,2,post_concat,0.75,0,1,47.394596099853516,39.23586930899784,1.8064928613341826,4.516334919159359,D:\Research\research-experiments\industrial-anomaly-detection\data\mvtec_ad\cable\ground_truth\poke_insulation\001_mask.png,31427,0.02997112274169922,-3.507520902804313
cable,poke_insulation,D:\Research\research-experiments\industrial-anomaly-detection\data\mvtec_ad\cable\test\poke_insulation\002.png,2,post_concat,0.75,0,1,39.59695816040039,39.23586930899784,1.8064928613341826,0.19988390717241325,D:\Research\research-experiments\industrial-anomaly-detection\data\mvtec_ad\cable\ground_truth\poke_insulation\002_mask.png,1506,0.0014362335205078125,-6.5457305065737055
cable,poke_insulation,D:\Research\research-experiments\industrial-anomaly-detection\data\mvtec_ad\cable\test\poke_insulation\003.png,2,post_concat,0.75,0,1,41.87891387939453,39.23586930899784,1.8064928613341826,1.4630805507001412,D:\Research\research-experiments\industrial-anomaly-detection\data\mvtec_ad\cable\ground_truth\poke_insulation\003_mask.png,13376,0.01275634765625,-4.361726197482082
cable,poke_insulation,D:\Research\research-experiments\industrial-anomaly-detection\data\mvtec_ad\cable\test\poke_insulation\004.png,2,post_concat,0.75,0,1,42.23611068725586,39.23586930899784,1.8064928613341826,1.660809982964557,D:\Research\research-experiments\industrial-anomaly-detection\data\mvtec_ad\cable\ground_truth\poke_insulation\004_mask.png,31573,0.03011035919189453,-3.502885974026185
cable,poke_insulation,D:\Research\research-experiments\industrial-anomaly-detection\data\mvtec_ad\cable\test\poke_insulation\005.png,2,post_concat,0.75,0,1,48.47401809692383,39.23586930899784,1.8064928613341826,5.113858452284813,D:\Research\research-experiments\industrial-anomaly-detection\data\mvtec_ad\cable\ground_truth\poke_insulation\005_mask.png,6611,0.006304740905761719,-5.06645324525454
cable,poke_insulation,D:\Research\research-experiments\industrial-anomaly-detection\data\mvtec_ad\cable\test\poke_insulation\006.png,2,post_concat,0.75,0,1,43.80973815917969,39.23586930899784,1.8064928613341826,2.531905300087276,D:\Research\research-experiments\industrial-anomaly-detection\data\mvtec_ad\cable\ground_truth\poke_insulation\006_mask.png,27740,0.026454925537109375,-3.63231287952994
cable,poke_insulation,D:\Research\research-experiments\industrial-anomaly-detection\data\mvtec_ad\cable\test\poke_insulation\007.png,2,post_concat,0.75,0,1,44.37296676635742,39.23586930899784,1.8064928613341826,2.843685445601808,D:\Research\research-experiments\industrial-anomaly-detection\data\mvtec_ad\cable\ground_truth\poke_insulation\007_mask.png,51028,0.048664093017578125,-3.022813809991694
cable,poke_insulation,D:\Research\research-experiments\industrial-anomaly-detection\data\mvtec_ad\cable\test\poke_insulation\008.png,2,post_concat,0.75,0,1,47.87439727783203,39.23586930899784,1.8064928613341826,4.781933078027342,D:\Research\research-experiments\industrial-anomaly-detection\data\mvtec_ad\cable\ground_truth\poke_insulation\008_mask.png,41654,0.03972434997558594,-3.2257909046264683
cable,poke_insulation,D:\Research\research-experiments\industrial-anomaly-detection\data\mvtec_ad\cable\test\poke_insulation\009.png,2,post_concat,0.75,0,1,44.337764739990234,39.23586930899784,1.8064928613341826,2.82419905452845,D:\Research\research-experiments\industrial-anomaly-detection\data\mvtec_ad\cable\ground_truth\poke_insulation\009_mask.png,37053,0.03533649444580078,-3.3428389837934276
cable,good,D:\Research\research-experiments\industrial-anomaly-detection\data\mvtec_ad\cable\test\good\000.png,2,post_concat,1.0,1,0,39.7465934753418,41.89184872857456,1.7195428596087377,-1.2475730053747482,,,,
cable,good,D:\Research\research-experiments\industrial-anomaly-detection\data\mvtec_ad\cable\test\good\001.png,2,post_concat,1.0,1,0,42.319297790527344,41.89184872857456,1.7195428596087377,0.24858296468983998,,,,
cable,good,D:\Research\research-experiments\industrial-anomaly-detection\data\mvtec_ad\cable\test\good\002.png,2,post_concat,1.0,1,0,41.07515335083008,41.89184872857456,1.7195428596087377,-0.47494912568233977,,,,
cable,good,D:\Research\research-experiments\industrial-anomaly-detection\data\mvtec_ad\cable\test\good\003.png,2,post_concat,1.0,1,0,40.1031608581543,41.89184872857456,1.7195428596087377,-1.0402112750055308,,,,
cable,good,D:\Research\research-experiments\industrial-anomaly-detection\data\mvtec_ad\cable\test\good\004.png,2,post_concat,1.0,1,0,40.68299865722656,41.89184872857456,1.7195428596087377,-0.7030066535375896,,,,
cable,good,D:\Research\research-experiments\industrial-anomaly-detection\data\mvtec_ad\cable\test\good\005.png,2,post_concat,1.0,1,0,39.65810012817383,41.89184872857456,1.7195428596087377,-1.2990363037005046,,,,
cable,good,D:\Research\research-experiments\industrial-anomaly-detection\data\mvtec_ad\cable\test\good\006.png,2,post_concat,1.0,1,0,40.633094787597656,41.89184872857456,1.7195428596087377,-0.7320282445668829,,,,
cable,good,D:\Research\research-experiments\industrial-anomaly-detection\data\mvtec_ad\cable\test\good\007.png,2,post_concat,1.0,1,0,42.408138275146484,41.89184872857456,1.7195428596087377,0.30024814077004264,,,,
cable,good,D:\Research\research-experiments\industrial-anomaly-detection\data\mvtec_ad\cable\test\good\008.png,2,post_concat,1.0,1,0,41.59440994262695,41.89184872857456,1.7195428596087377,-0.17297550002056017,,,,
cable,good,D:\Research\research-experiments\industrial-anomaly-detection\data\mvtec_ad\cable\test\good\009.png,2,post_concat,1.0,1,0,41.096614837646484,41.89184872857456,1.7195428596087377,-0.46246819989646576,,,,
cable,good,D:\Research\research-experiments\industrial-anomaly-detection\data\mvtec_ad\cable\test\good\010.png,2,post_concat,1.0,1,0,39.299922943115234,41.89184872857456,1.7195428596087377,-1.5073342144255055,,,,
cable,good,D:\Research\research-experiments\industrial-anomaly-detection\data\mvtec_ad\cable\test\good\011.png,2,post_concat,1.0,1,0,40.08100509643555,41.89184872857456,1.7195428596087377,-1.0530959563002973,,,,
cable,good,D:\Research\research-experiments\industrial-anomaly-detection\data\mvtec_ad\cable\test\good\012.png,2,post_concat,1.0,1,0,41.71452331542969,41.89184872857456,1.7195428596087377,-0.10312357854529972,,,,
cable,good,D:\Research\research-experiments\industrial-anomaly-detection\data\mvtec_ad\cable\test\good\013.png,2,post_concat,1.0,1,0,44.202640533447266,41.89184872857456,1.7195428596087377,1.3438407725402677,,,,
cable,good,D:\Research\research-experiments\industrial-anomaly-detection\data\mvtec_ad\cable\test\good\014.png,2,post_concat,1.0,1,0,44.22240447998047,41.89184872857456,1.7195428596087377,1.3553344939225311,,,,
cable,good,D:\Research\research-experiments\industrial-anomaly-detection\data\mvtec_ad\cable\test\good\015.png,2,post_concat,1.0,1,0,42.12982177734375,41.89184872857456,1.7195428596087377,0.1383932057519867,,,,
cable,good,D:\Research\research-experiments\industrial-anomaly-detection\data\mvtec_ad\cable\test\good\016.png,2,post_concat,1.0,1,0,42.41516876220703,41.89184872857456,1.7195428596087377,0.3043367199067945,,,,
cable,good,D:\Research\research-experiments\industrial-anomaly-detection\data\mvtec_ad\cable\test\good\017.png,2,post_concat,1.0,1,0,42.80771255493164,41.89184872857456,1.7195428596087377,0.532620528321973,,,,
cable,good,D:\Research\research-experiments\industrial-anomaly-detection\data\mvtec_ad\cable\test\good\018.png,2,post_concat,1.0,1,0,42.49461364746094,41.89184872857456,1.7195428596087377,0.3505378859957764,,,,
cable,good,D:\Research\research-experiments\industrial-anomaly-detection\data\mvtec_ad\cable\test\good\019.png,2,post_concat,1.0,1,0,46.05400848388672,41.89184872857456,1.7195428596087377,2.420503642613021,,,,
cable,good,D:\Research\research-experiments\industrial-anomaly-detection\data\mvtec_ad\cable\test\good\020.png,2,post_concat,1.0,1,0,39.69908142089844,41.89184872857456,1.7195428596087377,-1.2752036364915382,,,,
cable,good,D:\Research\research-experiments\industrial-anomaly-detection\data\mvtec_ad\cable\test\good\021.png,2,post_concat,1.0,1,0,41.96604537963867,41.89184872857456,1.7195428596087377,0.043149055953741126,,,,
cable,good,D:\Research\research-experiments\industrial-anomaly-detection\data\mvtec_ad\cable\test\good\022.png,2,post_concat,1.0,1,0,40.58462142944336,41.89184872857456,1.7195428596087377,-0.7602179217729087,,,,
cable,good,D:\Research\research-experiments\industrial-anomaly-detection\data\mvtec_ad\cable\test\good\023.png,2,post_concat,1.0,1,0,40.33598709106445,41.89184872857456,1.7195428596087377,-0.9048111995673803,,,,
cable,good,D:\Research\research-experiments\industrial-anomaly-detection\data\mvtec_ad\cable\test\good\024.png,2,post_concat,1.0,1,0,42.237613677978516,41.89184872857456,1.7195428596087377,0.2010795761628367,,,,
cable,good,D:\Research\research-experiments\industrial-anomaly-detection\data\mvtec_ad\cable\test\good\025.png,2,post_concat,1.0,1,0,39.56441116333008,41.89184872857456,1.7195428596087377,-1.3535211130323686,,,,
cable,good,D:\Research\research-experiments\industrial-anomaly-detection\data\mvtec_ad\cable\test\good\026.png,2,post_concat,1.0,1,0,40.78146743774414,41.89184872857456,1.7195428596087377,-0.6457421428175815,,,,
cable,good,D:\Research\research-experiments\industrial-anomaly-detection\data\mvtec_ad\cable\test\good\027.png,2,post_concat,1.0,1,0,42.39636993408203,41.89184872857456,1.7195428596087377,0.29340426305062894,,,,
cable,good,D:\Research\research-experiments\industrial-anomaly-detection\data\mvtec_ad\cable\test\good\028.png,2,post_concat,1.0,1,0,39.76343536376953,41.89184872857456,1.7195428596087377,-1.2377786066288126,,,,
cable,good,D:\Research\research-experiments\industrial-anomaly-detection\data\mvtec_ad\cable\test\good\029.png,2,post_concat,1.0,1,0,41.045982360839844,41.89184872857456,1.7195428596087377,-0.49191351236640996,,,,
cable,good,D:\Research\research-experiments\industrial-anomaly-detection\data\mvtec_ad\cable\test\good\030.png,2,post_concat,1.0,1,0,46.53865051269531,41.89184872857456,1.7195428596087377,2.70234717218859,,,,
cable,good,D:\Research\research-experiments\industrial-anomaly-detection\data\mvtec_ad\cable\test\good\031.png,2,post_concat,1.0,1,0,42.87232971191406,41.89184872857456,1.7195428596087377,0.57019863032818,,,,
cable,good,D:\Research\research-experiments\industrial-anomaly-detection\data\mvtec_ad\cable\test\good\032.png,2,post_concat,1.0,1,0,43.2000732421875,41.89184872857456,1.7195428596087377,0.7607978517677734,,,,
cable,good,D:\Research\research-experiments\industrial-anomaly-detection\data\mvtec_ad\cable\test\good\033.png,2,post_concat,1.0,1,0,40.55451965332031,41.89184872857456,1.7195428596087377,-0.7777236070513183,,,,
cable,good,D:\Research\research-experiments\industrial-anomaly-detection\data\mvtec_ad\cable\test\good\034.png,2,post_concat,1.0,1,0,43.52886199951172,41.89184872857456,1.7195428596087377,0.9520049249075676,,,,
cable,good,D:\Research\research-experiments\industrial-anomaly-detection\data\mvtec_ad\cable\test\good\035.png,2,post_concat,1.0,1,0,42.47093963623047,41.89184872857456,1.7195428596087377,0.3367702668299154,,,,
cable,good,D:\Research\research-experiments\industrial-anomaly-detection\data\mvtec_ad\cable\test\good\036.png,2,post_concat,1.0,1,0,40.43566131591797,41.89184872857456,1.7195428596087377,-0.8468456627989653,,,,
cable,good,D:\Research\research-experiments\industrial-anomaly-detection\data\mvtec_ad\cable\test\good\037.png,2,post_concat,1.0,1,0,42.81046676635742,41.89184872857456,1.7195428596087377,0.5342222397363707,,,,
cable,good,D:\Research\research-experiments\industrial-anomaly-detection\data\mvtec_ad\cable\test\good\038.png,2,post_concat,1.0,1,0,44.207550048828125,41.89184872857456,1.7195428596087377,1.3466959007817216,,,,
cable,good,D:\Research\research-experiments\industrial-anomaly-detection\data\mvtec_ad\cable\test\good\039.png,2,post_concat,1.0,1,0,42.72294235229492,41.89184872857456,1.7195428596087377,0.4833224243735741,,,,
cable,good,D:\Research\research-experiments\industrial-anomaly-detection\data\mvtec_ad\cable\test\good\040.png,2,post_concat,1.0,1,0,41.72746276855469,41.89184872857456,1.7195428596087377,-0.09559864070923774,,,,
cable,good,D:\Research\research-experiments\industrial-anomaly-detection\data\mvtec_ad\cable\test\good\041.png,2,post_concat,1.0,1,0,42.71048355102539,41.89184872857456,1.7195428596087377,0.47607700958213,,,,
cable,good,D:\Research\research-experiments\industrial-anomaly-detection\data\mvtec_ad\cable\test\good\042.png,2,post_concat,1.0,1,0,43.389041900634766,41.89184872857456,1.7195428596087377,0.8706925586029746,,,,
cable,good,D:\Research\research-experiments\industrial-anomaly-detection\data\mvtec_ad\cable\test\good\043.png,2,post_concat,1.0,1,0,41.96988296508789,41.89184872857456,1.7195428596087377,0.04538080343695998,,,,
cable,good,D:\Research\research-experiments\industrial-anomaly-detection\data\mvtec_ad\cable\test\good\044.png,2,post_concat,1.0,1,0,42.40050506591797,41.89184872857456,1.7195428596087377,0.29580904860908747,,,,
cable,good,D:\Research\research-experiments\industrial-anomaly-detection\data\mvtec_ad\cable\test\good\045.png,2,post_concat,1.0,1,0,42.075401306152344,41.89184872857456,1.7195428596087377,0.10674498547803025,,,,
cable,good,D:\Research\research-experiments\industrial-anomaly-detection\data\mvtec_ad\cable\test\good\046.png,2,post_concat,1.0,1,0,39.30656051635742,41.89184872857456,1.7195428596087377,-1.5034741342855447,,,,
cable,good,D:\Research\research-experiments\industrial-anomaly-detection\data\mvtec_ad\cable\test\good\047.png,2,post_concat,1.0,1,0,41.41740798950195,41.89184872857456,1.7195428596087377,-0.2759109704195212,,,,
cable,good,D:\Research\research-experiments\industrial-anomaly-detection\data\mvtec_ad\cable\test\good\048.png,2,post_concat,1.0,1,0,43.465118408203125,41.89184872857456,1.7195428596087377,0.9149348449427693,,,,
cable,good,D:\Research\research-experiments\industrial-anomaly-detection\data\mvtec_ad\cable\test\good\049.png,2,post_concat,1.0,1,0,40.46543502807617,41.89184872857456,1.7195428596087377,-0.8295307630906918,,,,
cable,good,D:\Research\research-experiments\industrial-anomaly-detection\data\mvtec_ad\cable\test\good\050.png,2,post_concat,1.0,1,0,41.15418243408203,41.89184872857456,1.7195428596087377,-0.4289897692113209,,,,
cable,good,D:\Research\research-experiments\industrial-anomaly-detection\data\mvtec_ad\cable\test\good\051.png,2,post_concat,1.0,1,0,42.44367980957031,41.89184872857456,1.7195428596087377,0.32091731701373055,,,,
cable,good,D:\Research\research-experiments\industrial-anomaly-detection\data\mvtec_ad\cable\test\good\052.png,2,post_concat,1.0,1,0,39.8015022277832,41.89184872857456,1.7195428596087377,-1.2156408251824498,,,,
cable,good,D:\Research\research-experiments\industrial-anomaly-detection\data\mvtec_ad\cable\test\good\053.png,2,post_concat,1.0,1,0,40.01057434082031,41.89184872857456,1.7195428596087377,-1.0940549560842632,,,,
cable,good,D:\Research\research-experiments\industrial-anomaly-detection\data\mvtec_ad\cable\test\good\054.png,2,post_concat,1.0,1,0,42.3797721862793,41.89184872857456,1.7195428596087377,0.28375184426386435,,,,
cable,good,D:\Research\research-experiments\industrial-anomaly-detection\data\mvtec_ad\cable\test\good\055.png,2,post_concat,1.0,1,0,45.23796844482422,41.89184872857456,1.7195428596087377,1.9459356290840182,,,,
cable,good,D:\Research\research-experiments\industrial-anomaly-detection\data\mvtec_ad\cable\test\good\056.png,2,post_concat,1.0,1,0,41.33162307739258,41.89184872857456,1.7195428596087377,-0.32579917857322455,,,,
cable,good,D:\Research\research-experiments\industrial-anomaly-detection\data\mvtec_ad\cable\test\good\057.png,2,post_concat,1.0,1,0,45.984230041503906,41.89184872857456,1.7195428596087377,2.379923995532465,,,,
cable,bent_wire,D:\Research\research-experiments\industrial-anomaly-detection\data\mvtec_ad\cable\test\bent_wire\000.png,2,post_concat,1.0,0,1,58.554359436035156,41.89184872857456,1.7195428596087377,9.690081648358543,D:\Research\research-experiments\industrial-anomaly-detection\data\mvtec_ad\cable\ground_truth\bent_wire\000_mask.png,23162,0.022089004516601562,-3.8126752821831915
cable,bent_wire,D:\Research\research-experiments\industrial-anomaly-detection\data\mvtec_ad\cable\test\bent_wire\001.png,2,post_concat,1.0,0,1,63.562992095947266,41.89184872857456,1.7195428596087377,12.602851534799038,D:\Research\research-experiments\industrial-anomaly-detection\data\mvtec_ad\cable\ground_truth\bent_wire\001_mask.png,15206,0.014501571655273438,-4.233498176452484
cable,bent_wire,D:\Research\research-experiments\industrial-anomaly-detection\data\mvtec_ad\cable\test\bent_wire\002.png,2,post_concat,1.0,0,1,63.40673828125,41.89184872857456,1.7195428596087377,12.51198214249275,D:\Research\research-experiments\industrial-anomaly-detection\data\mvtec_ad\cable\ground_truth\bent_wire\002_mask.png,37083,0.03536510467529297,-3.3420296603665127
cable,bent_wire,D:\Research\research-experiments\industrial-anomaly-detection\data\mvtec_ad\cable\test\bent_wire\003.png,2,post_concat,1.0,0,1,63.05078125,41.89184872857456,1.7195428596087377,12.304975362021459,D:\Research\research-experiments\industrial-anomaly-detection\data\mvtec_ad\cable\ground_truth\bent_wire\003_mask.png,12881,0.012284278869628906,-4.399434893397962
cable,bent_wire,D:\Research\research-experiments\industrial-anomaly-detection\data\mvtec_ad\cable\test\bent_wire\004.png,2,post_concat,1.0,0,1,59.82213592529297,41.89184872857456,1.7195428596087377,10.427356955091101,D:\Research\research-experiments\industrial-anomaly-detection\data\mvtec_ad\cable\ground_truth\bent_wire\004_mask.png,32843,0.03132152557373047,-3.463449667868214
cable,bent_wire,D:\Research\research-experiments\industrial-anomaly-detection\data\mvtec_ad\cable\test\bent_wire\005.png,2,post_concat,1.0,0,1,63.02861022949219,41.89184872857456,1.7195428596087377,12.292081806979244,D:\Research\research-experiments\industrial-anomaly-detection\data\mvtec_ad\cable\ground_truth\bent_wire\005_mask.png,37738,0.03598976135253906,-3.324520760065567
cable,bent_wire,D:\Research\research-experiments\industrial-anomaly-detection\data\mvtec_ad\cable\test\bent_wire\006.png,2,post_concat,1.0,0,1,61.232994079589844,41.89184872857456,1.7195428596087377,11.247841391645302,D:\Research\research-experiments\industrial-anomaly-detection\data\mvtec_ad\cable\ground_truth\bent_wire\006_mask.png,40784,0.0388946533203125,-3.2468984588725354
cable,bent_wire,D:\Research\research-experiments\industrial-anomaly-detection\data\mvtec_ad\cable\test\bent_wire\007.png,2,post_concat,1.0,0,1,60.45000457763672,41.89184872857456,1.7195428596087377,10.79249391508907,D:\Research\research-experiments\industrial-anomaly-detection\data\mvtec_ad\cable\ground_truth\bent_wire\007_mask.png,38552,0.03676605224609375,-3.303180325679734
cable,bent_wire,D:\Research\research-experiments\industrial-anomaly-detection\data\mvtec_ad\cable\test\bent_wire\008.png,2,post_concat,1.0,0,1,55.44804382324219,41.89184872857456,1.7195428596087377,7.883604074720293,D:\Research\research-experiments\industrial-anomaly-detection\data\mvtec_ad\cable\ground_truth\bent_wire\008_mask.png,19659,0.01874828338623047,-3.9766530301530847
cable,bent_wire,D:\Research\research-experiments\industrial-anomaly-detection\data\mvtec_ad\cable\test\bent_wire\009.png,2,post_concat,1.0,0,1,68.582763671875,41.89184872857456,1.7195428596087377,15.52209925687671,D:\Research\research-experiments\industrial-anomaly-detection\data\mvtec_ad\cable\ground_truth\bent_wire\009_mask.png,38202,0.03643226623535156,-3.3123004345056297
cable,bent_wire,D:\Research\research-experiments\industrial-anomaly-detection\data\mvtec_ad\cable\test\bent_wire\010.png,2,post_concat,1.0,0,1,62.6462287902832,41.89184872857456,1.7195428596087377,12.069707914364558,D:\Research\research-experiments\industrial-anomaly-detection\data\mvtec_ad\cable\ground_truth\bent_wire\010_mask.png,38102,0.03633689880371094,-3.314921530503291
cable,bent_wire,D:\Research\research-experiments\industrial-anomaly-detection\data\mvtec_ad\cable\test\bent_wire\011.png,2,post_concat,1.0,0,1,60.872737884521484,41.89184872857456,1.7195428596087377,11.038334432830485,D:\Research\research-experiments\industrial-anomaly-detection\data\mvtec_ad\cable\ground_truth\bent_wire\011_mask.png,119231,0.1137075424194336,-2.1741255354885243
cable,bent_wire,D:\Research\research-experiments\industrial-anomaly-detection\data\mvtec_ad\cable\test\bent_wire\012.png,2,post_concat,1.0,0,1,57.84950637817383,41.89184872857456,1.7195428596087377,9.280174414047611,D:\Research\research-experiments\industrial-anomaly-detection\data\mvtec_ad\cable\ground_truth\bent_wire\012_mask.png,72366,0.06901359558105469,-2.67345174189771
cable,cable_swap,D:\Research\research-experiments\industrial-anomaly-detection\data\mvtec_ad\cable\test\cable_swap\000.png,2,post_concat,1.0,0,1,43.862205505371094,41.89184872857456,1.7195428596087377,1.1458608116606455,D:\Research\research-experiments\industrial-anomaly-detection\data\mvtec_ad\cable\ground_truth\cable_swap\000_mask.png,67133,0.06402301788330078,-2.7485125902366585
cable,cable_swap,D:\Research\research-experiments\industrial-anomaly-detection\data\mvtec_ad\cable\test\cable_swap\001.png,2,post_concat,1.0,0,1,47.050045013427734,41.89184872857456,1.7195428596087377,2.999748599477692,D:\Research\research-experiments\industrial-anomaly-detection\data\mvtec_ad\cable\ground_truth\cable_swap\001_mask.png,61514,0.05866432189941406,-2.83592352398831
cable,cable_swap,D:\Research\research-experiments\industrial-anomaly-detection\data\mvtec_ad\cable\test\cable_swap\002.png,2,post_concat,1.0,0,1,45.14984893798828,41.89184872857456,1.7195428596087377,1.8946897375707423,D:\Research\research-experiments\industrial-anomaly-detection\data\mvtec_ad\cable\ground_truth\cable_swap\002_mask.png,57103,0.054457664489746094,-2.9103316591675092
cable,cable_swap,D:\Research\research-experiments\industrial-anomaly-detection\data\mvtec_ad\cable\test\cable_swap\003.png,2,post_concat,1.0,0,1,44.25742721557617,41.89184872857456,1.7195428596087377,1.3757019627529807,D:\Research\research-experiments\industrial-anomaly-detection\data\mvtec_ad\cable\ground_truth\cable_swap\003_mask.png,59063,0.056326866149902344,-2.876583643636658
cable,cable_swap,D:\Research\research-experiments\industrial-anomaly-detection\data\mvtec_ad\cable\test\cable_swap\004.png,2,post_concat,1.0,0,1,45.16852951049805,41.89184872857456,1.7195428596087377,1.9055534228841844,D:\Research\research-experiments\industrial-anomaly-detection\data\mvtec_ad\cable\ground_truth\cable_swap\004_mask.png,55036,0.052486419677734375,-2.947200796598652
cable,cable_swap,D:\Research\research-experiments\industrial-anomaly-detection\data\mvtec_ad\cable\test\cable_swap\005.png,2,post_concat,1.0,0,1,45.110862731933594,41.89184872857456,1.7195428596087377,1.8720173128406263,D:\Research\research-experiments\industrial-anomaly-detection\data\mvtec_ad\cable\ground_truth\cable_swap\005_mask.png,65474,0.06244087219238281,-2.77353519892944
cable,cable_swap,D:\Research\research-experiments\industrial-anomaly-detection\data\mvtec_ad\cable\test\cable_swap\006.png,2,post_concat,1.0,0,1,42.2613410949707,41.89184872857456,1.7195428596087377,0.21487825344476638,D:\Research\research-experiments\industrial-anomaly-detection\data\mvtec_ad\cable\ground_truth\cable_swap\006_mask.png,67894,0.06474876403808594,-2.737240651355251
cable,cable_swap,D:\Research\research-experiments\industrial-anomaly-detection\data\mvtec_ad\cable\test\cable_swap\007.png,2,post_concat,1.0,0,1,43.6080322265625,41.89184872857456,1.7195428596087377,0.9980463635424822,D:\Research\research-experiments\industrial-anomaly-detection\data\mvtec_ad\cable\ground_truth\cable_swap\007_mask.png,63705,0.060753822326660156,-2.8009252633235553
cable,cable_swap,D:\Research\research-experiments\industrial-anomaly-detection\data\mvtec_ad\cable\test\cable_swap\008.png,2,post_concat,1.0,0,1,48.21002960205078,41.89184872857456,1.7195428596087377,3.6743375357994,D:\Research\research-experiments\industrial-anomaly-detection\data\mvtec_ad\cable\ground_truth\cable_swap\008_mask.png,61687,0.058829307556152344,-2.833115103427395
cable,cable_swap,D:\Research\research-experiments\industrial-anomaly-detection\data\mvtec_ad\cable\test\cable_swap\009.png,2,post_concat,1.0,0,1,48.6194953918457,41.89184872857456,1.7195428596087377,3.912462330134617,D:\Research\research-experiments\industrial-anomaly-detection\data\mvtec_ad\cable\ground_truth\cable_swap\009_mask.png,58211,0.05551433563232422,-2.8911139738884852
cable,cable_swap,D:\Research\research-experiments\industrial-anomaly-detection\data\mvtec_ad\cable\test\cable_swap\010.png,2,post_concat,1.0,0,1,43.84689712524414,41.89184872857456,1.7195428596087377,1.1369582245332526,D:\Research\research-experiments\industrial-anomaly-detection\data\mvtec_ad\cable\ground_truth\cable_swap\010_mask.png,60502,0.05769920349121094,-2.8525118925438706
cable,cable_swap,D:\Research\research-experiments\industrial-anomaly-detection\data\mvtec_ad\cable\test\cable_swap\011.png,2,post_concat,1.0,0,1,46.45429229736328,41.89184872857456,1.7195428596087377,2.653288659421292,D:\Research\research-experiments\industrial-anomaly-detection\data\mvtec_ad\cable\ground_truth\cable_swap\011_mask.png,51956,0.049549102783203125,-3.0047911054897316
cable,combined,D:\Research\research-experiments\industrial-anomaly-detection\data\mvtec_ad\cable\test\combined\000.png,2,post_concat,1.0,0,1,64.0978012084961,41.89184872857456,1.7195428596087377,12.913869727547382,D:\Research\research-experiments\industrial-anomaly-detection\data\mvtec_ad\cable\ground_truth\combined\000_mask.png,42321,0.040360450744628906,-3.209904890679564
cable,combined,D:\Research\research-experiments\industrial-anomaly-detection\data\mvtec_ad\cable\test\combined\001.png,2,post_concat,1.0,0,1,64.66230773925781,41.89184872857456,1.7195428596087377,13.242158451266759,D:\Research\research-experiments\industrial-anomaly-detection\data\mvtec_ad\cable\ground_truth\combined\001_mask.png,41285,0.03937244415283203,-3.2346890689489034
cable,combined,D:\Research\research-experiments\industrial-anomaly-detection\data\mvtec_ad\cable\test\combined\002.png,2,post_concat,1.0,0,1,52.886722564697266,41.89184872857456,1.7195428596087377,6.394067920252052,D:\Research\research-experiments\industrial-anomaly-detection\data\mvtec_ad\cable\ground_truth\combined\002_mask.png,23893,0.02278614044189453,-3.78160275932205
cable,combined,D:\Research\research-experiments\industrial-anomaly-detection\data\mvtec_ad\cable\test\combined\003.png,2,post_concat,1.0,0,1,64.17466735839844,41.89184872857456,1.7195428596087377,12.95857123031762,D:\Research\research-experiments\industrial-anomaly-detection\data\mvtec_ad\cable\ground_truth\combined\003_mask.png,32849,0.031327247619628906,-3.46326699722871
cable,combined,D:\Research\research-experiments\industrial-anomaly-detection\data\mvtec_ad\cable\test\combined\004.png,2,post_concat,1.0,0,1,52.136451721191406,41.89184872857456,1.7195428596087377,5.957747976661594,D:\Research\research-experiments\industrial-anomaly-detection\data\mvtec_ad\cable\ground_truth\combined\004_mask.png,49977,0.047661781311035156,-3.0436254116399084
cable,combined,D:\Research\research-experiments\industrial-anomaly-detection\data\mvtec_ad\cable\test\combined\005.png,2,post_concat,1.0,0,1,61.14453125,41.89184872857456,1.7195428596087377,11.196395840814441,D:\Research\research-experiments\industrial-anomaly-detection\data\mvtec_ad\cable\ground_truth\combined\005_mask.png,148557,0.14167499542236328,-1.9542196021788751
cable,combined,D:\Research\research-experiments\industrial-anomaly-detection\data\mvtec_ad\cable\test\combined\006.png,2,post_concat,1.0,0,1,63.71511459350586,41.89184872857456,1.7195428596087377,12.691318359983732,D:\Research\research-experiments\industrial-anomaly-detection\data\mvtec_ad\cable\ground_truth\combined\006_mask.png,94011,0.08965587615966797,-2.4117765243628666
cable,combined,D:\Research\research-experiments\industrial-anomaly-detection\data\mvtec_ad\cable\test\combined\007.png,2,post_concat,1.0,0,1,56.87881088256836,41.89184872857456,1.7195428596087377,8.715666533257515,D:\Research\research-experiments\industrial-anomaly-detection\data\mvtec_ad\cable\ground_truth\combined\007_mask.png,77899,0.07429027557373047,-2.599775202932224
cable,combined,D:\Research\research-experiments\industrial-anomaly-detection\data\mvtec_ad\cable\test\combined\008.png,2,post_concat,1.0,0,1,66.7511215209961,41.89184872857456,1.7195428596087377,14.456907923817601,D:\Research\research-experiments\industrial-anomaly-detection\data\mvtec_ad\cable\ground_truth\combined\008_mask.png,48510,0.04626274108886719,-3.0734183483439774
cable,combined,D:\Research\research-experiments\industrial-anomaly-detection\data\mvtec_ad\cable\test\combined\009.png,2,post_concat,1.0,0,1,53.05987548828125,41.89184872857456,1.7195428596087377,6.494764987857208,D:\Research\research-experiments\industrial-anomaly-detection\data\mvtec_ad\cable\ground_truth\combined\009_mask.png,92936,0.08863067626953125,-2.42327723672282
cable,combined,D:\Research\research-experiments\industrial-anomaly-detection\data\mvtec_ad\cable\test\combined\010.png,2,post_concat,1.0,0,1,57.9037971496582,41.89184872857456,1.7195428596087377,9.311747207468258,D:\Research\research-experiments\industrial-anomaly-detection\data\mvtec_ad\cable\ground_truth\combined\010_mask.png,78276,0.07464981079101562,-2.594947276218929
cable,cut_inner_insulation,D:\Research\research-experiments\industrial-anomaly-detection\data\mvtec_ad\cable\test\cut_inner_insulation\000.png,2,post_concat,1.0,0,1,51.08163070678711,41.89184872857456,1.7195428596087377,5.344316907752786,D:\Research\research-experiments\industrial-anomaly-detection\data\mvtec_ad\cable\ground_truth\cut_inner_insulation\000_mask.png,33306,0.03176307678222656,-3.4494507397975944
cable,cut_inner_insulation,D:\Research\research-experiments\industrial-anomaly-detection\data\mvtec_ad\cable\test\cut_inner_insulation\001.png,2,post_concat,1.0,0,1,56.225074768066406,41.89184872857456,1.7195428596087377,8.335486352898007,D:\Research\research-experiments\industrial-anomaly-detection\data\mvtec_ad\cable\ground_truth\cut_inner_insulation\001_mask.png,30558,0.029142379760742188,-3.5355617807719595
cable,cut_inner_insulation,D:\Research\research-experiments\industrial-anomaly-detection\data\mvtec_ad\cable\test\cut_inner_insulation\002.png,2,post_concat,1.0,0,1,48.43706130981445,41.89184872857456,1.7195428596087377,3.806367805644102,D:\Research\research-experiments\industrial-anomaly-detection\data\mvtec_ad\cable\ground_truth\cut_inner_insulation\002_mask.png,26929,0.025681495666503906,-3.6619845204527564
cable,cut_inner_insulation,D:\Research\research-experiments\industrial-anomaly-detection\data\mvtec_ad\cable\test\cut_inner_insulation\003.png,2,post_concat,1.0,0,1,53.06815719604492,41.89184872857456,1.7195428596087377,6.499581214284711,D:\Research\research-experiments\industrial-anomaly-detection\data\mvtec_ad\cable\ground_truth\cut_inner_insulation\003_mask.png,62868,0.059955596923828125,-2.8141510253236763
cable,cut_inner_insulation,D:\Research\research-experiments\industrial-anomaly-detection\data\mvtec_ad\cable\test\cut_inner_insulation\004.png,2,post_concat,1.0,0,1,61.53890609741211,41.89184872857456,1.7195428596087377,11.425744498923402,D:\Research\research-experiments\industrial-anomaly-detection\data\mvtec_ad\cable\ground_truth\cut_inner_insulation\004_mask.png,44383,0.042326927185058594,-3.162331795354217
cable,cut_inner_insulation,D:\Research\research-experiments\industrial-anomaly-detection\data\mvtec_ad\cable\test\cut_inner_insulation\005.png,2,post_concat,1.0,0,1,53.36159896850586,41.89184872857456,1.7195428596087377,6.6702322514607815,D:\Research\research-experiments\industrial-anomaly-detection\data\mvtec_ad\cable\ground_truth\cut_inner_insulation\005_mask.png,27373,0.02610492706298828,-3.645631167802856
cable,cut_inner_insulation,D:\Research\research-experiments\industrial-anomaly-detection\data\mvtec_ad\cable\test\cut_inner_insulation\006.png,2,post_concat,1.0,0,1,51.47814178466797,41.89184872857456,1.7195428596087377,5.574907890504493,D:\Research\research-experiments\industrial-anomaly-detection\data\mvtec_ad\cable\ground_truth\cut_inner_insulation\006_mask.png,19775,0.018858909606933594,-3.970769765537718
cable,cut_inner_insulation,D:\Research\research-experiments\industrial-anomaly-detection\data\mvtec_ad\cable\test\cut_inner_insulation\007.png,2,post_concat,1.0,0,1,52.16068649291992,41.89184872857456,1.7195428596087377,5.971841706046176,D:\Research\research-experiments\industrial-anomaly-detection\data\mvtec_ad\cable\ground_truth\cut_inner_insulation\007_mask.png,41070,0.03916740417480469,-3.239910378716868
cable,cut_inner_insulation,D:\Research\research-experiments\industrial-anomaly-detection\data\mvtec_ad\cable\test\cut_inner_insulation\008.png,2,post_concat,1.0,0,1,47.93793487548828,41.89184872857456,1.7195428596087377,3.516100871303342,D:\Research\research-experiments\industrial-anomaly-detection\data\mvtec_ad\cable\ground_truth\cut_inner_insulation\008_mask.png,26265,0.025048255920410156,-3.686951037887906
cable,cut_inner_insulation,D:\Research\research-experiments\industrial-anomaly-detection\data\mvtec_ad\cable\test\cut_inner_insulation\009.png,2,post_concat,1.0,0,1,51.73390579223633,41.89184872857456,1.7195428596087377,5.7236474267941295,D:\Research\research-experiments\industrial-anomaly-detection\data\mvtec_ad\cable\ground_truth\cut_inner_insulation\009_mask.png,61146,0.05831336975097656,-2.8419238679934318
cable,cut_inner_insulation,D:\Research\research-experiments\industrial-anomaly-detection\data\mvtec_ad\cable\test\cut_inner_insulation\010.png,2,post_concat,1.0,0,1,54.200191497802734,41.89184872857456,1.7195428596087377,7.157915663718204,D:\Research\research-experiments\industrial-anomaly-detection\data\mvtec_ad\cable\ground_truth\cut_inner_insulation\010_mask.png,31665,0.030198097229003906,-3.4999763291337067
cable,cut_inner_insulation,D:\Research\research-experiments\industrial-anomaly-detection\data\mvtec_ad\cable\test\cut_inner_insulation\011.png,2,post_concat,1.0,0,1,59.712669372558594,41.89184872857456,1.7195428596087377,10.363696690897813,D:\Research\research-experiments\industrial-anomaly-detection\data\mvtec_ad\cable\ground_truth\cut_inner_insulation\011_mask.png,56332,0.053722381591796875,-2.9239255562667497
cable,cut_inner_insulation,D:\Research\research-experiments\industrial-anomaly-detection\data\mvtec_ad\cable\test\cut_inner_insulation\012.png,2,post_concat,1.0,0,1,50.773441314697266,41.89184872857456,1.7195428596087377,5.165089393668043,D:\Research\research-experiments\industrial-anomaly-detection\data\mvtec_ad\cable\ground_truth\cut_inner_insulation\012_mask.png,103750,0.09894371032714844,-2.313204162999205
cable,cut_inner_insulation,D:\Research\research-experiments\industrial-anomaly-detection\data\mvtec_ad\cable\test\cut_inner_insulation\013.png,2,post_concat,1.0,0,1,56.98594284057617,41.89184872857456,1.7195428596087377,8.777969114091231,D:\Research\research-experiments\industrial-anomaly-detection\data\mvtec_ad\cable\ground_truth\cut_inner_insulation\013_mask.png,29743,0.028365135192871094,-3.5625944867742345
cable,cut_outer_insulation,D:\Research\research-experiments\industrial-anomaly-detection\data\mvtec_ad\cable\test\cut_outer_insulation\000.png,2,post_concat,1.0,0,1,55.573116302490234,41.89184872857456,1.7195428596087377,7.956339964116214,D:\Research\research-experiments\industrial-anomaly-detection\data\mvtec_ad\cable\ground_truth\cut_outer_insulation\000_mask.png,23454,0.022367477416992188,-3.800147231470129
cable,cut_outer_insulation,D:\Research\research-experiments\industrial-anomaly-detection\data\mvtec_ad\cable\test\cut_outer_insulation\001.png,2,post_concat,1.0,0,1,55.146663665771484,41.89184872857456,1.7195428596087377,7.708336470434303,D:\Research\research-experiments\industrial-anomaly-detection\data\mvtec_ad\cable\ground_truth\cut_outer_insulation\001_mask.png,7513,0.007164955139160156,-4.93855333926154
cable,cut_outer_insulation,D:\Research\research-experiments\industrial-anomaly-detection\data\mvtec_ad\cable\test\cut_outer_insulation\002.png,2,post_concat,1.0,0,1,48.534671783447266,41.89184872857456,1.7195428596087377,3.8631331680701497,D:\Research\research-experiments\industrial-anomaly-detection\data\mvtec_ad\cable\ground_truth\cut_outer_insulation\002_mask.png,14604,0.013927459716796875,-4.273892796622778
cable,cut_outer_insulation,D:\Research\research-experiments\industrial-anomaly-detection\data\mvtec_ad\cable\test\cut_outer_insulation\003.png,2,post_concat,1.0,0,1,47.054969787597656,41.89184872857456,1.7195428596087377,3.002612601466594,D:\Research\research-experiments\industrial-anomaly-detection\data\mvtec_ad\cable\ground_truth\cut_outer_insulation\003_mask.png,7697,0.007340431213378906,-4.914357553432819
cable,cut_outer_insulation,D:\Research\research-experiments\industrial-anomaly-detection\data\mvtec_ad\cable\test\cut_outer_insulation\004.png,2,post_concat,1.0,0,1,43.33038330078125,41.89184872857456,1.7195428596087377,0.8365796549752843,D:\Research\research-experiments\industrial-anomaly-detection\data\mvtec_ad\cable\ground_truth\cut_outer_insulation\004_mask.png,24050,0.022935867309570312,-3.775053292065166
cable,cut_outer_insulation,D:\Research\research-experiments\industrial-anomaly-detection\data\mvtec_ad\cable\test\cut_outer_insulation\005.png,2,post_concat,1.0,0,1,56.28891372680664,41.89184872857456,1.7195428596087377,8.372611893784358,D:\Research\research-experiments\industrial-anomaly-detection\data\mvtec_ad\cable\ground_truth\cut_outer_insulation\005_mask.png,4647,0.004431724548339844,-5.418966256468161
cable,cut_outer_insulation,D:\Research\research-experiments\industrial-anomaly-detection\data\mvtec_ad\cable\test\cut_outer_insulation\006.png,2,post_concat,1.0,0,1,50.78880310058594,41.89184872857456,1.7195428596087377,5.174023038911504,D:\Research\research-experiments\industrial-anomaly-detection\data\mvtec_ad\cable\ground_truth\cut_outer_insulation\006_mask.png,11710,0.011167526245117188,-4.494745065061801
cable,cut_outer_insulation,D:\Research\research-experiments\industrial-anomaly-detection\data\mvtec_ad\cable\test\cut_outer_insulation\007.png,2,post_concat,1.0,0,1,46.5999870300293,41.89184872857456,1.7195428596087377,2.738017418493437,D:\Research\research-experiments\industrial-anomaly-detection\data\mvtec_ad\cable\ground_truth\cut_outer_insulation\007_mask.png,21941,0.02092456817626953,-3.866831251766246
cable,cut_outer_insulation,D:\Research\research-experiments\industrial-anomaly-detection\data\mvtec_ad\cable\test\cut_outer_insulation\008.png,2,post_concat,1.0,0,1,44.02008819580078,41.89184872857456,1.7195428596087377,1.237677476507029,D:\Research\research-experiments\industrial-anomaly-detection\data\mvtec_ad\cable\ground_truth\cut_outer_insulation\008_mask.png,35537,0.033890724182128906,-3.3846138954767726
cable,cut_outer_insulation,D:\Research\research-experiments\industrial-anomaly-detection\data\mvtec_ad\cable\test\cut_outer_insulation\009.png,2,post_concat,1.0,0,1,49.255027770996094,41.89184872857456,1.7195428596087377,4.2820561297884385,D:\Research\research-experiments\industrial-anomaly-detection\data\mvtec_ad\cable\ground_truth\cut_outer_insulation\009_mask.png,10318,0.009840011596679688,-4.62129828776842
cable,missing_cable,D:\Research\research-experiments\industrial-anomaly-detection\data\mvtec_ad\cable\test\missing_cable\000.png,2,post_concat,1.0,0,1,61.210166931152344,41.89184872857456,1.7195428596087377,11.234566265462815,D:\Research\research-experiments\industrial-anomaly-detection\data\mvtec_ad\cable\ground_truth\missing_cable\000_mask.png,74489,0.07103824615478516,-2.6445368546625256
cable,missing_cable,D:\Research\research-experiments\industrial-anomaly-detection\data\mvtec_ad\cable\test\missing_cable\001.png,2,post_concat,1.0,0,1,59.66794204711914,41.89184872857456,1.7195428596087377,10.337685518690316,D:\Research\research-experiments\industrial-anomaly-detection\data\mvtec_ad\cable\ground_truth\missing_cable\001_mask.png,71763,0.06843852996826172,-2.681819294708357
cable,missing_cable,D:\Research\research-experiments\industrial-anomaly-detection\data\mvtec_ad\cable\test\missing_cable\002.png,2,post_concat,1.0,0,1,62.04460906982422,41.89184872857456,1.7195428596087377,11.71983601841433,D:\Research\research-experiments\industrial-anomaly-detection\data\mvtec_ad\cable\ground_truth\missing_cable\002_mask.png,69188,0.06598281860351562,-2.718360879879632
cable,missing_cable,D:\Research\research-experiments\industrial-anomaly-detection\data\mvtec_ad\cable\test\missing_cable\003.png,2,post_concat,1.0,0,1,60.54650115966797,41.89184872857456,1.7195428596087377,10.8486114939514,D:\Research\research-experiments\industrial-anomaly-detection\data\mvtec_ad\cable\ground_truth\missing_cable\003_mask.png,74858,0.07139015197753906,-2.639595332627382
cable,missing_cable,D:\Research\research-experiments\industrial-anomaly-detection\data\mvtec_ad\cable\test\missing_cable\004.png,2,post_concat,1.0,0,1,56.06165313720703,41.89184872857456,1.7195428596087377,8.240448517727932,D:\Research\research-experiments\industrial-anomaly-detection\data\mvtec_ad\cable\ground_truth\missing_cable\004_mask.png,77885,0.07427692413330078,-2.5999549389750687
cable,missing_cable,D:\Research\research-experiments\industrial-anomaly-detection\data\mvtec_ad\cable\test\missing_cable\005.png,2,post_concat,1.0,0,1,62.637733459472656,41.89184872857456,1.7195428596087377,12.06476745547278,D:\Research\research-experiments\industrial-anomaly-detection\data\mvtec_ad\cable\ground_truth\missing_cable\005_mask.png,70780,0.06750106811523438,-2.6956118424848716
cable,missing_cable,D:\Research\research-experiments\industrial-anomaly-detection\data\mvtec_ad\cable\test\missing_cable\006.png,2,post_concat,1.0,0,1,54.314273834228516,41.89184872857456,1.7195428596087377,7.224260236514569,D:\Research\research-experiments\industrial-anomaly-detection\data\mvtec_ad\cable\ground_truth\missing_cable\006_mask.png,236776,0.22580718994140625,-1.4880737812661082
cable,missing_cable,D:\Research\research-experiments\industrial-anomaly-detection\data\mvtec_ad\cable\test\missing_cable\007.png,2,post_concat,1.0,0,1,55.75098419189453,41.89184872857456,1.7195428596087377,8.05977901968286,D:\Research\research-experiments\industrial-anomaly-detection\data\mvtec_ad\cable\ground_truth\missing_cable\007_mask.png,158927,0.1515645980834961,-1.8867433483231728
cable,missing_cable,D:\Research\research-experiments\industrial-anomaly-detection\data\mvtec_ad\cable\test\missing_cable\008.png,2,post_concat,1.0,0,1,56.2203483581543,41.89184872857456,1.7195428596087377,8.332737709625933,D:\Research\research-experiments\industrial-anomaly-detection\data\mvtec_ad\cable\ground_truth\missing_cable\008_mask.png,144175,0.1374959945678711,-1.9841604854423538
cable,missing_cable,D:\Research\research-experiments\industrial-anomaly-detection\data\mvtec_ad\cable\test\missing_cable\009.png,2,post_concat,1.0,0,1,55.32272720336914,41.89184872857456,1.7195428596087377,7.810726205365201,D:\Research\research-experiments\industrial-anomaly-detection\data\mvtec_ad\cable\ground_truth\missing_cable\009_mask.png,151277,0.14426898956298828,-1.9360757319090696
cable,missing_cable,D:\Research\research-experiments\industrial-anomaly-detection\data\mvtec_ad\cable\test\missing_cable\010.png,2,post_concat,1.0,0,1,61.35255813598633,41.89184872857456,1.7195428596087377,11.317373858212427,D:\Research\research-experiments\industrial-anomaly-detection\data\mvtec_ad\cable\ground_truth\missing_cable\010_mask.png,84372,0.08046340942382812,-2.5199527267837354
cable,missing_cable,D:\Research\research-experiments\industrial-anomaly-detection\data\mvtec_ad\cable\test\missing_cable\011.png,2,post_concat,1.0,0,1,60.378013610839844,41.89184872857456,1.7195428596087377,10.750627574628528,D:\Research\research-experiments\industrial-anomaly-detection\data\mvtec_ad\cable\ground_truth\missing_cable\011_mask.png,77245,0.07366657257080078,-2.608206129878078
cable,missing_wire,D:\Research\research-experiments\industrial-anomaly-detection\data\mvtec_ad\cable\test\missing_wire\000.png,2,post_concat,1.0,0,1,49.029335021972656,41.89184872857456,1.7195428596087377,4.150804531282315,D:\Research\research-experiments\industrial-anomaly-detection\data\mvtec_ad\cable\ground_truth\missing_wire\000_mask.png,24951,0.023795127868652344,-3.7382743886367003
cable,missing_wire,D:\Research\research-experiments\industrial-anomaly-detection\data\mvtec_ad\cable\test\missing_wire\001.png,2,post_concat,1.0,0,1,53.11637496948242,41.89184872857456,1.7195428596087377,6.52762225622098,D:\Research\research-experiments\industrial-anomaly-detection\data\mvtec_ad\cable\ground_truth\missing_wire\001_mask.png,16616,0.01584625244140625,-4.144822182536556
cable,missing_wire,D:\Research\research-experiments\industrial-anomaly-detection\data\mvtec_ad\cable\test\missing_wire\002.png,2,post_concat,1.0,0,1,53.8846435546875,41.89184872857456,1.7195428596087377,6.974408784926574,D:\Research\research-experiments\industrial-anomaly-detection\data\mvtec_ad\cable\ground_truth\missing_wire\002_mask.png,15156,0.014453887939453125,-4.2367917698748805
cable,missing_wire,D:\Research\research-experiments\industrial-anomaly-detection\data\mvtec_ad\cable\test\missing_wire\003.png,2,post_concat,1.0,0,1,57.445133209228516,41.89184872857456,1.7195428596087377,9.045011232923226,D:\Research\research-experiments\industrial-anomaly-detection\data\mvtec_ad\cable\ground_truth\missing_wire\003_mask.png,40701,0.03881549835205078,-3.248935644282583
cable,missing_wire,D:\Research\research-experiments\industrial-anomaly-detection\data\mvtec_ad\cable\test\missing_wire\004.png,2,post_concat,1.0,0,1,54.670433044433594,41.89184872857456,1.7195428596087377,7.431384594139547,D:\Research\research-experiments\industrial-anomaly-detection\data\mvtec_ad\cable\ground_truth\missing_wire\004_mask.png,38640,0.0368499755859375,-3.300900295735392
cable,missing_wire,D:\Research\research-experiments\industrial-anomaly-detection\data\mvtec_ad\cable\test\missing_wire\005.png,2,post_concat,1.0,0,1,58.16560363769531,41.89184872857456,1.7195428596087377,9.464000747747376,D:\Research\research-experiments\industrial-anomaly-detection\data\mvtec_ad\cable\ground_truth\missing_wire\005_mask.png,18712,0.01784515380859375,-4.02602324689727
cable,missing_wire,D:\Research\research-experiments\industrial-anomaly-detection\data\mvtec_ad\cable\test\missing_wire\006.png,2,post_concat,1.0,0,1,53.597938537597656,41.89184872857456,1.7195428596087377,6.807675507248877,D:\Research\research-experiments\industrial-anomaly-detection\data\mvtec_ad\cable\ground_truth\missing_wire\006_mask.png,18399,0.017546653747558594,-4.042891959913891
cable,missing_wire,D:\Research\research-experiments\industrial-anomaly-detection\data\mvtec_ad\cable\test\missing_wire\007.png,2,post_concat,1.0,0,1,52.726806640625,41.89184872857456,1.7195428596087377,6.301068828558197,D:\Research\research-experiments\industrial-anomaly-detection\data\mvtec_ad\cable\ground_truth\missing_wire\007_mask.png,18838,0.017965316772460938,-4.019312170153336
cable,missing_wire,D:\Research\research-experiments\industrial-anomaly-detection\data\mvtec_ad\cable\test\missing_wire\008.png,2,post_concat,1.0,0,1,56.85012435913086,41.89184872857456,1.7195428596087377,8.698983888054926,D:\Research\research-experiments\industrial-anomaly-detection\data\mvtec_ad\cable\ground_truth\missing_wire\008_mask.png,18820,0.017948150634765625,-4.0202681423434905
cable,missing_wire,D:\Research\research-experiments\industrial-anomaly-detection\data\mvtec_ad\cable\test\missing_wire\009.png,2,post_concat,1.0,0,1,57.7192268371582,41.89184872857456,1.7195428596087377,9.204410358334997,D:\Research\research-experiments\industrial-anomaly-detection\data\mvtec_ad\cable\ground_truth\missing_wire\009_mask.png,20485,0.01953601837158203,-3.935495370030433
cable,poke_insulation,D:\Research\research-experiments\industrial-anomaly-detection\data\mvtec_ad\cable\test\poke_insulation\000.png,2,post_concat,1.0,0,1,48.343379974365234,41.89184872857456,1.7195428596087377,3.751887433185962,D:\Research\research-experiments\industrial-anomaly-detection\data\mvtec_ad\cable\ground_truth\poke_insulation\000_mask.png,8620,0.008220672607421875,-4.801103125896628
cable,poke_insulation,D:\Research\research-experiments\industrial-anomaly-detection\data\mvtec_ad\cable\test\poke_insulation\001.png,2,post_concat,1.0,0,1,48.56967544555664,41.89184872857456,1.7195428596087377,3.883489544716289,D:\Research\research-experiments\industrial-anomaly-detection\data\mvtec_ad\cable\ground_truth\poke_insulation\001_mask.png,31427,0.02997112274169922,-3.507520902804313
cable,poke_insulation,D:\Research\research-experiments\industrial-anomaly-detection\data\mvtec_ad\cable\test\poke_insulation\002.png,2,post_concat,1.0,0,1,42.60253143310547,41.89184872857456,1.7195428596087377,0.413297464823074,D:\Research\research-experiments\industrial-anomaly-detection\data\mvtec_ad\cable\ground_truth\poke_insulation\002_mask.png,1506,0.0014362335205078125,-6.5457305065737055
cable,poke_insulation,D:\Research\research-experiments\industrial-anomaly-detection\data\mvtec_ad\cable\test\poke_insulation\003.png,2,post_concat,1.0,0,1,43.96586608886719,41.89184872857456,1.7195428596087377,1.2061446149498989,D:\Research\research-experiments\industrial-anomaly-detection\data\mvtec_ad\cable\ground_truth\poke_insulation\003_mask.png,13376,0.01275634765625,-4.361726197482082
cable,poke_insulation,D:\Research\research-experiments\industrial-anomaly-detection\data\mvtec_ad\cable\test\poke_insulation\004.png,2,post_concat,1.0,0,1,43.86452102661133,41.89184872857456,1.7195428596087377,1.1472074028359076,D:\Research\research-experiments\industrial-anomaly-detection\data\mvtec_ad\cable\ground_truth\poke_insulation\004_mask.png,31573,0.03011035919189453,-3.502885974026185
cable,poke_insulation,D:\Research\research-experiments\industrial-anomaly-detection\data\mvtec_ad\cable\test\poke_insulation\005.png,2,post_concat,1.0,0,1,49.94561767578125,41.89184872857456,1.7195428596087377,4.683668628672178,D:\Research\research-experiments\industrial-anomaly-detection\data\mvtec_ad\cable\ground_truth\poke_insulation\005_mask.png,6611,0.006304740905761719,-5.06645324525454
cable,poke_insulation,D:\Research\research-experiments\industrial-anomaly-detection\data\mvtec_ad\cable\test\poke_insulation\006.png,2,post_concat,1.0,0,1,46.29387283325195,41.89184872857456,1.7195428596087377,2.559996734061648,D:\Research\research-experiments\industrial-anomaly-detection\data\mvtec_ad\cable\ground_truth\poke_insulation\006_mask.png,27740,0.026454925537109375,-3.63231287952994
cable,poke_insulation,D:\Research\research-experiments\industrial-anomaly-detection\data\mvtec_ad\cable\test\poke_insulation\007.png,2,post_concat,1.0,0,1,46.664466857910156,41.89184872857456,1.7195428596087377,2.77551565677261,D:\Research\research-experiments\industrial-anomaly-detection\data\mvtec_ad\cable\ground_truth\poke_insulation\007_mask.png,51028,0.048664093017578125,-3.022813809991694
cable,poke_insulation,D:\Research\research-experiments\industrial-anomaly-detection\data\mvtec_ad\cable\test\poke_insulation\008.png,2,post_concat,1.0,0,1,50.09328842163086,41.89184872857456,1.7195428596087377,4.769546538038862,D:\Research\research-experiments\industrial-anomaly-detection\data\mvtec_ad\cable\ground_truth\poke_insulation\008_mask.png,41654,0.03972434997558594,-3.2257909046264683
cable,poke_insulation,D:\Research\research-experiments\industrial-anomaly-detection\data\mvtec_ad\cable\test\poke_insulation\009.png,2,post_concat,1.0,0,1,45.806949615478516,41.89184872857456,1.7195428596087377,2.2768265792425746,D:\Research\research-experiments\industrial-anomaly-detection\data\mvtec_ad\cable\ground_truth\poke_insulation\009_mask.png,37053,0.03533649444580078,-3.3428389837934276
