category,defect_type,image_path,seed,alpha,is_good,gt_label,anomaly_score,good_mean,good_std,z_score,mask_path,area_pixels,area_ratio,log_area_ratio
hazelnut,good,D:\Research\research-experiments\industrial-anomaly-detection\data\mvtec_ad\hazelnut\test\good\000.png,2,0.0,1,0,39.34086990356445,38.8098801612854,1.6992554857273114,0.3124837593516911,,,,
hazelnut,good,D:\Research\research-experiments\industrial-anomaly-detection\data\mvtec_ad\hazelnut\test\good\001.png,2,0.0,1,0,39.67939758300781,38.8098801612854,1.6992554857273114,0.5117049372656547,,,,
hazelnut,good,D:\Research\research-experiments\industrial-anomaly-detection\data\mvtec_ad\hazelnut\test\good\002.png,2,0.0,1,0,37.971961975097656,38.8098801612854,1.6992554857273114,-0.4931090075775738,,,,
hazelnut,good,D:\Research\research-experiments\industrial-anomaly-detection\data\mvtec_ad\hazelnut\test\good\003.png,2,0.0,1,0,36.17526626586914,38.8098801612854,1.6992554857273114,-1.5504518994026357,,,,
hazelnut,good,D:\Research\research-experiments\industrial-anomaly-detection\data\mvtec_ad\hazelnut\test\good\004.png,2,0.0,1,0,37.51480484008789,38.8098801612854,1.6992554857273114,-0.7621427925790648,,,,
hazelnut,good,D:\Research\research-experiments\industrial-anomaly-detection\data\mvtec_ad\hazelnut\test\good\005.png,2,0.0,1,0,42.692962646484375,38.8098801612854,1.6992554857273114,2.285166955654669,,,,
hazelnut,good,D:\Research\research-experiments\industrial-anomaly-detection\data\mvtec_ad\hazelnut\test\good\006.png,2,0.0,1,0,37.1105842590332,38.8098801612854,1.6992554857273114,-1.0000237848429643,,,,
hazelnut,good,D:\Research\research-experiments\industrial-anomaly-detection\data\mvtec_ad\hazelnut\test\good\007.png,2,0.0,1,0,39.48079299926758,38.8098801612854,1.6992554857273114,0.3948275251234611,,,,
hazelnut,good,D:\Research\research-experiments\industrial-anomaly-detection\data\mvtec_ad\hazelnut\test\good\008.png,2,0.0,1,0,39.430625915527344,38.8098801612854,1.6992554857273114,0.3653045462885498,,,,
hazelnut,good,D:\Research\research-experiments\industrial-anomaly-detection\data\mvtec_ad\hazelnut\test\good\009.png,2,0.0,1,0,38.52495574951172,38.8098801612854,1.6992554857273114,-0.1676760288060671,,,,
hazelnut,good,D:\Research\research-experiments\industrial-anomaly-detection\data\mvtec_ad\hazelnut\test\good\010.png,2,0.0,1,0,38.419464111328125,38.8098801612854,1.6992554857273114,-0.22975712200815346,,,,
hazelnut,good,D:\Research\research-experiments\industrial-anomaly-detection\data\mvtec_ad\hazelnut\test\good\011.png,2,0.0,1,0,38.93441390991211,38.8098801612854,1.6992554857273114,0.07328724236744645,,,,
hazelnut,good,D:\Research\research-experiments\industrial-anomaly-detection\data\mvtec_ad\hazelnut\test\good\012.png,2,0.0,1,0,39.708946228027344,38.8098801612854,1.6992554857273114,0.5290941087397041,,,,
hazelnut,good,D:\Research\research-experiments\industrial-anomaly-detection\data\mvtec_ad\hazelnut\test\good\013.png,2,0.0,1,0,42.18754577636719,38.8098801612854,1.6992554857273114,1.9877326531837487,,,,
hazelnut,good,D:\Research\research-experiments\industrial-anomaly-detection\data\mvtec_ad\hazelnut\test\good\014.png,2,0.0,1,0,39.561805725097656,38.8098801612854,1.6992554857273114,0.4425029491609496,,,,
hazelnut,good,D:\Research\research-experiments\industrial-anomaly-detection\data\mvtec_ad\hazelnut\test\good\015.png,2,0.0,1,0,36.53118896484375,38.8098801612854,1.6992554857273114,-1.340993873835475,,,,
hazelnut,good,D:\Research\research-experiments\industrial-anomaly-detection\data\mvtec_ad\hazelnut\test\good\016.png,2,0.0,1,0,36.23635482788086,38.8098801612854,1.6992554857273114,-1.5145017067889737,,,,
hazelnut,good,D:\Research\research-experiments\industrial-anomaly-detection\data\mvtec_ad\hazelnut\test\good\017.png,2,0.0,1,0,40.06293487548828,38.8098801612854,1.6992554857273114,0.737413958482266,,,,
hazelnut,good,D:\Research\research-experiments\industrial-anomaly-detection\data\mvtec_ad\hazelnut\test\good\018.png,2,0.0,1,0,39.00537109375,38.8098801612854,1.6992554857273114,0.11504505008611313,,,,
hazelnut,good,D:\Research\research-experiments\industrial-anomaly-detection\data\mvtec_ad\hazelnut\test\good\019.png,2,0.0,1,0,38.990234375,38.8098801612854,1.6992554857273114,0.10613719668964684,,,,
hazelnut,good,D:\Research\research-experiments\industrial-anomaly-detection\data\mvtec_ad\hazelnut\test\good\020.png,2,0.0,1,0,40.56666946411133,38.8098801612854,1.6992554857273114,1.033858250028831,,,,
hazelnut,good,D:\Research\research-experiments\industrial-anomaly-detection\data\mvtec_ad\hazelnut\test\good\021.png,2,0.0,1,0,36.00167465209961,38.8098801612854,1.6992554857273114,-1.6526093531978965,,,,
hazelnut,good,D:\Research\research-experiments\industrial-anomaly-detection\data\mvtec_ad\hazelnut\test\good\022.png,2,0.0,1,0,39.19384765625,38.8098801612854,1.6992554857273114,0.22596219237759657,,,,
hazelnut,good,D:\Research\research-experiments\industrial-anomaly-detection\data\mvtec_ad\hazelnut\test\good\023.png,2,0.0,1,0,37.86048889160156,38.8098801612854,1.6992554857273114,-0.5587101396218122,,,,
hazelnut,good,D:\Research\research-experiments\industrial-anomaly-detection\data\mvtec_ad\hazelnut\test\good\024.png,2,0.0,1,0,39.74508285522461,38.8098801612854,1.6992554857273114,0.5503602617701288,,,,
hazelnut,good,D:\Research\research-experiments\industrial-anomaly-detection\data\mvtec_ad\hazelnut\test\good\025.png,2,0.0,1,0,36.3589973449707,38.8098801612854,1.6992554857273114,-1.4423274409884719,,,,
hazelnut,good,D:\Research\research-experiments\industrial-anomaly-detection\data\mvtec_ad\hazelnut\test\good\026.png,2,0.0,1,0,37.194793701171875,38.8098801612854,1.6992554857273114,-0.9504671155569278,,,,
hazelnut,good,D:\Research\research-experiments\industrial-anomaly-detection\data\mvtec_ad\hazelnut\test\good\027.png,2,0.0,1,0,39.8101921081543,38.8098801612854,1.6992554857273114,0.5886766029422272,,,,
hazelnut,good,D:\Research\research-experiments\industrial-anomaly-detection\data\mvtec_ad\hazelnut\test\good\028.png,2,0.0,1,0,37.514286041259766,38.8098801612854,1.6992554857273114,-0.762448102070476,,,,
hazelnut,good,D:\Research\research-experiments\industrial-anomaly-detection\data\mvtec_ad\hazelnut\test\good\029.png,2,0.0,1,0,38.42658996582031,38.8098801612854,1.6992554857273114,-0.2255636063467122,,,,
hazelnut,good,D:\Research\research-experiments\industrial-anomaly-detection\data\mvtec_ad\hazelnut\test\good\030.png,2,0.0,1,0,36.15027618408203,38.8098801612854,1.6992554857273114,-1.5651583882131828,,,,
hazelnut,good,D:\Research\research-experiments\industrial-anomaly-detection\data\mvtec_ad\hazelnut\test\good\031.png,2,0.0,1,0,39.714317321777344,38.8098801612854,1.6992554857273114,0.5322549599449018,,,,
hazelnut,good,D:\Research\research-experiments\industrial-anomaly-detection\data\mvtec_ad\hazelnut\test\good\032.png,2,0.0,1,0,40.522430419921875,38.8098801612854,1.6992554857273114,1.007823881117838,,,,
hazelnut,good,D:\Research\research-experiments\industrial-anomaly-detection\data\mvtec_ad\hazelnut\test\good\033.png,2,0.0,1,0,37.95504379272461,38.8098801612854,1.6992554857273114,-0.5030652398894004,,,,
hazelnut,good,D:\Research\research-experiments\industrial-anomaly-detection\data\mvtec_ad\hazelnut\test\good\034.png,2,0.0,1,0,38.852237701416016,38.8098801612854,1.6992554857273114,0.0249271168970138,,,,
hazelnut,good,D:\Research\research-experiments\industrial-anomaly-detection\data\mvtec_ad\hazelnut\test\good\035.png,2,0.0,1,0,36.84046936035156,38.8098801612854,1.6992554857273114,-1.1589845184998144,,,,
hazelnut,good,D:\Research\research-experiments\industrial-anomaly-detection\data\mvtec_ad\hazelnut\test\good\036.png,2,0.0,1,0,40.00813674926758,38.8098801612854,1.6992554857273114,0.705165643451964,,,,
hazelnut,good,D:\Research\research-experiments\industrial-anomaly-detection\data\mvtec_ad\hazelnut\test\good\037.png,2,0.0,1,0,41.99811553955078,38.8098801612854,1.6992554857273114,1.8762542802095243,,,,
hazelnut,good,D:\Research\research-experiments\industrial-anomaly-detection\data\mvtec_ad\hazelnut\test\good\038.png,2,0.0,1,0,38.95102310180664,38.8098801612854,1.6992554857273114,0.08306163593806494,,,,
hazelnut,good,D:\Research\research-experiments\industrial-anomaly-detection\data\mvtec_ad\hazelnut\test\good\039.png,2,0.0,1,0,41.17005157470703,38.8098801612854,1.6992554857273114,1.3889444131536448,,,,
hazelnut,crack,D:\Research\research-experiments\industrial-anomaly-detection\data\mvtec_ad\hazelnut\test\crack\000.png,2,0.0,0,1,60.10118103027344,38.8098801612854,1.6992554857273114,12.52978204150095,D:\Research\research-experiments\industrial-anomaly-detection\data\mvtec_ad\hazelnut\ground_truth\crack\000_mask.png,66262,0.06319236755371094,-2.7615717358527037
hazelnut,crack,D:\Research\research-experiments\industrial-anomaly-detection\data\mvtec_ad\hazelnut\test\crack\001.png,2,0.0,0,1,57.71804428100586,38.8098801612854,1.6992554857273114,11.127322688399286,D:\Research\research-experiments\industrial-anomaly-detection\data\mvtec_ad\hazelnut\ground_truth\crack\001_mask.png,66479,0.0633993148803711,-2.758302208127599
hazelnut,crack,D:\Research\research-experiments\industrial-anomaly-detection\data\mvtec_ad\hazelnut\test\crack\002.png,2,0.0,0,1,53.08472442626953,38.8098801612854,1.6992554857273114,8.400646274138257,D:\Research\research-experiments\industrial-anomaly-detection\data\mvtec_ad\hazelnut\ground_truth\crack\002_mask.png,13434,0.012811660766601562,-4.3573994473182065
hazelnut,crack,D:\Research\research-experiments\industrial-anomaly-detection\data\mvtec_ad\hazelnut\test\crack\003.png,2,0.0,0,1,58.42599105834961,38.8098801612854,1.6992554857273114,11.543944428502561,D:\Research\research-experiments\industrial-anomaly-detection\data\mvtec_ad\hazelnut\ground_truth\crack\003_mask.png,22632,0.02158355712890625,-3.8358234518859384
hazelnut,crack,D:\Research\research-experiments\industrial-anomaly-detection\data\mvtec_ad\hazelnut\test\crack\004.png,2,0.0,0,1,59.00290298461914,38.8098801612854,1.6992554857273114,11.883453072797215,D:\Research\research-experiments\industrial-anomaly-detection\data\mvtec_ad\hazelnut\ground_truth\crack\004_mask.png,28420,0.027103424072265625,-3.608095172652108
hazelnut,crack,D:\Research\research-experiments\industrial-anomaly-detection\data\mvtec_ad\hazelnut\test\crack\005.png,2,0.0,0,1,57.460384368896484,38.8098801612854,1.6992554857273114,10.975691627459033,D:\Research\research-experiments\industrial-anomaly-detection\data\mvtec_ad\hazelnut\ground_truth\crack\005_mask.png,16317,0.015561103820800781,-4.162980758845045
hazelnut,crack,D:\Research\research-experiments\industrial-anomaly-detection\data\mvtec_ad\hazelnut\test\crack\006.png,2,0.0,0,1,59.26887893676758,38.8098801612854,1.6992554857273114,12.039978065290969,D:\Research\research-experiments\industrial-anomaly-detection\data\mvtec_ad\hazelnut\ground_truth\crack\006_mask.png,42808,0.04082489013671875,-3.198463306712905
hazelnut,crack,D:\Research\research-experiments\industrial-anomaly-detection\data\mvtec_ad\hazelnut\test\crack\007.png,2,0.0,0,1,56.90809631347656,38.8098801612854,1.6992554857273114,10.650673959392755,D:\Research\research-experiments\industrial-anomaly-detection\data\mvtec_ad\hazelnut\ground_truth\crack\007_mask.png,234892,0.22401046752929688,-1.4960624937133307
hazelnut,crack,D:\Research\research-experiments\industrial-anomaly-detection\data\mvtec_ad\hazelnut\test\crack\008.png,2,0.0,0,1,62.4080924987793,38.8098801612854,1.6992554857273114,13.887383348592484,D:\Research\research-experiments\industrial-anomaly-detection\data\mvtec_ad\hazelnut\ground_truth\crack\008_mask.png,146408,0.13962554931640625,-1.968791080211775
hazelnut,crack,D:\Research\research-experiments\industrial-anomaly-detection\data\mvtec_ad\hazelnut\test\crack\009.png,2,0.0,0,1,56.46226119995117,38.8098801612854,1.6992554857273114,10.388303105056766,D:\Research\research-experiments\industrial-anomaly-detection\data\mvtec_ad\hazelnut\ground_truth\crack\009_mask.png,251942,0.24027061462402344,-1.4259894257641161
hazelnut,crack,D:\Research\research-experiments\industrial-anomaly-detection\data\mvtec_ad\hazelnut\test\crack\010.png,2,0.0,0,1,54.715335845947266,38.8098801612854,1.6992554857273114,9.360249720102596,D:\Research\research-experiments\industrial-anomaly-detection\data\mvtec_ad\hazelnut\ground_truth\crack\010_mask.png,290021,0.27658557891845703,-1.2852349944493806
hazelnut,crack,D:\Research\research-experiments\industrial-anomaly-detection\data\mvtec_ad\hazelnut\test\crack\011.png,2,0.0,0,1,63.93535232543945,38.8098801612854,1.6992554857273114,14.786165103006807,D:\Research\research-experiments\industrial-anomaly-detection\data\mvtec_ad\hazelnut\ground_truth\crack\011_mask.png,80208,0.0764923095703125,-2.570565058622412
hazelnut,crack,D:\Research\research-experiments\industrial-anomaly-detection\data\mvtec_ad\hazelnut\test\crack\012.png,2,0.0,0,1,53.6154670715332,38.8098801612854,1.6992554857273114,8.712984618620048,D:\Research\research-experiments\industrial-anomaly-detection\data\mvtec_ad\hazelnut\ground_truth\crack\012_mask.png,16584,0.01581573486328125,-4.146749893855121
hazelnut,crack,D:\Research\research-experiments\industrial-anomaly-detection\data\mvtec_ad\hazelnut\test\crack\013.png,2,0.0,0,1,57.05342102050781,38.8098801612854,1.6992554857273114,10.73619653575157,D:\Research\research-experiments\industrial-anomaly-detection\data\mvtec_ad\hazelnut\ground_truth\crack\013_mask.png,16456,0.01569366455078125,-4.154498116146135
hazelnut,crack,D:\Research\research-experiments\industrial-anomaly-detection\data\mvtec_ad\hazelnut\test\crack\014.png,2,0.0,0,1,58.285587310791016,38.8098801612854,1.6992554857273114,11.46131780246669,D:\Research\research-experiments\industrial-anomaly-detection\data\mvtec_ad\hazelnut\ground_truth\crack\014_mask.png,23082,0.022012710571289062,-3.816135193790258
hazelnut,crack,D:\Research\research-experiments\industrial-anomaly-detection\data\mvtec_ad\hazelnut\test\crack\015.png,2,0.0,0,1,56.783843994140625,38.8098801612854,1.6992554857273114,10.577552336199787,D:\Research\research-experiments\industrial-anomaly-detection\data\mvtec_ad\hazelnut\ground_truth\crack\015_mask.png,55765,0.05318164825439453,-2.9340418809667903
hazelnut,crack,D:\Research\research-experiments\industrial-anomaly-detection\data\mvtec_ad\hazelnut\test\crack\016.png,2,0.0,0,1,48.79502868652344,38.8098801612854,1.6992554857273114,5.87619025455976,D:\Research\research-experiments\industrial-anomaly-detection\data\mvtec_ad\hazelnut\ground_truth\crack\016_mask.png,30315,0.02891063690185547,-3.5435456581037306
hazelnut,crack,D:\Research\research-experiments\industrial-anomaly-detection\data\mvtec_ad\hazelnut\test\crack\017.png,2,0.0,0,1,53.958518981933594,38.8098801612854,1.6992554857273114,8.914868274892935,D:\Research\research-experiments\industrial-anomaly-detection\data\mvtec_ad\hazelnut\ground_truth\crack\017_mask.png,183595,0.17508983612060547,-1.7424560818053216
hazelnut,cut,D:\Research\research-experiments\industrial-anomaly-detection\data\mvtec_ad\hazelnut\test\cut\000.png,2,0.0,0,1,58.0247688293457,38.8098801612854,1.6992554857273114,11.307827945505199,D:\Research\research-experiments\industrial-anomaly-detection\data\mvtec_ad\hazelnut\ground_truth\cut\000_mask.png,4168,0.00397491455078125,-5.5277517761879995
hazelnut,cut,D:\Research\research-experiments\industrial-anomaly-detection\data\mvtec_ad\hazelnut\test\cut\001.png,2,0.0,0,1,49.64044952392578,38.8098801612854,1.6992554857273114,6.373714520041527,D:\Research\research-experiments\industrial-anomaly-detection\data\mvtec_ad\hazelnut\ground_truth\cut\001_mask.png,16388,0.015628814697265625,-4.1586389085477675
hazelnut,cut,D:\Research\research-experiments\industrial-anomaly-detection\data\mvtec_ad\hazelnut\test\cut\002.png,2,0.0,0,1,54.06498718261719,38.8098801612854,1.6992554857273114,8.97752406831415,D:\Research\research-experiments\industrial-anomaly-detection\data\mvtec_ad\hazelnut\ground_truth\cut\002_mask.png,6489,0.006188392639160156,-5.085079734984902
hazelnut,cut,D:\Research\research-experiments\industrial-anomaly-detection\data\mvtec_ad\hazelnut\test\cut\003.png,2,0.0,0,1,60.9716682434082,38.8098801612854,1.6992554857273114,13.042057694247882,D:\Research\research-experiments\industrial-anomaly-detection\data\mvtec_ad\hazelnut\ground_truth\cut\003_mask.png,5618,0.0053577423095703125,-5.229212416888953
hazelnut,cut,D:\Research\research-experiments\industrial-anomaly-detection\data\mvtec_ad\hazelnut\test\cut\004.png,2,0.0,0,1,64.74456024169922,38.8098801612854,1.6992554857273114,15.262378317003531,D:\Research\research-experiments\industrial-anomaly-detection\data\mvtec_ad\hazelnut\ground_truth\cut\004_mask.png,11200,0.01068115234375,-4.539274460292868
hazelnut,cut,D:\Research\research-experiments\industrial-anomaly-detection\data\mvtec_ad\hazelnut\test\cut\005.png,2,0.0,0,1,61.18659973144531,38.8098801612854,1.6992554857273114,13.168543375678603,D:\Research\research-experiments\industrial-anomaly-detection\data\mvtec_ad\hazelnut\ground_truth\cut\005_mask.png,6586,0.0062808990478515625,-5.070241989049733
hazelnut,cut,D:\Research\research-experiments\industrial-anomaly-detection\data\mvtec_ad\hazelnut\test\cut\006.png,2,0.0,0,1,47.91600799560547,38.8098801612854,1.6992554857273114,5.358892709663659,D:\Research\research-experiments\industrial-anomaly-detection\data\mvtec_ad\hazelnut\ground_truth\cut\006_mask.png,10732,0.010234832763671875,-4.581958301947843
hazelnut,cut,D:\Research\research-experiments\industrial-anomaly-detection\data\mvtec_ad\hazelnut\test\cut\007.png,2,0.0,0,1,58.9537239074707,38.8098801612854,1.6992554857273114,11.854511528949622,D:\Research\research-experiments\industrial-anomaly-detection\data\mvtec_ad\hazelnut\ground_truth\cut\007_mask.png,6952,0.00662994384765625,-5.016158793422849
hazelnut,cut,D:\Research\research-experiments\industrial-anomaly-detection\data\mvtec_ad\hazelnut\test\cut\008.png,2,0.0,0,1,63.143917083740234,38.8098801612854,1.6992554857273114,14.320410984013646,D:\Research\research-experiments\industrial-anomaly-detection\data\mvtec_ad\hazelnut\ground_truth\cut\008_mask.png,21145,0.020165443420410156,-3.9037848117025336
hazelnut,cut,D:\Research\research-experiments\industrial-anomaly-detection\data\mvtec_ad\hazelnut\test\cut\009.png,2,0.0,0,1,57.79966354370117,38.8098801612854,1.6992554857273114,11.175355055150996,D:\Research\research-experiments\industrial-anomaly-detection\data\mvtec_ad\hazelnut\ground_truth\cut\009_mask.png,10831,0.010329246520996094,-4.5727758425506915
hazelnut,cut,D:\Research\research-experiments\industrial-anomaly-detection\data\mvtec_ad\hazelnut\test\cut\010.png,2,0.0,0,1,57.151832580566406,38.8098801612854,1.6992554857273114,10.794111052364988,D:\Research\research-experiments\industrial-anomaly-detection\data\mvtec_ad\hazelnut\ground_truth\cut\010_mask.png,6037,0.005757331848144531,-5.157280958710927
hazelnut,cut,D:\Research\research-experiments\industrial-anomaly-detection\data\mvtec_ad\hazelnut\test\cut\011.png,2,0.0,0,1,60.58181381225586,38.8098801612854,1.6992554857273114,12.812631080988794,D:\Research\research-experiments\industrial-anomaly-detection\data\mvtec_ad\hazelnut\ground_truth\cut\011_mask.png,6604,0.006298065185546875,-5.067512647379978
hazelnut,cut,D:\Research\research-experiments\industrial-anomaly-detection\data\mvtec_ad\hazelnut\test\cut\012.png,2,0.0,0,1,54.237937927246094,38.8098801612854,1.6992554857273114,9.079304375090608,D:\Research\research-experiments\industrial-anomaly-detection\data\mvtec_ad\hazelnut\ground_truth\cut\012_mask.png,8760,0.00835418701171875,-4.78499230756802
hazelnut,cut,D:\Research\research-experiments\industrial-anomaly-detection\data\mvtec_ad\hazelnut\test\cut\013.png,2,0.0,0,1,57.36909103393555,38.8098801612854,1.6992554857273114,10.921966136661597,D:\Research\research-experiments\industrial-anomaly-detection\data\mvtec_ad\hazelnut\ground_truth\cut\013_mask.png,11223,0.010703086853027344,-4.537222994751665
hazelnut,cut,D:\Research\research-experiments\industrial-anomaly-detection\data\mvtec_ad\hazelnut\test\cut\014.png,2,0.0,0,1,57.16098403930664,38.8098801612854,1.6992554857273114,10.799496621996571,D:\Research\research-experiments\industrial-anomaly-detection\data\mvtec_ad\hazelnut\ground_truth\cut\014_mask.png,6144,0.005859375,-5.139712165704746
hazelnut,cut,D:\Research\research-experiments\industrial-anomaly-detection\data\mvtec_ad\hazelnut\test\cut\015.png,2,0.0,0,1,59.34548568725586,38.8098801612854,1.6992554857273114,12.085060603574192,D:\Research\research-experiments\industrial-anomaly-detection\data\mvtec_ad\hazelnut\ground_truth\cut\015_mask.png,9185,0.008759498596191406,-4.737616499387901
hazelnut,cut,D:\Research\research-experiments\industrial-anomaly-detection\data\mvtec_ad\hazelnut\test\cut\016.png,2,0.0,0,1,57.09571075439453,38.8098801612854,1.6992554857273114,10.76108374914704,D:\Research\research-experiments\industrial-anomaly-detection\data\mvtec_ad\hazelnut\ground_truth\cut\016_mask.png,8242,0.007860183715820312,-4.845945172076663
hazelnut,hole,D:\Research\research-experiments\industrial-anomaly-detection\data\mvtec_ad\hazelnut\test\hole\000.png,2,0.0,0,1,64.02372741699219,38.8098801612854,1.6992554857273114,14.838173227915057,D:\Research\research-experiments\industrial-anomaly-detection\data\mvtec_ad\hazelnut\ground_truth\hole\000_mask.png,14373,0.013707160949707031,-4.2898368126931095
hazelnut,hole,D:\Research\research-experiments\industrial-anomaly-detection\data\mvtec_ad\hazelnut\test\hole\001.png,2,0.0,0,1,64.88214874267578,38.8098801612854,1.6992554857273114,15.34334819006395,D:\Research\research-experiments\industrial-anomaly-detection\data\mvtec_ad\hazelnut\ground_truth\hole\001_mask.png,4231,0.004034996032714844,-5.512749712647151
hazelnut,hole,D:\Research\research-experiments\industrial-anomaly-detection\data\mvtec_ad\hazelnut\test\hole\002.png,2,0.0,0,1,71.0204849243164,38.8098801612854,1.6992554857273114,18.955716214295048,D:\Research\research-experiments\industrial-anomaly-detection\data\mvtec_ad\hazelnut\ground_truth\hole\002_mask.png,7308,0.006969451904296875,-4.966218550217713
hazelnut,hole,D:\Research\research-experiments\industrial-anomaly-detection\data\mvtec_ad\hazelnut\test\hole\003.png,2,0.0,0,1,71.98419189453125,38.8098801612854,1.6992554857273114,19.522851043818555,D:\Research\research-experiments\industrial-anomaly-detection\data\mvtec_ad\hazelnut\ground_truth\hole\003_mask.png,9242,0.008813858032226562,-4.731429906311008
hazelnut,hole,D:\Research\research-experiments\industrial-anomaly-detection\data\mvtec_ad\hazelnut\test\hole\004.png,2,0.0,0,1,68.16703033447266,38.8098801612854,1.6992554857273114,17.27647809277007,D:\Research\research-experiments\industrial-anomaly-detection\data\mvtec_ad\hazelnut\ground_truth\hole\004_mask.png,11881,0.011330604553222656,-4.4802477584840785
hazelnut,hole,D:\Research\research-experiments\industrial-anomaly-detection\data\mvtec_ad\hazelnut\test\hole\005.png,2,0.0,0,1,60.570377349853516,38.8098801612854,1.6992554857273114,12.805900802641363,D:\Research\research-experiments\industrial-anomaly-detection\data\mvtec_ad\hazelnut\ground_truth\hole\005_mask.png,12519,0.011939048767089844,-4.427940758180481
hazelnut,hole,D:\Research\research-experiments\industrial-anomaly-detection\data\mvtec_ad\hazelnut\test\hole\006.png,2,0.0,0,1,62.81108474731445,38.8098801612854,1.6992554857273114,14.124541475737013,D:\Research\research-experiments\industrial-anomaly-detection\data\mvtec_ad\hazelnut\ground_truth\hole\006_mask.png,13410,0.012788772583007812,-4.359187556729598
hazelnut,hole,D:\Research\research-experiments\industrial-anomaly-detection\data\mvtec_ad\hazelnut\test\hole\007.png,2,0.0,0,1,72.14158630371094,38.8098801612854,1.6992554857273114,19.615476555698145,D:\Research\research-experiments\industrial-anomaly-detection\data\mvtec_ad\hazelnut\ground_truth\hole\007_mask.png,2442,0.0023288726806640625,-6.062370527136047
hazelnut,hole,D:\Research\research-experiments\industrial-anomaly-detection\data\mvtec_ad\hazelnut\test\hole\008.png,2,0.0,0,1,58.298126220703125,38.8098801612854,1.6992554857273114,11.46869686348337,D:\Research\research-experiments\industrial-anomaly-detection\data\mvtec_ad\hazelnut\ground_truth\hole\008_mask.png,5511,0.005255699157714844,-5.248442047046046
hazelnut,hole,D:\Research\research-experiments\industrial-anomaly-detection\data\mvtec_ad\hazelnut\test\hole\009.png,2,0.0,0,1,65.87663269042969,38.8098801612854,1.6992554857273114,15.928595056180878,D:\Research\research-experiments\industrial-anomaly-detection\data\mvtec_ad\hazelnut\ground_truth\hole\009_mask.png,9068,0.008647918701171875,-4.750436483936734
hazelnut,hole,D:\Research\research-experiments\industrial-anomaly-detection\data\mvtec_ad\hazelnut\test\hole\010.png,2,0.0,0,1,70.18257141113281,38.8098801612854,1.6992554857273114,18.46260995674782,D:\Research\research-experiments\industrial-anomaly-detection\data\mvtec_ad\hazelnut\ground_truth\hole\010_mask.png,14880,0.014190673828125,-4.2551702323430085
hazelnut,hole,D:\Research\research-experiments\industrial-anomaly-detection\data\mvtec_ad\hazelnut\test\hole\011.png,2,0.0,0,1,66.39644622802734,38.8098801612854,1.6992554857273114,16.234501697038457,D:\Research\research-experiments\industrial-anomaly-detection\data\mvtec_ad\hazelnut\ground_truth\hole\011_mask.png,13478,0.012853622436523438,-4.354129527893667
hazelnut,hole,D:\Research\research-experiments\industrial-anomaly-detection\data\mvtec_ad\hazelnut\test\hole\012.png,2,0.0,0,1,69.4234848022461,38.8098801612854,1.6992554857273114,18.015892782513237,D:\Research\research-experiments\industrial-anomaly-detection\data\mvtec_ad\hazelnut\ground_truth\hole\012_mask.png,16808,0.01602935791015625,-4.133333306288542
hazelnut,hole,D:\Research\research-experiments\industrial-anomaly-detection\data\mvtec_ad\hazelnut\test\hole\013.png,2,0.0,0,1,60.93872833251953,38.8098801612854,1.6992554857273114,13.022672786466005,D:\Research\research-experiments\industrial-anomaly-detection\data\mvtec_ad\hazelnut\ground_truth\hole\013_mask.png,24372,0.023242950439453125,-3.7617533568067243
hazelnut,hole,D:\Research\research-experiments\industrial-anomaly-detection\data\mvtec_ad\hazelnut\test\hole\014.png,2,0.0,0,1,63.32279968261719,38.8098801612854,1.6992554857273114,14.425682145636754,D:\Research\research-experiments\industrial-anomaly-detection\data\mvtec_ad\hazelnut\ground_truth\hole\014_mask.png,27842,0.026552200317382812,-3.6286426225887323
hazelnut,hole,D:\Research\research-experiments\industrial-anomaly-detection\data\mvtec_ad\hazelnut\test\hole\015.png,2,0.0,0,1,60.4520378112793,38.8098801612854,1.6992554857273114,12.736258809681388,D:\Research\research-experiments\industrial-anomaly-detection\data\mvtec_ad\hazelnut\ground_truth\hole\015_mask.png,6690,0.0063800811767578125,-5.0545743013388265
hazelnut,hole,D:\Research\research-experiments\industrial-anomaly-detection\data\mvtec_ad\hazelnut\test\hole\016.png,2,0.0,0,1,51.29296875,38.8098801612854,1.6992554857273114,7.346210557249793,D:\Research\research-experiments\industrial-anomaly-detection\data\mvtec_ad\hazelnut\ground_truth\hole\016_mask.png,30772,0.029346466064453125,-3.5285831125444282
hazelnut,hole,D:\Research\research-experiments\industrial-anomaly-detection\data\mvtec_ad\hazelnut\test\hole\017.png,2,0.0,0,1,61.66842269897461,38.8098801612854,1.6992554857273114,13.45209283105851,D:\Research\research-experiments\industrial-anomaly-detection\data\mvtec_ad\hazelnut\ground_truth\hole\017_mask.png,26873,0.025628089904785156,-3.6640662281231107
hazelnut,print,D:\Research\research-experiments\industrial-anomaly-detection\data\mvtec_ad\hazelnut\test\print\000.png,2,0.0,0,1,66.56549072265625,38.8098801612854,1.6992554857273114,16.33398320293841,D:\Research\research-experiments\industrial-anomaly-detection\data\mvtec_ad\hazelnut\ground_truth\print\000_mask.png,39682,0.03784370422363281,-3.2742906214200165
hazelnut,print,D:\Research\research-experiments\industrial-anomaly-detection\data\mvtec_ad\hazelnut\test\print\001.png,2,0.0,0,1,69.15872192382812,38.8098801612854,1.6992554857273114,17.86008167544793,D:\Research\research-experiments\industrial-anomaly-detection\data\mvtec_ad\hazelnut\ground_truth\print\001_mask.png,26844,0.025600433349609375,-3.665145960858938
hazelnut,print,D:\Research\research-experiments\industrial-anomaly-detection\data\mvtec_ad\hazelnut\test\print\002.png,2,0.0,0,1,71.33208465576172,38.8098801612854,1.6992554857273114,19.139090482651135,D:\Research\research-experiments\industrial-anomaly-detection\data\mvtec_ad\hazelnut\ground_truth\print\002_mask.png,19830,0.018911361694335938,-3.967992336806801
hazelnut,print,D:\Research\research-experiments\industrial-anomaly-detection\data\mvtec_ad\hazelnut\test\print\003.png,2,0.0,0,1,60.29750442504883,38.8098801612854,1.6992554857273114,12.645316989850025,D:\Research\research-experiments\industrial-anomaly-detection\data\mvtec_ad\hazelnut\ground_truth\print\003_mask.png,18439,0.017584800720214844,-4.040720288626451
hazelnut,print,D:\Research\research-experiments\industrial-anomaly-detection\data\mvtec_ad\hazelnut\test\print\004.png,2,0.0,0,1,64.20463562011719,38.8098801612854,1.6992554857273114,14.944636443508307,D:\Research\research-experiments\industrial-anomaly-detection\data\mvtec_ad\hazelnut\ground_truth\print\004_mask.png,32196,0.030704498291015625,-3.4833460784167642
hazelnut,print,D:\Research\research-experiments\industrial-anomaly-detection\data\mvtec_ad\hazelnut\test\print\005.png,2,0.0,0,1,61.316932678222656,38.8098801612854,1.6992554857273114,13.245243405704729,D:\Research\research-experiments\industrial-anomaly-detection\data\mvtec_ad\hazelnut\ground_truth\print\005_mask.png,17078,0.016286849975585938,-4.11739718533213
hazelnut,print,D:\Research\research-experiments\industrial-anomaly-detection\data\mvtec_ad\hazelnut\test\print\006.png,2,0.0,0,1,67.25432586669922,38.8098801612854,1.6992554857273114,16.739357880159552,D:\Research\research-experiments\industrial-anomaly-detection\data\mvtec_ad\hazelnut\ground_truth\print\006_mask.png,31697,0.030228614807128906,-3.4989662599546563
hazelnut,print,D:\Research\research-experiments\industrial-anomaly-detection\data\mvtec_ad\hazelnut\test\print\007.png,2,0.0,0,1,61.56538772583008,38.8098801612854,1.6992554857273114,13.391457468095163,D:\Research\research-experiments\industrial-anomaly-detection\data\mvtec_ad\hazelnut\ground_truth\print\007_mask.png,21320,0.02033233642578125,-3.8955426837363873
hazelnut,print,D:\Research\research-experiments\industrial-anomaly-detection\data\mvtec_ad\hazelnut\test\print\008.png,2,0.0,0,1,82.5457992553711,38.8098801612854,1.6992554857273114,25.7382833019756,D:\Research\research-experiments\industrial-anomaly-detection\data\mvtec_ad\hazelnut\ground_truth\print\008_mask.png,28795,0.02746105194091797,-3.5949865348429233
hazelnut,print,D:\Research\research-experiments\industrial-anomaly-detection\data\mvtec_ad\hazelnut\test\print\009.png,2,0.0,0,1,54.92518615722656,38.8098801612854,1.6992554857273114,9.483745164455671,D:\Research\research-experiments\industrial-anomaly-detection\data\mvtec_ad\hazelnut\ground_truth\print\009_mask.png,30884,0.029453277587890625,-3.5249500478181215
hazelnut,print,D:\Research\research-experiments\industrial-anomaly-detection\data\mvtec_ad\hazelnut\test\print\010.png,2,0.0,0,1,68.75922393798828,38.8098801612854,1.6992554857273114,17.624979897524963,D:\Research\research-experiments\industrial-anomaly-detection\data\mvtec_ad\hazelnut\ground_truth\print\010_mask.png,25541,0.02435779571533203,-3.714903287056452
hazelnut,print,D:\Research\research-experiments\industrial-anomaly-detection\data\mvtec_ad\hazelnut\test\print\011.png,2,0.0,0,1,63.45843505859375,38.8098801612854,1.6992554857273114,14.505502618258921,D:\Research\research-experiments\industrial-anomaly-detection\data\mvtec_ad\hazelnut\ground_truth\print\011_mask.png,50619,0.04827404022216797,-3.0308613116173917
hazelnut,print,D:\Research\research-experiments\industrial-anomaly-detection\data\mvtec_ad\hazelnut\test\print\012.png,2,0.0,0,1,70.2813491821289,38.8098801612854,1.6992554857273114,18.520739985943408,D:\Research\research-experiments\industrial-anomaly-detection\data\mvtec_ad\hazelnut\ground_truth\print\012_mask.png,20185,0.019249916076660156,-3.950248525963588
hazelnut,print,D:\Research\research-experiments\industrial-anomaly-detection\data\mvtec_ad\hazelnut\test\print\013.png,2,0.0,0,1,60.73642349243164,38.8098801612854,1.6992554857273114,12.903617799274777,D:\Research\research-experiments\industrial-anomaly-detection\data\mvtec_ad\hazelnut\ground_truth\print\013_mask.png,20164,0.019229888916015625,-3.9512894439940056
hazelnut,print,D:\Research\research-experiments\industrial-anomaly-detection\data\mvtec_ad\hazelnut\test\print\014.png,2,0.0,0,1,61.12900161743164,38.8098801612854,1.6992554857273114,13.134647287363773,D:\Research\research-experiments\industrial-anomaly-detection\data\mvtec_ad\hazelnut\ground_truth\print\014_mask.png,22566,0.021520614624023438,-3.8387439370334415
hazelnut,print,D:\Research\research-experiments\industrial-anomaly-detection\data\mvtec_ad\hazelnut\test\print\015.png,2,0.0,0,1,52.244140625,38.8098801612854,1.6992554857273114,7.905968570679352,D:\Research\research-experiments\industrial-anomaly-detection\data\mvtec_ad\hazelnut\ground_truth\print\015_mask.png,15902,0.015165328979492188,-4.188743378797598
hazelnut,print,D:\Research\research-experiments\industrial-anomaly-detection\data\mvtec_ad\hazelnut\test\print\016.png,2,0.0,0,1,62.481990814208984,38.8098801612854,1.6992554857273114,13.930871991736725,D:\Research\research-experiments\industrial-anomaly-detection\data\mvtec_ad\hazelnut\ground_truth\print\016_mask.png,46948,0.044773101806640625,-3.1061477036440532
hazelnut,good,D:\Research\research-experiments\industrial-anomaly-detection\data\mvtec_ad\hazelnut\test\good\000.png,2,0.25,1,0,37.037593841552734,38.21235780715942,1.7221757096886032,-0.6821394350168268,,,,
hazelnut,good,D:\Research\research-experiments\industrial-anomaly-detection\data\mvtec_ad\hazelnut\test\good\001.png,2,0.25,1,0,40.0295295715332,38.21235780715942,1.7221757096886032,1.0551604892292643,,,,
hazelnut,good,D:\Research\research-experiments\industrial-anomaly-detection\data\mvtec_ad\hazelnut\test\good\002.png,2,0.25,1,0,37.1064453125,38.21235780715942,1.7221757096886032,-0.6421600818300867,,,,
hazelnut,good,D:\Research\research-experiments\industrial-anomaly-detection\data\mvtec_ad\hazelnut\test\good\003.png,2,0.25,1,0,35.434600830078125,38.21235780715942,1.7221757096886032,-1.6129347089580996,,,,
hazelnut,good,D:\Research\research-experiments\industrial-anomaly-detection\data\mvtec_ad\hazelnut\test\good\004.png,2,0.25,1,0,36.42362594604492,38.21235780715942,1.7221757096886032,-1.0386465510176834,,,,
hazelnut,good,D:\Research\research-experiments\industrial-anomaly-detection\data\mvtec_ad\hazelnut\test\good\005.png,2,0.25,1,0,41.00197219848633,38.21235780715942,1.7221757096886032,1.619819845114012,,,,
hazelnut,good,D:\Research\research-experiments\industrial-anomaly-detection\data\mvtec_ad\hazelnut\test\good\006.png,2,0.25,1,0,37.1135139465332,38.21235780715942,1.7221757096886032,-0.6380556028309715,,,,
hazelnut,good,D:\Research\research-experiments\industrial-anomaly-detection\data\mvtec_ad\hazelnut\test\good\007.png,2,0.25,1,0,39.28888702392578,38.21235780715942,1.7221757096886032,0.625098362908053,,,,
hazelnut,good,D:\Research\research-experiments\industrial-anomaly-detection\data\mvtec_ad\hazelnut\test\good\008.png,2,0.25,1,0,38.357887268066406,38.21235780715942,1.7221757096886032,0.08450325950381643,,,,
hazelnut,good,D:\Research\research-experiments\industrial-anomaly-detection\data\mvtec_ad\hazelnut\test\good\009.png,2,0.25,1,0,37.54484558105469,38.21235780715942,1.7221757096886032,-0.38759821216235263,,,,
hazelnut,good,D:\Research\research-experiments\industrial-anomaly-detection\data\mvtec_ad\hazelnut\test\good\010.png,2,0.25,1,0,37.02505111694336,38.21235780715942,1.7221757096886032,-0.6894225040665249,,,,
hazelnut,good,D:\Research\research-experiments\industrial-anomaly-detection\data\mvtec_ad\hazelnut\test\good\011.png,2,0.25,1,0,38.059608459472656,38.21235780715942,1.7221757096886032,-0.08869556505031896,,,,
hazelnut,good,D:\Research\research-experiments\industrial-anomaly-detection\data\mvtec_ad\hazelnut\test\good\012.png,2,0.25,1,0,39.81550598144531,38.21235780715942,1.7221757096886032,0.9308853709101298,,,,
hazelnut,good,D:\Research\research-experiments\industrial-anomaly-detection\data\mvtec_ad\hazelnut\test\good\013.png,2,0.25,1,0,42.36175537109375,38.21235780715942,1.7221757096886032,2.409392688905481,,,,
hazelnut,good,D:\Research\research-experiments\industrial-anomaly-detection\data\mvtec_ad\hazelnut\test\good\014.png,2,0.25,1,0,39.06782531738281,38.21235780715942,1.7221757096886032,0.4967364859524547,,,,
hazelnut,good,D:\Research\research-experiments\industrial-anomaly-detection\data\mvtec_ad\hazelnut\test\good\015.png,2,0.25,1,0,37.19927978515625,38.21235780715942,1.7221757096886032,-0.5882547386447295,,,,
hazelnut,good,D:\Research\research-experiments\industrial-anomaly-detection\data\mvtec_ad\hazelnut\test\good\016.png,2,0.25,1,0,36.19132614135742,38.21235780715942,1.7221757096886032,-1.1735339515196355,,,,
hazelnut,good,D:\Research\research-experiments\industrial-anomaly-detection\data\mvtec_ad\hazelnut\test\good\017.png,2,0.25,1,0,38.759666442871094,38.21235780715942,1.7221757096886032,0.31780069398995,,,,
hazelnut,good,D:\Research\research-experiments\industrial-anomaly-detection\data\mvtec_ad\hazelnut\test\good\018.png,2,0.25,1,0,37.135738372802734,38.21235780715942,1.7221757096886032,-0.6251507487301378,,,,
hazelnut,good,D:\Research\research-experiments\industrial-anomaly-detection\data\mvtec_ad\hazelnut\test\good\019.png,2,0.25,1,0,38.92909622192383,38.21235780715942,1.7221757096886032,0.41618193238482315,,,,
hazelnut,good,D:\Research\research-experiments\industrial-anomaly-detection\data\mvtec_ad\hazelnut\test\good\020.png,2,0.25,1,0,39.21006393432617,38.21235780715942,1.7221757096886032,0.5793288812249895,,,,
hazelnut,good,D:\Research\research-experiments\industrial-anomaly-detection\data\mvtec_ad\hazelnut\test\good\021.png,2,0.25,1,0,36.55536651611328,38.21235780715942,1.7221757096886032,-0.9621499604972074,,,,
hazelnut,good,D:\Research\research-experiments\industrial-anomaly-detection\data\mvtec_ad\hazelnut\test\good\022.png,2,0.25,1,0,37.90760040283203,38.21235780715942,1.7221757096886032,-0.17696069141661203,,,,
hazelnut,good,D:\Research\research-experiments\industrial-anomaly-detection\data\mvtec_ad\hazelnut\test\good\023.png,2,0.25,1,0,38.949737548828125,38.21235780715942,1.7221757096886032,0.428167542673119,,,,
hazelnut,good,D:\Research\research-experiments\industrial-anomaly-detection\data\mvtec_ad\hazelnut\test\good\024.png,2,0.25,1,0,39.49617385864258,38.21235780715942,1.7221757096886032,0.7454617111719056,,,,
hazelnut,good,D:\Research\research-experiments\industrial-anomaly-detection\data\mvtec_ad\hazelnut\test\good\025.png,2,0.25,1,0,35.99481201171875,38.21235780715942,1.7221757096886032,-1.2876420117675673,,,,
hazelnut,good,D:\Research\research-experiments\industrial-anomaly-detection\data\mvtec_ad\hazelnut\test\good\026.png,2,0.25,1,0,36.224796295166016,38.21235780715942,1.7221757096886032,-1.1540991437817854,,,,
hazelnut,good,D:\Research\research-experiments\industrial-anomaly-detection\data\mvtec_ad\hazelnut\test\good\027.png,2,0.25,1,0,40.79804611206055,38.21235780715942,1.7221757096886032,1.5014079517871377,,,,
hazelnut,good,D:\Research\research-experiments\industrial-anomaly-detection\data\mvtec_ad\hazelnut\test\good\028.png,2,0.25,1,0,36.42216491699219,38.21235780715942,1.7221757096886032,-1.039494913379616,,,,
hazelnut,good,D:\Research\research-experiments\industrial-anomaly-detection\data\mvtec_ad\hazelnut\test\good\029.png,2,0.25,1,0,37.472164154052734,38.21235780715942,1.7221757096886032,-0.42980147086183523,,,,
hazelnut,good,D:\Research\research-experiments\industrial-anomaly-detection\data\mvtec_ad\hazelnut\test\good\030.png,2,0.25,1,0,35.73917770385742,38.21235780715942,1.7221757096886032,-1.4360788445617954,,,,
hazelnut,good,D:\Research\research-experiments\industrial-anomaly-detection\data\mvtec_ad\hazelnut\test\good\031.png,2,0.25,1,0,38.32107162475586,38.21235780715942,1.7221757096886032,0.06312585701031376,,,,
hazelnut,good,D:\Research\research-experiments\industrial-anomaly-detection\data\mvtec_ad\hazelnut\test\good\032.png,2,0.25,1,0,40.158329010009766,38.21235780715942,1.7221757096886032,1.129949279799218,,,,
hazelnut,good,D:\Research\research-experiments\industrial-anomaly-detection\data\mvtec_ad\hazelnut\test\good\033.png,2,0.25,1,0,37.01332092285156,38.21235780715942,1.7221757096886032,-0.6962337684606313,,,,
hazelnut,good,D:\Research\research-experiments\industrial-anomaly-detection\data\mvtec_ad\hazelnut\test\good\034.png,2,0.25,1,0,37.41936492919922,38.21235780715942,1.7221757096886032,-0.4604599132939739,,,,
hazelnut,good,D:\Research\research-experiments\industrial-anomaly-detection\data\mvtec_ad\hazelnut\test\good\035.png,2,0.25,1,0,37.56587600708008,38.21235780715942,1.7221757096886032,-0.3753866672502523,,,,
hazelnut,good,D:\Research\research-experiments\industrial-anomaly-detection\data\mvtec_ad\hazelnut\test\good\036.png,2,0.25,1,0,40.44154357910156,38.21235780715942,1.7221757096886032,1.294400890339589,,,,
hazelnut,good,D:\Research\research-experiments\industrial-anomaly-detection\data\mvtec_ad\hazelnut\test\good\037.png,2,0.25,1,0,40.31279373168945,38.21235780715942,1.7221757096886032,1.2196408953589435,,,,
hazelnut,good,D:\Research\research-experiments\industrial-anomaly-detection\data\mvtec_ad\hazelnut\test\good\038.png,2,0.25,1,0,37.10163879394531,38.21235780715942,1.7221757096886032,-0.6449510389476717,,,,
hazelnut,good,D:\Research\research-experiments\industrial-anomaly-detection\data\mvtec_ad\hazelnut\test\good\039.png,2,0.25,1,0,41.50651550292969,38.21235780715942,1.7221757096886032,1.9127883857831804,,,,
hazelnut,crack,D:\Research\research-experiments\industrial-anomaly-detection\data\mvtec_ad\hazelnut\test\crack\000.png,2,0.25,0,1,57.738494873046875,38.21235780715942,1.7221757096886032,11.338063216219727,D:\Research\research-experiments\industrial-anomaly-detection\data\mvtec_ad\hazelnut\ground_truth\crack\000_mask.png,66262,0.06319236755371094,-2.7615717358527037
hazelnut,crack,D:\Research\research-experiments\industrial-anomaly-detection\data\mvtec_ad\hazelnut\test\crack\001.png,2,0.25,0,1,56.66414260864258,38.21235780715942,1.7221757096886032,10.71422892430618,D:\Research\research-experiments\industrial-anomaly-detection\data\mvtec_ad\hazelnut\ground_truth\crack\001_mask.png,66479,0.0633993148803711,-2.758302208127599
hazelnut,crack,D:\Research\research-experiments\industrial-anomaly-detection\data\mvtec_ad\hazelnut\test\crack\002.png,2,0.25,0,1,51.32345962524414,38.21235780715942,1.7221757096886032,7.613103439053507,D:\Research\research-experiments\industrial-anomaly-detection\data\mvtec_ad\hazelnut\ground_truth\crack\002_mask.png,13434,0.012811660766601562,-4.3573994473182065
hazelnut,crack,D:\Research\research-experiments\industrial-anomaly-detection\data\mvtec_ad\hazelnut\test\crack\003.png,2,0.25,0,1,55.779876708984375,38.21235780715942,1.7221757096886032,10.200770341257131,D:\Research\research-experiments\industrial-anomaly-detection\data\mvtec_ad\hazelnut\ground_truth\crack\003_mask.png,22632,0.02158355712890625,-3.8358234518859384
hazelnut,crack,D:\Research\research-experiments\industrial-anomaly-detection\data\mvtec_ad\hazelnut\test\crack\004.png,2,0.25,0,1,59.429447174072266,38.21235780715942,1.7221757096886032,12.319933005412805,D:\Research\research-experiments\industrial-anomaly-detection\data\mvtec_ad\hazelnut\ground_truth\crack\004_mask.png,28420,0.027103424072265625,-3.608095172652108
hazelnut,crack,D:\Research\research-experiments\industrial-anomaly-detection\data\mvtec_ad\hazelnut\test\crack\005.png,2,0.25,0,1,54.97328186035156,38.21235780715942,1.7221757096886032,9.732412296201055,D:\Research\research-experiments\industrial-anomaly-detection\data\mvtec_ad\hazelnut\ground_truth\crack\005_mask.png,16317,0.015561103820800781,-4.162980758845045
hazelnut,crack,D:\Research\research-experiments\industrial-anomaly-detection\data\mvtec_ad\hazelnut\test\crack\006.png,2,0.25,0,1,58.0859489440918,38.21235780715942,1.7221757096886032,11.539816190141154,D:\Research\research-experiments\industrial-anomaly-detection\data\mvtec_ad\hazelnut\ground_truth\crack\006_mask.png,42808,0.04082489013671875,-3.198463306712905
hazelnut,crack,D:\Research\research-experiments\industrial-anomaly-detection\data\mvtec_ad\hazelnut\test\crack\007.png,2,0.25,0,1,54.254966735839844,38.21235780715942,1.7221757096886032,9.315314830204626,D:\Research\research-experiments\industrial-anomaly-detection\data\mvtec_ad\hazelnut\ground_truth\crack\007_mask.png,234892,0.22401046752929688,-1.4960624937133307
hazelnut,crack,D:\Research\research-experiments\industrial-anomaly-detection\data\mvtec_ad\hazelnut\test\crack\008.png,2,0.25,0,1,60.025962829589844,38.21235780715942,1.7221757096886032,12.666306289022431,D:\Research\research-experiments\industrial-anomaly-detection\data\mvtec_ad\hazelnut\ground_truth\crack\008_mask.png,146408,0.13962554931640625,-1.968791080211775
hazelnut,crack,D:\Research\research-experiments\industrial-anomaly-detection\data\mvtec_ad\hazelnut\test\crack\009.png,2,0.25,0,1,54.97431564331055,38.21235780715942,1.7221757096886032,9.733012573485869,D:\Research\research-experiments\industrial-anomaly-detection\data\mvtec_ad\hazelnut\ground_truth\crack\009_mask.png,251942,0.24027061462402344,-1.4259894257641161
hazelnut,crack,D:\Research\research-experiments\industrial-anomaly-detection\data\mvtec_ad\hazelnut\test\crack\010.png,2,0.25,0,1,52.34957504272461,38.21235780715942,1.7221757096886032,8.208928482751288,D:\Research\research-experiments\industrial-anomaly-detection\data\mvtec_ad\hazelnut\ground_truth\crack\010_mask.png,290021,0.27658557891845703,-1.2852349944493806
hazelnut,crack,D:\Research\research-experiments\industrial-anomaly-detection\data\mvtec_ad\hazelnut\test\crack\011.png,2,0.25,0,1,60.04892349243164,38.21235780715942,1.7221757096886032,12.679638646872228,D:\Research\research-experiments\industrial-anomaly-detection\data\mvtec_ad\hazelnut\ground_truth\crack\011_mask.png,80208,0.0764923095703125,-2.570565058622412
hazelnut,crack,D:\Research\research-experiments\industrial-anomaly-detection\data\mvtec_ad\hazelnut\test\crack\012.png,2,0.25,0,1,52.467994689941406,38.21235780715942,1.7221757096886032,8.277690134974456,D:\Research\research-experiments\industrial-anomaly-detection\data\mvtec_ad\hazelnut\ground_truth\crack\012_mask.png,16584,0.01581573486328125,-4.146749893855121
hazelnut,crack,D:\Research\research-experiments\industrial-anomaly-detection\data\mvtec_ad\hazelnut\test\crack\013.png,2,0.25,0,1,55.731712341308594,38.21235780715942,1.7221757096886032,10.172803178902663,D:\Research\research-experiments\industrial-anomaly-detection\data\mvtec_ad\hazelnut\ground_truth\crack\013_mask.png,16456,0.01569366455078125,-4.154498116146135
hazelnut,crack,D:\Research\research-experiments\industrial-anomaly-detection\data\mvtec_ad\hazelnut\test\crack\014.png,2,0.25,0,1,57.60554504394531,38.21235780715942,1.7221757096886032,11.260864456329191,D:\Research\research-experiments\industrial-anomaly-detection\data\mvtec_ad\hazelnut\ground_truth\crack\014_mask.png,23082,0.022012710571289062,-3.816135193790258
hazelnut,crack,D:\Research\research-experiments\industrial-anomaly-detection\data\mvtec_ad\hazelnut\test\crack\015.png,2,0.25,0,1,56.2652587890625,38.21235780715942,1.7221757096886032,10.482612709226593,D:\Research\research-experiments\industrial-anomaly-detection\data\mvtec_ad\hazelnut\ground_truth\crack\015_mask.png,55765,0.05318164825439453,-2.9340418809667903
hazelnut,crack,D:\Research\research-experiments\industrial-anomaly-detection\data\mvtec_ad\hazelnut\test\crack\016.png,2,0.25,0,1,48.12297821044922,38.21235780715942,1.7221757096886032,5.754709201584196,D:\Research\research-experiments\industrial-anomaly-detection\data\mvtec_ad\hazelnut\ground_truth\crack\016_mask.png,30315,0.02891063690185547,-3.5435456581037306
hazelnut,crack,D:\Research\research-experiments\industrial-anomaly-detection\data\mvtec_ad\hazelnut\test\crack\017.png,2,0.25,0,1,52.7487907409668,38.21235780715942,1.7221757096886032,8.44073740677471,D:\Research\research-experiments\industrial-anomaly-detection\data\mvtec_ad\hazelnut\ground_truth\crack\017_mask.png,183595,0.17508983612060547,-1.7424560818053216
hazelnut,cut,D:\Research\research-experiments\industrial-anomaly-detection\data\mvtec_ad\hazelnut\test\cut\000.png,2,0.25,0,1,56.894840240478516,38.21235780715942,1.7221757096886032,10.848186005768937,D:\Research\research-experiments\industrial-anomaly-detection\data\mvtec_ad\hazelnut\ground_truth\cut\000_mask.png,4168,0.00397491455078125,-5.5277517761879995
hazelnut,cut,D:\Research\research-experiments\industrial-anomaly-detection\data\mvtec_ad\hazelnut\test\cut\001.png,2,0.25,0,1,47.625732421875,38.21235780715942,1.7221757096886032,5.465978042634028,D:\Research\research-experiments\industrial-anomaly-detection\data\mvtec_ad\hazelnut\ground_truth\cut\001_mask.png,16388,0.015628814697265625,-4.1586389085477675
hazelnut,cut,D:\Research\research-experiments\industrial-anomaly-detection\data\mvtec_ad\hazelnut\test\cut\002.png,2,0.25,0,1,54.06428146362305,38.21235780715942,1.7221757096886032,9.2045913592231,D:\Research\research-experiments\industrial-anomaly-detection\data\mvtec_ad\hazelnut\ground_truth\cut\002_mask.png,6489,0.006188392639160156,-5.085079734984902
hazelnut,cut,D:\Research\research-experiments\industrial-anomaly-detection\data\mvtec_ad\hazelnut\test\cut\003.png,2,0.25,0,1,58.79899978637695,38.21235780715942,1.7221757096886032,11.953856893580229,D:\Research\research-experiments\industrial-anomaly-detection\data\mvtec_ad\hazelnut\ground_truth\cut\003_mask.png,5618,0.0053577423095703125,-5.229212416888953
hazelnut,cut,D:\Research\research-experiments\industrial-anomaly-detection\data\mvtec_ad\hazelnut\test\cut\004.png,2,0.25,0,1,63.095130920410156,38.21235780715942,1.7221757096886032,14.448452021048384,D:\Research\research-experiments\industrial-anomaly-detection\data\mvtec_ad\hazelnut\ground_truth\cut\004_mask.png,11200,0.01068115234375,-4.539274460292868
hazelnut,cut,D:\Research\research-experiments\industrial-anomaly-detection\data\mvtec_ad\hazelnut\test\cut\005.png,2,0.25,0,1,59.83578872680664,38.21235780715942,1.7221757096886032,12.555879634115314,D:\Research\research-experiments\industrial-anomaly-detection\data\mvtec_ad\hazelnut\ground_truth\cut\005_mask.png,6586,0.0062808990478515625,-5.070241989049733
hazelnut,cut,D:\Research\research-experiments\industrial-anomaly-detection\data\mvtec_ad\hazelnut\test\cut\006.png,2,0.25,0,1,47.05892562866211,38.21235780715942,1.7221757096886032,5.136855532065476,D:\Research\research-experiments\industrial-anomaly-detection\data\mvtec_ad\hazelnut\ground_truth\cut\006_mask.png,10732,0.010234832763671875,-4.581958301947843
hazelnut,cut,D:\Research\research-experiments\industrial-anomaly-detection\data\mvtec_ad\hazelnut\test\cut\007.png,2,0.25,0,1,57.767757415771484,38.21235780715942,1.7221757096886032,11.355054828957023,D:\Research\research-experiments\industrial-anomaly-detection\data\mvtec_ad\hazelnut\ground_truth\cut\007_mask.png,6952,0.00662994384765625,-5.016158793422849
hazelnut,cut,D:\Research\research-experiments\industrial-anomaly-detection\data\mvtec_ad\hazelnut\test\cut\008.png,2,0.25,0,1,61.500770568847656,38.21235780715942,1.7221757096886032,13.522669394692107,D:\Research\research-experiments\industrial-anomaly-detection\data\mvtec_ad\hazelnut\ground_truth\cut\008_mask.png,21145,0.020165443420410156,-3.9037848117025336
hazelnut,cut,D:\Research\research-experiments\industrial-anomaly-detection\data\mvtec_ad\hazelnut\test\cut\009.png,2,0.25,0,1,57.868682861328125,38.21235780715942,1.7221757096886032,11.413658283290316,D:\Research\research-experiments\industrial-anomaly-detection\data\mvtec_ad\hazelnut\ground_truth\cut\009_mask.png,10831,0.010329246520996094,-4.5727758425506915
hazelnut,cut,D:\Research\research-experiments\industrial-anomaly-detection\data\mvtec_ad\hazelnut\test\cut\010.png,2,0.25,0,1,55.67991256713867,38.21235780715942,1.7221757096886032,10.142725078347356,D:\Research\research-experiments\industrial-anomaly-detection\data\mvtec_ad\hazelnut\ground_truth\cut\010_mask.png,6037,0.005757331848144531,-5.157280958710927
hazelnut,cut,D:\Research\research-experiments\industrial-anomaly-detection\data\mvtec_ad\hazelnut\test\cut\011.png,2,0.25,0,1,60.242305755615234,38.21235780715942,1.7221757096886032,12.791928154903067,D:\Research\research-experiments\industrial-anomaly-detection\data\mvtec_ad\hazelnut\ground_truth\cut\011_mask.png,6604,0.006298065185546875,-5.067512647379978
hazelnut,cut,D:\Research\research-experiments\industrial-anomaly-detection\data\mvtec_ad\hazelnut\test\cut\012.png,2,0.25,0,1,53.283660888671875,38.21235780715942,1.7221757096886032,8.75131555782864,D:\Research\research-experiments\industrial-anomaly-detection\data\mvtec_ad\hazelnut\ground_truth\cut\012_mask.png,8760,0.00835418701171875,-4.78499230756802
hazelnut,cut,D:\Research\research-experiments\industrial-anomaly-detection\data\mvtec_ad\hazelnut\test\cut\013.png,2,0.25,0,1,55.81800842285156,38.21235780715942,1.7221757096886032,10.222911934389971,D:\Research\research-experiments\industrial-anomaly-detection\data\mvtec_ad\hazelnut\ground_truth\cut\013_mask.png,11223,0.010703086853027344,-4.537222994751665
hazelnut,cut,D:\Research\research-experiments\industrial-anomaly-detection\data\mvtec_ad\hazelnut\test\cut\014.png,2,0.25,0,1,56.5100212097168,38.21235780715942,1.7221757096886032,10.624736662826283,D:\Research\research-experiments\industrial-anomaly-detection\data\mvtec_ad\hazelnut\ground_truth\cut\014_mask.png,6144,0.005859375,-5.139712165704746
hazelnut,cut,D:\Research\research-experiments\industrial-anomaly-detection\data\mvtec_ad\hazelnut\test\cut\015.png,2,0.25,0,1,57.77298355102539,38.21235780715942,1.7221757096886032,11.358089441061065,D:\Research\research-experiments\industrial-anomaly-detection\data\mvtec_ad\hazelnut\ground_truth\cut\015_mask.png,9185,0.008759498596191406,-4.737616499387901
hazelnut,cut,D:\Research\research-experiments\industrial-anomaly-detection\data\mvtec_ad\hazelnut\test\cut\016.png,2,0.25,0,1,55.93365478515625,38.21235780715942,1.7221757096886032,10.290063248657201,D:\Research\research-experiments\industrial-anomaly-detection\data\mvtec_ad\hazelnut\ground_truth\cut\016_mask.png,8242,0.007860183715820312,-4.845945172076663
hazelnut,hole,D:\Research\research-experiments\industrial-anomaly-detection\data\mvtec_ad\hazelnut\test\hole\000.png,2,0.25,0,1,63.47299575805664,38.21235780715942,1.7221757096886032,14.667863336351866,D:\Research\research-experiments\industrial-anomaly-detection\data\mvtec_ad\hazelnut\ground_truth\hole\000_mask.png,14373,0.013707160949707031,-4.2898368126931095
hazelnut,hole,D:\Research\research-experiments\industrial-anomaly-detection\data\mvtec_ad\hazelnut\test\hole\001.png,2,0.25,0,1,63.64580535888672,38.21235780715942,1.7221757096886032,14.768207104910376,D:\Research\research-experiments\industrial-anomaly-detection\data\mvtec_ad\hazelnut\ground_truth\hole\001_mask.png,4231,0.004034996032714844,-5.512749712647151
hazelnut,hole,D:\Research\research-experiments\industrial-anomaly-detection\data\mvtec_ad\hazelnut\test\hole\002.png,2,0.25,0,1,68.12210083007812,38.21235780715942,1.7221757096886032,17.36741660833601,D:\Research\research-experiments\industrial-anomaly-detection\data\mvtec_ad\hazelnut\ground_truth\hole\002_mask.png,7308,0.006969451904296875,-4.966218550217713
hazelnut,hole,D:\Research\research-experiments\industrial-anomaly-detection\data\mvtec_ad\hazelnut\test\hole\003.png,2,0.25,0,1,70.36077117919922,38.21235780715942,1.7221757096886032,18.667324821259232,D:\Research\research-experiments\industrial-anomaly-detection\data\mvtec_ad\hazelnut\ground_truth\hole\003_mask.png,9242,0.008813858032226562,-4.731429906311008
hazelnut,hole,D:\Research\research-experiments\industrial-anomaly-detection\data\mvtec_ad\hazelnut\test\hole\004.png,2,0.25,0,1,66.28550720214844,38.21235780715942,1.7221757096886032,16.30097860343477,D:\Research\research-experiments\industrial-anomaly-detection\data\mvtec_ad\hazelnut\ground_truth\hole\004_mask.png,11881,0.011330604553222656,-4.4802477584840785
hazelnut,hole,D:\Research\research-experiments\industrial-anomaly-detection\data\mvtec_ad\hazelnut\test\hole\005.png,2,0.25,0,1,59.424835205078125,38.21235780715942,1.7221757096886032,12.317255015607122,D:\Research\research-experiments\industrial-anomaly-detection\data\mvtec_ad\hazelnut\ground_truth\hole\005_mask.png,12519,0.011939048767089844,-4.427940758180481
hazelnut,hole,D:\Research\research-experiments\industrial-anomaly-detection\data\mvtec_ad\hazelnut\test\hole\006.png,2,0.25,0,1,62.17213439941406,38.21235780715942,1.7221757096886032,13.91250408274946,D:\Research\research-experiments\industrial-anomaly-detection\data\mvtec_ad\hazelnut\ground_truth\hole\006_mask.png,13410,0.012788772583007812,-4.359187556729598
hazelnut,hole,D:\Research\research-experiments\industrial-anomaly-detection\data\mvtec_ad\hazelnut\test\hole\007.png,2,0.25,0,1,70.46744537353516,38.21235780715942,1.7221757096886032,18.729266348906968,D:\Research\research-experiments\industrial-anomaly-detection\data\mvtec_ad\hazelnut\ground_truth\hole\007_mask.png,2442,0.0023288726806640625,-6.062370527136047
hazelnut,hole,D:\Research\research-experiments\industrial-anomaly-detection\data\mvtec_ad\hazelnut\test\hole\008.png,2,0.25,0,1,57.09344482421875,38.21235780715942,1.7221757096886032,10.963507910858485,D:\Research\research-experiments\industrial-anomaly-detection\data\mvtec_ad\hazelnut\ground_truth\hole\008_mask.png,5511,0.005255699157714844,-5.248442047046046
hazelnut,hole,D:\Research\research-experiments\industrial-anomaly-detection\data\mvtec_ad\hazelnut\test\hole\009.png,2,0.25,0,1,66.30531311035156,38.21235780715942,1.7221757096886032,16.312479118795487,D:\Research\research-experiments\industrial-anomaly-detection\data\mvtec_ad\hazelnut\ground_truth\hole\009_mask.png,9068,0.008647918701171875,-4.750436483936734
hazelnut,hole,D:\Research\research-experiments\industrial-anomaly-detection\data\mvtec_ad\hazelnut\test\hole\010.png,2,0.25,0,1,69.73495483398438,38.21235780715942,1.7221757096886032,18.303937774458994,D:\Research\research-experiments\industrial-anomaly-detection\data\mvtec_ad\hazelnut\ground_truth\hole\010_mask.png,14880,0.014190673828125,-4.2551702323430085
hazelnut,hole,D:\Research\research-experiments\industrial-anomaly-detection\data\mvtec_ad\hazelnut\test\hole\011.png,2,0.25,0,1,66.93870544433594,38.21235780715942,1.7221757096886032,16.680265245623918,D:\Research\research-experiments\industrial-anomaly-detection\data\mvtec_ad\hazelnut\ground_truth\hole\011_mask.png,13478,0.012853622436523438,-4.354129527893667
hazelnut,hole,D:\Research\research-experiments\industrial-anomaly-detection\data\mvtec_ad\hazelnut\test\hole\012.png,2,0.25,0,1,68.3085708618164,38.21235780715942,1.7221757096886032,17.475692454226323,D:\Research\research-experiments\industrial-anomaly-detection\data\mvtec_ad\hazelnut\ground_truth\hole\012_mask.png,16808,0.01602935791015625,-4.133333306288542
hazelnut,hole,D:\Research\research-experiments\industrial-anomaly-detection\data\mvtec_ad\hazelnut\test\hole\013.png,2,0.25,0,1,60.84425735473633,38.21235780715942,1.7221757096886032,13.14145787810996,D:\Research\research-experiments\industrial-anomaly-detection\data\mvtec_ad\hazelnut\ground_truth\hole\013_mask.png,24372,0.023242950439453125,-3.7617533568067243
hazelnut,hole,D:\Research\research-experiments\industrial-anomaly-detection\data\mvtec_ad\hazelnut\test\hole\014.png,2,0.25,0,1,62.265933990478516,38.21235780715942,1.7221757096886032,13.966969832403665,D:\Research\research-experiments\industrial-anomaly-detection\data\mvtec_ad\hazelnut\ground_truth\hole\014_mask.png,27842,0.026552200317382812,-3.6286426225887323
hazelnut,hole,D:\Research\research-experiments\industrial-anomaly-detection\data\mvtec_ad\hazelnut\test\hole\015.png,2,0.25,0,1,59.32121276855469,38.21235780715942,1.7221757096886032,12.25708552422452,D:\Research\research-experiments\industrial-anomaly-detection\data\mvtec_ad\hazelnut\ground_truth\hole\015_mask.png,6690,0.0063800811767578125,-5.0545743013388265
hazelnut,hole,D:\Research\research-experiments\industrial-anomaly-detection\data\mvtec_ad\hazelnut\test\hole\016.png,2,0.25,0,1,50.61880874633789,38.21235780715942,1.7221757096886032,7.203940265434213,D:\Research\research-experiments\industrial-anomaly-detection\data\mvtec_ad\hazelnut\ground_truth\hole\016_mask.png,30772,0.029346466064453125,-3.5285831125444282
hazelnut,hole,D:\Research\research-experiments\industrial-anomaly-detection\data\mvtec_ad\hazelnut\test\hole\017.png,2,0.25,0,1,61.33330154418945,38.21235780715942,1.7221757096886032,13.425426689597582,D:\Research\research-experiments\industrial-anomaly-detection\data\mvtec_ad\hazelnut\ground_truth\hole\017_mask.png,26873,0.025628089904785156,-3.6640662281231107
hazelnut,print,D:\Research\research-experiments\industrial-anomaly-detection\data\mvtec_ad\hazelnut\test\print\000.png,2,0.25,0,1,62.3566780090332,38.21235780715942,1.7221757096886032,14.019661330747406,D:\Research\research-experiments\industrial-anomaly-detection\data\mvtec_ad\hazelnut\ground_truth\print\000_mask.png,39682,0.03784370422363281,-3.2742906214200165
hazelnut,print,D:\Research\research-experiments\industrial-anomaly-detection\data\mvtec_ad\hazelnut\test\print\001.png,2,0.25,0,1,65.41925048828125,38.21235780715942,1.7221757096886032,15.797977249395341,D:\Research\research-experiments\industrial-anomaly-detection\data\mvtec_ad\hazelnut\ground_truth\print\001_mask.png,26844,0.025600433349609375,-3.665145960858938
hazelnut,print,D:\Research\research-experiments\industrial-anomaly-detection\data\mvtec_ad\hazelnut\test\print\002.png,2,0.25,0,1,67.7586898803711,38.21235780715942,1.7221757096886032,17.156398099793268,D:\Research\research-experiments\industrial-anomaly-detection\data\mvtec_ad\hazelnut\ground_truth\print\002_mask.png,19830,0.018911361694335938,-3.967992336806801
hazelnut,print,D:\Research\research-experiments\industrial-anomaly-detection\data\mvtec_ad\hazelnut\test\print\003.png,2,0.25,0,1,57.964473724365234,38.21235780715942,1.7221757096886032,11.469280286607521,D:\Research\research-experiments\industrial-anomaly-detection\data\mvtec_ad\hazelnut\ground_truth\print\003_mask.png,18439,0.017584800720214844,-4.040720288626451
hazelnut,print,D:\Research\research-experiments\industrial-anomaly-detection\data\mvtec_ad\hazelnut\test\print\004.png,2,0.25,0,1,61.00747299194336,38.21235780715942,1.7221757096886032,13.236230807659956,D:\Research\research-experiments\industrial-anomaly-detection\data\mvtec_ad\hazelnut\ground_truth\print\004_mask.png,32196,0.030704498291015625,-3.4833460784167642
hazelnut,print,D:\Research\research-experiments\industrial-anomaly-detection\data\mvtec_ad\hazelnut\test\print\005.png,2,0.25,0,1,59.949058532714844,38.21235780715942,1.7221757096886032,12.621650975141069,D:\Research\research-experiments\industrial-anomaly-detection\data\mvtec_ad\hazelnut\ground_truth\print\005_mask.png,17078,0.016286849975585938,-4.11739718533213
hazelnut,print,D:\Research\research-experiments\industrial-anomaly-detection\data\mvtec_ad\hazelnut\test\print\006.png,2,0.25,0,1,64.43495178222656,38.21235780715942,1.7221757096886032,15.22643353262055,D:\Research\research-experiments\industrial-anomaly-detection\data\mvtec_ad\hazelnut\ground_truth\print\006_mask.png,31697,0.030228614807128906,-3.4989662599546563
hazelnut,print,D:\Research\research-experiments\industrial-anomaly-detection\data\mvtec_ad\hazelnut\test\print\007.png,2,0.25,0,1,58.185028076171875,38.21235780715942,1.7221757096886032,11.59734756253404,D:\Research\research-experiments\industrial-anomaly-detection\data\mvtec_ad\hazelnut\ground_truth\print\007_mask.png,21320,0.02033233642578125,-3.8955426837363873
hazelnut,print,D:\Research\research-experiments\industrial-anomaly-detection\data\mvtec_ad\hazelnut\test\print\008.png,2,0.25,0,1,77.59725189208984,38.21235780715942,1.7221757096886032,22.869265814956734,D:\Research\research-experiments\industrial-anomaly-detection\data\mvtec_ad\hazelnut\ground_truth\print\008_mask.png,28795,0.02746105194091797,-3.5949865348429233
hazelnut,print,D:\Research\research-experiments\industrial-anomaly-detection\data\mvtec_ad\hazelnut\test\print\009.png,2,0.25,0,1,53.89759826660156,38.21235780715942,1.7221757096886032,9.107804953466847,D:\Research\research-experiments\industrial-anomaly-detection\data\mvtec_ad\hazelnut\ground_truth\print\009_mask.png,30884,0.029453277587890625,-3.5249500478181215
hazelnut,print,D:\Research\research-experiments\industrial-anomaly-detection\data\mvtec_ad\hazelnut\test\print\010.png,2,0.25,0,1,65.2098617553711,38.21235780715942,1.7221757096886032,15.676393411153878,D:\Research\research-experiments\industrial-anomaly-detection\data\mvtec_ad\hazelnut\ground_truth\print\010_mask.png,25541,0.02435779571533203,-3.714903287056452
hazelnut,print,D:\Research\research-experiments\industrial-anomaly-detection\data\mvtec_ad\hazelnut\test\print\011.png,2,0.25,0,1,58.893150329589844,38.21235780715942,1.7221757096886032,12.008526427404924,D:\Research\research-experiments\industrial-anomaly-detection\data\mvtec_ad\hazelnut\ground_truth\print\011_mask.png,50619,0.04827404022216797,-3.0308613116173917
hazelnut,print,D:\Research\research-experiments\industrial-anomaly-detection\data\mvtec_ad\hazelnut\test\print\012.png,2,0.25,0,1,65.8459701538086,38.21235780715942,1.7221757096886032,16.045756650258276,D:\Research\research-experiments\industrial-anomaly-detection\data\mvtec_ad\hazelnut\ground_truth\print\012_mask.png,20185,0.019249916076660156,-3.950248525963588
hazelnut,print,D:\Research\research-experiments\industrial-anomaly-detection\data\mvtec_ad\hazelnut\test\print\013.png,2,0.25,0,1,59.41437911987305,38.21235780715942,1.7221757096886032,12.31118357635371,D:\Research\research-experiments\industrial-anomaly-detection\data\mvtec_ad\hazelnut\ground_truth\print\013_mask.png,20164,0.019229888916015625,-3.9512894439940056
hazelnut,print,D:\Research\research-experiments\industrial-anomaly-detection\data\mvtec_ad\hazelnut\test\print\014.png,2,0.25,0,1,58.95054244995117,38.21235780715942,1.7221757096886032,12.041851784416089,D:\Research\research-experiments\industrial-anomaly-detection\data\mvtec_ad\hazelnut\ground_truth\print\014_mask.png,22566,0.021520614624023438,-3.8387439370334415
hazelnut,print,D:\Research\research-experiments\industrial-anomaly-detection\data\mvtec_ad\hazelnut\test\print\015.png,2,0.25,0,1,51.930870056152344,38.21235780715942,1.7221757096886032,7.965802892129658,D:\Research\research-experiments\industrial-anomaly-detection\data\mvtec_ad\hazelnut\ground_truth\print\015_mask.png,15902,0.015165328979492188,-4.188743378797598
hazelnut,print,D:\Research\research-experiments\industrial-anomaly-detection\data\mvtec_ad\hazelnut\test\print\016.png,2,0.25,0,1,58.936363220214844,38.21235780715942,1.7221757096886032,12.033618460919213,D:\Research\research-experiments\industrial-anomaly-detection\data\mvtec_ad\hazelnut\ground_truth\print\016_mask.png,46948,0.044773101806640625,-3.1061477036440532
hazelnut,good,D:\Research\research-experiments\industrial-anomaly-detection\data\mvtec_ad\hazelnut\test\good\000.png,2,0.5,1,0,37.23114776611328,38.97068195343017,1.5763462714885945,-1.1035228862971798,,,,
hazelnut,good,D:\Research\research-experiments\industrial-anomaly-detection\data\mvtec_ad\hazelnut\test\good\001.png,2,0.5,1,0,40.72641372680664,38.97068195343017,1.5763462714885945,1.1137982847629497,,,,
hazelnut,good,D:\Research\research-experiments\industrial-anomaly-detection\data\mvtec_ad\hazelnut\test\good\002.png,2,0.5,1,0,38.22097396850586,38.97068195343017,1.5763462714885945,-0.47559853979058814,,,,
hazelnut,good,D:\Research\research-experiments\industrial-anomaly-detection\data\mvtec_ad\hazelnut\test\good\003.png,2,0.5,1,0,37.46745300292969,38.97068195343017,1.5763462714885945,-0.9536159520845239,,,,
hazelnut,good,D:\Research\research-experiments\industrial-anomaly-detection\data\mvtec_ad\hazelnut\test\good\004.png,2,0.5,1,0,37.710289001464844,38.97068195343017,1.5763462714885945,-0.799566043807811,,,,
hazelnut,good,D:\Research\research-experiments\industrial-anomaly-detection\data\mvtec_ad\hazelnut\test\good\005.png,2,0.5,1,0,40.487403869628906,38.97068195343017,1.5763462714885945,0.9621755978567095,,,,
hazelnut,good,D:\Research\research-experiments\industrial-anomaly-detection\data\mvtec_ad\hazelnut\test\good\006.png,2,0.5,1,0,37.662193298339844,38.97068195343017,1.5763462714885945,-0.8300769182234822,,,,
hazelnut,good,D:\Research\research-experiments\industrial-anomaly-detection\data\mvtec_ad\hazelnut\test\good\007.png,2,0.5,1,0,38.02415084838867,38.97068195343017,1.5763462714885945,-0.6004588726229937,,,,
hazelnut,good,D:\Research\research-experiments\industrial-anomaly-detection\data\mvtec_ad\hazelnut\test\good\008.png,2,0.5,1,0,40.45622634887695,38.97068195343017,1.5763462714885945,0.9423972526315127,,,,
hazelnut,good,D:\Research\research-experiments\industrial-anomaly-detection\data\mvtec_ad\hazelnut\test\good\009.png,2,0.5,1,0,38.67436981201172,38.97068195343017,1.5763462714885945,-0.1879740173703314,,,,
hazelnut,good,D:\Research\research-experiments\industrial-anomaly-detection\data\mvtec_ad\hazelnut\test\good\010.png,2,0.5,1,0,36.8984260559082,38.97068195343017,1.5763462714885945,-1.314594347068853,,,,
hazelnut,good,D:\Research\research-experiments\industrial-anomaly-detection\data\mvtec_ad\hazelnut\test\good\011.png,2,0.5,1,0,40.11977767944336,38.97068195343017,1.5763462714885945,0.7289614894880034,,,,
hazelnut,good,D:\Research\research-experiments\industrial-anomaly-detection\data\mvtec_ad\hazelnut\test\good\012.png,2,0.5,1,0,39.66958999633789,38.97068195343017,1.5763462714885945,0.44337215467748486,,,,
hazelnut,good,D:\Research\research-experiments\industrial-anomaly-detection\data\mvtec_ad\hazelnut\test\good\013.png,2,0.5,1,0,43.50419235229492,38.97068195343017,1.5763462714885945,2.8759609997260367,,,,
hazelnut,good,D:\Research\research-experiments\industrial-anomaly-detection\data\mvtec_ad\hazelnut\test\good\014.png,2,0.5,1,0,39.0810432434082,38.97068195343017,1.5763462714885945,0.07001081676921941,,,,
hazelnut,good,D:\Research\research-experiments\industrial-anomaly-detection\data\mvtec_ad\hazelnut\test\good\015.png,2,0.5,1,0,37.222434997558594,38.97068195343017,1.5763462714885945,-1.1090500783312371,,,,
hazelnut,good,D:\Research\research-experiments\industrial-anomaly-detection\data\mvtec_ad\hazelnut\test\good\016.png,2,0.5,1,0,37.537837982177734,38.97068195343017,1.5763462714885945,-0.9089652427060698,,,,
hazelnut,good,D:\Research\research-experiments\industrial-anomaly-detection\data\mvtec_ad\hazelnut\test\good\017.png,2,0.5,1,0,40.38090896606445,38.97068195343017,1.5763462714885945,0.8946175330516419,,,,
hazelnut,good,D:\Research\research-experiments\industrial-anomaly-detection\data\mvtec_ad\hazelnut\test\good\018.png,2,0.5,1,0,37.26866149902344,38.97068195343017,1.5763462714885945,-1.079724985043713,,,,
hazelnut,good,D:\Research\research-experiments\industrial-anomaly-detection\data\mvtec_ad\hazelnut\test\good\019.png,2,0.5,1,0,38.656856536865234,38.97068195343017,1.5763462714885945,-0.1990840605526241,,,,
hazelnut,good,D:\Research\research-experiments\industrial-anomaly-detection\data\mvtec_ad\hazelnut\test\good\020.png,2,0.5,1,0,40.73268508911133,38.97068195343017,1.5763462714885945,1.1177767014459576,,,,
hazelnut,good,D:\Research\research-experiments\industrial-anomaly-detection\data\mvtec_ad\hazelnut\test\good\021.png,2,0.5,1,0,38.49249267578125,38.97068195343017,1.5763462714885945,-0.30335294110053207,,,,
hazelnut,good,D:\Research\research-experiments\industrial-anomaly-detection\data\mvtec_ad\hazelnut\test\good\022.png,2,0.5,1,0,39.42835998535156,38.97068195343017,1.5763462714885945,0.2903410501863842,,,,
hazelnut,good,D:\Research\research-experiments\industrial-anomaly-detection\data\mvtec_ad\hazelnut\test\good\023.png,2,0.5,1,0,41.11037063598633,38.97068195343017,1.5763462714885945,1.357372248253284,,,,
hazelnut,good,D:\Research\research-experiments\industrial-anomaly-detection\data\mvtec_ad\hazelnut\test\good\024.png,2,0.5,1,0,38.82931900024414,38.97068195343017,1.5763462714885945,-0.08967760176990727,,,,
hazelnut,good,D:\Research\research-experiments\industrial-anomaly-detection\data\mvtec_ad\hazelnut\test\good\025.png,2,0.5,1,0,37.23086929321289,38.97068195343017,1.5763462714885945,-1.103699543485659,,,,
hazelnut,good,D:\Research\research-experiments\industrial-anomaly-detection\data\mvtec_ad\hazelnut\test\good\026.png,2,0.5,1,0,37.762271881103516,38.97068195343017,1.5763462714885945,-0.766589228637891,,,,
hazelnut,good,D:\Research\research-experiments\industrial-anomaly-detection\data\mvtec_ad\hazelnut\test\good\027.png,2,0.5,1,0,41.44423294067383,38.97068195343017,1.5763462714885945,1.5691672775092755,,,,
hazelnut,good,D:\Research\research-experiments\industrial-anomaly-detection\data\mvtec_ad\hazelnut\test\good\028.png,2,0.5,1,0,36.6527099609375,38.97068195343017,1.5763462714885945,-1.4704713262675069,,,,
hazelnut,good,D:\Research\research-experiments\industrial-anomaly-detection\data\mvtec_ad\hazelnut\test\good\029.png,2,0.5,1,0,39.093048095703125,38.97068195343017,1.5763462714885945,0.07762643556570713,,,,
hazelnut,good,D:\Research\research-experiments\industrial-anomaly-detection\data\mvtec_ad\hazelnut\test\good\030.png,2,0.5,1,0,36.898807525634766,38.97068195343017,1.5763462714885945,-1.3143523509202515,,,,
hazelnut,good,D:\Research\research-experiments\industrial-anomaly-detection\data\mvtec_ad\hazelnut\test\good\031.png,2,0.5,1,0,39.39629364013672,38.97068195343017,1.5763462714885945,0.26999885393494605,,,,
hazelnut,good,D:\Research\research-experiments\industrial-anomaly-detection\data\mvtec_ad\hazelnut\test\good\032.png,2,0.5,1,0,40.15027618408203,38.97068195343017,1.5763462714885945,0.7483090815686896,,,,
hazelnut,good,D:\Research\research-experiments\industrial-anomaly-detection\data\mvtec_ad\hazelnut\test\good\033.png,2,0.5,1,0,38.107872009277344,38.97068195343017,1.5763462714885945,-0.5473479778894329,,,,
hazelnut,good,D:\Research\research-experiments\industrial-anomaly-detection\data\mvtec_ad\hazelnut\test\good\034.png,2,0.5,1,0,38.27893829345703,38.97068195343017,1.5763462714885945,-0.4388272250105974,,,,
hazelnut,good,D:\Research\research-experiments\industrial-anomaly-detection\data\mvtec_ad\hazelnut\test\good\035.png,2,0.5,1,0,37.8317985534668,38.97068195343017,1.5763462714885945,-0.7224830105937903,,,,
hazelnut,good,D:\Research\research-experiments\industrial-anomaly-detection\data\mvtec_ad\hazelnut\test\good\036.png,2,0.5,1,0,40.146968841552734,38.97068195343017,1.5763462714885945,0.746210974960315,,,,
hazelnut,good,D:\Research\research-experiments\industrial-anomaly-detection\data\mvtec_ad\hazelnut\test\good\037.png,2,0.5,1,0,40.70881271362305,38.97068195343017,1.5763462714885945,1.1026325824664787,,,,
hazelnut,good,D:\Research\research-experiments\industrial-anomaly-detection\data\mvtec_ad\hazelnut\test\good\038.png,2,0.5,1,0,38.309654235839844,38.97068195343017,1.5763462714885945,-0.4193416951252084,,,,
hazelnut,good,D:\Research\research-experiments\industrial-anomaly-detection\data\mvtec_ad\hazelnut\test\good\039.png,2,0.5,1,0,41.22114562988281,38.97068195343017,1.5763462714885945,1.42764550984566,,,,
hazelnut,crack,D:\Research\research-experiments\industrial-anomaly-detection\data\mvtec_ad\hazelnut\test\crack\000.png,2,0.5,0,1,57.042877197265625,38.97068195343017,1.5763462714885945,11.464610010317909,D:\Research\research-experiments\industrial-anomaly-detection\data\mvtec_ad\hazelnut\ground_truth\crack\000_mask.png,66262,0.06319236755371094,-2.7615717358527037
hazelnut,crack,D:\Research\research-experiments\industrial-anomaly-detection\data\mvtec_ad\hazelnut\test\crack\001.png,2,0.5,0,1,56.54383850097656,38.97068195343017,1.5763462714885945,11.148030648717487,D:\Research\research-experiments\industrial-anomaly-detection\data\mvtec_ad\hazelnut\ground_truth\crack\001_mask.png,66479,0.0633993148803711,-2.758302208127599
hazelnut,crack,D:\Research\research-experiments\industrial-anomaly-detection\data\mvtec_ad\hazelnut\test\crack\002.png,2,0.5,0,1,50.88446044921875,38.97068195343017,1.5763462714885945,7.557843546987942,D:\Research\research-experiments\industrial-anomaly-detection\data\mvtec_ad\hazelnut\ground_truth\crack\002_mask.png,13434,0.012811660766601562,-4.3573994473182065
hazelnut,crack,D:\Research\research-experiments\industrial-anomaly-detection\data\mvtec_ad\hazelnut\test\crack\003.png,2,0.5,0,1,54.794918060302734,38.97068195343017,1.5763462714885945,10.038553326185893,D:\Research\research-experiments\industrial-anomaly-detection\data\mvtec_ad\hazelnut\ground_truth\crack\003_mask.png,22632,0.02158355712890625,-3.8358234518859384
hazelnut,crack,D:\Research\research-experiments\industrial-anomaly-detection\data\mvtec_ad\hazelnut\test\crack\004.png,2,0.5,0,1,60.323394775390625,38.97068195343017,1.5763462714885945,13.54569944952285,D:\Research\research-experiments\industrial-anomaly-detection\data\mvtec_ad\hazelnut\ground_truth\crack\004_mask.png,28420,0.027103424072265625,-3.608095172652108
hazelnut,crack,D:\Research\research-experiments\industrial-anomaly-detection\data\mvtec_ad\hazelnut\test\crack\005.png,2,0.5,0,1,54.53135681152344,38.97068195343017,1.5763462714885945,9.871355767155663,D:\Research\research-experiments\industrial-anomaly-detection\data\mvtec_ad\hazelnut\ground_truth\crack\005_mask.png,16317,0.015561103820800781,-4.162980758845045
hazelnut,crack,D:\Research\research-experiments\industrial-anomaly-detection\data\mvtec_ad\hazelnut\test\crack\006.png,2,0.5,0,1,57.96031188964844,38.97068195343017,1.5763462714885945,12.046610747704403,D:\Research\research-experiments\industrial-anomaly-detection\data\mvtec_ad\hazelnut\ground_truth\crack\006_mask.png,42808,0.04082489013671875,-3.198463306712905
hazelnut,crack,D:\Research\research-experiments\industrial-anomaly-detection\data\mvtec_ad\hazelnut\test\crack\007.png,2,0.5,0,1,53.908470153808594,38.97068195343017,1.5763462714885945,9.476209935950296,D:\Research\research-experiments\industrial-anomaly-detection\data\mvtec_ad\hazelnut\ground_truth\crack\007_mask.png,234892,0.22401046752929688,-1.4960624937133307
hazelnut,crack,D:\Research\research-experiments\industrial-anomaly-detection\data\mvtec_ad\hazelnut\test\crack\008.png,2,0.5,0,1,60.569862365722656,38.97068195343017,1.5763462714885945,13.702053161134248,D:\Research\research-experiments\industrial-anomaly-detection\data\mvtec_ad\hazelnut\ground_truth\crack\008_mask.png,146408,0.13962554931640625,-1.968791080211775
hazelnut,crack,D:\Research\research-experiments\industrial-anomaly-detection\data\mvtec_ad\hazelnut\test\crack\009.png,2,0.5,0,1,54.85624313354492,38.97068195343017,1.5763462714885945,10.077456627035062,D:\Research\research-experiments\industrial-anomaly-detection\data\mvtec_ad\hazelnut\ground_truth\crack\009_mask.png,251942,0.24027061462402344,-1.4259894257641161
hazelnut,crack,D:\Research\research-experiments\industrial-anomaly-detection\data\mvtec_ad\hazelnut\test\crack\010.png,2,0.5,0,1,50.773372650146484,38.97068195343017,1.5763462714885945,7.487371848553713,D:\Research\research-experiments\industrial-anomaly-detection\data\mvtec_ad\hazelnut\ground_truth\crack\010_mask.png,290021,0.27658557891845703,-1.2852349944493806
hazelnut,crack,D:\Research\research-experiments\industrial-anomaly-detection\data\mvtec_ad\hazelnut\test\crack\011.png,2,0.5,0,1,57.624000549316406,38.97068195343017,1.5763462714885945,11.83326210317439,D:\Research\research-experiments\industrial-anomaly-detection\data\mvtec_ad\hazelnut\ground_truth\crack\011_mask.png,80208,0.0764923095703125,-2.570565058622412
hazelnut,crack,D:\Research\research-experiments\industrial-anomaly-detection\data\mvtec_ad\hazelnut\test\crack\012.png,2,0.5,0,1,53.581329345703125,38.97068195343017,1.5763462714885945,9.268678878832661,D:\Research\research-experiments\industrial-anomaly-detection\data\mvtec_ad\hazelnut\ground_truth\crack\012_mask.png,16584,0.01581573486328125,-4.146749893855121
hazelnut,crack,D:\Research\research-experiments\industrial-anomaly-detection\data\mvtec_ad\hazelnut\test\crack\013.png,2,0.5,0,1,54.724205017089844,38.97068195343017,1.5763462714885945,9.993694500119641,D:\Research\research-experiments\industrial-anomaly-detection\data\mvtec_ad\hazelnut\ground_truth\crack\013_mask.png,16456,0.01569366455078125,-4.154498116146135
hazelnut,crack,D:\Research\research-experiments\industrial-anomaly-detection\data\mvtec_ad\hazelnut\test\crack\014.png,2,0.5,0,1,59.11091613769531,38.97068195343017,1.5763462714885945,12.776529210962048,D:\Research\research-experiments\industrial-anomaly-detection\data\mvtec_ad\hazelnut\ground_truth\crack\014_mask.png,23082,0.022012710571289062,-3.816135193790258
hazelnut,crack,D:\Research\research-experiments\industrial-anomaly-detection\data\mvtec_ad\hazelnut\test\crack\015.png,2,0.5,0,1,57.2083854675293,38.97068195343017,1.5763462714885945,11.56960487931162,D:\Research\research-experiments\industrial-anomaly-detection\data\mvtec_ad\hazelnut\ground_truth\crack\015_mask.png,55765,0.05318164825439453,-2.9340418809667903
hazelnut,crack,D:\Research\research-experiments\industrial-anomaly-detection\data\mvtec_ad\hazelnut\test\crack\016.png,2,0.5,0,1,48.584049224853516,38.97068195343017,1.5763462714885945,6.098512392423228,D:\Research\research-experiments\industrial-anomaly-detection\data\mvtec_ad\hazelnut\ground_truth\crack\016_mask.png,30315,0.02891063690185547,-3.5435456581037306
hazelnut,crack,D:\Research\research-experiments\industrial-anomaly-detection\data\mvtec_ad\hazelnut\test\crack\017.png,2,0.5,0,1,51.908447265625,38.97068195343017,1.5763462714885945,8.207438648601794,D:\Research\research-experiments\industrial-anomaly-detection\data\mvtec_ad\hazelnut\ground_truth\crack\017_mask.png,183595,0.17508983612060547,-1.7424560818053216
hazelnut,cut,D:\Research\research-experiments\industrial-anomaly-detection\data\mvtec_ad\hazelnut\test\cut\000.png,2,0.5,0,1,57.506282806396484,38.97068195343017,1.5763462714885945,11.758584511677467,D:\Research\research-experiments\industrial-anomaly-detection\data\mvtec_ad\hazelnut\ground_truth\cut\000_mask.png,4168,0.00397491455078125,-5.5277517761879995
hazelnut,cut,D:\Research\research-experiments\industrial-anomaly-detection\data\mvtec_ad\hazelnut\test\cut\001.png,2,0.5,0,1,47.0489501953125,38.97068195343017,1.5763462714885945,5.124678751105719,D:\Research\research-experiments\industrial-anomaly-detection\data\mvtec_ad\hazelnut\ground_truth\cut\001_mask.png,16388,0.015628814697265625,-4.1586389085477675
hazelnut,cut,D:\Research\research-experiments\industrial-anomaly-detection\data\mvtec_ad\hazelnut\test\cut\002.png,2,0.5,0,1,55.002357482910156,38.97068195343017,1.5763462714885945,10.170148411833877,D:\Research\research-experiments\industrial-anomaly-detection\data\mvtec_ad\hazelnut\ground_truth\cut\002_mask.png,6489,0.006188392639160156,-5.085079734984902
hazelnut,cut,D:\Research\research-experiments\industrial-anomaly-detection\data\mvtec_ad\hazelnut\test\cut\003.png,2,0.5,0,1,58.65742111206055,38.97068195343017,1.5763462714885945,12.488841769543155,D:\Research\research-experiments\industrial-anomaly-detection\data\mvtec_ad\hazelnut\ground_truth\cut\003_mask.png,5618,0.0053577423095703125,-5.229212416888953
hazelnut,cut,D:\Research\research-experiments\industrial-anomaly-detection\data\mvtec_ad\hazelnut\test\cut\004.png,2,0.5,0,1,63.09361267089844,38.97068195343017,1.5763462714885945,15.303065800820656,D:\Research\research-experiments\industrial-anomaly-detection\data\mvtec_ad\hazelnut\ground_truth\cut\004_mask.png,11200,0.01068115234375,-4.539274460292868
hazelnut,cut,D:\Research\research-experiments\industrial-anomaly-detection\data\mvtec_ad\hazelnut\test\cut\005.png,2,0.5,0,1,61.12071990966797,38.97068195343017,1.5763462714885945,14.05150527956069,D:\Research\research-experiments\industrial-anomaly-detection\data\mvtec_ad\hazelnut\ground_truth\cut\005_mask.png,6586,0.0062808990478515625,-5.070241989049733
hazelnut,cut,D:\Research\research-experiments\industrial-anomaly-detection\data\mvtec_ad\hazelnut\test\cut\006.png,2,0.5,0,1,47.41605758666992,38.97068195343017,1.5763462714885945,5.357563744712327,D:\Research\research-experiments\industrial-anomaly-detection\data\mvtec_ad\hazelnut\ground_truth\cut\006_mask.png,10732,0.010234832763671875,-4.581958301947843
hazelnut,cut,D:\Research\research-experiments\industrial-anomaly-detection\data\mvtec_ad\hazelnut\test\cut\007.png,2,0.5,0,1,58.57238006591797,38.97068195343017,1.5763462714885945,12.434893568135433,D:\Research\research-experiments\industrial-anomaly-detection\data\mvtec_ad\hazelnut\ground_truth\cut\007_mask.png,6952,0.00662994384765625,-5.016158793422849
hazelnut,cut,D:\Research\research-experiments\industrial-anomaly-detection\data\mvtec_ad\hazelnut\test\cut\008.png,2,0.5,0,1,62.141334533691406,38.97068195343017,1.5763462714885945,14.698961135220905,D:\Research\research-experiments\industrial-anomaly-detection\data\mvtec_ad\hazelnut\ground_truth\cut\008_mask.png,21145,0.020165443420410156,-3.9037848117025336
hazelnut,cut,D:\Research\research-experiments\industrial-anomaly-detection\data\mvtec_ad\hazelnut\test\cut\009.png,2,0.5,0,1,58.88759994506836,38.97068195343017,1.5763462714885945,12.634862245609272,D:\Research\research-experiments\industrial-anomaly-detection\data\mvtec_ad\hazelnut\ground_truth\cut\009_mask.png,10831,0.010329246520996094,-4.5727758425506915
hazelnut,cut,D:\Research\research-experiments\industrial-anomaly-detection\data\mvtec_ad\hazelnut\test\cut\010.png,2,0.5,0,1,56.69765090942383,38.97068195343017,1.5763462714885945,11.24560591579508,D:\Research\research-experiments\industrial-anomaly-detection\data\mvtec_ad\hazelnut\ground_truth\cut\010_mask.png,6037,0.005757331848144531,-5.157280958710927
hazelnut,cut,D:\Research\research-experiments\industrial-anomaly-detection\data\mvtec_ad\hazelnut\test\cut\011.png,2,0.5,0,1,61.61662673950195,38.97068195343017,1.5763462714885945,14.366097852781094,D:\Research\research-experiments\industrial-anomaly-detection\data\mvtec_ad\hazelnut\ground_truth\cut\011_mask.png,6604,0.006298065185546875,-5.067512647379978
hazelnut,cut,D:\Research\research-experiments\industrial-anomaly-detection\data\mvtec_ad\hazelnut\test\cut\012.png,2,0.5,0,1,54.91508102416992,38.97068195343017,1.5763462714885945,10.11478211299535,D:\Research\research-experiments\industrial-anomaly-detection\data\mvtec_ad\hazelnut\ground_truth\cut\012_mask.png,8760,0.00835418701171875,-4.78499230756802
hazelnut,cut,D:\Research\research-experiments\industrial-anomaly-detection\data\mvtec_ad\hazelnut\test\cut\013.png,2,0.5,0,1,57.45293426513672,38.97068195343017,1.5763462714885945,11.724741350295554,D:\Research\research-experiments\industrial-anomaly-detection\data\mvtec_ad\hazelnut\ground_truth\cut\013_mask.png,11223,0.010703086853027344,-4.537222994751665
hazelnut,cut,D:\Research\research-experiments\industrial-anomaly-detection\data\mvtec_ad\hazelnut\test\cut\014.png,2,0.5,0,1,57.1291618347168,38.97068195343017,1.5763462714885945,11.519347119170071,D:\Research\research-experiments\industrial-anomaly-detection\data\mvtec_ad\hazelnut\ground_truth\cut\014_mask.png,6144,0.005859375,-5.139712165704746
hazelnut,cut,D:\Research\research-experiments\industrial-anomaly-detection\data\mvtec_ad\hazelnut\test\cut\015.png,2,0.5,0,1,58.58485412597656,38.97068195343017,1.5763462714885945,12.4428068421947,D:\Research\research-experiments\industrial-anomaly-detection\data\mvtec_ad\hazelnut\ground_truth\cut\015_mask.png,9185,0.008759498596191406,-4.737616499387901
hazelnut,cut,D:\Research\research-experiments\industrial-anomaly-detection\data\mvtec_ad\hazelnut\test\cut\016.png,2,0.5,0,1,54.6387939453125,38.97068195343017,1.5763462714885945,9.939511562447777,D:\Research\research-experiments\industrial-anomaly-detection\data\mvtec_ad\hazelnut\ground_truth\cut\016_mask.png,8242,0.007860183715820312,-4.845945172076663
hazelnut,hole,D:\Research\research-experiments\industrial-anomaly-detection\data\mvtec_ad\hazelnut\test\hole\000.png,2,0.5,0,1,64.86016082763672,38.97068195343017,1.5763462714885945,16.423725765379125,D:\Research\research-experiments\industrial-anomaly-detection\data\mvtec_ad\hazelnut\ground_truth\hole\000_mask.png,14373,0.013707160949707031,-4.2898368126931095
hazelnut,hole,D:\Research\research-experiments\industrial-anomaly-detection\data\mvtec_ad\hazelnut\test\hole\001.png,2,0.5,0,1,63.52271270751953,38.97068195343017,1.5763462714885945,15.575277588536487,D:\Research\research-experiments\industrial-anomaly-detection\data\mvtec_ad\hazelnut\ground_truth\hole\001_mask.png,4231,0.004034996032714844,-5.512749712647151
hazelnut,hole,D:\Research\research-experiments\industrial-anomaly-detection\data\mvtec_ad\hazelnut\test\hole\002.png,2,0.5,0,1,68.03990936279297,38.97068195343017,1.5763462714885945,18.440889501969504,D:\Research\research-experiments\industrial-anomaly-detection\data\mvtec_ad\hazelnut\ground_truth\hole\002_mask.png,7308,0.006969451904296875,-4.966218550217713
hazelnut,hole,D:\Research\research-experiments\industrial-anomaly-detection\data\mvtec_ad\hazelnut\test\hole\003.png,2,0.5,0,1,70.02620697021484,38.97068195343017,1.5763462714885945,19.700953767891328,D:\Research\research-experiments\industrial-anomaly-detection\data\mvtec_ad\hazelnut\ground_truth\hole\003_mask.png,9242,0.008813858032226562,-4.731429906311008
hazelnut,hole,D:\Research\research-experiments\industrial-anomaly-detection\data\mvtec_ad\hazelnut\test\hole\004.png,2,0.5,0,1,66.125244140625,38.97068195343017,1.5763462714885945,17.226267272832068,D:\Research\research-experiments\industrial-anomaly-detection\data\mvtec_ad\hazelnut\ground_truth\hole\004_mask.png,11881,0.011330604553222656,-4.4802477584840785
hazelnut,hole,D:\Research\research-experiments\industrial-anomaly-detection\data\mvtec_ad\hazelnut\test\hole\005.png,2,0.5,0,1,60.66267013549805,38.97068195343017,1.5763462714885945,13.760928404127496,D:\Research\research-experiments\industrial-anomaly-detection\data\mvtec_ad\hazelnut\ground_truth\hole\005_mask.png,12519,0.011939048767089844,-4.427940758180481
hazelnut,hole,D:\Research\research-experiments\industrial-anomaly-detection\data\mvtec_ad\hazelnut\test\hole\006.png,2,0.5,0,1,62.932003021240234,38.97068195343017,1.5763462714885945,15.200544132465652,D:\Research\research-experiments\industrial-anomaly-detection\data\mvtec_ad\hazelnut\ground_truth\hole\006_mask.png,13410,0.012788772583007812,-4.359187556729598
hazelnut,hole,D:\Research\research-experiments\industrial-anomaly-detection\data\mvtec_ad\hazelnut\test\hole\007.png,2,0.5,0,1,69.74430847167969,38.97068195343017,1.5763462714885945,19.522123453997825,D:\Research\research-experiments\industrial-anomaly-detection\data\mvtec_ad\hazelnut\ground_truth\hole\007_mask.png,2442,0.0023288726806640625,-6.062370527136047
hazelnut,hole,D:\Research\research-experiments\industrial-anomaly-detection\data\mvtec_ad\hazelnut\test\hole\008.png,2,0.5,0,1,58.971534729003906,38.97068195343017,1.5763462714885945,12.68810865818605,D:\Research\research-experiments\industrial-anomaly-detection\data\mvtec_ad\hazelnut\ground_truth\hole\008_mask.png,5511,0.005255699157714844,-5.248442047046046
hazelnut,hole,D:\Research\research-experiments\industrial-anomaly-detection\data\mvtec_ad\hazelnut\test\hole\009.png,2,0.5,0,1,66.41275787353516,38.97068195343017,1.5763462714885945,17.40865977003298,D:\Research\research-experiments\industrial-anomaly-detection\data\mvtec_ad\hazelnut\ground_truth\hole\009_mask.png,9068,0.008647918701171875,-4.750436483936734
hazelnut,hole,D:\Research\research-experiments\industrial-anomaly-detection\data\mvtec_ad\hazelnut\test\hole\010.png,2,0.5,0,1,71.28485107421875,38.97068195343017,1.5763462714885945,20.499410380355876,D:\Research\research-experiments\industrial-anomaly-detection\data\mvtec_ad\hazelnut\ground_truth\hole\010_mask.png,14880,0.014190673828125,-4.2551702323430085
hazelnut,hole,D:\Research\research-experiments\industrial-anomaly-detection\data\mvtec_ad\hazelnut\test\hole\011.png,2,0.5,0,1,67.07027435302734,38.97068195343017,1.5763462714885945,17.825774011608388,D:\Research\research-experiments\industrial-anomaly-detection\data\mvtec_ad\hazelnut\ground_truth\hole\011_mask.png,13478,0.012853622436523438,-4.354129527893667
hazelnut,hole,D:\Research\research-experiments\industrial-anomaly-detection\data\mvtec_ad\hazelnut\test\hole\012.png,2,0.5,0,1,68.08077239990234,38.97068195343017,1.5763462714885945,18.466812129407693,D:\Research\research-experiments\industrial-anomaly-detection\data\mvtec_ad\hazelnut\ground_truth\hole\012_mask.png,16808,0.01602935791015625,-4.133333306288542
hazelnut,hole,D:\Research\research-experiments\industrial-anomaly-detection\data\mvtec_ad\hazelnut\test\hole\013.png,2,0.5,0,1,62.72764205932617,38.97068195343017,1.5763462714885945,15.07090195573688,D:\Research\research-experiments\industrial-anomaly-detection\data\mvtec_ad\hazelnut\ground_truth\hole\013_mask.png,24372,0.023242950439453125,-3.7617533568067243
hazelnut,hole,D:\Research\research-experiments\industrial-anomaly-detection\data\mvtec_ad\hazelnut\test\hole\014.png,2,0.5,0,1,62.871761322021484,38.97068195343017,1.5763462714885945,15.16232810067851,D:\Research\research-experiments\industrial-anomaly-detection\data\mvtec_ad\hazelnut\ground_truth\hole\014_mask.png,27842,0.026552200317382812,-3.6286426225887323
hazelnut,hole,D:\Research\research-experiments\industrial-anomaly-detection\data\mvtec_ad\hazelnut\test\hole\015.png,2,0.5,0,1,60.58981704711914,38.97068195343017,1.5763462714885945,13.714711979667591,D:\Research\research-experiments\industrial-anomaly-detection\data\mvtec_ad\hazelnut\ground_truth\hole\015_mask.png,6690,0.0063800811767578125,-5.0545743013388265
hazelnut,hole,D:\Research\research-experiments\industrial-anomaly-detection\data\mvtec_ad\hazelnut\test\hole\016.png,2,0.5,0,1,52.523983001708984,38.97068195343017,1.5763462714885945,8.597921214023613,D:\Research\research-experiments\industrial-anomaly-detection\data\mvtec_ad\hazelnut\ground_truth\hole\016_mask.png,30772,0.029346466064453125,-3.5285831125444282
hazelnut,hole,D:\Research\research-experiments\industrial-anomaly-detection\data\mvtec_ad\hazelnut\test\hole\017.png,2,0.5,0,1,62.310699462890625,38.97068195343017,1.5763462714885945,14.80640258527698,D:\Research\research-experiments\industrial-anomaly-detection\data\mvtec_ad\hazelnut\ground_truth\hole\017_mask.png,26873,0.025628089904785156,-3.6640662281231107
hazelnut,print,D:\Research\research-experiments\industrial-anomaly-detection\data\mvtec_ad\hazelnut\test\print\000.png,2,0.5,0,1,60.92904281616211,38.97068195343017,1.5763462714885945,13.929909474772918,D:\Research\research-experiments\industrial-anomaly-detection\data\mvtec_ad\hazelnut\ground_truth\print\000_mask.png,39682,0.03784370422363281,-3.2742906214200165
hazelnut,print,D:\Research\research-experiments\industrial-anomaly-detection\data\mvtec_ad\hazelnut\test\print\001.png,2,0.5,0,1,63.047950744628906,38.97068195343017,1.5763462714885945,15.274098861833062,D:\Research\research-experiments\industrial-anomaly-detection\data\mvtec_ad\hazelnut\ground_truth\print\001_mask.png,26844,0.025600433349609375,-3.665145960858938
hazelnut,print,D:\Research\research-experiments\industrial-anomaly-detection\data\mvtec_ad\hazelnut\test\print\002.png,2,0.5,0,1,65.44087982177734,38.97068195343017,1.5763462714885945,16.792121342318087,D:\Research\research-experiments\industrial-anomaly-detection\data\mvtec_ad\hazelnut\ground_truth\print\002_mask.png,19830,0.018911361694335938,-3.967992336806801
hazelnut,print,D:\Research\research-experiments\industrial-anomaly-detection\data\mvtec_ad\hazelnut\test\print\003.png,2,0.5,0,1,57.93033981323242,38.97068195343017,1.5763462714885945,12.027597110308786,D:\Research\research-experiments\industrial-anomaly-detection\data\mvtec_ad\hazelnut\ground_truth\print\003_mask.png,18439,0.017584800720214844,-4.040720288626451
hazelnut,print,D:\Research\research-experiments\industrial-anomaly-detection\data\mvtec_ad\hazelnut\test\print\004.png,2,0.5,0,1,59.62416076660156,38.97068195343017,1.5763462714885945,13.102120509136387,D:\Research\research-experiments\industrial-anomaly-detection\data\mvtec_ad\hazelnut\ground_truth\print\004_mask.png,32196,0.030704498291015625,-3.4833460784167642
hazelnut,print,D:\Research\research-experiments\industrial-anomaly-detection\data\mvtec_ad\hazelnut\test\print\005.png,2,0.5,0,1,60.16486358642578,38.97068195343017,1.5763462714885945,13.445130690087058,D:\Research\research-experiments\industrial-anomaly-detection\data\mvtec_ad\hazelnut\ground_truth\print\005_mask.png,17078,0.016286849975585938,-4.11739718533213
hazelnut,print,D:\Research\research-experiments\industrial-anomaly-detection\data\mvtec_ad\hazelnut\test\print\006.png,2,0.5,0,1,63.029300689697266,38.97068195343017,1.5763462714885945,15.262267670127937,D:\Research\research-experiments\industrial-anomaly-detection\data\mvtec_ad\hazelnut\ground_truth\print\006_mask.png,31697,0.030228614807128906,-3.4989662599546563
hazelnut,print,D:\Research\research-experiments\industrial-anomaly-detection\data\mvtec_ad\hazelnut\test\print\007.png,2,0.5,0,1,57.14750289916992,38.97068195343017,1.5763462714885945,11.530982293994828,D:\Research\research-experiments\industrial-anomaly-detection\data\mvtec_ad\hazelnut\ground_truth\print\007_mask.png,21320,0.02033233642578125,-3.8955426837363873
hazelnut,print,D:\Research\research-experiments\industrial-anomaly-detection\data\mvtec_ad\hazelnut\test\print\008.png,2,0.5,0,1,73.93180084228516,38.97068195343017,1.5763462714885945,22.17857809619461,D:\Research\research-experiments\industrial-anomaly-detection\data\mvtec_ad\hazelnut\ground_truth\print\008_mask.png,28795,0.02746105194091797,-3.5949865348429233
hazelnut,print,D:\Research\research-experiments\industrial-anomaly-detection\data\mvtec_ad\hazelnut\test\print\009.png,2,0.5,0,1,54.19130325317383,38.97068195343017,1.5763462714885945,9.65563314040787,D:\Research\research-experiments\industrial-anomaly-detection\data\mvtec_ad\hazelnut\ground_truth\print\009_mask.png,30884,0.029453277587890625,-3.5249500478181215
hazelnut,print,D:\Research\research-experiments\industrial-anomaly-detection\data\mvtec_ad\hazelnut\test\print\010.png,2,0.5,0,1,62.6143684387207,38.97068195343017,1.5763462714885945,14.999043619371164,D:\Research\research-experiments\industrial-anomaly-detection\data\mvtec_ad\hazelnut\ground_truth\print\010_mask.png,25541,0.02435779571533203,-3.714903287056452
hazelnut,print,D:\Research\research-experiments\industrial-anomaly-detection\data\mvtec_ad\hazelnut\test\print\011.png,2,0.5,0,1,57.65932083129883,38.97068195343017,1.5763462714885945,11.855668526573398,D:\Research\research-experiments\industrial-anomaly-detection\data\mvtec_ad\hazelnut\ground_truth\print\011_mask.png,50619,0.04827404022216797,-3.0308613116173917
hazelnut,print,D:\Research\research-experiments\industrial-anomaly-detection\data\mvtec_ad\hazelnut\test\print\012.png,2,0.5,0,1,63.92940902709961,38.97068195343017,1.5763462714885945,15.833276942444954,D:\Research\research-experiments\industrial-anomaly-detection\data\mvtec_ad\hazelnut\ground_truth\print\012_mask.png,20185,0.019249916076660156,-3.950248525963588
hazelnut,print,D:\Research\research-experiments\industrial-anomaly-detection\data\mvtec_ad\hazelnut\test\print\013.png,2,0.5,0,1,59.79692840576172,38.97068195343017,1.5763462714885945,13.211720564837986,D:\Research\research-experiments\industrial-anomaly-detection\data\mvtec_ad\hazelnut\ground_truth\print\013_mask.png,20164,0.019229888916015625,-3.9512894439940056
hazelnut,print,D:\Research\research-experiments\industrial-anomaly-detection\data\mvtec_ad\hazelnut\test\print\014.png,2,0.5,0,1,58.671966552734375,38.97068195343017,1.5763462714885945,12.498069082689328,D:\Research\research-experiments\industrial-anomaly-detection\data\mvtec_ad\hazelnut\ground_truth\print\014_mask.png,22566,0.021520614624023438,-3.8387439370334415
hazelnut,print,D:\Research\research-experiments\industrial-anomaly-detection\data\mvtec_ad\hazelnut\test\print\015.png,2,0.5,0,1,52.91620635986328,38.97068195343017,1.5763462714885945,8.84673923405414,D:\Research\research-experiments\industrial-anomaly-detection\data\mvtec_ad\hazelnut\ground_truth\print\015_mask.png,15902,0.015165328979492188,-4.188743378797598
hazelnut,print,D:\Research\research-experiments\industrial-anomaly-detection\data\mvtec_ad\hazelnut\test\print\016.png,2,0.5,0,1,56.34998321533203,38.97068195343017,1.5763462714885945,11.0250530459212,D:\Research\research-experiments\industrial-anomaly-detection\data\mvtec_ad\hazelnut\ground_truth\print\016_mask.png,46948,0.044773101806640625,-3.1061477036440532
hazelnut,good,D:\Research\research-experiments\industrial-anomaly-detection\data\mvtec_ad\hazelnut\test\good\000.png,2,0.75,1,0,39.22417449951172,41.009369945526124,1.6804068163928154,-1.0623590838833485,,,,
hazelnut,good,D:\Research\research-experiments\industrial-anomaly-detection\data\mvtec_ad\hazelnut\test\good\001.png,2,0.75,1,0,44.648284912109375,41.009369945526124,1.6804068163928154,2.1654964328189266,,,,
hazelnut,good,D:\Research\research-experiments\industrial-anomaly-detection\data\mvtec_ad\hazelnut\test\good\002.png,2,0.75,1,0,39.78729248046875,41.009369945526124,1.6804068163928154,-0.7272509568133644,,,,
hazelnut,good,D:\Research\research-experiments\industrial-anomaly-detection\data\mvtec_ad\hazelnut\test\good\003.png,2,0.75,1,0,39.43241882324219,41.009369945526124,1.6804068163928154,-0.9384341380315525,,,,
hazelnut,good,D:\Research\research-experiments\industrial-anomaly-detection\data\mvtec_ad\hazelnut\test\good\004.png,2,0.75,1,0,40.507381439208984,41.009369945526124,1.6804068163928154,-0.29873034399772047,,,,
hazelnut,good,D:\Research\research-experiments\industrial-anomaly-detection\data\mvtec_ad\hazelnut\test\good\005.png,2,0.75,1,0,41.86859893798828,41.009369945526124,1.6804068163928154,0.5113220108845962,,,,
hazelnut,good,D:\Research\research-experiments\industrial-anomaly-detection\data\mvtec_ad\hazelnut\test\good\006.png,2,0.75,1,0,39.27350616455078,41.009369945526124,1.6804068163928154,-1.033002106419428,,,,
hazelnut,good,D:\Research\research-experiments\industrial-anomaly-detection\data\mvtec_ad\hazelnut\test\good\007.png,2,0.75,1,0,40.43280792236328,41.009369945526124,1.6804068163928154,-0.3431085958104474,,,,
hazelnut,good,D:\Research\research-experiments\industrial-anomaly-detection\data\mvtec_ad\hazelnut\test\good\008.png,2,0.75,1,0,42.07273864746094,41.009369945526124,1.6804068163928154,0.6328043254534369,,,,
hazelnut,good,D:\Research\research-experiments\industrial-anomaly-detection\data\mvtec_ad\hazelnut\test\good\009.png,2,0.75,1,0,40.501651763916016,41.009369945526124,1.6804068163928154,-0.3021400393387976,,,,
hazelnut,good,D:\Research\research-experiments\industrial-anomaly-detection\data\mvtec_ad\hazelnut\test\good\010.png,2,0.75,1,0,39.645233154296875,41.009369945526124,1.6804068163928154,-0.8117896082792169,,,,
hazelnut,good,D:\Research\research-experiments\industrial-anomaly-detection\data\mvtec_ad\hazelnut\test\good\011.png,2,0.75,1,0,41.71321487426758,41.009369945526124,1.6804068163928154,0.4188538881628301,,,,
hazelnut,good,D:\Research\research-experiments\industrial-anomaly-detection\data\mvtec_ad\hazelnut\test\good\012.png,2,0.75,1,0,41.19407653808594,41.009369945526124,1.6804068163928154,0.10991778345454868,,,,
hazelnut,good,D:\Research\research-experiments\industrial-anomaly-detection\data\mvtec_ad\hazelnut\test\good\013.png,2,0.75,1,0,46.456886291503906,41.009369945526124,1.6804068163928154,3.241784247026262,,,,
hazelnut,good,D:\Research\research-experiments\industrial-anomaly-detection\data\mvtec_ad\hazelnut\test\good\014.png,2,0.75,1,0,40.96006774902344,41.009369945526124,1.6804068163928154,-0.029339440914980187,,,,
hazelnut,good,D:\Research\research-experiments\industrial-anomaly-detection\data\mvtec_ad\hazelnut\test\good\015.png,2,0.75,1,0,39.238216400146484,41.009369945526124,1.6804068163928154,-1.0540028331839446,,,,
hazelnut,good,D:\Research\research-experiments\industrial-anomaly-detection\data\mvtec_ad\hazelnut\test\good\016.png,2,0.75,1,0,39.83998107910156,41.009369945526124,1.6804068163928154,-0.6958962883373613,,,,
hazelnut,good,D:\Research\research-experiments\industrial-anomaly-detection\data\mvtec_ad\hazelnut\test\good\017.png,2,0.75,1,0,40.936012268066406,41.009369945526124,1.6804068163928154,-0.04365471309928915,,,,
hazelnut,good,D:\Research\research-experiments\industrial-anomaly-detection\data\mvtec_ad\hazelnut\test\good\018.png,2,0.75,1,0,39.05854415893555,41.009369945526124,1.6804068163928154,-1.1609247043988118,,,,
hazelnut,good,D:\Research\research-experiments\industrial-anomaly-detection\data\mvtec_ad\hazelnut\test\good\019.png,2,0.75,1,0,41.6462516784668,41.009369945526124,1.6804068163928154,0.37900449267863096,,,,
hazelnut,good,D:\Research\research-experiments\industrial-anomaly-detection\data\mvtec_ad\hazelnut\test\good\020.png,2,0.75,1,0,41.836997985839844,41.009369945526124,1.6804068163928154,0.49251647412994737,,,,
hazelnut,good,D:\Research\research-experiments\industrial-anomaly-detection\data\mvtec_ad\hazelnut\test\good\021.png,2,0.75,1,0,39.81932067871094,41.009369945526124,1.6804068163928154,-0.7081911684753596,,,,
hazelnut,good,D:\Research\research-experiments\industrial-anomaly-detection\data\mvtec_ad\hazelnut\test\good\022.png,2,0.75,1,0,42.66417694091797,41.009369945526124,1.6804068163928154,0.984765700334444,,,,
hazelnut,good,D:\Research\research-experiments\industrial-anomaly-detection\data\mvtec_ad\hazelnut\test\good\023.png,2,0.75,1,0,42.58918380737305,41.009369945526124,1.6804068163928154,0.9401377371452068,,,,
hazelnut,good,D:\Research\research-experiments\industrial-anomaly-detection\data\mvtec_ad\hazelnut\test\good\024.png,2,0.75,1,0,40.77939224243164,41.009369945526124,1.6804068163928154,-0.13685834933004923,,,,
hazelnut,good,D:\Research\research-experiments\industrial-anomaly-detection\data\mvtec_ad\hazelnut\test\good\025.png,2,0.75,1,0,40.29765701293945,41.009369945526124,1.6804068163928154,-0.42353608997757114,,,,
hazelnut,good,D:\Research\research-experiments\industrial-anomaly-detection\data\mvtec_ad\hazelnut\test\good\026.png,2,0.75,1,0,39.613067626953125,41.009369945526124,1.6804068163928154,-0.8309311203404431,,,,
hazelnut,good,D:\Research\research-experiments\industrial-anomaly-detection\data\mvtec_ad\hazelnut\test\good\027.png,2,0.75,1,0,43.439613342285156,41.009369945526124,1.6804068163928154,1.446223243711797,,,,
hazelnut,good,D:\Research\research-experiments\industrial-anomaly-detection\data\mvtec_ad\hazelnut\test\good\028.png,2,0.75,1,0,38.01125717163086,41.009369945526124,1.6804068163928154,-1.7841588981000778,,,,
hazelnut,good,D:\Research\research-experiments\industrial-anomaly-detection\data\mvtec_ad\hazelnut\test\good\029.png,2,0.75,1,0,41.10934066772461,41.009369945526124,1.6804068163928154,0.059491976123426736,,,,
hazelnut,good,D:\Research\research-experiments\industrial-anomaly-detection\data\mvtec_ad\hazelnut\test\good\030.png,2,0.75,1,0,39.72319030761719,41.009369945526124,1.6804068163928154,-0.7653977747304477,,,,
hazelnut,good,D:\Research\research-experiments\industrial-anomaly-detection\data\mvtec_ad\hazelnut\test\good\031.png,2,0.75,1,0,41.822940826416016,41.009369945526124,1.6804068163928154,0.48415114301685214,,,,
hazelnut,good,D:\Research\research-experiments\industrial-anomaly-detection\data\mvtec_ad\hazelnut\test\good\032.png,2,0.75,1,0,43.08992385864258,41.009369945526124,1.6804068163928154,1.2381251330452228,,,,
hazelnut,good,D:\Research\research-experiments\industrial-anomaly-detection\data\mvtec_ad\hazelnut\test\good\033.png,2,0.75,1,0,40.4599494934082,41.009369945526124,1.6804068163928154,-0.32695680995707627,,,,
hazelnut,good,D:\Research\research-experiments\industrial-anomaly-detection\data\mvtec_ad\hazelnut\test\good\034.png,2,0.75,1,0,39.54865646362305,41.009369945526124,1.6804068163928154,-0.8692618166347751,,,,
hazelnut,good,D:\Research\research-experiments\industrial-anomaly-detection\data\mvtec_ad\hazelnut\test\good\035.png,2,0.75,1,0,39.906681060791016,41.009369945526124,1.6804068163928154,-0.6562035299893368,,,,
hazelnut,good,D:\Research\research-experiments\industrial-anomaly-detection\data\mvtec_ad\hazelnut\test\good\036.png,2,0.75,1,0,42.5433349609375,41.009369945526124,1.6804068163928154,0.9128533641063217,,,,
hazelnut,good,D:\Research\research-experiments\industrial-anomaly-detection\data\mvtec_ad\hazelnut\test\good\037.png,2,0.75,1,0,42.79885482788086,41.009369945526124,1.6804068163928154,1.064911701677138,,,,
hazelnut,good,D:\Research\research-experiments\industrial-anomaly-detection\data\mvtec_ad\hazelnut\test\good\038.png,2,0.75,1,0,39.80305099487305,41.009369945526124,1.6804068163928154,-0.7178731595736909,,,,
hazelnut,good,D:\Research\research-experiments\industrial-anomaly-detection\data\mvtec_ad\hazelnut\test\good\039.png,2,0.75,1,0,42.080867767333984,41.009369945526124,1.6804068163928154,0.6376419158474684,,,,
hazelnut,crack,D:\Research\research-experiments\industrial-anomaly-detection\data\mvtec_ad\hazelnut\test\crack\000.png,2,0.75,0,1,58.00651931762695,41.009369945526124,1.6804068163928154,10.114901466888325,D:\Research\research-experiments\industrial-anomaly-detection\data\mvtec_ad\hazelnut\ground_truth\crack\000_mask.png,66262,0.06319236755371094,-2.7615717358527037
hazelnut,crack,D:\Research\research-experiments\industrial-anomaly-detection\data\mvtec_ad\hazelnut\test\crack\001.png,2,0.75,0,1,56.458560943603516,41.009369945526124,1.6804068163928154,9.193720739148654,D:\Research\research-experiments\industrial-anomaly-detection\data\mvtec_ad\hazelnut\ground_truth\crack\001_mask.png,66479,0.0633993148803711,-2.758302208127599
hazelnut,crack,D:\Research\research-experiments\industrial-anomaly-detection\data\mvtec_ad\hazelnut\test\crack\002.png,2,0.75,0,1,51.04637145996094,41.009369945526124,1.6804068163928154,5.972959295642695,D:\Research\research-experiments\industrial-anomaly-detection\data\mvtec_ad\hazelnut\ground_truth\crack\002_mask.png,13434,0.012811660766601562,-4.3573994473182065
hazelnut,crack,D:\Research\research-experiments\industrial-anomaly-detection\data\mvtec_ad\hazelnut\test\crack\003.png,2,0.75,0,1,55.58291244506836,41.009369945526124,1.6804068163928154,8.672627578853794,D:\Research\research-experiments\industrial-anomaly-detection\data\mvtec_ad\hazelnut\ground_truth\crack\003_mask.png,22632,0.02158355712890625,-3.8358234518859384
hazelnut,crack,D:\Research\research-experiments\industrial-anomaly-detection\data\mvtec_ad\hazelnut\test\crack\004.png,2,0.75,0,1,63.791481018066406,41.009369945526124,1.6804068163928154,13.557497416872348,D:\Research\research-experiments\industrial-anomaly-detection\data\mvtec_ad\hazelnut\ground_truth\crack\004_mask.png,28420,0.027103424072265625,-3.608095172652108
hazelnut,crack,D:\Research\research-experiments\industrial-anomaly-detection\data\mvtec_ad\hazelnut\test\crack\005.png,2,0.75,0,1,55.30531311035156,41.009369945526124,1.6804068163928154,8.50742988267169,D:\Research\research-experiments\industrial-anomaly-detection\data\mvtec_ad\hazelnut\ground_truth\crack\005_mask.png,16317,0.015561103820800781,-4.162980758845045
hazelnut,crack,D:\Research\research-experiments\industrial-anomaly-detection\data\mvtec_ad\hazelnut\test\crack\006.png,2,0.75,0,1,60.35030746459961,41.009369945526124,1.6804068163928154,11.50967571090375,D:\Research\research-experiments\industrial-anomaly-detection\data\mvtec_ad\hazelnut\ground_truth\crack\006_mask.png,42808,0.04082489013671875,-3.198463306712905
hazelnut,crack,D:\Research\research-experiments\industrial-anomaly-detection\data\mvtec_ad\hazelnut\test\crack\007.png,2,0.75,0,1,55.34047317504883,41.009369945526124,1.6804068163928154,8.52835342591983,D:\Research\research-experiments\industrial-anomaly-detection\data\mvtec_ad\hazelnut\ground_truth\crack\007_mask.png,234892,0.22401046752929688,-1.4960624937133307
hazelnut,crack,D:\Research\research-experiments\industrial-anomaly-detection\data\mvtec_ad\hazelnut\test\crack\008.png,2,0.75,0,1,62.983367919921875,41.009369945526124,1.6804068163928154,13.076594167575111,D:\Research\research-experiments\industrial-anomaly-detection\data\mvtec_ad\hazelnut\ground_truth\crack\008_mask.png,146408,0.13962554931640625,-1.968791080211775
hazelnut,crack,D:\Research\research-experiments\industrial-anomaly-detection\data\mvtec_ad\hazelnut\test\crack\009.png,2,0.75,0,1,58.24147415161133,41.009369945526124,1.6804068163928154,10.254721676906714,D:\Research\research-experiments\industrial-anomaly-detection\data\mvtec_ad\hazelnut\ground_truth\crack\009_mask.png,251942,0.24027061462402344,-1.4259894257641161
hazelnut,crack,D:\Research\research-experiments\industrial-anomaly-detection\data\mvtec_ad\hazelnut\test\crack\010.png,2,0.75,0,1,51.24970245361328,41.009369945526124,1.6804068163928154,6.093960348285897,D:\Research\research-experiments\industrial-anomaly-detection\data\mvtec_ad\hazelnut\ground_truth\crack\010_mask.png,290021,0.27658557891845703,-1.2852349944493806
hazelnut,crack,D:\Research\research-experiments\industrial-anomaly-detection\data\mvtec_ad\hazelnut\test\crack\011.png,2,0.75,0,1,57.07053756713867,41.009369945526124,1.6804068163928154,9.557904350858129,D:\Research\research-experiments\industrial-anomaly-detection\data\mvtec_ad\hazelnut\ground_truth\crack\011_mask.png,80208,0.0764923095703125,-2.570565058622412
hazelnut,crack,D:\Research\research-experiments\industrial-anomaly-detection\data\mvtec_ad\hazelnut\test\crack\012.png,2,0.75,0,1,55.60918426513672,41.009369945526124,1.6804068163928154,8.688261781126762,D:\Research\research-experiments\industrial-anomaly-detection\data\mvtec_ad\hazelnut\ground_truth\crack\012_mask.png,16584,0.01581573486328125,-4.146749893855121
hazelnut,crack,D:\Research\research-experiments\industrial-anomaly-detection\data\mvtec_ad\hazelnut\test\crack\013.png,2,0.75,0,1,54.574119567871094,41.009369945526124,1.6804068163928154,8.072300998792214,D:\Research\research-experiments\industrial-anomaly-detection\data\mvtec_ad\hazelnut\ground_truth\crack\013_mask.png,16456,0.01569366455078125,-4.154498116146135
hazelnut,crack,D:\Research\research-experiments\industrial-anomaly-detection\data\mvtec_ad\hazelnut\test\crack\014.png,2,0.75,0,1,62.243247985839844,41.009369945526124,1.6804068163928154,12.636153241686234,D:\Research\research-experiments\industrial-anomaly-detection\data\mvtec_ad\hazelnut\ground_truth\crack\014_mask.png,23082,0.022012710571289062,-3.816135193790258
hazelnut,crack,D:\Research\research-experiments\industrial-anomaly-detection\data\mvtec_ad\hazelnut\test\crack\015.png,2,0.75,0,1,59.2700309753418,41.009369945526124,1.6804068163928154,10.866809662801929,D:\Research\research-experiments\industrial-anomaly-detection\data\mvtec_ad\hazelnut\ground_truth\crack\015_mask.png,55765,0.05318164825439453,-2.9340418809667903
hazelnut,crack,D:\Research\research-experiments\industrial-anomaly-detection\data\mvtec_ad\hazelnut\test\crack\016.png,2,0.75,0,1,49.3407096862793,41.009369945526124,1.6804068163928154,4.957930222300182,D:\Research\research-experiments\industrial-anomaly-detection\data\mvtec_ad\hazelnut\ground_truth\crack\016_mask.png,30315,0.02891063690185547,-3.5435456581037306
hazelnut,crack,D:\Research\research-experiments\industrial-anomaly-detection\data\mvtec_ad\hazelnut\test\crack\017.png,2,0.75,0,1,53.60206604003906,41.009369945526124,1.6804068163928154,7.493837784795824,D:\Research\research-experiments\industrial-anomaly-detection\data\mvtec_ad\hazelnut\ground_truth\crack\017_mask.png,183595,0.17508983612060547,-1.7424560818053216
hazelnut,cut,D:\Research\research-experiments\industrial-anomaly-detection\data\mvtec_ad\hazelnut\test\cut\000.png,2,0.75,0,1,58.0616340637207,41.009369945526124,1.6804068163928154,10.147699921141243,D:\Research\research-experiments\industrial-anomaly-detection\data\mvtec_ad\hazelnut\ground_truth\cut\000_mask.png,4168,0.00397491455078125,-5.5277517761879995
hazelnut,cut,D:\Research\research-experiments\industrial-anomaly-detection\data\mvtec_ad\hazelnut\test\cut\001.png,2,0.75,0,1,48.485107421875,41.009369945526124,1.6804068163928154,4.448766455492247,D:\Research\research-experiments\industrial-anomaly-detection\data\mvtec_ad\hazelnut\ground_truth\cut\001_mask.png,16388,0.015628814697265625,-4.1586389085477675
hazelnut,cut,D:\Research\research-experiments\industrial-anomaly-detection\data\mvtec_ad\hazelnut\test\cut\002.png,2,0.75,0,1,58.357093811035156,41.009369945526124,1.6804068163928154,10.323526241548993,D:\Research\research-experiments\industrial-anomaly-detection\data\mvtec_ad\hazelnut\ground_truth\cut\002_mask.png,6489,0.006188392639160156,-5.085079734984902
hazelnut,cut,D:\Research\research-experiments\industrial-anomaly-detection\data\mvtec_ad\hazelnut\test\cut\003.png,2,0.75,0,1,59.224300384521484,41.009369945526124,1.6804068163928154,10.83959566296915,D:\Research\research-experiments\industrial-anomaly-detection\data\mvtec_ad\hazelnut\ground_truth\cut\003_mask.png,5618,0.0053577423095703125,-5.229212416888953
hazelnut,cut,D:\Research\research-experiments\industrial-anomaly-detection\data\mvtec_ad\hazelnut\test\cut\004.png,2,0.75,0,1,65.59980010986328,41.009369945526124,1.6804068163928154,14.633617243426395,D:\Research\research-experiments\industrial-anomaly-detection\data\mvtec_ad\hazelnut\ground_truth\cut\004_mask.png,11200,0.01068115234375,-4.539274460292868
hazelnut,cut,D:\Research\research-experiments\industrial-anomaly-detection\data\mvtec_ad\hazelnut\test\cut\005.png,2,0.75,0,1,62.93598937988281,41.009369945526124,1.6804068163928154,13.048399483063674,D:\Research\research-experiments\industrial-anomaly-detection\data\mvtec_ad\hazelnut\ground_truth\cut\005_mask.png,6586,0.0062808990478515625,-5.070241989049733
hazelnut,cut,D:\Research\research-experiments\industrial-anomaly-detection\data\mvtec_ad\hazelnut\test\cut\006.png,2,0.75,0,1,50.31715393066406,41.009369945526124,1.6804068163928154,5.53900632533624,D:\Research\research-experiments\industrial-anomaly-detection\data\mvtec_ad\hazelnut\ground_truth\cut\006_mask.png,10732,0.010234832763671875,-4.581958301947843
hazelnut,cut,D:\Research\research-experiments\industrial-anomaly-detection\data\mvtec_ad\hazelnut\test\cut\007.png,2,0.75,0,1,61.114864349365234,41.009369945526124,1.6804068163928154,11.964658919319218,D:\Research\research-experiments\industrial-anomaly-detection\data\mvtec_ad\hazelnut\ground_truth\cut\007_mask.png,6952,0.00662994384765625,-5.016158793422849
hazelnut,cut,D:\Research\research-experiments\industrial-anomaly-detection\data\mvtec_ad\hazelnut\test\cut\008.png,2,0.75,0,1,64.07968139648438,41.009369945526124,1.6804068163928154,13.729003730466472,D:\Research\research-experiments\industrial-anomaly-detection\data\mvtec_ad\hazelnut\ground_truth\cut\008_mask.png,21145,0.020165443420410156,-3.9037848117025336
hazelnut,cut,D:\Research\research-experiments\industrial-anomaly-detection\data\mvtec_ad\hazelnut\test\cut\009.png,2,0.75,0,1,60.14536666870117,41.009369945526124,1.6804068163928154,11.387716674616117,D:\Research\research-experiments\industrial-anomaly-detection\data\mvtec_ad\hazelnut\ground_truth\cut\009_mask.png,10831,0.010329246520996094,-4.5727758425506915
hazelnut,cut,D:\Research\research-experiments\industrial-anomaly-detection\data\mvtec_ad\hazelnut\test\cut\010.png,2,0.75,0,1,59.889137268066406,41.009369945526124,1.6804068163928154,11.235236097808656,D:\Research\research-experiments\industrial-anomaly-detection\data\mvtec_ad\hazelnut\ground_truth\cut\010_mask.png,6037,0.005757331848144531,-5.157280958710927
hazelnut,cut,D:\Research\research-experiments\industrial-anomaly-detection\data\mvtec_ad\hazelnut\test\cut\011.png,2,0.75,0,1,64.42849731445312,41.009369945526124,1.6804068163928154,13.93658198744922,D:\Research\research-experiments\industrial-anomaly-detection\data\mvtec_ad\hazelnut\ground_truth\cut\011_mask.png,6604,0.006298065185546875,-5.067512647379978
hazelnut,cut,D:\Research\research-experiments\industrial-anomaly-detection\data\mvtec_ad\hazelnut\test\cut\012.png,2,0.75,0,1,56.65064239501953,41.009369945526124,1.6804068163928154,9.308027256797958,D:\Research\research-experiments\industrial-anomaly-detection\data\mvtec_ad\hazelnut\ground_truth\cut\012_mask.png,8760,0.00835418701171875,-4.78499230756802
hazelnut,cut,D:\Research\research-experiments\industrial-anomaly-detection\data\mvtec_ad\hazelnut\test\cut\013.png,2,0.75,0,1,60.58811950683594,41.009369945526124,1.6804068163928154,11.651196228385832,D:\Research\research-experiments\industrial-anomaly-detection\data\mvtec_ad\hazelnut\ground_truth\cut\013_mask.png,11223,0.010703086853027344,-4.537222994751665
hazelnut,cut,D:\Research\research-experiments\industrial-anomaly-detection\data\mvtec_ad\hazelnut\test\cut\014.png,2,0.75,0,1,58.96116256713867,41.009369945526124,1.6804068163928154,10.683003928862961,D:\Research\research-experiments\industrial-anomaly-detection\data\mvtec_ad\hazelnut\ground_truth\cut\014_mask.png,6144,0.005859375,-5.139712165704746
hazelnut,cut,D:\Research\research-experiments\industrial-anomaly-detection\data\mvtec_ad\hazelnut\test\cut\015.png,2,0.75,0,1,61.532711029052734,41.009369945526124,1.6804068163928154,12.213316967841335,D:\Research\research-experiments\industrial-anomaly-detection\data\mvtec_ad\hazelnut\ground_truth\cut\015_mask.png,9185,0.008759498596191406,-4.737616499387901
hazelnut,cut,D:\Research\research-experiments\industrial-anomaly-detection\data\mvtec_ad\hazelnut\test\cut\016.png,2,0.75,0,1,56.66141128540039,41.009369945526124,1.6804068163928154,9.314435758760581,D:\Research\research-experiments\industrial-anomaly-detection\data\mvtec_ad\hazelnut\ground_truth\cut\016_mask.png,8242,0.007860183715820312,-4.845945172076663
hazelnut,hole,D:\Research\research-experiments\industrial-anomaly-detection\data\mvtec_ad\hazelnut\test\hole\000.png,2,0.75,0,1,67.3836898803711,41.009369945526124,1.6804068163928154,15.695199327660697,D:\Research\research-experiments\industrial-anomaly-detection\data\mvtec_ad\hazelnut\ground_truth\hole\000_mask.png,14373,0.013707160949707031,-4.2898368126931095
hazelnut,hole,D:\Research\research-experiments\industrial-anomaly-detection\data\mvtec_ad\hazelnut\test\hole\001.png,2,0.75,0,1,63.962215423583984,41.009369945526124,1.6804068163928154,13.659100435767547,D:\Research\research-experiments\industrial-anomaly-detection\data\mvtec_ad\hazelnut\ground_truth\hole\001_mask.png,4231,0.004034996032714844,-5.512749712647151
hazelnut,hole,D:\Research\research-experiments\industrial-anomaly-detection\data\mvtec_ad\hazelnut\test\hole\002.png,2,0.75,0,1,69.59416198730469,41.009369945526124,1.6804068163928154,17.010637997255376,D:\Research\research-experiments\industrial-anomaly-detection\data\mvtec_ad\hazelnut\ground_truth\hole\002_mask.png,7308,0.006969451904296875,-4.966218550217713
hazelnut,hole,D:\Research\research-experiments\industrial-anomaly-detection\data\mvtec_ad\hazelnut\test\hole\003.png,2,0.75,0,1,71.3724365234375,41.009369945526124,1.6804068163928154,18.068878489251286,D:\Research\research-experiments\industrial-anomaly-detection\data\mvtec_ad\hazelnut\ground_truth\hole\003_mask.png,9242,0.008813858032226562,-4.731429906311008
hazelnut,hole,D:\Research\research-experiments\industrial-anomaly-detection\data\mvtec_ad\hazelnut\test\hole\004.png,2,0.75,0,1,67.30509185791016,41.009369945526124,1.6804068163928154,15.648426116736895,D:\Research\research-experiments\industrial-anomaly-detection\data\mvtec_ad\hazelnut\ground_truth\hole\004_mask.png,11881,0.011330604553222656,-4.4802477584840785
hazelnut,hole,D:\Research\research-experiments\industrial-anomaly-detection\data\mvtec_ad\hazelnut\test\hole\005.png,2,0.75,0,1,64.62686920166016,41.009369945526124,1.6804068163928154,14.054631905642756,D:\Research\research-experiments\industrial-anomaly-detection\data\mvtec_ad\hazelnut\ground_truth\hole\005_mask.png,12519,0.011939048767089844,-4.427940758180481
hazelnut,hole,D:\Research\research-experiments\industrial-anomaly-detection\data\mvtec_ad\hazelnut\test\hole\006.png,2,0.75,0,1,63.79309844970703,41.009369945526124,1.6804068163928154,13.558459940723624,D:\Research\research-experiments\industrial-anomaly-detection\data\mvtec_ad\hazelnut\ground_truth\hole\006_mask.png,13410,0.012788772583007812,-4.359187556729598
hazelnut,hole,D:\Research\research-experiments\industrial-anomaly-detection\data\mvtec_ad\hazelnut\test\hole\007.png,2,0.75,0,1,70.50177764892578,41.009369945526124,1.6804068163928154,17.550754624233473,D:\Research\research-experiments\industrial-anomaly-detection\data\mvtec_ad\hazelnut\ground_truth\hole\007_mask.png,2442,0.0023288726806640625,-6.062370527136047
hazelnut,hole,D:\Research\research-experiments\industrial-anomaly-detection\data\mvtec_ad\hazelnut\test\hole\008.png,2,0.75,0,1,62.49785232543945,41.009369945526124,1.6804068163928154,12.787666754435573,D:\Research\research-experiments\industrial-anomaly-detection\data\mvtec_ad\hazelnut\ground_truth\hole\008_mask.png,5511,0.005255699157714844,-5.248442047046046
hazelnut,hole,D:\Research\research-experiments\industrial-anomaly-detection\data\mvtec_ad\hazelnut\test\hole\009.png,2,0.75,0,1,70.95901489257812,41.009369945526124,1.6804068163928154,17.82285376069964,D:\Research\research-experiments\industrial-anomaly-detection\data\mvtec_ad\hazelnut\ground_truth\hole\009_mask.png,9068,0.008647918701171875,-4.750436483936734
hazelnut,hole,D:\Research\research-experiments\industrial-anomaly-detection\data\mvtec_ad\hazelnut\test\hole\010.png,2,0.75,0,1,75.5302505493164,41.009369945526124,1.6804068163928154,20.543168634541296,D:\Research\research-experiments\industrial-anomaly-detection\data\mvtec_ad\hazelnut\ground_truth\hole\010_mask.png,14880,0.014190673828125,-4.2551702323430085
hazelnut,hole,D:\Research\research-experiments\industrial-anomaly-detection\data\mvtec_ad\hazelnut\test\hole\011.png,2,0.75,0,1,70.84345245361328,41.009369945526124,1.6804068163928154,17.7540832476087,D:\Research\research-experiments\industrial-anomaly-detection\data\mvtec_ad\hazelnut\ground_truth\hole\011_mask.png,13478,0.012853622436523438,-4.354129527893667
hazelnut,hole,D:\Research\research-experiments\industrial-anomaly-detection\data\mvtec_ad\hazelnut\test\hole\012.png,2,0.75,0,1,70.06134033203125,41.009369945526124,1.6804068163928154,17.288653023241412,D:\Research\research-experiments\industrial-anomaly-detection\data\mvtec_ad\hazelnut\ground_truth\hole\012_mask.png,16808,0.01602935791015625,-4.133333306288542
hazelnut,hole,D:\Research\research-experiments\industrial-anomaly-detection\data\mvtec_ad\hazelnut\test\hole\013.png,2,0.75,0,1,66.55239868164062,41.009369945526124,1.6804068163928154,15.2005029299664,D:\Research\research-experiments\industrial-anomaly-detection\data\mvtec_ad\hazelnut\ground_truth\hole\013_mask.png,24372,0.023242950439453125,-3.7617533568067243
hazelnut,hole,D:\Research\research-experiments\industrial-anomaly-detection\data\mvtec_ad\hazelnut\test\hole\014.png,2,0.75,0,1,65.44862365722656,41.009369945526124,1.6804068163928154,14.543653044780001,D:\Research\research-experiments\industrial-anomaly-detection\data\mvtec_ad\hazelnut\ground_truth\hole\014_mask.png,27842,0.026552200317382812,-3.6286426225887323
hazelnut,hole,D:\Research\research-experiments\industrial-anomaly-detection\data\mvtec_ad\hazelnut\test\hole\015.png,2,0.75,0,1,63.604393005371094,41.009369945526124,1.6804068163928154,13.446162464603518,D:\Research\research-experiments\industrial-anomaly-detection\data\mvtec_ad\hazelnut\ground_truth\hole\015_mask.png,6690,0.0063800811767578125,-5.0545743013388265
hazelnut,hole,D:\Research\research-experiments\industrial-anomaly-detection\data\mvtec_ad\hazelnut\test\hole\016.png,2,0.75,0,1,55.413726806640625,41.009369945526124,1.6804068163928154,8.571946221948261,D:\Research\research-experiments\industrial-anomaly-detection\data\mvtec_ad\hazelnut\ground_truth\hole\016_mask.png,30772,0.029346466064453125,-3.5285831125444282
hazelnut,hole,D:\Research\research-experiments\industrial-anomaly-detection\data\mvtec_ad\hazelnut\test\hole\017.png,2,0.75,0,1,65.82659149169922,41.009369945526124,1.6804068163928154,14.768579432119948,D:\Research\research-experiments\industrial-anomaly-detection\data\mvtec_ad\hazelnut\ground_truth\hole\017_mask.png,26873,0.025628089904785156,-3.6640662281231107
hazelnut,print,D:\Research\research-experiments\industrial-anomaly-detection\data\mvtec_ad\hazelnut\test\print\000.png,2,0.75,0,1,61.5888786315918,41.009369945526124,1.6804068163928154,12.24674197063895,D:\Research\research-experiments\industrial-anomaly-detection\data\mvtec_ad\hazelnut\ground_truth\print\000_mask.png,39682,0.03784370422363281,-3.2742906214200165
hazelnut,print,D:\Research\research-experiments\industrial-anomaly-detection\data\mvtec_ad\hazelnut\test\print\001.png,2,0.75,0,1,62.7485237121582,41.009369945526124,1.6804068163928154,12.936839790555984,D:\Research\research-experiments\industrial-anomaly-detection\data\mvtec_ad\hazelnut\ground_truth\print\001_mask.png,26844,0.025600433349609375,-3.665145960858938
hazelnut,print,D:\Research\research-experiments\industrial-anomaly-detection\data\mvtec_ad\hazelnut\test\print\002.png,2,0.75,0,1,64.44956970214844,41.009369945526124,1.6804068163928154,13.949122038756883,D:\Research\research-experiments\industrial-anomaly-detection\data\mvtec_ad\hazelnut\ground_truth\print\002_mask.png,19830,0.018911361694335938,-3.967992336806801
hazelnut,print,D:\Research\research-experiments\industrial-anomaly-detection\data\mvtec_ad\hazelnut\test\print\003.png,2,0.75,0,1,59.885562896728516,41.009369945526124,1.6804068163928154,11.233109010901472,D:\Research\research-experiments\industrial-anomaly-detection\data\mvtec_ad\hazelnut\ground_truth\print\003_mask.png,18439,0.017584800720214844,-4.040720288626451
hazelnut,print,D:\Research\research-experiments\industrial-anomaly-detection\data\mvtec_ad\hazelnut\test\print\004.png,2,0.75,0,1,59.23716735839844,41.009369945526124,1.6804068163928154,10.847252721814327,D:\Research\research-experiments\industrial-anomaly-detection\data\mvtec_ad\hazelnut\ground_truth\print\004_mask.png,32196,0.030704498291015625,-3.4833460784167642
hazelnut,print,D:\Research\research-experiments\industrial-anomaly-detection\data\mvtec_ad\hazelnut\test\print\005.png,2,0.75,0,1,63.01327133178711,41.009369945526124,1.6804068163928154,13.094389508306605,D:\Research\research-experiments\industrial-anomaly-detection\data\mvtec_ad\hazelnut\ground_truth\print\005_mask.png,17078,0.016286849975585938,-4.11739718533213
hazelnut,print,D:\Research\research-experiments\industrial-anomaly-detection\data\mvtec_ad\hazelnut\test\print\006.png,2,0.75,0,1,64.2032699584961,41.009369945526124,1.6804068163928154,13.802550541159025,D:\Research\research-experiments\industrial-anomaly-detection\data\mvtec_ad\hazelnut\ground_truth\print\006_mask.png,31697,0.030228614807128906,-3.4989662599546563
hazelnut,print,D:\Research\research-experiments\industrial-anomaly-detection\data\mvtec_ad\hazelnut\test\print\007.png,2,0.75,0,1,57.91693115234375,41.009369945526124,1.6804068163928154,10.061588088003374,D:\Research\research-experiments\industrial-anomaly-detection\data\mvtec_ad\hazelnut\ground_truth\print\007_mask.png,21320,0.02033233642578125,-3.8955426837363873
hazelnut,print,D:\Research\research-experiments\industrial-anomaly-detection\data\mvtec_ad\hazelnut\test\print\008.png,2,0.75,0,1,72.98863983154297,41.009369945526124,1.6804068163928154,19.030671367225224,D:\Research\research-experiments\industrial-anomaly-detection\data\mvtec_ad\hazelnut\ground_truth\print\008_mask.png,28795,0.02746105194091797,-3.5949865348429233
hazelnut,print,D:\Research\research-experiments\industrial-anomaly-detection\data\mvtec_ad\hazelnut\test\print\009.png,2,0.75,0,1,56.02779769897461,41.009369945526124,1.6804068163928154,8.937376120436866,D:\Research\research-experiments\industrial-anomaly-detection\data\mvtec_ad\hazelnut\ground_truth\print\009_mask.png,30884,0.029453277587890625,-3.5249500478181215
hazelnut,print,D:\Research\research-experiments\industrial-anomaly-detection\data\mvtec_ad\hazelnut\test\print\010.png,2,0.75,0,1,61.605751037597656,41.009369945526124,1.6804068163928154,12.256782638078088,D:\Research\research-experiments\industrial-anomaly-detection\data\mvtec_ad\hazelnut\ground_truth\print\010_mask.png,25541,0.02435779571533203,-3.714903287056452
hazelnut,print,D:\Research\research-experiments\industrial-anomaly-detection\data\mvtec_ad\hazelnut\test\print\011.png,2,0.75,0,1,56.41389083862305,41.009369945526124,1.6804068163928154,9.167137828067421,D:\Research\research-experiments\industrial-anomaly-detection\data\mvtec_ad\hazelnut\ground_truth\print\011_mask.png,50619,0.04827404022216797,-3.0308613116173917
hazelnut,print,D:\Research\research-experiments\industrial-anomaly-detection\data\mvtec_ad\hazelnut\test\print\012.png,2,0.75,0,1,64.01487731933594,41.009369945526124,1.6804068163928154,13.69043921351959,D:\Research\research-experiments\industrial-anomaly-detection\data\mvtec_ad\hazelnut\ground_truth\print\012_mask.png,20185,0.019249916076660156,-3.950248525963588
hazelnut,print,D:\Research\research-experiments\industrial-anomaly-detection\data\mvtec_ad\hazelnut\test\print\013.png,2,0.75,0,1,62.22745132446289,41.009369945526124,1.6804068163928154,12.626752743412332,D:\Research\research-experiments\industrial-anomaly-detection\data\mvtec_ad\hazelnut\ground_truth\print\013_mask.png,20164,0.019229888916015625,-3.9512894439940056
hazelnut,print,D:\Research\research-experiments\industrial-anomaly-detection\data\mvtec_ad\hazelnut\test\print\014.png,2,0.75,0,1,59.7270622253418,41.009369945526124,1.6804068163928154,11.138786213683261,D:\Research\research-experiments\industrial-anomaly-detection\data\mvtec_ad\hazelnut\ground_truth\print\014_mask.png,22566,0.021520614624023438,-3.8387439370334415
hazelnut,print,D:\Research\research-experiments\industrial-anomaly-detection\data\mvtec_ad\hazelnut\test\print\015.png,2,0.75,0,1,55.9023551940918,41.009369945526124,1.6804068163928154,8.86272603948082,D:\Research\research-experiments\industrial-anomaly-detection\data\mvtec_ad\hazelnut\ground_truth\print\015_mask.png,15902,0.015165328979492188,-4.188743378797598
hazelnut,print,D:\Research\research-experiments\industrial-anomaly-detection\data\mvtec_ad\hazelnut\test\print\016.png,2,0.75,0,1,55.9846305847168,41.009369945526124,1.6804068163928154,8.911687630104224,D:\Research\research-experiments\industrial-anomaly-detection\data\mvtec_ad\hazelnut\ground_truth\print\016_mask.png,46948,0.044773101806640625,-3.1061477036440532
hazelnut,good,D:\Research\research-experiments\industrial-anomaly-detection\data\mvtec_ad\hazelnut\test\good\000.png,2,1.0,1,0,42.728111267089844,44.29761075973511,1.9082456247021895,-0.8224829510038614,,,,
hazelnut,good,D:\Research\research-experiments\industrial-anomaly-detection\data\mvtec_ad\hazelnut\test\good\001.png,2,1.0,1,0,47.61201858520508,44.29761075973511,1.9082456247021895,1.736887422963296,,,,
hazelnut,good,D:\Research\research-experiments\industrial-anomaly-detection\data\mvtec_ad\hazelnut\test\good\002.png,2,1.0,1,0,41.685054779052734,44.29761075973511,1.9082456247021895,-1.3690878924929288,,,,
hazelnut,good,D:\Research\research-experiments\industrial-anomaly-detection\data\mvtec_ad\hazelnut\test\good\003.png,2,1.0,1,0,42.34031677246094,44.29761075973511,1.9082456247021895,-1.0257033800769937,,,,
hazelnut,good,D:\Research\research-experiments\industrial-anomaly-detection\data\mvtec_ad\hazelnut\test\good\004.png,2,1.0,1,0,44.255496978759766,44.29761075973511,1.9082456247021895,-0.022069371170136593,,,,
hazelnut,good,D:\Research\research-experiments\industrial-anomaly-detection\data\mvtec_ad\hazelnut\test\good\005.png,2,1.0,1,0,44.570762634277344,44.29761075973511,1.9082456247021895,0.14314293244344045,,,,
hazelnut,good,D:\Research\research-experiments\industrial-anomaly-detection\data\mvtec_ad\hazelnut\test\good\006.png,2,1.0,1,0,42.37505340576172,44.29761075973511,1.9082456247021895,-1.007499940828337,,,,
hazelnut,good,D:\Research\research-experiments\industrial-anomaly-detection\data\mvtec_ad\hazelnut\test\good\007.png,2,1.0,1,0,43.30891799926758,44.29761075973511,1.9082456247021895,-0.5181160892858485,,,,
hazelnut,good,D:\Research\research-experiments\industrial-anomaly-detection\data\mvtec_ad\hazelnut\test\good\008.png,2,1.0,1,0,45.361061096191406,44.29761075973511,1.9082456247021895,0.5572921654790988,,,,
hazelnut,good,D:\Research\research-experiments\industrial-anomaly-detection\data\mvtec_ad\hazelnut\test\good\009.png,2,1.0,1,0,42.93696594238281,44.29761075973511,1.9082456247021895,-0.7130344226858343,,,,
hazelnut,good,D:\Research\research-experiments\industrial-anomaly-detection\data\mvtec_ad\hazelnut\test\good\010.png,2,1.0,1,0,41.89924621582031,44.29761075973511,1.9082456247021895,-1.256842679405643,,,,
hazelnut,good,D:\Research\research-experiments\industrial-anomaly-detection\data\mvtec_ad\hazelnut\test\good\011.png,2,1.0,1,0,45.75779724121094,44.29761075973511,1.9082456247021895,0.7651983909061572,,,,
hazelnut,good,D:\Research\research-experiments\industrial-anomaly-detection\data\mvtec_ad\hazelnut\test\good\012.png,2,1.0,1,0,43.265872955322266,44.29761075973511,1.9082456247021895,-0.5406734809486908,,,,
hazelnut,good,D:\Research\research-experiments\industrial-anomaly-detection\data\mvtec_ad\hazelnut\test\good\013.png,2,1.0,1,0,49.003883361816406,44.29761075973511,1.9082456247021895,2.4662824015727973,,,,
hazelnut,good,D:\Research\research-experiments\industrial-anomaly-detection\data\mvtec_ad\hazelnut\test\good\014.png,2,1.0,1,0,42.86503219604492,44.29761075973511,1.9082456247021895,-0.7507306948044286,,,,
hazelnut,good,D:\Research\research-experiments\industrial-anomaly-detection\data\mvtec_ad\hazelnut\test\good\015.png,2,1.0,1,0,43.5965461730957,44.29761075973511,1.9082456247021895,-0.3673869744880542,,,,
hazelnut,good,D:\Research\research-experiments\industrial-anomaly-detection\data\mvtec_ad\hazelnut\test\good\016.png,2,1.0,1,0,43.28636932373047,44.29761075973511,1.9082456247021895,-0.5299325322244395,,,,
hazelnut,good,D:\Research\research-experiments\industrial-anomaly-detection\data\mvtec_ad\hazelnut\test\good\017.png,2,1.0,1,0,45.072052001953125,44.29761075973511,1.9082456247021895,0.40583939100548483,,,,
hazelnut,good,D:\Research\research-experiments\industrial-anomaly-detection\data\mvtec_ad\hazelnut\test\good\018.png,2,1.0,1,0,41.96126937866211,44.29761075973511,1.9082456247021895,-1.2243399648499753,,,,
hazelnut,good,D:\Research\research-experiments\industrial-anomaly-detection\data\mvtec_ad\hazelnut\test\good\019.png,2,1.0,1,0,43.1981315612793,44.29761075973511,1.9082456247021895,-0.5761727862614127,,,,
hazelnut,good,D:\Research\research-experiments\industrial-anomaly-detection\data\mvtec_ad\hazelnut\test\good\020.png,2,1.0,1,0,44.74217987060547,44.29761075973511,1.9082456247021895,0.23297268711921876,,,,
hazelnut,good,D:\Research\research-experiments\industrial-anomaly-detection\data\mvtec_ad\hazelnut\test\good\021.png,2,1.0,1,0,42.832881927490234,44.29761075973511,1.9082456247021895,-0.7675787714558319,,,,
hazelnut,good,D:\Research\research-experiments\industrial-anomaly-detection\data\mvtec_ad\hazelnut\test\good\022.png,2,1.0,1,0,46.164066314697266,44.29761075973511,1.9082456247021895,0.9781002669682247,,,,
hazelnut,good,D:\Research\research-experiments\industrial-anomaly-detection\data\mvtec_ad\hazelnut\test\good\023.png,2,1.0,1,0,46.148380279541016,44.29761075973511,1.9082456247021895,0.9698801327500745,,,,
hazelnut,good,D:\Research\research-experiments\industrial-anomaly-detection\data\mvtec_ad\hazelnut\test\good\024.png,2,1.0,1,0,43.18900680541992,44.29761075973511,1.9082456247021895,-0.5809545374894807,,,,
hazelnut,good,D:\Research\research-experiments\industrial-anomaly-detection\data\mvtec_ad\hazelnut\test\good\025.png,2,1.0,1,0,44.677452087402344,44.29761075973511,1.9082456247021895,0.19905263911008117,,,,
hazelnut,good,D:\Research\research-experiments\industrial-anomaly-detection\data\mvtec_ad\hazelnut\test\good\026.png,2,1.0,1,0,42.80543518066406,44.29761075973511,1.9082456247021895,-0.7819620072777169,,,,
hazelnut,good,D:\Research\research-experiments\industrial-anomaly-detection\data\mvtec_ad\hazelnut\test\good\027.png,2,1.0,1,0,46.20152282714844,44.29761075973511,1.9082456247021895,0.9977290359098632,,,,
hazelnut,good,D:\Research\research-experiments\industrial-anomaly-detection\data\mvtec_ad\hazelnut\test\good\028.png,2,1.0,1,0,41.10608673095703,44.29761075973511,1.9082456247021895,-1.6724912073497675,,,,
hazelnut,good,D:\Research\research-experiments\industrial-anomaly-detection\data\mvtec_ad\hazelnut\test\good\029.png,2,1.0,1,0,44.75063705444336,44.29761075973511,1.9082456247021895,0.23740460286864462,,,,
hazelnut,good,D:\Research\research-experiments\industrial-anomaly-detection\data\mvtec_ad\hazelnut\test\good\030.png,2,1.0,1,0,42.715606689453125,44.29761075973511,1.9082456247021895,-0.8290358692837972,,,,
hazelnut,good,D:\Research\research-experiments\industrial-anomaly-detection\data\mvtec_ad\hazelnut\test\good\031.png,2,1.0,1,0,47.09637451171875,44.29761075973511,1.9082456247021895,1.4666685020805075,,,,
hazelnut,good,D:\Research\research-experiments\industrial-anomaly-detection\data\mvtec_ad\hazelnut\test\good\032.png,2,1.0,1,0,46.4078483581543,44.29761075973511,1.9082456247021895,1.105852187528806,,,,
hazelnut,good,D:\Research\research-experiments\industrial-anomaly-detection\data\mvtec_ad\hazelnut\test\good\033.png,2,1.0,1,0,44.649169921875,44.29761075973511,1.9082456247021895,0.18423160917492407,,,,
hazelnut,good,D:\Research\research-experiments\industrial-anomaly-detection\data\mvtec_ad\hazelnut\test\good\034.png,2,1.0,1,0,43.32328414916992,44.29761075973511,1.9082456247021895,-0.5105876297854706,,,,
hazelnut,good,D:\Research\research-experiments\industrial-anomaly-detection\data\mvtec_ad\hazelnut\test\good\035.png,2,1.0,1,0,44.21896743774414,44.29761075973511,1.9082456247021895,-0.04121236856143206,,,,
hazelnut,good,D:\Research\research-experiments\industrial-anomaly-detection\data\mvtec_ad\hazelnut\test\good\036.png,2,1.0,1,0,46.2953987121582,44.29761075973511,1.9082456247021895,1.0469239004464537,,,,
hazelnut,good,D:\Research\research-experiments\industrial-anomaly-detection\data\mvtec_ad\hazelnut\test\good\037.png,2,1.0,1,0,48.743709564208984,44.29761075973511,1.9082456247021895,2.329940520716644,,,,
hazelnut,good,D:\Research\research-experiments\industrial-anomaly-detection\data\mvtec_ad\hazelnut\test\good\038.png,2,1.0,1,0,43.446014404296875,44.29761075973511,1.9082456247021895,-0.4462718763320298,,,,
hazelnut,good,D:\Research\research-experiments\industrial-anomaly-detection\data\mvtec_ad\hazelnut\test\good\039.png,2,1.0,1,0,45.310447692871094,44.29761075973511,1.9082456247021895,0.5307686390183941,,,,
hazelnut,crack,D:\Research\research-experiments\industrial-anomaly-detection\data\mvtec_ad\hazelnut\test\crack\000.png,2,1.0,0,1,62.822349548339844,44.29761075973511,1.9082456247021895,9.707732877152962,D:\Research\research-experiments\industrial-anomaly-detection\data\mvtec_ad\hazelnut\ground_truth\crack\000_mask.png,66262,0.06319236755371094,-2.7615717358527037
hazelnut,crack,D:\Research\research-experiments\industrial-anomaly-detection\data\mvtec_ad\hazelnut\test\crack\001.png,2,1.0,0,1,58.707313537597656,44.29761075973511,1.9082456247021895,7.55128301688699,D:\Research\research-experiments\industrial-anomaly-detection\data\mvtec_ad\hazelnut\ground_truth\crack\001_mask.png,66479,0.0633993148803711,-2.758302208127599
hazelnut,crack,D:\Research\research-experiments\industrial-anomaly-detection\data\mvtec_ad\hazelnut\test\crack\002.png,2,1.0,0,1,53.866432189941406,44.29761075973511,1.9082456247021895,5.014460039283286,D:\Research\research-experiments\industrial-anomaly-detection\data\mvtec_ad\hazelnut\ground_truth\crack\002_mask.png,13434,0.012811660766601562,-4.3573994473182065
hazelnut,crack,D:\Research\research-experiments\industrial-anomaly-detection\data\mvtec_ad\hazelnut\test\crack\003.png,2,1.0,0,1,56.841033935546875,44.29761075973511,1.9082456247021895,6.573274956555636,D:\Research\research-experiments\industrial-anomaly-detection\data\mvtec_ad\hazelnut\ground_truth\crack\003_mask.png,22632,0.02158355712890625,-3.8358234518859384
hazelnut,crack,D:\Research\research-experiments\industrial-anomaly-detection\data\mvtec_ad\hazelnut\test\crack\004.png,2,1.0,0,1,68.04219055175781,44.29761075973511,1.9082456247021895,12.443146461152455,D:\Research\research-experiments\industrial-anomaly-detection\data\mvtec_ad\hazelnut\ground_truth\crack\004_mask.png,28420,0.027103424072265625,-3.608095172652108
hazelnut,crack,D:\Research\research-experiments\industrial-anomaly-detection\data\mvtec_ad\hazelnut\test\crack\005.png,2,1.0,0,1,58.785980224609375,44.29761075973511,1.9082456247021895,7.592507629690175,D:\Research\research-experiments\industrial-anomaly-detection\data\mvtec_ad\hazelnut\ground_truth\crack\005_mask.png,16317,0.015561103820800781,-4.162980758845045
hazelnut,crack,D:\Research\research-experiments\industrial-anomaly-detection\data\mvtec_ad\hazelnut\test\crack\006.png,2,1.0,0,1,63.443546295166016,44.29761075973511,1.9082456247021895,10.03326578485876,D:\Research\research-experiments\industrial-anomaly-detection\data\mvtec_ad\hazelnut\ground_truth\crack\006_mask.png,42808,0.04082489013671875,-3.198463306712905
hazelnut,crack,D:\Research\research-experiments\industrial-anomaly-detection\data\mvtec_ad\hazelnut\test\crack\007.png,2,1.0,0,1,58.3903694152832,44.29761075973511,1.9082456247021895,7.385191126927113,D:\Research\research-experiments\industrial-anomaly-detection\data\mvtec_ad\hazelnut\ground_truth\crack\007_mask.png,234892,0.22401046752929688,-1.4960624937133307
hazelnut,crack,D:\Research\research-experiments\industrial-anomaly-detection\data\mvtec_ad\hazelnut\test\crack\008.png,2,1.0,0,1,67.1602554321289,44.29761075973511,1.9082456247021895,11.980975811728566,D:\Research\research-experiments\industrial-anomaly-detection\data\mvtec_ad\hazelnut\ground_truth\crack\008_mask.png,146408,0.13962554931640625,-1.968791080211775
hazelnut,crack,D:\Research\research-experiments\industrial-anomaly-detection\data\mvtec_ad\hazelnut\test\crack\009.png,2,1.0,0,1,63.28951644897461,44.29761075973511,1.9082456247021895,9.952547745106699,D:\Research\research-experiments\industrial-anomaly-detection\data\mvtec_ad\hazelnut\ground_truth\crack\009_mask.png,251942,0.24027061462402344,-1.4259894257641161
hazelnut,crack,D:\Research\research-experiments\industrial-anomaly-detection\data\mvtec_ad\hazelnut\test\crack\010.png,2,1.0,0,1,53.758888244628906,44.29761075973511,1.9082456247021895,4.9581025432039825,D:\Research\research-experiments\industrial-anomaly-detection\data\mvtec_ad\hazelnut\ground_truth\crack\010_mask.png,290021,0.27658557891845703,-1.2852349944493806
hazelnut,crack,D:\Research\research-experiments\industrial-anomaly-detection\data\mvtec_ad\hazelnut\test\crack\011.png,2,1.0,0,1,57.46245574951172,44.29761075973511,1.9082456247021895,6.8989258087942344,D:\Research\research-experiments\industrial-anomaly-detection\data\mvtec_ad\hazelnut\ground_truth\crack\011_mask.png,80208,0.0764923095703125,-2.570565058622412
hazelnut,crack,D:\Research\research-experiments\industrial-anomaly-detection\data\mvtec_ad\hazelnut\test\crack\012.png,2,1.0,0,1,58.146575927734375,44.29761075973511,1.9082456247021895,7.257433209186898,D:\Research\research-experiments\industrial-anomaly-detection\data\mvtec_ad\hazelnut\ground_truth\crack\012_mask.png,16584,0.01581573486328125,-4.146749893855121
hazelnut,crack,D:\Research\research-experiments\industrial-anomaly-detection\data\mvtec_ad\hazelnut\test\crack\013.png,2,1.0,0,1,57.63368225097656,44.29761075973511,1.9082456247021895,6.988655610476115,D:\Research\research-experiments\industrial-anomaly-detection\data\mvtec_ad\hazelnut\ground_truth\crack\013_mask.png,16456,0.01569366455078125,-4.154498116146135
hazelnut,crack,D:\Research\research-experiments\industrial-anomaly-detection\data\mvtec_ad\hazelnut\test\crack\014.png,2,1.0,0,1,66.23051452636719,44.29761075973511,1.9082456247021895,11.493752943914146,D:\Research\research-experiments\industrial-anomaly-detection\data\mvtec_ad\hazelnut\ground_truth\crack\014_mask.png,23082,0.022012710571289062,-3.816135193790258
hazelnut,crack,D:\Research\research-experiments\industrial-anomaly-detection\data\mvtec_ad\hazelnut\test\crack\015.png,2,1.0,0,1,63.10215759277344,44.29761075973511,1.9082456247021895,9.854363919200948,D:\Research\research-experiments\industrial-anomaly-detection\data\mvtec_ad\hazelnut\ground_truth\crack\015_mask.png,55765,0.05318164825439453,-2.9340418809667903
hazelnut,crack,D:\Research\research-experiments\industrial-anomaly-detection\data\mvtec_ad\hazelnut\test\crack\016.png,2,1.0,0,1,51.07765197753906,44.29761075973511,1.9082456247021895,3.5530233267858704,D:\Research\research-experiments\industrial-anomaly-detection\data\mvtec_ad\hazelnut\ground_truth\crack\016_mask.png,30315,0.02891063690185547,-3.5435456581037306
hazelnut,crack,D:\Research\research-experiments\industrial-anomaly-detection\data\mvtec_ad\hazelnut\test\crack\017.png,2,1.0,0,1,56.602664947509766,44.29761075973511,1.9082456247021895,6.448359701961873,D:\Research\research-experiments\industrial-anomaly-detection\data\mvtec_ad\hazelnut\ground_truth\crack\017_mask.png,183595,0.17508983612060547,-1.7424560818053216
hazelnut,cut,D:\Research\research-experiments\industrial-anomaly-detection\data\mvtec_ad\hazelnut\test\cut\000.png,2,1.0,0,1,64.07955169677734,44.29761075973511,1.9082456247021895,10.36655904301078,D:\Research\research-experiments\industrial-anomaly-detection\data\mvtec_ad\hazelnut\ground_truth\cut\000_mask.png,4168,0.00397491455078125,-5.5277517761879995
hazelnut,cut,D:\Research\research-experiments\industrial-anomaly-detection\data\mvtec_ad\hazelnut\test\cut\001.png,2,1.0,0,1,50.988399505615234,44.29761075973511,1.9082456247021895,3.5062513228213614,D:\Research\research-experiments\industrial-anomaly-detection\data\mvtec_ad\hazelnut\ground_truth\cut\001_mask.png,16388,0.015628814697265625,-4.1586389085477675
hazelnut,cut,D:\Research\research-experiments\industrial-anomaly-detection\data\mvtec_ad\hazelnut\test\cut\002.png,2,1.0,0,1,63.702674865722656,44.29761075973511,1.9082456247021895,10.169059923308353,D:\Research\research-experiments\industrial-anomaly-detection\data\mvtec_ad\hazelnut\ground_truth\cut\002_mask.png,6489,0.006188392639160156,-5.085079734984902
hazelnut,cut,D:\Research\research-experiments\industrial-anomaly-detection\data\mvtec_ad\hazelnut\test\cut\003.png,2,1.0,0,1,61.39299011230469,44.29761075973511,1.9082456247021895,8.958689139003042,D:\Research\research-experiments\industrial-anomaly-detection\data\mvtec_ad\hazelnut\ground_truth\cut\003_mask.png,5618,0.0053577423095703125,-5.229212416888953
hazelnut,cut,D:\Research\research-experiments\industrial-anomaly-detection\data\mvtec_ad\hazelnut\test\cut\004.png,2,1.0,0,1,69.087890625,44.29761075973511,1.9082456247021895,12.991136751136946,D:\Research\research-experiments\industrial-anomaly-detection\data\mvtec_ad\hazelnut\ground_truth\cut\004_mask.png,11200,0.01068115234375,-4.539274460292868
hazelnut,cut,D:\Research\research-experiments\industrial-anomaly-detection\data\mvtec_ad\hazelnut\test\cut\005.png,2,1.0,0,1,66.78165435791016,44.29761075973511,1.9082456247021895,11.782573116961304,D:\Research\research-experiments\industrial-anomaly-detection\data\mvtec_ad\hazelnut\ground_truth\cut\005_mask.png,6586,0.0062808990478515625,-5.070241989049733
hazelnut,cut,D:\Research\research-experiments\industrial-anomaly-detection\data\mvtec_ad\hazelnut\test\cut\006.png,2,1.0,0,1,55.93240737915039,44.29761075973511,1.9082456247021895,6.097116885165697,D:\Research\research-experiments\industrial-anomaly-detection\data\mvtec_ad\hazelnut\ground_truth\cut\006_mask.png,10732,0.010234832763671875,-4.581958301947843
hazelnut,cut,D:\Research\research-experiments\industrial-anomaly-detection\data\mvtec_ad\hazelnut\test\cut\007.png,2,1.0,0,1,65.80595397949219,44.29761075973511,1.9082456247021895,11.271265575737285,D:\Research\research-experiments\industrial-anomaly-detection\data\mvtec_ad\hazelnut\ground_truth\cut\007_mask.png,6952,0.00662994384765625,-5.016158793422849
hazelnut,cut,D:\Research\research-experiments\industrial-anomaly-detection\data\mvtec_ad\hazelnut\test\cut\008.png,2,1.0,0,1,68.2313003540039,44.29761075973511,1.9082456247021895,12.542247855542188,D:\Research\research-experiments\industrial-anomaly-detection\data\mvtec_ad\hazelnut\ground_truth\cut\008_mask.png,21145,0.020165443420410156,-3.9037848117025336
hazelnut,cut,D:\Research\research-experiments\industrial-anomaly-detection\data\mvtec_ad\hazelnut\test\cut\009.png,2,1.0,0,1,64.25212860107422,44.29761075973511,1.9082456247021895,10.456996511889455,D:\Research\research-experiments\industrial-anomaly-detection\data\mvtec_ad\hazelnut\ground_truth\cut\009_mask.png,10831,0.010329246520996094,-4.5727758425506915
hazelnut,cut,D:\Research\research-experiments\industrial-anomaly-detection\data\mvtec_ad\hazelnut\test\cut\010.png,2,1.0,0,1,64.05916595458984,44.29761075973511,1.9082456247021895,10.355876067022988,D:\Research\research-experiments\industrial-anomaly-detection\data\mvtec_ad\hazelnut\ground_truth\cut\010_mask.png,6037,0.005757331848144531,-5.157280958710927
hazelnut,cut,D:\Research\research-experiments\industrial-anomaly-detection\data\mvtec_ad\hazelnut\test\cut\011.png,2,1.0,0,1,69.53975677490234,44.29761075973511,1.9082456247021895,13.227933389920207,D:\Research\research-experiments\industrial-anomaly-detection\data\mvtec_ad\hazelnut\ground_truth\cut\011_mask.png,6604,0.006298065185546875,-5.067512647379978
hazelnut,cut,D:\Research\research-experiments\industrial-anomaly-detection\data\mvtec_ad\hazelnut\test\cut\012.png,2,1.0,0,1,60.16476821899414,44.29761075973511,1.9082456247021895,8.315049831038047,D:\Research\research-experiments\industrial-anomaly-detection\data\mvtec_ad\hazelnut\ground_truth\cut\012_mask.png,8760,0.00835418701171875,-4.78499230756802
hazelnut,cut,D:\Research\research-experiments\industrial-anomaly-detection\data\mvtec_ad\hazelnut\test\cut\013.png,2,1.0,0,1,65.03490447998047,44.29761075973511,1.9082456247021895,10.867203598845787,D:\Research\research-experiments\industrial-anomaly-detection\data\mvtec_ad\hazelnut\ground_truth\cut\013_mask.png,11223,0.010703086853027344,-4.537222994751665
hazelnut,cut,D:\Research\research-experiments\industrial-anomaly-detection\data\mvtec_ad\hazelnut\test\cut\014.png,2,1.0,0,1,64.10971069335938,44.29761075973511,1.9082456247021895,10.382363610405891,D:\Research\research-experiments\industrial-anomaly-detection\data\mvtec_ad\hazelnut\ground_truth\cut\014_mask.png,6144,0.005859375,-5.139712165704746
hazelnut,cut,D:\Research\research-experiments\industrial-anomaly-detection\data\mvtec_ad\hazelnut\test\cut\015.png,2,1.0,0,1,66.40927124023438,44.29761075973511,1.9082456247021895,11.58742888979511,D:\Research\research-experiments\industrial-anomaly-detection\data\mvtec_ad\hazelnut\ground_truth\cut\015_mask.png,9185,0.008759498596191406,-4.737616499387901
hazelnut,cut,D:\Research\research-experiments\industrial-anomaly-detection\data\mvtec_ad\hazelnut\test\cut\016.png,2,1.0,0,1,59.009281158447266,44.29761075973511,1.9082456247021895,7.709526597766017,D:\Research\research-experiments\industrial-anomaly-detection\data\mvtec_ad\hazelnut\ground_truth\cut\016_mask.png,8242,0.007860183715820312,-4.845945172076663
hazelnut,hole,D:\Research\research-experiments\industrial-anomaly-detection\data\mvtec_ad\hazelnut\test\hole\000.png,2,1.0,0,1,71.99076080322266,44.29761075973511,1.9082456247021895,14.512361346464234,D:\Research\research-experiments\industrial-anomaly-detection\data\mvtec_ad\hazelnut\ground_truth\hole\000_mask.png,14373,0.013707160949707031,-4.2898368126931095
hazelnut,hole,D:\Research\research-experiments\industrial-anomaly-detection\data\mvtec_ad\hazelnut\test\hole\001.png,2,1.0,0,1,66.69751739501953,44.29761075973511,1.9082456247021895,11.738481852293132,D:\Research\research-experiments\industrial-anomaly-detection\data\mvtec_ad\hazelnut\ground_truth\hole\001_mask.png,4231,0.004034996032714844,-5.512749712647151
hazelnut,hole,D:\Research\research-experiments\industrial-anomaly-detection\data\mvtec_ad\hazelnut\test\hole\002.png,2,1.0,0,1,73.42926025390625,44.29761075973511,1.9082456247021895,15.266194832081732,D:\Research\research-experiments\industrial-anomaly-detection\data\mvtec_ad\hazelnut\ground_truth\hole\002_mask.png,7308,0.006969451904296875,-4.966218550217713
hazelnut,hole,D:\Research\research-experiments\industrial-anomaly-detection\data\mvtec_ad\hazelnut\test\hole\003.png,2,1.0,0,1,74.41043853759766,44.29761075973511,1.9082456247021895,15.780373023290494,D:\Research\research-experiments\industrial-anomaly-detection\data\mvtec_ad\hazelnut\ground_truth\hole\003_mask.png,9242,0.008813858032226562,-4.731429906311008
hazelnut,hole,D:\Research\research-experiments\industrial-anomaly-detection\data\mvtec_ad\hazelnut\test\hole\004.png,2,1.0,0,1,70.70581817626953,44.29761075973511,1.9082456247021895,13.838998017173928,D:\Research\research-experiments\industrial-anomaly-detection\data\mvtec_ad\hazelnut\ground_truth\hole\004_mask.png,11881,0.011330604553222656,-4.4802477584840785
hazelnut,hole,D:\Research\research-experiments\industrial-anomaly-detection\data\mvtec_ad\hazelnut\test\hole\005.png,2,1.0,0,1,68.9009017944336,44.29761075973511,1.9082456247021895,12.893146834039355,D:\Research\research-experiments\industrial-anomaly-detection\data\mvtec_ad\hazelnut\ground_truth\hole\005_mask.png,12519,0.011939048767089844,-4.427940758180481
hazelnut,hole,D:\Research\research-experiments\industrial-anomaly-detection\data\mvtec_ad\hazelnut\test\hole\006.png,2,1.0,0,1,68.70083618164062,44.29761075973511,1.9082456247021895,12.788304139680136,D:\Research\research-experiments\industrial-anomaly-detection\data\mvtec_ad\hazelnut\ground_truth\hole\006_mask.png,13410,0.012788772583007812,-4.359187556729598
hazelnut,hole,D:\Research\research-experiments\industrial-anomaly-detection\data\mvtec_ad\hazelnut\test\hole\007.png,2,1.0,0,1,72.67390441894531,44.29761075973511,1.9082456247021895,14.87035698752814,D:\Research\research-experiments\industrial-anomaly-detection\data\mvtec_ad\hazelnut\ground_truth\hole\007_mask.png,2442,0.0023288726806640625,-6.062370527136047
hazelnut,hole,D:\Research\research-experiments\industrial-anomaly-detection\data\mvtec_ad\hazelnut\test\hole\008.png,2,1.0,0,1,66.17568969726562,44.29761075973511,1.9082456247021895,11.46502245534818,D:\Research\research-experiments\industrial-anomaly-detection\data\mvtec_ad\hazelnut\ground_truth\hole\008_mask.png,5511,0.005255699157714844,-5.248442047046046
hazelnut,hole,D:\Research\research-experiments\industrial-anomaly-detection\data\mvtec_ad\hazelnut\test\hole\009.png,2,1.0,0,1,74.30259704589844,44.29761075973511,1.9082456247021895,15.723859600540711,D:\Research\research-experiments\industrial-anomaly-detection\data\mvtec_ad\hazelnut\ground_truth\hole\009_mask.png,9068,0.008647918701171875,-4.750436483936734
hazelnut,hole,D:\Research\research-experiments\industrial-anomaly-detection\data\mvtec_ad\hazelnut\test\hole\010.png,2,1.0,0,1,80.48502349853516,44.29761075973511,1.9082456247021895,18.963707957903814,D:\Research\research-experiments\industrial-anomaly-detection\data\mvtec_ad\hazelnut\ground_truth\hole\010_mask.png,14880,0.014190673828125,-4.2551702323430085
hazelnut,hole,D:\Research\research-experiments\industrial-anomaly-detection\data\mvtec_ad\hazelnut\test\hole\011.png,2,1.0,0,1,75.40919494628906,44.29761075973511,1.9082456247021895,16.303762882416873,D:\Research\research-experiments\industrial-anomaly-detection\data\mvtec_ad\hazelnut\ground_truth\hole\011_mask.png,13478,0.012853622436523438,-4.354129527893667
hazelnut,hole,D:\Research\research-experiments\industrial-anomaly-detection\data\mvtec_ad\hazelnut\test\hole\012.png,2,1.0,0,1,72.81095123291016,44.29761075973511,1.9082456247021895,14.942175212703546,D:\Research\research-experiments\industrial-anomaly-detection\data\mvtec_ad\hazelnut\ground_truth\hole\012_mask.png,16808,0.01602935791015625,-4.133333306288542
hazelnut,hole,D:\Research\research-experiments\industrial-anomaly-detection\data\mvtec_ad\hazelnut\test\hole\013.png,2,1.0,0,1,71.63607788085938,44.29761075973511,1.9082456247021895,14.32649275713175,D:\Research\research-experiments\industrial-anomaly-detection\data\mvtec_ad\hazelnut\ground_truth\hole\013_mask.png,24372,0.023242950439453125,-3.7617533568067243
hazelnut,hole,D:\Research\research-experiments\industrial-anomaly-detection\data\mvtec_ad\hazelnut\test\hole\014.png,2,1.0,0,1,69.97054290771484,44.29761075973511,1.9082456247021895,13.45368322381789,D:\Research\research-experiments\industrial-anomaly-detection\data\mvtec_ad\hazelnut\ground_truth\hole\014_mask.png,27842,0.026552200317382812,-3.6286426225887323
hazelnut,hole,D:\Research\research-experiments\industrial-anomaly-detection\data\mvtec_ad\hazelnut\test\hole\015.png,2,1.0,0,1,67.84877014160156,44.29761075973511,1.9082456247021895,12.341786129100633,D:\Research\research-experiments\industrial-anomaly-detection\data\mvtec_ad\hazelnut\ground_truth\hole\015_mask.png,6690,0.0063800811767578125,-5.0545743013388265
hazelnut,hole,D:\Research\research-experiments\industrial-anomaly-detection\data\mvtec_ad\hazelnut\test\hole\016.png,2,1.0,0,1,60.08972930908203,44.29761075973511,1.9082456247021895,8.275726324178798,D:\Research\research-experiments\industrial-anomaly-detection\data\mvtec_ad\hazelnut\ground_truth\hole\016_mask.png,30772,0.029346466064453125,-3.5285831125444282
hazelnut,hole,D:\Research\research-experiments\industrial-anomaly-detection\data\mvtec_ad\hazelnut\test\hole\017.png,2,1.0,0,1,70.95030975341797,44.29761075973511,1.9082456247021895,13.967121762871809,D:\Research\research-experiments\industrial-anomaly-detection\data\mvtec_ad\hazelnut\ground_truth\hole\017_mask.png,26873,0.025628089904785156,-3.6640662281231107
hazelnut,print,D:\Research\research-experiments\industrial-anomaly-detection\data\mvtec_ad\hazelnut\test\print\000.png,2,1.0,0,1,62.95231628417969,44.29761075973511,1.9082456247021895,9.775840847194882,D:\Research\research-experiments\industrial-anomaly-detection\data\mvtec_ad\hazelnut\ground_truth\print\000_mask.png,39682,0.03784370422363281,-3.2742906214200165
hazelnut,print,D:\Research\research-experiments\industrial-anomaly-detection\data\mvtec_ad\hazelnut\test\print\001.png,2,1.0,0,1,64.34036254882812,44.29761075973511,1.9082456247021895,10.503234766866552,D:\Research\research-experiments\industrial-anomaly-detection\data\mvtec_ad\hazelnut\ground_truth\print\001_mask.png,26844,0.025600433349609375,-3.665145960858938
hazelnut,print,D:\Research\research-experiments\industrial-anomaly-detection\data\mvtec_ad\hazelnut\test\print\002.png,2,1.0,0,1,64.48316192626953,44.29761075973511,1.9082456247021895,10.578067574337913,D:\Research\research-experiments\industrial-anomaly-detection\data\mvtec_ad\hazelnut\ground_truth\print\002_mask.png,19830,0.018911361694335938,-3.967992336806801
hazelnut,print,D:\Research\research-experiments\industrial-anomaly-detection\data\mvtec_ad\hazelnut\test\print\003.png,2,1.0,0,1,63.12494659423828,44.29761075973511,1.9082456247021895,9.86630630291185,D:\Research\research-experiments\industrial-anomaly-detection\data\mvtec_ad\hazelnut\ground_truth\print\003_mask.png,18439,0.017584800720214844,-4.040720288626451
hazelnut,print,D:\Research\research-experiments\industrial-anomaly-detection\data\mvtec_ad\hazelnut\test\print\004.png,2,1.0,0,1,60.345523834228516,44.29761075973511,1.9082456247021895,8.409773284295058,D:\Research\research-experiments\industrial-anomaly-detection\data\mvtec_ad\hazelnut\ground_truth\print\004_mask.png,32196,0.030704498291015625,-3.4833460784167642
hazelnut,print,D:\Research\research-experiments\industrial-anomaly-detection\data\mvtec_ad\hazelnut\test\print\005.png,2,1.0,0,1,66.5820083618164,44.29761075973511,1.9082456247021895,11.67795031918866,D:\Research\research-experiments\industrial-anomaly-detection\data\mvtec_ad\hazelnut\ground_truth\print\005_mask.png,17078,0.016286849975585938,-4.11739718533213
hazelnut,print,D:\Research\research-experiments\industrial-anomaly-detection\data\mvtec_ad\hazelnut\test\print\006.png,2,1.0,0,1,67.31029510498047,44.29761075973511,1.9082456247021895,12.059602834848285,D:\Research\research-experiments\industrial-anomaly-detection\data\mvtec_ad\hazelnut\ground_truth\print\006_mask.png,31697,0.030228614807128906,-3.4989662599546563
hazelnut,print,D:\Research\research-experiments\industrial-anomaly-detection\data\mvtec_ad\hazelnut\test\print\007.png,2,1.0,0,1,59.98539352416992,44.29761075973511,1.9082456247021895,8.221050037456855,D:\Research\research-experiments\industrial-anomaly-detection\data\mvtec_ad\hazelnut\ground_truth\print\007_mask.png,21320,0.02033233642578125,-3.8955426837363873
hazelnut,print,D:\Research\research-experiments\industrial-anomaly-detection\data\mvtec_ad\hazelnut\test\print\008.png,2,1.0,0,1,73.61103820800781,44.29761075973511,1.9082456247021895,15.361454033386035,D:\Research\research-experiments\industrial-anomaly-detection\data\mvtec_ad\hazelnut\ground_truth\print\008_mask.png,28795,0.02746105194091797,-3.5949865348429233
hazelnut,print,D:\Research\research-experiments\industrial-anomaly-detection\data\mvtec_ad\hazelnut\test\print\009.png,2,1.0,0,1,60.56351089477539,44.29761075973511,1.9082456247021895,8.524007561960909,D:\Research\research-experiments\industrial-anomaly-detection\data\mvtec_ad\hazelnut\ground_truth\print\009_mask.png,30884,0.029453277587890625,-3.5249500478181215
hazelnut,print,D:\Research\research-experiments\industrial-anomaly-detection\data\mvtec_ad\hazelnut\test\print\010.png,2,1.0,0,1,62.475093841552734,44.29761075973511,1.9082456247021895,9.525756457402855,D:\Research\research-experiments\industrial-anomaly-detection\data\mvtec_ad\hazelnut\ground_truth\print\010_mask.png,25541,0.02435779571533203,-3.714903287056452
hazelnut,print,D:\Research\research-experiments\industrial-anomaly-detection\data\mvtec_ad\hazelnut\test\print\011.png,2,1.0,0,1,55.59592819213867,44.29761075973511,1.9082456247021895,5.920787809570813,D:\Research\research-experiments\industrial-anomaly-detection\data\mvtec_ad\hazelnut\ground_truth\print\011_mask.png,50619,0.04827404022216797,-3.0308613116173917
hazelnut,print,D:\Research\research-experiments\industrial-anomaly-detection\data\mvtec_ad\hazelnut\test\print\012.png,2,1.0,0,1,66.50728607177734,44.29761075973511,1.9082456247021895,11.638792734299281,D:\Research\research-experiments\industrial-anomaly-detection\data\mvtec_ad\hazelnut\ground_truth\print\012_mask.png,20185,0.019249916076660156,-3.950248525963588
hazelnut,print,D:\Research\research-experiments\industrial-anomaly-detection\data\mvtec_ad\hazelnut\test\print\013.png,2,1.0,0,1,66.6358413696289,44.29761075973511,1.9082456247021895,11.70616105218636,D:\Research\research-experiments\industrial-anomaly-detection\data\mvtec_ad\hazelnut\ground_truth\print\013_mask.png,20164,0.019229888916015625,-3.9512894439940056
hazelnut,print,D:\Research\research-experiments\industrial-anomaly-detection\data\mvtec_ad\hazelnut\test\print\014.png,2,1.0,0,1,61.75372314453125,44.29761075973511,1.9082456247021895,9.147728237301962,D:\Research\research-experiments\industrial-anomaly-detection\data\mvtec_ad\hazelnut\ground_truth\print\014_mask.png,22566,0.021520614624023438,-3.8387439370334415
hazelnut,print,D:\Research\research-experiments\industrial-anomaly-detection\data\mvtec_ad\hazelnut\test\print\015.png,2,1.0,0,1,61.316036224365234,44.29761075973511,1.9082456247021895,8.918362104085059,D:\Research\research-experiments\industrial-anomaly-detection\data\mvtec_ad\hazelnut\ground_truth\print\015_mask.png,15902,0.015165328979492188,-4.188743378797598
hazelnut,print,D:\Research\research-experiments\industrial-anomaly-detection\data\mvtec_ad\hazelnut\test\print\016.png,2,1.0,0,1,57.30386734008789,44.29761075973511,1.9082456247021895,6.815818892488018,D:\Research\research-experiments\industrial-anomaly-detection\data\mvtec_ad\hazelnut\ground_truth\print\016_mask.png,46948,0.044773101806640625,-3.1061477036440532
