category,defect_type,image_path,seed,location,alpha,is_good,gt_label,anomaly_score,good_mean,good_std,z_score,mask_path,area_pixels,area_ratio,log_area_ratio
grid,good,D:\Research\research-experiments\industrial-anomaly-detection\data\mvtec_ad\grid\test\good\000.png,0,post_concat,0.0,1,0,25.117475509643555,27.71324148632231,2.467967784097786,-1.0517827636991173,,,,
grid,good,D:\Research\research-experiments\industrial-anomaly-detection\data\mvtec_ad\grid\test\good\001.png,0,post_concat,0.0,1,0,30.995498657226562,27.71324148632231,2.467967784097786,1.3299432804809264,,,,
grid,good,D:\Research\research-experiments\industrial-anomaly-detection\data\mvtec_ad\grid\test\good\002.png,0,post_concat,0.0,1,0,25.6392879486084,27.71324148632231,2.467967784097786,-0.8403487075792954,,,,
grid,good,D:\Research\research-experiments\industrial-anomaly-detection\data\mvtec_ad\grid\test\good\003.png,0,post_concat,0.0,1,0,31.273773193359375,27.71324148632231,2.467967784097786,1.4426978058543365,,,,
grid,good,D:\Research\research-experiments\industrial-anomaly-detection\data\mvtec_ad\grid\test\good\004.png,0,post_concat,0.0,1,0,28.709524154663086,27.71324148632231,2.467967784097786,0.40368544304357123,,,,
grid,good,D:\Research\research-experiments\industrial-anomaly-detection\data\mvtec_ad\grid\test\good\005.png,0,post_concat,0.0,1,0,28.70002555847168,27.71324148632231,2.467967784097786,0.39983669094372215,,,,
grid,good,D:\Research\research-experiments\industrial-anomaly-detection\data\mvtec_ad\grid\test\good\006.png,0,post_concat,0.0,1,0,31.85497283935547,27.71324148632231,2.467967784097786,1.6781950638578733,,,,
grid,good,D:\Research\research-experiments\industrial-anomaly-detection\data\mvtec_ad\grid\test\good\007.png,0,post_concat,0.0,1,0,25.507404327392578,27.71324148632231,2.467967784097786,-0.8937868529495896,,,,
grid,good,D:\Research\research-experiments\industrial-anomaly-detection\data\mvtec_ad\grid\test\good\008.png,0,post_concat,0.0,1,0,27.411449432373047,27.71324148632231,2.467967784097786,-0.12228362780658807,,,,
grid,good,D:\Research\research-experiments\industrial-anomaly-detection\data\mvtec_ad\grid\test\good\009.png,0,post_concat,0.0,1,0,26.00063133239746,27.71324148632231,2.467967784097786,-0.6939353766933095,,,,
grid,good,D:\Research\research-experiments\industrial-anomaly-detection\data\mvtec_ad\grid\test\good\010.png,0,post_concat,0.0,1,0,26.296184539794922,27.71324148632231,2.467967784097786,-0.5741796775703948,,,,
grid,good,D:\Research\research-experiments\industrial-anomaly-detection\data\mvtec_ad\grid\test\good\011.png,0,post_concat,0.0,1,0,25.8547306060791,27.71324148632231,2.467967784097786,-0.753053136357136,,,,
grid,good,D:\Research\research-experiments\industrial-anomaly-detection\data\mvtec_ad\grid\test\good\012.png,0,post_concat,0.0,1,0,26.966796875,27.71324148632231,2.467967784097786,-0.3024531422703266,,,,
grid,good,D:\Research\research-experiments\industrial-anomaly-detection\data\mvtec_ad\grid\test\good\013.png,0,post_concat,0.0,1,0,24.748920440673828,27.71324148632231,2.467967784097786,-1.2011182093821975,,,,
grid,good,D:\Research\research-experiments\industrial-anomaly-detection\data\mvtec_ad\grid\test\good\014.png,0,post_concat,0.0,1,0,26.15390968322754,27.71324148632231,2.467967784097786,-0.6318282649969095,,,,
grid,good,D:\Research\research-experiments\industrial-anomaly-detection\data\mvtec_ad\grid\test\good\015.png,0,post_concat,0.0,1,0,26.231903076171875,27.71324148632231,2.467967784097786,-0.6002259914798554,,,,
grid,good,D:\Research\research-experiments\industrial-anomaly-detection\data\mvtec_ad\grid\test\good\016.png,0,post_concat,0.0,1,0,28.439857482910156,27.71324148632231,2.467967784097786,0.294418752655426,,,,
grid,good,D:\Research\research-experiments\industrial-anomaly-detection\data\mvtec_ad\grid\test\good\017.png,0,post_concat,0.0,1,0,27.18613624572754,27.71324148632231,2.467967784097786,-0.21357865527708458,,,,
grid,good,D:\Research\research-experiments\industrial-anomaly-detection\data\mvtec_ad\grid\test\good\018.png,0,post_concat,0.0,1,0,34.021339416503906,27.71324148632231,2.467967784097786,2.5559887656668274,,,,
grid,good,D:\Research\research-experiments\industrial-anomaly-detection\data\mvtec_ad\grid\test\good\019.png,0,post_concat,0.0,1,0,27.690282821655273,27.71324148632231,2.467967784097786,-0.009302659789552314,,,,
grid,good,D:\Research\research-experiments\industrial-anomaly-detection\data\mvtec_ad\grid\test\good\020.png,0,post_concat,0.0,1,0,27.177967071533203,27.71324148632231,2.467967784097786,-0.21688873665131223,,,,
grid,bent,D:\Research\research-experiments\industrial-anomaly-detection\data\mvtec_ad\grid\test\bent\000.png,0,post_concat,0.0,0,1,35.22071075439453,27.71324148632231,2.467967784097786,3.0419640468754023,D:\Research\research-experiments\industrial-anomaly-detection\data\mvtec_ad\grid\ground_truth\bent\000_mask.png,5460,0.005207061767578125,-5.257739350413088
grid,bent,D:\Research\research-experiments\industrial-anomaly-detection\data\mvtec_ad\grid\test\bent\001.png,0,post_concat,0.0,0,1,45.56879425048828,27.71324148632231,2.467967784097786,7.2349213305040845,D:\Research\research-experiments\industrial-anomaly-detection\data\mvtec_ad\grid\ground_truth\bent\001_mask.png,4554,0.0043430328369140625,-5.439182134321405
grid,bent,D:\Research\research-experiments\industrial-anomaly-detection\data\mvtec_ad\grid\test\bent\002.png,0,post_concat,0.0,0,1,39.86757278442383,27.71324148632231,2.467967784097786,4.924833855780971,D:\Research\research-experiments\industrial-anomaly-detection\data\mvtec_ad\grid\ground_truth\bent\002_mask.png,4315,0.004115104675292969,-5.493090764674223
grid,bent,D:\Research\research-experiments\industrial-anomaly-detection\data\mvtec_ad\grid\test\bent\003.png,0,post_concat,0.0,0,1,53.75339126586914,27.71324148632231,2.467967784097786,10.55125190342236,D:\Research\research-experiments\industrial-anomaly-detection\data\mvtec_ad\grid\ground_truth\bent\003_mask.png,7860,0.007495880126953125,-4.893401592369047
grid,bent,D:\Research\research-experiments\industrial-anomaly-detection\data\mvtec_ad\grid\test\bent\004.png,0,post_concat,0.0,0,1,39.142333984375,27.71324148632231,2.467967784097786,4.630973131697835,D:\Research\research-experiments\industrial-anomaly-detection\data\mvtec_ad\grid\ground_truth\bent\004_mask.png,8709,0.008305549621582031,-4.79083123810475
grid,bent,D:\Research\research-experiments\industrial-anomaly-detection\data\mvtec_ad\grid\test\bent\005.png,0,post_concat,0.0,0,1,45.522239685058594,27.71324148632231,2.467967784097786,7.216057808164101,D:\Research\research-experiments\industrial-anomaly-detection\data\mvtec_ad\grid\ground_truth\bent\005_mask.png,14959,0.014266014099121094,-4.249875136727783
grid,bent,D:\Research\research-experiments\industrial-anomaly-detection\data\mvtec_ad\grid\test\bent\006.png,0,post_concat,0.0,0,1,46.09935760498047,27.71324148632231,2.467967784097786,7.449901184743205,D:\Research\research-experiments\industrial-anomaly-detection\data\mvtec_ad\grid\ground_truth\bent\006_mask.png,22629,0.02158069610595703,-3.8359560163394586
grid,bent,D:\Research\research-experiments\industrial-anomaly-detection\data\mvtec_ad\grid\test\bent\007.png,0,post_concat,0.0,0,1,37.82339859008789,27.71324148632231,2.467967784097786,4.096551490221962,D:\Research\research-experiments\industrial-anomaly-detection\data\mvtec_ad\grid\ground_truth\bent\007_mask.png,11967,0.011412620544433594,-4.473035383003099
grid,bent,D:\Research\research-experiments\industrial-anomaly-detection\data\mvtec_ad\grid\test\bent\008.png,0,post_concat,0.0,0,1,37.38182067871094,27.71324148632231,2.467967784097786,3.9176277967190587,D:\Research\research-experiments\industrial-anomaly-detection\data\mvtec_ad\grid\ground_truth\bent\008_mask.png,6220,0.005931854248046875,-5.1274182568843445
grid,bent,D:\Research\research-experiments\industrial-anomaly-detection\data\mvtec_ad\grid\test\bent\009.png,0,post_concat,0.0,0,1,43.902950286865234,27.71324148632231,2.467967784097786,6.559935224787138,D:\Research\research-experiments\industrial-anomaly-detection\data\mvtec_ad\grid\ground_truth\bent\009_mask.png,14468,0.013797760009765625,-4.283248945651388
grid,bent,D:\Research\research-experiments\industrial-anomaly-detection\data\mvtec_ad\grid\test\bent\010.png,0,post_concat,0.0,0,1,49.61399841308594,27.71324148632231,2.467967784097786,8.874004380397485,D:\Research\research-experiments\industrial-anomaly-detection\data\mvtec_ad\grid\ground_truth\bent\010_mask.png,19594,0.018686294555664062,-3.9799648817791624
grid,bent,D:\Research\research-experiments\industrial-anomaly-detection\data\mvtec_ad\grid\test\bent\011.png,0,post_concat,0.0,0,1,48.98445129394531,27.71324148632231,2.467967784097786,8.618917128774074,D:\Research\research-experiments\industrial-anomaly-detection\data\mvtec_ad\grid\ground_truth\bent\011_mask.png,15136,0.014434814453125,-4.2381122506302935
grid,broken,D:\Research\research-experiments\industrial-anomaly-detection\data\mvtec_ad\grid\test\broken\000.png,0,post_concat,0.0,0,1,41.43704605102539,27.71324148632231,2.467967784097786,5.560771357361978,D:\Research\research-experiments\industrial-anomaly-detection\data\mvtec_ad\grid\ground_truth\broken\000_mask.png,7428,0.007083892822265625,-4.9499315475609995
grid,broken,D:\Research\research-experiments\industrial-anomaly-detection\data\mvtec_ad\grid\test\broken\001.png,0,post_concat,0.0,0,1,59.3195915222168,27.71324148632231,2.467967784097786,12.80662990803537,D:\Research\research-experiments\industrial-anomaly-detection\data\mvtec_ad\grid\ground_truth\broken\001_mask.png,24376,0.02324676513671875,-3.7615892475166244
grid,broken,D:\Research\research-experiments\industrial-anomaly-detection\data\mvtec_ad\grid\test\broken\002.png,0,post_concat,0.0,0,1,40.38071060180664,27.71324148632231,2.467967784097786,5.132753027452979,D:\Research\research-experiments\industrial-anomaly-detection\data\mvtec_ad\grid\ground_truth\broken\002_mask.png,2682,0.0025577545166015625,-5.968625156389424
grid,broken,D:\Research\research-experiments\industrial-anomaly-detection\data\mvtec_ad\grid\test\broken\003.png,0,post_concat,0.0,0,1,51.630126953125,27.71324148632231,2.467967784097786,9.690922880318706,D:\Research\research-experiments\industrial-anomaly-detection\data\mvtec_ad\grid\ground_truth\broken\003_mask.png,11860,0.011310577392578125,-4.482016850234378
grid,broken,D:\Research\research-experiments\industrial-anomaly-detection\data\mvtec_ad\grid\test\broken\004.png,0,post_concat,0.0,0,1,54.735870361328125,27.71324148632231,2.467967784097786,10.949344253650565,D:\Research\research-experiments\industrial-anomaly-detection\data\mvtec_ad\grid\ground_truth\broken\004_mask.png,4616,0.00440216064453125,-5.425659575849818
grid,broken,D:\Research\research-experiments\industrial-anomaly-detection\data\mvtec_ad\grid\test\broken\005.png,0,post_concat,0.0,0,1,41.71632766723633,27.71324148632231,2.467967784097786,5.673933943198987,D:\Research\research-experiments\industrial-anomaly-detection\data\mvtec_ad\grid\ground_truth\broken\005_mask.png,6628,0.006320953369140625,-5.063885074448482
grid,broken,D:\Research\research-experiments\industrial-anomaly-detection\data\mvtec_ad\grid\test\broken\006.png,0,post_concat,0.0,0,1,47.48137283325195,27.71324148632231,2.467967784097786,8.009882249802653,D:\Research\research-experiments\industrial-anomaly-detection\data\mvtec_ad\grid\ground_truth\broken\006_mask.png,5489,0.005234718322753906,-5.2524420516167885
grid,broken,D:\Research\research-experiments\industrial-anomaly-detection\data\mvtec_ad\grid\test\broken\007.png,0,post_concat,0.0,0,1,44.28407669067383,27.71324148632231,2.467967784097786,6.714364470689114,D:\Research\research-experiments\industrial-anomaly-detection\data\mvtec_ad\grid\ground_truth\broken\007_mask.png,4852,0.004627227783203125,-5.37579712502287
grid,broken,D:\Research\research-experiments\industrial-anomaly-detection\data\mvtec_ad\grid\test\broken\008.png,0,post_concat,0.0,0,1,35.500003814697266,27.71324148632231,2.467967784097786,3.1551312697631335,D:\Research\research-experiments\industrial-anomaly-detection\data\mvtec_ad\grid\ground_truth\broken\008_mask.png,4135,0.003943443298339844,-5.535700750155657
grid,broken,D:\Research\research-experiments\industrial-anomaly-detection\data\mvtec_ad\grid\test\broken\009.png,0,post_concat,0.0,0,1,52.61316680908203,27.71324148632231,2.467967784097786,10.089242446032324,D:\Research\research-experiments\industrial-anomaly-detection\data\mvtec_ad\grid\ground_truth\broken\009_mask.png,6307,0.006014823913574219,-5.113528038279362
grid,broken,D:\Research\research-experiments\industrial-anomaly-detection\data\mvtec_ad\grid\test\broken\010.png,0,post_concat,0.0,0,1,47.500816345214844,27.71324148632231,2.467967784097786,8.017760598980537,D:\Research\research-experiments\industrial-anomaly-detection\data\mvtec_ad\grid\ground_truth\broken\010_mask.png,5170,0.0049304962158203125,-5.31231544087711
grid,broken,D:\Research\research-experiments\industrial-anomaly-detection\data\mvtec_ad\grid\test\broken\011.png,0,post_concat,0.0,0,1,45.41409683227539,27.71324148632231,2.467967784097786,7.172239224518068,D:\Research\research-experiments\industrial-anomaly-detection\data\mvtec_ad\grid\ground_truth\broken\011_mask.png,4002,0.0038166046142578125,-5.5683938340422685
grid,glue,D:\Research\research-experiments\industrial-anomaly-detection\data\mvtec_ad\grid\test\glue\000.png,0,post_concat,0.0,0,1,38.765995025634766,27.71324148632231,2.467967784097786,4.478483718681525,D:\Research\research-experiments\industrial-anomaly-detection\data\mvtec_ad\grid\ground_truth\glue\000_mask.png,5771,0.005503654479980469,-5.2023427747905036
grid,glue,D:\Research\research-experiments\industrial-anomaly-detection\data\mvtec_ad\grid\test\glue\001.png,0,post_concat,0.0,0,1,31.81817626953125,27.71324148632231,2.467967784097786,1.6632854001007873,D:\Research\research-experiments\industrial-anomaly-detection\data\mvtec_ad\grid\ground_truth\glue\001_mask.png,5019,0.004786491394042969,-5.341957412622695
grid,glue,D:\Research\research-experiments\industrial-anomaly-detection\data\mvtec_ad\grid\test\glue\002.png,0,post_concat,0.0,0,1,39.66852951049805,27.71324148632231,2.467967784097786,4.844183178244454,D:\Research\research-experiments\industrial-anomaly-detection\data\mvtec_ad\grid\ground_truth\glue\002_mask.png,5399,0.005148887634277344,-5.268974386763931
grid,glue,D:\Research\research-experiments\industrial-anomaly-detection\data\mvtec_ad\grid\test\glue\003.png,0,post_concat,0.0,0,1,38.780330657958984,27.71324148632231,2.467967784097786,4.484292397553506,D:\Research\research-experiments\industrial-anomaly-detection\data\mvtec_ad\grid\ground_truth\glue\003_mask.png,4794,0.0045719146728515625,-5.3878229774778585
grid,glue,D:\Research\research-experiments\industrial-anomaly-detection\data\mvtec_ad\grid\test\glue\004.png,0,post_concat,0.0,0,1,37.31013488769531,27.71324148632231,2.467967784097786,3.888581310992005,D:\Research\research-experiments\industrial-anomaly-detection\data\mvtec_ad\grid\ground_truth\glue\004_mask.png,7696,0.0073394775390625,-4.914487482603893
grid,glue,D:\Research\research-experiments\industrial-anomaly-detection\data\mvtec_ad\grid\test\glue\005.png,0,post_concat,0.0,0,1,44.80266189575195,27.71324148632231,2.467967784097786,6.924490878505132,D:\Research\research-experiments\industrial-anomaly-detection\data\mvtec_ad\grid\ground_truth\glue\005_mask.png,2542,0.0024242401123046875,-6.022236746949199
grid,glue,D:\Research\research-experiments\industrial-anomaly-detection\data\mvtec_ad\grid\test\glue\006.png,0,post_concat,0.0,0,1,32.167030334472656,27.71324148632231,2.467967784097786,1.8046381629647226,D:\Research\research-experiments\industrial-anomaly-detection\data\mvtec_ad\grid\ground_truth\glue\006_mask.png,4838,0.0046138763427734375,-5.3786867032914625
grid,glue,D:\Research\research-experiments\industrial-anomaly-detection\data\mvtec_ad\grid\test\glue\007.png,0,post_concat,0.0,0,1,35.812652587890625,27.71324148632231,2.467967784097786,3.2818139498239898,D:\Research\research-experiments\industrial-anomaly-detection\data\mvtec_ad\grid\ground_truth\glue\007_mask.png,5125,0.004887580871582031,-5.321057602592123
grid,glue,D:\Research\research-experiments\industrial-anomaly-detection\data\mvtec_ad\grid\test\glue\008.png,0,post_concat,0.0,0,1,28.241714477539062,27.71324148632231,2.467967784097786,0.2141328564424295,D:\Research\research-experiments\industrial-anomaly-detection\data\mvtec_ad\grid\ground_truth\glue\008_mask.png,2384,0.0022735595703125,-6.086408143174836
grid,glue,D:\Research\research-experiments\industrial-anomaly-detection\data\mvtec_ad\grid\test\glue\009.png,0,post_concat,0.0,0,1,45.030967712402344,27.71324148632231,2.467967784097786,7.016998494739617,D:\Research\research-experiments\industrial-anomaly-detection\data\mvtec_ad\grid\ground_truth\glue\009_mask.png,6548,0.006244659423828125,-5.076028512571058
grid,glue,D:\Research\research-experiments\industrial-anomaly-detection\data\mvtec_ad\grid\test\glue\010.png,0,post_concat,0.0,0,1,44.51286315917969,27.71324148632231,2.467967784097786,6.807066843053954,D:\Research\research-experiments\industrial-anomaly-detection\data\mvtec_ad\grid\ground_truth\glue\010_mask.png,6811,0.006495475769042969,-5.036649226004289
grid,metal_contamination,D:\Research\research-experiments\industrial-anomaly-detection\data\mvtec_ad\grid\test\metal_contamination\000.png,0,post_concat,0.0,0,1,46.084266662597656,27.71324148632231,2.467967784097786,7.443786460523525,D:\Research\research-experiments\industrial-anomaly-detection\data\mvtec_ad\grid\ground_truth\metal_contamination\000_mask.png,2624,0.00250244140625,-5.990488061525251
grid,metal_contamination,D:\Research\research-experiments\industrial-anomaly-detection\data\mvtec_ad\grid\test\metal_contamination\001.png,0,post_concat,0.0,0,1,52.33924102783203,27.71324148632231,2.467967784097786,9.978249999933544,D:\Research\research-experiments\industrial-anomaly-detection\data\mvtec_ad\grid\ground_truth\metal_contamination\001_mask.png,7452,0.007106781005859375,-4.946705738766755
grid,metal_contamination,D:\Research\research-experiments\industrial-anomaly-detection\data\mvtec_ad\grid\test\metal_contamination\002.png,0,post_concat,0.0,0,1,57.87055969238281,27.71324148632231,2.467967784097786,12.219494273943734,D:\Research\research-experiments\industrial-anomaly-detection\data\mvtec_ad\grid\ground_truth\metal_contamination\002_mask.png,4647,0.004431724548339844,-5.418966256468161
grid,metal_contamination,D:\Research\research-experiments\industrial-anomaly-detection\data\mvtec_ad\grid\test\metal_contamination\003.png,0,post_concat,0.0,0,1,45.6938591003418,27.71324148632231,2.467967784097786,7.285596566485431,D:\Research\research-experiments\industrial-anomaly-detection\data\mvtec_ad\grid\ground_truth\metal_contamination\003_mask.png,8548,0.008152008056640625,-4.809490872090713
grid,metal_contamination,D:\Research\research-experiments\industrial-anomaly-detection\data\mvtec_ad\grid\test\metal_contamination\004.png,0,post_concat,0.0,0,1,43.60065841674805,27.71324148632231,2.467967784097786,6.437449075630334,D:\Research\research-experiments\industrial-anomaly-detection\data\mvtec_ad\grid\ground_truth\metal_contamination\004_mask.png,4391,0.004187583923339844,-5.475631101836033
grid,metal_contamination,D:\Research\research-experiments\industrial-anomaly-detection\data\mvtec_ad\grid\test\metal_contamination\005.png,0,post_concat,0.0,0,1,46.56898880004883,27.71324148632231,2.467967784097786,7.640191835251045,D:\Research\research-experiments\industrial-anomaly-detection\data\mvtec_ad\grid\ground_truth\metal_contamination\005_mask.png,4072,0.00388336181640625,-5.551053795459739
grid,metal_contamination,D:\Research\research-experiments\industrial-anomaly-detection\data\mvtec_ad\grid\test\metal_contamination\006.png,0,post_concat,0.0,0,1,40.449066162109375,27.71324148632231,2.467967784097786,5.160450131419724,D:\Research\research-experiments\industrial-anomaly-detection\data\mvtec_ad\grid\ground_truth\metal_contamination\006_mask.png,3131,0.0029859542846679688,-5.813835554971247
grid,metal_contamination,D:\Research\research-experiments\industrial-anomaly-detection\data\mvtec_ad\grid\test\metal_contamination\007.png,0,post_concat,0.0,0,1,36.96284103393555,27.71324148632231,2.467967784097786,3.7478607327099325,D:\Research\research-experiments\industrial-anomaly-detection\data\mvtec_ad\grid\ground_truth\metal_contamination\007_mask.png,1976,0.00188446044921875,-6.274113202235363
grid,metal_contamination,D:\Research\research-experiments\industrial-anomaly-detection\data\mvtec_ad\grid\test\metal_contamination\008.png,0,post_concat,0.0,0,1,45.170928955078125,27.71324148632231,2.467967784097786,7.073709625078357,D:\Research\research-experiments\industrial-anomaly-detection\data\mvtec_ad\grid\ground_truth\metal_contamination\008_mask.png,4243,0.004046440124511719,-5.509917518865808
grid,metal_contamination,D:\Research\research-experiments\industrial-anomaly-detection\data\mvtec_ad\grid\test\metal_contamination\009.png,0,post_concat,0.0,0,1,35.19498825073242,27.71324148632231,2.467967784097786,3.031541502534325,D:\Research\research-experiments\industrial-anomaly-detection\data\mvtec_ad\grid\ground_truth\metal_contamination\009_mask.png,4249,0.004052162170410156,-5.508504424302294
grid,metal_contamination,D:\Research\research-experiments\industrial-anomaly-detection\data\mvtec_ad\grid\test\metal_contamination\010.png,0,post_concat,0.0,0,1,42.736026763916016,27.71324148632231,2.467967784097786,6.087107528061019,D:\Research\research-experiments\industrial-anomaly-detection\data\mvtec_ad\grid\ground_truth\metal_contamination\010_mask.png,5163,0.004923820495605469,-5.313670323224953
grid,thread,D:\Research\research-experiments\industrial-anomaly-detection\data\mvtec_ad\grid\test\thread\000.png,0,post_concat,0.0,0,1,44.84522247314453,27.71324148632231,2.467967784097786,6.941736070142889,D:\Research\research-experiments\industrial-anomaly-detection\data\mvtec_ad\grid\ground_truth\thread\000_mask.png,7354,0.0070133209228515625,-4.9599438067518955
grid,thread,D:\Research\research-experiments\industrial-anomaly-detection\data\mvtec_ad\grid\test\thread\001.png,0,post_concat,0.0,0,1,58.47026824951172,27.71324148632231,2.467967784097786,12.462491188649468,D:\Research\research-experiments\industrial-anomaly-detection\data\mvtec_ad\grid\ground_truth\thread\001_mask.png,14256,0.0135955810546875,-4.298010387935007
grid,thread,D:\Research\research-experiments\industrial-anomaly-detection\data\mvtec_ad\grid\test\thread\002.png,0,post_concat,0.0,0,1,36.03313446044922,27.71324148632231,2.467967784097786,3.3711513690477157,D:\Research\research-experiments\industrial-anomaly-detection\data\mvtec_ad\grid\ground_truth\thread\002_mask.png,15995,0.015254020690917969,-4.182912093258803
grid,thread,D:\Research\research-experiments\industrial-anomaly-detection\data\mvtec_ad\grid\test\thread\003.png,0,post_concat,0.0,0,1,32.889583587646484,27.71324148632231,2.467967784097786,2.097410725811596,D:\Research\research-experiments\industrial-anomaly-detection\data\mvtec_ad\grid\ground_truth\thread\003_mask.png,18349,0.01749897003173828,-4.045613197967734
grid,thread,D:\Research\research-experiments\industrial-anomaly-detection\data\mvtec_ad\grid\test\thread\004.png,0,post_concat,0.0,0,1,40.27680587768555,27.71324148632231,2.467967784097786,5.090651698257923,D:\Research\research-experiments\industrial-anomaly-detection\data\mvtec_ad\grid\ground_truth\thread\004_mask.png,32883,0.03135967254638672,-3.4622324934269857
grid,thread,D:\Research\research-experiments\industrial-anomaly-detection\data\mvtec_ad\grid\test\thread\005.png,0,post_concat,0.0,0,1,55.79450988769531,27.71324148632231,2.467967784097786,11.378296176438406,D:\Research\research-experiments\industrial-anomaly-detection\data\mvtec_ad\grid\ground_truth\thread\005_mask.png,15724,0.014995574951171875,-4.2000000579708185
grid,thread,D:\Research\research-experiments\industrial-anomaly-detection\data\mvtec_ad\grid\test\thread\006.png,0,post_concat,0.0,0,1,38.31199264526367,27.71324148632231,2.467967784097786,4.294525733777332,D:\Research\research-experiments\industrial-anomaly-detection\data\mvtec_ad\grid\ground_truth\thread\006_mask.png,16043,0.015299797058105469,-4.179915649487488
grid,thread,D:\Research\research-experiments\industrial-anomaly-detection\data\mvtec_ad\grid\test\thread\007.png,0,post_concat,0.0,0,1,37.568450927734375,27.71324148632231,2.467967784097786,3.993248819905009,D:\Research\research-experiments\industrial-anomaly-detection\data\mvtec_ad\grid\ground_truth\thread\007_mask.png,33899,0.03232860565185547,-3.431802785858171
grid,thread,D:\Research\research-experiments\industrial-anomaly-detection\data\mvtec_ad\grid\test\thread\008.png,0,post_concat,0.0,0,1,39.24420166015625,27.71324148632231,2.467967784097786,4.672249065864248,D:\Research\research-experiments\industrial-anomaly-detection\data\mvtec_ad\grid\ground_truth\thread\008_mask.png,37555,0.03581523895263672,-3.3293817791577185
grid,thread,D:\Research\research-experiments\industrial-anomaly-detection\data\mvtec_ad\grid\test\thread\009.png,0,post_concat,0.0,0,1,39.46720886230469,27.71324148632231,2.467967784097786,4.762609727614119,D:\Research\research-experiments\industrial-anomaly-detection\data\mvtec_ad\grid\ground_truth\thread\009_mask.png,16580,0.015811920166015625,-4.146991119266197
grid,thread,D:\Research\research-experiments\industrial-anomaly-detection\data\mvtec_ad\grid\test\thread\010.png,0,post_concat,0.0,0,1,43.022220611572266,27.71324148632231,2.467967784097786,6.203070892534544,D:\Research\research-experiments\industrial-anomaly-detection\data\mvtec_ad\grid\ground_truth\thread\010_mask.png,25467,0.02428722381591797,-3.7178047946189183
grid,good,D:\Research\research-experiments\industrial-anomaly-detection\data\mvtec_ad\grid\test\good\000.png,0,post_concat,0.25,1,0,30.262327194213867,31.936230523245676,2.230181230654985,-0.750568297330795,,,,
grid,good,D:\Research\research-experiments\industrial-anomaly-detection\data\mvtec_ad\grid\test\good\001.png,0,post_concat,0.25,1,0,37.60811233520508,31.936230523245676,2.230181230654985,2.543238071416115,,,,
grid,good,D:\Research\research-experiments\industrial-anomaly-detection\data\mvtec_ad\grid\test\good\002.png,0,post_concat,0.25,1,0,29.697246551513672,31.936230523245676,2.230181230654985,-1.0039470967453323,,,,
grid,good,D:\Research\research-experiments\industrial-anomaly-detection\data\mvtec_ad\grid\test\good\003.png,0,post_concat,0.25,1,0,31.403430938720703,31.936230523245676,2.230181230654985,-0.23890416491779662,,,,
grid,good,D:\Research\research-experiments\industrial-anomaly-detection\data\mvtec_ad\grid\test\good\004.png,0,post_concat,0.25,1,0,34.8747444152832,31.936230523245676,2.230181230654985,1.3176121526117008,,,,
grid,good,D:\Research\research-experiments\industrial-anomaly-detection\data\mvtec_ad\grid\test\good\005.png,0,post_concat,0.25,1,0,34.143524169921875,31.936230523245676,2.230181230654985,0.9897373434659997,,,,
grid,good,D:\Research\research-experiments\industrial-anomaly-detection\data\mvtec_ad\grid\test\good\006.png,0,post_concat,0.25,1,0,35.81941223144531,31.936230523245676,2.230181230654985,1.741195583042002,,,,
grid,good,D:\Research\research-experiments\industrial-anomaly-detection\data\mvtec_ad\grid\test\good\007.png,0,post_concat,0.25,1,0,31.966323852539062,31.936230523245676,2.230181230654985,0.013493669877469156,,,,
grid,good,D:\Research\research-experiments\industrial-anomaly-detection\data\mvtec_ad\grid\test\good\008.png,0,post_concat,0.25,1,0,30.564348220825195,31.936230523245676,2.230181230654985,-0.6151438652443376,,,,
grid,good,D:\Research\research-experiments\industrial-anomaly-detection\data\mvtec_ad\grid\test\good\009.png,0,post_concat,0.25,1,0,29.900455474853516,31.936230523245676,2.230181230654985,-0.9128294240886743,,,,
grid,good,D:\Research\research-experiments\industrial-anomaly-detection\data\mvtec_ad\grid\test\good\010.png,0,post_concat,0.25,1,0,30.723230361938477,31.936230523245676,2.230181230654985,-0.5439020581080544,,,,
grid,good,D:\Research\research-experiments\industrial-anomaly-detection\data\mvtec_ad\grid\test\good\011.png,0,post_concat,0.25,1,0,30.937580108642578,31.936230523245676,2.230181230654985,-0.4477889065140249,,,,
grid,good,D:\Research\research-experiments\industrial-anomaly-detection\data\mvtec_ad\grid\test\good\012.png,0,post_concat,0.25,1,0,31.544754028320312,31.936230523245676,2.230181230654985,-0.1755357320491799,,,,
grid,good,D:\Research\research-experiments\industrial-anomaly-detection\data\mvtec_ad\grid\test\good\013.png,0,post_concat,0.25,1,0,29.177932739257812,31.936230523245676,2.230181230654985,-1.2368043215832176,,,,
grid,good,D:\Research\research-experiments\industrial-anomaly-detection\data\mvtec_ad\grid\test\good\014.png,0,post_concat,0.25,1,0,31.825841903686523,31.936230523245676,2.230181230654985,-0.04949760048277898,,,,
grid,good,D:\Research\research-experiments\industrial-anomaly-detection\data\mvtec_ad\grid\test\good\015.png,0,post_concat,0.25,1,0,30.514833450317383,31.936230523245676,2.230181230654985,-0.6373459938548768,,,,
grid,good,D:\Research\research-experiments\industrial-anomaly-detection\data\mvtec_ad\grid\test\good\016.png,0,post_concat,0.25,1,0,33.17628860473633,31.936230523245676,2.230181230654985,0.5560346685934836,,,,
grid,good,D:\Research\research-experiments\industrial-anomaly-detection\data\mvtec_ad\grid\test\good\017.png,0,post_concat,0.25,1,0,32.542755126953125,31.936230523245676,2.230181230654985,0.2719620250455241,,,,
grid,good,D:\Research\research-experiments\industrial-anomaly-detection\data\mvtec_ad\grid\test\good\018.png,0,post_concat,0.25,1,0,33.72932434082031,31.936230523245676,2.230181230654985,0.8040126035174371,,,,
grid,good,D:\Research\research-experiments\industrial-anomaly-detection\data\mvtec_ad\grid\test\good\019.png,0,post_concat,0.25,1,0,30.690359115600586,31.936230523245676,2.230181230654985,-0.5586413294668383,,,,
grid,good,D:\Research\research-experiments\industrial-anomaly-detection\data\mvtec_ad\grid\test\good\020.png,0,post_concat,0.25,1,0,29.558015823364258,31.936230523245676,2.230181230654985,-1.0663773271838348,,,,
grid,bent,D:\Research\research-experiments\industrial-anomaly-detection\data\mvtec_ad\grid\test\bent\000.png,0,post_concat,0.25,0,1,39.653411865234375,31.936230523245676,2.230181230654985,3.4603382164247836,D:\Research\research-experiments\industrial-anomaly-detection\data\mvtec_ad\grid\ground_truth\bent\000_mask.png,5460,0.005207061767578125,-5.257739350413088
grid,bent,D:\Research\research-experiments\industrial-anomaly-detection\data\mvtec_ad\grid\test\bent\001.png,0,post_concat,0.25,0,1,50.40877151489258,31.936230523245676,2.230181230654985,8.282977516684452,D:\Research\research-experiments\industrial-anomaly-detection\data\mvtec_ad\grid\ground_truth\bent\001_mask.png,4554,0.0043430328369140625,-5.439182134321405
grid,bent,D:\Research\research-experiments\industrial-anomaly-detection\data\mvtec_ad\grid\test\bent\002.png,0,post_concat,0.25,0,1,42.07489776611328,31.936230523245676,2.230181230654985,4.546118092783861,D:\Research\research-experiments\industrial-anomaly-detection\data\mvtec_ad\grid\ground_truth\bent\002_mask.png,4315,0.004115104675292969,-5.493090764674223
grid,bent,D:\Research\research-experiments\industrial-anomaly-detection\data\mvtec_ad\grid\test\bent\003.png,0,post_concat,0.25,0,1,57.1131706237793,31.936230523245676,2.230181230654985,11.28919020322818,D:\Research\research-experiments\industrial-anomaly-detection\data\mvtec_ad\grid\ground_truth\bent\003_mask.png,7860,0.007495880126953125,-4.893401592369047
grid,bent,D:\Research\research-experiments\industrial-anomaly-detection\data\mvtec_ad\grid\test\bent\004.png,0,post_concat,0.25,0,1,44.02147674560547,31.936230523245676,2.230181230654985,5.418952530064321,D:\Research\research-experiments\industrial-anomaly-detection\data\mvtec_ad\grid\ground_truth\bent\004_mask.png,8709,0.008305549621582031,-4.79083123810475
grid,bent,D:\Research\research-experiments\industrial-anomaly-detection\data\mvtec_ad\grid\test\bent\005.png,0,post_concat,0.25,0,1,51.501380920410156,31.936230523245676,2.230181230654985,8.772897075910896,D:\Research\research-experiments\industrial-anomaly-detection\data\mvtec_ad\grid\ground_truth\bent\005_mask.png,14959,0.014266014099121094,-4.249875136727783
grid,bent,D:\Research\research-experiments\industrial-anomaly-detection\data\mvtec_ad\grid\test\bent\006.png,0,post_concat,0.25,0,1,49.822471618652344,31.936230523245676,2.230181230654985,8.020084130182386,D:\Research\research-experiments\industrial-anomaly-detection\data\mvtec_ad\grid\ground_truth\bent\006_mask.png,22629,0.02158069610595703,-3.8359560163394586
grid,bent,D:\Research\research-experiments\industrial-anomaly-detection\data\mvtec_ad\grid\test\bent\007.png,0,post_concat,0.25,0,1,42.836978912353516,31.936230523245676,2.230181230654985,4.887830746340908,D:\Research\research-experiments\industrial-anomaly-detection\data\mvtec_ad\grid\ground_truth\bent\007_mask.png,11967,0.011412620544433594,-4.473035383003099
grid,bent,D:\Research\research-experiments\industrial-anomaly-detection\data\mvtec_ad\grid\test\bent\008.png,0,post_concat,0.25,0,1,40.20128631591797,31.936230523245676,2.230181230654985,3.7060018616715364,D:\Research\research-experiments\industrial-anomaly-detection\data\mvtec_ad\grid\ground_truth\bent\008_mask.png,6220,0.005931854248046875,-5.1274182568843445
grid,bent,D:\Research\research-experiments\industrial-anomaly-detection\data\mvtec_ad\grid\test\bent\009.png,0,post_concat,0.25,0,1,48.230953216552734,31.936230523245676,2.230181230654985,7.306456744110181,D:\Research\research-experiments\industrial-anomaly-detection\data\mvtec_ad\grid\ground_truth\bent\009_mask.png,14468,0.013797760009765625,-4.283248945651388
grid,bent,D:\Research\research-experiments\industrial-anomaly-detection\data\mvtec_ad\grid\test\bent\010.png,0,post_concat,0.25,0,1,54.132450103759766,31.936230523245676,2.230181230654985,9.952652849649915,D:\Research\research-experiments\industrial-anomaly-detection\data\mvtec_ad\grid\ground_truth\bent\010_mask.png,19594,0.018686294555664062,-3.9799648817791624
grid,bent,D:\Research\research-experiments\industrial-anomaly-detection\data\mvtec_ad\grid\test\bent\011.png,0,post_concat,0.25,0,1,53.192481994628906,31.936230523245676,2.230181230654985,9.531176739901293,D:\Research\research-experiments\industrial-anomaly-detection\data\mvtec_ad\grid\ground_truth\bent\011_mask.png,15136,0.014434814453125,-4.2381122506302935
grid,broken,D:\Research\research-experiments\industrial-anomaly-detection\data\mvtec_ad\grid\test\broken\000.png,0,post_concat,0.25,0,1,47.816715240478516,31.936230523245676,2.230181230654985,7.1207148992859555,D:\Research\research-experiments\industrial-anomaly-detection\data\mvtec_ad\grid\ground_truth\broken\000_mask.png,7428,0.007083892822265625,-4.9499315475609995
grid,broken,D:\Research\research-experiments\industrial-anomaly-detection\data\mvtec_ad\grid\test\broken\001.png,0,post_concat,0.25,0,1,63.921390533447266,31.936230523245676,2.230181230654985,14.341955519376254,D:\Research\research-experiments\industrial-anomaly-detection\data\mvtec_ad\grid\ground_truth\broken\001_mask.png,24376,0.02324676513671875,-3.7615892475166244
grid,broken,D:\Research\research-experiments\industrial-anomaly-detection\data\mvtec_ad\grid\test\broken\002.png,0,post_concat,0.25,0,1,45.547332763671875,31.936230523245676,2.230181230654985,6.10313729365785,D:\Research\research-experiments\industrial-anomaly-detection\data\mvtec_ad\grid\ground_truth\broken\002_mask.png,2682,0.0025577545166015625,-5.968625156389424
grid,broken,D:\Research\research-experiments\industrial-anomaly-detection\data\mvtec_ad\grid\test\broken\003.png,0,post_concat,0.25,0,1,57.14371871948242,31.936230523245676,2.230181230654985,11.302887787659088,D:\Research\research-experiments\industrial-anomaly-detection\data\mvtec_ad\grid\ground_truth\broken\003_mask.png,11860,0.011310577392578125,-4.482016850234378
grid,broken,D:\Research\research-experiments\industrial-anomaly-detection\data\mvtec_ad\grid\test\broken\004.png,0,post_concat,0.25,0,1,63.122222900390625,31.936230523245676,2.230181230654985,13.983613505699667,D:\Research\research-experiments\industrial-anomaly-detection\data\mvtec_ad\grid\ground_truth\broken\004_mask.png,4616,0.00440216064453125,-5.425659575849818
grid,broken,D:\Research\research-experiments\industrial-anomaly-detection\data\mvtec_ad\grid\test\broken\005.png,0,post_concat,0.25,0,1,46.06926345825195,31.936230523245676,2.230181230654985,6.3371679129662155,D:\Research\research-experiments\industrial-anomaly-detection\data\mvtec_ad\grid\ground_truth\broken\005_mask.png,6628,0.006320953369140625,-5.063885074448482
grid,broken,D:\Research\research-experiments\industrial-anomaly-detection\data\mvtec_ad\grid\test\broken\006.png,0,post_concat,0.25,0,1,54.537635803222656,31.936230523245676,2.230181230654985,10.134335707479318,D:\Research\research-experiments\industrial-anomaly-detection\data\mvtec_ad\grid\ground_truth\broken\006_mask.png,5489,0.005234718322753906,-5.2524420516167885
grid,broken,D:\Research\research-experiments\industrial-anomaly-detection\data\mvtec_ad\grid\test\broken\007.png,0,post_concat,0.25,0,1,49.086830139160156,31.936230523245676,2.230181230654985,7.690226865947347,D:\Research\research-experiments\industrial-anomaly-detection\data\mvtec_ad\grid\ground_truth\broken\007_mask.png,4852,0.004627227783203125,-5.37579712502287
grid,broken,D:\Research\research-experiments\industrial-anomaly-detection\data\mvtec_ad\grid\test\broken\008.png,0,post_concat,0.25,0,1,39.466156005859375,31.936230523245676,2.230181230654985,3.376373802770381,D:\Research\research-experiments\industrial-anomaly-detection\data\mvtec_ad\grid\ground_truth\broken\008_mask.png,4135,0.003943443298339844,-5.535700750155657
grid,broken,D:\Research\research-experiments\industrial-anomaly-detection\data\mvtec_ad\grid\test\broken\009.png,0,post_concat,0.25,0,1,55.997798919677734,31.936230523245676,2.230181230654985,10.78906416469364,D:\Research\research-experiments\industrial-anomaly-detection\data\mvtec_ad\grid\ground_truth\broken\009_mask.png,6307,0.006014823913574219,-5.113528038279362
grid,broken,D:\Research\research-experiments\industrial-anomaly-detection\data\mvtec_ad\grid\test\broken\010.png,0,post_concat,0.25,0,1,55.044734954833984,31.936230523245676,2.230181230654985,10.361715951129918,D:\Research\research-experiments\industrial-anomaly-detection\data\mvtec_ad\grid\ground_truth\broken\010_mask.png,5170,0.0049304962158203125,-5.31231544087711
grid,broken,D:\Research\research-experiments\industrial-anomaly-detection\data\mvtec_ad\grid\test\broken\011.png,0,post_concat,0.25,0,1,48.23187255859375,31.936230523245676,2.230181230654985,7.3068689716136594,D:\Research\research-experiments\industrial-anomaly-detection\data\mvtec_ad\grid\ground_truth\broken\011_mask.png,4002,0.0038166046142578125,-5.5683938340422685
grid,glue,D:\Research\research-experiments\industrial-anomaly-detection\data\mvtec_ad\grid\test\glue\000.png,0,post_concat,0.25,0,1,45.12187194824219,31.936230523245676,2.230181230654985,5.912363194413579,D:\Research\research-experiments\industrial-anomaly-detection\data\mvtec_ad\grid\ground_truth\glue\000_mask.png,5771,0.005503654479980469,-5.2023427747905036
grid,glue,D:\Research\research-experiments\industrial-anomaly-detection\data\mvtec_ad\grid\test\glue\001.png,0,post_concat,0.25,0,1,33.39020919799805,31.936230523245676,2.230181230654985,0.6519553903363046,D:\Research\research-experiments\industrial-anomaly-detection\data\mvtec_ad\grid\ground_truth\glue\001_mask.png,5019,0.004786491394042969,-5.341957412622695
grid,glue,D:\Research\research-experiments\industrial-anomaly-detection\data\mvtec_ad\grid\test\glue\002.png,0,post_concat,0.25,0,1,46.15029525756836,31.936230523245676,2.230181230654985,6.373502089849503,D:\Research\research-experiments\industrial-anomaly-detection\data\mvtec_ad\grid\ground_truth\glue\002_mask.png,5399,0.005148887634277344,-5.268974386763931
grid,glue,D:\Research\research-experiments\industrial-anomaly-detection\data\mvtec_ad\grid\test\glue\003.png,0,post_concat,0.25,0,1,47.2799072265625,31.936230523245676,2.230181230654985,6.880013378469031,D:\Research\research-experiments\industrial-anomaly-detection\data\mvtec_ad\grid\ground_truth\glue\003_mask.png,4794,0.0045719146728515625,-5.3878229774778585
grid,glue,D:\Research\research-experiments\industrial-anomaly-detection\data\mvtec_ad\grid\test\glue\004.png,0,post_concat,0.25,0,1,42.64194107055664,31.936230523245676,2.230181230654985,4.800376938051259,D:\Research\research-experiments\industrial-anomaly-detection\data\mvtec_ad\grid\ground_truth\glue\004_mask.png,7696,0.0073394775390625,-4.914487482603893
grid,glue,D:\Research\research-experiments\industrial-anomaly-detection\data\mvtec_ad\grid\test\glue\005.png,0,post_concat,0.25,0,1,50.277896881103516,31.936230523245676,2.230181230654985,8.224294109259924,D:\Research\research-experiments\industrial-anomaly-detection\data\mvtec_ad\grid\ground_truth\glue\005_mask.png,2542,0.0024242401123046875,-6.022236746949199
grid,glue,D:\Research\research-experiments\industrial-anomaly-detection\data\mvtec_ad\grid\test\glue\006.png,0,post_concat,0.25,0,1,34.99417495727539,31.936230523245676,2.230181230654985,1.3711640973373374,D:\Research\research-experiments\industrial-anomaly-detection\data\mvtec_ad\grid\ground_truth\glue\006_mask.png,4838,0.0046138763427734375,-5.3786867032914625
grid,glue,D:\Research\research-experiments\industrial-anomaly-detection\data\mvtec_ad\grid\test\glue\007.png,0,post_concat,0.25,0,1,39.04253387451172,31.936230523245676,2.230181230654985,3.1864241585330637,D:\Research\research-experiments\industrial-anomaly-detection\data\mvtec_ad\grid\ground_truth\glue\007_mask.png,5125,0.004887580871582031,-5.321057602592123
grid,glue,D:\Research\research-experiments\industrial-anomaly-detection\data\mvtec_ad\grid\test\glue\008.png,0,post_concat,0.25,0,1,32.78199768066406,31.936230523245676,2.230181230654985,0.37923696325342665,D:\Research\research-experiments\industrial-anomaly-detection\data\mvtec_ad\grid\ground_truth\glue\008_mask.png,2384,0.0022735595703125,-6.086408143174836
grid,glue,D:\Research\research-experiments\industrial-anomaly-detection\data\mvtec_ad\grid\test\glue\009.png,0,post_concat,0.25,0,1,50.809818267822266,31.936230523245676,2.230181230654985,8.462804495504422,D:\Research\research-experiments\industrial-anomaly-detection\data\mvtec_ad\grid\ground_truth\glue\009_mask.png,6548,0.006244659423828125,-5.076028512571058
grid,glue,D:\Research\research-experiments\industrial-anomaly-detection\data\mvtec_ad\grid\test\glue\010.png,0,post_concat,0.25,0,1,49.92118453979492,31.936230523245676,2.230181230654985,8.06434641693546,D:\Research\research-experiments\industrial-anomaly-detection\data\mvtec_ad\grid\ground_truth\glue\010_mask.png,6811,0.006495475769042969,-5.036649226004289
grid,metal_contamination,D:\Research\research-experiments\industrial-anomaly-detection\data\mvtec_ad\grid\test\metal_contamination\000.png,0,post_concat,0.25,0,1,50.73019790649414,31.936230523245676,2.230181230654985,8.427103199020664,D:\Research\research-experiments\industrial-anomaly-detection\data\mvtec_ad\grid\ground_truth\metal_contamination\000_mask.png,2624,0.00250244140625,-5.990488061525251
grid,metal_contamination,D:\Research\research-experiments\industrial-anomaly-detection\data\mvtec_ad\grid\test\metal_contamination\001.png,0,post_concat,0.25,0,1,60.64253616333008,31.936230523245676,2.230181230654985,12.87173672054159,D:\Research\research-experiments\industrial-anomaly-detection\data\mvtec_ad\grid\ground_truth\metal_contamination\001_mask.png,7452,0.007106781005859375,-4.946705738766755
grid,metal_contamination,D:\Research\research-experiments\industrial-anomaly-detection\data\mvtec_ad\grid\test\metal_contamination\002.png,0,post_concat,0.25,0,1,67.0826416015625,31.936230523245676,2.230181230654985,15.75944169702954,D:\Research\research-experiments\industrial-anomaly-detection\data\mvtec_ad\grid\ground_truth\metal_contamination\002_mask.png,4647,0.004431724548339844,-5.418966256468161
grid,metal_contamination,D:\Research\research-experiments\industrial-anomaly-detection\data\mvtec_ad\grid\test\metal_contamination\003.png,0,post_concat,0.25,0,1,51.49331283569336,31.936230523245676,2.230181230654985,8.769279394708176,D:\Research\research-experiments\industrial-anomaly-detection\data\mvtec_ad\grid\ground_truth\metal_contamination\003_mask.png,8548,0.008152008056640625,-4.809490872090713
grid,metal_contamination,D:\Research\research-experiments\industrial-anomaly-detection\data\mvtec_ad\grid\test\metal_contamination\004.png,0,post_concat,0.25,0,1,52.021751403808594,31.936230523245676,2.230181230654985,9.006228105804645,D:\Research\research-experiments\industrial-anomaly-detection\data\mvtec_ad\grid\ground_truth\metal_contamination\004_mask.png,4391,0.004187583923339844,-5.475631101836033
grid,metal_contamination,D:\Research\research-experiments\industrial-anomaly-detection\data\mvtec_ad\grid\test\metal_contamination\005.png,0,post_concat,0.25,0,1,54.53593826293945,31.936230523245676,2.230181230654985,10.133574540512315,D:\Research\research-experiments\industrial-anomaly-detection\data\mvtec_ad\grid\ground_truth\metal_contamination\005_mask.png,4072,0.00388336181640625,-5.551053795459739
grid,metal_contamination,D:\Research\research-experiments\industrial-anomaly-detection\data\mvtec_ad\grid\test\metal_contamination\006.png,0,post_concat,0.25,0,1,45.6453971862793,31.936230523245676,2.230181230654985,6.147108797524655,D:\Research\research-experiments\industrial-anomaly-detection\data\mvtec_ad\grid\ground_truth\metal_contamination\006_mask.png,3131,0.0029859542846679688,-5.813835554971247
grid,metal_contamination,D:\Research\research-experiments\industrial-anomaly-detection\data\mvtec_ad\grid\test\metal_contamination\007.png,0,post_concat,0.25,0,1,44.01865005493164,31.936230523245676,2.230181230654985,5.417685058777695,D:\Research\research-experiments\industrial-anomaly-detection\data\mvtec_ad\grid\ground_truth\metal_contamination\007_mask.png,1976,0.00188446044921875,-6.274113202235363
grid,metal_contamination,D:\Research\research-experiments\industrial-anomaly-detection\data\mvtec_ad\grid\test\metal_contamination\008.png,0,post_concat,0.25,0,1,52.09033203125,31.936230523245676,2.230181230654985,9.03697925127154,D:\Research\research-experiments\industrial-anomaly-detection\data\mvtec_ad\grid\ground_truth\metal_contamination\008_mask.png,4243,0.004046440124511719,-5.509917518865808
grid,metal_contamination,D:\Research\research-experiments\industrial-anomaly-detection\data\mvtec_ad\grid\test\metal_contamination\009.png,0,post_concat,0.25,0,1,37.984222412109375,31.936230523245676,2.230181230654985,2.711883593015199,D:\Research\research-experiments\industrial-anomaly-detection\data\mvtec_ad\grid\ground_truth\metal_contamination\009_mask.png,4249,0.004052162170410156,-5.508504424302294
grid,metal_contamination,D:\Research\research-experiments\industrial-anomaly-detection\data\mvtec_ad\grid\test\metal_contamination\010.png,0,post_concat,0.25,0,1,48.5473747253418,31.936230523245676,2.230181230654985,7.448338266759412,D:\Research\research-experiments\industrial-anomaly-detection\data\mvtec_ad\grid\ground_truth\metal_contamination\010_mask.png,5163,0.004923820495605469,-5.313670323224953
grid,thread,D:\Research\research-experiments\industrial-anomaly-detection\data\mvtec_ad\grid\test\thread\000.png,0,post_concat,0.25,0,1,49.77548599243164,31.936230523245676,2.230181230654985,7.999016054828302,D:\Research\research-experiments\industrial-anomaly-detection\data\mvtec_ad\grid\ground_truth\thread\000_mask.png,7354,0.0070133209228515625,-4.9599438067518955
grid,thread,D:\Research\research-experiments\industrial-anomaly-detection\data\mvtec_ad\grid\test\thread\001.png,0,post_concat,0.25,0,1,68.0854263305664,31.936230523245676,2.230181230654985,16.20908440553238,D:\Research\research-experiments\industrial-anomaly-detection\data\mvtec_ad\grid\ground_truth\thread\001_mask.png,14256,0.0135955810546875,-4.298010387935007
grid,thread,D:\Research\research-experiments\industrial-anomaly-detection\data\mvtec_ad\grid\test\thread\002.png,0,post_concat,0.25,0,1,39.100589752197266,31.936230523245676,2.230181230654985,3.2124560688045425,D:\Research\research-experiments\industrial-anomaly-detection\data\mvtec_ad\grid\ground_truth\thread\002_mask.png,15995,0.015254020690917969,-4.182912093258803
grid,thread,D:\Research\research-experiments\industrial-anomaly-detection\data\mvtec_ad\grid\test\thread\003.png,0,post_concat,0.25,0,1,35.305999755859375,31.936230523245676,2.230181230654985,1.510984482469179,D:\Research\research-experiments\industrial-anomaly-detection\data\mvtec_ad\grid\ground_truth\thread\003_mask.png,18349,0.01749897003173828,-4.045613197967734
grid,thread,D:\Research\research-experiments\industrial-anomaly-detection\data\mvtec_ad\grid\test\thread\004.png,0,post_concat,0.25,0,1,44.3057861328125,31.936230523245676,2.230181230654985,5.5464351683804605,D:\Research\research-experiments\industrial-anomaly-detection\data\mvtec_ad\grid\ground_truth\thread\004_mask.png,32883,0.03135967254638672,-3.4622324934269857
grid,thread,D:\Research\research-experiments\industrial-anomaly-detection\data\mvtec_ad\grid\test\thread\005.png,0,post_concat,0.25,0,1,61.83589553833008,31.936230523245676,2.230181230654985,13.406831966881512,D:\Research\research-experiments\industrial-anomaly-detection\data\mvtec_ad\grid\ground_truth\thread\005_mask.png,15724,0.014995574951171875,-4.2000000579708185
grid,thread,D:\Research\research-experiments\industrial-anomaly-detection\data\mvtec_ad\grid\test\thread\006.png,0,post_concat,0.25,0,1,43.442020416259766,31.936230523245676,2.230181230654985,5.159127758256193,D:\Research\research-experiments\industrial-anomaly-detection\data\mvtec_ad\grid\ground_truth\thread\006_mask.png,16043,0.015299797058105469,-4.179915649487488
grid,thread,D:\Research\research-experiments\industrial-anomaly-detection\data\mvtec_ad\grid\test\thread\007.png,0,post_concat,0.25,0,1,38.526649475097656,31.936230523245676,2.230181230654985,2.9551046620172796,D:\Research\research-experiments\industrial-anomaly-detection\data\mvtec_ad\grid\ground_truth\thread\007_mask.png,33899,0.03232860565185547,-3.431802785858171
grid,thread,D:\Research\research-experiments\industrial-anomaly-detection\data\mvtec_ad\grid\test\thread\008.png,0,post_concat,0.25,0,1,40.99858856201172,31.936230523245676,2.230181230654985,4.063507446928206,D:\Research\research-experiments\industrial-anomaly-detection\data\mvtec_ad\grid\ground_truth\thread\008_mask.png,37555,0.03581523895263672,-3.3293817791577185
grid,thread,D:\Research\research-experiments\industrial-anomaly-detection\data\mvtec_ad\grid\test\thread\009.png,0,post_concat,0.25,0,1,40.192291259765625,31.936230523245676,2.230181230654985,3.7019685319902074,D:\Research\research-experiments\industrial-anomaly-detection\data\mvtec_ad\grid\ground_truth\thread\009_mask.png,16580,0.015811920166015625,-4.146991119266197
grid,thread,D:\Research\research-experiments\industrial-anomaly-detection\data\mvtec_ad\grid\test\thread\010.png,0,post_concat,0.25,0,1,45.54747772216797,31.936230523245676,2.230181230654985,6.10320229218537,D:\Research\research-experiments\industrial-anomaly-detection\data\mvtec_ad\grid\ground_truth\thread\010_mask.png,25467,0.02428722381591797,-3.7178047946189183
grid,good,D:\Research\research-experiments\industrial-anomaly-detection\data\mvtec_ad\grid\test\good\000.png,0,post_concat,0.5,1,0,39.97977066040039,41.003588358561196,3.8380794564727094,-0.26675260628963604,,,,
grid,good,D:\Research\research-experiments\industrial-anomaly-detection\data\mvtec_ad\grid\test\good\001.png,0,post_concat,0.5,1,0,48.598548889160156,41.003588358561196,3.8380794564727094,1.978844006939585,,,,
grid,good,D:\Research\research-experiments\industrial-anomaly-detection\data\mvtec_ad\grid\test\good\002.png,0,post_concat,0.5,1,0,37.57851028442383,41.003588358561196,3.8380794564727094,-0.8923937383216917,,,,
grid,good,D:\Research\research-experiments\industrial-anomaly-detection\data\mvtec_ad\grid\test\good\003.png,0,post_concat,0.5,1,0,36.30758285522461,41.003588358561196,3.8380794564727094,-1.2235300380290544,,,,
grid,good,D:\Research\research-experiments\industrial-anomaly-detection\data\mvtec_ad\grid\test\good\004.png,0,post_concat,0.5,1,0,49.490482330322266,41.003588358561196,3.8380794564727094,2.2112345687498447,,,,
grid,good,D:\Research\research-experiments\industrial-anomaly-detection\data\mvtec_ad\grid\test\good\005.png,0,post_concat,0.5,1,0,45.65761947631836,41.003588358561196,3.8380794564727094,1.212593738753479,,,,
grid,good,D:\Research\research-experiments\industrial-anomaly-detection\data\mvtec_ad\grid\test\good\006.png,0,post_concat,0.5,1,0,42.28274917602539,41.003588358561196,3.8380794564727094,0.3332814841305489,,,,
grid,good,D:\Research\research-experiments\industrial-anomaly-detection\data\mvtec_ad\grid\test\good\007.png,0,post_concat,0.5,1,0,39.35702133178711,41.003588358561196,3.8380794564727094,-0.429008061309737,,,,
grid,good,D:\Research\research-experiments\industrial-anomaly-detection\data\mvtec_ad\grid\test\good\008.png,0,post_concat,0.5,1,0,39.692771911621094,41.003588358561196,3.8380794564727094,-0.3415292626966026,,,,
grid,good,D:\Research\research-experiments\industrial-anomaly-detection\data\mvtec_ad\grid\test\good\009.png,0,post_concat,0.5,1,0,38.62897491455078,41.003588358561196,3.8380794564727094,-0.6186983544610468,,,,
grid,good,D:\Research\research-experiments\industrial-anomaly-detection\data\mvtec_ad\grid\test\good\010.png,0,post_concat,0.5,1,0,38.17485046386719,41.003588358561196,3.8380794564727094,-0.737019107283852,,,,
grid,good,D:\Research\research-experiments\industrial-anomaly-detection\data\mvtec_ad\grid\test\good\011.png,0,post_concat,0.5,1,0,39.20262908935547,41.003588358561196,3.8380794564727094,-0.4692344933527909,,,,
grid,good,D:\Research\research-experiments\industrial-anomaly-detection\data\mvtec_ad\grid\test\good\012.png,0,post_concat,0.5,1,0,42.12949752807617,41.003588358561196,3.8380794564727094,0.2933522305319116,,,,
grid,good,D:\Research\research-experiments\industrial-anomaly-detection\data\mvtec_ad\grid\test\good\013.png,0,post_concat,0.5,1,0,39.98707962036133,41.003588358561196,3.8380794564727094,-0.2648482788665517,,,,
grid,good,D:\Research\research-experiments\industrial-anomaly-detection\data\mvtec_ad\grid\test\good\014.png,0,post_concat,0.5,1,0,39.98979187011719,41.003588358561196,3.8380794564727094,-0.26414161039170153,,,,
grid,good,D:\Research\research-experiments\industrial-anomaly-detection\data\mvtec_ad\grid\test\good\015.png,0,post_concat,0.5,1,0,39.93218994140625,41.003588358561196,3.8380794564727094,-0.27914961878866035,,,,
grid,good,D:\Research\research-experiments\industrial-anomaly-detection\data\mvtec_ad\grid\test\good\016.png,0,post_concat,0.5,1,0,46.32756042480469,41.003588358561196,3.8380794564727094,1.3871448276728369,,,,
grid,good,D:\Research\research-experiments\industrial-anomaly-detection\data\mvtec_ad\grid\test\good\017.png,0,post_concat,0.5,1,0,44.229679107666016,41.003588358561196,3.8380794564727094,0.840548192316393,,,,
grid,good,D:\Research\research-experiments\industrial-anomaly-detection\data\mvtec_ad\grid\test\good\018.png,0,post_concat,0.5,1,0,40.07453536987305,41.003588358561196,3.8380794564727094,-0.24206194770703665,,,,
grid,good,D:\Research\research-experiments\industrial-anomaly-detection\data\mvtec_ad\grid\test\good\019.png,0,post_concat,0.5,1,0,38.27434158325195,41.003588358561196,3.8380794564727094,-0.7110969968864292,,,,
grid,good,D:\Research\research-experiments\industrial-anomaly-detection\data\mvtec_ad\grid\test\good\020.png,0,post_concat,0.5,1,0,35.179168701171875,41.003588358561196,3.8380794564727094,-1.5175349347097955,,,,
grid,bent,D:\Research\research-experiments\industrial-anomaly-detection\data\mvtec_ad\grid\test\bent\000.png,0,post_concat,0.5,0,1,46.25689697265625,41.003588358561196,3.8380794564727094,1.3687336788287796,D:\Research\research-experiments\industrial-anomaly-detection\data\mvtec_ad\grid\ground_truth\bent\000_mask.png,5460,0.005207061767578125,-5.257739350413088
grid,bent,D:\Research\research-experiments\industrial-anomaly-detection\data\mvtec_ad\grid\test\bent\001.png,0,post_concat,0.5,0,1,60.38351821899414,41.003588358561196,3.8380794564727094,5.049382140265429,D:\Research\research-experiments\industrial-anomaly-detection\data\mvtec_ad\grid\ground_truth\bent\001_mask.png,4554,0.0043430328369140625,-5.439182134321405
grid,bent,D:\Research\research-experiments\industrial-anomaly-detection\data\mvtec_ad\grid\test\bent\002.png,0,post_concat,0.5,0,1,47.83676528930664,41.003588358561196,3.8380794564727094,1.7803635928437251,D:\Research\research-experiments\industrial-anomaly-detection\data\mvtec_ad\grid\ground_truth\bent\002_mask.png,4315,0.004115104675292969,-5.493090764674223
grid,bent,D:\Research\research-experiments\industrial-anomaly-detection\data\mvtec_ad\grid\test\bent\003.png,0,post_concat,0.5,0,1,65.12319946289062,41.003588358561196,3.8380794564727094,6.284291760467084,D:\Research\research-experiments\industrial-anomaly-detection\data\mvtec_ad\grid\ground_truth\bent\003_mask.png,7860,0.007495880126953125,-4.893401592369047
grid,bent,D:\Research\research-experiments\industrial-anomaly-detection\data\mvtec_ad\grid\test\bent\004.png,0,post_concat,0.5,0,1,51.64657974243164,41.003588358561196,3.8380794564727094,2.772999231665626,D:\Research\research-experiments\industrial-anomaly-detection\data\mvtec_ad\grid\ground_truth\bent\004_mask.png,8709,0.008305549621582031,-4.79083123810475
grid,bent,D:\Research\research-experiments\industrial-anomaly-detection\data\mvtec_ad\grid\test\bent\005.png,0,post_concat,0.5,0,1,62.38175964355469,41.003588358561196,3.8380794564727094,5.570017902818657,D:\Research\research-experiments\industrial-anomaly-detection\data\mvtec_ad\grid\ground_truth\bent\005_mask.png,14959,0.014266014099121094,-4.249875136727783
grid,bent,D:\Research\research-experiments\industrial-anomaly-detection\data\mvtec_ad\grid\test\bent\006.png,0,post_concat,0.5,0,1,58.134681701660156,41.003588358561196,3.8380794564727094,4.463454583830544,D:\Research\research-experiments\industrial-anomaly-detection\data\mvtec_ad\grid\ground_truth\bent\006_mask.png,22629,0.02158069610595703,-3.8359560163394586
grid,bent,D:\Research\research-experiments\industrial-anomaly-detection\data\mvtec_ad\grid\test\bent\007.png,0,post_concat,0.5,0,1,51.911399841308594,41.003588358561196,3.8380794564727094,2.8419973078858427,D:\Research\research-experiments\industrial-anomaly-detection\data\mvtec_ad\grid\ground_truth\bent\007_mask.png,11967,0.011412620544433594,-4.473035383003099
grid,bent,D:\Research\research-experiments\industrial-anomaly-detection\data\mvtec_ad\grid\test\bent\008.png,0,post_concat,0.5,0,1,47.22093963623047,41.003588358561196,3.8380794564727094,1.619912080554782,D:\Research\research-experiments\industrial-anomaly-detection\data\mvtec_ad\grid\ground_truth\bent\008_mask.png,6220,0.005931854248046875,-5.1274182568843445
grid,bent,D:\Research\research-experiments\industrial-anomaly-detection\data\mvtec_ad\grid\test\bent\009.png,0,post_concat,0.5,0,1,56.6719970703125,41.003588358561196,3.8380794564727094,4.082356524778922,D:\Research\research-experiments\industrial-anomaly-detection\data\mvtec_ad\grid\ground_truth\bent\009_mask.png,14468,0.013797760009765625,-4.283248945651388
grid,bent,D:\Research\research-experiments\industrial-anomaly-detection\data\mvtec_ad\grid\test\bent\010.png,0,post_concat,0.5,0,1,64.14293670654297,41.003588358561196,3.8380794564727094,6.028887262601752,D:\Research\research-experiments\industrial-anomaly-detection\data\mvtec_ad\grid\ground_truth\bent\010_mask.png,19594,0.018686294555664062,-3.9799648817791624
grid,bent,D:\Research\research-experiments\industrial-anomaly-detection\data\mvtec_ad\grid\test\bent\011.png,0,post_concat,0.5,0,1,62.643943786621094,41.003588358561196,3.8380794564727094,5.638329188720841,D:\Research\research-experiments\industrial-anomaly-detection\data\mvtec_ad\grid\ground_truth\bent\011_mask.png,15136,0.014434814453125,-4.2381122506302935
grid,broken,D:\Research\research-experiments\industrial-anomaly-detection\data\mvtec_ad\grid\test\broken\000.png,0,post_concat,0.5,0,1,58.25703811645508,41.003588358561196,3.8380794564727094,4.495334177826072,D:\Research\research-experiments\industrial-anomaly-detection\data\mvtec_ad\grid\ground_truth\broken\000_mask.png,7428,0.007083892822265625,-4.9499315475609995
grid,broken,D:\Research\research-experiments\industrial-anomaly-detection\data\mvtec_ad\grid\test\broken\001.png,0,post_concat,0.5,0,1,75.69747924804688,41.003588358561196,3.8380794564727094,9.039388392800557,D:\Research\research-experiments\industrial-anomaly-detection\data\mvtec_ad\grid\ground_truth\broken\001_mask.png,24376,0.02324676513671875,-3.7615892475166244
grid,broken,D:\Research\research-experiments\industrial-anomaly-detection\data\mvtec_ad\grid\test\broken\002.png,0,post_concat,0.5,0,1,55.19453048706055,41.003588358561196,3.8380794564727094,3.697407072843974,D:\Research\research-experiments\industrial-anomaly-detection\data\mvtec_ad\grid\ground_truth\broken\002_mask.png,2682,0.0025577545166015625,-5.968625156389424
grid,broken,D:\Research\research-experiments\industrial-anomaly-detection\data\mvtec_ad\grid\test\broken\003.png,0,post_concat,0.5,0,1,67.6246109008789,41.003588358561196,3.8380794564727094,6.93602694895303,D:\Research\research-experiments\industrial-anomaly-detection\data\mvtec_ad\grid\ground_truth\broken\003_mask.png,11860,0.011310577392578125,-4.482016850234378
grid,broken,D:\Research\research-experiments\industrial-anomaly-detection\data\mvtec_ad\grid\test\broken\004.png,0,post_concat,0.5,0,1,75.75511169433594,41.003588358561196,3.8380794564727094,9.054404352460242,D:\Research\research-experiments\industrial-anomaly-detection\data\mvtec_ad\grid\ground_truth\broken\004_mask.png,4616,0.00440216064453125,-5.425659575849818
grid,broken,D:\Research\research-experiments\industrial-anomaly-detection\data\mvtec_ad\grid\test\broken\005.png,0,post_concat,0.5,0,1,53.42283248901367,41.003588358561196,3.8380794564727094,3.235796515235792,D:\Research\research-experiments\industrial-anomaly-detection\data\mvtec_ad\grid\ground_truth\broken\005_mask.png,6628,0.006320953369140625,-5.063885074448482
grid,broken,D:\Research\research-experiments\industrial-anomaly-detection\data\mvtec_ad\grid\test\broken\006.png,0,post_concat,0.5,0,1,66.33867645263672,41.003588358561196,3.8380794564727094,6.600980615799731,D:\Research\research-experiments\industrial-anomaly-detection\data\mvtec_ad\grid\ground_truth\broken\006_mask.png,5489,0.005234718322753906,-5.2524420516167885
grid,broken,D:\Research\research-experiments\industrial-anomaly-detection\data\mvtec_ad\grid\test\broken\007.png,0,post_concat,0.5,0,1,59.69904708862305,41.003588358561196,3.8380794564727094,4.871045256380243,D:\Research\research-experiments\industrial-anomaly-detection\data\mvtec_ad\grid\ground_truth\broken\007_mask.png,4852,0.004627227783203125,-5.37579712502287
grid,broken,D:\Research\research-experiments\industrial-anomaly-detection\data\mvtec_ad\grid\test\broken\008.png,0,post_concat,0.5,0,1,47.386390686035156,41.003588358561196,3.8380794564727094,1.6630198514284837,D:\Research\research-experiments\industrial-anomaly-detection\data\mvtec_ad\grid\ground_truth\broken\008_mask.png,4135,0.003943443298339844,-5.535700750155657
grid,broken,D:\Research\research-experiments\industrial-anomaly-detection\data\mvtec_ad\grid\test\broken\009.png,0,post_concat,0.5,0,1,64.21533203125,41.003588358561196,3.8380794564727094,6.047749645605559,D:\Research\research-experiments\industrial-anomaly-detection\data\mvtec_ad\grid\ground_truth\broken\009_mask.png,6307,0.006014823913574219,-5.113528038279362
grid,broken,D:\Research\research-experiments\industrial-anomaly-detection\data\mvtec_ad\grid\test\broken\010.png,0,post_concat,0.5,0,1,65.96006774902344,41.003588358561196,3.8380794564727094,6.502335262594555,D:\Research\research-experiments\industrial-anomaly-detection\data\mvtec_ad\grid\ground_truth\broken\010_mask.png,5170,0.0049304962158203125,-5.31231544087711
grid,broken,D:\Research\research-experiments\industrial-anomaly-detection\data\mvtec_ad\grid\test\broken\011.png,0,post_concat,0.5,0,1,55.0843505859375,41.003588358561196,3.8380794564727094,3.6687000326764667,D:\Research\research-experiments\industrial-anomaly-detection\data\mvtec_ad\grid\ground_truth\broken\011_mask.png,4002,0.0038166046142578125,-5.5683938340422685
grid,glue,D:\Research\research-experiments\industrial-anomaly-detection\data\mvtec_ad\grid\test\glue\000.png,0,post_concat,0.5,0,1,57.13835525512695,41.003588358561196,3.8380794564727094,4.20386474004736,D:\Research\research-experiments\industrial-anomaly-detection\data\mvtec_ad\grid\ground_truth\glue\000_mask.png,5771,0.005503654479980469,-5.2023427747905036
grid,glue,D:\Research\research-experiments\industrial-anomaly-detection\data\mvtec_ad\grid\test\glue\001.png,0,post_concat,0.5,0,1,39.03435516357422,41.003588358561196,3.8380794564727094,-0.5130777560287277,D:\Research\research-experiments\industrial-anomaly-detection\data\mvtec_ad\grid\ground_truth\glue\001_mask.png,5019,0.004786491394042969,-5.341957412622695
grid,glue,D:\Research\research-experiments\industrial-anomaly-detection\data\mvtec_ad\grid\test\glue\002.png,0,post_concat,0.5,0,1,57.31423568725586,41.003588358561196,3.8380794564727094,4.249689854957968,D:\Research\research-experiments\industrial-anomaly-detection\data\mvtec_ad\grid\ground_truth\glue\002_mask.png,5399,0.005148887634277344,-5.268974386763931
grid,glue,D:\Research\research-experiments\industrial-anomaly-detection\data\mvtec_ad\grid\test\glue\003.png,0,post_concat,0.5,0,1,57.55036544799805,41.003588358561196,3.8380794564727094,4.3112127503070905,D:\Research\research-experiments\industrial-anomaly-detection\data\mvtec_ad\grid\ground_truth\glue\003_mask.png,4794,0.0045719146728515625,-5.3878229774778585
grid,glue,D:\Research\research-experiments\industrial-anomaly-detection\data\mvtec_ad\grid\test\glue\004.png,0,post_concat,0.5,0,1,51.466407775878906,41.003588358561196,3.8380794564727094,2.726055970434052,D:\Research\research-experiments\industrial-anomaly-detection\data\mvtec_ad\grid\ground_truth\glue\004_mask.png,7696,0.0073394775390625,-4.914487482603893
grid,glue,D:\Research\research-experiments\industrial-anomaly-detection\data\mvtec_ad\grid\test\glue\005.png,0,post_concat,0.5,0,1,61.99555969238281,41.003588358561196,3.8380794564727094,5.469394673010173,D:\Research\research-experiments\industrial-anomaly-detection\data\mvtec_ad\grid\ground_truth\glue\005_mask.png,2542,0.0024242401123046875,-6.022236746949199
grid,glue,D:\Research\research-experiments\industrial-anomaly-detection\data\mvtec_ad\grid\test\glue\006.png,0,post_concat,0.5,0,1,41.93819046020508,41.003588358561196,3.8380794564727094,0.24350775231287294,D:\Research\research-experiments\industrial-anomaly-detection\data\mvtec_ad\grid\ground_truth\glue\006_mask.png,4838,0.0046138763427734375,-5.3786867032914625
grid,glue,D:\Research\research-experiments\industrial-anomaly-detection\data\mvtec_ad\grid\test\glue\007.png,0,post_concat,0.5,0,1,46.52328872680664,41.003588358561196,3.8380794564727094,1.4381412450794302,D:\Research\research-experiments\industrial-anomaly-detection\data\mvtec_ad\grid\ground_truth\glue\007_mask.png,5125,0.004887580871582031,-5.321057602592123
grid,glue,D:\Research\research-experiments\industrial-anomaly-detection\data\mvtec_ad\grid\test\glue\008.png,0,post_concat,0.5,0,1,40.938568115234375,41.003588358561196,3.8380794564727094,-0.016940827844813763,D:\Research\research-experiments\industrial-anomaly-detection\data\mvtec_ad\grid\ground_truth\glue\008_mask.png,2384,0.0022735595703125,-6.086408143174836
grid,glue,D:\Research\research-experiments\industrial-anomaly-detection\data\mvtec_ad\grid\test\glue\009.png,0,post_concat,0.5,0,1,60.079524993896484,41.003588358561196,3.8380794564727094,4.970177624427439,D:\Research\research-experiments\industrial-anomaly-detection\data\mvtec_ad\grid\ground_truth\glue\009_mask.png,6548,0.006244659423828125,-5.076028512571058
grid,glue,D:\Research\research-experiments\industrial-anomaly-detection\data\mvtec_ad\grid\test\glue\010.png,0,post_concat,0.5,0,1,60.02829360961914,41.003588358561196,3.8380794564727094,4.956829442124714,D:\Research\research-experiments\industrial-anomaly-detection\data\mvtec_ad\grid\ground_truth\glue\010_mask.png,6811,0.006495475769042969,-5.036649226004289
grid,metal_contamination,D:\Research\research-experiments\industrial-anomaly-detection\data\mvtec_ad\grid\test\metal_contamination\000.png,0,post_concat,0.5,0,1,59.90215301513672,41.003588358561196,3.8380794564727094,4.923963891551056,D:\Research\research-experiments\industrial-anomaly-detection\data\mvtec_ad\grid\ground_truth\metal_contamination\000_mask.png,2624,0.00250244140625,-5.990488061525251
grid,metal_contamination,D:\Research\research-experiments\industrial-anomaly-detection\data\mvtec_ad\grid\test\metal_contamination\001.png,0,post_concat,0.5,0,1,75.02088928222656,41.003588358561196,3.8380794564727094,8.863104922514584,D:\Research\research-experiments\industrial-anomaly-detection\data\mvtec_ad\grid\ground_truth\metal_contamination\001_mask.png,7452,0.007106781005859375,-4.946705738766755
grid,metal_contamination,D:\Research\research-experiments\industrial-anomaly-detection\data\mvtec_ad\grid\test\metal_contamination\002.png,0,post_concat,0.5,0,1,82.49945831298828,41.003588358561196,3.8380794564727094,10.811623476019129,D:\Research\research-experiments\industrial-anomaly-detection\data\mvtec_ad\grid\ground_truth\metal_contamination\002_mask.png,4647,0.004431724548339844,-5.418966256468161
grid,metal_contamination,D:\Research\research-experiments\industrial-anomaly-detection\data\mvtec_ad\grid\test\metal_contamination\003.png,0,post_concat,0.5,0,1,62.564666748046875,41.003588358561196,3.8380794564727094,5.617673795972126,D:\Research\research-experiments\industrial-anomaly-detection\data\mvtec_ad\grid\ground_truth\metal_contamination\003_mask.png,8548,0.008152008056640625,-4.809490872090713
grid,metal_contamination,D:\Research\research-experiments\industrial-anomaly-detection\data\mvtec_ad\grid\test\metal_contamination\004.png,0,post_concat,0.5,0,1,62.89830017089844,41.003588358561196,3.8380794564727094,5.704600975733584,D:\Research\research-experiments\industrial-anomaly-detection\data\mvtec_ad\grid\ground_truth\metal_contamination\004_mask.png,4391,0.004187583923339844,-5.475631101836033
grid,metal_contamination,D:\Research\research-experiments\industrial-anomaly-detection\data\mvtec_ad\grid\test\metal_contamination\005.png,0,post_concat,0.5,0,1,67.85688781738281,41.003588358561196,3.8380794564727094,6.996545997382886,D:\Research\research-experiments\industrial-anomaly-detection\data\mvtec_ad\grid\ground_truth\metal_contamination\005_mask.png,4072,0.00388336181640625,-5.551053795459739
grid,metal_contamination,D:\Research\research-experiments\industrial-anomaly-detection\data\mvtec_ad\grid\test\metal_contamination\006.png,0,post_concat,0.5,0,1,55.51608657836914,41.003588358561196,3.8380794564727094,3.781187540381275,D:\Research\research-experiments\industrial-anomaly-detection\data\mvtec_ad\grid\ground_truth\metal_contamination\006_mask.png,3131,0.0029859542846679688,-5.813835554971247
grid,metal_contamination,D:\Research\research-experiments\industrial-anomaly-detection\data\mvtec_ad\grid\test\metal_contamination\007.png,0,post_concat,0.5,0,1,55.77815246582031,41.003588358561196,3.8380794564727094,3.8494680151403924,D:\Research\research-experiments\industrial-anomaly-detection\data\mvtec_ad\grid\ground_truth\metal_contamination\007_mask.png,1976,0.00188446044921875,-6.274113202235363
grid,metal_contamination,D:\Research\research-experiments\industrial-anomaly-detection\data\mvtec_ad\grid\test\metal_contamination\008.png,0,post_concat,0.5,0,1,63.11332702636719,41.003588358561196,3.8380794564727094,5.760625572907079,D:\Research\research-experiments\industrial-anomaly-detection\data\mvtec_ad\grid\ground_truth\metal_contamination\008_mask.png,4243,0.004046440124511719,-5.509917518865808
grid,metal_contamination,D:\Research\research-experiments\industrial-anomaly-detection\data\mvtec_ad\grid\test\metal_contamination\009.png,0,post_concat,0.5,0,1,44.15409469604492,41.003588358561196,3.8380794564727094,0.8208549023576287,D:\Research\research-experiments\industrial-anomaly-detection\data\mvtec_ad\grid\ground_truth\metal_contamination\009_mask.png,4249,0.004052162170410156,-5.508504424302294
grid,metal_contamination,D:\Research\research-experiments\industrial-anomaly-detection\data\mvtec_ad\grid\test\metal_contamination\010.png,0,post_concat,0.5,0,1,58.0601806640625,41.003588358561196,3.8380794564727094,4.444043563698584,D:\Research\research-experiments\industrial-anomaly-detection\data\mvtec_ad\grid\ground_truth\metal_contamination\010_mask.png,5163,0.004923820495605469,-5.313670323224953
grid,thread,D:\Research\research-experiments\industrial-anomaly-detection\data\mvtec_ad\grid\test\thread\000.png,0,post_concat,0.5,0,1,58.4372444152832,41.003588358561196,3.8380794564727094,4.542286384228213,D:\Research\research-experiments\industrial-anomaly-detection\data\mvtec_ad\grid\ground_truth\thread\000_mask.png,7354,0.0070133209228515625,-4.9599438067518955
grid,thread,D:\Research\research-experiments\industrial-anomaly-detection\data\mvtec_ad\grid\test\thread\001.png,0,post_concat,0.5,0,1,83.02220153808594,41.003588358561196,3.8380794564727094,10.947822643083292,D:\Research\research-experiments\industrial-anomaly-detection\data\mvtec_ad\grid\ground_truth\thread\001_mask.png,14256,0.0135955810546875,-4.298010387935007
grid,thread,D:\Research\research-experiments\industrial-anomaly-detection\data\mvtec_ad\grid\test\thread\002.png,0,post_concat,0.5,0,1,43.788238525390625,41.003588358561196,3.8380794564727094,0.7255321830644413,D:\Research\research-experiments\industrial-anomaly-detection\data\mvtec_ad\grid\ground_truth\thread\002_mask.png,15995,0.015254020690917969,-4.182912093258803
grid,thread,D:\Research\research-experiments\industrial-anomaly-detection\data\mvtec_ad\grid\test\thread\003.png,0,post_concat,0.5,0,1,38.762508392333984,41.003588358561196,3.8380794564727094,-0.5839066104918056,D:\Research\research-experiments\industrial-anomaly-detection\data\mvtec_ad\grid\ground_truth\thread\003_mask.png,18349,0.01749897003173828,-4.045613197967734
grid,thread,D:\Research\research-experiments\industrial-anomaly-detection\data\mvtec_ad\grid\test\thread\004.png,0,post_concat,0.5,0,1,50.80058670043945,41.003588358561196,3.8380794564727094,2.552578301982821,D:\Research\research-experiments\industrial-anomaly-detection\data\mvtec_ad\grid\ground_truth\thread\004_mask.png,32883,0.03135967254638672,-3.4622324934269857
grid,thread,D:\Research\research-experiments\industrial-anomaly-detection\data\mvtec_ad\grid\test\thread\005.png,0,post_concat,0.5,0,1,72.52713012695312,41.003588358561196,3.8380794564727094,8.213363513157399,D:\Research\research-experiments\industrial-anomaly-detection\data\mvtec_ad\grid\ground_truth\thread\005_mask.png,15724,0.014995574951171875,-4.2000000579708185
grid,thread,D:\Research\research-experiments\industrial-anomaly-detection\data\mvtec_ad\grid\test\thread\006.png,0,post_concat,0.5,0,1,50.66548156738281,41.003588358561196,3.8380794564727094,2.5173770679831464,D:\Research\research-experiments\industrial-anomaly-detection\data\mvtec_ad\grid\ground_truth\thread\006_mask.png,16043,0.015299797058105469,-4.179915649487488
grid,thread,D:\Research\research-experiments\industrial-anomaly-detection\data\mvtec_ad\grid\test\thread\007.png,0,post_concat,0.5,0,1,42.5572395324707,41.003588358561196,3.8380794564727094,0.4047991167273415,D:\Research\research-experiments\industrial-anomaly-detection\data\mvtec_ad\grid\ground_truth\thread\007_mask.png,33899,0.03232860565185547,-3.431802785858171
grid,thread,D:\Research\research-experiments\industrial-anomaly-detection\data\mvtec_ad\grid\test\thread\008.png,0,post_concat,0.5,0,1,47.54494094848633,41.003588358561196,3.8380794564727094,1.704329643018073,D:\Research\research-experiments\industrial-anomaly-detection\data\mvtec_ad\grid\ground_truth\thread\008_mask.png,37555,0.03581523895263672,-3.3293817791577185
grid,thread,D:\Research\research-experiments\industrial-anomaly-detection\data\mvtec_ad\grid\test\thread\009.png,0,post_concat,0.5,0,1,46.203529357910156,41.003588358561196,3.8380794564727094,1.3548289081351734,D:\Research\research-experiments\industrial-anomaly-detection\data\mvtec_ad\grid\ground_truth\thread\009_mask.png,16580,0.015811920166015625,-4.146991119266197
grid,thread,D:\Research\research-experiments\industrial-anomaly-detection\data\mvtec_ad\grid\test\thread\010.png,0,post_concat,0.5,0,1,53.92083740234375,41.003588358561196,3.8380794564727094,3.365550189951989,D:\Research\research-experiments\industrial-anomaly-detection\data\mvtec_ad\grid\ground_truth\thread\010_mask.png,25467,0.02428722381591797,-3.7178047946189183
grid,good,D:\Research\research-experiments\industrial-anomaly-detection\data\mvtec_ad\grid\test\good\000.png,0,post_concat,0.75,1,0,49.89994812011719,52.660174596877326,5.662617923854936,-0.4874470631564457,,,,
grid,good,D:\Research\research-experiments\industrial-anomaly-detection\data\mvtec_ad\grid\test\good\001.png,0,post_concat,0.75,1,0,62.22471618652344,52.660174596877326,5.662617923854936,1.689067091981171,,,,
grid,good,D:\Research\research-experiments\industrial-anomaly-detection\data\mvtec_ad\grid\test\good\002.png,0,post_concat,0.75,1,0,45.21574783325195,52.660174596877326,5.662617923854936,-1.3146616748172613,,,,
grid,good,D:\Research\research-experiments\industrial-anomaly-detection\data\mvtec_ad\grid\test\good\003.png,0,post_concat,0.75,1,0,47.80519485473633,52.660174596877326,5.662617923854936,-0.8573737107863844,,,,
grid,good,D:\Research\research-experiments\industrial-anomaly-detection\data\mvtec_ad\grid\test\good\004.png,0,post_concat,0.75,1,0,66.65513610839844,52.660174596877326,5.662617923854936,2.4714649124682198,,,,
grid,good,D:\Research\research-experiments\industrial-anomaly-detection\data\mvtec_ad\grid\test\good\005.png,0,post_concat,0.75,1,0,60.26921081542969,52.660174596877326,5.662617923854936,1.3437311718485792,,,,
grid,good,D:\Research\research-experiments\industrial-anomaly-detection\data\mvtec_ad\grid\test\good\006.png,0,post_concat,0.75,1,0,54.58440017700195,52.660174596877326,5.662617923854936,0.33981201027504143,,,,
grid,good,D:\Research\research-experiments\industrial-anomaly-detection\data\mvtec_ad\grid\test\good\007.png,0,post_concat,0.75,1,0,49.56536102294922,52.660174596877326,5.662617923854936,-0.5465340617262154,,,,
grid,good,D:\Research\research-experiments\industrial-anomaly-detection\data\mvtec_ad\grid\test\good\008.png,0,post_concat,0.75,1,0,51.52143096923828,52.660174596877326,5.662617923854936,-0.20109843944120867,,,,
grid,good,D:\Research\research-experiments\industrial-anomaly-detection\data\mvtec_ad\grid\test\good\009.png,0,post_concat,0.75,1,0,49.89389419555664,52.660174596877326,5.662617923854936,-0.48851616664213976,,,,
grid,good,D:\Research\research-experiments\industrial-anomaly-detection\data\mvtec_ad\grid\test\good\010.png,0,post_concat,0.75,1,0,49.27825927734375,52.660174596877326,5.662617923854936,-0.5972353008820471,,,,
grid,good,D:\Research\research-experiments\industrial-anomaly-detection\data\mvtec_ad\grid\test\good\011.png,0,post_concat,0.75,1,0,49.142276763916016,52.660174596877326,5.662617923854936,-0.6212493726870475,,,,
grid,good,D:\Research\research-experiments\industrial-anomaly-detection\data\mvtec_ad\grid\test\good\012.png,0,post_concat,0.75,1,0,52.16227340698242,52.660174596877326,5.662617923854936,-0.08792773882860672,,,,
grid,good,D:\Research\research-experiments\industrial-anomaly-detection\data\mvtec_ad\grid\test\good\013.png,0,post_concat,0.75,1,0,52.70731735229492,52.660174596877326,5.662617923854936,0.008325258043456818,,,,
grid,good,D:\Research\research-experiments\industrial-anomaly-detection\data\mvtec_ad\grid\test\good\014.png,0,post_concat,0.75,1,0,50.400230407714844,52.660174596877326,5.662617923854936,-0.3990988301792366,,,,
grid,good,D:\Research\research-experiments\industrial-anomaly-detection\data\mvtec_ad\grid\test\good\015.png,0,post_concat,0.75,1,0,52.00040054321289,52.660174596877326,5.662617923854936,-0.11651396271766847,,,,
grid,good,D:\Research\research-experiments\industrial-anomaly-detection\data\mvtec_ad\grid\test\good\016.png,0,post_concat,0.75,1,0,60.16600036621094,52.660174596877326,5.662617923854936,1.325504540525997,,,,
grid,good,D:\Research\research-experiments\industrial-anomaly-detection\data\mvtec_ad\grid\test\good\017.png,0,post_concat,0.75,1,0,57.831390380859375,52.660174596877326,5.662617923854936,0.913219972373069,,,,
grid,good,D:\Research\research-experiments\industrial-anomaly-detection\data\mvtec_ad\grid\test\good\018.png,0,post_concat,0.75,1,0,50.2568359375,52.660174596877326,5.662617923854936,-0.4244218295662807,,,,
grid,good,D:\Research\research-experiments\industrial-anomaly-detection\data\mvtec_ad\grid\test\good\019.png,0,post_concat,0.75,1,0,49.1247673034668,52.660174596877326,5.662617923854936,-0.6243414867382987,,,,
grid,good,D:\Research\research-experiments\industrial-anomaly-detection\data\mvtec_ad\grid\test\good\020.png,0,post_concat,0.75,1,0,45.15887451171875,52.660174596877326,5.662617923854936,-1.3247053193466958,,,,
grid,bent,D:\Research\research-experiments\industrial-anomaly-detection\data\mvtec_ad\grid\test\bent\000.png,0,post_concat,0.75,0,1,55.11275863647461,52.660174596877326,5.662617923854936,0.43311840434532445,D:\Research\research-experiments\industrial-anomaly-detection\data\mvtec_ad\grid\ground_truth\bent\000_mask.png,5460,0.005207061767578125,-5.257739350413088
grid,bent,D:\Research\research-experiments\industrial-anomaly-detection\data\mvtec_ad\grid\test\bent\001.png,0,post_concat,0.75,0,1,72.6180419921875,52.660174596877326,5.662617923854936,3.524494794401292,D:\Research\research-experiments\industrial-anomaly-detection\data\mvtec_ad\grid\ground_truth\bent\001_mask.png,4554,0.0043430328369140625,-5.439182134321405
grid,bent,D:\Research\research-experiments\industrial-anomaly-detection\data\mvtec_ad\grid\test\bent\002.png,0,post_concat,0.75,0,1,58.34397888183594,52.660174596877326,5.662617923854936,1.0037414428076499,D:\Research\research-experiments\industrial-anomaly-detection\data\mvtec_ad\grid\ground_truth\bent\002_mask.png,4315,0.004115104675292969,-5.493090764674223
grid,bent,D:\Research\research-experiments\industrial-anomaly-detection\data\mvtec_ad\grid\test\bent\003.png,0,post_concat,0.75,0,1,77.29390716552734,52.660174596877326,5.662617923854936,4.350237451987602,D:\Research\research-experiments\industrial-anomaly-detection\data\mvtec_ad\grid\ground_truth\bent\003_mask.png,7860,0.007495880126953125,-4.893401592369047
grid,bent,D:\Research\research-experiments\industrial-anomaly-detection\data\mvtec_ad\grid\test\bent\004.png,0,post_concat,0.75,0,1,61.91451644897461,52.660174596877326,5.662617923854936,1.634286822197817,D:\Research\research-experiments\industrial-anomaly-detection\data\mvtec_ad\grid\ground_truth\bent\004_mask.png,8709,0.008305549621582031,-4.79083123810475
grid,bent,D:\Research\research-experiments\industrial-anomaly-detection\data\mvtec_ad\grid\test\bent\005.png,0,post_concat,0.75,0,1,77.26821899414062,52.660174596877326,5.662617923854936,4.3457010040527155,D:\Research\research-experiments\industrial-anomaly-detection\data\mvtec_ad\grid\ground_truth\bent\005_mask.png,14959,0.014266014099121094,-4.249875136727783
grid,bent,D:\Research\research-experiments\industrial-anomaly-detection\data\mvtec_ad\grid\test\bent\006.png,0,post_concat,0.75,0,1,69.2424087524414,52.660174596877326,5.662617923854936,2.9283688884796604,D:\Research\research-experiments\industrial-anomaly-detection\data\mvtec_ad\grid\ground_truth\bent\006_mask.png,22629,0.02158069610595703,-3.8359560163394586
grid,bent,D:\Research\research-experiments\industrial-anomaly-detection\data\mvtec_ad\grid\test\bent\007.png,0,post_concat,0.75,0,1,63.252010345458984,52.660174596877326,5.662617923854936,1.8704839159218893,D:\Research\research-experiments\industrial-anomaly-detection\data\mvtec_ad\grid\ground_truth\bent\007_mask.png,11967,0.011412620544433594,-4.473035383003099
grid,bent,D:\Research\research-experiments\industrial-anomaly-detection\data\mvtec_ad\grid\test\bent\008.png,0,post_concat,0.75,0,1,58.764129638671875,52.660174596877326,5.662617923854936,1.0779387067738389,D:\Research\research-experiments\industrial-anomaly-detection\data\mvtec_ad\grid\ground_truth\bent\008_mask.png,6220,0.005931854248046875,-5.1274182568843445
grid,bent,D:\Research\research-experiments\industrial-anomaly-detection\data\mvtec_ad\grid\test\bent\009.png,0,post_concat,0.75,0,1,68.51358032226562,52.660174596877326,5.662617923854936,2.799660146343723,D:\Research\research-experiments\industrial-anomaly-detection\data\mvtec_ad\grid\ground_truth\bent\009_mask.png,14468,0.013797760009765625,-4.283248945651388
grid,bent,D:\Research\research-experiments\industrial-anomaly-detection\data\mvtec_ad\grid\test\bent\010.png,0,post_concat,0.75,0,1,78.3407211303711,52.660174596877326,5.662617923854936,4.535101410481752,D:\Research\research-experiments\industrial-anomaly-detection\data\mvtec_ad\grid\ground_truth\bent\010_mask.png,19594,0.018686294555664062,-3.9799648817791624
grid,bent,D:\Research\research-experiments\industrial-anomaly-detection\data\mvtec_ad\grid\test\bent\011.png,0,post_concat,0.75,0,1,73.696533203125,52.660174596877326,5.662617923854936,3.7149528520417583,D:\Research\research-experiments\industrial-anomaly-detection\data\mvtec_ad\grid\ground_truth\bent\011_mask.png,15136,0.014434814453125,-4.2381122506302935
grid,broken,D:\Research\research-experiments\industrial-anomaly-detection\data\mvtec_ad\grid\test\broken\000.png,0,post_concat,0.75,0,1,70.83732604980469,52.660174596877326,5.662617923854936,3.210026121725853,D:\Research\research-experiments\industrial-anomaly-detection\data\mvtec_ad\grid\ground_truth\broken\000_mask.png,7428,0.007083892822265625,-4.9499315475609995
grid,broken,D:\Research\research-experiments\industrial-anomaly-detection\data\mvtec_ad\grid\test\broken\001.png,0,post_concat,0.75,0,1,91.98979949951172,52.660174596877326,5.662617923854936,6.945484479351911,D:\Research\research-experiments\industrial-anomaly-detection\data\mvtec_ad\grid\ground_truth\broken\001_mask.png,24376,0.02324676513671875,-3.7615892475166244
grid,broken,D:\Research\research-experiments\industrial-anomaly-detection\data\mvtec_ad\grid\test\broken\002.png,0,post_concat,0.75,0,1,70.23705291748047,52.660174596877326,5.662617923854936,3.1040198291601047,D:\Research\research-experiments\industrial-anomaly-detection\data\mvtec_ad\grid\ground_truth\broken\002_mask.png,2682,0.0025577545166015625,-5.968625156389424
grid,broken,D:\Research\research-experiments\industrial-anomaly-detection\data\mvtec_ad\grid\test\broken\003.png,0,post_concat,0.75,0,1,81.08405303955078,52.660174596877326,5.662617923854936,5.019564947677655,D:\Research\research-experiments\industrial-anomaly-detection\data\mvtec_ad\grid\ground_truth\broken\003_mask.png,11860,0.011310577392578125,-4.482016850234378
grid,broken,D:\Research\research-experiments\industrial-anomaly-detection\data\mvtec_ad\grid\test\broken\004.png,0,post_concat,0.75,0,1,91.60710144042969,52.660174596877326,5.662617923854936,6.877901240604715,D:\Research\research-experiments\industrial-anomaly-detection\data\mvtec_ad\grid\ground_truth\broken\004_mask.png,4616,0.00440216064453125,-5.425659575849818
grid,broken,D:\Research\research-experiments\industrial-anomaly-detection\data\mvtec_ad\grid\test\broken\005.png,0,post_concat,0.75,0,1,63.66034698486328,52.660174596877326,5.662617923854936,1.9425948449824737,D:\Research\research-experiments\industrial-anomaly-detection\data\mvtec_ad\grid\ground_truth\broken\005_mask.png,6628,0.006320953369140625,-5.063885074448482
grid,broken,D:\Research\research-experiments\industrial-anomaly-detection\data\mvtec_ad\grid\test\broken\006.png,0,post_concat,0.75,0,1,82.6087417602539,52.660174596877326,5.662617923854936,5.288820041559244,D:\Research\research-experiments\industrial-anomaly-detection\data\mvtec_ad\grid\ground_truth\broken\006_mask.png,5489,0.005234718322753906,-5.2524420516167885
grid,broken,D:\Research\research-experiments\industrial-anomaly-detection\data\mvtec_ad\grid\test\broken\007.png,0,post_concat,0.75,0,1,75.06816864013672,52.660174596877326,5.662617923854936,3.9571792313341745,D:\Research\research-experiments\industrial-anomaly-detection\data\mvtec_ad\grid\ground_truth\broken\007_mask.png,4852,0.004627227783203125,-5.37579712502287
grid,broken,D:\Research\research-experiments\industrial-anomaly-detection\data\mvtec_ad\grid\test\broken\008.png,0,post_concat,0.75,0,1,54.922054290771484,52.660174596877326,5.662617923854936,0.3994406340511741,D:\Research\research-experiments\industrial-anomaly-detection\data\mvtec_ad\grid\ground_truth\broken\008_mask.png,4135,0.003943443298339844,-5.535700750155657
grid,broken,D:\Research\research-experiments\industrial-anomaly-detection\data\mvtec_ad\grid\test\broken\009.png,0,post_concat,0.75,0,1,74.65664672851562,52.660174596877326,5.662617923854936,3.8845057935082754,D:\Research\research-experiments\industrial-anomaly-detection\data\mvtec_ad\grid\ground_truth\broken\009_mask.png,6307,0.006014823913574219,-5.113528038279362
grid,broken,D:\Research\research-experiments\industrial-anomaly-detection\data\mvtec_ad\grid\test\broken\010.png,0,post_concat,0.75,0,1,79.39331817626953,52.660174596877326,5.662617923854936,4.720986642374965,D:\Research\research-experiments\industrial-anomaly-detection\data\mvtec_ad\grid\ground_truth\broken\010_mask.png,5170,0.0049304962158203125,-5.31231544087711
grid,broken,D:\Research\research-experiments\industrial-anomaly-detection\data\mvtec_ad\grid\test\broken\011.png,0,post_concat,0.75,0,1,64.76654815673828,52.660174596877326,5.662617923854936,2.137946392049582,D:\Research\research-experiments\industrial-anomaly-detection\data\mvtec_ad\grid\ground_truth\broken\011_mask.png,4002,0.0038166046142578125,-5.5683938340422685
grid,glue,D:\Research\research-experiments\industrial-anomaly-detection\data\mvtec_ad\grid\test\glue\000.png,0,post_concat,0.75,0,1,69.30067443847656,52.660174596877326,5.662617923854936,2.9386584200741726,D:\Research\research-experiments\industrial-anomaly-detection\data\mvtec_ad\grid\ground_truth\glue\000_mask.png,5771,0.005503654479980469,-5.2023427747905036
grid,glue,D:\Research\research-experiments\industrial-anomaly-detection\data\mvtec_ad\grid\test\glue\001.png,0,post_concat,0.75,0,1,47.29011917114258,52.660174596877326,5.662617923854936,-0.9483344096221451,D:\Research\research-experiments\industrial-anomaly-detection\data\mvtec_ad\grid\ground_truth\glue\001_mask.png,5019,0.004786491394042969,-5.341957412622695
grid,glue,D:\Research\research-experiments\industrial-anomaly-detection\data\mvtec_ad\grid\test\glue\002.png,0,post_concat,0.75,0,1,70.38606262207031,52.660174596877326,5.662617923854936,3.1303344607657633,D:\Research\research-experiments\industrial-anomaly-detection\data\mvtec_ad\grid\ground_truth\glue\002_mask.png,5399,0.005148887634277344,-5.268974386763931
grid,glue,D:\Research\research-experiments\industrial-anomaly-detection\data\mvtec_ad\grid\test\glue\003.png,0,post_concat,0.75,0,1,71.45380401611328,52.660174596877326,5.662617923854936,3.3188941355311914,D:\Research\research-experiments\industrial-anomaly-detection\data\mvtec_ad\grid\ground_truth\glue\003_mask.png,4794,0.0045719146728515625,-5.3878229774778585
grid,glue,D:\Research\research-experiments\industrial-anomaly-detection\data\mvtec_ad\grid\test\glue\004.png,0,post_concat,0.75,0,1,62.40391159057617,52.660174596877326,5.662617923854936,1.720712420425076,D:\Research\research-experiments\industrial-anomaly-detection\data\mvtec_ad\grid\ground_truth\glue\004_mask.png,7696,0.0073394775390625,-4.914487482603893
grid,glue,D:\Research\research-experiments\industrial-anomaly-detection\data\mvtec_ad\grid\test\glue\005.png,0,post_concat,0.75,0,1,74.22802734375,52.660174596877326,5.662617923854936,3.80881299725586,D:\Research\research-experiments\industrial-anomaly-detection\data\mvtec_ad\grid\ground_truth\glue\005_mask.png,2542,0.0024242401123046875,-6.022236746949199
grid,glue,D:\Research\research-experiments\industrial-anomaly-detection\data\mvtec_ad\grid\test\glue\006.png,0,post_concat,0.75,0,1,49.346988677978516,52.660174596877326,5.662617923854936,-0.5850979111518962,D:\Research\research-experiments\industrial-anomaly-detection\data\mvtec_ad\grid\ground_truth\glue\006_mask.png,4838,0.0046138763427734375,-5.3786867032914625
grid,glue,D:\Research\research-experiments\industrial-anomaly-detection\data\mvtec_ad\grid\test\glue\007.png,0,post_concat,0.75,0,1,55.133270263671875,52.660174596877326,5.662617923854936,0.4367406913286747,D:\Research\research-experiments\industrial-anomaly-detection\data\mvtec_ad\grid\ground_truth\glue\007_mask.png,5125,0.004887580871582031,-5.321057602592123
grid,glue,D:\Research\research-experiments\industrial-anomaly-detection\data\mvtec_ad\grid\test\glue\008.png,0,post_concat,0.75,0,1,52.323402404785156,52.660174596877326,5.662617923854936,-0.05947287926198373,D:\Research\research-experiments\industrial-anomaly-detection\data\mvtec_ad\grid\ground_truth\glue\008_mask.png,2384,0.0022735595703125,-6.086408143174836
grid,glue,D:\Research\research-experiments\industrial-anomaly-detection\data\mvtec_ad\grid\test\glue\009.png,0,post_concat,0.75,0,1,72.9160385131836,52.660174596877326,5.662617923854936,3.5771200156334584,D:\Research\research-experiments\industrial-anomaly-detection\data\mvtec_ad\grid\ground_truth\glue\009_mask.png,6548,0.006244659423828125,-5.076028512571058
grid,glue,D:\Research\research-experiments\industrial-anomaly-detection\data\mvtec_ad\grid\test\glue\010.png,0,post_concat,0.75,0,1,72.15575408935547,52.660174596877326,5.662617923854936,3.4428562468163406,D:\Research\research-experiments\industrial-anomaly-detection\data\mvtec_ad\grid\ground_truth\glue\010_mask.png,6811,0.006495475769042969,-5.036649226004289
grid,metal_contamination,D:\Research\research-experiments\industrial-anomaly-detection\data\mvtec_ad\grid\test\metal_contamination\000.png,0,post_concat,0.75,0,1,74.09815216064453,52.660174596877326,5.662617923854936,3.7858774602212417,D:\Research\research-experiments\industrial-anomaly-detection\data\mvtec_ad\grid\ground_truth\metal_contamination\000_mask.png,2624,0.00250244140625,-5.990488061525251
grid,metal_contamination,D:\Research\research-experiments\industrial-anomaly-detection\data\mvtec_ad\grid\test\metal_contamination\001.png,0,post_concat,0.75,0,1,92.36660766601562,52.660174596877326,5.662617923854936,7.012027582130666,D:\Research\research-experiments\industrial-anomaly-detection\data\mvtec_ad\grid\ground_truth\metal_contamination\001_mask.png,7452,0.007106781005859375,-4.946705738766755
grid,metal_contamination,D:\Research\research-experiments\industrial-anomaly-detection\data\mvtec_ad\grid\test\metal_contamination\002.png,0,post_concat,0.75,0,1,101.698486328125,52.660174596877326,5.662617923854936,8.660007154052149,D:\Research\research-experiments\industrial-anomaly-detection\data\mvtec_ad\grid\ground_truth\metal_contamination\002_mask.png,4647,0.004431724548339844,-5.418966256468161
grid,metal_contamination,D:\Research\research-experiments\industrial-anomaly-detection\data\mvtec_ad\grid\test\metal_contamination\003.png,0,post_concat,0.75,0,1,77.16889190673828,52.660174596877326,5.662617923854936,4.328160161859583,D:\Research\research-experiments\industrial-anomaly-detection\data\mvtec_ad\grid\ground_truth\metal_contamination\003_mask.png,8548,0.008152008056640625,-4.809490872090713
grid,metal_contamination,D:\Research\research-experiments\industrial-anomaly-detection\data\mvtec_ad\grid\test\metal_contamination\004.png,0,post_concat,0.75,0,1,78.19099426269531,52.660174596877326,5.662617923854936,4.508660130195998,D:\Research\research-experiments\industrial-anomaly-detection\data\mvtec_ad\grid\ground_truth\metal_contamination\004_mask.png,4391,0.004187583923339844,-5.475631101836033
grid,metal_contamination,D:\Research\research-experiments\industrial-anomaly-detection\data\mvtec_ad\grid\test\metal_contamination\005.png,0,post_concat,0.75,0,1,84.46834564208984,52.660174596877326,5.662617923854936,5.617220069045113,D:\Research\research-experiments\industrial-anomaly-detection\data\mvtec_ad\grid\ground_truth\metal_contamination\005_mask.png,4072,0.00388336181640625,-5.551053795459739
grid,metal_contamination,D:\Research\research-experiments\industrial-anomaly-detection\data\mvtec_ad\grid\test\metal_contamination\006.png,0,post_concat,0.75,0,1,68.7056655883789,52.660174596877326,5.662617923854936,2.833581782713375,D:\Research\research-experiments\industrial-anomaly-detection\data\mvtec_ad\grid\ground_truth\metal_contamination\006_mask.png,3131,0.0029859542846679688,-5.813835554971247
grid,metal_contamination,D:\Research\research-experiments\industrial-anomaly-detection\data\mvtec_ad\grid\test\metal_contamination\007.png,0,post_concat,0.75,0,1,68.34101867675781,52.660174596877326,5.662617923854936,2.769186318190695,D:\Research\research-experiments\industrial-anomaly-detection\data\mvtec_ad\grid\ground_truth\metal_contamination\007_mask.png,1976,0.00188446044921875,-6.274113202235363
grid,metal_contamination,D:\Research\research-experiments\industrial-anomaly-detection\data\mvtec_ad\grid\test\metal_contamination\008.png,0,post_concat,0.75,0,1,77.81195068359375,52.660174596877326,5.662617923854936,4.441722260786734,D:\Research\research-experiments\industrial-anomaly-detection\data\mvtec_ad\grid\ground_truth\metal_contamination\008_mask.png,4243,0.004046440124511719,-5.509917518865808
grid,metal_contamination,D:\Research\research-experiments\industrial-anomaly-detection\data\mvtec_ad\grid\test\metal_contamination\009.png,0,post_concat,0.75,0,1,52.079891204833984,52.660174596877326,5.662617923854936,-0.10247616912290321,D:\Research\research-experiments\industrial-anomaly-detection\data\mvtec_ad\grid\ground_truth\metal_contamination\009_mask.png,4249,0.004052162170410156,-5.508504424302294
grid,metal_contamination,D:\Research\research-experiments\industrial-anomaly-detection\data\mvtec_ad\grid\test\metal_contamination\010.png,0,post_concat,0.75,0,1,68.74656677246094,52.660174596877326,5.662617923854936,2.840804799457932,D:\Research\research-experiments\industrial-anomaly-detection\data\mvtec_ad\grid\ground_truth\metal_contamination\010_mask.png,5163,0.004923820495605469,-5.313670323224953
grid,thread,D:\Research\research-experiments\industrial-anomaly-detection\data\mvtec_ad\grid\test\thread\000.png,0,post_concat,0.75,0,1,69.81359100341797,52.660174596877326,5.662617923854936,3.029237825543265,D:\Research\research-experiments\industrial-anomaly-detection\data\mvtec_ad\grid\ground_truth\thread\000_mask.png,7354,0.0070133209228515625,-4.9599438067518955
grid,thread,D:\Research\research-experiments\industrial-anomaly-detection\data\mvtec_ad\grid\test\thread\001.png,0,post_concat,0.75,0,1,100.2252197265625,52.660174596877326,5.662617923854936,8.399833039998637,D:\Research\research-experiments\industrial-anomaly-detection\data\mvtec_ad\grid\ground_truth\thread\001_mask.png,14256,0.0135955810546875,-4.298010387935007
grid,thread,D:\Research\research-experiments\industrial-anomaly-detection\data\mvtec_ad\grid\test\thread\002.png,0,post_concat,0.75,0,1,52.041343688964844,52.660174596877326,5.662617923854936,-0.10928353567799981,D:\Research\research-experiments\industrial-anomaly-detection\data\mvtec_ad\grid\ground_truth\thread\002_mask.png,15995,0.015254020690917969,-4.182912093258803
grid,thread,D:\Research\research-experiments\industrial-anomaly-detection\data\mvtec_ad\grid\test\thread\003.png,0,post_concat,0.75,0,1,52.8219108581543,52.660174596877326,5.662617923854936,0.028562100330948338,D:\Research\research-experiments\industrial-anomaly-detection\data\mvtec_ad\grid\ground_truth\thread\003_mask.png,18349,0.01749897003173828,-4.045613197967734
grid,thread,D:\Research\research-experiments\industrial-anomaly-detection\data\mvtec_ad\grid\test\thread\004.png,0,post_concat,0.75,0,1,57.87184524536133,52.660174596877326,5.662617923854936,0.9203641705241624,D:\Research\research-experiments\industrial-anomaly-detection\data\mvtec_ad\grid\ground_truth\thread\004_mask.png,32883,0.03135967254638672,-3.4622324934269857
grid,thread,D:\Research\research-experiments\industrial-anomaly-detection\data\mvtec_ad\grid\test\thread\005.png,0,post_concat,0.75,0,1,89.45845031738281,52.660174596877326,5.662617923854936,6.498456405735098,D:\Research\research-experiments\industrial-anomaly-detection\data\mvtec_ad\grid\ground_truth\thread\005_mask.png,15724,0.014995574951171875,-4.2000000579708185
grid,thread,D:\Research\research-experiments\industrial-anomaly-detection\data\mvtec_ad\grid\test\thread\006.png,0,post_concat,0.75,0,1,61.399837493896484,52.660174596877326,5.662617923854936,1.5433961843340236,D:\Research\research-experiments\industrial-anomaly-detection\data\mvtec_ad\grid\ground_truth\thread\006_mask.png,16043,0.015299797058105469,-4.179915649487488
grid,thread,D:\Research\research-experiments\industrial-anomaly-detection\data\mvtec_ad\grid\test\thread\007.png,0,post_concat,0.75,0,1,51.360626220703125,52.660174596877326,5.662617923854936,-0.2294960376365122,D:\Research\research-experiments\industrial-anomaly-detection\data\mvtec_ad\grid\ground_truth\thread\007_mask.png,33899,0.03232860565185547,-3.431802785858171
grid,thread,D:\Research\research-experiments\industrial-anomaly-detection\data\mvtec_ad\grid\test\thread\008.png,0,post_concat,0.75,0,1,55.63219451904297,52.660174596877326,5.662617923854936,0.5248491002095341,D:\Research\research-experiments\industrial-anomaly-detection\data\mvtec_ad\grid\ground_truth\thread\008_mask.png,37555,0.03581523895263672,-3.3293817791577185
grid,thread,D:\Research\research-experiments\industrial-anomaly-detection\data\mvtec_ad\grid\test\thread\009.png,0,post_concat,0.75,0,1,56.64384460449219,52.660174596877326,5.662617923854936,0.7035032313998861,D:\Research\research-experiments\industrial-anomaly-detection\data\mvtec_ad\grid\ground_truth\thread\009_mask.png,16580,0.015811920166015625,-4.146991119266197
grid,thread,D:\Research\research-experiments\industrial-anomaly-detection\data\mvtec_ad\grid\test\thread\010.png,0,post_concat,0.75,0,1,65.45576477050781,52.660174596877326,5.662617923854936,2.2596598155998566,D:\Research\research-experiments\industrial-anomaly-detection\data\mvtec_ad\grid\ground_truth\thread\010_mask.png,25467,0.02428722381591797,-3.7178047946189183
grid,good,D:\Research\research-experiments\industrial-anomaly-detection\data\mvtec_ad\grid\test\good\000.png,0,post_concat,1.0,1,0,59.61531066894531,65.71109717232841,7.637419065331217,-0.7981474436899627,,,,
grid,good,D:\Research\research-experiments\industrial-anomaly-detection\data\mvtec_ad\grid\test\good\001.png,0,post_concat,1.0,1,0,78.2706527709961,65.71109717232841,7.637419065331217,1.6444764247230692,,,,
grid,good,D:\Research\research-experiments\industrial-anomaly-detection\data\mvtec_ad\grid\test\good\002.png,0,post_concat,1.0,1,0,54.88301086425781,65.71109717232841,7.637419065331217,-1.4177677321940965,,,,
grid,good,D:\Research\research-experiments\industrial-anomaly-detection\data\mvtec_ad\grid\test\good\003.png,0,post_concat,1.0,1,0,56.95098876953125,65.71109717232841,7.637419065331217,-1.1469985250072503,,,,
grid,good,D:\Research\research-experiments\industrial-anomaly-detection\data\mvtec_ad\grid\test\good\004.png,0,post_concat,1.0,1,0,84.27192687988281,65.71109717232841,7.637419065331217,2.4302489556724964,,,,
grid,good,D:\Research\research-experiments\industrial-anomaly-detection\data\mvtec_ad\grid\test\good\005.png,0,post_concat,1.0,1,0,74.56089782714844,65.71109717232841,7.637419065331217,1.1587423158423,,,,
grid,good,D:\Research\research-experiments\industrial-anomaly-detection\data\mvtec_ad\grid\test\good\006.png,0,post_concat,1.0,1,0,68.60017395019531,65.71109717232841,7.637419065331217,0.3782792004934473,,,,
grid,good,D:\Research\research-experiments\industrial-anomaly-detection\data\mvtec_ad\grid\test\good\007.png,0,post_concat,1.0,1,0,62.07483673095703,65.71109717232841,7.637419065331217,-0.47611115879153093,,,,
grid,good,D:\Research\research-experiments\industrial-anomaly-detection\data\mvtec_ad\grid\test\good\008.png,0,post_concat,1.0,1,0,65.73904418945312,65.71109717232841,7.637419065331217,0.003659222688405003,,,,
grid,good,D:\Research\research-experiments\industrial-anomaly-detection\data\mvtec_ad\grid\test\good\009.png,0,post_concat,1.0,1,0,62.082435607910156,65.71109717232841,7.637419065331217,-0.475116205275412,,,,
grid,good,D:\Research\research-experiments\industrial-anomaly-detection\data\mvtec_ad\grid\test\good\010.png,0,post_concat,1.0,1,0,61.26268768310547,65.71109717232841,7.637419065331217,-0.5824493132000244,,,,
grid,good,D:\Research\research-experiments\industrial-anomaly-detection\data\mvtec_ad\grid\test\good\011.png,0,post_concat,1.0,1,0,59.93614196777344,65.71109717232841,7.637419065331217,-0.756139627164026,,,,
grid,good,D:\Research\research-experiments\industrial-anomaly-detection\data\mvtec_ad\grid\test\good\012.png,0,post_concat,1.0,1,0,69.7437973022461,65.71109717232841,7.637419065331217,0.528018705720032,,,,
grid,good,D:\Research\research-experiments\industrial-anomaly-detection\data\mvtec_ad\grid\test\good\013.png,0,post_concat,1.0,1,0,65.53323364257812,65.71109717232841,7.637419065331217,-0.023288433989129224,,,,
grid,good,D:\Research\research-experiments\industrial-anomaly-detection\data\mvtec_ad\grid\test\good\014.png,0,post_concat,1.0,1,0,63.25654220581055,65.71109717232841,7.637419065331217,-0.32138539806724786,,,,
grid,good,D:\Research\research-experiments\industrial-anomaly-detection\data\mvtec_ad\grid\test\good\015.png,0,post_concat,1.0,1,0,63.9494743347168,65.71109717232841,7.637419065331217,-0.23065682562951176,,,,
grid,good,D:\Research\research-experiments\industrial-anomaly-detection\data\mvtec_ad\grid\test\good\016.png,0,post_concat,1.0,1,0,75.97331237792969,65.71109717232841,7.637419065331217,1.3436758043283081,,,,
grid,good,D:\Research\research-experiments\industrial-anomaly-detection\data\mvtec_ad\grid\test\good\017.png,0,post_concat,1.0,1,0,71.82539367675781,65.71109717232841,7.637419065331217,0.8005710374312479,,,,
grid,good,D:\Research\research-experiments\industrial-anomaly-detection\data\mvtec_ad\grid\test\good\018.png,0,post_concat,1.0,1,0,62.37543487548828,65.71109717232841,7.637419065331217,-0.43675255584465783,,,,
grid,good,D:\Research\research-experiments\industrial-anomaly-detection\data\mvtec_ad\grid\test\good\019.png,0,post_concat,1.0,1,0,61.85464859008789,65.71109717232841,7.637419065331217,-0.5049413354501154,,,,
grid,good,D:\Research\research-experiments\industrial-anomaly-detection\data\mvtec_ad\grid\test\good\020.png,0,post_concat,1.0,1,0,57.173095703125,65.71109717232841,7.637419065331217,-1.1179171125963525,,,,
grid,bent,D:\Research\research-experiments\industrial-anomaly-detection\data\mvtec_ad\grid\test\bent\000.png,0,post_concat,1.0,0,1,68.6985855102539,65.71109717232841,7.637419065331217,0.39116464768663806,D:\Research\research-experiments\industrial-anomaly-detection\data\mvtec_ad\grid\ground_truth\bent\000_mask.png,5460,0.005207061767578125,-5.257739350413088
grid,bent,D:\Research\research-experiments\industrial-anomaly-detection\data\mvtec_ad\grid\test\bent\001.png,0,post_concat,1.0,0,1,88.717529296875,65.71109717232841,7.637419065331217,3.0123307268787216,D:\Research\research-experiments\industrial-anomaly-detection\data\mvtec_ad\grid\ground_truth\bent\001_mask.png,4554,0.0043430328369140625,-5.439182134321405
grid,bent,D:\Research\research-experiments\industrial-anomaly-detection\data\mvtec_ad\grid\test\bent\002.png,0,post_concat,1.0,0,1,71.31817626953125,65.71109717232841,7.637419065331217,0.7341588891796231,D:\Research\research-experiments\industrial-anomaly-detection\data\mvtec_ad\grid\ground_truth\bent\002_mask.png,4315,0.004115104675292969,-5.493090764674223
grid,bent,D:\Research\research-experiments\industrial-anomaly-detection\data\mvtec_ad\grid\test\bent\003.png,0,post_concat,1.0,0,1,91.61165618896484,65.71109717232841,7.637419065331217,3.3912711604640995,D:\Research\research-experiments\industrial-anomaly-detection\data\mvtec_ad\grid\ground_truth\bent\003_mask.png,7860,0.007495880126953125,-4.893401592369047
grid,bent,D:\Research\research-experiments\industrial-anomaly-detection\data\mvtec_ad\grid\test\bent\004.png,0,post_concat,1.0,0,1,73.68172454833984,65.71109717232841,7.637419065331217,1.04362839171583,D:\Research\research-experiments\industrial-anomaly-detection\data\mvtec_ad\grid\ground_truth\bent\004_mask.png,8709,0.008305549621582031,-4.79083123810475
grid,bent,D:\Research\research-experiments\industrial-anomaly-detection\data\mvtec_ad\grid\test\bent\005.png,0,post_concat,1.0,0,1,95.24279022216797,65.71109717232841,7.637419065331217,3.8667110966705662,D:\Research\research-experiments\industrial-anomaly-detection\data\mvtec_ad\grid\ground_truth\bent\005_mask.png,14959,0.014266014099121094,-4.249875136727783
grid,bent,D:\Research\research-experiments\industrial-anomaly-detection\data\mvtec_ad\grid\test\bent\006.png,0,post_concat,1.0,0,1,82.51273345947266,65.71109717232841,7.637419065331217,2.1999102240457717,D:\Research\research-experiments\industrial-anomaly-detection\data\mvtec_ad\grid\ground_truth\bent\006_mask.png,22629,0.02158069610595703,-3.8359560163394586
grid,bent,D:\Research\research-experiments\industrial-anomaly-detection\data\mvtec_ad\grid\test\bent\007.png,0,post_concat,1.0,0,1,77.17040252685547,65.71109717232841,7.637419065331217,1.5004159463430067,D:\Research\research-experiments\industrial-anomaly-detection\data\mvtec_ad\grid\ground_truth\bent\007_mask.png,11967,0.011412620544433594,-4.473035383003099
grid,bent,D:\Research\research-experiments\industrial-anomaly-detection\data\mvtec_ad\grid\test\bent\008.png,0,post_concat,1.0,0,1,72.18972778320312,65.71109717232841,7.637419065331217,0.8482748629420341,D:\Research\research-experiments\industrial-anomaly-detection\data\mvtec_ad\grid\ground_truth\bent\008_mask.png,6220,0.005931854248046875,-5.1274182568843445
grid,bent,D:\Research\research-experiments\industrial-anomaly-detection\data\mvtec_ad\grid\test\bent\009.png,0,post_concat,1.0,0,1,82.90167236328125,65.71109717232841,7.637419065331217,2.250835661092184,D:\Research\research-experiments\industrial-anomaly-detection\data\mvtec_ad\grid\ground_truth\bent\009_mask.png,14468,0.013797760009765625,-4.283248945651388
grid,bent,D:\Research\research-experiments\industrial-anomaly-detection\data\mvtec_ad\grid\test\bent\010.png,0,post_concat,1.0,0,1,94.53565979003906,65.71109717232841,7.637419065331217,3.774123479560644,D:\Research\research-experiments\industrial-anomaly-detection\data\mvtec_ad\grid\ground_truth\bent\010_mask.png,19594,0.018686294555664062,-3.9799648817791624
grid,bent,D:\Research\research-experiments\industrial-anomaly-detection\data\mvtec_ad\grid\test\bent\011.png,0,post_concat,1.0,0,1,89.08194732666016,65.71109717232841,7.637419065331217,3.060045540831955,D:\Research\research-experiments\industrial-anomaly-detection\data\mvtec_ad\grid\ground_truth\bent\011_mask.png,15136,0.014434814453125,-4.2381122506302935
grid,broken,D:\Research\research-experiments\industrial-anomaly-detection\data\mvtec_ad\grid\test\broken\000.png,0,post_concat,1.0,0,1,85.08125305175781,65.71109717232841,7.637419065331217,2.536217498835042,D:\Research\research-experiments\industrial-anomaly-detection\data\mvtec_ad\grid\ground_truth\broken\000_mask.png,7428,0.007083892822265625,-4.9499315475609995
grid,broken,D:\Research\research-experiments\industrial-anomaly-detection\data\mvtec_ad\grid\test\broken\001.png,0,post_concat,1.0,0,1,111.6505126953125,65.71109717232841,7.637419065331217,6.015044497364085,D:\Research\research-experiments\industrial-anomaly-detection\data\mvtec_ad\grid\ground_truth\broken\001_mask.png,24376,0.02324676513671875,-3.7615892475166244
grid,broken,D:\Research\research-experiments\industrial-anomaly-detection\data\mvtec_ad\grid\test\broken\002.png,0,post_concat,1.0,0,1,86.9879150390625,65.71109717232841,7.637419065331217,2.785864921739942,D:\Research\research-experiments\industrial-anomaly-detection\data\mvtec_ad\grid\ground_truth\broken\002_mask.png,2682,0.0025577545166015625,-5.968625156389424
grid,broken,D:\Research\research-experiments\industrial-anomaly-detection\data\mvtec_ad\grid\test\broken\003.png,0,post_concat,1.0,0,1,96.51455688476562,65.71109717232841,7.637419065331217,4.033228954564554,D:\Research\research-experiments\industrial-anomaly-detection\data\mvtec_ad\grid\ground_truth\broken\003_mask.png,11860,0.011310577392578125,-4.482016850234378
grid,broken,D:\Research\research-experiments\industrial-anomaly-detection\data\mvtec_ad\grid\test\broken\004.png,0,post_concat,1.0,0,1,108.60381317138672,65.71109717232841,7.637419065331217,5.616127075409885,D:\Research\research-experiments\industrial-anomaly-detection\data\mvtec_ad\grid\ground_truth\broken\004_mask.png,4616,0.00440216064453125,-5.425659575849818
grid,broken,D:\Research\research-experiments\industrial-anomaly-detection\data\mvtec_ad\grid\test\broken\005.png,0,post_concat,1.0,0,1,76.0557861328125,65.71109717232841,7.637419065331217,1.354474446405864,D:\Research\research-experiments\industrial-anomaly-detection\data\mvtec_ad\grid\ground_truth\broken\005_mask.png,6628,0.006320953369140625,-5.063885074448482
grid,broken,D:\Research\research-experiments\industrial-anomaly-detection\data\mvtec_ad\grid\test\broken\006.png,0,post_concat,1.0,0,1,102.1967544555664,65.71109717232841,7.637419065331217,4.77722342733012,D:\Research\research-experiments\industrial-anomaly-detection\data\mvtec_ad\grid\ground_truth\broken\006_mask.png,5489,0.005234718322753906,-5.2524420516167885
grid,broken,D:\Research\research-experiments\industrial-anomaly-detection\data\mvtec_ad\grid\test\broken\007.png,0,post_concat,1.0,0,1,91.43667602539062,65.71109717232841,7.637419065331217,3.3683602579619034,D:\Research\research-experiments\industrial-anomaly-detection\data\mvtec_ad\grid\ground_truth\broken\007_mask.png,4852,0.004627227783203125,-5.37579712502287
grid,broken,D:\Research\research-experiments\industrial-anomaly-detection\data\mvtec_ad\grid\test\broken\008.png,0,post_concat,1.0,0,1,69.66337585449219,65.71109717232841,7.637419065331217,0.5174887810077734,D:\Research\research-experiments\industrial-anomaly-detection\data\mvtec_ad\grid\ground_truth\broken\008_mask.png,4135,0.003943443298339844,-5.535700750155657
grid,broken,D:\Research\research-experiments\industrial-anomaly-detection\data\mvtec_ad\grid\test\broken\009.png,0,post_concat,1.0,0,1,87.69094848632812,65.71109717232841,7.637419065331217,2.877916103068583,D:\Research\research-experiments\industrial-anomaly-detection\data\mvtec_ad\grid\ground_truth\broken\009_mask.png,6307,0.006014823913574219,-5.113528038279362
grid,broken,D:\Research\research-experiments\industrial-anomaly-detection\data\mvtec_ad\grid\test\broken\010.png,0,post_concat,1.0,0,1,95.92112731933594,65.71109717232841,7.637419065331217,3.9555286790718207,D:\Research\research-experiments\industrial-anomaly-detection\data\mvtec_ad\grid\ground_truth\broken\010_mask.png,5170,0.0049304962158203125,-5.31231544087711
grid,broken,D:\Research\research-experiments\industrial-anomaly-detection\data\mvtec_ad\grid\test\broken\011.png,0,post_concat,1.0,0,1,77.18954467773438,65.71109717232841,7.637419065331217,1.5029223101702582,D:\Research\research-experiments\industrial-anomaly-detection\data\mvtec_ad\grid\ground_truth\broken\011_mask.png,4002,0.0038166046142578125,-5.5683938340422685
grid,glue,D:\Research\research-experiments\industrial-anomaly-detection\data\mvtec_ad\grid\test\glue\000.png,0,post_concat,1.0,0,1,85.40730285644531,65.71109717232841,7.637419065331217,2.5789085966913254,D:\Research\research-experiments\industrial-anomaly-detection\data\mvtec_ad\grid\ground_truth\glue\000_mask.png,5771,0.005503654479980469,-5.2023427747905036
grid,glue,D:\Research\research-experiments\industrial-anomaly-detection\data\mvtec_ad\grid\test\glue\001.png,0,post_concat,1.0,0,1,57.84307098388672,65.71109717232841,7.637419065331217,-1.030194378642554,D:\Research\research-experiments\industrial-anomaly-detection\data\mvtec_ad\grid\ground_truth\glue\001_mask.png,5019,0.004786491394042969,-5.341957412622695
grid,glue,D:\Research\research-experiments\industrial-anomaly-detection\data\mvtec_ad\grid\test\glue\002.png,0,post_concat,1.0,0,1,85.61140441894531,65.71109717232841,7.637419065331217,2.6056324887226645,D:\Research\research-experiments\industrial-anomaly-detection\data\mvtec_ad\grid\ground_truth\glue\002_mask.png,5399,0.005148887634277344,-5.268974386763931
grid,glue,D:\Research\research-experiments\industrial-anomaly-detection\data\mvtec_ad\grid\test\glue\003.png,0,post_concat,1.0,0,1,87.14181518554688,65.71109717232841,7.637419065331217,2.80601572728929,D:\Research\research-experiments\industrial-anomaly-detection\data\mvtec_ad\grid\ground_truth\glue\003_mask.png,4794,0.0045719146728515625,-5.3878229774778585
grid,glue,D:\Research\research-experiments\industrial-anomaly-detection\data\mvtec_ad\grid\test\glue\004.png,0,post_concat,1.0,0,1,74.6714096069336,65.71109717232841,7.637419065331217,1.1732120966464994,D:\Research\research-experiments\industrial-anomaly-detection\data\mvtec_ad\grid\ground_truth\glue\004_mask.png,7696,0.0073394775390625,-4.914487482603893
grid,glue,D:\Research\research-experiments\industrial-anomaly-detection\data\mvtec_ad\grid\test\glue\005.png,0,post_concat,1.0,0,1,88.81192779541016,65.71109717232841,7.637419065331217,3.0246907267330783,D:\Research\research-experiments\industrial-anomaly-detection\data\mvtec_ad\grid\ground_truth\glue\005_mask.png,2542,0.0024242401123046875,-6.022236746949199
grid,glue,D:\Research\research-experiments\industrial-anomaly-detection\data\mvtec_ad\grid\test\glue\006.png,0,post_concat,1.0,0,1,59.98887252807617,65.71109717232841,7.637419065331217,-0.7492353889846526,D:\Research\research-experiments\industrial-anomaly-detection\data\mvtec_ad\grid\ground_truth\glue\006_mask.png,4838,0.0046138763427734375,-5.3786867032914625
grid,glue,D:\Research\research-experiments\industrial-anomaly-detection\data\mvtec_ad\grid\test\glue\007.png,0,post_concat,1.0,0,1,66.12755584716797,65.71109717232841,7.637419065331217,0.054528718573268416,D:\Research\research-experiments\industrial-anomaly-detection\data\mvtec_ad\grid\ground_truth\glue\007_mask.png,5125,0.004887580871582031,-5.321057602592123
grid,glue,D:\Research\research-experiments\industrial-anomaly-detection\data\mvtec_ad\grid\test\glue\008.png,0,post_concat,1.0,0,1,63.96585464477539,65.71109717232841,7.637419065331217,-0.22851208145370117,D:\Research\research-experiments\industrial-anomaly-detection\data\mvtec_ad\grid\ground_truth\glue\008_mask.png,2384,0.0022735595703125,-6.086408143174836
grid,glue,D:\Research\research-experiments\industrial-anomaly-detection\data\mvtec_ad\grid\test\glue\009.png,0,post_concat,1.0,0,1,87.00236511230469,65.71109717232841,7.637419065331217,2.7877569317394695,D:\Research\research-experiments\industrial-anomaly-detection\data\mvtec_ad\grid\ground_truth\glue\009_mask.png,6548,0.006244659423828125,-5.076028512571058
grid,glue,D:\Research\research-experiments\industrial-anomaly-detection\data\mvtec_ad\grid\test\glue\010.png,0,post_concat,1.0,0,1,86.84598541259766,65.71109717232841,7.637419065331217,2.767281467663275,D:\Research\research-experiments\industrial-anomaly-detection\data\mvtec_ad\grid\ground_truth\glue\010_mask.png,6811,0.006495475769042969,-5.036649226004289
grid,metal_contamination,D:\Research\research-experiments\industrial-anomaly-detection\data\mvtec_ad\grid\test\metal_contamination\000.png,0,post_concat,1.0,0,1,91.79798889160156,65.71109717232841,7.637419065331217,3.415668499544594,D:\Research\research-experiments\industrial-anomaly-detection\data\mvtec_ad\grid\ground_truth\metal_contamination\000_mask.png,2624,0.00250244140625,-5.990488061525251
grid,metal_contamination,D:\Research\research-experiments\industrial-anomaly-detection\data\mvtec_ad\grid\test\metal_contamination\001.png,0,post_concat,1.0,0,1,112.42303466796875,65.71109717232841,7.637419065331217,6.116194109038922,D:\Research\research-experiments\industrial-anomaly-detection\data\mvtec_ad\grid\ground_truth\metal_contamination\001_mask.png,7452,0.007106781005859375,-4.946705738766755
grid,metal_contamination,D:\Research\research-experiments\industrial-anomaly-detection\data\mvtec_ad\grid\test\metal_contamination\002.png,0,post_concat,1.0,0,1,123.08853149414062,65.71109717232841,7.637419065331217,7.512673303769261,D:\Research\research-experiments\industrial-anomaly-detection\data\mvtec_ad\grid\ground_truth\metal_contamination\002_mask.png,4647,0.004431724548339844,-5.418966256468161
grid,metal_contamination,D:\Research\research-experiments\industrial-anomaly-detection\data\mvtec_ad\grid\test\metal_contamination\003.png,0,post_concat,1.0,0,1,93.2864761352539,65.71109717232841,7.637419065331217,3.6105625116342384,D:\Research\research-experiments\industrial-anomaly-detection\data\mvtec_ad\grid\ground_truth\metal_contamination\003_mask.png,8548,0.008152008056640625,-4.809490872090713
grid,metal_contamination,D:\Research\research-experiments\industrial-anomaly-detection\data\mvtec_ad\grid\test\metal_contamination\004.png,0,post_concat,1.0,0,1,94.75690460205078,65.71109717232841,7.637419065331217,3.8030920106991304,D:\Research\research-experiments\industrial-anomaly-detection\data\mvtec_ad\grid\ground_truth\metal_contamination\004_mask.png,4391,0.004187583923339844,-5.475631101836033
grid,metal_contamination,D:\Research\research-experiments\industrial-anomaly-detection\data\mvtec_ad\grid\test\metal_contamination\005.png,0,post_concat,1.0,0,1,102.16844940185547,65.71109717232841,7.637419065331217,4.773517325377508,D:\Research\research-experiments\industrial-anomaly-detection\data\mvtec_ad\grid\ground_truth\metal_contamination\005_mask.png,4072,0.00388336181640625,-5.551053795459739
grid,metal_contamination,D:\Research\research-experiments\industrial-anomaly-detection\data\mvtec_ad\grid\test\metal_contamination\006.png,0,post_concat,1.0,0,1,82.63967895507812,65.71109717232841,7.637419065331217,2.2165317416709756,D:\Research\research-experiments\industrial-anomaly-detection\data\mvtec_ad\grid\ground_truth\metal_contamination\006_mask.png,3131,0.0029859542846679688,-5.813835554971247
grid,metal_contamination,D:\Research\research-experiments\industrial-anomaly-detection\data\mvtec_ad\grid\test\metal_contamination\007.png,0,post_concat,1.0,0,1,84.08679962158203,65.71109717232841,7.637419065331217,2.406009450583515,D:\Research\research-experiments\industrial-anomaly-detection\data\mvtec_ad\grid\ground_truth\metal_contamination\007_mask.png,1976,0.00188446044921875,-6.274113202235363
grid,metal_contamination,D:\Research\research-experiments\industrial-anomaly-detection\data\mvtec_ad\grid\test\metal_contamination\008.png,0,post_concat,1.0,0,1,95.2174301147461,65.71109717232841,7.637419065331217,3.863390589152916,D:\Research\research-experiments\industrial-anomaly-detection\data\mvtec_ad\grid\ground_truth\metal_contamination\008_mask.png,4243,0.004046440124511719,-5.509917518865808
grid,metal_contamination,D:\Research\research-experiments\industrial-anomaly-detection\data\mvtec_ad\grid\test\metal_contamination\009.png,0,post_concat,1.0,0,1,62.643775939941406,65.71109717232841,7.637419065331217,-0.4016175105947233,D:\Research\research-experiments\industrial-anomaly-detection\data\mvtec_ad\grid\ground_truth\metal_contamination\009_mask.png,4249,0.004052162170410156,-5.508504424302294
grid,metal_contamination,D:\Research\research-experiments\industrial-anomaly-detection\data\mvtec_ad\grid\test\metal_contamination\010.png,0,post_concat,1.0,0,1,82.19783020019531,65.71109717232841,7.637419065331217,2.1586785911363258,D:\Research\research-experiments\industrial-anomaly-detection\data\mvtec_ad\grid\ground_truth\metal_contamination\010_mask.png,5163,0.004923820495605469,-5.313670323224953
grid,thread,D:\Research\research-experiments\industrial-anomaly-detection\data\mvtec_ad\grid\test\thread\000.png,0,post_concat,1.0,0,1,83.48052978515625,65.71109717232841,7.637419065331217,2.326627943396376,D:\Research\research-experiments\industrial-anomaly-detection\data\mvtec_ad\grid\ground_truth\thread\000_mask.png,7354,0.0070133209228515625,-4.9599438067518955
grid,thread,D:\Research\research-experiments\industrial-anomaly-detection\data\mvtec_ad\grid\test\thread\001.png,0,post_concat,1.0,0,1,121.3978271484375,65.71109717232841,7.637419065331217,7.29130214012868,D:\Research\research-experiments\industrial-anomaly-detection\data\mvtec_ad\grid\ground_truth\thread\001_mask.png,14256,0.0135955810546875,-4.298010387935007
grid,thread,D:\Research\research-experiments\industrial-anomaly-detection\data\mvtec_ad\grid\test\thread\002.png,0,post_concat,1.0,0,1,62.380096435546875,65.71109717232841,7.637419065331217,-0.4361421978141873,D:\Research\research-experiments\industrial-anomaly-detection\data\mvtec_ad\grid\ground_truth\thread\002_mask.png,15995,0.015254020690917969,-4.182912093258803
grid,thread,D:\Research\research-experiments\industrial-anomaly-detection\data\mvtec_ad\grid\test\thread\003.png,0,post_concat,1.0,0,1,67.92658996582031,65.71109717232841,7.637419065331217,0.29008396351442367,D:\Research\research-experiments\industrial-anomaly-detection\data\mvtec_ad\grid\ground_truth\thread\003_mask.png,18349,0.01749897003173828,-4.045613197967734
grid,thread,D:\Research\research-experiments\industrial-anomaly-detection\data\mvtec_ad\grid\test\thread\004.png,0,post_concat,1.0,0,1,66.37327575683594,65.71109717232841,7.637419065331217,0.08670187910905375,D:\Research\research-experiments\industrial-anomaly-detection\data\mvtec_ad\grid\ground_truth\thread\004_mask.png,32883,0.03135967254638672,-3.4622324934269857
grid,thread,D:\Research\research-experiments\industrial-anomaly-detection\data\mvtec_ad\grid\test\thread\005.png,0,post_concat,1.0,0,1,106.61813354492188,65.71109717232841,7.637419065331217,5.356133534466387,D:\Research\research-experiments\industrial-anomaly-detection\data\mvtec_ad\grid\ground_truth\thread\005_mask.png,15724,0.014995574951171875,-4.2000000579708185
grid,thread,D:\Research\research-experiments\industrial-anomaly-detection\data\mvtec_ad\grid\test\thread\006.png,0,post_concat,1.0,0,1,73.35281372070312,65.71109717232841,7.637419065331217,1.000562687867032,D:\Research\research-experiments\industrial-anomaly-detection\data\mvtec_ad\grid\ground_truth\thread\006_mask.png,16043,0.015299797058105469,-4.179915649487488
grid,thread,D:\Research\research-experiments\industrial-anomaly-detection\data\mvtec_ad\grid\test\thread\007.png,0,post_concat,1.0,0,1,60.376731872558594,65.71109717232841,7.637419065331217,-0.6984513032660825,D:\Research\research-experiments\industrial-anomaly-detection\data\mvtec_ad\grid\ground_truth\thread\007_mask.png,33899,0.03232860565185547,-3.431802785858171
grid,thread,D:\Research\research-experiments\industrial-anomaly-detection\data\mvtec_ad\grid\test\thread\008.png,0,post_concat,1.0,0,1,67.68524169921875,65.71109717232841,7.637419065331217,0.2584832009352007,D:\Research\research-experiments\industrial-anomaly-detection\data\mvtec_ad\grid\ground_truth\thread\008_mask.png,37555,0.03581523895263672,-3.3293817791577185
grid,thread,D:\Research\research-experiments\industrial-anomaly-detection\data\mvtec_ad\grid\test\thread\009.png,0,post_concat,1.0,0,1,69.03862762451172,65.71109717232841,7.637419065331217,0.4356878185836465,D:\Research\research-experiments\industrial-anomaly-detection\data\mvtec_ad\grid\ground_truth\thread\009_mask.png,16580,0.015811920166015625,-4.146991119266197
grid,thread,D:\Research\research-experiments\industrial-anomaly-detection\data\mvtec_ad\grid\test\thread\010.png,0,post_concat,1.0,0,1,78.93693542480469,65.71109717232841,7.637419065331217,1.7317156672091956,D:\Research\research-experiments\industrial-anomaly-detection\data\mvtec_ad\grid\ground_truth\thread\010_mask.png,25467,0.02428722381591797,-3.7178047946189183
