method,category,seed,subset,condition,severity,family,defect_type,image_path,score
Q4a02,hazelnut,2,val,none,,,good,019.png,23.582456588745117
Q4a02,hazelnut,2,val,none,,,good,040.png,24.07600975036621
Q4a02,hazelnut,2,val,none,,,good,048.png,23.515260696411133
Q4a02,hazelnut,2,val,none,,,good,072.png,24.676115036010742
Q4a02,hazelnut,2,val,none,,,good,076.png,24.49291229248047
Q4a02,hazelnut,2,val,none,,,good,096.png,24.046043395996094
Q4a02,hazelnut,2,val,none,,,good,101.png,24.404481887817383
Q4a02,hazelnut,2,val,none,,,good,109.png,23.804100036621094
Q4a02,hazelnut,2,val,none,,,good,115.png,23.74732780456543
Q4a02,hazelnut,2,val,none,,,good,129.png,23.95863151550293
Q4a02,hazelnut,2,val,none,,,good,145.png,23.293914794921875
Q4a02,hazelnut,2,val,none,,,good,206.png,23.95423698425293
Q4a02,hazelnut,2,val,none,,,good,223.png,24.111982345581055
Q4a02,hazelnut,2,val,none,,,good,226.png,23.7429141998291
Q4a02,hazelnut,2,val,none,,,good,277.png,23.715435028076172
Q4a02,hazelnut,2,val,none,,,good,312.png,23.797225952148438
Q4a02,hazelnut,2,val,none,,,good,337.png,24.010690689086914
Q4a02,hazelnut,2,val,none,,,good,350.png,23.89091682434082
Q4a02,hazelnut,2,val,none,,,good,360.png,23.82223892211914
Q4a02,hazelnut,2,val,none,,,good,382.png,24.454547882080078
Q4a02,hazelnut,2,clean_good,none,,,good,/root/autodl-tmp/research-experiments/industrial-anomaly-detection/data/mvtec_ad/hazelnut/test/good/000.png,38.520172119140625
Q4a02,hazelnut,2,clean_good,none,,,good,/root/autodl-tmp/research-experiments/industrial-anomaly-detection/data/mvtec_ad/hazelnut/test/good/001.png,39.6697998046875
Q4a02,hazelnut,2,clean_good,none,,,good,/root/autodl-tmp/research-experiments/industrial-anomaly-detection/data/mvtec_ad/hazelnut/test/good/002.png,37.074432373046875
Q4a02,hazelnut,2,clean_good,none,,,good,/root/autodl-tmp/research-experiments/industrial-anomaly-detection/data/mvtec_ad/hazelnut/test/good/003.png,35.39158630371094
Q4a02,hazelnut,2,clean_good,none,,,good,/root/autodl-tmp/research-experiments/industrial-anomaly-detection/data/mvtec_ad/hazelnut/test/good/004.png,37.03746795654297
Q4a02,hazelnut,2,clean_good,none,,,good,/root/autodl-tmp/research-experiments/industrial-anomaly-detection/data/mvtec_ad/hazelnut/test/good/005.png,41.0753288269043
Q4a02,hazelnut,2,clean_good,none,,,good,/root/autodl-tmp/research-experiments/industrial-anomaly-detection/data/mvtec_ad/hazelnut/test/good/006.png,36.92238235473633
Q4a02,hazelnut,2,clean_good,none,,,good,/root/autodl-tmp/research-experiments/industrial-anomaly-detection/data/mvtec_ad/hazelnut/test/good/007.png,37.77664566040039
Q4a02,hazelnut,2,clean_good,none,,,good,/root/autodl-tmp/research-experiments/industrial-anomaly-detection/data/mvtec_ad/hazelnut/test/good/008.png,38.310245513916016
Q4a02,hazelnut,2,clean_good,none,,,good,/root/autodl-tmp/research-experiments/industrial-anomaly-detection/data/mvtec_ad/hazelnut/test/good/009.png,37.965938568115234
Q4a02,hazelnut,2,clean_good,none,,,good,/root/autodl-tmp/research-experiments/industrial-anomaly-detection/data/mvtec_ad/hazelnut/test/good/010.png,38.345794677734375
Q4a02,hazelnut,2,clean_good,none,,,good,/root/autodl-tmp/research-experiments/industrial-anomaly-detection/data/mvtec_ad/hazelnut/test/good/011.png,37.49690628051758
Q4a02,hazelnut,2,clean_good,none,,,good,/root/autodl-tmp/research-experiments/industrial-anomaly-detection/data/mvtec_ad/hazelnut/test/good/012.png,39.236019134521484
Q4a02,hazelnut,2,clean_good,none,,,good,/root/autodl-tmp/research-experiments/industrial-anomaly-detection/data/mvtec_ad/hazelnut/test/good/013.png,41.98301315307617
Q4a02,hazelnut,2,clean_good,none,,,good,/root/autodl-tmp/research-experiments/industrial-anomaly-detection/data/mvtec_ad/hazelnut/test/good/014.png,38.63277816772461
Q4a02,hazelnut,2,clean_good,none,,,good,/root/autodl-tmp/research-experiments/industrial-anomaly-detection/data/mvtec_ad/hazelnut/test/good/015.png,35.8156852722168
Q4a02,hazelnut,2,clean_good,none,,,good,/root/autodl-tmp/research-experiments/industrial-anomaly-detection/data/mvtec_ad/hazelnut/test/good/016.png,36.12860870361328
Q4a02,hazelnut,2,clean_good,none,,,good,/root/autodl-tmp/research-experiments/industrial-anomaly-detection/data/mvtec_ad/hazelnut/test/good/017.png,38.544166564941406
Q4a02,hazelnut,2,clean_good,none,,,good,/root/autodl-tmp/research-experiments/industrial-anomaly-detection/data/mvtec_ad/hazelnut/test/good/018.png,37.70094680786133
Q4a02,hazelnut,2,clean_good,none,,,good,/root/autodl-tmp/research-experiments/industrial-anomaly-detection/data/mvtec_ad/hazelnut/test/good/019.png,38.25285339355469
Q4a02,hazelnut,2,clean_good,none,,,good,/root/autodl-tmp/research-experiments/industrial-anomaly-detection/data/mvtec_ad/hazelnut/test/good/020.png,39.09600067138672
Q4a02,hazelnut,2,clean_good,none,,,good,/root/autodl-tmp/research-experiments/industrial-anomaly-detection/data/mvtec_ad/hazelnut/test/good/021.png,37.33572769165039
Q4a02,hazelnut,2,clean_good,none,,,good,/root/autodl-tmp/research-experiments/industrial-anomaly-detection/data/mvtec_ad/hazelnut/test/good/022.png,38.37665939331055
Q4a02,hazelnut,2,clean_good,none,,,good,/root/autodl-tmp/research-experiments/industrial-anomaly-detection/data/mvtec_ad/hazelnut/test/good/023.png,37.44905471801758
Q4a02,hazelnut,2,clean_good,none,,,good,/root/autodl-tmp/research-experiments/industrial-anomaly-detection/data/mvtec_ad/hazelnut/test/good/024.png,37.15589141845703
Q4a02,hazelnut,2,clean_good,none,,,good,/root/autodl-tmp/research-experiments/industrial-anomaly-detection/data/mvtec_ad/hazelnut/test/good/025.png,35.74306869506836
Q4a02,hazelnut,2,clean_good,none,,,good,/root/autodl-tmp/research-experiments/industrial-anomaly-detection/data/mvtec_ad/hazelnut/test/good/026.png,36.55596160888672
Q4a02,hazelnut,2,clean_good,none,,,good,/root/autodl-tmp/research-experiments/industrial-anomaly-detection/data/mvtec_ad/hazelnut/test/good/027.png,40.5629997253418
Q4a02,hazelnut,2,clean_good,none,,,good,/root/autodl-tmp/research-experiments/industrial-anomaly-detection/data/mvtec_ad/hazelnut/test/good/028.png,36.04218673706055
Q4a02,hazelnut,2,clean_good,none,,,good,/root/autodl-tmp/research-experiments/industrial-anomaly-detection/data/mvtec_ad/hazelnut/test/good/029.png,37.635990142822266
Q4a02,hazelnut,2,clean_good,none,,,good,/root/autodl-tmp/research-experiments/industrial-anomaly-detection/data/mvtec_ad/hazelnut/test/good/030.png,35.98394012451172
Q4a02,hazelnut,2,clean_good,none,,,good,/root/autodl-tmp/research-experiments/industrial-anomaly-detection/data/mvtec_ad/hazelnut/test/good/031.png,38.107337951660156
Q4a02,hazelnut,2,clean_good,none,,,good,/root/autodl-tmp/research-experiments/industrial-anomaly-detection/data/mvtec_ad/hazelnut/test/good/032.png,39.40993118286133
Q4a02,hazelnut,2,clean_good,none,,,good,/root/autodl-tmp/research-experiments/industrial-anomaly-detection/data/mvtec_ad/hazelnut/test/good/033.png,36.895530700683594
Q4a02,hazelnut,2,clean_good,none,,,good,/root/autodl-tmp/research-experiments/industrial-anomaly-detection/data/mvtec_ad/hazelnut/test/good/034.png,37.17565155029297
Q4a02,hazelnut,2,clean_good,none,,,good,/root/autodl-tmp/research-experiments/industrial-anomaly-detection/data/mvtec_ad/hazelnut/test/good/035.png,35.26118469238281
Q4a02,hazelnut,2,clean_good,none,,,good,/root/autodl-tmp/research-experiments/industrial-anomaly-detection/data/mvtec_ad/hazelnut/test/good/036.png,38.49327850341797
Q4a02,hazelnut,2,clean_good,none,,,good,/root/autodl-tmp/research-experiments/industrial-anomaly-detection/data/mvtec_ad/hazelnut/test/good/037.png,39.651283264160156
Q4a02,hazelnut,2,clean_good,none,,,good,/root/autodl-tmp/research-experiments/industrial-anomaly-detection/data/mvtec_ad/hazelnut/test/good/038.png,37.15113830566406
Q4a02,hazelnut,2,clean_good,none,,,good,/root/autodl-tmp/research-experiments/industrial-anomaly-detection/data/mvtec_ad/hazelnut/test/good/039.png,40.79401779174805
Q4a02,hazelnut,2,clean_defect,none,,,crack,/root/autodl-tmp/research-experiments/industrial-anomaly-detection/data/mvtec_ad/hazelnut/test/crack/000.png,57.66378402709961
Q4a02,hazelnut,2,clean_defect,none,,,crack,/root/autodl-tmp/research-experiments/industrial-anomaly-detection/data/mvtec_ad/hazelnut/test/crack/001.png,56.00579833984375
Q4a02,hazelnut,2,clean_defect,none,,,crack,/root/autodl-tmp/research-experiments/industrial-anomaly-detection/data/mvtec_ad/hazelnut/test/crack/002.png,51.289833068847656
Q4a02,hazelnut,2,clean_defect,none,,,crack,/root/autodl-tmp/research-experiments/industrial-anomaly-detection/data/mvtec_ad/hazelnut/test/crack/003.png,56.10505294799805
Q4a02,hazelnut,2,clean_defect,none,,,crack,/root/autodl-tmp/research-experiments/industrial-anomaly-detection/data/mvtec_ad/hazelnut/test/crack/004.png,58.715660095214844
Q4a02,hazelnut,2,clean_defect,none,,,crack,/root/autodl-tmp/research-experiments/industrial-anomaly-detection/data/mvtec_ad/hazelnut/test/crack/005.png,55.038970947265625
Q4a02,hazelnut,2,clean_defect,none,,,crack,/root/autodl-tmp/research-experiments/industrial-anomaly-detection/data/mvtec_ad/hazelnut/test/crack/006.png,57.3111457824707
Q4a02,hazelnut,2,clean_defect,none,,,crack,/root/autodl-tmp/research-experiments/industrial-anomaly-detection/data/mvtec_ad/hazelnut/test/crack/007.png,54.35513687133789
Q4a02,hazelnut,2,clean_defect,none,,,crack,/root/autodl-tmp/research-experiments/industrial-anomaly-detection/data/mvtec_ad/hazelnut/test/crack/008.png,60.2977180480957
Q4a02,hazelnut,2,clean_defect,none,,,crack,/root/autodl-tmp/research-experiments/industrial-anomaly-detection/data/mvtec_ad/hazelnut/test/crack/009.png,53.6439323425293
Q4a02,hazelnut,2,clean_defect,none,,,crack,/root/autodl-tmp/research-experiments/industrial-anomaly-detection/data/mvtec_ad/hazelnut/test/crack/010.png,51.68647766113281
Q4a02,hazelnut,2,clean_defect,none,,,crack,/root/autodl-tmp/research-experiments/industrial-anomaly-detection/data/mvtec_ad/hazelnut/test/crack/011.png,59.171051025390625
Q4a02,hazelnut,2,clean_defect,none,,,crack,/root/autodl-tmp/research-experiments/industrial-anomaly-detection/data/mvtec_ad/hazelnut/test/crack/012.png,52.62905502319336
Q4a02,hazelnut,2,clean_defect,none,,,crack,/root/autodl-tmp/research-experiments/industrial-anomaly-detection/data/mvtec_ad/hazelnut/test/crack/013.png,55.337223052978516
Q4a02,hazelnut,2,clean_defect,none,,,crack,/root/autodl-tmp/research-experiments/industrial-anomaly-detection/data/mvtec_ad/hazelnut/test/crack/014.png,56.89567565917969
Q4a02,hazelnut,2,clean_defect,none,,,crack,/root/autodl-tmp/research-experiments/industrial-anomaly-detection/data/mvtec_ad/hazelnut/test/crack/015.png,55.69243621826172
Q4a02,hazelnut,2,clean_defect,none,,,crack,/root/autodl-tmp/research-experiments/industrial-anomaly-detection/data/mvtec_ad/hazelnut/test/crack/016.png,47.92207717895508
Q4a02,hazelnut,2,clean_defect,none,,,crack,/root/autodl-tmp/research-experiments/industrial-anomaly-detection/data/mvtec_ad/hazelnut/test/crack/017.png,52.86534118652344
Q4a02,hazelnut,2,clean_defect,none,,,cut,/root/autodl-tmp/research-experiments/industrial-anomaly-detection/data/mvtec_ad/hazelnut/test/cut/000.png,57.18050003051758
Q4a02,hazelnut,2,clean_defect,none,,,cut,/root/autodl-tmp/research-experiments/industrial-anomaly-detection/data/mvtec_ad/hazelnut/test/cut/001.png,47.95825958251953
Q4a02,hazelnut,2,clean_defect,none,,,cut,/root/autodl-tmp/research-experiments/industrial-anomaly-detection/data/mvtec_ad/hazelnut/test/cut/002.png,53.914222717285156
Q4a02,hazelnut,2,clean_defect,none,,,cut,/root/autodl-tmp/research-experiments/industrial-anomaly-detection/data/mvtec_ad/hazelnut/test/cut/003.png,58.90266418457031
Q4a02,hazelnut,2,clean_defect,none,,,cut,/root/autodl-tmp/research-experiments/industrial-anomaly-detection/data/mvtec_ad/hazelnut/test/cut/004.png,63.428863525390625
Q4a02,hazelnut,2,clean_defect,none,,,cut,/root/autodl-tmp/research-experiments/industrial-anomaly-detection/data/mvtec_ad/hazelnut/test/cut/005.png,60.4699592590332
Q4a02,hazelnut,2,clean_defect,none,,,cut,/root/autodl-tmp/research-experiments/industrial-anomaly-detection/data/mvtec_ad/hazelnut/test/cut/006.png,48.089508056640625
Q4a02,hazelnut,2,clean_defect,none,,,cut,/root/autodl-tmp/research-experiments/industrial-anomaly-detection/data/mvtec_ad/hazelnut/test/cut/007.png,57.713199615478516
Q4a02,hazelnut,2,clean_defect,none,,,cut,/root/autodl-tmp/research-experiments/industrial-anomaly-detection/data/mvtec_ad/hazelnut/test/cut/008.png,61.40257263183594
Q4a02,hazelnut,2,clean_defect,none,,,cut,/root/autodl-tmp/research-experiments/industrial-anomaly-detection/data/mvtec_ad/hazelnut/test/cut/009.png,57.36357879638672
Q4a02,hazelnut,2,clean_defect,none,,,cut,/root/autodl-tmp/research-experiments/industrial-anomaly-detection/data/mvtec_ad/hazelnut/test/cut/010.png,55.833011627197266
Q4a02,hazelnut,2,clean_defect,none,,,cut,/root/autodl-tmp/research-experiments/industrial-anomaly-detection/data/mvtec_ad/hazelnut/test/cut/011.png,58.888492584228516
Q4a02,hazelnut,2,clean_defect,none,,,cut,/root/autodl-tmp/research-experiments/industrial-anomaly-detection/data/mvtec_ad/hazelnut/test/cut/012.png,52.8577880859375
Q4a02,hazelnut,2,clean_defect,none,,,cut,/root/autodl-tmp/research-experiments/industrial-anomaly-detection/data/mvtec_ad/hazelnut/test/cut/013.png,55.82016372680664
Q4a02,hazelnut,2,clean_defect,none,,,cut,/root/autodl-tmp/research-experiments/industrial-anomaly-detection/data/mvtec_ad/hazelnut/test/cut/014.png,56.12277603149414
Q4a02,hazelnut,2,clean_defect,none,,,cut,/root/autodl-tmp/research-experiments/industrial-anomaly-detection/data/mvtec_ad/hazelnut/test/cut/015.png,56.83153533935547
Q4a02,hazelnut,2,clean_defect,none,,,cut,/root/autodl-tmp/research-experiments/industrial-anomaly-detection/data/mvtec_ad/hazelnut/test/cut/016.png,56.270782470703125
Q4a02,hazelnut,2,clean_defect,none,,,hole,/root/autodl-tmp/research-experiments/industrial-anomaly-detection/data/mvtec_ad/hazelnut/test/hole/000.png,62.41414260864258
Q4a02,hazelnut,2,clean_defect,none,,,hole,/root/autodl-tmp/research-experiments/industrial-anomaly-detection/data/mvtec_ad/hazelnut/test/hole/001.png,63.65871810913086
Q4a02,hazelnut,2,clean_defect,none,,,hole,/root/autodl-tmp/research-experiments/industrial-anomaly-detection/data/mvtec_ad/hazelnut/test/hole/002.png,68.22573852539062
Q4a02,hazelnut,2,clean_defect,none,,,hole,/root/autodl-tmp/research-experiments/industrial-anomaly-detection/data/mvtec_ad/hazelnut/test/hole/003.png,69.72474670410156
Q4a02,hazelnut,2,clean_defect,none,,,hole,/root/autodl-tmp/research-experiments/industrial-anomaly-detection/data/mvtec_ad/hazelnut/test/hole/004.png,65.57781219482422
Q4a02,hazelnut,2,clean_defect,none,,,hole,/root/autodl-tmp/research-experiments/industrial-anomaly-detection/data/mvtec_ad/hazelnut/test/hole/005.png,59.32904052734375
Q4a02,hazelnut,2,clean_defect,none,,,hole,/root/autodl-tmp/research-experiments/industrial-anomaly-detection/data/mvtec_ad/hazelnut/test/hole/006.png,61.22503662109375
Q4a02,hazelnut,2,clean_defect,none,,,hole,/root/autodl-tmp/research-experiments/industrial-anomaly-detection/data/mvtec_ad/hazelnut/test/hole/007.png,70.64351654052734
Q4a02,hazelnut,2,clean_defect,none,,,hole,/root/autodl-tmp/research-experiments/industrial-anomaly-detection/data/mvtec_ad/hazelnut/test/hole/008.png,57.33306884765625
Q4a02,hazelnut,2,clean_defect,none,,,hole,/root/autodl-tmp/research-experiments/industrial-anomaly-detection/data/mvtec_ad/hazelnut/test/hole/009.png,65.7583236694336
Q4a02,hazelnut,2,clean_defect,none,,,hole,/root/autodl-tmp/research-experiments/industrial-anomaly-detection/data/mvtec_ad/hazelnut/test/hole/010.png,69.1220932006836
Q4a02,hazelnut,2,clean_defect,none,,,hole,/root/autodl-tmp/research-experiments/industrial-anomaly-detection/data/mvtec_ad/hazelnut/test/hole/011.png,66.35968017578125
Q4a02,hazelnut,2,clean_defect,none,,,hole,/root/autodl-tmp/research-experiments/industrial-anomaly-detection/data/mvtec_ad/hazelnut/test/hole/012.png,67.81295776367188
Q4a02,hazelnut,2,clean_defect,none,,,hole,/root/autodl-tmp/research-experiments/industrial-anomaly-detection/data/mvtec_ad/hazelnut/test/hole/013.png,60.74076843261719
Q4a02,hazelnut,2,clean_defect,none,,,hole,/root/autodl-tmp/research-experiments/industrial-anomaly-detection/data/mvtec_ad/hazelnut/test/hole/014.png,61.82999038696289
Q4a02,hazelnut,2,clean_defect,none,,,hole,/root/autodl-tmp/research-experiments/industrial-anomaly-detection/data/mvtec_ad/hazelnut/test/hole/015.png,59.434444427490234
Q4a02,hazelnut,2,clean_defect,none,,,hole,/root/autodl-tmp/research-experiments/industrial-anomaly-detection/data/mvtec_ad/hazelnut/test/hole/016.png,50.514347076416016
Q4a02,hazelnut,2,clean_defect,none,,,hole,/root/autodl-tmp/research-experiments/industrial-anomaly-detection/data/mvtec_ad/hazelnut/test/hole/017.png,61.279502868652344
Q4a02,hazelnut,2,clean_defect,none,,,print,/root/autodl-tmp/research-experiments/industrial-anomaly-detection/data/mvtec_ad/hazelnut/test/print/000.png,62.68082809448242
Q4a02,hazelnut,2,clean_defect,none,,,print,/root/autodl-tmp/research-experiments/industrial-anomaly-detection/data/mvtec_ad/hazelnut/test/print/001.png,65.5809097290039
Q4a02,hazelnut,2,clean_defect,none,,,print,/root/autodl-tmp/research-experiments/industrial-anomaly-detection/data/mvtec_ad/hazelnut/test/print/002.png,68.14261627197266
Q4a02,hazelnut,2,clean_defect,none,,,print,/root/autodl-tmp/research-experiments/industrial-anomaly-detection/data/mvtec_ad/hazelnut/test/print/003.png,58.178470611572266
Q4a02,hazelnut,2,clean_defect,none,,,print,/root/autodl-tmp/research-experiments/industrial-anomaly-detection/data/mvtec_ad/hazelnut/test/print/004.png,61.77320098876953
Q4a02,hazelnut,2,clean_defect,none,,,print,/root/autodl-tmp/research-experiments/industrial-anomaly-detection/data/mvtec_ad/hazelnut/test/print/005.png,60.12620544433594
Q4a02,hazelnut,2,clean_defect,none,,,print,/root/autodl-tmp/research-experiments/industrial-anomaly-detection/data/mvtec_ad/hazelnut/test/print/006.png,64.31417846679688
Q4a02,hazelnut,2,clean_defect,none,,,print,/root/autodl-tmp/research-experiments/industrial-anomaly-detection/data/mvtec_ad/hazelnut/test/print/007.png,58.2711181640625
Q4a02,hazelnut,2,clean_defect,none,,,print,/root/autodl-tmp/research-experiments/industrial-anomaly-detection/data/mvtec_ad/hazelnut/test/print/008.png,77.88186645507812
Q4a02,hazelnut,2,clean_defect,none,,,print,/root/autodl-tmp/research-experiments/industrial-anomaly-detection/data/mvtec_ad/hazelnut/test/print/009.png,53.48503875732422
Q4a02,hazelnut,2,clean_defect,none,,,print,/root/autodl-tmp/research-experiments/industrial-anomaly-detection/data/mvtec_ad/hazelnut/test/print/010.png,65.63041687011719
Q4a02,hazelnut,2,clean_defect,none,,,print,/root/autodl-tmp/research-experiments/industrial-anomaly-detection/data/mvtec_ad/hazelnut/test/print/011.png,59.50773239135742
Q4a02,hazelnut,2,clean_defect,none,,,print,/root/autodl-tmp/research-experiments/industrial-anomaly-detection/data/mvtec_ad/hazelnut/test/print/012.png,65.96653747558594
Q4a02,hazelnut,2,clean_defect,none,,,print,/root/autodl-tmp/research-experiments/industrial-anomaly-detection/data/mvtec_ad/hazelnut/test/print/013.png,59.52503204345703
Q4a02,hazelnut,2,clean_defect,none,,,print,/root/autodl-tmp/research-experiments/industrial-anomaly-detection/data/mvtec_ad/hazelnut/test/print/014.png,58.871822357177734
Q4a02,hazelnut,2,clean_defect,none,,,print,/root/autodl-tmp/research-experiments/industrial-anomaly-detection/data/mvtec_ad/hazelnut/test/print/015.png,51.10284423828125
Q4a02,hazelnut,2,clean_defect,none,,,print,/root/autodl-tmp/research-experiments/industrial-anomaly-detection/data/mvtec_ad/hazelnut/test/print/016.png,59.33772659301758
Q4a02,hazelnut,2,shift_good,brightness_0.9,mild,brightness,good,/root/autodl-tmp/research-experiments/industrial-anomaly-detection/data/mvtec_ad/hazelnut/test/good/000.png,38.679725646972656
Q4a02,hazelnut,2,shift_good,brightness_0.9,mild,brightness,good,/root/autodl-tmp/research-experiments/industrial-anomaly-detection/data/mvtec_ad/hazelnut/test/good/001.png,39.528480529785156
Q4a02,hazelnut,2,shift_good,brightness_0.9,mild,brightness,good,/root/autodl-tmp/research-experiments/industrial-anomaly-detection/data/mvtec_ad/hazelnut/test/good/002.png,36.891788482666016
Q4a02,hazelnut,2,shift_good,brightness_0.9,mild,brightness,good,/root/autodl-tmp/research-experiments/industrial-anomaly-detection/data/mvtec_ad/hazelnut/test/good/003.png,35.41167068481445
Q4a02,hazelnut,2,shift_good,brightness_0.9,mild,brightness,good,/root/autodl-tmp/research-experiments/industrial-anomaly-detection/data/mvtec_ad/hazelnut/test/good/004.png,36.43534469604492
Q4a02,hazelnut,2,shift_good,brightness_0.9,mild,brightness,good,/root/autodl-tmp/research-experiments/industrial-anomaly-detection/data/mvtec_ad/hazelnut/test/good/005.png,40.76911544799805
Q4a02,hazelnut,2,shift_good,brightness_0.9,mild,brightness,good,/root/autodl-tmp/research-experiments/industrial-anomaly-detection/data/mvtec_ad/hazelnut/test/good/006.png,37.18728256225586
Q4a02,hazelnut,2,shift_good,brightness_0.9,mild,brightness,good,/root/autodl-tmp/research-experiments/industrial-anomaly-detection/data/mvtec_ad/hazelnut/test/good/007.png,37.76905822753906
Q4a02,hazelnut,2,shift_good,brightness_0.9,mild,brightness,good,/root/autodl-tmp/research-experiments/industrial-anomaly-detection/data/mvtec_ad/hazelnut/test/good/008.png,38.37166976928711
Q4a02,hazelnut,2,shift_good,brightness_0.9,mild,brightness,good,/root/autodl-tmp/research-experiments/industrial-anomaly-detection/data/mvtec_ad/hazelnut/test/good/009.png,37.987701416015625
Q4a02,hazelnut,2,shift_good,brightness_0.9,mild,brightness,good,/root/autodl-tmp/research-experiments/industrial-anomaly-detection/data/mvtec_ad/hazelnut/test/good/010.png,38.406524658203125
Q4a02,hazelnut,2,shift_good,brightness_0.9,mild,brightness,good,/root/autodl-tmp/research-experiments/industrial-anomaly-detection/data/mvtec_ad/hazelnut/test/good/011.png,37.68329620361328
Q4a02,hazelnut,2,shift_good,brightness_0.9,mild,brightness,good,/root/autodl-tmp/research-experiments/industrial-anomaly-detection/data/mvtec_ad/hazelnut/test/good/012.png,39.25819396972656
Q4a02,hazelnut,2,shift_good,brightness_0.9,mild,brightness,good,/root/autodl-tmp/research-experiments/industrial-anomaly-detection/data/mvtec_ad/hazelnut/test/good/013.png,41.87864685058594
Q4a02,hazelnut,2,shift_good,brightness_0.9,mild,brightness,good,/root/autodl-tmp/research-experiments/industrial-anomaly-detection/data/mvtec_ad/hazelnut/test/good/014.png,38.5691032409668
Q4a02,hazelnut,2,shift_good,brightness_0.9,mild,brightness,good,/root/autodl-tmp/research-experiments/industrial-anomaly-detection/data/mvtec_ad/hazelnut/test/good/015.png,35.91084671020508
Q4a02,hazelnut,2,shift_good,brightness_0.9,mild,brightness,good,/root/autodl-tmp/research-experiments/industrial-anomaly-detection/data/mvtec_ad/hazelnut/test/good/016.png,35.987083435058594
Q4a02,hazelnut,2,shift_good,brightness_0.9,mild,brightness,good,/root/autodl-tmp/research-experiments/industrial-anomaly-detection/data/mvtec_ad/hazelnut/test/good/017.png,38.45349884033203
Q4a02,hazelnut,2,shift_good,brightness_0.9,mild,brightness,good,/root/autodl-tmp/research-experiments/industrial-anomaly-detection/data/mvtec_ad/hazelnut/test/good/018.png,37.788761138916016
Q4a02,hazelnut,2,shift_good,brightness_0.9,mild,brightness,good,/root/autodl-tmp/research-experiments/industrial-anomaly-detection/data/mvtec_ad/hazelnut/test/good/019.png,38.40829086303711
Q4a02,hazelnut,2,shift_good,brightness_0.9,mild,brightness,good,/root/autodl-tmp/research-experiments/industrial-anomaly-detection/data/mvtec_ad/hazelnut/test/good/020.png,39.0704345703125
Q4a02,hazelnut,2,shift_good,brightness_0.9,mild,brightness,good,/root/autodl-tmp/research-experiments/industrial-anomaly-detection/data/mvtec_ad/hazelnut/test/good/021.png,37.389381408691406
Q4a02,hazelnut,2,shift_good,brightness_0.9,mild,brightness,good,/root/autodl-tmp/research-experiments/industrial-anomaly-detection/data/mvtec_ad/hazelnut/test/good/022.png,38.16415023803711
Q4a02,hazelnut,2,shift_good,brightness_0.9,mild,brightness,good,/root/autodl-tmp/research-experiments/industrial-anomaly-detection/data/mvtec_ad/hazelnut/test/good/023.png,37.313236236572266
Q4a02,hazelnut,2,shift_good,brightness_0.9,mild,brightness,good,/root/autodl-tmp/research-experiments/industrial-anomaly-detection/data/mvtec_ad/hazelnut/test/good/024.png,37.1547737121582
Q4a02,hazelnut,2,shift_good,brightness_0.9,mild,brightness,good,/root/autodl-tmp/research-experiments/industrial-anomaly-detection/data/mvtec_ad/hazelnut/test/good/025.png,35.529693603515625
Q4a02,hazelnut,2,shift_good,brightness_0.9,mild,brightness,good,/root/autodl-tmp/research-experiments/industrial-anomaly-detection/data/mvtec_ad/hazelnut/test/good/026.png,36.590545654296875
Q4a02,hazelnut,2,shift_good,brightness_0.9,mild,brightness,good,/root/autodl-tmp/research-experiments/industrial-anomaly-detection/data/mvtec_ad/hazelnut/test/good/027.png,40.60417175292969
Q4a02,hazelnut,2,shift_good,brightness_0.9,mild,brightness,good,/root/autodl-tmp/research-experiments/industrial-anomaly-detection/data/mvtec_ad/hazelnut/test/good/028.png,35.97354507446289
Q4a02,hazelnut,2,shift_good,brightness_0.9,mild,brightness,good,/root/autodl-tmp/research-experiments/industrial-anomaly-detection/data/mvtec_ad/hazelnut/test/good/029.png,37.28705596923828
Q4a02,hazelnut,2,shift_good,brightness_0.9,mild,brightness,good,/root/autodl-tmp/research-experiments/industrial-anomaly-detection/data/mvtec_ad/hazelnut/test/good/030.png,36.11924743652344
Q4a02,hazelnut,2,shift_good,brightness_0.9,mild,brightness,good,/root/autodl-tmp/research-experiments/industrial-anomaly-detection/data/mvtec_ad/hazelnut/test/good/031.png,38.093467712402344
Q4a02,hazelnut,2,shift_good,brightness_0.9,mild,brightness,good,/root/autodl-tmp/research-experiments/industrial-anomaly-detection/data/mvtec_ad/hazelnut/test/good/032.png,39.286312103271484
Q4a02,hazelnut,2,shift_good,brightness_0.9,mild,brightness,good,/root/autodl-tmp/research-experiments/industrial-anomaly-detection/data/mvtec_ad/hazelnut/test/good/033.png,37.125728607177734
Q4a02,hazelnut,2,shift_good,brightness_0.9,mild,brightness,good,/root/autodl-tmp/research-experiments/industrial-anomaly-detection/data/mvtec_ad/hazelnut/test/good/034.png,37.07704162597656
Q4a02,hazelnut,2,shift_good,brightness_0.9,mild,brightness,good,/root/autodl-tmp/research-experiments/industrial-anomaly-detection/data/mvtec_ad/hazelnut/test/good/035.png,35.30656814575195
Q4a02,hazelnut,2,shift_good,brightness_0.9,mild,brightness,good,/root/autodl-tmp/research-experiments/industrial-anomaly-detection/data/mvtec_ad/hazelnut/test/good/036.png,38.274105072021484
Q4a02,hazelnut,2,shift_good,brightness_0.9,mild,brightness,good,/root/autodl-tmp/research-experiments/industrial-anomaly-detection/data/mvtec_ad/hazelnut/test/good/037.png,39.77562713623047
Q4a02,hazelnut,2,shift_good,brightness_0.9,mild,brightness,good,/root/autodl-tmp/research-experiments/industrial-anomaly-detection/data/mvtec_ad/hazelnut/test/good/038.png,37.25582504272461
Q4a02,hazelnut,2,shift_good,brightness_0.9,mild,brightness,good,/root/autodl-tmp/research-experiments/industrial-anomaly-detection/data/mvtec_ad/hazelnut/test/good/039.png,40.7468147277832
Q4a02,hazelnut,2,shift_good,brightness_1.1,mild,brightness,good,/root/autodl-tmp/research-experiments/industrial-anomaly-detection/data/mvtec_ad/hazelnut/test/good/000.png,38.463653564453125
Q4a02,hazelnut,2,shift_good,brightness_1.1,mild,brightness,good,/root/autodl-tmp/research-experiments/industrial-anomaly-detection/data/mvtec_ad/hazelnut/test/good/001.png,39.715553283691406
Q4a02,hazelnut,2,shift_good,brightness_1.1,mild,brightness,good,/root/autodl-tmp/research-experiments/industrial-anomaly-detection/data/mvtec_ad/hazelnut/test/good/002.png,37.307926177978516
Q4a02,hazelnut,2,shift_good,brightness_1.1,mild,brightness,good,/root/autodl-tmp/research-experiments/industrial-anomaly-detection/data/mvtec_ad/hazelnut/test/good/003.png,35.40995407104492
Q4a02,hazelnut,2,shift_good,brightness_1.1,mild,brightness,good,/root/autodl-tmp/research-experiments/industrial-anomaly-detection/data/mvtec_ad/hazelnut/test/good/004.png,37.5019416809082
Q4a02,hazelnut,2,shift_good,brightness_1.1,mild,brightness,good,/root/autodl-tmp/research-experiments/industrial-anomaly-detection/data/mvtec_ad/hazelnut/test/good/005.png,41.33915710449219
Q4a02,hazelnut,2,shift_good,brightness_1.1,mild,brightness,good,/root/autodl-tmp/research-experiments/industrial-anomaly-detection/data/mvtec_ad/hazelnut/test/good/006.png,36.62754821777344
Q4a02,hazelnut,2,shift_good,brightness_1.1,mild,brightness,good,/root/autodl-tmp/research-experiments/industrial-anomaly-detection/data/mvtec_ad/hazelnut/test/good/007.png,37.849124908447266
Q4a02,hazelnut,2,shift_good,brightness_1.1,mild,brightness,good,/root/autodl-tmp/research-experiments/industrial-anomaly-detection/data/mvtec_ad/hazelnut/test/good/008.png,38.188316345214844
Q4a02,hazelnut,2,shift_good,brightness_1.1,mild,brightness,good,/root/autodl-tmp/research-experiments/industrial-anomaly-detection/data/mvtec_ad/hazelnut/test/good/009.png,37.95493698120117
Q4a02,hazelnut,2,shift_good,brightness_1.1,mild,brightness,good,/root/autodl-tmp/research-experiments/industrial-anomaly-detection/data/mvtec_ad/hazelnut/test/good/010.png,38.40346908569336
Q4a02,hazelnut,2,shift_good,brightness_1.1,mild,brightness,good,/root/autodl-tmp/research-experiments/industrial-anomaly-detection/data/mvtec_ad/hazelnut/test/good/011.png,37.64718246459961
Q4a02,hazelnut,2,shift_good,brightness_1.1,mild,brightness,good,/root/autodl-tmp/research-experiments/industrial-anomaly-detection/data/mvtec_ad/hazelnut/test/good/012.png,39.22608947753906
Q4a02,hazelnut,2,shift_good,brightness_1.1,mild,brightness,good,/root/autodl-tmp/research-experiments/industrial-anomaly-detection/data/mvtec_ad/hazelnut/test/good/013.png,42.0382194519043
Q4a02,hazelnut,2,shift_good,brightness_1.1,mild,brightness,good,/root/autodl-tmp/research-experiments/industrial-anomaly-detection/data/mvtec_ad/hazelnut/test/good/014.png,38.78294372558594
Q4a02,hazelnut,2,shift_good,brightness_1.1,mild,brightness,good,/root/autodl-tmp/research-experiments/industrial-anomaly-detection/data/mvtec_ad/hazelnut/test/good/015.png,35.78371047973633
Q4a02,hazelnut,2,shift_good,brightness_1.1,mild,brightness,good,/root/autodl-tmp/research-experiments/industrial-anomaly-detection/data/mvtec_ad/hazelnut/test/good/016.png,36.21683120727539
Q4a02,hazelnut,2,shift_good,brightness_1.1,mild,brightness,good,/root/autodl-tmp/research-experiments/industrial-anomaly-detection/data/mvtec_ad/hazelnut/test/good/017.png,38.6561393737793
Q4a02,hazelnut,2,shift_good,brightness_1.1,mild,brightness,good,/root/autodl-tmp/research-experiments/industrial-anomaly-detection/data/mvtec_ad/hazelnut/test/good/018.png,37.55225372314453
Q4a02,hazelnut,2,shift_good,brightness_1.1,mild,brightness,good,/root/autodl-tmp/research-experiments/industrial-anomaly-detection/data/mvtec_ad/hazelnut/test/good/019.png,38.19756317138672
Q4a02,hazelnut,2,shift_good,brightness_1.1,mild,brightness,good,/root/autodl-tmp/research-experiments/industrial-anomaly-detection/data/mvtec_ad/hazelnut/test/good/020.png,39.12892532348633
Q4a02,hazelnut,2,shift_good,brightness_1.1,mild,brightness,good,/root/autodl-tmp/research-experiments/industrial-anomaly-detection/data/mvtec_ad/hazelnut/test/good/021.png,37.30550003051758
Q4a02,hazelnut,2,shift_good,brightness_1.1,mild,brightness,good,/root/autodl-tmp/research-experiments/industrial-anomaly-detection/data/mvtec_ad/hazelnut/test/good/022.png,38.86983871459961
Q4a02,hazelnut,2,shift_good,brightness_1.1,mild,brightness,good,/root/autodl-tmp/research-experiments/industrial-anomaly-detection/data/mvtec_ad/hazelnut/test/good/023.png,37.66061019897461
Q4a02,hazelnut,2,shift_good,brightness_1.1,mild,brightness,good,/root/autodl-tmp/research-experiments/industrial-anomaly-detection/data/mvtec_ad/hazelnut/test/good/024.png,37.309627532958984
Q4a02,hazelnut,2,shift_good,brightness_1.1,mild,brightness,good,/root/autodl-tmp/research-experiments/industrial-anomaly-detection/data/mvtec_ad/hazelnut/test/good/025.png,36.01869583129883
Q4a02,hazelnut,2,shift_good,brightness_1.1,mild,brightness,good,/root/autodl-tmp/research-experiments/industrial-anomaly-detection/data/mvtec_ad/hazelnut/test/good/026.png,36.52439498901367
Q4a02,hazelnut,2,shift_good,brightness_1.1,mild,brightness,good,/root/autodl-tmp/research-experiments/industrial-anomaly-detection/data/mvtec_ad/hazelnut/test/good/027.png,40.54271697998047
Q4a02,hazelnut,2,shift_good,brightness_1.1,mild,brightness,good,/root/autodl-tmp/research-experiments/industrial-anomaly-detection/data/mvtec_ad/hazelnut/test/good/028.png,36.19975280761719
Q4a02,hazelnut,2,shift_good,brightness_1.1,mild,brightness,good,/root/autodl-tmp/research-experiments/industrial-anomaly-detection/data/mvtec_ad/hazelnut/test/good/029.png,38.17939376831055
Q4a02,hazelnut,2,shift_good,brightness_1.1,mild,brightness,good,/root/autodl-tmp/research-experiments/industrial-anomaly-detection/data/mvtec_ad/hazelnut/test/good/030.png,35.971397399902344
Q4a02,hazelnut,2,shift_good,brightness_1.1,mild,brightness,good,/root/autodl-tmp/research-experiments/industrial-anomaly-detection/data/mvtec_ad/hazelnut/test/good/031.png,38.17593765258789
Q4a02,hazelnut,2,shift_good,brightness_1.1,mild,brightness,good,/root/autodl-tmp/research-experiments/industrial-anomaly-detection/data/mvtec_ad/hazelnut/test/good/032.png,39.64337921142578
Q4a02,hazelnut,2,shift_good,brightness_1.1,mild,brightness,good,/root/autodl-tmp/research-experiments/industrial-anomaly-detection/data/mvtec_ad/hazelnut/test/good/033.png,36.551334381103516
Q4a02,hazelnut,2,shift_good,brightness_1.1,mild,brightness,good,/root/autodl-tmp/research-experiments/industrial-anomaly-detection/data/mvtec_ad/hazelnut/test/good/034.png,37.324527740478516
Q4a02,hazelnut,2,shift_good,brightness_1.1,mild,brightness,good,/root/autodl-tmp/research-experiments/industrial-anomaly-detection/data/mvtec_ad/hazelnut/test/good/035.png,35.35165786743164
Q4a02,hazelnut,2,shift_good,brightness_1.1,mild,brightness,good,/root/autodl-tmp/research-experiments/industrial-anomaly-detection/data/mvtec_ad/hazelnut/test/good/036.png,38.69688415527344
Q4a02,hazelnut,2,shift_good,brightness_1.1,mild,brightness,good,/root/autodl-tmp/research-experiments/industrial-anomaly-detection/data/mvtec_ad/hazelnut/test/good/037.png,39.4983024597168
Q4a02,hazelnut,2,shift_good,brightness_1.1,mild,brightness,good,/root/autodl-tmp/research-experiments/industrial-anomaly-detection/data/mvtec_ad/hazelnut/test/good/038.png,37.07218933105469
Q4a02,hazelnut,2,shift_good,brightness_1.1,mild,brightness,good,/root/autodl-tmp/research-experiments/industrial-anomaly-detection/data/mvtec_ad/hazelnut/test/good/039.png,40.943817138671875
Q4a02,hazelnut,2,shift_good,brightness_0.7,medium,brightness,good,/root/autodl-tmp/research-experiments/industrial-anomaly-detection/data/mvtec_ad/hazelnut/test/good/000.png,39.033260345458984
Q4a02,hazelnut,2,shift_good,brightness_0.7,medium,brightness,good,/root/autodl-tmp/research-experiments/industrial-anomaly-detection/data/mvtec_ad/hazelnut/test/good/001.png,39.66322326660156
Q4a02,hazelnut,2,shift_good,brightness_0.7,medium,brightness,good,/root/autodl-tmp/research-experiments/industrial-anomaly-detection/data/mvtec_ad/hazelnut/test/good/002.png,36.83385467529297
Q4a02,hazelnut,2,shift_good,brightness_0.7,medium,brightness,good,/root/autodl-tmp/research-experiments/industrial-anomaly-detection/data/mvtec_ad/hazelnut/test/good/003.png,35.85097885131836
Q4a02,hazelnut,2,shift_good,brightness_0.7,medium,brightness,good,/root/autodl-tmp/research-experiments/industrial-anomaly-detection/data/mvtec_ad/hazelnut/test/good/004.png,36.02919006347656
Q4a02,hazelnut,2,shift_good,brightness_0.7,medium,brightness,good,/root/autodl-tmp/research-experiments/industrial-anomaly-detection/data/mvtec_ad/hazelnut/test/good/005.png,40.18656539916992
Q4a02,hazelnut,2,shift_good,brightness_0.7,medium,brightness,good,/root/autodl-tmp/research-experiments/industrial-anomaly-detection/data/mvtec_ad/hazelnut/test/good/006.png,37.35643768310547
Q4a02,hazelnut,2,shift_good,brightness_0.7,medium,brightness,good,/root/autodl-tmp/research-experiments/industrial-anomaly-detection/data/mvtec_ad/hazelnut/test/good/007.png,38.1018180847168
Q4a02,hazelnut,2,shift_good,brightness_0.7,medium,brightness,good,/root/autodl-tmp/research-experiments/industrial-anomaly-detection/data/mvtec_ad/hazelnut/test/good/008.png,38.648643493652344
Q4a02,hazelnut,2,shift_good,brightness_0.7,medium,brightness,good,/root/autodl-tmp/research-experiments/industrial-anomaly-detection/data/mvtec_ad/hazelnut/test/good/009.png,38.23720169067383
Q4a02,hazelnut,2,shift_good,brightness_0.7,medium,brightness,good,/root/autodl-tmp/research-experiments/industrial-anomaly-detection/data/mvtec_ad/hazelnut/test/good/010.png,38.7501335144043
Q4a02,hazelnut,2,shift_good,brightness_0.7,medium,brightness,good,/root/autodl-tmp/research-experiments/industrial-anomaly-detection/data/mvtec_ad/hazelnut/test/good/011.png,37.88816452026367
Q4a02,hazelnut,2,shift_good,brightness_0.7,medium,brightness,good,/root/autodl-tmp/research-experiments/industrial-anomaly-detection/data/mvtec_ad/hazelnut/test/good/012.png,39.75545883178711
Q4a02,hazelnut,2,shift_good,brightness_0.7,medium,brightness,good,/root/autodl-tmp/research-experiments/industrial-anomaly-detection/data/mvtec_ad/hazelnut/test/good/013.png,42.3919677734375
Q4a02,hazelnut,2,shift_good,brightness_0.7,medium,brightness,good,/root/autodl-tmp/research-experiments/industrial-anomaly-detection/data/mvtec_ad/hazelnut/test/good/014.png,38.250431060791016
Q4a02,hazelnut,2,shift_good,brightness_0.7,medium,brightness,good,/root/autodl-tmp/research-experiments/industrial-anomaly-detection/data/mvtec_ad/hazelnut/test/good/015.png,35.775970458984375
Q4a02,hazelnut,2,shift_good,brightness_0.7,medium,brightness,good,/root/autodl-tmp/research-experiments/industrial-anomaly-detection/data/mvtec_ad/hazelnut/test/good/016.png,36.5587158203125
Q4a02,hazelnut,2,shift_good,brightness_0.7,medium,brightness,good,/root/autodl-tmp/research-experiments/industrial-anomaly-detection/data/mvtec_ad/hazelnut/test/good/017.png,38.620582580566406
Q4a02,hazelnut,2,shift_good,brightness_0.7,medium,brightness,good,/root/autodl-tmp/research-experiments/industrial-anomaly-detection/data/mvtec_ad/hazelnut/test/good/018.png,38.00250244140625
Q4a02,hazelnut,2,shift_good,brightness_0.7,medium,brightness,good,/root/autodl-tmp/research-experiments/industrial-anomaly-detection/data/mvtec_ad/hazelnut/test/good/019.png,38.358734130859375
Q4a02,hazelnut,2,shift_good,brightness_0.7,medium,brightness,good,/root/autodl-tmp/research-experiments/industrial-anomaly-detection/data/mvtec_ad/hazelnut/test/good/020.png,38.80513000488281
Q4a02,hazelnut,2,shift_good,brightness_0.7,medium,brightness,good,/root/autodl-tmp/research-experiments/industrial-anomaly-detection/data/mvtec_ad/hazelnut/test/good/021.png,37.467105865478516
Q4a02,hazelnut,2,shift_good,brightness_0.7,medium,brightness,good,/root/autodl-tmp/research-experiments/industrial-anomaly-detection/data/mvtec_ad/hazelnut/test/good/022.png,38.34426498413086
Q4a02,hazelnut,2,shift_good,brightness_0.7,medium,brightness,good,/root/autodl-tmp/research-experiments/industrial-anomaly-detection/data/mvtec_ad/hazelnut/test/good/023.png,37.734378814697266
Q4a02,hazelnut,2,shift_good,brightness_0.7,medium,brightness,good,/root/autodl-tmp/research-experiments/industrial-anomaly-detection/data/mvtec_ad/hazelnut/test/good/024.png,37.66767501831055
Q4a02,hazelnut,2,shift_good,brightness_0.7,medium,brightness,good,/root/autodl-tmp/research-experiments/industrial-anomaly-detection/data/mvtec_ad/hazelnut/test/good/025.png,35.01634216308594
Q4a02,hazelnut,2,shift_good,brightness_0.7,medium,brightness,good,/root/autodl-tmp/research-experiments/industrial-anomaly-detection/data/mvtec_ad/hazelnut/test/good/026.png,36.70338439941406
Q4a02,hazelnut,2,shift_good,brightness_0.7,medium,brightness,good,/root/autodl-tmp/research-experiments/industrial-anomaly-detection/data/mvtec_ad/hazelnut/test/good/027.png,40.96113204956055
Q4a02,hazelnut,2,shift_good,brightness_0.7,medium,brightness,good,/root/autodl-tmp/research-experiments/industrial-anomaly-detection/data/mvtec_ad/hazelnut/test/good/028.png,36.07945251464844
Q4a02,hazelnut,2,shift_good,brightness_0.7,medium,brightness,good,/root/autodl-tmp/research-experiments/industrial-anomaly-detection/data/mvtec_ad/hazelnut/test/good/029.png,37.42976760864258
Q4a02,hazelnut,2,shift_good,brightness_0.7,medium,brightness,good,/root/autodl-tmp/research-experiments/industrial-anomaly-detection/data/mvtec_ad/hazelnut/test/good/030.png,36.16627502441406
Q4a02,hazelnut,2,shift_good,brightness_0.7,medium,brightness,good,/root/autodl-tmp/research-experiments/industrial-anomaly-detection/data/mvtec_ad/hazelnut/test/good/031.png,38.026390075683594
Q4a02,hazelnut,2,shift_good,brightness_0.7,medium,brightness,good,/root/autodl-tmp/research-experiments/industrial-anomaly-detection/data/mvtec_ad/hazelnut/test/good/032.png,39.67198944091797
Q4a02,hazelnut,2,shift_good,brightness_0.7,medium,brightness,good,/root/autodl-tmp/research-experiments/industrial-anomaly-detection/data/mvtec_ad/hazelnut/test/good/033.png,37.2608528137207
Q4a02,hazelnut,2,shift_good,brightness_0.7,medium,brightness,good,/root/autodl-tmp/research-experiments/industrial-anomaly-detection/data/mvtec_ad/hazelnut/test/good/034.png,37.69929504394531
Q4a02,hazelnut,2,shift_good,brightness_0.7,medium,brightness,good,/root/autodl-tmp/research-experiments/industrial-anomaly-detection/data/mvtec_ad/hazelnut/test/good/035.png,35.484397888183594
Q4a02,hazelnut,2,shift_good,brightness_0.7,medium,brightness,good,/root/autodl-tmp/research-experiments/industrial-anomaly-detection/data/mvtec_ad/hazelnut/test/good/036.png,38.31700897216797
Q4a02,hazelnut,2,shift_good,brightness_0.7,medium,brightness,good,/root/autodl-tmp/research-experiments/industrial-anomaly-detection/data/mvtec_ad/hazelnut/test/good/037.png,40.250450134277344
Q4a02,hazelnut,2,shift_good,brightness_0.7,medium,brightness,good,/root/autodl-tmp/research-experiments/industrial-anomaly-detection/data/mvtec_ad/hazelnut/test/good/038.png,37.47621154785156
Q4a02,hazelnut,2,shift_good,brightness_0.7,medium,brightness,good,/root/autodl-tmp/research-experiments/industrial-anomaly-detection/data/mvtec_ad/hazelnut/test/good/039.png,40.958980560302734
Q4a02,hazelnut,2,shift_good,brightness_1.3,medium,brightness,good,/root/autodl-tmp/research-experiments/industrial-anomaly-detection/data/mvtec_ad/hazelnut/test/good/000.png,38.60499572753906
Q4a02,hazelnut,2,shift_good,brightness_1.3,medium,brightness,good,/root/autodl-tmp/research-experiments/industrial-anomaly-detection/data/mvtec_ad/hazelnut/test/good/001.png,39.91582107543945
Q4a02,hazelnut,2,shift_good,brightness_1.3,medium,brightness,good,/root/autodl-tmp/research-experiments/industrial-anomaly-detection/data/mvtec_ad/hazelnut/test/good/002.png,37.93693923950195
Q4a02,hazelnut,2,shift_good,brightness_1.3,medium,brightness,good,/root/autodl-tmp/research-experiments/industrial-anomaly-detection/data/mvtec_ad/hazelnut/test/good/003.png,35.63937759399414
Q4a02,hazelnut,2,shift_good,brightness_1.3,medium,brightness,good,/root/autodl-tmp/research-experiments/industrial-anomaly-detection/data/mvtec_ad/hazelnut/test/good/004.png,38.47734451293945
Q4a02,hazelnut,2,shift_good,brightness_1.3,medium,brightness,good,/root/autodl-tmp/research-experiments/industrial-anomaly-detection/data/mvtec_ad/hazelnut/test/good/005.png,42.00155258178711
Q4a02,hazelnut,2,shift_good,brightness_1.3,medium,brightness,good,/root/autodl-tmp/research-experiments/industrial-anomaly-detection/data/mvtec_ad/hazelnut/test/good/006.png,36.36931228637695
Q4a02,hazelnut,2,shift_good,brightness_1.3,medium,brightness,good,/root/autodl-tmp/research-experiments/industrial-anomaly-detection/data/mvtec_ad/hazelnut/test/good/007.png,38.602996826171875
Q4a02,hazelnut,2,shift_good,brightness_1.3,medium,brightness,good,/root/autodl-tmp/research-experiments/industrial-anomaly-detection/data/mvtec_ad/hazelnut/test/good/008.png,38.06383514404297
Q4a02,hazelnut,2,shift_good,brightness_1.3,medium,brightness,good,/root/autodl-tmp/research-experiments/industrial-anomaly-detection/data/mvtec_ad/hazelnut/test/good/009.png,38.08173370361328
Q4a02,hazelnut,2,shift_good,brightness_1.3,medium,brightness,good,/root/autodl-tmp/research-experiments/industrial-anomaly-detection/data/mvtec_ad/hazelnut/test/good/010.png,38.175132751464844
Q4a02,hazelnut,2,shift_good,brightness_1.3,medium,brightness,good,/root/autodl-tmp/research-experiments/industrial-anomaly-detection/data/mvtec_ad/hazelnut/test/good/011.png,38.39958572387695
Q4a02,hazelnut,2,shift_good,brightness_1.3,medium,brightness,good,/root/autodl-tmp/research-experiments/industrial-anomaly-detection/data/mvtec_ad/hazelnut/test/good/012.png,39.27088165283203
Q4a02,hazelnut,2,shift_good,brightness_1.3,medium,brightness,good,/root/autodl-tmp/research-experiments/industrial-anomaly-detection/data/mvtec_ad/hazelnut/test/good/013.png,42.42710876464844
Q4a02,hazelnut,2,shift_good,brightness_1.3,medium,brightness,good,/root/autodl-tmp/research-experiments/industrial-anomaly-detection/data/mvtec_ad/hazelnut/test/good/014.png,39.1483154296875
Q4a02,hazelnut,2,shift_good,brightness_1.3,medium,brightness,good,/root/autodl-tmp/research-experiments/industrial-anomaly-detection/data/mvtec_ad/hazelnut/test/good/015.png,36.22441482543945
Q4a02,hazelnut,2,shift_good,brightness_1.3,medium,brightness,good,/root/autodl-tmp/research-experiments/industrial-anomaly-detection/data/mvtec_ad/hazelnut/test/good/016.png,36.68935775756836
Q4a02,hazelnut,2,shift_good,brightness_1.3,medium,brightness,good,/root/autodl-tmp/research-experiments/industrial-anomaly-detection/data/mvtec_ad/hazelnut/test/good/017.png,38.8750114440918
Q4a02,hazelnut,2,shift_good,brightness_1.3,medium,brightness,good,/root/autodl-tmp/research-experiments/industrial-anomaly-detection/data/mvtec_ad/hazelnut/test/good/018.png,38.53311538696289
Q4a02,hazelnut,2,shift_good,brightness_1.3,medium,brightness,good,/root/autodl-tmp/research-experiments/industrial-anomaly-detection/data/mvtec_ad/hazelnut/test/good/019.png,38.43012619018555
Q4a02,hazelnut,2,shift_good,brightness_1.3,medium,brightness,good,/root/autodl-tmp/research-experiments/industrial-anomaly-detection/data/mvtec_ad/hazelnut/test/good/020.png,39.24733352661133
Q4a02,hazelnut,2,shift_good,brightness_1.3,medium,brightness,good,/root/autodl-tmp/research-experiments/industrial-anomaly-detection/data/mvtec_ad/hazelnut/test/good/021.png,37.460514068603516
Q4a02,hazelnut,2,shift_good,brightness_1.3,medium,brightness,good,/root/autodl-tmp/research-experiments/industrial-anomaly-detection/data/mvtec_ad/hazelnut/test/good/022.png,39.132659912109375
Q4a02,hazelnut,2,shift_good,brightness_1.3,medium,brightness,good,/root/autodl-tmp/research-experiments/industrial-anomaly-detection/data/mvtec_ad/hazelnut/test/good/023.png,38.48048782348633
Q4a02,hazelnut,2,shift_good,brightness_1.3,medium,brightness,good,/root/autodl-tmp/research-experiments/industrial-anomaly-detection/data/mvtec_ad/hazelnut/test/good/024.png,37.62665939331055
Q4a02,hazelnut,2,shift_good,brightness_1.3,medium,brightness,good,/root/autodl-tmp/research-experiments/industrial-anomaly-detection/data/mvtec_ad/hazelnut/test/good/025.png,36.71080780029297
Q4a02,hazelnut,2,shift_good,brightness_1.3,medium,brightness,good,/root/autodl-tmp/research-experiments/industrial-anomaly-detection/data/mvtec_ad/hazelnut/test/good/026.png,36.81329345703125
Q4a02,hazelnut,2,shift_good,brightness_1.3,medium,brightness,good,/root/autodl-tmp/research-experiments/industrial-anomaly-detection/data/mvtec_ad/hazelnut/test/good/027.png,40.55732345581055
Q4a02,hazelnut,2,shift_good,brightness_1.3,medium,brightness,good,/root/autodl-tmp/research-experiments/industrial-anomaly-detection/data/mvtec_ad/hazelnut/test/good/028.png,40.01425552368164
Q4a02,hazelnut,2,shift_good,brightness_1.3,medium,brightness,good,/root/autodl-tmp/research-experiments/industrial-anomaly-detection/data/mvtec_ad/hazelnut/test/good/029.png,39.067935943603516
Q4a02,hazelnut,2,shift_good,brightness_1.3,medium,brightness,good,/root/autodl-tmp/research-experiments/industrial-anomaly-detection/data/mvtec_ad/hazelnut/test/good/030.png,36.442344665527344
Q4a02,hazelnut,2,shift_good,brightness_1.3,medium,brightness,good,/root/autodl-tmp/research-experiments/industrial-anomaly-detection/data/mvtec_ad/hazelnut/test/good/031.png,38.316368103027344
Q4a02,hazelnut,2,shift_good,brightness_1.3,medium,brightness,good,/root/autodl-tmp/research-experiments/industrial-anomaly-detection/data/mvtec_ad/hazelnut/test/good/032.png,41.64952087402344
Q4a02,hazelnut,2,shift_good,brightness_1.3,medium,brightness,good,/root/autodl-tmp/research-experiments/industrial-anomaly-detection/data/mvtec_ad/hazelnut/test/good/033.png,36.72679138183594
Q4a02,hazelnut,2,shift_good,brightness_1.3,medium,brightness,good,/root/autodl-tmp/research-experiments/industrial-anomaly-detection/data/mvtec_ad/hazelnut/test/good/034.png,37.72312927246094
Q4a02,hazelnut,2,shift_good,brightness_1.3,medium,brightness,good,/root/autodl-tmp/research-experiments/industrial-anomaly-detection/data/mvtec_ad/hazelnut/test/good/035.png,35.59217834472656
Q4a02,hazelnut,2,shift_good,brightness_1.3,medium,brightness,good,/root/autodl-tmp/research-experiments/industrial-anomaly-detection/data/mvtec_ad/hazelnut/test/good/036.png,39.53382110595703
Q4a02,hazelnut,2,shift_good,brightness_1.3,medium,brightness,good,/root/autodl-tmp/research-experiments/industrial-anomaly-detection/data/mvtec_ad/hazelnut/test/good/037.png,40.01350402832031
Q4a02,hazelnut,2,shift_good,brightness_1.3,medium,brightness,good,/root/autodl-tmp/research-experiments/industrial-anomaly-detection/data/mvtec_ad/hazelnut/test/good/038.png,37.52983856201172
Q4a02,hazelnut,2,shift_good,brightness_1.3,medium,brightness,good,/root/autodl-tmp/research-experiments/industrial-anomaly-detection/data/mvtec_ad/hazelnut/test/good/039.png,41.06489181518555
Q4a02,hazelnut,2,shift_good,brightness_0.5,strong,brightness,good,/root/autodl-tmp/research-experiments/industrial-anomaly-detection/data/mvtec_ad/hazelnut/test/good/000.png,39.48833084106445
Q4a02,hazelnut,2,shift_good,brightness_0.5,strong,brightness,good,/root/autodl-tmp/research-experiments/industrial-anomaly-detection/data/mvtec_ad/hazelnut/test/good/001.png,40.318302154541016
Q4a02,hazelnut,2,shift_good,brightness_0.5,strong,brightness,good,/root/autodl-tmp/research-experiments/industrial-anomaly-detection/data/mvtec_ad/hazelnut/test/good/002.png,37.407196044921875
Q4a02,hazelnut,2,shift_good,brightness_0.5,strong,brightness,good,/root/autodl-tmp/research-experiments/industrial-anomaly-detection/data/mvtec_ad/hazelnut/test/good/003.png,36.970458984375
Q4a02,hazelnut,2,shift_good,brightness_0.5,strong,brightness,good,/root/autodl-tmp/research-experiments/industrial-anomaly-detection/data/mvtec_ad/hazelnut/test/good/004.png,37.04984664916992
Q4a02,hazelnut,2,shift_good,brightness_0.5,strong,brightness,good,/root/autodl-tmp/research-experiments/industrial-anomaly-detection/data/mvtec_ad/hazelnut/test/good/005.png,40.04838562011719
Q4a02,hazelnut,2,shift_good,brightness_0.5,strong,brightness,good,/root/autodl-tmp/research-experiments/industrial-anomaly-detection/data/mvtec_ad/hazelnut/test/good/006.png,37.565799713134766
Q4a02,hazelnut,2,shift_good,brightness_0.5,strong,brightness,good,/root/autodl-tmp/research-experiments/industrial-anomaly-detection/data/mvtec_ad/hazelnut/test/good/007.png,38.78125
Q4a02,hazelnut,2,shift_good,brightness_0.5,strong,brightness,good,/root/autodl-tmp/research-experiments/industrial-anomaly-detection/data/mvtec_ad/hazelnut/test/good/008.png,39.03357696533203
Q4a02,hazelnut,2,shift_good,brightness_0.5,strong,brightness,good,/root/autodl-tmp/research-experiments/industrial-anomaly-detection/data/mvtec_ad/hazelnut/test/good/009.png,38.863887786865234
Q4a02,hazelnut,2,shift_good,brightness_0.5,strong,brightness,good,/root/autodl-tmp/research-experiments/industrial-anomaly-detection/data/mvtec_ad/hazelnut/test/good/010.png,39.20802307128906
Q4a02,hazelnut,2,shift_good,brightness_0.5,strong,brightness,good,/root/autodl-tmp/research-experiments/industrial-anomaly-detection/data/mvtec_ad/hazelnut/test/good/011.png,37.540626525878906
Q4a02,hazelnut,2,shift_good,brightness_0.5,strong,brightness,good,/root/autodl-tmp/research-experiments/industrial-anomaly-detection/data/mvtec_ad/hazelnut/test/good/012.png,40.012149810791016
Q4a02,hazelnut,2,shift_good,brightness_0.5,strong,brightness,good,/root/autodl-tmp/research-experiments/industrial-anomaly-detection/data/mvtec_ad/hazelnut/test/good/013.png,43.38473129272461
Q4a02,hazelnut,2,shift_good,brightness_0.5,strong,brightness,good,/root/autodl-tmp/research-experiments/industrial-anomaly-detection/data/mvtec_ad/hazelnut/test/good/014.png,37.930625915527344
Q4a02,hazelnut,2,shift_good,brightness_0.5,strong,brightness,good,/root/autodl-tmp/research-experiments/industrial-anomaly-detection/data/mvtec_ad/hazelnut/test/good/015.png,35.82992172241211
Q4a02,hazelnut,2,shift_good,brightness_0.5,strong,brightness,good,/root/autodl-tmp/research-experiments/industrial-anomaly-detection/data/mvtec_ad/hazelnut/test/good/016.png,37.244327545166016
Q4a02,hazelnut,2,shift_good,brightness_0.5,strong,brightness,good,/root/autodl-tmp/research-experiments/industrial-anomaly-detection/data/mvtec_ad/hazelnut/test/good/017.png,39.41522216796875
Q4a02,hazelnut,2,shift_good,brightness_0.5,strong,brightness,good,/root/autodl-tmp/research-experiments/industrial-anomaly-detection/data/mvtec_ad/hazelnut/test/good/018.png,38.34621810913086
Q4a02,hazelnut,2,shift_good,brightness_0.5,strong,brightness,good,/root/autodl-tmp/research-experiments/industrial-anomaly-detection/data/mvtec_ad/hazelnut/test/good/019.png,38.4796142578125
Q4a02,hazelnut,2,shift_good,brightness_0.5,strong,brightness,good,/root/autodl-tmp/research-experiments/industrial-anomaly-detection/data/mvtec_ad/hazelnut/test/good/020.png,38.33829116821289
Q4a02,hazelnut,2,shift_good,brightness_0.5,strong,brightness,good,/root/autodl-tmp/research-experiments/industrial-anomaly-detection/data/mvtec_ad/hazelnut/test/good/021.png,37.40180206298828
Q4a02,hazelnut,2,shift_good,brightness_0.5,strong,brightness,good,/root/autodl-tmp/research-experiments/industrial-anomaly-detection/data/mvtec_ad/hazelnut/test/good/022.png,38.89401626586914
Q4a02,hazelnut,2,shift_good,brightness_0.5,strong,brightness,good,/root/autodl-tmp/research-experiments/industrial-anomaly-detection/data/mvtec_ad/hazelnut/test/good/023.png,37.85874557495117
Q4a02,hazelnut,2,shift_good,brightness_0.5,strong,brightness,good,/root/autodl-tmp/research-experiments/industrial-anomaly-detection/data/mvtec_ad/hazelnut/test/good/024.png,38.60353088378906
Q4a02,hazelnut,2,shift_good,brightness_0.5,strong,brightness,good,/root/autodl-tmp/research-experiments/industrial-anomaly-detection/data/mvtec_ad/hazelnut/test/good/025.png,35.83057403564453
Q4a02,hazelnut,2,shift_good,brightness_0.5,strong,brightness,good,/root/autodl-tmp/research-experiments/industrial-anomaly-detection/data/mvtec_ad/hazelnut/test/good/026.png,36.89856719970703
Q4a02,hazelnut,2,shift_good,brightness_0.5,strong,brightness,good,/root/autodl-tmp/research-experiments/industrial-anomaly-detection/data/mvtec_ad/hazelnut/test/good/027.png,41.497169494628906
Q4a02,hazelnut,2,shift_good,brightness_0.5,strong,brightness,good,/root/autodl-tmp/research-experiments/industrial-anomaly-detection/data/mvtec_ad/hazelnut/test/good/028.png,37.35350036621094
Q4a02,hazelnut,2,shift_good,brightness_0.5,strong,brightness,good,/root/autodl-tmp/research-experiments/industrial-anomaly-detection/data/mvtec_ad/hazelnut/test/good/029.png,37.327850341796875
Q4a02,hazelnut,2,shift_good,brightness_0.5,strong,brightness,good,/root/autodl-tmp/research-experiments/industrial-anomaly-detection/data/mvtec_ad/hazelnut/test/good/030.png,37.049407958984375
Q4a02,hazelnut,2,shift_good,brightness_0.5,strong,brightness,good,/root/autodl-tmp/research-experiments/industrial-anomaly-detection/data/mvtec_ad/hazelnut/test/good/031.png,38.292633056640625
Q4a02,hazelnut,2,shift_good,brightness_0.5,strong,brightness,good,/root/autodl-tmp/research-experiments/industrial-anomaly-detection/data/mvtec_ad/hazelnut/test/good/032.png,40.28239059448242
Q4a02,hazelnut,2,shift_good,brightness_0.5,strong,brightness,good,/root/autodl-tmp/research-experiments/industrial-anomaly-detection/data/mvtec_ad/hazelnut/test/good/033.png,37.7639274597168
Q4a02,hazelnut,2,shift_good,brightness_0.5,strong,brightness,good,/root/autodl-tmp/research-experiments/industrial-anomaly-detection/data/mvtec_ad/hazelnut/test/good/034.png,37.73733139038086
Q4a02,hazelnut,2,shift_good,brightness_0.5,strong,brightness,good,/root/autodl-tmp/research-experiments/industrial-anomaly-detection/data/mvtec_ad/hazelnut/test/good/035.png,36.151241302490234
Q4a02,hazelnut,2,shift_good,brightness_0.5,strong,brightness,good,/root/autodl-tmp/research-experiments/industrial-anomaly-detection/data/mvtec_ad/hazelnut/test/good/036.png,38.79035568237305
Q4a02,hazelnut,2,shift_good,brightness_0.5,strong,brightness,good,/root/autodl-tmp/research-experiments/industrial-anomaly-detection/data/mvtec_ad/hazelnut/test/good/037.png,40.83152389526367
Q4a02,hazelnut,2,shift_good,brightness_0.5,strong,brightness,good,/root/autodl-tmp/research-experiments/industrial-anomaly-detection/data/mvtec_ad/hazelnut/test/good/038.png,38.351680755615234
Q4a02,hazelnut,2,shift_good,brightness_0.5,strong,brightness,good,/root/autodl-tmp/research-experiments/industrial-anomaly-detection/data/mvtec_ad/hazelnut/test/good/039.png,40.941673278808594
Q4a02,hazelnut,2,shift_good,brightness_1.5,strong,brightness,good,/root/autodl-tmp/research-experiments/industrial-anomaly-detection/data/mvtec_ad/hazelnut/test/good/000.png,38.76251220703125
Q4a02,hazelnut,2,shift_good,brightness_1.5,strong,brightness,good,/root/autodl-tmp/research-experiments/industrial-anomaly-detection/data/mvtec_ad/hazelnut/test/good/001.png,40.4931640625
Q4a02,hazelnut,2,shift_good,brightness_1.5,strong,brightness,good,/root/autodl-tmp/research-experiments/industrial-anomaly-detection/data/mvtec_ad/hazelnut/test/good/002.png,38.68866729736328
Q4a02,hazelnut,2,shift_good,brightness_1.5,strong,brightness,good,/root/autodl-tmp/research-experiments/industrial-anomaly-detection/data/mvtec_ad/hazelnut/test/good/003.png,36.33017349243164
Q4a02,hazelnut,2,shift_good,brightness_1.5,strong,brightness,good,/root/autodl-tmp/research-experiments/industrial-anomaly-detection/data/mvtec_ad/hazelnut/test/good/004.png,39.61702346801758
Q4a02,hazelnut,2,shift_good,brightness_1.5,strong,brightness,good,/root/autodl-tmp/research-experiments/industrial-anomaly-detection/data/mvtec_ad/hazelnut/test/good/005.png,42.914913177490234
Q4a02,hazelnut,2,shift_good,brightness_1.5,strong,brightness,good,/root/autodl-tmp/research-experiments/industrial-anomaly-detection/data/mvtec_ad/hazelnut/test/good/006.png,36.692317962646484
Q4a02,hazelnut,2,shift_good,brightness_1.5,strong,brightness,good,/root/autodl-tmp/research-experiments/industrial-anomaly-detection/data/mvtec_ad/hazelnut/test/good/007.png,40.49464797973633
Q4a02,hazelnut,2,shift_good,brightness_1.5,strong,brightness,good,/root/autodl-tmp/research-experiments/industrial-anomaly-detection/data/mvtec_ad/hazelnut/test/good/008.png,38.54499053955078
Q4a02,hazelnut,2,shift_good,brightness_1.5,strong,brightness,good,/root/autodl-tmp/research-experiments/industrial-anomaly-detection/data/mvtec_ad/hazelnut/test/good/009.png,38.413326263427734
Q4a02,hazelnut,2,shift_good,brightness_1.5,strong,brightness,good,/root/autodl-tmp/research-experiments/industrial-anomaly-detection/data/mvtec_ad/hazelnut/test/good/010.png,37.35762023925781
Q4a02,hazelnut,2,shift_good,brightness_1.5,strong,brightness,good,/root/autodl-tmp/research-experiments/industrial-anomaly-detection/data/mvtec_ad/hazelnut/test/good/011.png,39.25265884399414
Q4a02,hazelnut,2,shift_good,brightness_1.5,strong,brightness,good,/root/autodl-tmp/research-experiments/industrial-anomaly-detection/data/mvtec_ad/hazelnut/test/good/012.png,39.46249771118164
Q4a02,hazelnut,2,shift_good,brightness_1.5,strong,brightness,good,/root/autodl-tmp/research-experiments/industrial-anomaly-detection/data/mvtec_ad/hazelnut/test/good/013.png,42.78352737426758
Q4a02,hazelnut,2,shift_good,brightness_1.5,strong,brightness,good,/root/autodl-tmp/research-experiments/industrial-anomaly-detection/data/mvtec_ad/hazelnut/test/good/014.png,39.68807601928711
Q4a02,hazelnut,2,shift_good,brightness_1.5,strong,brightness,good,/root/autodl-tmp/research-experiments/industrial-anomaly-detection/data/mvtec_ad/hazelnut/test/good/015.png,36.959468841552734
Q4a02,hazelnut,2,shift_good,brightness_1.5,strong,brightness,good,/root/autodl-tmp/research-experiments/industrial-anomaly-detection/data/mvtec_ad/hazelnut/test/good/016.png,37.305049896240234
Q4a02,hazelnut,2,shift_good,brightness_1.5,strong,brightness,good,/root/autodl-tmp/research-experiments/industrial-anomaly-detection/data/mvtec_ad/hazelnut/test/good/017.png,39.20335006713867
Q4a02,hazelnut,2,shift_good,brightness_1.5,strong,brightness,good,/root/autodl-tmp/research-experiments/industrial-anomaly-detection/data/mvtec_ad/hazelnut/test/good/018.png,39.37993621826172
Q4a02,hazelnut,2,shift_good,brightness_1.5,strong,brightness,good,/root/autodl-tmp/research-experiments/industrial-anomaly-detection/data/mvtec_ad/hazelnut/test/good/019.png,38.94182205200195
Q4a02,hazelnut,2,shift_good,brightness_1.5,strong,brightness,good,/root/autodl-tmp/research-experiments/industrial-anomaly-detection/data/mvtec_ad/hazelnut/test/good/020.png,39.71255874633789
Q4a02,hazelnut,2,shift_good,brightness_1.5,strong,brightness,good,/root/autodl-tmp/research-experiments/industrial-anomaly-detection/data/mvtec_ad/hazelnut/test/good/021.png,37.91808319091797
Q4a02,hazelnut,2,shift_good,brightness_1.5,strong,brightness,good,/root/autodl-tmp/research-experiments/industrial-anomaly-detection/data/mvtec_ad/hazelnut/test/good/022.png,40.15314483642578
Q4a02,hazelnut,2,shift_good,brightness_1.5,strong,brightness,good,/root/autodl-tmp/research-experiments/industrial-anomaly-detection/data/mvtec_ad/hazelnut/test/good/023.png,38.989715576171875
Q4a02,hazelnut,2,shift_good,brightness_1.5,strong,brightness,good,/root/autodl-tmp/research-experiments/industrial-anomaly-detection/data/mvtec_ad/hazelnut/test/good/024.png,37.96380615234375
Q4a02,hazelnut,2,shift_good,brightness_1.5,strong,brightness,good,/root/autodl-tmp/research-experiments/industrial-anomaly-detection/data/mvtec_ad/hazelnut/test/good/025.png,37.34109115600586
Q4a02,hazelnut,2,shift_good,brightness_1.5,strong,brightness,good,/root/autodl-tmp/research-experiments/industrial-anomaly-detection/data/mvtec_ad/hazelnut/test/good/026.png,37.51073455810547
Q4a02,hazelnut,2,shift_good,brightness_1.5,strong,brightness,good,/root/autodl-tmp/research-experiments/industrial-anomaly-detection/data/mvtec_ad/hazelnut/test/good/027.png,40.7154655456543
Q4a02,hazelnut,2,shift_good,brightness_1.5,strong,brightness,good,/root/autodl-tmp/research-experiments/industrial-anomaly-detection/data/mvtec_ad/hazelnut/test/good/028.png,42.039554595947266
Q4a02,hazelnut,2,shift_good,brightness_1.5,strong,brightness,good,/root/autodl-tmp/research-experiments/industrial-anomaly-detection/data/mvtec_ad/hazelnut/test/good/029.png,39.27473449707031
Q4a02,hazelnut,2,shift_good,brightness_1.5,strong,brightness,good,/root/autodl-tmp/research-experiments/industrial-anomaly-detection/data/mvtec_ad/hazelnut/test/good/030.png,37.038063049316406
Q4a02,hazelnut,2,shift_good,brightness_1.5,strong,brightness,good,/root/autodl-tmp/research-experiments/industrial-anomaly-detection/data/mvtec_ad/hazelnut/test/good/031.png,38.487770080566406
Q4a02,hazelnut,2,shift_good,brightness_1.5,strong,brightness,good,/root/autodl-tmp/research-experiments/industrial-anomaly-detection/data/mvtec_ad/hazelnut/test/good/032.png,43.53340530395508
Q4a02,hazelnut,2,shift_good,brightness_1.5,strong,brightness,good,/root/autodl-tmp/research-experiments/industrial-anomaly-detection/data/mvtec_ad/hazelnut/test/good/033.png,36.8984375
Q4a02,hazelnut,2,shift_good,brightness_1.5,strong,brightness,good,/root/autodl-tmp/research-experiments/industrial-anomaly-detection/data/mvtec_ad/hazelnut/test/good/034.png,38.55482864379883
Q4a02,hazelnut,2,shift_good,brightness_1.5,strong,brightness,good,/root/autodl-tmp/research-experiments/industrial-anomaly-detection/data/mvtec_ad/hazelnut/test/good/035.png,35.88172912597656
Q4a02,hazelnut,2,shift_good,brightness_1.5,strong,brightness,good,/root/autodl-tmp/research-experiments/industrial-anomaly-detection/data/mvtec_ad/hazelnut/test/good/036.png,40.586307525634766
Q4a02,hazelnut,2,shift_good,brightness_1.5,strong,brightness,good,/root/autodl-tmp/research-experiments/industrial-anomaly-detection/data/mvtec_ad/hazelnut/test/good/037.png,41.52783203125
Q4a02,hazelnut,2,shift_good,brightness_1.5,strong,brightness,good,/root/autodl-tmp/research-experiments/industrial-anomaly-detection/data/mvtec_ad/hazelnut/test/good/038.png,37.94954299926758
Q4a02,hazelnut,2,shift_good,brightness_1.5,strong,brightness,good,/root/autodl-tmp/research-experiments/industrial-anomaly-detection/data/mvtec_ad/hazelnut/test/good/039.png,41.25924301147461
Q4a02,hazelnut,2,shift_good,gamma_0.9,mild,gamma,good,/root/autodl-tmp/research-experiments/industrial-anomaly-detection/data/mvtec_ad/hazelnut/test/good/000.png,38.206520080566406
Q4a02,hazelnut,2,shift_good,gamma_0.9,mild,gamma,good,/root/autodl-tmp/research-experiments/industrial-anomaly-detection/data/mvtec_ad/hazelnut/test/good/001.png,39.63426208496094
Q4a02,hazelnut,2,shift_good,gamma_0.9,mild,gamma,good,/root/autodl-tmp/research-experiments/industrial-anomaly-detection/data/mvtec_ad/hazelnut/test/good/002.png,37.076297760009766
Q4a02,hazelnut,2,shift_good,gamma_0.9,mild,gamma,good,/root/autodl-tmp/research-experiments/industrial-anomaly-detection/data/mvtec_ad/hazelnut/test/good/003.png,35.561973571777344
Q4a02,hazelnut,2,shift_good,gamma_0.9,mild,gamma,good,/root/autodl-tmp/research-experiments/industrial-anomaly-detection/data/mvtec_ad/hazelnut/test/good/004.png,36.55935287475586
Q4a02,hazelnut,2,shift_good,gamma_0.9,mild,gamma,good,/root/autodl-tmp/research-experiments/industrial-anomaly-detection/data/mvtec_ad/hazelnut/test/good/005.png,40.91856002807617
Q4a02,hazelnut,2,shift_good,gamma_0.9,mild,gamma,good,/root/autodl-tmp/research-experiments/industrial-anomaly-detection/data/mvtec_ad/hazelnut/test/good/006.png,37.29059982299805
Q4a02,hazelnut,2,shift_good,gamma_0.9,mild,gamma,good,/root/autodl-tmp/research-experiments/industrial-anomaly-detection/data/mvtec_ad/hazelnut/test/good/007.png,37.812042236328125
Q4a02,hazelnut,2,shift_good,gamma_0.9,mild,gamma,good,/root/autodl-tmp/research-experiments/industrial-anomaly-detection/data/mvtec_ad/hazelnut/test/good/008.png,38.51603317260742
Q4a02,hazelnut,2,shift_good,gamma_0.9,mild,gamma,good,/root/autodl-tmp/research-experiments/industrial-anomaly-detection/data/mvtec_ad/hazelnut/test/good/009.png,38.258033752441406
Q4a02,hazelnut,2,shift_good,gamma_0.9,mild,gamma,good,/root/autodl-tmp/research-experiments/industrial-anomaly-detection/data/mvtec_ad/hazelnut/test/good/010.png,38.77438735961914
Q4a02,hazelnut,2,shift_good,gamma_0.9,mild,gamma,good,/root/autodl-tmp/research-experiments/industrial-anomaly-detection/data/mvtec_ad/hazelnut/test/good/011.png,37.571205139160156
Q4a02,hazelnut,2,shift_good,gamma_0.9,mild,gamma,good,/root/autodl-tmp/research-experiments/industrial-anomaly-detection/data/mvtec_ad/hazelnut/test/good/012.png,39.39466857910156
Q4a02,hazelnut,2,shift_good,gamma_0.9,mild,gamma,good,/root/autodl-tmp/research-experiments/industrial-anomaly-detection/data/mvtec_ad/hazelnut/test/good/013.png,41.83606719970703
Q4a02,hazelnut,2,shift_good,gamma_0.9,mild,gamma,good,/root/autodl-tmp/research-experiments/industrial-anomaly-detection/data/mvtec_ad/hazelnut/test/good/014.png,38.67937469482422
Q4a02,hazelnut,2,shift_good,gamma_0.9,mild,gamma,good,/root/autodl-tmp/research-experiments/industrial-anomaly-detection/data/mvtec_ad/hazelnut/test/good/015.png,36.079097747802734
Q4a02,hazelnut,2,shift_good,gamma_0.9,mild,gamma,good,/root/autodl-tmp/research-experiments/industrial-anomaly-detection/data/mvtec_ad/hazelnut/test/good/016.png,36.032691955566406
Q4a02,hazelnut,2,shift_good,gamma_0.9,mild,gamma,good,/root/autodl-tmp/research-experiments/industrial-anomaly-detection/data/mvtec_ad/hazelnut/test/good/017.png,38.177249908447266
Q4a02,hazelnut,2,shift_good,gamma_0.9,mild,gamma,good,/root/autodl-tmp/research-experiments/industrial-anomaly-detection/data/mvtec_ad/hazelnut/test/good/018.png,37.58999252319336
Q4a02,hazelnut,2,shift_good,gamma_0.9,mild,gamma,good,/root/autodl-tmp/research-experiments/industrial-anomaly-detection/data/mvtec_ad/hazelnut/test/good/019.png,38.32073211669922
Q4a02,hazelnut,2,shift_good,gamma_0.9,mild,gamma,good,/root/autodl-tmp/research-experiments/industrial-anomaly-detection/data/mvtec_ad/hazelnut/test/good/020.png,39.14899826049805
Q4a02,hazelnut,2,shift_good,gamma_0.9,mild,gamma,good,/root/autodl-tmp/research-experiments/industrial-anomaly-detection/data/mvtec_ad/hazelnut/test/good/021.png,37.2628288269043
Q4a02,hazelnut,2,shift_good,gamma_0.9,mild,gamma,good,/root/autodl-tmp/research-experiments/industrial-anomaly-detection/data/mvtec_ad/hazelnut/test/good/022.png,38.42885971069336
Q4a02,hazelnut,2,shift_good,gamma_0.9,mild,gamma,good,/root/autodl-tmp/research-experiments/industrial-anomaly-detection/data/mvtec_ad/hazelnut/test/good/023.png,37.59944534301758
Q4a02,hazelnut,2,shift_good,gamma_0.9,mild,gamma,good,/root/autodl-tmp/research-experiments/industrial-anomaly-detection/data/mvtec_ad/hazelnut/test/good/024.png,37.456947326660156
Q4a02,hazelnut,2,shift_good,gamma_0.9,mild,gamma,good,/root/autodl-tmp/research-experiments/industrial-anomaly-detection/data/mvtec_ad/hazelnut/test/good/025.png,35.57292175292969
Q4a02,hazelnut,2,shift_good,gamma_0.9,mild,gamma,good,/root/autodl-tmp/research-experiments/industrial-anomaly-detection/data/mvtec_ad/hazelnut/test/good/026.png,36.463287353515625
Q4a02,hazelnut,2,shift_good,gamma_0.9,mild,gamma,good,/root/autodl-tmp/research-experiments/industrial-anomaly-detection/data/mvtec_ad/hazelnut/test/good/027.png,40.450340270996094
Q4a02,hazelnut,2,shift_good,gamma_0.9,mild,gamma,good,/root/autodl-tmp/research-experiments/industrial-anomaly-detection/data/mvtec_ad/hazelnut/test/good/028.png,35.89120864868164
Q4a02,hazelnut,2,shift_good,gamma_0.9,mild,gamma,good,/root/autodl-tmp/research-experiments/industrial-anomaly-detection/data/mvtec_ad/hazelnut/test/good/029.png,37.520423889160156
Q4a02,hazelnut,2,shift_good,gamma_0.9,mild,gamma,good,/root/autodl-tmp/research-experiments/industrial-anomaly-detection/data/mvtec_ad/hazelnut/test/good/030.png,36.11246109008789
Q4a02,hazelnut,2,shift_good,gamma_0.9,mild,gamma,good,/root/autodl-tmp/research-experiments/industrial-anomaly-detection/data/mvtec_ad/hazelnut/test/good/031.png,38.169063568115234
Q4a02,hazelnut,2,shift_good,gamma_0.9,mild,gamma,good,/root/autodl-tmp/research-experiments/industrial-anomaly-detection/data/mvtec_ad/hazelnut/test/good/032.png,38.904144287109375
Q4a02,hazelnut,2,shift_good,gamma_0.9,mild,gamma,good,/root/autodl-tmp/research-experiments/industrial-anomaly-detection/data/mvtec_ad/hazelnut/test/good/033.png,37.24685287475586
Q4a02,hazelnut,2,shift_good,gamma_0.9,mild,gamma,good,/root/autodl-tmp/research-experiments/industrial-anomaly-detection/data/mvtec_ad/hazelnut/test/good/034.png,37.46492385864258
Q4a02,hazelnut,2,shift_good,gamma_0.9,mild,gamma,good,/root/autodl-tmp/research-experiments/industrial-anomaly-detection/data/mvtec_ad/hazelnut/test/good/035.png,35.4266242980957
Q4a02,hazelnut,2,shift_good,gamma_0.9,mild,gamma,good,/root/autodl-tmp/research-experiments/industrial-anomaly-detection/data/mvtec_ad/hazelnut/test/good/036.png,38.47346878051758
Q4a02,hazelnut,2,shift_good,gamma_0.9,mild,gamma,good,/root/autodl-tmp/research-experiments/industrial-anomaly-detection/data/mvtec_ad/hazelnut/test/good/037.png,39.82408905029297
Q4a02,hazelnut,2,shift_good,gamma_0.9,mild,gamma,good,/root/autodl-tmp/research-experiments/industrial-anomaly-detection/data/mvtec_ad/hazelnut/test/good/038.png,37.337947845458984
Q4a02,hazelnut,2,shift_good,gamma_0.9,mild,gamma,good,/root/autodl-tmp/research-experiments/industrial-anomaly-detection/data/mvtec_ad/hazelnut/test/good/039.png,40.89324951171875
Q4a02,hazelnut,2,shift_good,gamma_1.1,mild,gamma,good,/root/autodl-tmp/research-experiments/industrial-anomaly-detection/data/mvtec_ad/hazelnut/test/good/000.png,38.79027557373047
Q4a02,hazelnut,2,shift_good,gamma_1.1,mild,gamma,good,/root/autodl-tmp/research-experiments/industrial-anomaly-detection/data/mvtec_ad/hazelnut/test/good/001.png,39.719364166259766
Q4a02,hazelnut,2,shift_good,gamma_1.1,mild,gamma,good,/root/autodl-tmp/research-experiments/industrial-anomaly-detection/data/mvtec_ad/hazelnut/test/good/002.png,37.20734405517578
Q4a02,hazelnut,2,shift_good,gamma_1.1,mild,gamma,good,/root/autodl-tmp/research-experiments/industrial-anomaly-detection/data/mvtec_ad/hazelnut/test/good/003.png,35.353271484375
Q4a02,hazelnut,2,shift_good,gamma_1.1,mild,gamma,good,/root/autodl-tmp/research-experiments/industrial-anomaly-detection/data/mvtec_ad/hazelnut/test/good/004.png,37.39385986328125
Q4a02,hazelnut,2,shift_good,gamma_1.1,mild,gamma,good,/root/autodl-tmp/research-experiments/industrial-anomaly-detection/data/mvtec_ad/hazelnut/test/good/005.png,41.21913528442383
Q4a02,hazelnut,2,shift_good,gamma_1.1,mild,gamma,good,/root/autodl-tmp/research-experiments/industrial-anomaly-detection/data/mvtec_ad/hazelnut/test/good/006.png,36.70503616333008
Q4a02,hazelnut,2,shift_good,gamma_1.1,mild,gamma,good,/root/autodl-tmp/research-experiments/industrial-anomaly-detection/data/mvtec_ad/hazelnut/test/good/007.png,37.8027458190918
Q4a02,hazelnut,2,shift_good,gamma_1.1,mild,gamma,good,/root/autodl-tmp/research-experiments/industrial-anomaly-detection/data/mvtec_ad/hazelnut/test/good/008.png,38.15033721923828
Q4a02,hazelnut,2,shift_good,gamma_1.1,mild,gamma,good,/root/autodl-tmp/research-experiments/industrial-anomaly-detection/data/mvtec_ad/hazelnut/test/good/009.png,37.66159439086914
Q4a02,hazelnut,2,shift_good,gamma_1.1,mild,gamma,good,/root/autodl-tmp/research-experiments/industrial-anomaly-detection/data/mvtec_ad/hazelnut/test/good/010.png,38.02472686767578
Q4a02,hazelnut,2,shift_good,gamma_1.1,mild,gamma,good,/root/autodl-tmp/research-experiments/industrial-anomaly-detection/data/mvtec_ad/hazelnut/test/good/011.png,37.53556823730469
Q4a02,hazelnut,2,shift_good,gamma_1.1,mild,gamma,good,/root/autodl-tmp/research-experiments/industrial-anomaly-detection/data/mvtec_ad/hazelnut/test/good/012.png,39.18693923950195
Q4a02,hazelnut,2,shift_good,gamma_1.1,mild,gamma,good,/root/autodl-tmp/research-experiments/industrial-anomaly-detection/data/mvtec_ad/hazelnut/test/good/013.png,42.15779495239258
Q4a02,hazelnut,2,shift_good,gamma_1.1,mild,gamma,good,/root/autodl-tmp/research-experiments/industrial-anomaly-detection/data/mvtec_ad/hazelnut/test/good/014.png,38.57292175292969
Q4a02,hazelnut,2,shift_good,gamma_1.1,mild,gamma,good,/root/autodl-tmp/research-experiments/industrial-anomaly-detection/data/mvtec_ad/hazelnut/test/good/015.png,35.595191955566406
Q4a02,hazelnut,2,shift_good,gamma_1.1,mild,gamma,good,/root/autodl-tmp/research-experiments/industrial-anomaly-detection/data/mvtec_ad/hazelnut/test/good/016.png,36.25962829589844
Q4a02,hazelnut,2,shift_good,gamma_1.1,mild,gamma,good,/root/autodl-tmp/research-experiments/industrial-anomaly-detection/data/mvtec_ad/hazelnut/test/good/017.png,38.752132415771484
Q4a02,hazelnut,2,shift_good,gamma_1.1,mild,gamma,good,/root/autodl-tmp/research-experiments/industrial-anomaly-detection/data/mvtec_ad/hazelnut/test/good/018.png,37.67276382446289
Q4a02,hazelnut,2,shift_good,gamma_1.1,mild,gamma,good,/root/autodl-tmp/research-experiments/industrial-anomaly-detection/data/mvtec_ad/hazelnut/test/good/019.png,38.21498107910156
Q4a02,hazelnut,2,shift_good,gamma_1.1,mild,gamma,good,/root/autodl-tmp/research-experiments/industrial-anomaly-detection/data/mvtec_ad/hazelnut/test/good/020.png,39.03400421142578
Q4a02,hazelnut,2,shift_good,gamma_1.1,mild,gamma,good,/root/autodl-tmp/research-experiments/industrial-anomaly-detection/data/mvtec_ad/hazelnut/test/good/021.png,37.45538330078125
Q4a02,hazelnut,2,shift_good,gamma_1.1,mild,gamma,good,/root/autodl-tmp/research-experiments/industrial-anomaly-detection/data/mvtec_ad/hazelnut/test/good/022.png,38.40211486816406
Q4a02,hazelnut,2,shift_good,gamma_1.1,mild,gamma,good,/root/autodl-tmp/research-experiments/industrial-anomaly-detection/data/mvtec_ad/hazelnut/test/good/023.png,37.302642822265625
Q4a02,hazelnut,2,shift_good,gamma_1.1,mild,gamma,good,/root/autodl-tmp/research-experiments/industrial-anomaly-detection/data/mvtec_ad/hazelnut/test/good/024.png,37.002689361572266
Q4a02,hazelnut,2,shift_good,gamma_1.1,mild,gamma,good,/root/autodl-tmp/research-experiments/industrial-anomaly-detection/data/mvtec_ad/hazelnut/test/good/025.png,35.95346450805664
Q4a02,hazelnut,2,shift_good,gamma_1.1,mild,gamma,good,/root/autodl-tmp/research-experiments/industrial-anomaly-detection/data/mvtec_ad/hazelnut/test/good/026.png,36.638431549072266
Q4a02,hazelnut,2,shift_good,gamma_1.1,mild,gamma,good,/root/autodl-tmp/research-experiments/industrial-anomaly-detection/data/mvtec_ad/hazelnut/test/good/027.png,40.648475646972656
Q4a02,hazelnut,2,shift_good,gamma_1.1,mild,gamma,good,/root/autodl-tmp/research-experiments/industrial-anomaly-detection/data/mvtec_ad/hazelnut/test/good/028.png,36.226741790771484
Q4a02,hazelnut,2,shift_good,gamma_1.1,mild,gamma,good,/root/autodl-tmp/research-experiments/industrial-anomaly-detection/data/mvtec_ad/hazelnut/test/good/029.png,37.77912521362305
Q4a02,hazelnut,2,shift_good,gamma_1.1,mild,gamma,good,/root/autodl-tmp/research-experiments/industrial-anomaly-detection/data/mvtec_ad/hazelnut/test/good/030.png,35.96865463256836
Q4a02,hazelnut,2,shift_good,gamma_1.1,mild,gamma,good,/root/autodl-tmp/research-experiments/industrial-anomaly-detection/data/mvtec_ad/hazelnut/test/good/031.png,38.01063919067383
Q4a02,hazelnut,2,shift_good,gamma_1.1,mild,gamma,good,/root/autodl-tmp/research-experiments/industrial-anomaly-detection/data/mvtec_ad/hazelnut/test/good/032.png,39.964134216308594
Q4a02,hazelnut,2,shift_good,gamma_1.1,mild,gamma,good,/root/autodl-tmp/research-experiments/industrial-anomaly-detection/data/mvtec_ad/hazelnut/test/good/033.png,36.654510498046875
Q4a02,hazelnut,2,shift_good,gamma_1.1,mild,gamma,good,/root/autodl-tmp/research-experiments/industrial-anomaly-detection/data/mvtec_ad/hazelnut/test/good/034.png,37.210533142089844
Q4a02,hazelnut,2,shift_good,gamma_1.1,mild,gamma,good,/root/autodl-tmp/research-experiments/industrial-anomaly-detection/data/mvtec_ad/hazelnut/test/good/035.png,35.212650299072266
Q4a02,hazelnut,2,shift_good,gamma_1.1,mild,gamma,good,/root/autodl-tmp/research-experiments/industrial-anomaly-detection/data/mvtec_ad/hazelnut/test/good/036.png,38.519317626953125
Q4a02,hazelnut,2,shift_good,gamma_1.1,mild,gamma,good,/root/autodl-tmp/research-experiments/industrial-anomaly-detection/data/mvtec_ad/hazelnut/test/good/037.png,39.5531005859375
Q4a02,hazelnut,2,shift_good,gamma_1.1,mild,gamma,good,/root/autodl-tmp/research-experiments/industrial-anomaly-detection/data/mvtec_ad/hazelnut/test/good/038.png,37.08185577392578
Q4a02,hazelnut,2,shift_good,gamma_1.1,mild,gamma,good,/root/autodl-tmp/research-experiments/industrial-anomaly-detection/data/mvtec_ad/hazelnut/test/good/039.png,40.718109130859375
Q4a02,hazelnut,2,shift_good,gamma_0.7,medium,gamma,good,/root/autodl-tmp/research-experiments/industrial-anomaly-detection/data/mvtec_ad/hazelnut/test/good/000.png,38.33430099487305
Q4a02,hazelnut,2,shift_good,gamma_0.7,medium,gamma,good,/root/autodl-tmp/research-experiments/industrial-anomaly-detection/data/mvtec_ad/hazelnut/test/good/001.png,39.714778900146484
Q4a02,hazelnut,2,shift_good,gamma_0.7,medium,gamma,good,/root/autodl-tmp/research-experiments/industrial-anomaly-detection/data/mvtec_ad/hazelnut/test/good/002.png,37.640953063964844
Q4a02,hazelnut,2,shift_good,gamma_0.7,medium,gamma,good,/root/autodl-tmp/research-experiments/industrial-anomaly-detection/data/mvtec_ad/hazelnut/test/good/003.png,36.20789337158203
Q4a02,hazelnut,2,shift_good,gamma_0.7,medium,gamma,good,/root/autodl-tmp/research-experiments/industrial-anomaly-detection/data/mvtec_ad/hazelnut/test/good/004.png,36.759098052978516
Q4a02,hazelnut,2,shift_good,gamma_0.7,medium,gamma,good,/root/autodl-tmp/research-experiments/industrial-anomaly-detection/data/mvtec_ad/hazelnut/test/good/005.png,40.748802185058594
Q4a02,hazelnut,2,shift_good,gamma_0.7,medium,gamma,good,/root/autodl-tmp/research-experiments/industrial-anomaly-detection/data/mvtec_ad/hazelnut/test/good/006.png,37.8706169128418
Q4a02,hazelnut,2,shift_good,gamma_0.7,medium,gamma,good,/root/autodl-tmp/research-experiments/industrial-anomaly-detection/data/mvtec_ad/hazelnut/test/good/007.png,38.546749114990234
Q4a02,hazelnut,2,shift_good,gamma_0.7,medium,gamma,good,/root/autodl-tmp/research-experiments/industrial-anomaly-detection/data/mvtec_ad/hazelnut/test/good/008.png,39.342864990234375
Q4a02,hazelnut,2,shift_good,gamma_0.7,medium,gamma,good,/root/autodl-tmp/research-experiments/industrial-anomaly-detection/data/mvtec_ad/hazelnut/test/good/009.png,39.040565490722656
Q4a02,hazelnut,2,shift_good,gamma_0.7,medium,gamma,good,/root/autodl-tmp/research-experiments/industrial-anomaly-detection/data/mvtec_ad/hazelnut/test/good/010.png,40.19286346435547
Q4a02,hazelnut,2,shift_good,gamma_0.7,medium,gamma,good,/root/autodl-tmp/research-experiments/industrial-anomaly-detection/data/mvtec_ad/hazelnut/test/good/011.png,38.413978576660156
Q4a02,hazelnut,2,shift_good,gamma_0.7,medium,gamma,good,/root/autodl-tmp/research-experiments/industrial-anomaly-detection/data/mvtec_ad/hazelnut/test/good/012.png,40.13361740112305
Q4a02,hazelnut,2,shift_good,gamma_0.7,medium,gamma,good,/root/autodl-tmp/research-experiments/industrial-anomaly-detection/data/mvtec_ad/hazelnut/test/good/013.png,41.98849868774414
Q4a02,hazelnut,2,shift_good,gamma_0.7,medium,gamma,good,/root/autodl-tmp/research-experiments/industrial-anomaly-detection/data/mvtec_ad/hazelnut/test/good/014.png,38.838462829589844
Q4a02,hazelnut,2,shift_good,gamma_0.7,medium,gamma,good,/root/autodl-tmp/research-experiments/industrial-anomaly-detection/data/mvtec_ad/hazelnut/test/good/015.png,36.622127532958984
Q4a02,hazelnut,2,shift_good,gamma_0.7,medium,gamma,good,/root/autodl-tmp/research-experiments/industrial-anomaly-detection/data/mvtec_ad/hazelnut/test/good/016.png,36.46620178222656
Q4a02,hazelnut,2,shift_good,gamma_0.7,medium,gamma,good,/root/autodl-tmp/research-experiments/industrial-anomaly-detection/data/mvtec_ad/hazelnut/test/good/017.png,38.37068557739258
Q4a02,hazelnut,2,shift_good,gamma_0.7,medium,gamma,good,/root/autodl-tmp/research-experiments/industrial-anomaly-detection/data/mvtec_ad/hazelnut/test/good/018.png,37.46390151977539
Q4a02,hazelnut,2,shift_good,gamma_0.7,medium,gamma,good,/root/autodl-tmp/research-experiments/industrial-anomaly-detection/data/mvtec_ad/hazelnut/test/good/019.png,38.627559661865234
Q4a02,hazelnut,2,shift_good,gamma_0.7,medium,gamma,good,/root/autodl-tmp/research-experiments/industrial-anomaly-detection/data/mvtec_ad/hazelnut/test/good/020.png,38.764652252197266
Q4a02,hazelnut,2,shift_good,gamma_0.7,medium,gamma,good,/root/autodl-tmp/research-experiments/industrial-anomaly-detection/data/mvtec_ad/hazelnut/test/good/021.png,37.32949447631836
Q4a02,hazelnut,2,shift_good,gamma_0.7,medium,gamma,good,/root/autodl-tmp/research-experiments/industrial-anomaly-detection/data/mvtec_ad/hazelnut/test/good/022.png,38.83016586303711
Q4a02,hazelnut,2,shift_good,gamma_0.7,medium,gamma,good,/root/autodl-tmp/research-experiments/industrial-anomaly-detection/data/mvtec_ad/hazelnut/test/good/023.png,38.04088592529297
Q4a02,hazelnut,2,shift_good,gamma_0.7,medium,gamma,good,/root/autodl-tmp/research-experiments/industrial-anomaly-detection/data/mvtec_ad/hazelnut/test/good/024.png,38.46744918823242
Q4a02,hazelnut,2,shift_good,gamma_0.7,medium,gamma,good,/root/autodl-tmp/research-experiments/industrial-anomaly-detection/data/mvtec_ad/hazelnut/test/good/025.png,35.33475112915039
Q4a02,hazelnut,2,shift_good,gamma_0.7,medium,gamma,good,/root/autodl-tmp/research-experiments/industrial-anomaly-detection/data/mvtec_ad/hazelnut/test/good/026.png,36.84892654418945
Q4a02,hazelnut,2,shift_good,gamma_0.7,medium,gamma,good,/root/autodl-tmp/research-experiments/industrial-anomaly-detection/data/mvtec_ad/hazelnut/test/good/027.png,40.41278076171875
Q4a02,hazelnut,2,shift_good,gamma_0.7,medium,gamma,good,/root/autodl-tmp/research-experiments/industrial-anomaly-detection/data/mvtec_ad/hazelnut/test/good/028.png,36.06648635864258
Q4a02,hazelnut,2,shift_good,gamma_0.7,medium,gamma,good,/root/autodl-tmp/research-experiments/industrial-anomaly-detection/data/mvtec_ad/hazelnut/test/good/029.png,37.662078857421875
Q4a02,hazelnut,2,shift_good,gamma_0.7,medium,gamma,good,/root/autodl-tmp/research-experiments/industrial-anomaly-detection/data/mvtec_ad/hazelnut/test/good/030.png,36.575679779052734
Q4a02,hazelnut,2,shift_good,gamma_0.7,medium,gamma,good,/root/autodl-tmp/research-experiments/industrial-anomaly-detection/data/mvtec_ad/hazelnut/test/good/031.png,38.69644546508789
Q4a02,hazelnut,2,shift_good,gamma_0.7,medium,gamma,good,/root/autodl-tmp/research-experiments/industrial-anomaly-detection/data/mvtec_ad/hazelnut/test/good/032.png,39.20351028442383
Q4a02,hazelnut,2,shift_good,gamma_0.7,medium,gamma,good,/root/autodl-tmp/research-experiments/industrial-anomaly-detection/data/mvtec_ad/hazelnut/test/good/033.png,37.29487991333008
Q4a02,hazelnut,2,shift_good,gamma_0.7,medium,gamma,good,/root/autodl-tmp/research-experiments/industrial-anomaly-detection/data/mvtec_ad/hazelnut/test/good/034.png,38.913108825683594
Q4a02,hazelnut,2,shift_good,gamma_0.7,medium,gamma,good,/root/autodl-tmp/research-experiments/industrial-anomaly-detection/data/mvtec_ad/hazelnut/test/good/035.png,35.54765319824219
Q4a02,hazelnut,2,shift_good,gamma_0.7,medium,gamma,good,/root/autodl-tmp/research-experiments/industrial-anomaly-detection/data/mvtec_ad/hazelnut/test/good/036.png,38.8746223449707
Q4a02,hazelnut,2,shift_good,gamma_0.7,medium,gamma,good,/root/autodl-tmp/research-experiments/industrial-anomaly-detection/data/mvtec_ad/hazelnut/test/good/037.png,40.05332565307617
Q4a02,hazelnut,2,shift_good,gamma_0.7,medium,gamma,good,/root/autodl-tmp/research-experiments/industrial-anomaly-detection/data/mvtec_ad/hazelnut/test/good/038.png,37.605987548828125
Q4a02,hazelnut,2,shift_good,gamma_0.7,medium,gamma,good,/root/autodl-tmp/research-experiments/industrial-anomaly-detection/data/mvtec_ad/hazelnut/test/good/039.png,41.40538787841797
Q4a02,hazelnut,2,shift_good,gamma_1.3,medium,gamma,good,/root/autodl-tmp/research-experiments/industrial-anomaly-detection/data/mvtec_ad/hazelnut/test/good/000.png,39.24905776977539
Q4a02,hazelnut,2,shift_good,gamma_1.3,medium,gamma,good,/root/autodl-tmp/research-experiments/industrial-anomaly-detection/data/mvtec_ad/hazelnut/test/good/001.png,39.87456512451172
Q4a02,hazelnut,2,shift_good,gamma_1.3,medium,gamma,good,/root/autodl-tmp/research-experiments/industrial-anomaly-detection/data/mvtec_ad/hazelnut/test/good/002.png,37.40678787231445
Q4a02,hazelnut,2,shift_good,gamma_1.3,medium,gamma,good,/root/autodl-tmp/research-experiments/industrial-anomaly-detection/data/mvtec_ad/hazelnut/test/good/003.png,35.65523147583008
Q4a02,hazelnut,2,shift_good,gamma_1.3,medium,gamma,good,/root/autodl-tmp/research-experiments/industrial-anomaly-detection/data/mvtec_ad/hazelnut/test/good/004.png,38.085182189941406
Q4a02,hazelnut,2,shift_good,gamma_1.3,medium,gamma,good,/root/autodl-tmp/research-experiments/industrial-anomaly-detection/data/mvtec_ad/hazelnut/test/good/005.png,41.413333892822266
Q4a02,hazelnut,2,shift_good,gamma_1.3,medium,gamma,good,/root/autodl-tmp/research-experiments/industrial-anomaly-detection/data/mvtec_ad/hazelnut/test/good/006.png,36.412410736083984
Q4a02,hazelnut,2,shift_good,gamma_1.3,medium,gamma,good,/root/autodl-tmp/research-experiments/industrial-anomaly-detection/data/mvtec_ad/hazelnut/test/good/007.png,38.371273040771484
Q4a02,hazelnut,2,shift_good,gamma_1.3,medium,gamma,good,/root/autodl-tmp/research-experiments/industrial-anomaly-detection/data/mvtec_ad/hazelnut/test/good/008.png,38.04817581176758
Q4a02,hazelnut,2,shift_good,gamma_1.3,medium,gamma,good,/root/autodl-tmp/research-experiments/industrial-anomaly-detection/data/mvtec_ad/hazelnut/test/good/009.png,37.09867477416992
Q4a02,hazelnut,2,shift_good,gamma_1.3,medium,gamma,good,/root/autodl-tmp/research-experiments/industrial-anomaly-detection/data/mvtec_ad/hazelnut/test/good/010.png,37.66429901123047
Q4a02,hazelnut,2,shift_good,gamma_1.3,medium,gamma,good,/root/autodl-tmp/research-experiments/industrial-anomaly-detection/data/mvtec_ad/hazelnut/test/good/011.png,37.6823616027832
Q4a02,hazelnut,2,shift_good,gamma_1.3,medium,gamma,good,/root/autodl-tmp/research-experiments/industrial-anomaly-detection/data/mvtec_ad/hazelnut/test/good/012.png,39.17713928222656
Q4a02,hazelnut,2,shift_good,gamma_1.3,medium,gamma,good,/root/autodl-tmp/research-experiments/industrial-anomaly-detection/data/mvtec_ad/hazelnut/test/good/013.png,42.4206657409668
Q4a02,hazelnut,2,shift_good,gamma_1.3,medium,gamma,good,/root/autodl-tmp/research-experiments/industrial-anomaly-detection/data/mvtec_ad/hazelnut/test/good/014.png,38.49332809448242
Q4a02,hazelnut,2,shift_good,gamma_1.3,medium,gamma,good,/root/autodl-tmp/research-experiments/industrial-anomaly-detection/data/mvtec_ad/hazelnut/test/good/015.png,35.424007415771484
Q4a02,hazelnut,2,shift_good,gamma_1.3,medium,gamma,good,/root/autodl-tmp/research-experiments/industrial-anomaly-detection/data/mvtec_ad/hazelnut/test/good/016.png,36.442230224609375
Q4a02,hazelnut,2,shift_good,gamma_1.3,medium,gamma,good,/root/autodl-tmp/research-experiments/industrial-anomaly-detection/data/mvtec_ad/hazelnut/test/good/017.png,38.911434173583984
Q4a02,hazelnut,2,shift_good,gamma_1.3,medium,gamma,good,/root/autodl-tmp/research-experiments/industrial-anomaly-detection/data/mvtec_ad/hazelnut/test/good/018.png,37.63302993774414
Q4a02,hazelnut,2,shift_good,gamma_1.3,medium,gamma,good,/root/autodl-tmp/research-experiments/industrial-anomaly-detection/data/mvtec_ad/hazelnut/test/good/019.png,38.38805389404297
Q4a02,hazelnut,2,shift_good,gamma_1.3,medium,gamma,good,/root/autodl-tmp/research-experiments/industrial-anomaly-detection/data/mvtec_ad/hazelnut/test/good/020.png,38.86682891845703
Q4a02,hazelnut,2,shift_good,gamma_1.3,medium,gamma,good,/root/autodl-tmp/research-experiments/industrial-anomaly-detection/data/mvtec_ad/hazelnut/test/good/021.png,37.51970291137695
Q4a02,hazelnut,2,shift_good,gamma_1.3,medium,gamma,good,/root/autodl-tmp/research-experiments/industrial-anomaly-detection/data/mvtec_ad/hazelnut/test/good/022.png,38.45153045654297
Q4a02,hazelnut,2,shift_good,gamma_1.3,medium,gamma,good,/root/autodl-tmp/research-experiments/industrial-anomaly-detection/data/mvtec_ad/hazelnut/test/good/023.png,37.25522232055664
Q4a02,hazelnut,2,shift_good,gamma_1.3,medium,gamma,good,/root/autodl-tmp/research-experiments/industrial-anomaly-detection/data/mvtec_ad/hazelnut/test/good/024.png,37.04273223876953
Q4a02,hazelnut,2,shift_good,gamma_1.3,medium,gamma,good,/root/autodl-tmp/research-experiments/industrial-anomaly-detection/data/mvtec_ad/hazelnut/test/good/025.png,36.44939422607422
Q4a02,hazelnut,2,shift_good,gamma_1.3,medium,gamma,good,/root/autodl-tmp/research-experiments/industrial-anomaly-detection/data/mvtec_ad/hazelnut/test/good/026.png,36.81105041503906
Q4a02,hazelnut,2,shift_good,gamma_1.3,medium,gamma,good,/root/autodl-tmp/research-experiments/industrial-anomaly-detection/data/mvtec_ad/hazelnut/test/good/027.png,40.76793670654297
Q4a02,hazelnut,2,shift_good,gamma_1.3,medium,gamma,good,/root/autodl-tmp/research-experiments/industrial-anomaly-detection/data/mvtec_ad/hazelnut/test/good/028.png,36.67592239379883
Q4a02,hazelnut,2,shift_good,gamma_1.3,medium,gamma,good,/root/autodl-tmp/research-experiments/industrial-anomaly-detection/data/mvtec_ad/hazelnut/test/good/029.png,38.20194625854492
Q4a02,hazelnut,2,shift_good,gamma_1.3,medium,gamma,good,/root/autodl-tmp/research-experiments/industrial-anomaly-detection/data/mvtec_ad/hazelnut/test/good/030.png,36.09116744995117
Q4a02,hazelnut,2,shift_good,gamma_1.3,medium,gamma,good,/root/autodl-tmp/research-experiments/industrial-anomaly-detection/data/mvtec_ad/hazelnut/test/good/031.png,38.0228157043457
Q4a02,hazelnut,2,shift_good,gamma_1.3,medium,gamma,good,/root/autodl-tmp/research-experiments/industrial-anomaly-detection/data/mvtec_ad/hazelnut/test/good/032.png,40.91811752319336
Q4a02,hazelnut,2,shift_good,gamma_1.3,medium,gamma,good,/root/autodl-tmp/research-experiments/industrial-anomaly-detection/data/mvtec_ad/hazelnut/test/good/033.png,36.595821380615234
Q4a02,hazelnut,2,shift_good,gamma_1.3,medium,gamma,good,/root/autodl-tmp/research-experiments/industrial-anomaly-detection/data/mvtec_ad/hazelnut/test/good/034.png,37.23594284057617
Q4a02,hazelnut,2,shift_good,gamma_1.3,medium,gamma,good,/root/autodl-tmp/research-experiments/industrial-anomaly-detection/data/mvtec_ad/hazelnut/test/good/035.png,35.24100112915039
Q4a02,hazelnut,2,shift_good,gamma_1.3,medium,gamma,good,/root/autodl-tmp/research-experiments/industrial-anomaly-detection/data/mvtec_ad/hazelnut/test/good/036.png,38.716835021972656
Q4a02,hazelnut,2,shift_good,gamma_1.3,medium,gamma,good,/root/autodl-tmp/research-experiments/industrial-anomaly-detection/data/mvtec_ad/hazelnut/test/good/037.png,40.077667236328125
Q4a02,hazelnut,2,shift_good,gamma_1.3,medium,gamma,good,/root/autodl-tmp/research-experiments/industrial-anomaly-detection/data/mvtec_ad/hazelnut/test/good/038.png,37.028778076171875
Q4a02,hazelnut,2,shift_good,gamma_1.3,medium,gamma,good,/root/autodl-tmp/research-experiments/industrial-anomaly-detection/data/mvtec_ad/hazelnut/test/good/039.png,40.77997589111328
Q4a02,hazelnut,2,shift_good,gamma_0.5,strong,gamma,good,/root/autodl-tmp/research-experiments/industrial-anomaly-detection/data/mvtec_ad/hazelnut/test/good/000.png,39.78043746948242
Q4a02,hazelnut,2,shift_good,gamma_0.5,strong,gamma,good,/root/autodl-tmp/research-experiments/industrial-anomaly-detection/data/mvtec_ad/hazelnut/test/good/001.png,41.394859313964844
Q4a02,hazelnut,2,shift_good,gamma_0.5,strong,gamma,good,/root/autodl-tmp/research-experiments/industrial-anomaly-detection/data/mvtec_ad/hazelnut/test/good/002.png,39.83372497558594
Q4a02,hazelnut,2,shift_good,gamma_0.5,strong,gamma,good,/root/autodl-tmp/research-experiments/industrial-anomaly-detection/data/mvtec_ad/hazelnut/test/good/003.png,38.007266998291016
Q4a02,hazelnut,2,shift_good,gamma_0.5,strong,gamma,good,/root/autodl-tmp/research-experiments/industrial-anomaly-detection/data/mvtec_ad/hazelnut/test/good/004.png,38.910606384277344
Q4a02,hazelnut,2,shift_good,gamma_0.5,strong,gamma,good,/root/autodl-tmp/research-experiments/industrial-anomaly-detection/data/mvtec_ad/hazelnut/test/good/005.png,41.41254806518555
Q4a02,hazelnut,2,shift_good,gamma_0.5,strong,gamma,good,/root/autodl-tmp/research-experiments/industrial-anomaly-detection/data/mvtec_ad/hazelnut/test/good/006.png,39.86186599731445
Q4a02,hazelnut,2,shift_good,gamma_0.5,strong,gamma,good,/root/autodl-tmp/research-experiments/industrial-anomaly-detection/data/mvtec_ad/hazelnut/test/good/007.png,40.553245544433594
Q4a02,hazelnut,2,shift_good,gamma_0.5,strong,gamma,good,/root/autodl-tmp/research-experiments/industrial-anomaly-detection/data/mvtec_ad/hazelnut/test/good/008.png,40.778194427490234
Q4a02,hazelnut,2,shift_good,gamma_0.5,strong,gamma,good,/root/autodl-tmp/research-experiments/industrial-anomaly-detection/data/mvtec_ad/hazelnut/test/good/009.png,39.98883819580078
Q4a02,hazelnut,2,shift_good,gamma_0.5,strong,gamma,good,/root/autodl-tmp/research-experiments/industrial-anomaly-detection/data/mvtec_ad/hazelnut/test/good/010.png,42.02507019042969
Q4a02,hazelnut,2,shift_good,gamma_0.5,strong,gamma,good,/root/autodl-tmp/research-experiments/industrial-anomaly-detection/data/mvtec_ad/hazelnut/test/good/011.png,40.155086517333984
Q4a02,hazelnut,2,shift_good,gamma_0.5,strong,gamma,good,/root/autodl-tmp/research-experiments/industrial-anomaly-detection/data/mvtec_ad/hazelnut/test/good/012.png,40.56650924682617
Q4a02,hazelnut,2,shift_good,gamma_0.5,strong,gamma,good,/root/autodl-tmp/research-experiments/industrial-anomaly-detection/data/mvtec_ad/hazelnut/test/good/013.png,43.435909271240234
Q4a02,hazelnut,2,shift_good,gamma_0.5,strong,gamma,good,/root/autodl-tmp/research-experiments/industrial-anomaly-detection/data/mvtec_ad/hazelnut/test/good/014.png,39.673831939697266
Q4a02,hazelnut,2,shift_good,gamma_0.5,strong,gamma,good,/root/autodl-tmp/research-experiments/industrial-anomaly-detection/data/mvtec_ad/hazelnut/test/good/015.png,38.11726760864258
Q4a02,hazelnut,2,shift_good,gamma_0.5,strong,gamma,good,/root/autodl-tmp/research-experiments/industrial-anomaly-detection/data/mvtec_ad/hazelnut/test/good/016.png,37.18335723876953
Q4a02,hazelnut,2,shift_good,gamma_0.5,strong,gamma,good,/root/autodl-tmp/research-experiments/industrial-anomaly-detection/data/mvtec_ad/hazelnut/test/good/017.png,40.1741943359375
Q4a02,hazelnut,2,shift_good,gamma_0.5,strong,gamma,good,/root/autodl-tmp/research-experiments/industrial-anomaly-detection/data/mvtec_ad/hazelnut/test/good/018.png,39.30366516113281
Q4a02,hazelnut,2,shift_good,gamma_0.5,strong,gamma,good,/root/autodl-tmp/research-experiments/industrial-anomaly-detection/data/mvtec_ad/hazelnut/test/good/019.png,39.44213104248047
Q4a02,hazelnut,2,shift_good,gamma_0.5,strong,gamma,good,/root/autodl-tmp/research-experiments/industrial-anomaly-detection/data/mvtec_ad/hazelnut/test/good/020.png,39.289066314697266
Q4a02,hazelnut,2,shift_good,gamma_0.5,strong,gamma,good,/root/autodl-tmp/research-experiments/industrial-anomaly-detection/data/mvtec_ad/hazelnut/test/good/021.png,38.87000274658203
Q4a02,hazelnut,2,shift_good,gamma_0.5,strong,gamma,good,/root/autodl-tmp/research-experiments/industrial-anomaly-detection/data/mvtec_ad/hazelnut/test/good/022.png,40.131858825683594
Q4a02,hazelnut,2,shift_good,gamma_0.5,strong,gamma,good,/root/autodl-tmp/research-experiments/industrial-anomaly-detection/data/mvtec_ad/hazelnut/test/good/023.png,39.31309509277344
Q4a02,hazelnut,2,shift_good,gamma_0.5,strong,gamma,good,/root/autodl-tmp/research-experiments/industrial-anomaly-detection/data/mvtec_ad/hazelnut/test/good/024.png,40.12546157836914
Q4a02,hazelnut,2,shift_good,gamma_0.5,strong,gamma,good,/root/autodl-tmp/research-experiments/industrial-anomaly-detection/data/mvtec_ad/hazelnut/test/good/025.png,37.05644989013672
Q4a02,hazelnut,2,shift_good,gamma_0.5,strong,gamma,good,/root/autodl-tmp/research-experiments/industrial-anomaly-detection/data/mvtec_ad/hazelnut/test/good/026.png,38.087127685546875
Q4a02,hazelnut,2,shift_good,gamma_0.5,strong,gamma,good,/root/autodl-tmp/research-experiments/industrial-anomaly-detection/data/mvtec_ad/hazelnut/test/good/027.png,40.386993408203125
Q4a02,hazelnut,2,shift_good,gamma_0.5,strong,gamma,good,/root/autodl-tmp/research-experiments/industrial-anomaly-detection/data/mvtec_ad/hazelnut/test/good/028.png,37.69791030883789
Q4a02,hazelnut,2,shift_good,gamma_0.5,strong,gamma,good,/root/autodl-tmp/research-experiments/industrial-anomaly-detection/data/mvtec_ad/hazelnut/test/good/029.png,39.42814636230469
Q4a02,hazelnut,2,shift_good,gamma_0.5,strong,gamma,good,/root/autodl-tmp/research-experiments/industrial-anomaly-detection/data/mvtec_ad/hazelnut/test/good/030.png,38.26741027832031
Q4a02,hazelnut,2,shift_good,gamma_0.5,strong,gamma,good,/root/autodl-tmp/research-experiments/industrial-anomaly-detection/data/mvtec_ad/hazelnut/test/good/031.png,40.68525314331055
Q4a02,hazelnut,2,shift_good,gamma_0.5,strong,gamma,good,/root/autodl-tmp/research-experiments/industrial-anomaly-detection/data/mvtec_ad/hazelnut/test/good/032.png,41.0374641418457
Q4a02,hazelnut,2,shift_good,gamma_0.5,strong,gamma,good,/root/autodl-tmp/research-experiments/industrial-anomaly-detection/data/mvtec_ad/hazelnut/test/good/033.png,38.93135070800781
Q4a02,hazelnut,2,shift_good,gamma_0.5,strong,gamma,good,/root/autodl-tmp/research-experiments/industrial-anomaly-detection/data/mvtec_ad/hazelnut/test/good/034.png,40.60650634765625
Q4a02,hazelnut,2,shift_good,gamma_0.5,strong,gamma,good,/root/autodl-tmp/research-experiments/industrial-anomaly-detection/data/mvtec_ad/hazelnut/test/good/035.png,37.498172760009766
Q4a02,hazelnut,2,shift_good,gamma_0.5,strong,gamma,good,/root/autodl-tmp/research-experiments/industrial-anomaly-detection/data/mvtec_ad/hazelnut/test/good/036.png,40.38783645629883
Q4a02,hazelnut,2,shift_good,gamma_0.5,strong,gamma,good,/root/autodl-tmp/research-experiments/industrial-anomaly-detection/data/mvtec_ad/hazelnut/test/good/037.png,40.97221755981445
Q4a02,hazelnut,2,shift_good,gamma_0.5,strong,gamma,good,/root/autodl-tmp/research-experiments/industrial-anomaly-detection/data/mvtec_ad/hazelnut/test/good/038.png,38.454219818115234
Q4a02,hazelnut,2,shift_good,gamma_0.5,strong,gamma,good,/root/autodl-tmp/research-experiments/industrial-anomaly-detection/data/mvtec_ad/hazelnut/test/good/039.png,42.750423431396484
Q4a02,hazelnut,2,shift_good,gamma_1.5,strong,gamma,good,/root/autodl-tmp/research-experiments/industrial-anomaly-detection/data/mvtec_ad/hazelnut/test/good/000.png,39.74688720703125
Q4a02,hazelnut,2,shift_good,gamma_1.5,strong,gamma,good,/root/autodl-tmp/research-experiments/industrial-anomaly-detection/data/mvtec_ad/hazelnut/test/good/001.png,40.005672454833984
Q4a02,hazelnut,2,shift_good,gamma_1.5,strong,gamma,good,/root/autodl-tmp/research-experiments/industrial-anomaly-detection/data/mvtec_ad/hazelnut/test/good/002.png,37.4041748046875
Q4a02,hazelnut,2,shift_good,gamma_1.5,strong,gamma,good,/root/autodl-tmp/research-experiments/industrial-anomaly-detection/data/mvtec_ad/hazelnut/test/good/003.png,36.09109115600586
Q4a02,hazelnut,2,shift_good,gamma_1.5,strong,gamma,good,/root/autodl-tmp/research-experiments/industrial-anomaly-detection/data/mvtec_ad/hazelnut/test/good/004.png,38.52656555175781
Q4a02,hazelnut,2,shift_good,gamma_1.5,strong,gamma,good,/root/autodl-tmp/research-experiments/industrial-anomaly-detection/data/mvtec_ad/hazelnut/test/good/005.png,41.527835845947266
Q4a02,hazelnut,2,shift_good,gamma_1.5,strong,gamma,good,/root/autodl-tmp/research-experiments/industrial-anomaly-detection/data/mvtec_ad/hazelnut/test/good/006.png,36.27743148803711
Q4a02,hazelnut,2,shift_good,gamma_1.5,strong,gamma,good,/root/autodl-tmp/research-experiments/industrial-anomaly-detection/data/mvtec_ad/hazelnut/test/good/007.png,38.79288101196289
Q4a02,hazelnut,2,shift_good,gamma_1.5,strong,gamma,good,/root/autodl-tmp/research-experiments/industrial-anomaly-detection/data/mvtec_ad/hazelnut/test/good/008.png,38.07278060913086
Q4a02,hazelnut,2,shift_good,gamma_1.5,strong,gamma,good,/root/autodl-tmp/research-experiments/industrial-anomaly-detection/data/mvtec_ad/hazelnut/test/good/009.png,36.7425651550293
Q4a02,hazelnut,2,shift_good,gamma_1.5,strong,gamma,good,/root/autodl-tmp/research-experiments/industrial-anomaly-detection/data/mvtec_ad/hazelnut/test/good/010.png,37.455528259277344
Q4a02,hazelnut,2,shift_good,gamma_1.5,strong,gamma,good,/root/autodl-tmp/research-experiments/industrial-anomaly-detection/data/mvtec_ad/hazelnut/test/good/011.png,38.06674575805664
Q4a02,hazelnut,2,shift_good,gamma_1.5,strong,gamma,good,/root/autodl-tmp/research-experiments/industrial-anomaly-detection/data/mvtec_ad/hazelnut/test/good/012.png,39.156578063964844
Q4a02,hazelnut,2,shift_good,gamma_1.5,strong,gamma,good,/root/autodl-tmp/research-experiments/industrial-anomaly-detection/data/mvtec_ad/hazelnut/test/good/013.png,42.70649337768555
Q4a02,hazelnut,2,shift_good,gamma_1.5,strong,gamma,good,/root/autodl-tmp/research-experiments/industrial-anomaly-detection/data/mvtec_ad/hazelnut/test/good/014.png,38.53102493286133
Q4a02,hazelnut,2,shift_good,gamma_1.5,strong,gamma,good,/root/autodl-tmp/research-experiments/industrial-anomaly-detection/data/mvtec_ad/hazelnut/test/good/015.png,35.425262451171875
Q4a02,hazelnut,2,shift_good,gamma_1.5,strong,gamma,good,/root/autodl-tmp/research-experiments/industrial-anomaly-detection/data/mvtec_ad/hazelnut/test/good/016.png,36.52226638793945
Q4a02,hazelnut,2,shift_good,gamma_1.5,strong,gamma,good,/root/autodl-tmp/research-experiments/industrial-anomaly-detection/data/mvtec_ad/hazelnut/test/good/017.png,39.330989837646484
Q4a02,hazelnut,2,shift_good,gamma_1.5,strong,gamma,good,/root/autodl-tmp/research-experiments/industrial-anomaly-detection/data/mvtec_ad/hazelnut/test/good/018.png,37.83830261230469
Q4a02,hazelnut,2,shift_good,gamma_1.5,strong,gamma,good,/root/autodl-tmp/research-experiments/industrial-anomaly-detection/data/mvtec_ad/hazelnut/test/good/019.png,38.57170104980469
Q4a02,hazelnut,2,shift_good,gamma_1.5,strong,gamma,good,/root/autodl-tmp/research-experiments/industrial-anomaly-detection/data/mvtec_ad/hazelnut/test/good/020.png,38.869686126708984
Q4a02,hazelnut,2,shift_good,gamma_1.5,strong,gamma,good,/root/autodl-tmp/research-experiments/industrial-anomaly-detection/data/mvtec_ad/hazelnut/test/good/021.png,37.58063507080078
Q4a02,hazelnut,2,shift_good,gamma_1.5,strong,gamma,good,/root/autodl-tmp/research-experiments/industrial-anomaly-detection/data/mvtec_ad/hazelnut/test/good/022.png,38.48702621459961
Q4a02,hazelnut,2,shift_good,gamma_1.5,strong,gamma,good,/root/autodl-tmp/research-experiments/industrial-anomaly-detection/data/mvtec_ad/hazelnut/test/good/023.png,37.36479949951172
Q4a02,hazelnut,2,shift_good,gamma_1.5,strong,gamma,good,/root/autodl-tmp/research-experiments/industrial-anomaly-detection/data/mvtec_ad/hazelnut/test/good/024.png,37.12694549560547
Q4a02,hazelnut,2,shift_good,gamma_1.5,strong,gamma,good,/root/autodl-tmp/research-experiments/industrial-anomaly-detection/data/mvtec_ad/hazelnut/test/good/025.png,36.74125289916992
Q4a02,hazelnut,2,shift_good,gamma_1.5,strong,gamma,good,/root/autodl-tmp/research-experiments/industrial-anomaly-detection/data/mvtec_ad/hazelnut/test/good/026.png,36.88945388793945
Q4a02,hazelnut,2,shift_good,gamma_1.5,strong,gamma,good,/root/autodl-tmp/research-experiments/industrial-anomaly-detection/data/mvtec_ad/hazelnut/test/good/027.png,41.01372528076172
Q4a02,hazelnut,2,shift_good,gamma_1.5,strong,gamma,good,/root/autodl-tmp/research-experiments/industrial-anomaly-detection/data/mvtec_ad/hazelnut/test/good/028.png,37.09955978393555
Q4a02,hazelnut,2,shift_good,gamma_1.5,strong,gamma,good,/root/autodl-tmp/research-experiments/industrial-anomaly-detection/data/mvtec_ad/hazelnut/test/good/029.png,38.51527404785156
Q4a02,hazelnut,2,shift_good,gamma_1.5,strong,gamma,good,/root/autodl-tmp/research-experiments/industrial-anomaly-detection/data/mvtec_ad/hazelnut/test/good/030.png,36.592369079589844
Q4a02,hazelnut,2,shift_good,gamma_1.5,strong,gamma,good,/root/autodl-tmp/research-experiments/industrial-anomaly-detection/data/mvtec_ad/hazelnut/test/good/031.png,38.02297592163086
Q4a02,hazelnut,2,shift_good,gamma_1.5,strong,gamma,good,/root/autodl-tmp/research-experiments/industrial-anomaly-detection/data/mvtec_ad/hazelnut/test/good/032.png,41.61580276489258
Q4a02,hazelnut,2,shift_good,gamma_1.5,strong,gamma,good,/root/autodl-tmp/research-experiments/industrial-anomaly-detection/data/mvtec_ad/hazelnut/test/good/033.png,36.54037857055664
Q4a02,hazelnut,2,shift_good,gamma_1.5,strong,gamma,good,/root/autodl-tmp/research-experiments/industrial-anomaly-detection/data/mvtec_ad/hazelnut/test/good/034.png,37.32464599609375
Q4a02,hazelnut,2,shift_good,gamma_1.5,strong,gamma,good,/root/autodl-tmp/research-experiments/industrial-anomaly-detection/data/mvtec_ad/hazelnut/test/good/035.png,35.33406066894531
Q4a02,hazelnut,2,shift_good,gamma_1.5,strong,gamma,good,/root/autodl-tmp/research-experiments/industrial-anomaly-detection/data/mvtec_ad/hazelnut/test/good/036.png,38.911216735839844
Q4a02,hazelnut,2,shift_good,gamma_1.5,strong,gamma,good,/root/autodl-tmp/research-experiments/industrial-anomaly-detection/data/mvtec_ad/hazelnut/test/good/037.png,40.59806823730469
Q4a02,hazelnut,2,shift_good,gamma_1.5,strong,gamma,good,/root/autodl-tmp/research-experiments/industrial-anomaly-detection/data/mvtec_ad/hazelnut/test/good/038.png,37.06277084350586
Q4a02,hazelnut,2,shift_good,gamma_1.5,strong,gamma,good,/root/autodl-tmp/research-experiments/industrial-anomaly-detection/data/mvtec_ad/hazelnut/test/good/039.png,40.80965042114258
