category,defect_type,image_path,seed,location,alpha,is_good,gt_label,anomaly_score,good_mean,good_std,z_score,mask_path,area_pixels,area_ratio,log_area_ratio
bottle,good,D:\Research\research-experiments\industrial-anomaly-detection\data\mvtec_ad\bottle\test\good\000.png,2,post_concat,0.0,1,0,23.333616256713867,24.885711002349854,2.21820874530049,-0.6997063504164178,,,,
bottle,good,D:\Research\research-experiments\industrial-anomaly-detection\data\mvtec_ad\bottle\test\good\001.png,2,post_concat,0.0,1,0,28.080936431884766,24.885711002349854,2.21820874530049,1.4404529944732816,,,,
bottle,good,D:\Research\research-experiments\industrial-anomaly-detection\data\mvtec_ad\bottle\test\good\002.png,2,post_concat,0.0,1,0,25.221372604370117,24.885711002349854,2.21820874530049,0.1513210164423874,,,,
bottle,good,D:\Research\research-experiments\industrial-anomaly-detection\data\mvtec_ad\bottle\test\good\003.png,2,post_concat,0.0,1,0,23.13121795654297,24.885711002349854,2.21820874530049,-0.7909503781030368,,,,
bottle,good,D:\Research\research-experiments\industrial-anomaly-detection\data\mvtec_ad\bottle\test\good\004.png,2,post_concat,0.0,1,0,22.925573348999023,24.885711002349854,2.21820874530049,-0.8836578872496063,,,,
bottle,good,D:\Research\research-experiments\industrial-anomaly-detection\data\mvtec_ad\bottle\test\good\005.png,2,post_concat,0.0,1,0,23.14854621887207,24.885711002349854,2.21820874530049,-0.78313855139114,,,,
bottle,good,D:\Research\research-experiments\industrial-anomaly-detection\data\mvtec_ad\bottle\test\good\006.png,2,post_concat,0.0,1,0,26.92394256591797,24.885711002349854,2.21820874530049,0.9188637308757905,,,,
bottle,good,D:\Research\research-experiments\industrial-anomaly-detection\data\mvtec_ad\bottle\test\good\007.png,2,post_concat,0.0,1,0,26.812240600585938,24.885711002349854,2.21820874530049,0.8685068987838228,,,,
bottle,good,D:\Research\research-experiments\industrial-anomaly-detection\data\mvtec_ad\bottle\test\good\008.png,2,post_concat,0.0,1,0,24.85516929626465,24.885711002349854,2.21820874530049,-0.01376863478241695,,,,
bottle,good,D:\Research\research-experiments\industrial-anomaly-detection\data\mvtec_ad\bottle\test\good\009.png,2,post_concat,0.0,1,0,29.420757293701172,24.885711002349854,2.21820874530049,2.0444632638651763,,,,
bottle,good,D:\Research\research-experiments\industrial-anomaly-detection\data\mvtec_ad\bottle\test\good\010.png,2,post_concat,0.0,1,0,24.541826248168945,24.885711002349854,2.21820874530049,-0.15502813020166167,,,,
bottle,good,D:\Research\research-experiments\industrial-anomaly-detection\data\mvtec_ad\bottle\test\good\011.png,2,post_concat,0.0,1,0,22.415637969970703,24.885711002349854,2.21820874530049,-1.1135439969805647,,,,
bottle,good,D:\Research\research-experiments\industrial-anomaly-detection\data\mvtec_ad\bottle\test\good\012.png,2,post_concat,0.0,1,0,24.075029373168945,24.885711002349854,2.21820874530049,-0.36546678976828656,,,,
bottle,good,D:\Research\research-experiments\industrial-anomaly-detection\data\mvtec_ad\bottle\test\good\013.png,2,post_concat,0.0,1,0,21.20320701599121,24.885711002349854,2.21820874530049,-1.660125087037195,,,,
bottle,good,D:\Research\research-experiments\industrial-anomaly-detection\data\mvtec_ad\bottle\test\good\014.png,2,post_concat,0.0,1,0,23.327749252319336,24.885711002349854,2.21820874530049,-0.7023512793064337,,,,
bottle,good,D:\Research\research-experiments\industrial-anomaly-detection\data\mvtec_ad\bottle\test\good\015.png,2,post_concat,0.0,1,0,27.522228240966797,24.885711002349854,2.21820874530049,1.1885794085893329,,,,
bottle,good,D:\Research\research-experiments\industrial-anomaly-detection\data\mvtec_ad\bottle\test\good\016.png,2,post_concat,0.0,1,0,27.193614959716797,24.885711002349854,2.21820874530049,1.0404358752333303,,,,
bottle,good,D:\Research\research-experiments\industrial-anomaly-detection\data\mvtec_ad\bottle\test\good\017.png,2,post_concat,0.0,1,0,23.067588806152344,24.885711002349854,2.21820874530049,-0.8196353026059404,,,,
bottle,good,D:\Research\research-experiments\industrial-anomaly-detection\data\mvtec_ad\bottle\test\good\018.png,2,post_concat,0.0,1,0,23.903818130493164,24.885711002349854,2.21820874530049,-0.4426512490931857,,,,
bottle,good,D:\Research\research-experiments\industrial-anomaly-detection\data\mvtec_ad\bottle\test\good\019.png,2,post_concat,0.0,1,0,26.61014747619629,24.885711002349854,2.21820874530049,0.7774004486727573,,,,
bottle,broken_large,D:\Research\research-experiments\industrial-anomaly-detection\data\mvtec_ad\bottle\test\broken_large\000.png,2,post_concat,0.0,0,1,62.688568115234375,24.885711002349854,2.21820874530049,17.042064770943618,D:\Research\research-experiments\industrial-anomaly-detection\data\mvtec_ad\bottle\ground_truth\broken_large\000_mask.png,88192,0.10887901234567901,-2.2175179825308393
bottle,broken_large,D:\Research\research-experiments\industrial-anomaly-detection\data\mvtec_ad\bottle\test\broken_large\001.png,2,post_concat,0.0,0,1,61.799800872802734,24.885711002349854,2.21820874530049,16.64139587793948,D:\Research\research-experiments\industrial-anomaly-detection\data\mvtec_ad\bottle\ground_truth\broken_large\001_mask.png,76641,0.09461851851851852,-2.357902055503547
bottle,broken_large,D:\Research\research-experiments\industrial-anomaly-detection\data\mvtec_ad\bottle\test\broken_large\002.png,2,post_concat,0.0,0,1,61.20415496826172,24.885711002349854,2.21820874530049,16.37287024625448,D:\Research\research-experiments\industrial-anomaly-detection\data\mvtec_ad\bottle\ground_truth\broken_large\002_mask.png,125835,0.15535185185185185,-1.862062716263116
bottle,broken_large,D:\Research\research-experiments\industrial-anomaly-detection\data\mvtec_ad\bottle\test\broken_large\003.png,2,post_concat,0.0,0,1,66.15687561035156,24.885711002349854,2.21820874530049,18.605627038230303,D:\Research\research-experiments\industrial-anomaly-detection\data\mvtec_ad\bottle\ground_truth\broken_large\003_mask.png,222091,0.27418641975308644,-1.293947036227257
bottle,broken_large,D:\Research\research-experiments\industrial-anomaly-detection\data\mvtec_ad\bottle\test\broken_large\004.png,2,post_concat,0.0,0,1,66.97349548339844,24.885711002349854,2.21820874530049,18.973770872653898,D:\Research\research-experiments\industrial-anomaly-detection\data\mvtec_ad\bottle\ground_truth\broken_large\004_mask.png,33132,0.040903703703703706,-3.196534640482803
bottle,broken_large,D:\Research\research-experiments\industrial-anomaly-detection\data\mvtec_ad\bottle\test\broken_large\005.png,2,post_concat,0.0,0,1,55.604774475097656,24.885711002349854,2.21820874530049,13.848590011120184,D:\Research\research-experiments\industrial-anomaly-detection\data\mvtec_ad\bottle\ground_truth\broken_large\005_mask.png,33201,0.04098888888888889,-3.194454227318871
bottle,broken_large,D:\Research\research-experiments\industrial-anomaly-detection\data\mvtec_ad\bottle\test\broken_large\006.png,2,post_concat,0.0,0,1,66.9189682006836,24.885711002349854,2.21820874530049,18.949189199341877,D:\Research\research-experiments\industrial-anomaly-detection\data\mvtec_ad\bottle\ground_truth\broken_large\006_mask.png,123810,0.15285185185185185,-1.8782861086916018
bottle,broken_large,D:\Research\research-experiments\industrial-anomaly-detection\data\mvtec_ad\bottle\test\broken_large\007.png,2,post_concat,0.0,0,1,59.15147018432617,24.885711002349854,2.21820874530049,15.44749079840748,D:\Research\research-experiments\industrial-anomaly-detection\data\mvtec_ad\bottle\ground_truth\broken_large\007_mask.png,130952,0.16166913580246914,-1.8222033976389584
bottle,broken_large,D:\Research\research-experiments\industrial-anomaly-detection\data\mvtec_ad\bottle\test\broken_large\008.png,2,post_concat,0.0,0,1,63.91962432861328,24.885711002349854,2.21820874530049,17.597042392408248,D:\Research\research-experiments\industrial-anomaly-detection\data\mvtec_ad\bottle\ground_truth\broken_large\008_mask.png,105614,0.13038765432098764,-2.037243301754699
bottle,broken_large,D:\Research\research-experiments\industrial-anomaly-detection\data\mvtec_ad\bottle\test\broken_large\009.png,2,post_concat,0.0,0,1,59.201026916503906,24.885711002349854,2.21820874530049,15.469831676957673,D:\Research\research-experiments\industrial-anomaly-detection\data\mvtec_ad\bottle\ground_truth\broken_large\009_mask.png,70875,0.0875,-2.436116474189997
bottle,broken_large,D:\Research\research-experiments\industrial-anomaly-detection\data\mvtec_ad\bottle\test\broken_large\010.png,2,post_concat,0.0,0,1,63.80756378173828,24.885711002349854,2.21820874530049,17.546523906665005,D:\Research\research-experiments\industrial-anomaly-detection\data\mvtec_ad\bottle\ground_truth\broken_large\010_mask.png,90028,0.11114567901234568,-2.196913505612934
bottle,broken_large,D:\Research\research-experiments\industrial-anomaly-detection\data\mvtec_ad\bottle\test\broken_large\011.png,2,post_concat,0.0,0,1,53.67234802246094,24.885711002349854,2.21820874530049,12.977424726639736,D:\Research\research-experiments\industrial-anomaly-detection\data\mvtec_ad\bottle\ground_truth\broken_large\011_mask.png,60540,0.07474074074074075,-2.593729930693328
bottle,broken_large,D:\Research\research-experiments\industrial-anomaly-detection\data\mvtec_ad\bottle\test\broken_large\012.png,2,post_concat,0.0,0,1,63.64832305908203,24.885711002349854,2.21820874530049,17.47473592774119,D:\Research\research-experiments\industrial-anomaly-detection\data\mvtec_ad\bottle\ground_truth\broken_large\012_mask.png,70457,0.08698395061728395,-2.442031641512311
bottle,broken_large,D:\Research\research-experiments\industrial-anomaly-detection\data\mvtec_ad\bottle\test\broken_large\013.png,2,post_concat,0.0,0,1,59.95490646362305,24.885711002349854,2.21820874530049,15.809691281567165,D:\Research\research-experiments\industrial-anomaly-detection\data\mvtec_ad\bottle\ground_truth\broken_large\013_mask.png,109290,0.13492592592592592,-2.003029340566428
bottle,broken_large,D:\Research\research-experiments\industrial-anomaly-detection\data\mvtec_ad\bottle\test\broken_large\014.png,2,post_concat,0.0,0,1,62.48422622680664,24.885711002349854,2.21820874530049,16.949944546072693,D:\Research\research-experiments\industrial-anomaly-detection\data\mvtec_ad\bottle\ground_truth\broken_large\014_mask.png,38206,0.0471679012345679,-3.0540416551241663
bottle,broken_large,D:\Research\research-experiments\industrial-anomaly-detection\data\mvtec_ad\bottle\test\broken_large\015.png,2,post_concat,0.0,0,1,63.503074645996094,24.885711002349854,2.21820874530049,17.409255880656506,D:\Research\research-experiments\industrial-anomaly-detection\data\mvtec_ad\bottle\ground_truth\broken_large\015_mask.png,75659,0.09340617283950617,-2.3707978348665426
bottle,broken_large,D:\Research\research-experiments\industrial-anomaly-detection\data\mvtec_ad\bottle\test\broken_large\016.png,2,post_concat,0.0,0,1,59.042179107666016,24.885711002349854,2.21820874530049,15.398220829162385,D:\Research\research-experiments\industrial-anomaly-detection\data\mvtec_ad\bottle\ground_truth\broken_large\016_mask.png,118913,0.14680617283950617,-1.9186421075586297
bottle,broken_large,D:\Research\research-experiments\industrial-anomaly-detection\data\mvtec_ad\bottle\test\broken_large\017.png,2,post_concat,0.0,0,1,62.83279800415039,24.885711002349854,2.21820874530049,17.107085652869895,D:\Research\research-experiments\industrial-anomaly-detection\data\mvtec_ad\bottle\ground_truth\broken_large\017_mask.png,114063,0.1408185185185185,-1.9602833132362991
bottle,broken_large,D:\Research\research-experiments\industrial-anomaly-detection\data\mvtec_ad\bottle\test\broken_large\018.png,2,post_concat,0.0,0,1,64.34442138671875,24.885711002349854,2.21820874530049,17.788546938139323,D:\Research\research-experiments\industrial-anomaly-detection\data\mvtec_ad\bottle\ground_truth\broken_large\018_mask.png,106080,0.13096296296296298,-2.032840713593185
bottle,broken_large,D:\Research\research-experiments\industrial-anomaly-detection\data\mvtec_ad\bottle\test\broken_large\019.png,2,post_concat,0.0,0,1,61.25045394897461,24.885711002349854,2.21820874530049,16.393742484185637,D:\Research\research-experiments\industrial-anomaly-detection\data\mvtec_ad\bottle\ground_truth\broken_large\019_mask.png,102217,0.12619382716049382,-2.069936235296805
bottle,broken_small,D:\Research\research-experiments\industrial-anomaly-detection\data\mvtec_ad\bottle\test\broken_small\000.png,2,post_concat,0.0,0,1,46.855777740478516,24.885711002349854,2.21820874530049,9.904418051130028,D:\Research\research-experiments\industrial-anomaly-detection\data\mvtec_ad\bottle\ground_truth\broken_small\000_mask.png,7166,0.008846913580246914,-4.727686515749959
bottle,broken_small,D:\Research\research-experiments\industrial-anomaly-detection\data\mvtec_ad\bottle\test\broken_small\001.png,2,post_concat,0.0,0,1,59.62400436401367,24.885711002349854,2.21820874530049,15.66051591639451,D:\Research\research-experiments\industrial-anomaly-detection\data\mvtec_ad\bottle\ground_truth\broken_small\001_mask.png,11966,0.01477283950617284,-4.214964885006854
bottle,broken_small,D:\Research\research-experiments\industrial-anomaly-detection\data\mvtec_ad\bottle\test\broken_small\002.png,2,post_concat,0.0,0,1,61.996253967285156,24.885711002349854,2.21820874530049,16.72995972248235,D:\Research\research-experiments\industrial-anomaly-detection\data\mvtec_ad\bottle\ground_truth\broken_small\002_mask.png,29456,0.03636543209876543,-3.314136595677121
bottle,broken_small,D:\Research\research-experiments\industrial-anomaly-detection\data\mvtec_ad\bottle\test\broken_small\003.png,2,post_concat,0.0,0,1,59.754150390625,24.885711002349854,2.21820874530049,15.719187593208993,D:\Research\research-experiments\industrial-anomaly-detection\data\mvtec_ad\bottle\ground_truth\broken_small\003_mask.png,65292,0.0806074074074074,-2.5181647179688884
bottle,broken_small,D:\Research\research-experiments\industrial-anomaly-detection\data\mvtec_ad\bottle\test\broken_small\004.png,2,post_concat,0.0,0,1,67.48806762695312,24.885711002349854,2.21820874530049,19.205747301673423,D:\Research\research-experiments\industrial-anomaly-detection\data\mvtec_ad\bottle\ground_truth\broken_small\004_mask.png,25926,0.03200740740740741,-3.441787890245866
bottle,broken_small,D:\Research\research-experiments\industrial-anomaly-detection\data\mvtec_ad\bottle\test\broken_small\005.png,2,post_concat,0.0,0,1,51.24507522583008,24.885711002349854,2.21820874530049,11.883175683679603,D:\Research\research-experiments\industrial-anomaly-detection\data\mvtec_ad\bottle\ground_truth\broken_small\005_mask.png,12266,0.015143209876543209,-4.190202974426497
bottle,broken_small,D:\Research\research-experiments\industrial-anomaly-detection\data\mvtec_ad\bottle\test\broken_small\006.png,2,post_concat,0.0,0,1,61.7372932434082,24.885711002349854,2.21820874530049,16.61321655102674,D:\Research\research-experiments\industrial-anomaly-detection\data\mvtec_ad\bottle\ground_truth\broken_small\006_mask.png,21797,0.026909876543209876,-3.6152618648590327
bottle,broken_small,D:\Research\research-experiments\industrial-anomaly-detection\data\mvtec_ad\bottle\test\broken_small\007.png,2,post_concat,0.0,0,1,54.8097038269043,24.885711002349854,2.21820874530049,13.49016087325036,D:\Research\research-experiments\industrial-anomaly-detection\data\mvtec_ad\bottle\ground_truth\broken_small\007_mask.png,17046,0.021044444444444445,-3.8611186280479
bottle,broken_small,D:\Research\research-experiments\industrial-anomaly-detection\data\mvtec_ad\bottle\test\broken_small\008.png,2,post_concat,0.0,0,1,53.91428756713867,24.885711002349854,2.21820874530049,13.086494508818852,D:\Research\research-experiments\industrial-anomaly-detection\data\mvtec_ad\bottle\ground_truth\broken_small\008_mask.png,17311,0.021371604938271605,-3.8456920632808353
bottle,broken_small,D:\Research\research-experiments\industrial-anomaly-detection\data\mvtec_ad\bottle\test\broken_small\009.png,2,post_concat,0.0,0,1,60.12504196166992,24.885711002349854,2.21820874530049,15.886390779938239,D:\Research\research-experiments\industrial-anomaly-detection\data\mvtec_ad\bottle\ground_truth\broken_small\009_mask.png,19096,0.02357530864197531,-3.747555316212696
bottle,broken_small,D:\Research\research-experiments\industrial-anomaly-detection\data\mvtec_ad\bottle\test\broken_small\010.png,2,post_concat,0.0,0,1,65.52523803710938,24.885711002349854,2.21820874530049,18.320875851228458,D:\Research\research-experiments\industrial-anomaly-detection\data\mvtec_ad\bottle\ground_truth\broken_small\010_mask.png,37177,0.04589753086419753,-3.081343935383245
bottle,broken_small,D:\Research\research-experiments\industrial-anomaly-detection\data\mvtec_ad\bottle\test\broken_small\011.png,2,post_concat,0.0,0,1,53.77584457397461,24.885711002349854,2.21820874530049,13.024082441669009,D:\Research\research-experiments\industrial-anomaly-detection\data\mvtec_ad\bottle\ground_truth\broken_small\011_mask.png,15597,0.019255555555555557,-3.949955607663733
bottle,broken_small,D:\Research\research-experiments\industrial-anomaly-detection\data\mvtec_ad\bottle\test\broken_small\012.png,2,post_concat,0.0,0,1,61.775856018066406,24.885711002349854,2.21820874530049,16.630601197417615,D:\Research\research-experiments\industrial-anomaly-detection\data\mvtec_ad\bottle\ground_truth\broken_small\012_mask.png,63191,0.07801358024691359,-2.5508723488992464
bottle,broken_small,D:\Research\research-experiments\industrial-anomaly-detection\data\mvtec_ad\bottle\test\broken_small\013.png,2,post_concat,0.0,0,1,57.18400573730469,24.885711002349854,2.21820874530049,14.560529888533797,D:\Research\research-experiments\industrial-anomaly-detection\data\mvtec_ad\bottle\ground_truth\broken_small\013_mask.png,26219,0.03236913580246913,-3.430549877989932
bottle,broken_small,D:\Research\research-experiments\industrial-anomaly-detection\data\mvtec_ad\bottle\test\broken_small\014.png,2,post_concat,0.0,0,1,49.98841094970703,24.885711002349854,2.21820874530049,11.31665358390634,D:\Research\research-experiments\industrial-anomaly-detection\data\mvtec_ad\bottle\ground_truth\broken_small\014_mask.png,14546,0.017958024691358026,-4.019718150248726
bottle,broken_small,D:\Research\research-experiments\industrial-anomaly-detection\data\mvtec_ad\bottle\test\broken_small\015.png,2,post_concat,0.0,0,1,56.9006233215332,24.885711002349854,2.21820874530049,14.432777071594517,D:\Research\research-experiments\industrial-anomaly-detection\data\mvtec_ad\bottle\ground_truth\broken_small\015_mask.png,13480,0.016641975308641976,-4.0958270820933045
bottle,broken_small,D:\Research\research-experiments\industrial-anomaly-detection\data\mvtec_ad\bottle\test\broken_small\016.png,2,post_concat,0.0,0,1,59.390167236328125,24.885711002349854,2.21820874530049,15.555098818846341,D:\Research\research-experiments\industrial-anomaly-detection\data\mvtec_ad\bottle\ground_truth\broken_small\016_mask.png,16578,0.020466666666666668,-3.888957683637216
bottle,broken_small,D:\Research\research-experiments\industrial-anomaly-detection\data\mvtec_ad\bottle\test\broken_small\017.png,2,post_concat,0.0,0,1,65.1325912475586,24.885711002349854,2.21820874530049,18.143865103081943,D:\Research\research-experiments\industrial-anomaly-detection\data\mvtec_ad\bottle\ground_truth\broken_small\017_mask.png,20384,0.02516543209876543,-3.682283928539684
bottle,broken_small,D:\Research\research-experiments\industrial-anomaly-detection\data\mvtec_ad\bottle\test\broken_small\018.png,2,post_concat,0.0,0,1,67.31912231445312,24.885711002349854,2.21820874530049,19.12958435584701,D:\Research\research-experiments\industrial-anomaly-detection\data\mvtec_ad\bottle\ground_truth\broken_small\018_mask.png,46314,0.05717777777777778,-2.8615899389814006
bottle,broken_small,D:\Research\research-experiments\industrial-anomaly-detection\data\mvtec_ad\bottle\test\broken_small\019.png,2,post_concat,0.0,0,1,65.01441955566406,24.885711002349854,2.21820874530049,18.090591626388242,D:\Research\research-experiments\industrial-anomaly-detection\data\mvtec_ad\bottle\ground_truth\broken_small\019_mask.png,22626,0.027933333333333334,-3.5779345243626874
bottle,broken_small,D:\Research\research-experiments\industrial-anomaly-detection\data\mvtec_ad\bottle\test\broken_small\020.png,2,post_concat,0.0,0,1,66.24247741699219,24.885711002349854,2.21820874530049,18.64421754817306,D:\Research\research-experiments\industrial-anomaly-detection\data\mvtec_ad\bottle\ground_truth\broken_small\020_mask.png,28333,0.03497901234567901,-3.3530070160307934
bottle,broken_small,D:\Research\research-experiments\industrial-anomaly-detection\data\mvtec_ad\bottle\test\broken_small\021.png,2,post_concat,0.0,0,1,59.41776657104492,24.885711002349854,2.21820874530049,15.56754099083546,D:\Research\research-experiments\industrial-anomaly-detection\data\mvtec_ad\bottle\ground_truth\broken_small\021_mask.png,14995,0.018512345679012346,-3.9893173814475076
bottle,contamination,D:\Research\research-experiments\industrial-anomaly-detection\data\mvtec_ad\bottle\test\contamination\000.png,2,post_concat,0.0,0,1,54.50240707397461,24.885711002349854,2.21820874530049,13.351627133546769,D:\Research\research-experiments\industrial-anomaly-detection\data\mvtec_ad\bottle\ground_truth\contamination\000_mask.png,58708,0.07247901234567901,-2.624458230120435
bottle,contamination,D:\Research\research-experiments\industrial-anomaly-detection\data\mvtec_ad\bottle\test\contamination\001.png,2,post_concat,0.0,0,1,45.840457916259766,24.885711002349854,2.21820874530049,9.446697457263552,D:\Research\research-experiments\industrial-anomaly-detection\data\mvtec_ad\bottle\ground_truth\contamination\001_mask.png,58120,0.07175308641975309,-2.6345243950277197
bottle,contamination,D:\Research\research-experiments\industrial-anomaly-detection\data\mvtec_ad\bottle\test\contamination\002.png,2,post_concat,0.0,0,1,52.77712631225586,24.885711002349854,2.21820874530049,12.573846067912644,D:\Research\research-experiments\industrial-anomaly-detection\data\mvtec_ad\bottle\ground_truth\contamination\002_mask.png,14913,0.01841111111111111,-3.9948008775708135
bottle,contamination,D:\Research\research-experiments\industrial-anomaly-detection\data\mvtec_ad\bottle\test\contamination\003.png,2,post_concat,0.0,0,1,38.044830322265625,24.885711002349854,2.21820874530049,5.932317843302511,D:\Research\research-experiments\industrial-anomaly-detection\data\mvtec_ad\bottle\ground_truth\contamination\003_mask.png,21317,0.026317283950617283,-3.6375293332175858
bottle,contamination,D:\Research\research-experiments\industrial-anomaly-detection\data\mvtec_ad\bottle\test\contamination\004.png,2,post_concat,0.0,0,1,44.51892852783203,24.885711002349854,2.21820874530049,8.850933243806395,D:\Research\research-experiments\industrial-anomaly-detection\data\mvtec_ad\bottle\ground_truth\contamination\004_mask.png,16790,0.020728395061728393,-3.8762507283340346
bottle,contamination,D:\Research\research-experiments\industrial-anomaly-detection\data\mvtec_ad\bottle\test\contamination\005.png,2,post_concat,0.0,0,1,64.85536193847656,24.885711002349854,2.21820874530049,18.01888619400976,D:\Research\research-experiments\industrial-anomaly-detection\data\mvtec_ad\bottle\ground_truth\contamination\005_mask.png,99554,0.12290617283950617,-2.096334029013557
bottle,contamination,D:\Research\research-experiments\industrial-anomaly-detection\data\mvtec_ad\bottle\test\contamination\006.png,2,post_concat,0.0,0,1,59.637962341308594,24.885711002349854,2.21820874530049,15.666808370756389,D:\Research\research-experiments\industrial-anomaly-detection\data\mvtec_ad\bottle\ground_truth\contamination\006_mask.png,123943,0.15301604938271604,-1.8772124586295935
bottle,contamination,D:\Research\research-experiments\industrial-anomaly-detection\data\mvtec_ad\bottle\test\contamination\007.png,2,post_concat,0.0,0,1,75.9276123046875,24.885711002349854,2.21820874530049,23.010413880332642,D:\Research\research-experiments\industrial-anomaly-detection\data\mvtec_ad\bottle\ground_truth\contamination\007_mask.png,45048,0.05561481481481481,-2.8893056417333467
bottle,contamination,D:\Research\research-experiments\industrial-anomaly-detection\data\mvtec_ad\bottle\test\contamination\008.png,2,post_concat,0.0,0,1,58.427921295166016,24.885711002349854,2.21820874530049,15.121304685088312,D:\Research\research-experiments\industrial-anomaly-detection\data\mvtec_ad\bottle\ground_truth\contamination\008_mask.png,133876,0.16527901234567902,-1.800120243221566
bottle,contamination,D:\Research\research-experiments\industrial-anomaly-detection\data\mvtec_ad\bottle\test\contamination\009.png,2,post_concat,0.0,0,1,64.03144836425781,24.885711002349854,2.21820874530049,17.647454255530437,D:\Research\research-experiments\industrial-anomaly-detection\data\mvtec_ad\bottle\ground_truth\contamination\009_mask.png,111640,0.13782716049382715,-1.9817548317428992
bottle,contamination,D:\Research\research-experiments\industrial-anomaly-detection\data\mvtec_ad\bottle\test\contamination\010.png,2,post_concat,0.0,0,1,65.18017578125,24.885711002349854,2.21820874530049,18.165316886550123,D:\Research\research-experiments\industrial-anomaly-detection\data\mvtec_ad\bottle\ground_truth\contamination\010_mask.png,93231,0.1151,-2.161953954566203
bottle,contamination,D:\Research\research-experiments\industrial-anomaly-detection\data\mvtec_ad\bottle\test\contamination\011.png,2,post_concat,0.0,0,1,47.276092529296875,24.885711002349854,2.21820874530049,10.09390192622016,D:\Research\research-experiments\industrial-anomaly-detection\data\mvtec_ad\bottle\ground_truth\contamination\011_mask.png,120781,0.14911234567901235,-1.9030552525981752
bottle,contamination,D:\Research\research-experiments\industrial-anomaly-detection\data\mvtec_ad\bottle\test\contamination\012.png,2,post_concat,0.0,0,1,43.31975555419922,24.885711002349854,2.21820874530049,8.310329039547716,D:\Research\research-experiments\industrial-anomaly-detection\data\mvtec_ad\bottle\ground_truth\contamination\012_mask.png,122608,0.1513679012345679,-1.8880419668320156
bottle,contamination,D:\Research\research-experiments\industrial-anomaly-detection\data\mvtec_ad\bottle\test\contamination\013.png,2,post_concat,0.0,0,1,70.96698760986328,24.885711002349854,2.21820874530049,20.77409382914998,D:\Research\research-experiments\industrial-anomaly-detection\data\mvtec_ad\bottle\ground_truth\contamination\013_mask.png,41319,0.05101111111111111,-2.975711785459608
bottle,contamination,D:\Research\research-experiments\industrial-anomaly-detection\data\mvtec_ad\bottle\test\contamination\014.png,2,post_concat,0.0,0,1,65.66903686523438,24.885711002349854,2.21820874530049,18.385702404829264,D:\Research\research-experiments\industrial-anomaly-detection\data\mvtec_ad\bottle\ground_truth\contamination\014_mask.png,5429,0.006702469135802469,-5.005279143544434
bottle,contamination,D:\Research\research-experiments\industrial-anomaly-detection\data\mvtec_ad\bottle\test\contamination\015.png,2,post_concat,0.0,0,1,60.11083984375,24.885711002349854,2.21820874530049,15.879988263515918,D:\Research\research-experiments\industrial-anomaly-detection\data\mvtec_ad\bottle\ground_truth\contamination\015_mask.png,33779,0.04170246913580247,-3.177194916061193
bottle,contamination,D:\Research\research-experiments\industrial-anomaly-detection\data\mvtec_ad\bottle\test\contamination\016.png,2,post_concat,0.0,0,1,41.12321472167969,24.885711002349854,2.21820874530049,7.320097242304496,D:\Research\research-experiments\industrial-anomaly-detection\data\mvtec_ad\bottle\ground_truth\contamination\016_mask.png,122515,0.15125308641975307,-1.88880076958694
bottle,contamination,D:\Research\research-experiments\industrial-anomaly-detection\data\mvtec_ad\bottle\test\contamination\017.png,2,post_concat,0.0,0,1,73.0367660522461,24.885711002349854,2.21820874530049,21.70717934094767,D:\Research\research-experiments\industrial-anomaly-detection\data\mvtec_ad\bottle\ground_truth\contamination\017_mask.png,67541,0.08338395061728394,-2.484299414785091
bottle,contamination,D:\Research\research-experiments\industrial-anomaly-detection\data\mvtec_ad\bottle\test\contamination\018.png,2,post_concat,0.0,0,1,68.90870666503906,24.885711002349854,2.21820874530049,19.84619155251127,D:\Research\research-experiments\industrial-anomaly-detection\data\mvtec_ad\bottle\ground_truth\contamination\018_mask.png,4663,0.00575679012345679,-5.157375056132402
bottle,contamination,D:\Research\research-experiments\industrial-anomaly-detection\data\mvtec_ad\bottle\test\contamination\019.png,2,post_concat,0.0,0,1,41.55028533935547,24.885711002349854,2.21820874530049,7.512626740973445,D:\Research\research-experiments\industrial-anomaly-detection\data\mvtec_ad\bottle\ground_truth\contamination\019_mask.png,27013,0.03334938271604938,-3.4007159860701273
bottle,contamination,D:\Research\research-experiments\industrial-anomaly-detection\data\mvtec_ad\bottle\test\contamination\020.png,2,post_concat,0.0,0,1,42.54029846191406,24.885711002349854,2.21820874530049,7.9589387143871475,D:\Research\research-experiments\industrial-anomaly-detection\data\mvtec_ad\bottle\ground_truth\contamination\020_mask.png,121385,0.14985802469135803,-1.8980669284864315
bottle,good,D:\Research\research-experiments\industrial-anomaly-detection\data\mvtec_ad\bottle\test\good\000.png,2,post_concat,0.25,1,0,23.23456573486328,24.55243139266968,2.347971629238237,-0.5612783567721209,,,,
bottle,good,D:\Research\research-experiments\industrial-anomaly-detection\data\mvtec_ad\bottle\test\good\001.png,2,post_concat,0.25,1,0,29.29936981201172,24.55243139266968,2.347971629238237,2.021718814755062,,,,
bottle,good,D:\Research\research-experiments\industrial-anomaly-detection\data\mvtec_ad\bottle\test\good\002.png,2,post_concat,0.25,1,0,25.144140243530273,24.55243139266968,2.347971629238237,0.2520085181150872,,,,
bottle,good,D:\Research\research-experiments\industrial-anomaly-detection\data\mvtec_ad\bottle\test\good\003.png,2,post_concat,0.25,1,0,22.363868713378906,24.55243139266968,2.347971629238237,-0.9321078040456637,,,,
bottle,good,D:\Research\research-experiments\industrial-anomaly-detection\data\mvtec_ad\bottle\test\good\004.png,2,post_concat,0.25,1,0,24.014429092407227,24.55243139266968,2.347971629238237,-0.22913492376268552,,,,
bottle,good,D:\Research\research-experiments\industrial-anomaly-detection\data\mvtec_ad\bottle\test\good\005.png,2,post_concat,0.25,1,0,21.707382202148438,24.55243139266968,2.347971629238237,-1.2117050968985827,,,,
bottle,good,D:\Research\research-experiments\industrial-anomaly-detection\data\mvtec_ad\bottle\test\good\006.png,2,post_concat,0.25,1,0,25.877676010131836,24.55243139266968,2.347971629238237,0.5644210521794562,,,,
bottle,good,D:\Research\research-experiments\industrial-anomaly-detection\data\mvtec_ad\bottle\test\good\007.png,2,post_concat,0.25,1,0,26.450820922851562,24.55243139266968,2.347971629238237,0.808523197870916,,,,
bottle,good,D:\Research\research-experiments\industrial-anomaly-detection\data\mvtec_ad\bottle\test\good\008.png,2,post_concat,0.25,1,0,23.787784576416016,24.55243139266968,2.347971629238237,-0.32566271531216956,,,,
bottle,good,D:\Research\research-experiments\industrial-anomaly-detection\data\mvtec_ad\bottle\test\good\009.png,2,post_concat,0.25,1,0,28.683839797973633,24.55243139266968,2.347971629238237,1.759564874574028,,,,
bottle,good,D:\Research\research-experiments\industrial-anomaly-detection\data\mvtec_ad\bottle\test\good\010.png,2,post_concat,0.25,1,0,23.767742156982422,24.55243139266968,2.347971629238237,-0.3341987722150786,,,,
bottle,good,D:\Research\research-experiments\industrial-anomaly-detection\data\mvtec_ad\bottle\test\good\011.png,2,post_concat,0.25,1,0,22.416948318481445,24.55243139266968,2.347971629238237,-0.9095012254816118,,,,
bottle,good,D:\Research\research-experiments\industrial-anomaly-detection\data\mvtec_ad\bottle\test\good\012.png,2,post_concat,0.25,1,0,23.202625274658203,24.55243139266968,2.347971629238237,-0.5748817835798975,,,,
bottle,good,D:\Research\research-experiments\industrial-anomaly-detection\data\mvtec_ad\bottle\test\good\013.png,2,post_concat,0.25,1,0,21.163026809692383,24.55243139266968,2.347971629238237,-1.4435457996044592,,,,
bottle,good,D:\Research\research-experiments\industrial-anomaly-detection\data\mvtec_ad\bottle\test\good\014.png,2,post_concat,0.25,1,0,22.671892166137695,24.55243139266968,2.347971629238237,-0.8009207620375273,,,,
bottle,good,D:\Research\research-experiments\industrial-anomaly-detection\data\mvtec_ad\bottle\test\good\015.png,2,post_concat,0.25,1,0,27.170902252197266,24.55243139266968,2.347971629238237,1.115205493508075,,,,
bottle,good,D:\Research\research-experiments\industrial-anomaly-detection\data\mvtec_ad\bottle\test\good\016.png,2,post_concat,0.25,1,0,26.861841201782227,24.55243139266968,2.347971629238237,0.9835765391517105,,,,
bottle,good,D:\Research\research-experiments\industrial-anomaly-detection\data\mvtec_ad\bottle\test\good\017.png,2,post_concat,0.25,1,0,22.345142364501953,24.55243139266968,2.347971629238237,-0.9400833471245332,,,,
bottle,good,D:\Research\research-experiments\industrial-anomaly-detection\data\mvtec_ad\bottle\test\good\018.png,2,post_concat,0.25,1,0,24.163442611694336,24.55243139266968,2.347971629238237,-0.16567013678165435,,,,
bottle,good,D:\Research\research-experiments\industrial-anomaly-detection\data\mvtec_ad\bottle\test\good\019.png,2,post_concat,0.25,1,0,26.721187591552734,24.55243139266968,2.347971629238237,0.9236722334616434,,,,
bottle,broken_large,D:\Research\research-experiments\industrial-anomaly-detection\data\mvtec_ad\bottle\test\broken_large\000.png,2,post_concat,0.25,0,1,58.86011505126953,24.55243139266968,2.347971629238237,14.611626150581067,D:\Research\research-experiments\industrial-anomaly-detection\data\mvtec_ad\bottle\ground_truth\broken_large\000_mask.png,88192,0.10887901234567901,-2.2175179825308393
bottle,broken_large,D:\Research\research-experiments\industrial-anomaly-detection\data\mvtec_ad\bottle\test\broken_large\001.png,2,post_concat,0.25,0,1,58.44535827636719,24.55243139266968,2.347971629238237,14.434981437443327,D:\Research\research-experiments\industrial-anomaly-detection\data\mvtec_ad\bottle\ground_truth\broken_large\001_mask.png,76641,0.09461851851851852,-2.357902055503547
bottle,broken_large,D:\Research\research-experiments\industrial-anomaly-detection\data\mvtec_ad\bottle\test\broken_large\002.png,2,post_concat,0.25,0,1,56.34774398803711,24.55243139266968,2.347971629238237,13.541608509845124,D:\Research\research-experiments\industrial-anomaly-detection\data\mvtec_ad\bottle\ground_truth\broken_large\002_mask.png,125835,0.15535185185185185,-1.862062716263116
bottle,broken_large,D:\Research\research-experiments\industrial-anomaly-detection\data\mvtec_ad\bottle\test\broken_large\003.png,2,post_concat,0.25,0,1,60.82597732543945,24.55243139266968,2.347971629238237,15.448885958020783,D:\Research\research-experiments\industrial-anomaly-detection\data\mvtec_ad\bottle\ground_truth\broken_large\003_mask.png,222091,0.27418641975308644,-1.293947036227257
bottle,broken_large,D:\Research\research-experiments\industrial-anomaly-detection\data\mvtec_ad\bottle\test\broken_large\004.png,2,post_concat,0.25,0,1,63.79165267944336,24.55243139266968,2.347971629238237,16.711965680566696,D:\Research\research-experiments\industrial-anomaly-detection\data\mvtec_ad\bottle\ground_truth\broken_large\004_mask.png,33132,0.040903703703703706,-3.196534640482803
bottle,broken_large,D:\Research\research-experiments\industrial-anomaly-detection\data\mvtec_ad\bottle\test\broken_large\005.png,2,post_concat,0.25,0,1,52.500213623046875,24.55243139266968,2.347971629238237,11.902947157604466,D:\Research\research-experiments\industrial-anomaly-detection\data\mvtec_ad\bottle\ground_truth\broken_large\005_mask.png,33201,0.04098888888888889,-3.194454227318871
bottle,broken_large,D:\Research\research-experiments\industrial-anomaly-detection\data\mvtec_ad\bottle\test\broken_large\006.png,2,post_concat,0.25,0,1,62.927005767822266,24.55243139266968,2.347971629238237,16.343712972205985,D:\Research\research-experiments\industrial-anomaly-detection\data\mvtec_ad\bottle\ground_truth\broken_large\006_mask.png,123810,0.15285185185185185,-1.8782861086916018
bottle,broken_large,D:\Research\research-experiments\industrial-anomaly-detection\data\mvtec_ad\bottle\test\broken_large\007.png,2,post_concat,0.25,0,1,54.96339797973633,24.55243139266968,2.347971629238237,12.952016203421085,D:\Research\research-experiments\industrial-anomaly-detection\data\mvtec_ad\bottle\ground_truth\broken_large\007_mask.png,130952,0.16166913580246914,-1.8222033976389584
bottle,broken_large,D:\Research\research-experiments\industrial-anomaly-detection\data\mvtec_ad\bottle\test\broken_large\008.png,2,post_concat,0.25,0,1,58.93586349487305,24.55243139266968,2.347971629238237,14.643887376679482,D:\Research\research-experiments\industrial-anomaly-detection\data\mvtec_ad\bottle\ground_truth\broken_large\008_mask.png,105614,0.13038765432098764,-2.037243301754699
bottle,broken_large,D:\Research\research-experiments\industrial-anomaly-detection\data\mvtec_ad\bottle\test\broken_large\009.png,2,post_concat,0.25,0,1,57.04796600341797,24.55243139266968,2.347971629238237,13.839832733111416,D:\Research\research-experiments\industrial-anomaly-detection\data\mvtec_ad\bottle\ground_truth\broken_large\009_mask.png,70875,0.0875,-2.436116474189997
bottle,broken_large,D:\Research\research-experiments\industrial-anomaly-detection\data\mvtec_ad\bottle\test\broken_large\010.png,2,post_concat,0.25,0,1,60.267127990722656,24.55243139266968,2.347971629238237,15.210872292200593,D:\Research\research-experiments\industrial-anomaly-detection\data\mvtec_ad\bottle\ground_truth\broken_large\010_mask.png,90028,0.11114567901234568,-2.196913505612934
bottle,broken_large,D:\Research\research-experiments\industrial-anomaly-detection\data\mvtec_ad\bottle\test\broken_large\011.png,2,post_concat,0.25,0,1,49.879241943359375,24.55243139266968,2.347971629238237,10.786676565979883,D:\Research\research-experiments\industrial-anomaly-detection\data\mvtec_ad\bottle\ground_truth\broken_large\011_mask.png,60540,0.07474074074074075,-2.593729930693328
bottle,broken_large,D:\Research\research-experiments\industrial-anomaly-detection\data\mvtec_ad\bottle\test\broken_large\012.png,2,post_concat,0.25,0,1,62.33088684082031,24.55243139266968,2.347971629238237,16.089826204760094,D:\Research\research-experiments\industrial-anomaly-detection\data\mvtec_ad\bottle\ground_truth\broken_large\012_mask.png,70457,0.08698395061728395,-2.442031641512311
bottle,broken_large,D:\Research\research-experiments\industrial-anomaly-detection\data\mvtec_ad\bottle\test\broken_large\013.png,2,post_concat,0.25,0,1,55.42909240722656,24.55243139266968,2.347971629238237,13.150355238565783,D:\Research\research-experiments\industrial-anomaly-detection\data\mvtec_ad\bottle\ground_truth\broken_large\013_mask.png,109290,0.13492592592592592,-2.003029340566428
bottle,broken_large,D:\Research\research-experiments\industrial-anomaly-detection\data\mvtec_ad\bottle\test\broken_large\014.png,2,post_concat,0.25,0,1,60.3504753112793,24.55243139266968,2.347971629238237,15.246369876378678,D:\Research\research-experiments\industrial-anomaly-detection\data\mvtec_ad\bottle\ground_truth\broken_large\014_mask.png,38206,0.0471679012345679,-3.0540416551241663
bottle,broken_large,D:\Research\research-experiments\industrial-anomaly-detection\data\mvtec_ad\bottle\test\broken_large\015.png,2,post_concat,0.25,0,1,60.57857131958008,24.55243139266968,2.347971629238237,15.343515857812356,D:\Research\research-experiments\industrial-anomaly-detection\data\mvtec_ad\bottle\ground_truth\broken_large\015_mask.png,75659,0.09340617283950617,-2.3707978348665426
bottle,broken_large,D:\Research\research-experiments\industrial-anomaly-detection\data\mvtec_ad\bottle\test\broken_large\016.png,2,post_concat,0.25,0,1,55.0418586730957,24.55243139266968,2.347971629238237,12.985432575400345,D:\Research\research-experiments\industrial-anomaly-detection\data\mvtec_ad\bottle\ground_truth\broken_large\016_mask.png,118913,0.14680617283950617,-1.9186421075586297
bottle,broken_large,D:\Research\research-experiments\industrial-anomaly-detection\data\mvtec_ad\bottle\test\broken_large\017.png,2,post_concat,0.25,0,1,58.592166900634766,24.55243139266968,2.347971629238237,14.497507160684371,D:\Research\research-experiments\industrial-anomaly-detection\data\mvtec_ad\bottle\ground_truth\broken_large\017_mask.png,114063,0.1408185185185185,-1.9602833132362991
bottle,broken_large,D:\Research\research-experiments\industrial-anomaly-detection\data\mvtec_ad\bottle\test\broken_large\018.png,2,post_concat,0.25,0,1,60.46492385864258,24.55243139266968,2.347971629238237,15.295113458259356,D:\Research\research-experiments\industrial-anomaly-detection\data\mvtec_ad\bottle\ground_truth\broken_large\018_mask.png,106080,0.13096296296296298,-2.032840713593185
bottle,broken_large,D:\Research\research-experiments\industrial-anomaly-detection\data\mvtec_ad\bottle\test\broken_large\019.png,2,post_concat,0.25,0,1,56.191043853759766,24.55243139266968,2.347971629238237,13.474869997196153,D:\Research\research-experiments\industrial-anomaly-detection\data\mvtec_ad\bottle\ground_truth\broken_large\019_mask.png,102217,0.12619382716049382,-2.069936235296805
bottle,broken_small,D:\Research\research-experiments\industrial-anomaly-detection\data\mvtec_ad\bottle\test\broken_small\000.png,2,post_concat,0.25,0,1,47.41694259643555,24.55243139266968,2.347971629238237,9.737984445401457,D:\Research\research-experiments\industrial-anomaly-detection\data\mvtec_ad\bottle\ground_truth\broken_small\000_mask.png,7166,0.008846913580246914,-4.727686515749959
bottle,broken_small,D:\Research\research-experiments\industrial-anomaly-detection\data\mvtec_ad\bottle\test\broken_small\001.png,2,post_concat,0.25,0,1,57.15352249145508,24.55243139266968,2.347971629238237,13.884789191154887,D:\Research\research-experiments\industrial-anomaly-detection\data\mvtec_ad\bottle\ground_truth\broken_small\001_mask.png,11966,0.01477283950617284,-4.214964885006854
bottle,broken_small,D:\Research\research-experiments\industrial-anomaly-detection\data\mvtec_ad\bottle\test\broken_small\002.png,2,post_concat,0.25,0,1,58.65684509277344,24.55243139266968,2.347971629238237,14.52505357194985,D:\Research\research-experiments\industrial-anomaly-detection\data\mvtec_ad\bottle\ground_truth\broken_small\002_mask.png,29456,0.03636543209876543,-3.314136595677121
bottle,broken_small,D:\Research\research-experiments\industrial-anomaly-detection\data\mvtec_ad\bottle\test\broken_small\003.png,2,post_concat,0.25,0,1,56.08296203613281,24.55243139266968,2.347971629238237,13.428838002481626,D:\Research\research-experiments\industrial-anomaly-detection\data\mvtec_ad\bottle\ground_truth\broken_small\003_mask.png,65292,0.0806074074074074,-2.5181647179688884
bottle,broken_small,D:\Research\research-experiments\industrial-anomaly-detection\data\mvtec_ad\bottle\test\broken_small\004.png,2,post_concat,0.25,0,1,63.78081512451172,24.55243139266968,2.347971629238237,16.70734997107656,D:\Research\research-experiments\industrial-anomaly-detection\data\mvtec_ad\bottle\ground_truth\broken_small\004_mask.png,25926,0.03200740740740741,-3.441787890245866
bottle,broken_small,D:\Research\research-experiments\industrial-anomaly-detection\data\mvtec_ad\bottle\test\broken_small\005.png,2,post_concat,0.25,0,1,49.032257080078125,24.55243139266968,2.347971629238237,10.425946115605557,D:\Research\research-experiments\industrial-anomaly-detection\data\mvtec_ad\bottle\ground_truth\broken_small\005_mask.png,12266,0.015143209876543209,-4.190202974426497
bottle,broken_small,D:\Research\research-experiments\industrial-anomaly-detection\data\mvtec_ad\bottle\test\broken_small\006.png,2,post_concat,0.25,0,1,59.92801284790039,24.55243139266968,2.347971629238237,15.066443314184243,D:\Research\research-experiments\industrial-anomaly-detection\data\mvtec_ad\bottle\ground_truth\broken_small\006_mask.png,21797,0.026909876543209876,-3.6152618648590327
bottle,broken_small,D:\Research\research-experiments\industrial-anomaly-detection\data\mvtec_ad\bottle\test\broken_small\007.png,2,post_concat,0.25,0,1,52.53215026855469,24.55243139266968,2.347971629238237,11.916548959734492,D:\Research\research-experiments\industrial-anomaly-detection\data\mvtec_ad\bottle\ground_truth\broken_small\007_mask.png,17046,0.021044444444444445,-3.8611186280479
bottle,broken_small,D:\Research\research-experiments\industrial-anomaly-detection\data\mvtec_ad\bottle\test\broken_small\008.png,2,post_concat,0.25,0,1,51.44068145751953,24.55243139266968,2.347971629238237,11.45169291230888,D:\Research\research-experiments\industrial-anomaly-detection\data\mvtec_ad\bottle\ground_truth\broken_small\008_mask.png,17311,0.021371604938271605,-3.8456920632808353
bottle,broken_small,D:\Research\research-experiments\industrial-anomaly-detection\data\mvtec_ad\bottle\test\broken_small\009.png,2,post_concat,0.25,0,1,58.125823974609375,24.55243139266968,2.347971629238237,14.298891930322032,D:\Research\research-experiments\industrial-anomaly-detection\data\mvtec_ad\bottle\ground_truth\broken_small\009_mask.png,19096,0.02357530864197531,-3.747555316212696
bottle,broken_small,D:\Research\research-experiments\industrial-anomaly-detection\data\mvtec_ad\bottle\test\broken_small\010.png,2,post_concat,0.25,0,1,62.260196685791016,24.55243139266968,2.347971629238237,16.059719301359294,D:\Research\research-experiments\industrial-anomaly-detection\data\mvtec_ad\bottle\ground_truth\broken_small\010_mask.png,37177,0.04589753086419753,-3.081343935383245
bottle,broken_small,D:\Research\research-experiments\industrial-anomaly-detection\data\mvtec_ad\bottle\test\broken_small\011.png,2,post_concat,0.25,0,1,52.38737487792969,24.55243139266968,2.347971629238237,11.854889189734642,D:\Research\research-experiments\industrial-anomaly-detection\data\mvtec_ad\bottle\ground_truth\broken_small\011_mask.png,15597,0.019255555555555557,-3.949955607663733
bottle,broken_small,D:\Research\research-experiments\industrial-anomaly-detection\data\mvtec_ad\bottle\test\broken_small\012.png,2,post_concat,0.25,0,1,58.27446365356445,24.55243139266968,2.347971629238237,14.36219749888348,D:\Research\research-experiments\industrial-anomaly-detection\data\mvtec_ad\bottle\ground_truth\broken_small\012_mask.png,63191,0.07801358024691359,-2.5508723488992464
bottle,broken_small,D:\Research\research-experiments\industrial-anomaly-detection\data\mvtec_ad\bottle\test\broken_small\013.png,2,post_concat,0.25,0,1,54.03806686401367,24.55243139266968,2.347971629238237,12.557918121400023,D:\Research\research-experiments\industrial-anomaly-detection\data\mvtec_ad\bottle\ground_truth\broken_small\013_mask.png,26219,0.03236913580246913,-3.430549877989932
bottle,broken_small,D:\Research\research-experiments\industrial-anomaly-detection\data\mvtec_ad\bottle\test\broken_small\014.png,2,post_concat,0.25,0,1,47.96671676635742,24.55243139266968,2.347971629238237,9.9721330028524,D:\Research\research-experiments\industrial-anomaly-detection\data\mvtec_ad\bottle\ground_truth\broken_small\014_mask.png,14546,0.017958024691358026,-4.019718150248726
bottle,broken_small,D:\Research\research-experiments\industrial-anomaly-detection\data\mvtec_ad\bottle\test\broken_small\015.png,2,post_concat,0.25,0,1,54.741634368896484,24.55243139266968,2.347971629238237,12.8575671870538,D:\Research\research-experiments\industrial-anomaly-detection\data\mvtec_ad\bottle\ground_truth\broken_small\015_mask.png,13480,0.016641975308641976,-4.0958270820933045
bottle,broken_small,D:\Research\research-experiments\industrial-anomaly-detection\data\mvtec_ad\bottle\test\broken_small\016.png,2,post_concat,0.25,0,1,57.08127212524414,24.55243139266968,2.347971629238237,13.854017794553993,D:\Research\research-experiments\industrial-anomaly-detection\data\mvtec_ad\bottle\ground_truth\broken_small\016_mask.png,16578,0.020466666666666668,-3.888957683637216
bottle,broken_small,D:\Research\research-experiments\industrial-anomaly-detection\data\mvtec_ad\bottle\test\broken_small\017.png,2,post_concat,0.25,0,1,62.43540954589844,24.55243139266968,2.347971629238237,16.134342375133087,D:\Research\research-experiments\industrial-anomaly-detection\data\mvtec_ad\bottle\ground_truth\broken_small\017_mask.png,20384,0.02516543209876543,-3.682283928539684
bottle,broken_small,D:\Research\research-experiments\industrial-anomaly-detection\data\mvtec_ad\bottle\test\broken_small\018.png,2,post_concat,0.25,0,1,64.48068237304688,24.55243139266968,2.347971629238237,17.005423099312022,D:\Research\research-experiments\industrial-anomaly-detection\data\mvtec_ad\bottle\ground_truth\broken_small\018_mask.png,46314,0.05717777777777778,-2.8615899389814006
bottle,broken_small,D:\Research\research-experiments\industrial-anomaly-detection\data\mvtec_ad\bottle\test\broken_small\019.png,2,post_concat,0.25,0,1,61.624603271484375,24.55243139266968,2.347971629238237,15.789020368547721,D:\Research\research-experiments\industrial-anomaly-detection\data\mvtec_ad\bottle\ground_truth\broken_small\019_mask.png,22626,0.027933333333333334,-3.5779345243626874
bottle,broken_small,D:\Research\research-experiments\industrial-anomaly-detection\data\mvtec_ad\bottle\test\broken_small\020.png,2,post_concat,0.25,0,1,64.29618072509766,24.55243139266968,2.347971629238237,16.926843935214936,D:\Research\research-experiments\industrial-anomaly-detection\data\mvtec_ad\bottle\ground_truth\broken_small\020_mask.png,28333,0.03497901234567901,-3.3530070160307934
bottle,broken_small,D:\Research\research-experiments\industrial-anomaly-detection\data\mvtec_ad\bottle\test\broken_small\021.png,2,post_concat,0.25,0,1,58.403907775878906,24.55243139266968,2.347971629238237,14.417327689002708,D:\Research\research-experiments\industrial-anomaly-detection\data\mvtec_ad\bottle\ground_truth\broken_small\021_mask.png,14995,0.018512345679012346,-3.9893173814475076
bottle,contamination,D:\Research\research-experiments\industrial-anomaly-detection\data\mvtec_ad\bottle\test\contamination\000.png,2,post_concat,0.25,0,1,53.34016036987305,24.55243139266968,2.347971629238237,12.260680077528493,D:\Research\research-experiments\industrial-anomaly-detection\data\mvtec_ad\bottle\ground_truth\contamination\000_mask.png,58708,0.07247901234567901,-2.624458230120435
bottle,contamination,D:\Research\research-experiments\industrial-anomaly-detection\data\mvtec_ad\bottle\test\contamination\001.png,2,post_concat,0.25,0,1,42.94752883911133,24.55243139266968,2.347971629238237,7.834463252185741,D:\Research\research-experiments\industrial-anomaly-detection\data\mvtec_ad\bottle\ground_truth\contamination\001_mask.png,58120,0.07175308641975309,-2.6345243950277197
bottle,contamination,D:\Research\research-experiments\industrial-anomaly-detection\data\mvtec_ad\bottle\test\contamination\002.png,2,post_concat,0.25,0,1,50.40260696411133,24.55243139266968,2.347971629238237,11.009577479361766,D:\Research\research-experiments\industrial-anomaly-detection\data\mvtec_ad\bottle\ground_truth\contamination\002_mask.png,14913,0.01841111111111111,-3.9948008775708135
bottle,contamination,D:\Research\research-experiments\industrial-anomaly-detection\data\mvtec_ad\bottle\test\contamination\003.png,2,post_concat,0.25,0,1,37.4317741394043,24.55243139266968,2.347971629238237,5.485305949336842,D:\Research\research-experiments\industrial-anomaly-detection\data\mvtec_ad\bottle\ground_truth\contamination\003_mask.png,21317,0.026317283950617283,-3.6375293332175858
bottle,contamination,D:\Research\research-experiments\industrial-anomaly-detection\data\mvtec_ad\bottle\test\contamination\004.png,2,post_concat,0.25,0,1,43.665592193603516,24.55243139266968,2.347971629238237,8.140286093292707,D:\Research\research-experiments\industrial-anomaly-detection\data\mvtec_ad\bottle\ground_truth\contamination\004_mask.png,16790,0.020728395061728393,-3.8762507283340346
bottle,contamination,D:\Research\research-experiments\industrial-anomaly-detection\data\mvtec_ad\bottle\test\contamination\005.png,2,post_concat,0.25,0,1,63.29030990600586,24.55243139266968,2.347971629238237,16.498444031840407,D:\Research\research-experiments\industrial-anomaly-detection\data\mvtec_ad\bottle\ground_truth\contamination\005_mask.png,99554,0.12290617283950617,-2.096334029013557
bottle,contamination,D:\Research\research-experiments\industrial-anomaly-detection\data\mvtec_ad\bottle\test\contamination\006.png,2,post_concat,0.25,0,1,57.68731689453125,24.55243139266968,2.347971629238237,14.112131973507566,D:\Research\research-experiments\industrial-anomaly-detection\data\mvtec_ad\bottle\ground_truth\contamination\006_mask.png,123943,0.15301604938271604,-1.8772124586295935
bottle,contamination,D:\Research\research-experiments\industrial-anomaly-detection\data\mvtec_ad\bottle\test\contamination\007.png,2,post_concat,0.25,0,1,70.93678283691406,24.55243139266968,2.347971629238237,19.755073215809286,D:\Research\research-experiments\industrial-anomaly-detection\data\mvtec_ad\bottle\ground_truth\contamination\007_mask.png,45048,0.05561481481481481,-2.8893056417333467
bottle,contamination,D:\Research\research-experiments\industrial-anomaly-detection\data\mvtec_ad\bottle\test\contamination\008.png,2,post_concat,0.25,0,1,56.73837661743164,24.55243139266968,2.347971629238237,13.707978760886562,D:\Research\research-experiments\industrial-anomaly-detection\data\mvtec_ad\bottle\ground_truth\contamination\008_mask.png,133876,0.16527901234567902,-1.800120243221566
bottle,contamination,D:\Research\research-experiments\industrial-anomaly-detection\data\mvtec_ad\bottle\test\contamination\009.png,2,post_concat,0.25,0,1,62.19487762451172,24.55243139266968,2.347971629238237,16.031899944231675,D:\Research\research-experiments\industrial-anomaly-detection\data\mvtec_ad\bottle\ground_truth\contamination\009_mask.png,111640,0.13782716049382715,-1.9817548317428992
bottle,contamination,D:\Research\research-experiments\industrial-anomaly-detection\data\mvtec_ad\bottle\test\contamination\010.png,2,post_concat,0.25,0,1,62.78931427001953,24.55243139266968,2.347971629238237,16.285070228789444,D:\Research\research-experiments\industrial-anomaly-detection\data\mvtec_ad\bottle\ground_truth\contamination\010_mask.png,93231,0.1151,-2.161953954566203
bottle,contamination,D:\Research\research-experiments\industrial-anomaly-detection\data\mvtec_ad\bottle\test\contamination\011.png,2,post_concat,0.25,0,1,45.70005416870117,24.55243139266968,2.347971629238237,9.006762480725763,D:\Research\research-experiments\industrial-anomaly-detection\data\mvtec_ad\bottle\ground_truth\contamination\011_mask.png,120781,0.14911234567901235,-1.9030552525981752
bottle,contamination,D:\Research\research-experiments\industrial-anomaly-detection\data\mvtec_ad\bottle\test\contamination\012.png,2,post_concat,0.25,0,1,42.28873062133789,24.55243139266968,2.347971629238237,7.553881404615813,D:\Research\research-experiments\industrial-anomaly-detection\data\mvtec_ad\bottle\ground_truth\contamination\012_mask.png,122608,0.1513679012345679,-1.8880419668320156
bottle,contamination,D:\Research\research-experiments\industrial-anomaly-detection\data\mvtec_ad\bottle\test\contamination\013.png,2,post_concat,0.25,0,1,64.79963684082031,24.55243139266968,2.347971629238237,17.14126565541519,D:\Research\research-experiments\industrial-anomaly-detection\data\mvtec_ad\bottle\ground_truth\contamination\013_mask.png,41319,0.05101111111111111,-2.975711785459608
bottle,contamination,D:\Research\research-experiments\industrial-anomaly-detection\data\mvtec_ad\bottle\test\contamination\014.png,2,post_concat,0.25,0,1,62.82133865356445,24.55243139266968,2.347971629238237,16.29870939850774,D:\Research\research-experiments\industrial-anomaly-detection\data\mvtec_ad\bottle\ground_truth\contamination\014_mask.png,5429,0.006702469135802469,-5.005279143544434
bottle,contamination,D:\Research\research-experiments\industrial-anomaly-detection\data\mvtec_ad\bottle\test\contamination\015.png,2,post_concat,0.25,0,1,57.95310592651367,24.55243139266968,2.347971629238237,14.225331395797287,D:\Research\research-experiments\industrial-anomaly-detection\data\mvtec_ad\bottle\ground_truth\contamination\015_mask.png,33779,0.04170246913580247,-3.177194916061193
bottle,contamination,D:\Research\research-experiments\industrial-anomaly-detection\data\mvtec_ad\bottle\test\contamination\016.png,2,post_concat,0.25,0,1,38.58767318725586,24.55243139266968,2.347971629238237,5.977602803974126,D:\Research\research-experiments\industrial-anomaly-detection\data\mvtec_ad\bottle\ground_truth\contamination\016_mask.png,122515,0.15125308641975307,-1.88880076958694
bottle,contamination,D:\Research\research-experiments\industrial-anomaly-detection\data\mvtec_ad\bottle\test\contamination\017.png,2,post_concat,0.25,0,1,68.70068359375,24.55243139266968,2.347971629238237,18.802719611822372,D:\Research\research-experiments\industrial-anomaly-detection\data\mvtec_ad\bottle\ground_truth\contamination\017_mask.png,67541,0.08338395061728394,-2.484299414785091
bottle,contamination,D:\Research\research-experiments\industrial-anomaly-detection\data\mvtec_ad\bottle\test\contamination\018.png,2,post_concat,0.25,0,1,65.11520385742188,24.55243139266968,2.347971629238237,17.27566549767561,D:\Research\research-experiments\industrial-anomaly-detection\data\mvtec_ad\bottle\ground_truth\contamination\018_mask.png,4663,0.00575679012345679,-5.157375056132402
bottle,contamination,D:\Research\research-experiments\industrial-anomaly-detection\data\mvtec_ad\bottle\test\contamination\019.png,2,post_concat,0.25,0,1,41.01582336425781,24.55243139266968,2.347971629238237,7.011750809327039,D:\Research\research-experiments\industrial-anomaly-detection\data\mvtec_ad\bottle\ground_truth\contamination\019_mask.png,27013,0.03334938271604938,-3.4007159860701273
bottle,contamination,D:\Research\research-experiments\industrial-anomaly-detection\data\mvtec_ad\bottle\test\contamination\020.png,2,post_concat,0.25,0,1,42.061378479003906,24.55243139266968,2.347971629238237,7.457052235343548,D:\Research\research-experiments\industrial-anomaly-detection\data\mvtec_ad\bottle\ground_truth\contamination\020_mask.png,121385,0.14985802469135803,-1.8980669284864315
bottle,good,D:\Research\research-experiments\industrial-anomaly-detection\data\mvtec_ad\bottle\test\good\000.png,2,post_concat,0.5,1,0,23.4503231048584,25.378808212280273,2.223661820656681,-0.8672564728625701,,,,
bottle,good,D:\Research\research-experiments\industrial-anomaly-detection\data\mvtec_ad\bottle\test\good\001.png,2,post_concat,0.5,1,0,29.423789978027344,25.378808212280273,2.223661820656681,1.8190633702351944,,,,
bottle,good,D:\Research\research-experiments\industrial-anomaly-detection\data\mvtec_ad\bottle\test\good\002.png,2,post_concat,0.5,1,0,26.183626174926758,25.378808212280273,2.223661820656681,0.36193361561103304,,,,
bottle,good,D:\Research\research-experiments\industrial-anomaly-detection\data\mvtec_ad\bottle\test\good\003.png,2,post_concat,0.5,1,0,22.728940963745117,25.378808212280273,2.223661820656681,-1.191668276137695,,,,
bottle,good,D:\Research\research-experiments\industrial-anomaly-detection\data\mvtec_ad\bottle\test\good\004.png,2,post_concat,0.5,1,0,24.936574935913086,25.378808212280273,2.223661820656681,-0.19887613856525566,,,,
bottle,good,D:\Research\research-experiments\industrial-anomaly-detection\data\mvtec_ad\bottle\test\good\005.png,2,post_concat,0.5,1,0,22.456634521484375,25.378808212280273,2.223661820656681,-1.3141268441317824,,,,
bottle,good,D:\Research\research-experiments\industrial-anomaly-detection\data\mvtec_ad\bottle\test\good\006.png,2,post_concat,0.5,1,0,26.401765823364258,25.378808212280273,2.223661820656681,0.46003290679420406,,,,
bottle,good,D:\Research\research-experiments\industrial-anomaly-detection\data\mvtec_ad\bottle\test\good\007.png,2,post_concat,0.5,1,0,28.663232803344727,25.378808212280273,2.223661820656681,1.4770342147145887,,,,
bottle,good,D:\Research\research-experiments\industrial-anomaly-detection\data\mvtec_ad\bottle\test\good\008.png,2,post_concat,0.5,1,0,25.132892608642578,25.378808212280273,2.223661820656681,-0.11059037905551303,,,,
bottle,good,D:\Research\research-experiments\industrial-anomaly-detection\data\mvtec_ad\bottle\test\good\009.png,2,post_concat,0.5,1,0,28.97121810913086,25.378808212280273,2.223661820656681,1.615537876973439,,,,
bottle,good,D:\Research\research-experiments\industrial-anomaly-detection\data\mvtec_ad\bottle\test\good\010.png,2,post_concat,0.5,1,0,25.160383224487305,25.378808212280273,2.223661820656681,-0.0982276107652304,,,,
bottle,good,D:\Research\research-experiments\industrial-anomaly-detection\data\mvtec_ad\bottle\test\good\011.png,2,post_concat,0.5,1,0,24.41808319091797,25.378808212280273,2.223661820656681,-0.4320463716369368,,,,
bottle,good,D:\Research\research-experiments\industrial-anomaly-detection\data\mvtec_ad\bottle\test\good\012.png,2,post_concat,0.5,1,0,24.536134719848633,25.378808212280273,2.223661820656681,-0.37895757556460885,,,,
bottle,good,D:\Research\research-experiments\industrial-anomaly-detection\data\mvtec_ad\bottle\test\good\013.png,2,post_concat,0.5,1,0,21.28573226928711,25.378808212280273,2.223661820656681,-1.8406917387215003,,,,
bottle,good,D:\Research\research-experiments\industrial-anomaly-detection\data\mvtec_ad\bottle\test\good\014.png,2,post_concat,0.5,1,0,24.230588912963867,25.378808212280273,2.223661820656681,-0.516364174016946,,,,
bottle,good,D:\Research\research-experiments\industrial-anomaly-detection\data\mvtec_ad\bottle\test\good\015.png,2,post_concat,0.5,1,0,27.261884689331055,25.378808212280273,2.223661820656681,0.8468358180897673,,,,
bottle,good,D:\Research\research-experiments\industrial-anomaly-detection\data\mvtec_ad\bottle\test\good\016.png,2,post_concat,0.5,1,0,27.020402908325195,25.378808212280273,2.223661820656681,0.7382393675132376,,,,
bottle,good,D:\Research\research-experiments\industrial-anomaly-detection\data\mvtec_ad\bottle\test\good\017.png,2,post_concat,0.5,1,0,23.59429931640625,25.378808212280273,2.223661820656681,-0.8025091222490972,,,,
bottle,good,D:\Research\research-experiments\industrial-anomaly-detection\data\mvtec_ad\bottle\test\good\018.png,2,post_concat,0.5,1,0,24.630327224731445,25.378808212280273,2.223661820656681,-0.3365983894654402,,,,
bottle,good,D:\Research\research-experiments\industrial-anomaly-detection\data\mvtec_ad\bottle\test\good\019.png,2,post_concat,0.5,1,0,27.08932876586914,25.378808212280273,2.223661820656681,0.7692359232411182,,,,
bottle,broken_large,D:\Research\research-experiments\industrial-anomaly-detection\data\mvtec_ad\bottle\test\broken_large\000.png,2,post_concat,0.5,0,1,55.61709976196289,25.378808212280273,2.223661820656681,13.59842187727664,D:\Research\research-experiments\industrial-anomaly-detection\data\mvtec_ad\bottle\ground_truth\broken_large\000_mask.png,88192,0.10887901234567901,-2.2175179825308393
bottle,broken_large,D:\Research\research-experiments\industrial-anomaly-detection\data\mvtec_ad\bottle\test\broken_large\001.png,2,post_concat,0.5,0,1,56.062870025634766,25.378808212280273,2.223661820656681,13.798888629698657,D:\Research\research-experiments\industrial-anomaly-detection\data\mvtec_ad\bottle\ground_truth\broken_large\001_mask.png,76641,0.09461851851851852,-2.357902055503547
bottle,broken_large,D:\Research\research-experiments\industrial-anomaly-detection\data\mvtec_ad\bottle\test\broken_large\002.png,2,post_concat,0.5,0,1,52.6855354309082,25.378808212280273,2.223661820656681,12.280071980803195,D:\Research\research-experiments\industrial-anomaly-detection\data\mvtec_ad\bottle\ground_truth\broken_large\002_mask.png,125835,0.15535185185185185,-1.862062716263116
bottle,broken_large,D:\Research\research-experiments\industrial-anomaly-detection\data\mvtec_ad\bottle\test\broken_large\003.png,2,post_concat,0.5,0,1,57.69937515258789,25.378808212280273,2.223661820656681,14.534839173864514,D:\Research\research-experiments\industrial-anomaly-detection\data\mvtec_ad\bottle\ground_truth\broken_large\003_mask.png,222091,0.27418641975308644,-1.293947036227257
bottle,broken_large,D:\Research\research-experiments\industrial-anomaly-detection\data\mvtec_ad\bottle\test\broken_large\004.png,2,post_concat,0.5,0,1,64.24031066894531,25.378808212280273,2.223661820656681,17.476354585783483,D:\Research\research-experiments\industrial-anomaly-detection\data\mvtec_ad\bottle\ground_truth\broken_large\004_mask.png,33132,0.040903703703703706,-3.196534640482803
bottle,broken_large,D:\Research\research-experiments\industrial-anomaly-detection\data\mvtec_ad\bottle\test\broken_large\005.png,2,post_concat,0.5,0,1,50.545867919921875,25.378808212280273,2.223661820656681,11.317844950096497,D:\Research\research-experiments\industrial-anomaly-detection\data\mvtec_ad\bottle\ground_truth\broken_large\005_mask.png,33201,0.04098888888888889,-3.194454227318871
bottle,broken_large,D:\Research\research-experiments\industrial-anomaly-detection\data\mvtec_ad\bottle\test\broken_large\006.png,2,post_concat,0.5,0,1,61.09189224243164,25.378808212280273,2.223661820656681,16.060483522447107,D:\Research\research-experiments\industrial-anomaly-detection\data\mvtec_ad\bottle\ground_truth\broken_large\006_mask.png,123810,0.15285185185185185,-1.8782861086916018
bottle,broken_large,D:\Research\research-experiments\industrial-anomaly-detection\data\mvtec_ad\bottle\test\broken_large\007.png,2,post_concat,0.5,0,1,51.88296127319336,25.378808212280273,2.223661820656681,11.919147423723814,D:\Research\research-experiments\industrial-anomaly-detection\data\mvtec_ad\bottle\ground_truth\broken_large\007_mask.png,130952,0.16166913580246914,-1.8222033976389584
bottle,broken_large,D:\Research\research-experiments\industrial-anomaly-detection\data\mvtec_ad\bottle\test\broken_large\008.png,2,post_concat,0.5,0,1,57.28097915649414,25.378808212280273,2.223661820656681,14.346682866908544,D:\Research\research-experiments\industrial-anomaly-detection\data\mvtec_ad\bottle\ground_truth\broken_large\008_mask.png,105614,0.13038765432098764,-2.037243301754699
bottle,broken_large,D:\Research\research-experiments\industrial-anomaly-detection\data\mvtec_ad\bottle\test\broken_large\009.png,2,post_concat,0.5,0,1,56.43134689331055,25.378808212280273,2.223661820656681,13.964595871803917,D:\Research\research-experiments\industrial-anomaly-detection\data\mvtec_ad\bottle\ground_truth\broken_large\009_mask.png,70875,0.0875,-2.436116474189997
bottle,broken_large,D:\Research\research-experiments\industrial-anomaly-detection\data\mvtec_ad\bottle\test\broken_large\010.png,2,post_concat,0.5,0,1,58.94000244140625,25.378808212280273,2.223661820656681,15.092760021942025,D:\Research\research-experiments\industrial-anomaly-detection\data\mvtec_ad\bottle\ground_truth\broken_large\010_mask.png,90028,0.11114567901234568,-2.196913505612934
bottle,broken_large,D:\Research\research-experiments\industrial-anomaly-detection\data\mvtec_ad\bottle\test\broken_large\011.png,2,post_concat,0.5,0,1,47.93655776977539,25.378808212280273,2.223661820656681,10.144415552736104,D:\Research\research-experiments\industrial-anomaly-detection\data\mvtec_ad\bottle\ground_truth\broken_large\011_mask.png,60540,0.07474074074074075,-2.593729930693328
bottle,broken_large,D:\Research\research-experiments\industrial-anomaly-detection\data\mvtec_ad\bottle\test\broken_large\012.png,2,post_concat,0.5,0,1,60.738216400146484,25.378808212280273,2.223661820656681,15.901432429785585,D:\Research\research-experiments\industrial-anomaly-detection\data\mvtec_ad\bottle\ground_truth\broken_large\012_mask.png,70457,0.08698395061728395,-2.442031641512311
bottle,broken_large,D:\Research\research-experiments\industrial-anomaly-detection\data\mvtec_ad\bottle\test\broken_large\013.png,2,post_concat,0.5,0,1,52.257415771484375,25.378808212280273,2.223661820656681,12.08754285814308,D:\Research\research-experiments\industrial-anomaly-detection\data\mvtec_ad\bottle\ground_truth\broken_large\013_mask.png,109290,0.13492592592592592,-2.003029340566428
bottle,broken_large,D:\Research\research-experiments\industrial-anomaly-detection\data\mvtec_ad\bottle\test\broken_large\014.png,2,post_concat,0.5,0,1,60.13848876953125,25.378808212280273,2.223661820656681,15.631729714631657,D:\Research\research-experiments\industrial-anomaly-detection\data\mvtec_ad\bottle\ground_truth\broken_large\014_mask.png,38206,0.0471679012345679,-3.0540416551241663
bottle,broken_large,D:\Research\research-experiments\industrial-anomaly-detection\data\mvtec_ad\bottle\test\broken_large\015.png,2,post_concat,0.5,0,1,59.90953063964844,25.378808212280273,2.223661820656681,15.528765258545794,D:\Research\research-experiments\industrial-anomaly-detection\data\mvtec_ad\bottle\ground_truth\broken_large\015_mask.png,75659,0.09340617283950617,-2.3707978348665426
bottle,broken_large,D:\Research\research-experiments\industrial-anomaly-detection\data\mvtec_ad\bottle\test\broken_large\016.png,2,post_concat,0.5,0,1,53.72163772583008,25.378808212280273,2.223661820656681,12.746016165884315,D:\Research\research-experiments\industrial-anomaly-detection\data\mvtec_ad\bottle\ground_truth\broken_large\016_mask.png,118913,0.14680617283950617,-1.9186421075586297
bottle,broken_large,D:\Research\research-experiments\industrial-anomaly-detection\data\mvtec_ad\bottle\test\broken_large\017.png,2,post_concat,0.5,0,1,56.50116729736328,25.378808212280273,2.223661820656681,13.99599471285256,D:\Research\research-experiments\industrial-anomaly-detection\data\mvtec_ad\bottle\ground_truth\broken_large\017_mask.png,114063,0.1408185185185185,-1.9602833132362991
bottle,broken_large,D:\Research\research-experiments\industrial-anomaly-detection\data\mvtec_ad\bottle\test\broken_large\018.png,2,post_concat,0.5,0,1,58.067108154296875,25.378808212280273,2.223661820656681,14.700211892995153,D:\Research\research-experiments\industrial-anomaly-detection\data\mvtec_ad\bottle\ground_truth\broken_large\018_mask.png,106080,0.13096296296296298,-2.032840713593185
bottle,broken_large,D:\Research\research-experiments\industrial-anomaly-detection\data\mvtec_ad\bottle\test\broken_large\019.png,2,post_concat,0.5,0,1,53.1852912902832,25.378808212280273,2.223661820656681,12.504816523670517,D:\Research\research-experiments\industrial-anomaly-detection\data\mvtec_ad\bottle\ground_truth\broken_large\019_mask.png,102217,0.12619382716049382,-2.069936235296805
bottle,broken_small,D:\Research\research-experiments\industrial-anomaly-detection\data\mvtec_ad\bottle\test\broken_small\000.png,2,post_concat,0.5,0,1,46.943782806396484,25.378808212280273,2.223661820656681,9.697956044299824,D:\Research\research-experiments\industrial-anomaly-detection\data\mvtec_ad\bottle\ground_truth\broken_small\000_mask.png,7166,0.008846913580246914,-4.727686515749959
bottle,broken_small,D:\Research\research-experiments\industrial-anomaly-detection\data\mvtec_ad\bottle\test\broken_small\001.png,2,post_concat,0.5,0,1,57.38747024536133,25.378808212280273,2.223661820656681,14.394572832854776,D:\Research\research-experiments\industrial-anomaly-detection\data\mvtec_ad\bottle\ground_truth\broken_small\001_mask.png,11966,0.01477283950617284,-4.214964885006854
bottle,broken_small,D:\Research\research-experiments\industrial-anomaly-detection\data\mvtec_ad\bottle\test\broken_small\002.png,2,post_concat,0.5,0,1,57.281375885009766,25.378808212280273,2.223661820656681,14.346861279161676,D:\Research\research-experiments\industrial-anomaly-detection\data\mvtec_ad\bottle\ground_truth\broken_small\002_mask.png,29456,0.03636543209876543,-3.314136595677121
bottle,broken_small,D:\Research\research-experiments\industrial-anomaly-detection\data\mvtec_ad\bottle\test\broken_small\003.png,2,post_concat,0.5,0,1,54.605377197265625,25.378808212280273,2.223661820656681,13.143441468250915,D:\Research\research-experiments\industrial-anomaly-detection\data\mvtec_ad\bottle\ground_truth\broken_small\003_mask.png,65292,0.0806074074074074,-2.5181647179688884
bottle,broken_small,D:\Research\research-experiments\industrial-anomaly-detection\data\mvtec_ad\bottle\test\broken_small\004.png,2,post_concat,0.5,0,1,63.729515075683594,25.378808212280273,2.223661820656681,17.2466453788723,D:\Research\research-experiments\industrial-anomaly-detection\data\mvtec_ad\bottle\ground_truth\broken_small\004_mask.png,25926,0.03200740740740741,-3.441787890245866
bottle,broken_small,D:\Research\research-experiments\industrial-anomaly-detection\data\mvtec_ad\bottle\test\broken_small\005.png,2,post_concat,0.5,0,1,49.46384048461914,25.378808212280273,2.223661820656681,10.831247831213018,D:\Research\research-experiments\industrial-anomaly-detection\data\mvtec_ad\bottle\ground_truth\broken_small\005_mask.png,12266,0.015143209876543209,-4.190202974426497
bottle,broken_small,D:\Research\research-experiments\industrial-anomaly-detection\data\mvtec_ad\bottle\test\broken_small\006.png,2,post_concat,0.5,0,1,59.078853607177734,25.378808212280273,2.223661820656681,15.155202595035481,D:\Research\research-experiments\industrial-anomaly-detection\data\mvtec_ad\bottle\ground_truth\broken_small\006_mask.png,21797,0.026909876543209876,-3.6152618648590327
bottle,broken_small,D:\Research\research-experiments\industrial-anomaly-detection\data\mvtec_ad\bottle\test\broken_small\007.png,2,post_concat,0.5,0,1,51.95771026611328,25.378808212280273,2.223661820656681,11.952762693917125,D:\Research\research-experiments\industrial-anomaly-detection\data\mvtec_ad\bottle\ground_truth\broken_small\007_mask.png,17046,0.021044444444444445,-3.8611186280479
bottle,broken_small,D:\Research\research-experiments\industrial-anomaly-detection\data\mvtec_ad\bottle\test\broken_small\008.png,2,post_concat,0.5,0,1,51.04935836791992,25.378808212280273,2.223661820656681,11.544268969846659,D:\Research\research-experiments\industrial-anomaly-detection\data\mvtec_ad\bottle\ground_truth\broken_small\008_mask.png,17311,0.021371604938271605,-3.8456920632808353
bottle,broken_small,D:\Research\research-experiments\industrial-anomaly-detection\data\mvtec_ad\bottle\test\broken_small\009.png,2,post_concat,0.5,0,1,58.98495101928711,25.378808212280273,2.223661820656681,15.112973787121293,D:\Research\research-experiments\industrial-anomaly-detection\data\mvtec_ad\bottle\ground_truth\broken_small\009_mask.png,19096,0.02357530864197531,-3.747555316212696
bottle,broken_small,D:\Research\research-experiments\industrial-anomaly-detection\data\mvtec_ad\bottle\test\broken_small\010.png,2,post_concat,0.5,0,1,61.45674514770508,25.378808212280273,2.223661820656681,16.224561037240115,D:\Research\research-experiments\industrial-anomaly-detection\data\mvtec_ad\bottle\ground_truth\broken_small\010_mask.png,37177,0.04589753086419753,-3.081343935383245
bottle,broken_small,D:\Research\research-experiments\industrial-anomaly-detection\data\mvtec_ad\bottle\test\broken_small\011.png,2,post_concat,0.5,0,1,53.082271575927734,25.378808212280273,2.223661820656681,12.458487664939181,D:\Research\research-experiments\industrial-anomaly-detection\data\mvtec_ad\bottle\ground_truth\broken_small\011_mask.png,15597,0.019255555555555557,-3.949955607663733
bottle,broken_small,D:\Research\research-experiments\industrial-anomaly-detection\data\mvtec_ad\bottle\test\broken_small\012.png,2,post_concat,0.5,0,1,56.52287673950195,25.378808212280273,2.223661820656681,14.005757637204187,D:\Research\research-experiments\industrial-anomaly-detection\data\mvtec_ad\bottle\ground_truth\broken_small\012_mask.png,63191,0.07801358024691359,-2.5508723488992464
bottle,broken_small,D:\Research\research-experiments\industrial-anomaly-detection\data\mvtec_ad\bottle\test\broken_small\013.png,2,post_concat,0.5,0,1,54.042301177978516,25.378808212280273,2.223661820656681,12.890221300482407,D:\Research\research-experiments\industrial-anomaly-detection\data\mvtec_ad\bottle\ground_truth\broken_small\013_mask.png,26219,0.03236913580246913,-3.430549877989932
bottle,broken_small,D:\Research\research-experiments\industrial-anomaly-detection\data\mvtec_ad\bottle\test\broken_small\014.png,2,post_concat,0.5,0,1,48.63279342651367,25.378808212280273,2.223661820656681,10.457518763966611,D:\Research\research-experiments\industrial-anomaly-detection\data\mvtec_ad\bottle\ground_truth\broken_small\014_mask.png,14546,0.017958024691358026,-4.019718150248726
bottle,broken_small,D:\Research\research-experiments\industrial-anomaly-detection\data\mvtec_ad\bottle\test\broken_small\015.png,2,post_concat,0.5,0,1,53.639591217041016,25.378808212280273,2.223661820656681,12.709119139534852,D:\Research\research-experiments\industrial-anomaly-detection\data\mvtec_ad\bottle\ground_truth\broken_small\015_mask.png,13480,0.016641975308641976,-4.0958270820933045
bottle,broken_small,D:\Research\research-experiments\industrial-anomaly-detection\data\mvtec_ad\bottle\test\broken_small\016.png,2,post_concat,0.5,0,1,56.76351547241211,25.378808212280273,2.223661820656681,14.113974961742814,D:\Research\research-experiments\industrial-anomaly-detection\data\mvtec_ad\bottle\ground_truth\broken_small\016_mask.png,16578,0.020466666666666668,-3.888957683637216
bottle,broken_small,D:\Research\research-experiments\industrial-anomaly-detection\data\mvtec_ad\bottle\test\broken_small\017.png,2,post_concat,0.5,0,1,60.65188217163086,25.378808212280273,2.223661820656681,15.86260717870036,D:\Research\research-experiments\industrial-anomaly-detection\data\mvtec_ad\bottle\ground_truth\broken_small\017_mask.png,20384,0.02516543209876543,-3.682283928539684
bottle,broken_small,D:\Research\research-experiments\industrial-anomaly-detection\data\mvtec_ad\bottle\test\broken_small\018.png,2,post_concat,0.5,0,1,63.41384506225586,25.378808212280273,2.223661820656681,17.104685836960254,D:\Research\research-experiments\industrial-anomaly-detection\data\mvtec_ad\bottle\ground_truth\broken_small\018_mask.png,46314,0.05717777777777778,-2.8615899389814006
bottle,broken_small,D:\Research\research-experiments\industrial-anomaly-detection\data\mvtec_ad\bottle\test\broken_small\019.png,2,post_concat,0.5,0,1,60.73221969604492,25.378808212280273,2.223661820656681,15.898735659959412,D:\Research\research-experiments\industrial-anomaly-detection\data\mvtec_ad\bottle\ground_truth\broken_small\019_mask.png,22626,0.027933333333333334,-3.5779345243626874
bottle,broken_small,D:\Research\research-experiments\industrial-anomaly-detection\data\mvtec_ad\bottle\test\broken_small\020.png,2,post_concat,0.5,0,1,64.28501892089844,25.378808212280273,2.223661820656681,17.496460274309413,D:\Research\research-experiments\industrial-anomaly-detection\data\mvtec_ad\bottle\ground_truth\broken_small\020_mask.png,28333,0.03497901234567901,-3.3530070160307934
bottle,broken_small,D:\Research\research-experiments\industrial-anomaly-detection\data\mvtec_ad\bottle\test\broken_small\021.png,2,post_concat,0.5,0,1,57.716861724853516,25.378808212280273,2.223661820656681,14.542703037021754,D:\Research\research-experiments\industrial-anomaly-detection\data\mvtec_ad\bottle\ground_truth\broken_small\021_mask.png,14995,0.018512345679012346,-3.9893173814475076
bottle,contamination,D:\Research\research-experiments\industrial-anomaly-detection\data\mvtec_ad\bottle\test\contamination\000.png,2,post_concat,0.5,0,1,53.516197204589844,25.378808212280273,2.223661820656681,12.653627782303774,D:\Research\research-experiments\industrial-anomaly-detection\data\mvtec_ad\bottle\ground_truth\contamination\000_mask.png,58708,0.07247901234567901,-2.624458230120435
bottle,contamination,D:\Research\research-experiments\industrial-anomaly-detection\data\mvtec_ad\bottle\test\contamination\001.png,2,post_concat,0.5,0,1,44.23814010620117,25.378808212280273,2.223661820656681,8.481205063974814,D:\Research\research-experiments\industrial-anomaly-detection\data\mvtec_ad\bottle\ground_truth\contamination\001_mask.png,58120,0.07175308641975309,-2.6345243950277197
bottle,contamination,D:\Research\research-experiments\industrial-anomaly-detection\data\mvtec_ad\bottle\test\contamination\002.png,2,post_concat,0.5,0,1,50.2475471496582,25.378808212280273,2.223661820656681,11.183687513254068,D:\Research\research-experiments\industrial-anomaly-detection\data\mvtec_ad\bottle\ground_truth\contamination\002_mask.png,14913,0.01841111111111111,-3.9948008775708135
bottle,contamination,D:\Research\research-experiments\industrial-anomaly-detection\data\mvtec_ad\bottle\test\contamination\003.png,2,post_concat,0.5,0,1,38.50351333618164,25.378808212280273,2.223661820656681,5.902293686018067,D:\Research\research-experiments\industrial-anomaly-detection\data\mvtec_ad\bottle\ground_truth\contamination\003_mask.png,21317,0.026317283950617283,-3.6375293332175858
bottle,contamination,D:\Research\research-experiments\industrial-anomaly-detection\data\mvtec_ad\bottle\test\contamination\004.png,2,post_concat,0.5,0,1,44.13278579711914,25.378808212280273,2.223661820656681,8.4338263177539,D:\Research\research-experiments\industrial-anomaly-detection\data\mvtec_ad\bottle\ground_truth\contamination\004_mask.png,16790,0.020728395061728393,-3.8762507283340346
bottle,contamination,D:\Research\research-experiments\industrial-anomaly-detection\data\mvtec_ad\bottle\test\contamination\005.png,2,post_concat,0.5,0,1,63.54085922241211,25.378808212280273,2.223661820656681,17.16180520600115,D:\Research\research-experiments\industrial-anomaly-detection\data\mvtec_ad\bottle\ground_truth\contamination\005_mask.png,99554,0.12290617283950617,-2.096334029013557
bottle,contamination,D:\Research\research-experiments\industrial-anomaly-detection\data\mvtec_ad\bottle\test\contamination\006.png,2,post_concat,0.5,0,1,57.879356384277344,25.378808212280273,2.223661820656681,14.615778294200851,D:\Research\research-experiments\industrial-anomaly-detection\data\mvtec_ad\bottle\ground_truth\contamination\006_mask.png,123943,0.15301604938271604,-1.8772124586295935
bottle,contamination,D:\Research\research-experiments\industrial-anomaly-detection\data\mvtec_ad\bottle\test\contamination\007.png,2,post_concat,0.5,0,1,67.21905517578125,25.378808212280273,2.223661820656681,18.815921816360056,D:\Research\research-experiments\industrial-anomaly-detection\data\mvtec_ad\bottle\ground_truth\contamination\007_mask.png,45048,0.05561481481481481,-2.8893056417333467
bottle,contamination,D:\Research\research-experiments\industrial-anomaly-detection\data\mvtec_ad\bottle\test\contamination\008.png,2,post_concat,0.5,0,1,57.50180435180664,25.378808212280273,2.223661820656681,14.445989871805217,D:\Research\research-experiments\industrial-anomaly-detection\data\mvtec_ad\bottle\ground_truth\contamination\008_mask.png,133876,0.16527901234567902,-1.800120243221566
bottle,contamination,D:\Research\research-experiments\industrial-anomaly-detection\data\mvtec_ad\bottle\test\contamination\009.png,2,post_concat,0.5,0,1,62.06854248046875,25.378808212280273,2.223661820656681,16.49969160209507,D:\Research\research-experiments\industrial-anomaly-detection\data\mvtec_ad\bottle\ground_truth\contamination\009_mask.png,111640,0.13782716049382715,-1.9817548317428992
bottle,contamination,D:\Research\research-experiments\industrial-anomaly-detection\data\mvtec_ad\bottle\test\contamination\010.png,2,post_concat,0.5,0,1,62.46448516845703,25.378808212280273,2.223661820656681,16.67775046172479,D:\Research\research-experiments\industrial-anomaly-detection\data\mvtec_ad\bottle\ground_truth\contamination\010_mask.png,93231,0.1151,-2.161953954566203
bottle,contamination,D:\Research\research-experiments\industrial-anomaly-detection\data\mvtec_ad\bottle\test\contamination\011.png,2,post_concat,0.5,0,1,46.832969665527344,25.378808212280273,2.223661820656681,9.648122414095921,D:\Research\research-experiments\industrial-anomaly-detection\data\mvtec_ad\bottle\ground_truth\contamination\011_mask.png,120781,0.14911234567901235,-1.9030552525981752
bottle,contamination,D:\Research\research-experiments\industrial-anomaly-detection\data\mvtec_ad\bottle\test\contamination\012.png,2,post_concat,0.5,0,1,43.0189323425293,25.378808212280273,2.223661820656681,7.9329167620639485,D:\Research\research-experiments\industrial-anomaly-detection\data\mvtec_ad\bottle\ground_truth\contamination\012_mask.png,122608,0.1513679012345679,-1.8880419668320156
bottle,contamination,D:\Research\research-experiments\industrial-anomaly-detection\data\mvtec_ad\bottle\test\contamination\013.png,2,post_concat,0.5,0,1,60.82936096191406,25.378808212280273,2.223661820656681,15.942420929440026,D:\Research\research-experiments\industrial-anomaly-detection\data\mvtec_ad\bottle\ground_truth\contamination\013_mask.png,41319,0.05101111111111111,-2.975711785459608
bottle,contamination,D:\Research\research-experiments\industrial-anomaly-detection\data\mvtec_ad\bottle\test\contamination\014.png,2,post_concat,0.5,0,1,63.444236755371094,25.378808212280273,2.223661820656681,17.118353244851555,D:\Research\research-experiments\industrial-anomaly-detection\data\mvtec_ad\bottle\ground_truth\contamination\014_mask.png,5429,0.006702469135802469,-5.005279143544434
bottle,contamination,D:\Research\research-experiments\industrial-anomaly-detection\data\mvtec_ad\bottle\test\contamination\015.png,2,post_concat,0.5,0,1,56.190006256103516,25.378808212280273,2.223661820656681,13.856062894817445,D:\Research\research-experiments\industrial-anomaly-detection\data\mvtec_ad\bottle\ground_truth\contamination\015_mask.png,33779,0.04170246913580247,-3.177194916061193
bottle,contamination,D:\Research\research-experiments\industrial-anomaly-detection\data\mvtec_ad\bottle\test\contamination\016.png,2,post_concat,0.5,0,1,38.786319732666016,25.378808212280273,2.223661820656681,6.02947417446161,D:\Research\research-experiments\industrial-anomaly-detection\data\mvtec_ad\bottle\ground_truth\contamination\016_mask.png,122515,0.15125308641975307,-1.88880076958694
bottle,contamination,D:\Research\research-experiments\industrial-anomaly-detection\data\mvtec_ad\bottle\test\contamination\017.png,2,post_concat,0.5,0,1,65.99836730957031,25.378808212280273,2.223661820656681,18.26696789950482,D:\Research\research-experiments\industrial-anomaly-detection\data\mvtec_ad\bottle\ground_truth\contamination\017_mask.png,67541,0.08338395061728394,-2.484299414785091
bottle,contamination,D:\Research\research-experiments\industrial-anomaly-detection\data\mvtec_ad\bottle\test\contamination\018.png,2,post_concat,0.5,0,1,64.38728332519531,25.378808212280273,2.223661820656681,17.542449463558825,D:\Research\research-experiments\industrial-anomaly-detection\data\mvtec_ad\bottle\ground_truth\contamination\018_mask.png,4663,0.00575679012345679,-5.157375056132402
bottle,contamination,D:\Research\research-experiments\industrial-anomaly-detection\data\mvtec_ad\bottle\test\contamination\019.png,2,post_concat,0.5,0,1,42.072113037109375,25.378808212280273,2.223661820656681,7.507123911449501,D:\Research\research-experiments\industrial-anomaly-detection\data\mvtec_ad\bottle\ground_truth\contamination\019_mask.png,27013,0.03334938271604938,-3.4007159860701273
bottle,contamination,D:\Research\research-experiments\industrial-anomaly-detection\data\mvtec_ad\bottle\test\contamination\020.png,2,post_concat,0.5,0,1,42.49266815185547,25.378808212280273,2.223661820656681,7.696251192783088,D:\Research\research-experiments\industrial-anomaly-detection\data\mvtec_ad\bottle\ground_truth\contamination\020_mask.png,121385,0.14985802469135803,-1.8980669284864315
bottle,good,D:\Research\research-experiments\industrial-anomaly-detection\data\mvtec_ad\bottle\test\good\000.png,2,post_concat,0.75,1,0,25.663013458251953,27.018585205078125,2.1876376353752267,-0.6196509535701338,,,,
bottle,good,D:\Research\research-experiments\industrial-anomaly-detection\data\mvtec_ad\bottle\test\good\001.png,2,post_concat,0.75,1,0,30.862804412841797,27.018585205078125,2.1876376353752267,1.7572467878595013,,,,
bottle,good,D:\Research\research-experiments\industrial-anomaly-detection\data\mvtec_ad\bottle\test\good\002.png,2,post_concat,0.75,1,0,27.271177291870117,27.018585205078125,2.1876376353752267,0.11546340340257825,,,,
bottle,good,D:\Research\research-experiments\industrial-anomaly-detection\data\mvtec_ad\bottle\test\good\003.png,2,post_concat,0.75,1,0,24.872516632080078,27.018585205078125,2.1876376353752267,-0.9809981956312204,,,,
bottle,good,D:\Research\research-experiments\industrial-anomaly-detection\data\mvtec_ad\bottle\test\good\004.png,2,post_concat,0.75,1,0,26.568954467773438,27.018585205078125,2.1876376353752267,-0.20553254800243287,,,,
bottle,good,D:\Research\research-experiments\industrial-anomaly-detection\data\mvtec_ad\bottle\test\good\005.png,2,post_concat,0.75,1,0,24.492551803588867,27.018585205078125,2.1876376353752267,-1.1546854747065955,,,,
bottle,good,D:\Research\research-experiments\industrial-anomaly-detection\data\mvtec_ad\bottle\test\good\006.png,2,post_concat,0.75,1,0,27.487171173095703,27.018585205078125,2.1876376353752267,0.21419725115361968,,,,
bottle,good,D:\Research\research-experiments\industrial-anomaly-detection\data\mvtec_ad\bottle\test\good\007.png,2,post_concat,0.75,1,0,31.277454376220703,27.018585205078125,2.1876376353752267,1.9467891310125915,,,,
bottle,good,D:\Research\research-experiments\industrial-anomaly-detection\data\mvtec_ad\bottle\test\good\008.png,2,post_concat,0.75,1,0,27.899459838867188,27.018585205078125,2.1876376353752267,0.40266021188558204,,,,
bottle,good,D:\Research\research-experiments\industrial-anomaly-detection\data\mvtec_ad\bottle\test\good\009.png,2,post_concat,0.75,1,0,29.15626335144043,27.018585205078125,2.1876376353752267,0.9771628133448377,,,,
bottle,good,D:\Research\research-experiments\industrial-anomaly-detection\data\mvtec_ad\bottle\test\good\010.png,2,post_concat,0.75,1,0,26.099199295043945,27.018585205078125,2.1876376353752267,-0.4202642591109406,,,,
bottle,good,D:\Research\research-experiments\industrial-anomaly-detection\data\mvtec_ad\bottle\test\good\011.png,2,post_concat,0.75,1,0,25.964893341064453,27.018585205078125,2.1876376353752267,-0.48165740384738864,,,,
bottle,good,D:\Research\research-experiments\industrial-anomaly-detection\data\mvtec_ad\bottle\test\good\012.png,2,post_concat,0.75,1,0,26.114484786987305,27.018585205078125,2.1876376353752267,-0.41327704527982656,,,,
bottle,good,D:\Research\research-experiments\industrial-anomaly-detection\data\mvtec_ad\bottle\test\good\013.png,2,post_concat,0.75,1,0,23.164960861206055,27.018585205078125,2.1876376353752267,-1.7615460081491472,,,,
bottle,good,D:\Research\research-experiments\industrial-anomaly-detection\data\mvtec_ad\bottle\test\good\014.png,2,post_concat,0.75,1,0,26.330820083618164,27.018585205078125,2.1876376353752267,-0.31438713173445404,,,,
bottle,good,D:\Research\research-experiments\industrial-anomaly-detection\data\mvtec_ad\bottle\test\good\015.png,2,post_concat,0.75,1,0,28.53382682800293,27.018585205078125,2.1876376353752267,0.6926383046362742,,,,
bottle,good,D:\Research\research-experiments\industrial-anomaly-detection\data\mvtec_ad\bottle\test\good\016.png,2,post_concat,0.75,1,0,28.723363876342773,27.018585205078125,2.1876376353752267,0.7792783611405746,,,,
bottle,good,D:\Research\research-experiments\industrial-anomaly-detection\data\mvtec_ad\bottle\test\good\017.png,2,post_concat,0.75,1,0,24.66539192199707,27.018585205078125,2.1876376353752267,-1.0756778202334372,,,,
bottle,good,D:\Research\research-experiments\industrial-anomaly-detection\data\mvtec_ad\bottle\test\good\018.png,2,post_concat,0.75,1,0,25.39600944519043,27.018585205078125,2.1876376353752267,-0.7417022516205655,,,,
bottle,good,D:\Research\research-experiments\industrial-anomaly-detection\data\mvtec_ad\bottle\test\good\019.png,2,post_concat,0.75,1,0,29.8273868560791,27.018585205078125,2.1876376353752267,1.2839428274505833,,,,
bottle,broken_large,D:\Research\research-experiments\industrial-anomaly-detection\data\mvtec_ad\bottle\test\broken_large\000.png,2,post_concat,0.75,0,1,55.730892181396484,27.018585205078125,2.1876376353752267,13.124800246633892,D:\Research\research-experiments\industrial-anomaly-detection\data\mvtec_ad\bottle\ground_truth\broken_large\000_mask.png,88192,0.10887901234567901,-2.2175179825308393
bottle,broken_large,D:\Research\research-experiments\industrial-anomaly-detection\data\mvtec_ad\bottle\test\broken_large\001.png,2,post_concat,0.75,0,1,56.47734451293945,27.018585205078125,2.1876376353752267,13.46601412935032,D:\Research\research-experiments\industrial-anomaly-detection\data\mvtec_ad\bottle\ground_truth\broken_large\001_mask.png,76641,0.09461851851851852,-2.357902055503547
bottle,broken_large,D:\Research\research-experiments\industrial-anomaly-detection\data\mvtec_ad\bottle\test\broken_large\002.png,2,post_concat,0.75,0,1,51.310909271240234,27.018585205078125,2.1876376353752267,11.10436375446405,D:\Research\research-experiments\industrial-anomaly-detection\data\mvtec_ad\bottle\ground_truth\broken_large\002_mask.png,125835,0.15535185185185185,-1.862062716263116
bottle,broken_large,D:\Research\research-experiments\industrial-anomaly-detection\data\mvtec_ad\bottle\test\broken_large\003.png,2,post_concat,0.75,0,1,55.6920051574707,27.018585205078125,2.1876376353752267,13.107024439847175,D:\Research\research-experiments\industrial-anomaly-detection\data\mvtec_ad\bottle\ground_truth\broken_large\003_mask.png,222091,0.27418641975308644,-1.293947036227257
bottle,broken_large,D:\Research\research-experiments\industrial-anomaly-detection\data\mvtec_ad\bottle\test\broken_large\004.png,2,post_concat,0.75,0,1,64.50006103515625,27.018585205078125,2.1876376353752267,17.13331093961055,D:\Research\research-experiments\industrial-anomaly-detection\data\mvtec_ad\bottle\ground_truth\broken_large\004_mask.png,33132,0.040903703703703706,-3.196534640482803
bottle,broken_large,D:\Research\research-experiments\industrial-anomaly-detection\data\mvtec_ad\bottle\test\broken_large\005.png,2,post_concat,0.75,0,1,51.9150505065918,27.018585205078125,2.1876376353752267,11.380525229098737,D:\Research\research-experiments\industrial-anomaly-detection\data\mvtec_ad\bottle\ground_truth\broken_large\005_mask.png,33201,0.04098888888888889,-3.194454227318871
bottle,broken_large,D:\Research\research-experiments\industrial-anomaly-detection\data\mvtec_ad\bottle\test\broken_large\006.png,2,post_concat,0.75,0,1,60.938499450683594,27.018585205078125,2.1876376353752267,15.505270935690168,D:\Research\research-experiments\industrial-anomaly-detection\data\mvtec_ad\bottle\ground_truth\broken_large\006_mask.png,123810,0.15285185185185185,-1.8782861086916018
bottle,broken_large,D:\Research\research-experiments\industrial-anomaly-detection\data\mvtec_ad\bottle\test\broken_large\007.png,2,post_concat,0.75,0,1,49.94016647338867,27.018585205078125,2.1876376353752267,10.47777789961956,D:\Research\research-experiments\industrial-anomaly-detection\data\mvtec_ad\bottle\ground_truth\broken_large\007_mask.png,130952,0.16166913580246914,-1.8222033976389584
bottle,broken_large,D:\Research\research-experiments\industrial-anomaly-detection\data\mvtec_ad\bottle\test\broken_large\008.png,2,post_concat,0.75,0,1,55.984371185302734,27.018585205078125,2.1876376353752267,13.240669072351352,D:\Research\research-experiments\industrial-anomaly-detection\data\mvtec_ad\bottle\ground_truth\broken_large\008_mask.png,105614,0.13038765432098764,-2.037243301754699
bottle,broken_large,D:\Research\research-experiments\industrial-anomaly-detection\data\mvtec_ad\bottle\test\broken_large\009.png,2,post_concat,0.75,0,1,57.48300552368164,27.018585205078125,2.1876376353752267,13.925715953125946,D:\Research\research-experiments\industrial-anomaly-detection\data\mvtec_ad\bottle\ground_truth\broken_large\009_mask.png,70875,0.0875,-2.436116474189997
bottle,broken_large,D:\Research\research-experiments\industrial-anomaly-detection\data\mvtec_ad\bottle\test\broken_large\010.png,2,post_concat,0.75,0,1,57.80954360961914,27.018585205078125,2.1876376353752267,14.07498111507837,D:\Research\research-experiments\industrial-anomaly-detection\data\mvtec_ad\bottle\ground_truth\broken_large\010_mask.png,90028,0.11114567901234568,-2.196913505612934
bottle,broken_large,D:\Research\research-experiments\industrial-anomaly-detection\data\mvtec_ad\bottle\test\broken_large\011.png,2,post_concat,0.75,0,1,49.23859405517578,27.018585205078125,2.1876376353752267,10.15707925791213,D:\Research\research-experiments\industrial-anomaly-detection\data\mvtec_ad\bottle\ground_truth\broken_large\011_mask.png,60540,0.07474074074074075,-2.593729930693328
bottle,broken_large,D:\Research\research-experiments\industrial-anomaly-detection\data\mvtec_ad\bottle\test\broken_large\012.png,2,post_concat,0.75,0,1,62.558048248291016,27.018585205078125,2.1876376353752267,16.245589520184456,D:\Research\research-experiments\industrial-anomaly-detection\data\mvtec_ad\bottle\ground_truth\broken_large\012_mask.png,70457,0.08698395061728395,-2.442031641512311
bottle,broken_large,D:\Research\research-experiments\industrial-anomaly-detection\data\mvtec_ad\bottle\test\broken_large\013.png,2,post_concat,0.75,0,1,50.05904769897461,27.018585205078125,2.1876376353752267,10.532120183580838,D:\Research\research-experiments\industrial-anomaly-detection\data\mvtec_ad\bottle\ground_truth\broken_large\013_mask.png,109290,0.13492592592592592,-2.003029340566428
bottle,broken_large,D:\Research\research-experiments\industrial-anomaly-detection\data\mvtec_ad\bottle\test\broken_large\014.png,2,post_concat,0.75,0,1,61.0758056640625,27.018585205078125,2.1876376353752267,15.56803554128965,D:\Research\research-experiments\industrial-anomaly-detection\data\mvtec_ad\bottle\ground_truth\broken_large\014_mask.png,38206,0.0471679012345679,-3.0540416551241663
bottle,broken_large,D:\Research\research-experiments\industrial-anomaly-detection\data\mvtec_ad\bottle\test\broken_large\015.png,2,post_concat,0.75,0,1,60.838531494140625,27.018585205078125,2.1876376353752267,15.459574173609266,D:\Research\research-experiments\industrial-anomaly-detection\data\mvtec_ad\bottle\ground_truth\broken_large\015_mask.png,75659,0.09340617283950617,-2.3707978348665426
bottle,broken_large,D:\Research\research-experiments\industrial-anomaly-detection\data\mvtec_ad\bottle\test\broken_large\016.png,2,post_concat,0.75,0,1,54.381832122802734,27.018585205078125,2.1876376353752267,12.508125877543346,D:\Research\research-experiments\industrial-anomaly-detection\data\mvtec_ad\bottle\ground_truth\broken_large\016_mask.png,118913,0.14680617283950617,-1.9186421075586297
bottle,broken_large,D:\Research\research-experiments\industrial-anomaly-detection\data\mvtec_ad\bottle\test\broken_large\017.png,2,post_concat,0.75,0,1,56.07071304321289,27.018585205078125,2.1876376353752267,13.280137152674147,D:\Research\research-experiments\industrial-anomaly-detection\data\mvtec_ad\bottle\ground_truth\broken_large\017_mask.png,114063,0.1408185185185185,-1.9602833132362991
bottle,broken_large,D:\Research\research-experiments\industrial-anomaly-detection\data\mvtec_ad\bottle\test\broken_large\018.png,2,post_concat,0.75,0,1,57.76462936401367,27.018585205078125,2.1876376353752267,14.054450180302343,D:\Research\research-experiments\industrial-anomaly-detection\data\mvtec_ad\bottle\ground_truth\broken_large\018_mask.png,106080,0.13096296296296298,-2.032840713593185
bottle,broken_large,D:\Research\research-experiments\industrial-anomaly-detection\data\mvtec_ad\bottle\test\broken_large\019.png,2,post_concat,0.75,0,1,52.369468688964844,27.018585205078125,2.1876376353752267,11.58824618572559,D:\Research\research-experiments\industrial-anomaly-detection\data\mvtec_ad\bottle\ground_truth\broken_large\019_mask.png,102217,0.12619382716049382,-2.069936235296805
bottle,broken_small,D:\Research\research-experiments\industrial-anomaly-detection\data\mvtec_ad\bottle\test\broken_small\000.png,2,post_concat,0.75,0,1,48.4422492980957,27.018585205078125,2.1876376353752267,9.793058844200658,D:\Research\research-experiments\industrial-anomaly-detection\data\mvtec_ad\bottle\ground_truth\broken_small\000_mask.png,7166,0.008846913580246914,-4.727686515749959
bottle,broken_small,D:\Research\research-experiments\industrial-anomaly-detection\data\mvtec_ad\bottle\test\broken_small\001.png,2,post_concat,0.75,0,1,58.1842155456543,27.018585205078125,2.1876376353752267,14.246248938403639,D:\Research\research-experiments\industrial-anomaly-detection\data\mvtec_ad\bottle\ground_truth\broken_small\001_mask.png,11966,0.01477283950617284,-4.214964885006854
bottle,broken_small,D:\Research\research-experiments\industrial-anomaly-detection\data\mvtec_ad\bottle\test\broken_small\002.png,2,post_concat,0.75,0,1,57.872623443603516,27.018585205078125,2.1876376353752267,14.103815796363945,D:\Research\research-experiments\industrial-anomaly-detection\data\mvtec_ad\bottle\ground_truth\broken_small\002_mask.png,29456,0.03636543209876543,-3.314136595677121
bottle,broken_small,D:\Research\research-experiments\industrial-anomaly-detection\data\mvtec_ad\bottle\test\broken_small\003.png,2,post_concat,0.75,0,1,54.230228424072266,27.018585205078125,2.1876376353752267,12.438825689852772,D:\Research\research-experiments\industrial-anomaly-detection\data\mvtec_ad\bottle\ground_truth\broken_small\003_mask.png,65292,0.0806074074074074,-2.5181647179688884
bottle,broken_small,D:\Research\research-experiments\industrial-anomaly-detection\data\mvtec_ad\bottle\test\broken_small\004.png,2,post_concat,0.75,0,1,63.207218170166016,27.018585205078125,2.1876376353752267,16.54233424215193,D:\Research\research-experiments\industrial-anomaly-detection\data\mvtec_ad\bottle\ground_truth\broken_small\004_mask.png,25926,0.03200740740740741,-3.441787890245866
bottle,broken_small,D:\Research\research-experiments\industrial-anomaly-detection\data\mvtec_ad\bottle\test\broken_small\005.png,2,post_concat,0.75,0,1,50.55962371826172,27.018585205078125,2.1876376353752267,10.760940538100499,D:\Research\research-experiments\industrial-anomaly-detection\data\mvtec_ad\bottle\ground_truth\broken_small\005_mask.png,12266,0.015143209876543209,-4.190202974426497
bottle,broken_small,D:\Research\research-experiments\industrial-anomaly-detection\data\mvtec_ad\bottle\test\broken_small\006.png,2,post_concat,0.75,0,1,61.372772216796875,27.018585205078125,2.1876376353752267,15.70378313857554,D:\Research\research-experiments\industrial-anomaly-detection\data\mvtec_ad\bottle\ground_truth\broken_small\006_mask.png,21797,0.026909876543209876,-3.6152618648590327
bottle,broken_small,D:\Research\research-experiments\industrial-anomaly-detection\data\mvtec_ad\bottle\test\broken_small\007.png,2,post_concat,0.75,0,1,53.05279541015625,27.018585205078125,2.1876376353752267,11.900604462133739,D:\Research\research-experiments\industrial-anomaly-detection\data\mvtec_ad\bottle\ground_truth\broken_small\007_mask.png,17046,0.021044444444444445,-3.8611186280479
bottle,broken_small,D:\Research\research-experiments\industrial-anomaly-detection\data\mvtec_ad\bottle\test\broken_small\008.png,2,post_concat,0.75,0,1,51.88692855834961,27.018585205078125,2.1876376353752267,11.367670290151153,D:\Research\research-experiments\industrial-anomaly-detection\data\mvtec_ad\bottle\ground_truth\broken_small\008_mask.png,17311,0.021371604938271605,-3.8456920632808353
bottle,broken_small,D:\Research\research-experiments\industrial-anomaly-detection\data\mvtec_ad\bottle\test\broken_small\009.png,2,post_concat,0.75,0,1,60.4527702331543,27.018585205078125,2.1876376353752267,15.283237263534046,D:\Research\research-experiments\industrial-anomaly-detection\data\mvtec_ad\bottle\ground_truth\broken_small\009_mask.png,19096,0.02357530864197531,-3.747555316212696
bottle,broken_small,D:\Research\research-experiments\industrial-anomaly-detection\data\mvtec_ad\bottle\test\broken_small\010.png,2,post_concat,0.75,0,1,61.297855377197266,27.018585205078125,2.1876376353752267,15.669537595169189,D:\Research\research-experiments\industrial-anomaly-detection\data\mvtec_ad\bottle\ground_truth\broken_small\010_mask.png,37177,0.04589753086419753,-3.081343935383245
bottle,broken_small,D:\Research\research-experiments\industrial-anomaly-detection\data\mvtec_ad\bottle\test\broken_small\011.png,2,post_concat,0.75,0,1,55.3194694519043,27.018585205078125,2.1876376353752267,12.936733117581406,D:\Research\research-experiments\industrial-anomaly-detection\data\mvtec_ad\bottle\ground_truth\broken_small\011_mask.png,15597,0.019255555555555557,-3.949955607663733
bottle,broken_small,D:\Research\research-experiments\industrial-anomaly-detection\data\mvtec_ad\bottle\test\broken_small\012.png,2,post_concat,0.75,0,1,56.141456604003906,27.018585205078125,2.1876376353752267,13.312475031510685,D:\Research\research-experiments\industrial-anomaly-detection\data\mvtec_ad\bottle\ground_truth\broken_small\012_mask.png,63191,0.07801358024691359,-2.5508723488992464
bottle,broken_small,D:\Research\research-experiments\industrial-anomaly-detection\data\mvtec_ad\bottle\test\broken_small\013.png,2,post_concat,0.75,0,1,55.1238899230957,27.018585205078125,2.1876376353752267,12.84733095808023,D:\Research\research-experiments\industrial-anomaly-detection\data\mvtec_ad\bottle\ground_truth\broken_small\013_mask.png,26219,0.03236913580246913,-3.430549877989932
bottle,broken_small,D:\Research\research-experiments\industrial-anomaly-detection\data\mvtec_ad\bottle\test\broken_small\014.png,2,post_concat,0.75,0,1,50.383846282958984,27.018585205078125,2.1876376353752267,10.680590194670526,D:\Research\research-experiments\industrial-anomaly-detection\data\mvtec_ad\bottle\ground_truth\broken_small\014_mask.png,14546,0.017958024691358026,-4.019718150248726
bottle,broken_small,D:\Research\research-experiments\industrial-anomaly-detection\data\mvtec_ad\bottle\test\broken_small\015.png,2,post_concat,0.75,0,1,55.89321517944336,27.018585205078125,2.1876376353752267,13.199000377140896,D:\Research\research-experiments\industrial-anomaly-detection\data\mvtec_ad\bottle\ground_truth\broken_small\015_mask.png,13480,0.016641975308641976,-4.0958270820933045
bottle,broken_small,D:\Research\research-experiments\industrial-anomaly-detection\data\mvtec_ad\bottle\test\broken_small\016.png,2,post_concat,0.75,0,1,57.83232116699219,27.018585205078125,2.1876376353752267,14.085393057625307,D:\Research\research-experiments\industrial-anomaly-detection\data\mvtec_ad\bottle\ground_truth\broken_small\016_mask.png,16578,0.020466666666666668,-3.888957683637216
bottle,broken_small,D:\Research\research-experiments\industrial-anomaly-detection\data\mvtec_ad\bottle\test\broken_small\017.png,2,post_concat,0.75,0,1,62.065059661865234,27.018585205078125,2.1876376353752267,16.020237488177923,D:\Research\research-experiments\industrial-anomaly-detection\data\mvtec_ad\bottle\ground_truth\broken_small\017_mask.png,20384,0.02516543209876543,-3.682283928539684
bottle,broken_small,D:\Research\research-experiments\industrial-anomaly-detection\data\mvtec_ad\bottle\test\broken_small\018.png,2,post_concat,0.75,0,1,65.51921844482422,27.018585205078125,2.1876376353752267,17.599182157579957,D:\Research\research-experiments\industrial-anomaly-detection\data\mvtec_ad\bottle\ground_truth\broken_small\018_mask.png,46314,0.05717777777777778,-2.8615899389814006
bottle,broken_small,D:\Research\research-experiments\industrial-anomaly-detection\data\mvtec_ad\bottle\test\broken_small\019.png,2,post_concat,0.75,0,1,60.77983856201172,27.018585205078125,2.1876376353752267,15.432744806999454,D:\Research\research-experiments\industrial-anomaly-detection\data\mvtec_ad\bottle\ground_truth\broken_small\019_mask.png,22626,0.027933333333333334,-3.5779345243626874
bottle,broken_small,D:\Research\research-experiments\industrial-anomaly-detection\data\mvtec_ad\bottle\test\broken_small\020.png,2,post_concat,0.75,0,1,66.48029327392578,27.018585205078125,2.1876376353752267,18.038503009242262,D:\Research\research-experiments\industrial-anomaly-detection\data\mvtec_ad\bottle\ground_truth\broken_small\020_mask.png,28333,0.03497901234567901,-3.3530070160307934
bottle,broken_small,D:\Research\research-experiments\industrial-anomaly-detection\data\mvtec_ad\bottle\test\broken_small\021.png,2,post_concat,0.75,0,1,59.020023345947266,27.018585205078125,2.1876376353752267,14.628308465437517,D:\Research\research-experiments\industrial-anomaly-detection\data\mvtec_ad\bottle\ground_truth\broken_small\021_mask.png,14995,0.018512345679012346,-3.9893173814475076
bottle,contamination,D:\Research\research-experiments\industrial-anomaly-detection\data\mvtec_ad\bottle\test\contamination\000.png,2,post_concat,0.75,0,1,55.23421096801758,27.018585205078125,2.1876376353752267,12.89776026279593,D:\Research\research-experiments\industrial-anomaly-detection\data\mvtec_ad\bottle\ground_truth\contamination\000_mask.png,58708,0.07247901234567901,-2.624458230120435
bottle,contamination,D:\Research\research-experiments\industrial-anomaly-detection\data\mvtec_ad\bottle\test\contamination\001.png,2,post_concat,0.75,0,1,44.70759201049805,27.018585205078125,2.1876376353752267,8.085894354430357,D:\Research\research-experiments\industrial-anomaly-detection\data\mvtec_ad\bottle\ground_truth\contamination\001_mask.png,58120,0.07175308641975309,-2.6345243950277197
bottle,contamination,D:\Research\research-experiments\industrial-anomaly-detection\data\mvtec_ad\bottle\test\contamination\002.png,2,post_concat,0.75,0,1,52.12575149536133,27.018585205078125,2.1876376353752267,11.476839621099673,D:\Research\research-experiments\industrial-anomaly-detection\data\mvtec_ad\bottle\ground_truth\contamination\002_mask.png,14913,0.01841111111111111,-3.9948008775708135
bottle,contamination,D:\Research\research-experiments\industrial-anomaly-detection\data\mvtec_ad\bottle\test\contamination\003.png,2,post_concat,0.75,0,1,40.80018997192383,27.018585205078125,2.1876376353752267,6.299765803984197,D:\Research\research-experiments\industrial-anomaly-detection\data\mvtec_ad\bottle\ground_truth\contamination\003_mask.png,21317,0.026317283950617283,-3.6375293332175858
bottle,contamination,D:\Research\research-experiments\industrial-anomaly-detection\data\mvtec_ad\bottle\test\contamination\004.png,2,post_concat,0.75,0,1,46.196678161621094,27.018585205078125,2.1876376353752267,8.766576624219356,D:\Research\research-experiments\industrial-anomaly-detection\data\mvtec_ad\bottle\ground_truth\contamination\004_mask.png,16790,0.020728395061728393,-3.8762507283340346
bottle,contamination,D:\Research\research-experiments\industrial-anomaly-detection\data\mvtec_ad\bottle\test\contamination\005.png,2,post_concat,0.75,0,1,65.97019958496094,27.018585205078125,2.1876376353752267,17.805331993752144,D:\Research\research-experiments\industrial-anomaly-detection\data\mvtec_ad\bottle\ground_truth\contamination\005_mask.png,99554,0.12290617283950617,-2.096334029013557
bottle,contamination,D:\Research\research-experiments\industrial-anomaly-detection\data\mvtec_ad\bottle\test\contamination\006.png,2,post_concat,0.75,0,1,60.090057373046875,27.018585205078125,2.1876376353752267,15.117436102390094,D:\Research\research-experiments\industrial-anomaly-detection\data\mvtec_ad\bottle\ground_truth\contamination\006_mask.png,123943,0.15301604938271604,-1.8772124586295935
bottle,contamination,D:\Research\research-experiments\industrial-anomaly-detection\data\mvtec_ad\bottle\test\contamination\007.png,2,post_concat,0.75,0,1,65.01495361328125,27.018585205078125,2.1876376353752267,17.36867559498076,D:\Research\research-experiments\industrial-anomaly-detection\data\mvtec_ad\bottle\ground_truth\contamination\007_mask.png,45048,0.05561481481481481,-2.8893056417333467
bottle,contamination,D:\Research\research-experiments\industrial-anomaly-detection\data\mvtec_ad\bottle\test\contamination\008.png,2,post_concat,0.75,0,1,60.712039947509766,27.018585205078125,2.1876376353752267,15.401753104623515,D:\Research\research-experiments\industrial-anomaly-detection\data\mvtec_ad\bottle\ground_truth\contamination\008_mask.png,133876,0.16527901234567902,-1.800120243221566
bottle,contamination,D:\Research\research-experiments\industrial-anomaly-detection\data\mvtec_ad\bottle\test\contamination\009.png,2,post_concat,0.75,0,1,64.16848754882812,27.018585205078125,2.1876376353752267,16.98174402516073,D:\Research\research-experiments\industrial-anomaly-detection\data\mvtec_ad\bottle\ground_truth\contamination\009_mask.png,111640,0.13782716049382715,-1.9817548317428992
bottle,contamination,D:\Research\research-experiments\industrial-anomaly-detection\data\mvtec_ad\bottle\test\contamination\010.png,2,post_concat,0.75,0,1,64.36621856689453,27.018585205078125,2.1876376353752267,17.072129660728976,D:\Research\research-experiments\industrial-anomaly-detection\data\mvtec_ad\bottle\ground_truth\contamination\010_mask.png,93231,0.1151,-2.161953954566203
bottle,contamination,D:\Research\research-experiments\industrial-anomaly-detection\data\mvtec_ad\bottle\test\contamination\011.png,2,post_concat,0.75,0,1,49.53470230102539,27.018585205078125,2.1876376353752267,10.292434511022329,D:\Research\research-experiments\industrial-anomaly-detection\data\mvtec_ad\bottle\ground_truth\contamination\011_mask.png,120781,0.14911234567901235,-1.9030552525981752
bottle,contamination,D:\Research\research-experiments\industrial-anomaly-detection\data\mvtec_ad\bottle\test\contamination\012.png,2,post_concat,0.75,0,1,46.01003646850586,27.018585205078125,2.1876376353752267,8.681260075401058,D:\Research\research-experiments\industrial-anomaly-detection\data\mvtec_ad\bottle\ground_truth\contamination\012_mask.png,122608,0.1513679012345679,-1.8880419668320156
bottle,contamination,D:\Research\research-experiments\industrial-anomaly-detection\data\mvtec_ad\bottle\test\contamination\013.png,2,post_concat,0.75,0,1,56.94002151489258,27.018585205078125,2.1876376353752267,13.677510308823283,D:\Research\research-experiments\industrial-anomaly-detection\data\mvtec_ad\bottle\ground_truth\contamination\013_mask.png,41319,0.05101111111111111,-2.975711785459608
bottle,contamination,D:\Research\research-experiments\industrial-anomaly-detection\data\mvtec_ad\bottle\test\contamination\014.png,2,post_concat,0.75,0,1,66.45127868652344,27.018585205078125,2.1876376353752267,18.02524003235196,D:\Research\research-experiments\industrial-anomaly-detection\data\mvtec_ad\bottle\ground_truth\contamination\014_mask.png,5429,0.006702469135802469,-5.005279143544434
bottle,contamination,D:\Research\research-experiments\industrial-anomaly-detection\data\mvtec_ad\bottle\test\contamination\015.png,2,post_concat,0.75,0,1,55.681339263916016,27.018585205078125,2.1876376353752267,13.102148909557233,D:\Research\research-experiments\industrial-anomaly-detection\data\mvtec_ad\bottle\ground_truth\contamination\015_mask.png,33779,0.04170246913580247,-3.177194916061193
bottle,contamination,D:\Research\research-experiments\industrial-anomaly-detection\data\mvtec_ad\bottle\test\contamination\016.png,2,post_concat,0.75,0,1,38.284847259521484,27.018585205078125,2.1876376353752267,5.149967193954841,D:\Research\research-experiments\industrial-anomaly-detection\data\mvtec_ad\bottle\ground_truth\contamination\016_mask.png,122515,0.15125308641975307,-1.88880076958694
bottle,contamination,D:\Research\research-experiments\industrial-anomaly-detection\data\mvtec_ad\bottle\test\contamination\017.png,2,post_concat,0.75,0,1,64.87631225585938,27.018585205078125,2.1876376353752267,17.305300676219094,D:\Research\research-experiments\industrial-anomaly-detection\data\mvtec_ad\bottle\ground_truth\contamination\017_mask.png,67541,0.08338395061728394,-2.484299414785091
bottle,contamination,D:\Research\research-experiments\industrial-anomaly-detection\data\mvtec_ad\bottle\test\contamination\018.png,2,post_concat,0.75,0,1,65.71028137207031,27.018585205078125,2.1876376353752267,17.686519714841044,D:\Research\research-experiments\industrial-anomaly-detection\data\mvtec_ad\bottle\ground_truth\contamination\018_mask.png,4663,0.00575679012345679,-5.157375056132402
bottle,contamination,D:\Research\research-experiments\industrial-anomaly-detection\data\mvtec_ad\bottle\test\contamination\019.png,2,post_concat,0.75,0,1,44.05072784423828,27.018585205078125,2.1876376353752267,7.785632484896786,D:\Research\research-experiments\industrial-anomaly-detection\data\mvtec_ad\bottle\ground_truth\contamination\019_mask.png,27013,0.03334938271604938,-3.4007159860701273
bottle,contamination,D:\Research\research-experiments\industrial-anomaly-detection\data\mvtec_ad\bottle\test\contamination\020.png,2,post_concat,0.75,0,1,44.171958923339844,27.018585205078125,2.1876376353752267,7.841048920023516,D:\Research\research-experiments\industrial-anomaly-detection\data\mvtec_ad\bottle\ground_truth\contamination\020_mask.png,121385,0.14985802469135803,-1.8980669284864315
bottle,good,D:\Research\research-experiments\industrial-anomaly-detection\data\mvtec_ad\bottle\test\good\000.png,2,post_concat,1.0,1,0,28.281797409057617,29.425514888763427,2.28827423310137,-0.49981661426816554,,,,
bottle,good,D:\Research\research-experiments\industrial-anomaly-detection\data\mvtec_ad\bottle\test\good\001.png,2,post_concat,1.0,1,0,31.70948028564453,29.425514888763427,2.28827423310137,0.9981169930780429,,,,
bottle,good,D:\Research\research-experiments\industrial-anomaly-detection\data\mvtec_ad\bottle\test\good\002.png,2,post_concat,1.0,1,0,29.152050018310547,29.425514888763427,2.28827423310137,-0.11950703569398874,,,,
bottle,good,D:\Research\research-experiments\industrial-anomaly-detection\data\mvtec_ad\bottle\test\good\003.png,2,post_concat,1.0,1,0,27.69660758972168,29.425514888763427,2.28827423310137,-0.7555507438889896,,,,
bottle,good,D:\Research\research-experiments\industrial-anomaly-detection\data\mvtec_ad\bottle\test\good\004.png,2,post_concat,1.0,1,0,29.260129928588867,29.425514888763427,2.28827423310137,-0.07227497376938445,,,,
bottle,good,D:\Research\research-experiments\industrial-anomaly-detection\data\mvtec_ad\bottle\test\good\005.png,2,post_concat,1.0,1,0,26.249385833740234,29.425514888763427,2.28827423310137,-1.3880019313587624,,,,
bottle,good,D:\Research\research-experiments\industrial-anomaly-detection\data\mvtec_ad\bottle\test\good\006.png,2,post_concat,1.0,1,0,30.2845401763916,29.425514888763427,2.28827423310137,0.3754031204834704,,,,
bottle,good,D:\Research\research-experiments\industrial-anomaly-detection\data\mvtec_ad\bottle\test\good\007.png,2,post_concat,1.0,1,0,34.895538330078125,29.425514888763427,2.28827423310137,2.390457997641744,,,,
bottle,good,D:\Research\research-experiments\industrial-anomaly-detection\data\mvtec_ad\bottle\test\good\008.png,2,post_concat,1.0,1,0,30.76283073425293,29.425514888763427,2.28827423310137,0.5844211441724781,,,,
bottle,good,D:\Research\research-experiments\industrial-anomaly-detection\data\mvtec_ad\bottle\test\good\009.png,2,post_concat,1.0,1,0,32.16579055786133,29.425514888763427,2.28827423310137,1.1975293998673924,,,,
bottle,good,D:\Research\research-experiments\industrial-anomaly-detection\data\mvtec_ad\bottle\test\good\010.png,2,post_concat,1.0,1,0,28.85934829711914,29.425514888763427,2.28827423310137,-0.247420778267884,,,,
bottle,good,D:\Research\research-experiments\industrial-anomaly-detection\data\mvtec_ad\bottle\test\good\011.png,2,post_concat,1.0,1,0,28.248315811157227,29.425514888763427,2.28827423310137,-0.51444842605718,,,,
bottle,good,D:\Research\research-experiments\industrial-anomaly-detection\data\mvtec_ad\bottle\test\good\012.png,2,post_concat,1.0,1,0,28.413997650146484,29.425514888763427,2.28827423310137,-0.44204371311125656,,,,
bottle,good,D:\Research\research-experiments\industrial-anomaly-detection\data\mvtec_ad\bottle\test\good\013.png,2,post_concat,1.0,1,0,25.58376121520996,29.425514888763427,2.28827423310137,-1.6788869174769392,,,,
bottle,good,D:\Research\research-experiments\industrial-anomaly-detection\data\mvtec_ad\bottle\test\good\014.png,2,post_concat,1.0,1,0,30.02566146850586,29.425514888763427,2.28827423310137,0.2622703918354378,,,,
bottle,good,D:\Research\research-experiments\industrial-anomaly-detection\data\mvtec_ad\bottle\test\good\015.png,2,post_concat,1.0,1,0,31.01907730102539,29.425514888763427,2.28827423310137,0.6964035993632451,,,,
bottle,good,D:\Research\research-experiments\industrial-anomaly-detection\data\mvtec_ad\bottle\test\good\016.png,2,post_concat,1.0,1,0,31.1914005279541,29.425514888763427,2.28827423310137,0.7717106689600373,,,,
bottle,good,D:\Research\research-experiments\industrial-anomaly-detection\data\mvtec_ad\bottle\test\good\017.png,2,post_concat,1.0,1,0,26.3996639251709,29.425514888763427,2.28827423310137,-1.322328818732315,,,,
bottle,good,D:\Research\research-experiments\industrial-anomaly-detection\data\mvtec_ad\bottle\test\good\018.png,2,post_concat,1.0,1,0,27.282047271728516,29.425514888763427,2.28827423310137,-0.9367179798768271,,,,
bottle,good,D:\Research\research-experiments\industrial-anomaly-detection\data\mvtec_ad\bottle\test\good\019.png,2,post_concat,1.0,1,0,31.028873443603516,29.425514888763427,2.28827423310137,0.700684617099851,,,,
bottle,broken_large,D:\Research\research-experiments\industrial-anomaly-detection\data\mvtec_ad\bottle\test\broken_large\000.png,2,post_concat,1.0,0,1,57.168174743652344,29.425514888763427,2.28827423310137,12.123835270079677,D:\Research\research-experiments\industrial-anomaly-detection\data\mvtec_ad\bottle\ground_truth\broken_large\000_mask.png,88192,0.10887901234567901,-2.2175179825308393
bottle,broken_large,D:\Research\research-experiments\industrial-anomaly-detection\data\mvtec_ad\bottle\test\broken_large\001.png,2,post_concat,1.0,0,1,58.49412536621094,29.425514888763427,2.28827423310137,12.703289691834666,D:\Research\research-experiments\industrial-anomaly-detection\data\mvtec_ad\bottle\ground_truth\broken_large\001_mask.png,76641,0.09461851851851852,-2.357902055503547
bottle,broken_large,D:\Research\research-experiments\industrial-anomaly-detection\data\mvtec_ad\bottle\test\broken_large\002.png,2,post_concat,1.0,0,1,52.15361404418945,29.425514888763427,2.28827423310137,9.932419299509359,D:\Research\research-experiments\industrial-anomaly-detection\data\mvtec_ad\bottle\ground_truth\broken_large\002_mask.png,125835,0.15535185185185185,-1.862062716263116
bottle,broken_large,D:\Research\research-experiments\industrial-anomaly-detection\data\mvtec_ad\bottle\test\broken_large\003.png,2,post_concat,1.0,0,1,55.36964797973633,29.425514888763427,2.28827423310137,11.337860084982035,D:\Research\research-experiments\industrial-anomaly-detection\data\mvtec_ad\bottle\ground_truth\broken_large\003_mask.png,222091,0.27418641975308644,-1.293947036227257
bottle,broken_large,D:\Research\research-experiments\industrial-anomaly-detection\data\mvtec_ad\bottle\test\broken_large\004.png,2,post_concat,1.0,0,1,67.98794555664062,29.425514888763427,2.28827423310137,16.852189353027114,D:\Research\research-experiments\industrial-anomaly-detection\data\mvtec_ad\bottle\ground_truth\broken_large\004_mask.png,33132,0.040903703703703706,-3.196534640482803
bottle,broken_large,D:\Research\research-experiments\industrial-anomaly-detection\data\mvtec_ad\bottle\test\broken_large\005.png,2,post_concat,1.0,0,1,54.654727935791016,29.425514888763427,2.28827423310137,11.025432477484852,D:\Research\research-experiments\industrial-anomaly-detection\data\mvtec_ad\bottle\ground_truth\broken_large\005_mask.png,33201,0.04098888888888889,-3.194454227318871
bottle,broken_large,D:\Research\research-experiments\industrial-anomaly-detection\data\mvtec_ad\bottle\test\broken_large\006.png,2,post_concat,1.0,0,1,64.16659545898438,29.425514888763427,2.28827423310137,15.182219013642987,D:\Research\research-experiments\industrial-anomaly-detection\data\mvtec_ad\bottle\ground_truth\broken_large\006_mask.png,123810,0.15285185185185185,-1.8782861086916018
bottle,broken_large,D:\Research\research-experiments\industrial-anomaly-detection\data\mvtec_ad\bottle\test\broken_large\007.png,2,post_concat,1.0,0,1,51.202056884765625,29.425514888763427,2.28827423310137,9.516578774078038,D:\Research\research-experiments\industrial-anomaly-detection\data\mvtec_ad\bottle\ground_truth\broken_large\007_mask.png,130952,0.16166913580246914,-1.8222033976389584
bottle,broken_large,D:\Research\research-experiments\industrial-anomaly-detection\data\mvtec_ad\bottle\test\broken_large\008.png,2,post_concat,1.0,0,1,57.412498474121094,29.425514888763427,2.28827423310137,12.230607319921628,D:\Research\research-experiments\industrial-anomaly-detection\data\mvtec_ad\bottle\ground_truth\broken_large\008_mask.png,105614,0.13038765432098764,-2.037243301754699
bottle,broken_large,D:\Research\research-experiments\industrial-anomaly-detection\data\mvtec_ad\bottle\test\broken_large\009.png,2,post_concat,1.0,0,1,61.020423889160156,29.425514888763427,2.28827423310137,13.807308819614315,D:\Research\research-experiments\industrial-anomaly-detection\data\mvtec_ad\bottle\ground_truth\broken_large\009_mask.png,70875,0.0875,-2.436116474189997
bottle,broken_large,D:\Research\research-experiments\industrial-anomaly-detection\data\mvtec_ad\bottle\test\broken_large\010.png,2,post_concat,1.0,0,1,58.7917594909668,29.425514888763427,2.28827423310137,12.833358946843697,D:\Research\research-experiments\industrial-anomaly-detection\data\mvtec_ad\bottle\ground_truth\broken_large\010_mask.png,90028,0.11114567901234568,-2.196913505612934
bottle,broken_large,D:\Research\research-experiments\industrial-anomaly-detection\data\mvtec_ad\bottle\test\broken_large\011.png,2,post_concat,1.0,0,1,51.016998291015625,29.425514888763427,2.28827423310137,9.43570621471736,D:\Research\research-experiments\industrial-anomaly-detection\data\mvtec_ad\bottle\ground_truth\broken_large\011_mask.png,60540,0.07474074074074075,-2.593729930693328
bottle,broken_large,D:\Research\research-experiments\industrial-anomaly-detection\data\mvtec_ad\bottle\test\broken_large\012.png,2,post_concat,1.0,0,1,65.6495590209961,29.425514888763427,2.28827423310137,15.83028974771834,D:\Research\research-experiments\industrial-anomaly-detection\data\mvtec_ad\bottle\ground_truth\broken_large\012_mask.png,70457,0.08698395061728395,-2.442031641512311
bottle,broken_large,D:\Research\research-experiments\industrial-anomaly-detection\data\mvtec_ad\bottle\test\broken_large\013.png,2,post_concat,1.0,0,1,51.769832611083984,29.425514888763427,2.28827423310137,9.764702761188111,D:\Research\research-experiments\industrial-anomaly-detection\data\mvtec_ad\bottle\ground_truth\broken_large\013_mask.png,109290,0.13492592592592592,-2.003029340566428
bottle,broken_large,D:\Research\research-experiments\industrial-anomaly-detection\data\mvtec_ad\bottle\test\broken_large\014.png,2,post_concat,1.0,0,1,64.33021545410156,29.425514888763427,2.28827423310137,15.253722679047385,D:\Research\research-experiments\industrial-anomaly-detection\data\mvtec_ad\bottle\ground_truth\broken_large\014_mask.png,38206,0.0471679012345679,-3.0540416551241663
bottle,broken_large,D:\Research\research-experiments\industrial-anomaly-detection\data\mvtec_ad\bottle\test\broken_large\015.png,2,post_concat,1.0,0,1,62.743385314941406,29.425514888763427,2.28827423310137,14.560261154110544,D:\Research\research-experiments\industrial-anomaly-detection\data\mvtec_ad\bottle\ground_truth\broken_large\015_mask.png,75659,0.09340617283950617,-2.3707978348665426
bottle,broken_large,D:\Research\research-experiments\industrial-anomaly-detection\data\mvtec_ad\bottle\test\broken_large\016.png,2,post_concat,1.0,0,1,57.16904067993164,29.425514888763427,2.28827423310137,12.124213693376488,D:\Research\research-experiments\industrial-anomaly-detection\data\mvtec_ad\bottle\ground_truth\broken_large\016_mask.png,118913,0.14680617283950617,-1.9186421075586297
bottle,broken_large,D:\Research\research-experiments\industrial-anomaly-detection\data\mvtec_ad\bottle\test\broken_large\017.png,2,post_concat,1.0,0,1,57.340328216552734,29.425514888763427,2.28827423310137,12.19906815537379,D:\Research\research-experiments\industrial-anomaly-detection\data\mvtec_ad\bottle\ground_truth\broken_large\017_mask.png,114063,0.1408185185185185,-1.9602833132362991
bottle,broken_large,D:\Research\research-experiments\industrial-anomaly-detection\data\mvtec_ad\bottle\test\broken_large\018.png,2,post_concat,1.0,0,1,58.865047454833984,29.425514888763427,2.28827423310137,12.865386560845128,D:\Research\research-experiments\industrial-anomaly-detection\data\mvtec_ad\bottle\ground_truth\broken_large\018_mask.png,106080,0.13096296296296298,-2.032840713593185
bottle,broken_large,D:\Research\research-experiments\industrial-anomaly-detection\data\mvtec_ad\bottle\test\broken_large\019.png,2,post_concat,1.0,0,1,52.19442367553711,29.425514888763427,2.28827423310137,9.95025353928592,D:\Research\research-experiments\industrial-anomaly-detection\data\mvtec_ad\bottle\ground_truth\broken_large\019_mask.png,102217,0.12619382716049382,-2.069936235296805
bottle,broken_small,D:\Research\research-experiments\industrial-anomaly-detection\data\mvtec_ad\bottle\test\broken_small\000.png,2,post_concat,1.0,0,1,52.097652435302734,29.425514888763427,2.28827423310137,9.907963485570104,D:\Research\research-experiments\industrial-anomaly-detection\data\mvtec_ad\bottle\ground_truth\broken_small\000_mask.png,7166,0.008846913580246914,-4.727686515749959
bottle,broken_small,D:\Research\research-experiments\industrial-anomaly-detection\data\mvtec_ad\bottle\test\broken_small\001.png,2,post_concat,1.0,0,1,61.28642654418945,29.425514888763427,2.28827423310137,13.92355478838038,D:\Research\research-experiments\industrial-anomaly-detection\data\mvtec_ad\bottle\ground_truth\broken_small\001_mask.png,11966,0.01477283950617284,-4.214964885006854
bottle,broken_small,D:\Research\research-experiments\industrial-anomaly-detection\data\mvtec_ad\bottle\test\broken_small\002.png,2,post_concat,1.0,0,1,59.4560661315918,29.425514888763427,2.28827423310137,13.12366796270175,D:\Research\research-experiments\industrial-anomaly-detection\data\mvtec_ad\bottle\ground_truth\broken_small\002_mask.png,29456,0.03636543209876543,-3.314136595677121
bottle,broken_small,D:\Research\research-experiments\industrial-anomaly-detection\data\mvtec_ad\bottle\test\broken_small\003.png,2,post_concat,1.0,0,1,55.3306999206543,29.425514888763427,2.28827423310137,11.320839371940467,D:\Research\research-experiments\industrial-anomaly-detection\data\mvtec_ad\bottle\ground_truth\broken_small\003_mask.png,65292,0.0806074074074074,-2.5181647179688884
bottle,broken_small,D:\Research\research-experiments\industrial-anomaly-detection\data\mvtec_ad\bottle\test\broken_small\004.png,2,post_concat,1.0,0,1,65.8812484741211,29.425514888763427,2.28827423310137,15.931540484965414,D:\Research\research-experiments\industrial-anomaly-detection\data\mvtec_ad\bottle\ground_truth\broken_small\004_mask.png,25926,0.03200740740740741,-3.441787890245866
bottle,broken_small,D:\Research\research-experiments\industrial-anomaly-detection\data\mvtec_ad\bottle\test\broken_small\005.png,2,post_concat,1.0,0,1,54.230960845947266,29.425514888763427,2.28827423310137,10.840241784991058,D:\Research\research-experiments\industrial-anomaly-detection\data\mvtec_ad\bottle\ground_truth\broken_small\005_mask.png,12266,0.015143209876543209,-4.190202974426497
bottle,broken_small,D:\Research\research-experiments\industrial-anomaly-detection\data\mvtec_ad\bottle\test\broken_small\006.png,2,post_concat,1.0,0,1,65.06876373291016,29.425514888763427,2.28827423310137,15.576476074652254,D:\Research\research-experiments\industrial-anomaly-detection\data\mvtec_ad\bottle\ground_truth\broken_small\006_mask.png,21797,0.026909876543209876,-3.6152618648590327
bottle,broken_small,D:\Research\research-experiments\industrial-anomaly-detection\data\mvtec_ad\bottle\test\broken_small\007.png,2,post_concat,1.0,0,1,55.71333312988281,29.425514888763427,2.28827423310137,11.48805412430427,D:\Research\research-experiments\industrial-anomaly-detection\data\mvtec_ad\bottle\ground_truth\broken_small\007_mask.png,17046,0.021044444444444445,-3.8611186280479
bottle,broken_small,D:\Research\research-experiments\industrial-anomaly-detection\data\mvtec_ad\bottle\test\broken_small\008.png,2,post_concat,1.0,0,1,54.410037994384766,29.425514888763427,2.28827423310137,10.918500389596673,D:\Research\research-experiments\industrial-anomaly-detection\data\mvtec_ad\bottle\ground_truth\broken_small\008_mask.png,17311,0.021371604938271605,-3.8456920632808353
bottle,broken_small,D:\Research\research-experiments\industrial-anomaly-detection\data\mvtec_ad\bottle\test\broken_small\009.png,2,post_concat,1.0,0,1,63.688270568847656,29.425514888763427,2.28827423310137,14.973185986387145,D:\Research\research-experiments\industrial-anomaly-detection\data\mvtec_ad\bottle\ground_truth\broken_small\009_mask.png,19096,0.02357530864197531,-3.747555316212696
bottle,broken_small,D:\Research\research-experiments\industrial-anomaly-detection\data\mvtec_ad\bottle\test\broken_small\010.png,2,post_concat,1.0,0,1,64.30238342285156,29.425514888763427,2.28827423310137,15.241559787534039,D:\Research\research-experiments\industrial-anomaly-detection\data\mvtec_ad\bottle\ground_truth\broken_small\010_mask.png,37177,0.04589753086419753,-3.081343935383245
bottle,broken_small,D:\Research\research-experiments\industrial-anomaly-detection\data\mvtec_ad\bottle\test\broken_small\011.png,2,post_concat,1.0,0,1,59.31330108642578,29.425514888763427,2.28827423310137,13.061278130617454,D:\Research\research-experiments\industrial-anomaly-detection\data\mvtec_ad\bottle\ground_truth\broken_small\011_mask.png,15597,0.019255555555555557,-3.949955607663733
bottle,broken_small,D:\Research\research-experiments\industrial-anomaly-detection\data\mvtec_ad\bottle\test\broken_small\012.png,2,post_concat,1.0,0,1,58.716129302978516,29.425514888763427,2.28827423310137,12.8003077561716,D:\Research\research-experiments\industrial-anomaly-detection\data\mvtec_ad\bottle\ground_truth\broken_small\012_mask.png,63191,0.07801358024691359,-2.5508723488992464
bottle,broken_small,D:\Research\research-experiments\industrial-anomaly-detection\data\mvtec_ad\bottle\test\broken_small\013.png,2,post_concat,1.0,0,1,58.25624084472656,29.425514888763427,2.28827423310137,12.599331644305563,D:\Research\research-experiments\industrial-anomaly-detection\data\mvtec_ad\bottle\ground_truth\broken_small\013_mask.png,26219,0.03236913580246913,-3.430549877989932
bottle,broken_small,D:\Research\research-experiments\industrial-anomaly-detection\data\mvtec_ad\bottle\test\broken_small\014.png,2,post_concat,1.0,0,1,53.85131072998047,29.425514888763427,2.28827423310137,10.674330675878823,D:\Research\research-experiments\industrial-anomaly-detection\data\mvtec_ad\bottle\ground_truth\broken_small\014_mask.png,14546,0.017958024691358026,-4.019718150248726
bottle,broken_small,D:\Research\research-experiments\industrial-anomaly-detection\data\mvtec_ad\bottle\test\broken_small\015.png,2,post_concat,1.0,0,1,60.03364944458008,29.425514888763427,2.28827423310137,13.376077968737375,D:\Research\research-experiments\industrial-anomaly-detection\data\mvtec_ad\bottle\ground_truth\broken_small\015_mask.png,13480,0.016641975308641976,-4.0958270820933045
bottle,broken_small,D:\Research\research-experiments\industrial-anomaly-detection\data\mvtec_ad\bottle\test\broken_small\016.png,2,post_concat,1.0,0,1,60.96992111206055,29.425514888763427,2.28827423310137,13.78523857280165,D:\Research\research-experiments\industrial-anomaly-detection\data\mvtec_ad\bottle\ground_truth\broken_small\016_mask.png,16578,0.020466666666666668,-3.888957683637216
bottle,broken_small,D:\Research\research-experiments\industrial-anomaly-detection\data\mvtec_ad\bottle\test\broken_small\017.png,2,post_concat,1.0,0,1,64.37875366210938,29.425514888763427,2.28827423310137,15.274934388424555,D:\Research\research-experiments\industrial-anomaly-detection\data\mvtec_ad\bottle\ground_truth\broken_small\017_mask.png,20384,0.02516543209876543,-3.682283928539684
bottle,broken_small,D:\Research\research-experiments\industrial-anomaly-detection\data\mvtec_ad\bottle\test\broken_small\018.png,2,post_concat,1.0,0,1,69.19268035888672,29.425514888763427,2.28827423310137,17.37867118148055,D:\Research\research-experiments\industrial-anomaly-detection\data\mvtec_ad\bottle\ground_truth\broken_small\018_mask.png,46314,0.05717777777777778,-2.8615899389814006
bottle,broken_small,D:\Research\research-experiments\industrial-anomaly-detection\data\mvtec_ad\bottle\test\broken_small\019.png,2,post_concat,1.0,0,1,63.586891174316406,29.425514888763427,2.28827423310137,14.928882120589623,D:\Research\research-experiments\industrial-anomaly-detection\data\mvtec_ad\bottle\ground_truth\broken_small\019_mask.png,22626,0.027933333333333334,-3.5779345243626874
bottle,broken_small,D:\Research\research-experiments\industrial-anomaly-detection\data\mvtec_ad\bottle\test\broken_small\020.png,2,post_concat,1.0,0,1,69.51215362548828,29.425514888763427,2.28827423310137,17.518284372058922,D:\Research\research-experiments\industrial-anomaly-detection\data\mvtec_ad\bottle\ground_truth\broken_small\020_mask.png,28333,0.03497901234567901,-3.3530070160307934
bottle,broken_small,D:\Research\research-experiments\industrial-anomaly-detection\data\mvtec_ad\bottle\test\broken_small\021.png,2,post_concat,1.0,0,1,62.9295654296875,29.425514888763427,2.28827423310137,14.641623829987797,D:\Research\research-experiments\industrial-anomaly-detection\data\mvtec_ad\bottle\ground_truth\broken_small\021_mask.png,14995,0.018512345679012346,-3.9893173814475076
bottle,contamination,D:\Research\research-experiments\industrial-anomaly-detection\data\mvtec_ad\bottle\test\contamination\000.png,2,post_concat,1.0,0,1,58.581424713134766,29.425514888763427,2.28827423310137,12.741440428167307,D:\Research\research-experiments\industrial-anomaly-detection\data\mvtec_ad\bottle\ground_truth\contamination\000_mask.png,58708,0.07247901234567901,-2.624458230120435
bottle,contamination,D:\Research\research-experiments\industrial-anomaly-detection\data\mvtec_ad\bottle\test\contamination\001.png,2,post_concat,1.0,0,1,48.520416259765625,29.425514888763427,2.28827423310137,8.344673507563941,D:\Research\research-experiments\industrial-anomaly-detection\data\mvtec_ad\bottle\ground_truth\contamination\001_mask.png,58120,0.07175308641975309,-2.6345243950277197
bottle,contamination,D:\Research\research-experiments\industrial-anomaly-detection\data\mvtec_ad\bottle\test\contamination\002.png,2,post_concat,1.0,0,1,55.38826370239258,29.425514888763427,2.28827423310137,11.345995352331972,D:\Research\research-experiments\industrial-anomaly-detection\data\mvtec_ad\bottle\ground_truth\contamination\002_mask.png,14913,0.01841111111111111,-3.9948008775708135
bottle,contamination,D:\Research\research-experiments\industrial-anomaly-detection\data\mvtec_ad\bottle\test\contamination\003.png,2,post_concat,1.0,0,1,44.061973571777344,29.425514888763427,2.28827423310137,6.396286979632097,D:\Research\research-experiments\industrial-anomaly-detection\data\mvtec_ad\bottle\ground_truth\contamination\003_mask.png,21317,0.026317283950617283,-3.6375293332175858
bottle,contamination,D:\Research\research-experiments\industrial-anomaly-detection\data\mvtec_ad\bottle\test\contamination\004.png,2,post_concat,1.0,0,1,49.070213317871094,29.425514888763427,2.28827423310137,8.584940626841997,D:\Research\research-experiments\industrial-anomaly-detection\data\mvtec_ad\bottle\ground_truth\contamination\004_mask.png,16790,0.020728395061728393,-3.8762507283340346
bottle,contamination,D:\Research\research-experiments\industrial-anomaly-detection\data\mvtec_ad\bottle\test\contamination\005.png,2,post_concat,1.0,0,1,70.2040023803711,29.425514888763427,2.28827423310137,17.820629582643726,D:\Research\research-experiments\industrial-anomaly-detection\data\mvtec_ad\bottle\ground_truth\contamination\005_mask.png,99554,0.12290617283950617,-2.096334029013557
bottle,contamination,D:\Research\research-experiments\industrial-anomaly-detection\data\mvtec_ad\bottle\test\contamination\006.png,2,post_concat,1.0,0,1,63.78657150268555,29.425514888763427,2.28827423310137,15.01614453235856,D:\Research\research-experiments\industrial-anomaly-detection\data\mvtec_ad\bottle\ground_truth\contamination\006_mask.png,123943,0.15301604938271604,-1.8772124586295935
bottle,contamination,D:\Research\research-experiments\industrial-anomaly-detection\data\mvtec_ad\bottle\test\contamination\007.png,2,post_concat,1.0,0,1,64.48367309570312,29.425514888763427,2.28827423310137,15.320785288668949,D:\Research\research-experiments\industrial-anomaly-detection\data\mvtec_ad\bottle\ground_truth\contamination\007_mask.png,45048,0.05561481481481481,-2.8893056417333467
bottle,contamination,D:\Research\research-experiments\industrial-anomaly-detection\data\mvtec_ad\bottle\test\contamination\008.png,2,post_concat,1.0,0,1,65.71759033203125,29.425514888763427,2.28827423310137,15.8600201489312,D:\Research\research-experiments\industrial-anomaly-detection\data\mvtec_ad\bottle\ground_truth\contamination\008_mask.png,133876,0.16527901234567902,-1.800120243221566
bottle,contamination,D:\Research\research-experiments\industrial-anomaly-detection\data\mvtec_ad\bottle\test\contamination\009.png,2,post_concat,1.0,0,1,68.05902862548828,29.425514888763427,2.28827423310137,16.88325340462521,D:\Research\research-experiments\industrial-anomaly-detection\data\mvtec_ad\bottle\ground_truth\contamination\009_mask.png,111640,0.13782716049382715,-1.9817548317428992
bottle,contamination,D:\Research\research-experiments\industrial-anomaly-detection\data\mvtec_ad\bottle\test\contamination\010.png,2,post_concat,1.0,0,1,68.4062728881836,29.425514888763427,2.28827423310137,17.035002813709227,D:\Research\research-experiments\industrial-anomaly-detection\data\mvtec_ad\bottle\ground_truth\contamination\010_mask.png,93231,0.1151,-2.161953954566203
bottle,contamination,D:\Research\research-experiments\industrial-anomaly-detection\data\mvtec_ad\bottle\test\contamination\011.png,2,post_concat,1.0,0,1,53.94829559326172,29.425514888763427,2.28827423310137,10.716714085121605,D:\Research\research-experiments\industrial-anomaly-detection\data\mvtec_ad\bottle\ground_truth\contamination\011_mask.png,120781,0.14911234567901235,-1.9030552525981752
bottle,contamination,D:\Research\research-experiments\industrial-anomaly-detection\data\mvtec_ad\bottle\test\contamination\012.png,2,post_concat,1.0,0,1,48.954261779785156,29.425514888763427,2.28827423310137,8.534268580454976,D:\Research\research-experiments\industrial-anomaly-detection\data\mvtec_ad\bottle\ground_truth\contamination\012_mask.png,122608,0.1513679012345679,-1.8880419668320156
bottle,contamination,D:\Research\research-experiments\industrial-anomaly-detection\data\mvtec_ad\bottle\test\contamination\013.png,2,post_concat,1.0,0,1,59.17255783081055,29.425514888763427,2.28827423310137,12.999771841913377,D:\Research\research-experiments\industrial-anomaly-detection\data\mvtec_ad\bottle\ground_truth\contamination\013_mask.png,41319,0.05101111111111111,-2.975711785459608
bottle,contamination,D:\Research\research-experiments\industrial-anomaly-detection\data\mvtec_ad\bottle\test\contamination\014.png,2,post_concat,1.0,0,1,71.15129089355469,29.425514888763427,2.28827423310137,18.2346046645987,D:\Research\research-experiments\industrial-anomaly-detection\data\mvtec_ad\bottle\ground_truth\contamination\014_mask.png,5429,0.006702469135802469,-5.005279143544434
bottle,contamination,D:\Research\research-experiments\industrial-anomaly-detection\data\mvtec_ad\bottle\test\contamination\015.png,2,post_concat,1.0,0,1,56.45610046386719,29.425514888763427,2.28827423310137,11.812651291566727,D:\Research\research-experiments\industrial-anomaly-detection\data\mvtec_ad\bottle\ground_truth\contamination\015_mask.png,33779,0.04170246913580247,-3.177194916061193
bottle,contamination,D:\Research\research-experiments\industrial-anomaly-detection\data\mvtec_ad\bottle\test\contamination\016.png,2,post_concat,1.0,0,1,40.529972076416016,29.425514888763427,2.28827423310137,4.852765034461087,D:\Research\research-experiments\industrial-anomaly-detection\data\mvtec_ad\bottle\ground_truth\contamination\016_mask.png,122515,0.15125308641975307,-1.88880076958694
bottle,contamination,D:\Research\research-experiments\industrial-anomaly-detection\data\mvtec_ad\bottle\test\contamination\017.png,2,post_concat,1.0,0,1,66.04144287109375,29.425514888763427,2.28827423310137,16.001547127812387,D:\Research\research-experiments\industrial-anomaly-detection\data\mvtec_ad\bottle\ground_truth\contamination\017_mask.png,67541,0.08338395061728394,-2.484299414785091
bottle,contamination,D:\Research\research-experiments\industrial-anomaly-detection\data\mvtec_ad\bottle\test\contamination\018.png,2,post_concat,1.0,0,1,70.43708801269531,29.425514888763427,2.28827423310137,17.922490464942047,D:\Research\research-experiments\industrial-anomaly-detection\data\mvtec_ad\bottle\ground_truth\contamination\018_mask.png,4663,0.00575679012345679,-5.157375056132402
bottle,contamination,D:\Research\research-experiments\industrial-anomaly-detection\data\mvtec_ad\bottle\test\contamination\019.png,2,post_concat,1.0,0,1,47.39757537841797,29.425514888763427,2.28827423310137,7.853980187198299,D:\Research\research-experiments\industrial-anomaly-detection\data\mvtec_ad\bottle\ground_truth\contamination\019_mask.png,27013,0.03334938271604938,-3.4007159860701273
bottle,contamination,D:\Research\research-experiments\industrial-anomaly-detection\data\mvtec_ad\bottle\test\contamination\020.png,2,post_concat,1.0,0,1,47.99315643310547,29.425514888763427,2.28827423310137,8.11425539638085,D:\Research\research-experiments\industrial-anomaly-detection\data\mvtec_ad\bottle\ground_truth\contamination\020_mask.png,121385,0.14985802469135803,-1.8980669284864315
