category,defect_type,image_path,seed,location,alpha,is_good,gt_label,anomaly_score,good_mean,good_std,z_score,mask_path,area_pixels,area_ratio,log_area_ratio
grid,good,D:\Research\research-experiments\industrial-anomaly-detection\data\mvtec_ad\grid\test\good\000.png,2,layer3,0.0,1,0,25.204458236694336,28.0134459904262,2.485589303367528,-1.1301093667912827,,,,
grid,good,D:\Research\research-experiments\industrial-anomaly-detection\data\mvtec_ad\grid\test\good\001.png,2,layer3,0.0,1,0,30.282930374145508,28.0134459904262,2.485589303367528,0.9130568676991667,,,,
grid,good,D:\Research\research-experiments\industrial-anomaly-detection\data\mvtec_ad\grid\test\good\002.png,2,layer3,0.0,1,0,25.657039642333984,28.0134459904262,2.485589303367528,-0.9480272323749165,,,,
grid,good,D:\Research\research-experiments\industrial-anomaly-detection\data\mvtec_ad\grid\test\good\003.png,2,layer3,0.0,1,0,30.80377960205078,28.0134459904262,2.485589303367528,1.1226044495139162,,,,
grid,good,D:\Research\research-experiments\industrial-anomaly-detection\data\mvtec_ad\grid\test\good\004.png,2,layer3,0.0,1,0,28.709440231323242,28.0134459904262,2.485589303367528,0.2800117621821497,,,,
grid,good,D:\Research\research-experiments\industrial-anomaly-detection\data\mvtec_ad\grid\test\good\005.png,2,layer3,0.0,1,0,29.542497634887695,28.0134459904262,2.485589303367528,0.6151666497719095,,,,
grid,good,D:\Research\research-experiments\industrial-anomaly-detection\data\mvtec_ad\grid\test\good\006.png,2,layer3,0.0,1,0,33.219730377197266,28.0134459904262,2.485589303367528,2.0945875409575847,,,,
grid,good,D:\Research\research-experiments\industrial-anomaly-detection\data\mvtec_ad\grid\test\good\007.png,2,layer3,0.0,1,0,26.763690948486328,28.0134459904262,2.485589303367528,-0.5028002977992689,,,,
grid,good,D:\Research\research-experiments\industrial-anomaly-detection\data\mvtec_ad\grid\test\good\008.png,2,layer3,0.0,1,0,27.02815055847168,28.0134459904262,2.485589303367528,-0.39640315100311235,,,,
grid,good,D:\Research\research-experiments\industrial-anomaly-detection\data\mvtec_ad\grid\test\good\009.png,2,layer3,0.0,1,0,25.827302932739258,28.0134459904262,2.485589303367528,-0.8795270621438179,,,,
grid,good,D:\Research\research-experiments\industrial-anomaly-detection\data\mvtec_ad\grid\test\good\010.png,2,layer3,0.0,1,0,26.94378662109375,28.0134459904262,2.485589303367528,-0.4303443726134692,,,,
grid,good,D:\Research\research-experiments\industrial-anomaly-detection\data\mvtec_ad\grid\test\good\011.png,2,layer3,0.0,1,0,27.8399600982666,28.0134459904262,2.485589303367528,-0.06979668440178549,,,,
grid,good,D:\Research\research-experiments\industrial-anomaly-detection\data\mvtec_ad\grid\test\good\012.png,2,layer3,0.0,1,0,27.780302047729492,28.0134459904262,2.485589303367528,-0.09379825636553807,,,,
grid,good,D:\Research\research-experiments\industrial-anomaly-detection\data\mvtec_ad\grid\test\good\013.png,2,layer3,0.0,1,0,24.673290252685547,28.0134459904262,2.485589303367528,-1.3438083810609176,,,,
grid,good,D:\Research\research-experiments\industrial-anomaly-detection\data\mvtec_ad\grid\test\good\014.png,2,layer3,0.0,1,0,27.904586791992188,28.0134459904262,2.485589303367528,-0.04379613248517225,,,,
grid,good,D:\Research\research-experiments\industrial-anomaly-detection\data\mvtec_ad\grid\test\good\015.png,2,layer3,0.0,1,0,25.555320739746094,28.0134459904262,2.485589303367528,-0.988950687609488,,,,
grid,good,D:\Research\research-experiments\industrial-anomaly-detection\data\mvtec_ad\grid\test\good\016.png,2,layer3,0.0,1,0,28.44052505493164,28.0134459904262,2.485589303367528,0.17182205601175796,,,,
grid,good,D:\Research\research-experiments\industrial-anomaly-detection\data\mvtec_ad\grid\test\good\017.png,2,layer3,0.0,1,0,27.161027908325195,28.0134459904262,2.485589303367528,-0.34294405795282823,,,,
grid,good,D:\Research\research-experiments\industrial-anomaly-detection\data\mvtec_ad\grid\test\good\018.png,2,layer3,0.0,1,0,34.289669036865234,28.0134459904262,2.485589303367528,2.525044277401692,,,,
grid,good,D:\Research\research-experiments\industrial-anomaly-detection\data\mvtec_ad\grid\test\good\019.png,2,layer3,0.0,1,0,27.69012451171875,28.0134459904262,2.485589303367528,-0.13007839962515372,,,,
grid,good,D:\Research\research-experiments\industrial-anomaly-detection\data\mvtec_ad\grid\test\good\020.png,2,layer3,0.0,1,0,26.964752197265625,28.0134459904262,2.485589303367528,-0.4219095213114176,,,,
grid,bent,D:\Research\research-experiments\industrial-anomaly-detection\data\mvtec_ad\grid\test\bent\000.png,2,layer3,0.0,0,1,35.67423629760742,28.0134459904262,2.485589303367528,3.082082102945255,D:\Research\research-experiments\industrial-anomaly-detection\data\mvtec_ad\grid\ground_truth\bent\000_mask.png,5460,0.005207061767578125,-5.257739350413088
grid,bent,D:\Research\research-experiments\industrial-anomaly-detection\data\mvtec_ad\grid\test\bent\001.png,2,layer3,0.0,0,1,45.59617233276367,28.0134459904262,2.485589303367528,7.073866273288202,D:\Research\research-experiments\industrial-anomaly-detection\data\mvtec_ad\grid\ground_truth\bent\001_mask.png,4554,0.0043430328369140625,-5.439182134321405
grid,bent,D:\Research\research-experiments\industrial-anomaly-detection\data\mvtec_ad\grid\test\bent\002.png,2,layer3,0.0,0,1,39.97978591918945,28.0134459904262,2.485589303367528,4.814286862496153,D:\Research\research-experiments\industrial-anomaly-detection\data\mvtec_ad\grid\ground_truth\bent\002_mask.png,4315,0.004115104675292969,-5.493090764674223
grid,bent,D:\Research\research-experiments\industrial-anomaly-detection\data\mvtec_ad\grid\test\bent\003.png,2,layer3,0.0,0,1,52.99891662597656,28.0134459904262,2.485589303367528,10.052131541481744,D:\Research\research-experiments\industrial-anomaly-detection\data\mvtec_ad\grid\ground_truth\bent\003_mask.png,7860,0.007495880126953125,-4.893401592369047
grid,bent,D:\Research\research-experiments\industrial-anomaly-detection\data\mvtec_ad\grid\test\bent\004.png,2,layer3,0.0,0,1,39.100120544433594,28.0134459904262,2.485589303367528,4.46038069884954,D:\Research\research-experiments\industrial-anomaly-detection\data\mvtec_ad\grid\ground_truth\bent\004_mask.png,8709,0.008305549621582031,-4.79083123810475
grid,bent,D:\Research\research-experiments\industrial-anomaly-detection\data\mvtec_ad\grid\test\bent\005.png,2,layer3,0.0,0,1,45.484493255615234,28.0134459904262,2.485589303367528,7.028935649794959,D:\Research\research-experiments\industrial-anomaly-detection\data\mvtec_ad\grid\ground_truth\bent\005_mask.png,14959,0.014266014099121094,-4.249875136727783
grid,bent,D:\Research\research-experiments\industrial-anomaly-detection\data\mvtec_ad\grid\test\bent\006.png,2,layer3,0.0,0,1,46.5546760559082,28.0134459904262,2.485589303367528,7.4594906086705315,D:\Research\research-experiments\industrial-anomaly-detection\data\mvtec_ad\grid\ground_truth\bent\006_mask.png,22629,0.02158069610595703,-3.8359560163394586
grid,bent,D:\Research\research-experiments\industrial-anomaly-detection\data\mvtec_ad\grid\test\bent\007.png,2,layer3,0.0,0,1,38.199371337890625,28.0134459904262,2.485589303367528,4.097992107410634,D:\Research\research-experiments\industrial-anomaly-detection\data\mvtec_ad\grid\ground_truth\bent\007_mask.png,11967,0.011412620544433594,-4.473035383003099
grid,bent,D:\Research\research-experiments\industrial-anomaly-detection\data\mvtec_ad\grid\test\bent\008.png,2,layer3,0.0,0,1,36.876834869384766,28.0134459904262,2.485589303367528,3.5659104530866235,D:\Research\research-experiments\industrial-anomaly-detection\data\mvtec_ad\grid\ground_truth\bent\008_mask.png,6220,0.005931854248046875,-5.1274182568843445
grid,bent,D:\Research\research-experiments\industrial-anomaly-detection\data\mvtec_ad\grid\test\bent\009.png,2,layer3,0.0,0,1,44.35658264160156,28.0134459904262,2.485589303367528,6.5751556900544035,D:\Research\research-experiments\industrial-anomaly-detection\data\mvtec_ad\grid\ground_truth\bent\009_mask.png,14468,0.013797760009765625,-4.283248945651388
grid,bent,D:\Research\research-experiments\industrial-anomaly-detection\data\mvtec_ad\grid\test\bent\010.png,2,layer3,0.0,0,1,48.7980842590332,28.0134459904262,2.485589303367528,8.362056531401846,D:\Research\research-experiments\industrial-anomaly-detection\data\mvtec_ad\grid\ground_truth\bent\010_mask.png,19594,0.018686294555664062,-3.9799648817791624
grid,bent,D:\Research\research-experiments\industrial-anomaly-detection\data\mvtec_ad\grid\test\bent\011.png,2,layer3,0.0,0,1,49.504329681396484,28.0134459904262,2.485589303367528,8.646192539473029,D:\Research\research-experiments\industrial-anomaly-detection\data\mvtec_ad\grid\ground_truth\bent\011_mask.png,15136,0.014434814453125,-4.2381122506302935
grid,broken,D:\Research\research-experiments\industrial-anomaly-detection\data\mvtec_ad\grid\test\broken\000.png,2,layer3,0.0,0,1,41.075355529785156,28.0134459904262,2.485589303367528,5.2550554195185875,D:\Research\research-experiments\industrial-anomaly-detection\data\mvtec_ad\grid\ground_truth\broken\000_mask.png,7428,0.007083892822265625,-4.9499315475609995
grid,broken,D:\Research\research-experiments\industrial-anomaly-detection\data\mvtec_ad\grid\test\broken\001.png,2,layer3,0.0,0,1,58.86412048339844,28.0134459904262,2.485589303367528,12.411814957191481,D:\Research\research-experiments\industrial-anomaly-detection\data\mvtec_ad\grid\ground_truth\broken\001_mask.png,24376,0.02324676513671875,-3.7615892475166244
grid,broken,D:\Research\research-experiments\industrial-anomaly-detection\data\mvtec_ad\grid\test\broken\002.png,2,layer3,0.0,0,1,40.352081298828125,28.0134459904262,2.485589303367528,4.964068396852725,D:\Research\research-experiments\industrial-anomaly-detection\data\mvtec_ad\grid\ground_truth\broken\002_mask.png,2682,0.0025577545166015625,-5.968625156389424
grid,broken,D:\Research\research-experiments\industrial-anomaly-detection\data\mvtec_ad\grid\test\broken\003.png,2,layer3,0.0,0,1,51.363399505615234,28.0134459904262,2.485589303367528,9.394131799470665,D:\Research\research-experiments\industrial-anomaly-detection\data\mvtec_ad\grid\ground_truth\broken\003_mask.png,11860,0.011310577392578125,-4.482016850234378
grid,broken,D:\Research\research-experiments\industrial-anomaly-detection\data\mvtec_ad\grid\test\broken\004.png,2,layer3,0.0,0,1,55.238399505615234,28.0134459904262,2.485589303367528,10.953118231682161,D:\Research\research-experiments\industrial-anomaly-detection\data\mvtec_ad\grid\ground_truth\broken\004_mask.png,4616,0.00440216064453125,-5.425659575849818
grid,broken,D:\Research\research-experiments\industrial-anomaly-detection\data\mvtec_ad\grid\test\broken\005.png,2,layer3,0.0,0,1,41.2540168762207,28.0134459904262,2.485589303367528,5.3269342879195305,D:\Research\research-experiments\industrial-anomaly-detection\data\mvtec_ad\grid\ground_truth\broken\005_mask.png,6628,0.006320953369140625,-5.063885074448482
grid,broken,D:\Research\research-experiments\industrial-anomaly-detection\data\mvtec_ad\grid\test\broken\006.png,2,layer3,0.0,0,1,47.00813674926758,28.0134459904262,2.485589303367528,7.641926497312721,D:\Research\research-experiments\industrial-anomaly-detection\data\mvtec_ad\grid\ground_truth\broken\006_mask.png,5489,0.005234718322753906,-5.2524420516167885
grid,broken,D:\Research\research-experiments\industrial-anomaly-detection\data\mvtec_ad\grid\test\broken\007.png,2,layer3,0.0,0,1,44.65265655517578,28.0134459904262,2.485589303367528,6.694271874362524,D:\Research\research-experiments\industrial-anomaly-detection\data\mvtec_ad\grid\ground_truth\broken\007_mask.png,4852,0.004627227783203125,-5.37579712502287
grid,broken,D:\Research\research-experiments\industrial-anomaly-detection\data\mvtec_ad\grid\test\broken\008.png,2,layer3,0.0,0,1,35.92792892456055,28.0134459904262,2.485589303367528,3.184147487041259,D:\Research\research-experiments\industrial-anomaly-detection\data\mvtec_ad\grid\ground_truth\broken\008_mask.png,4135,0.003943443298339844,-5.535700750155657
grid,broken,D:\Research\research-experiments\industrial-anomaly-detection\data\mvtec_ad\grid\test\broken\009.png,2,layer3,0.0,0,1,52.156471252441406,28.0134459904262,2.485589303367528,9.713199694457058,D:\Research\research-experiments\industrial-anomaly-detection\data\mvtec_ad\grid\ground_truth\broken\009_mask.png,6307,0.006014823913574219,-5.113528038279362
grid,broken,D:\Research\research-experiments\industrial-anomaly-detection\data\mvtec_ad\grid\test\broken\010.png,2,layer3,0.0,0,1,47.6040153503418,28.0134459904262,2.485589303367528,7.881659827459785,D:\Research\research-experiments\industrial-anomaly-detection\data\mvtec_ad\grid\ground_truth\broken\010_mask.png,5170,0.0049304962158203125,-5.31231544087711
grid,broken,D:\Research\research-experiments\industrial-anomaly-detection\data\mvtec_ad\grid\test\broken\011.png,2,layer3,0.0,0,1,44.841800689697266,28.0134459904262,2.485589303367528,6.770368168414493,D:\Research\research-experiments\industrial-anomaly-detection\data\mvtec_ad\grid\ground_truth\broken\011_mask.png,4002,0.0038166046142578125,-5.5683938340422685
grid,glue,D:\Research\research-experiments\industrial-anomaly-detection\data\mvtec_ad\grid\test\glue\000.png,2,layer3,0.0,0,1,38.953365325927734,28.0134459904262,2.485589303367528,4.40133827446067,D:\Research\research-experiments\industrial-anomaly-detection\data\mvtec_ad\grid\ground_truth\glue\000_mask.png,5771,0.005503654479980469,-5.2023427747905036
grid,glue,D:\Research\research-experiments\industrial-anomaly-detection\data\mvtec_ad\grid\test\glue\001.png,2,layer3,0.0,0,1,31.686124801635742,28.0134459904262,2.485589303367528,1.4775887578184062,D:\Research\research-experiments\industrial-anomaly-detection\data\mvtec_ad\grid\ground_truth\glue\001_mask.png,5019,0.004786491394042969,-5.341957412622695
grid,glue,D:\Research\research-experiments\industrial-anomaly-detection\data\mvtec_ad\grid\test\glue\002.png,2,layer3,0.0,0,1,39.36732864379883,28.0134459904262,2.485589303367528,4.5678836153624225,D:\Research\research-experiments\industrial-anomaly-detection\data\mvtec_ad\grid\ground_truth\glue\002_mask.png,5399,0.005148887634277344,-5.268974386763931
grid,glue,D:\Research\research-experiments\industrial-anomaly-detection\data\mvtec_ad\grid\test\glue\003.png,2,layer3,0.0,0,1,39.06898498535156,28.0134459904262,2.485589303367528,4.447854269386776,D:\Research\research-experiments\industrial-anomaly-detection\data\mvtec_ad\grid\ground_truth\glue\003_mask.png,4794,0.0045719146728515625,-5.3878229774778585
grid,glue,D:\Research\research-experiments\industrial-anomaly-detection\data\mvtec_ad\grid\test\glue\004.png,2,layer3,0.0,0,1,38.652103424072266,28.0134459904262,2.485589303367528,4.28013486348392,D:\Research\research-experiments\industrial-anomaly-detection\data\mvtec_ad\grid\ground_truth\glue\004_mask.png,7696,0.0073394775390625,-4.914487482603893
grid,glue,D:\Research\research-experiments\industrial-anomaly-detection\data\mvtec_ad\grid\test\glue\005.png,2,layer3,0.0,0,1,44.41164779663086,28.0134459904262,2.485589303367528,6.597309452526222,D:\Research\research-experiments\industrial-anomaly-detection\data\mvtec_ad\grid\ground_truth\glue\005_mask.png,2542,0.0024242401123046875,-6.022236746949199
grid,glue,D:\Research\research-experiments\industrial-anomaly-detection\data\mvtec_ad\grid\test\glue\006.png,2,layer3,0.0,0,1,32.790740966796875,28.0134459904262,2.485589303367528,1.921996916344264,D:\Research\research-experiments\industrial-anomaly-detection\data\mvtec_ad\grid\ground_truth\glue\006_mask.png,4838,0.0046138763427734375,-5.3786867032914625
grid,glue,D:\Research\research-experiments\industrial-anomaly-detection\data\mvtec_ad\grid\test\glue\007.png,2,layer3,0.0,0,1,35.829402923583984,28.0134459904262,2.485589303367528,3.14450859704319,D:\Research\research-experiments\industrial-anomaly-detection\data\mvtec_ad\grid\ground_truth\glue\007_mask.png,5125,0.004887580871582031,-5.321057602592123
grid,glue,D:\Research\research-experiments\industrial-anomaly-detection\data\mvtec_ad\grid\test\glue\008.png,2,layer3,0.0,0,1,28.215961456298828,28.0134459904262,2.485589303367528,0.08147583576991468,D:\Research\research-experiments\industrial-anomaly-detection\data\mvtec_ad\grid\ground_truth\glue\008_mask.png,2384,0.0022735595703125,-6.086408143174836
grid,glue,D:\Research\research-experiments\industrial-anomaly-detection\data\mvtec_ad\grid\test\glue\009.png,2,layer3,0.0,0,1,45.5114860534668,28.0134459904262,2.485589303367528,7.039795367373801,D:\Research\research-experiments\industrial-anomaly-detection\data\mvtec_ad\grid\ground_truth\glue\009_mask.png,6548,0.006244659423828125,-5.076028512571058
grid,glue,D:\Research\research-experiments\industrial-anomaly-detection\data\mvtec_ad\grid\test\glue\010.png,2,layer3,0.0,0,1,44.82986831665039,28.0134459904262,2.485589303367528,6.765567547076644,D:\Research\research-experiments\industrial-anomaly-detection\data\mvtec_ad\grid\ground_truth\glue\010_mask.png,6811,0.006495475769042969,-5.036649226004289
grid,metal_contamination,D:\Research\research-experiments\industrial-anomaly-detection\data\mvtec_ad\grid\test\metal_contamination\000.png,2,layer3,0.0,0,1,47.021095275878906,28.0134459904262,2.485589303367528,7.647139959807821,D:\Research\research-experiments\industrial-anomaly-detection\data\mvtec_ad\grid\ground_truth\metal_contamination\000_mask.png,2624,0.00250244140625,-5.990488061525251
grid,metal_contamination,D:\Research\research-experiments\industrial-anomaly-detection\data\mvtec_ad\grid\test\metal_contamination\001.png,2,layer3,0.0,0,1,52.08393478393555,28.0134459904262,2.485589303367528,9.684016889233531,D:\Research\research-experiments\industrial-anomaly-detection\data\mvtec_ad\grid\ground_truth\metal_contamination\001_mask.png,7452,0.007106781005859375,-4.946705738766755
grid,metal_contamination,D:\Research\research-experiments\industrial-anomaly-detection\data\mvtec_ad\grid\test\metal_contamination\002.png,2,layer3,0.0,0,1,58.50797653198242,28.0134459904262,2.485589303367528,12.268531450566512,D:\Research\research-experiments\industrial-anomaly-detection\data\mvtec_ad\grid\ground_truth\metal_contamination\002_mask.png,4647,0.004431724548339844,-5.418966256468161
grid,metal_contamination,D:\Research\research-experiments\industrial-anomaly-detection\data\mvtec_ad\grid\test\metal_contamination\003.png,2,layer3,0.0,0,1,46.23363494873047,28.0134459904262,2.485589303367528,7.33032964601963,D:\Research\research-experiments\industrial-anomaly-detection\data\mvtec_ad\grid\ground_truth\metal_contamination\003_mask.png,8548,0.008152008056640625,-4.809490872090713
grid,metal_contamination,D:\Research\research-experiments\industrial-anomaly-detection\data\mvtec_ad\grid\test\metal_contamination\004.png,2,layer3,0.0,0,1,43.494529724121094,28.0134459904262,2.485589303367528,6.228335354002691,D:\Research\research-experiments\industrial-anomaly-detection\data\mvtec_ad\grid\ground_truth\metal_contamination\004_mask.png,4391,0.004187583923339844,-5.475631101836033
grid,metal_contamination,D:\Research\research-experiments\industrial-anomaly-detection\data\mvtec_ad\grid\test\metal_contamination\005.png,2,layer3,0.0,0,1,46.616641998291016,28.0134459904262,2.485589303367528,7.4844206895567265,D:\Research\research-experiments\industrial-anomaly-detection\data\mvtec_ad\grid\ground_truth\metal_contamination\005_mask.png,4072,0.00388336181640625,-5.551053795459739
grid,metal_contamination,D:\Research\research-experiments\industrial-anomaly-detection\data\mvtec_ad\grid\test\metal_contamination\006.png,2,layer3,0.0,0,1,41.2260627746582,28.0134459904262,2.485589303367528,5.3156878195167945,D:\Research\research-experiments\industrial-anomaly-detection\data\mvtec_ad\grid\ground_truth\metal_contamination\006_mask.png,3131,0.0029859542846679688,-5.813835554971247
grid,metal_contamination,D:\Research\research-experiments\industrial-anomaly-detection\data\mvtec_ad\grid\test\metal_contamination\007.png,2,layer3,0.0,0,1,36.9378776550293,28.0134459904262,2.485589303367528,3.590469130403841,D:\Research\research-experiments\industrial-anomaly-detection\data\mvtec_ad\grid\ground_truth\metal_contamination\007_mask.png,1976,0.00188446044921875,-6.274113202235363
grid,metal_contamination,D:\Research\research-experiments\industrial-anomaly-detection\data\mvtec_ad\grid\test\metal_contamination\008.png,2,layer3,0.0,0,1,45.85685348510742,28.0134459904262,2.485589303367528,7.178743274484889,D:\Research\research-experiments\industrial-anomaly-detection\data\mvtec_ad\grid\ground_truth\metal_contamination\008_mask.png,4243,0.004046440124511719,-5.509917518865808
grid,metal_contamination,D:\Research\research-experiments\industrial-anomaly-detection\data\mvtec_ad\grid\test\metal_contamination\009.png,2,layer3,0.0,0,1,34.660423278808594,28.0134459904262,2.485589303367528,2.674205782659642,D:\Research\research-experiments\industrial-anomaly-detection\data\mvtec_ad\grid\ground_truth\metal_contamination\009_mask.png,4249,0.004052162170410156,-5.508504424302294
grid,metal_contamination,D:\Research\research-experiments\industrial-anomaly-detection\data\mvtec_ad\grid\test\metal_contamination\010.png,2,layer3,0.0,0,1,42.959556579589844,28.0134459904262,2.485589303367528,6.013105451055146,D:\Research\research-experiments\industrial-anomaly-detection\data\mvtec_ad\grid\ground_truth\metal_contamination\010_mask.png,5163,0.004923820495605469,-5.313670323224953
grid,thread,D:\Research\research-experiments\industrial-anomaly-detection\data\mvtec_ad\grid\test\thread\000.png,2,layer3,0.0,0,1,45.16817092895508,28.0134459904262,2.485589303367528,6.9016731425772155,D:\Research\research-experiments\industrial-anomaly-detection\data\mvtec_ad\grid\ground_truth\thread\000_mask.png,7354,0.0070133209228515625,-4.9599438067518955
grid,thread,D:\Research\research-experiments\industrial-anomaly-detection\data\mvtec_ad\grid\test\thread\001.png,2,layer3,0.0,0,1,58.54906463623047,28.0134459904262,2.485589303367528,12.285061978836962,D:\Research\research-experiments\industrial-anomaly-detection\data\mvtec_ad\grid\ground_truth\thread\001_mask.png,14256,0.0135955810546875,-4.298010387935007
grid,thread,D:\Research\research-experiments\industrial-anomaly-detection\data\mvtec_ad\grid\test\thread\002.png,2,layer3,0.0,0,1,35.70891571044922,28.0134459904262,2.485589303367528,3.0960342923897515,D:\Research\research-experiments\industrial-anomaly-detection\data\mvtec_ad\grid\ground_truth\thread\002_mask.png,15995,0.015254020690917969,-4.182912093258803
grid,thread,D:\Research\research-experiments\industrial-anomaly-detection\data\mvtec_ad\grid\test\thread\003.png,2,layer3,0.0,0,1,32.62723922729492,28.0134459904262,2.485589303367528,1.8562170470470967,D:\Research\research-experiments\industrial-anomaly-detection\data\mvtec_ad\grid\ground_truth\thread\003_mask.png,18349,0.01749897003173828,-4.045613197967734
grid,thread,D:\Research\research-experiments\industrial-anomaly-detection\data\mvtec_ad\grid\test\thread\004.png,2,layer3,0.0,0,1,40.01756286621094,28.0134459904262,2.485589303367528,4.82948524903986,D:\Research\research-experiments\industrial-anomaly-detection\data\mvtec_ad\grid\ground_truth\thread\004_mask.png,32883,0.03135967254638672,-3.4622324934269857
grid,thread,D:\Research\research-experiments\industrial-anomaly-detection\data\mvtec_ad\grid\test\thread\005.png,2,layer3,0.0,0,1,54.83096694946289,28.0134459904262,2.485589303367528,10.789200340822097,D:\Research\research-experiments\industrial-anomaly-detection\data\mvtec_ad\grid\ground_truth\thread\005_mask.png,15724,0.014995574951171875,-4.2000000579708185
grid,thread,D:\Research\research-experiments\industrial-anomaly-detection\data\mvtec_ad\grid\test\thread\006.png,2,layer3,0.0,0,1,39.56529998779297,28.0134459904262,2.485589303367528,4.647531264202046,D:\Research\research-experiments\industrial-anomaly-detection\data\mvtec_ad\grid\ground_truth\thread\006_mask.png,16043,0.015299797058105469,-4.179915649487488
grid,thread,D:\Research\research-experiments\industrial-anomaly-detection\data\mvtec_ad\grid\test\thread\007.png,2,layer3,0.0,0,1,37.65735626220703,28.0134459904262,2.485589303367528,3.879929101205522,D:\Research\research-experiments\industrial-anomaly-detection\data\mvtec_ad\grid\ground_truth\thread\007_mask.png,33899,0.03232860565185547,-3.431802785858171
grid,thread,D:\Research\research-experiments\industrial-anomaly-detection\data\mvtec_ad\grid\test\thread\008.png,2,layer3,0.0,0,1,39.41598892211914,28.0134459904262,2.485589303367528,4.587460573733778,D:\Research\research-experiments\industrial-anomaly-detection\data\mvtec_ad\grid\ground_truth\thread\008_mask.png,37555,0.03581523895263672,-3.3293817791577185
grid,thread,D:\Research\research-experiments\industrial-anomaly-detection\data\mvtec_ad\grid\test\thread\009.png,2,layer3,0.0,0,1,38.90745162963867,28.0134459904262,2.485589303367528,4.382866318443296,D:\Research\research-experiments\industrial-anomaly-detection\data\mvtec_ad\grid\ground_truth\thread\009_mask.png,16580,0.015811920166015625,-4.146991119266197
grid,thread,D:\Research\research-experiments\industrial-anomaly-detection\data\mvtec_ad\grid\test\thread\010.png,2,layer3,0.0,0,1,42.70180130004883,28.0134459904262,2.485589303367528,5.909405584310546,D:\Research\research-experiments\industrial-anomaly-detection\data\mvtec_ad\grid\ground_truth\thread\010_mask.png,25467,0.02428722381591797,-3.7178047946189183
grid,good,D:\Research\research-experiments\industrial-anomaly-detection\data\mvtec_ad\grid\test\good\000.png,2,layer3,0.25,1,0,27.952850341796875,30.672431491670153,2.2957061333190882,-1.1846381862217528,,,,
grid,good,D:\Research\research-experiments\industrial-anomaly-detection\data\mvtec_ad\grid\test\good\001.png,2,layer3,0.25,1,0,35.99789810180664,30.672431491670153,2.2957061333190882,2.319751005080528,,,,
grid,good,D:\Research\research-experiments\industrial-anomaly-detection\data\mvtec_ad\grid\test\good\002.png,2,layer3,0.25,1,0,28.67969512939453,30.672431491670153,2.2957061333190882,-0.8680276335693548,,,,
grid,good,D:\Research\research-experiments\industrial-anomaly-detection\data\mvtec_ad\grid\test\good\003.png,2,layer3,0.25,1,0,32.113929748535156,30.672431491670153,2.2957061333190882,0.6279106179765754,,,,
grid,good,D:\Research\research-experiments\industrial-anomaly-detection\data\mvtec_ad\grid\test\good\004.png,2,layer3,0.25,1,0,31.385635375976562,30.672431491670153,2.2957061333190882,0.3106686321716939,,,,
grid,good,D:\Research\research-experiments\industrial-anomaly-detection\data\mvtec_ad\grid\test\good\005.png,2,layer3,0.25,1,0,32.454044342041016,30.672431491670153,2.2957061333190882,0.7760631138773152,,,,
grid,good,D:\Research\research-experiments\industrial-anomaly-detection\data\mvtec_ad\grid\test\good\006.png,2,layer3,0.25,1,0,35.01903533935547,30.672431491670153,2.2957061333190882,1.8933624755364828,,,,
grid,good,D:\Research\research-experiments\industrial-anomaly-detection\data\mvtec_ad\grid\test\good\007.png,2,layer3,0.25,1,0,29.631376266479492,30.672431491670153,2.2957061333190882,-0.45347930646747153,,,,
grid,good,D:\Research\research-experiments\industrial-anomaly-detection\data\mvtec_ad\grid\test\good\008.png,2,layer3,0.25,1,0,31.320837020874023,30.672431491670153,2.2957061333190882,0.2824427394225837,,,,
grid,good,D:\Research\research-experiments\industrial-anomaly-detection\data\mvtec_ad\grid\test\good\009.png,2,layer3,0.25,1,0,29.187026977539062,30.672431491670153,2.2957061333190882,-0.6470360001972556,,,,
grid,good,D:\Research\research-experiments\industrial-anomaly-detection\data\mvtec_ad\grid\test\good\010.png,2,layer3,0.25,1,0,28.9744873046875,30.672431491670153,2.2957061333190882,-0.7396173936808705,,,,
grid,good,D:\Research\research-experiments\industrial-anomaly-detection\data\mvtec_ad\grid\test\good\011.png,2,layer3,0.25,1,0,29.809661865234375,30.672431491670153,2.2957061333190882,-0.3758188445436621,,,,
grid,good,D:\Research\research-experiments\industrial-anomaly-detection\data\mvtec_ad\grid\test\good\012.png,2,layer3,0.25,1,0,30.937362670898438,30.672431491670153,2.2957061333190882,0.11540291476472732,,,,
grid,good,D:\Research\research-experiments\industrial-anomaly-detection\data\mvtec_ad\grid\test\good\013.png,2,layer3,0.25,1,0,28.376230239868164,30.672431491670153,2.2957061333190882,-1.0002156715425006,,,,
grid,good,D:\Research\research-experiments\industrial-anomaly-detection\data\mvtec_ad\grid\test\good\014.png,2,layer3,0.25,1,0,28.437170028686523,30.672431491670153,2.2957061333190882,-0.9736705541453301,,,,
grid,good,D:\Research\research-experiments\industrial-anomaly-detection\data\mvtec_ad\grid\test\good\015.png,2,layer3,0.25,1,0,28.763774871826172,30.672431491670153,2.2957061333190882,-0.8314028490591179,,,,
grid,good,D:\Research\research-experiments\industrial-anomaly-detection\data\mvtec_ad\grid\test\good\016.png,2,layer3,0.25,1,0,31.785009384155273,30.672431491670153,2.2957061333190882,0.48463428151258037,,,,
grid,good,D:\Research\research-experiments\industrial-anomaly-detection\data\mvtec_ad\grid\test\good\017.png,2,layer3,0.25,1,0,30.10696029663086,30.672431491670153,2.2957061333190882,-0.24631688996785758,,,,
grid,good,D:\Research\research-experiments\industrial-anomaly-detection\data\mvtec_ad\grid\test\good\018.png,2,layer3,0.25,1,0,34.484161376953125,30.672431491670153,2.2957061333190882,1.6603736122671962,,,,
grid,good,D:\Research\research-experiments\industrial-anomaly-detection\data\mvtec_ad\grid\test\good\019.png,2,layer3,0.25,1,0,29.097373962402344,30.672431491670153,2.2957061333190882,-0.6860884790121726,,,,
grid,good,D:\Research\research-experiments\industrial-anomaly-detection\data\mvtec_ad\grid\test\good\020.png,2,layer3,0.25,1,0,29.60654067993164,30.672431491670153,2.2957061333190882,-0.4642975842023246,,,,
grid,bent,D:\Research\research-experiments\industrial-anomaly-detection\data\mvtec_ad\grid\test\bent\000.png,2,layer3,0.25,0,1,35.485355377197266,30.672431491670153,2.2957061333190882,2.0964895356918696,D:\Research\research-experiments\industrial-anomaly-detection\data\mvtec_ad\grid\ground_truth\bent\000_mask.png,5460,0.005207061767578125,-5.257739350413088
grid,bent,D:\Research\research-experiments\industrial-anomaly-detection\data\mvtec_ad\grid\test\bent\001.png,2,layer3,0.25,0,1,48.007511138916016,30.672431491670153,2.2957061333190882,7.551088266764847,D:\Research\research-experiments\industrial-anomaly-detection\data\mvtec_ad\grid\ground_truth\bent\001_mask.png,4554,0.0043430328369140625,-5.439182134321405
grid,bent,D:\Research\research-experiments\industrial-anomaly-detection\data\mvtec_ad\grid\test\bent\002.png,2,layer3,0.25,0,1,41.09009552001953,30.672431491670153,2.2957061333190882,4.537890924779522,D:\Research\research-experiments\industrial-anomaly-detection\data\mvtec_ad\grid\ground_truth\bent\002_mask.png,4315,0.004115104675292969,-5.493090764674223
grid,bent,D:\Research\research-experiments\industrial-anomaly-detection\data\mvtec_ad\grid\test\bent\003.png,2,layer3,0.25,0,1,55.443241119384766,30.672431491670153,2.2957061333190882,10.790061179085429,D:\Research\research-experiments\industrial-anomaly-detection\data\mvtec_ad\grid\ground_truth\bent\003_mask.png,7860,0.007495880126953125,-4.893401592369047
grid,bent,D:\Research\research-experiments\industrial-anomaly-detection\data\mvtec_ad\grid\test\bent\004.png,2,layer3,0.25,0,1,41.63255310058594,30.672431491670153,2.2957061333190882,4.774183180436012,D:\Research\research-experiments\industrial-anomaly-detection\data\mvtec_ad\grid\ground_truth\bent\004_mask.png,8709,0.008305549621582031,-4.79083123810475
grid,bent,D:\Research\research-experiments\industrial-anomaly-detection\data\mvtec_ad\grid\test\bent\005.png,2,layer3,0.25,0,1,49.27637481689453,30.672431491670153,2.2957061333190882,8.1037999834618,D:\Research\research-experiments\industrial-anomaly-detection\data\mvtec_ad\grid\ground_truth\bent\005_mask.png,14959,0.014266014099121094,-4.249875136727783
grid,bent,D:\Research\research-experiments\industrial-anomaly-detection\data\mvtec_ad\grid\test\bent\006.png,2,layer3,0.25,0,1,49.013126373291016,30.672431491670153,2.2957061333190882,7.9891300613045955,D:\Research\research-experiments\industrial-anomaly-detection\data\mvtec_ad\grid\ground_truth\bent\006_mask.png,22629,0.02158069610595703,-3.8359560163394586
grid,bent,D:\Research\research-experiments\industrial-anomaly-detection\data\mvtec_ad\grid\test\bent\007.png,2,layer3,0.25,0,1,40.10747528076172,30.672431491670153,2.2957061333190882,4.109865654037592,D:\Research\research-experiments\industrial-anomaly-detection\data\mvtec_ad\grid\ground_truth\bent\007_mask.png,11967,0.011412620544433594,-4.473035383003099
grid,bent,D:\Research\research-experiments\industrial-anomaly-detection\data\mvtec_ad\grid\test\bent\008.png,2,layer3,0.25,0,1,37.83809280395508,30.672431491670153,2.2957061333190882,3.121332128831728,D:\Research\research-experiments\industrial-anomaly-detection\data\mvtec_ad\grid\ground_truth\bent\008_mask.png,6220,0.005931854248046875,-5.1274182568843445
grid,bent,D:\Research\research-experiments\industrial-anomaly-detection\data\mvtec_ad\grid\test\bent\009.png,2,layer3,0.25,0,1,46.90084457397461,30.672431491670153,2.2957061333190882,7.069028934832232,D:\Research\research-experiments\industrial-anomaly-detection\data\mvtec_ad\grid\ground_truth\bent\009_mask.png,14468,0.013797760009765625,-4.283248945651388
grid,bent,D:\Research\research-experiments\industrial-anomaly-detection\data\mvtec_ad\grid\test\bent\010.png,2,layer3,0.25,0,1,53.68955612182617,30.672431491670153,2.2957061333190882,10.02616332120797,D:\Research\research-experiments\industrial-anomaly-detection\data\mvtec_ad\grid\ground_truth\bent\010_mask.png,19594,0.018686294555664062,-3.9799648817791624
grid,bent,D:\Research\research-experiments\industrial-anomaly-detection\data\mvtec_ad\grid\test\bent\011.png,2,layer3,0.25,0,1,51.73464584350586,30.672431491670153,2.2957061333190882,9.174612571768652,D:\Research\research-experiments\industrial-anomaly-detection\data\mvtec_ad\grid\ground_truth\bent\011_mask.png,15136,0.014434814453125,-4.2381122506302935
grid,broken,D:\Research\research-experiments\industrial-anomaly-detection\data\mvtec_ad\grid\test\broken\000.png,2,layer3,0.25,0,1,45.056026458740234,30.672431491670153,2.2957061333190882,6.265433871657847,D:\Research\research-experiments\industrial-anomaly-detection\data\mvtec_ad\grid\ground_truth\broken\000_mask.png,7428,0.007083892822265625,-4.9499315475609995
grid,broken,D:\Research\research-experiments\industrial-anomaly-detection\data\mvtec_ad\grid\test\broken\001.png,2,layer3,0.25,0,1,62.251121520996094,30.672431491670153,2.2957061333190882,13.755545438069667,D:\Research\research-experiments\industrial-anomaly-detection\data\mvtec_ad\grid\ground_truth\broken\001_mask.png,24376,0.02324676513671875,-3.7615892475166244
grid,broken,D:\Research\research-experiments\industrial-anomaly-detection\data\mvtec_ad\grid\test\broken\002.png,2,layer3,0.25,0,1,43.254547119140625,30.672431491670153,2.2957061333190882,5.48071699807653,D:\Research\research-experiments\industrial-anomaly-detection\data\mvtec_ad\grid\ground_truth\broken\002_mask.png,2682,0.0025577545166015625,-5.968625156389424
grid,broken,D:\Research\research-experiments\industrial-anomaly-detection\data\mvtec_ad\grid\test\broken\003.png,2,layer3,0.25,0,1,55.656551361083984,30.672431491670153,2.2957061333190882,10.882978229139574,D:\Research\research-experiments\industrial-anomaly-detection\data\mvtec_ad\grid\ground_truth\broken\003_mask.png,11860,0.011310577392578125,-4.482016850234378
grid,broken,D:\Research\research-experiments\industrial-anomaly-detection\data\mvtec_ad\grid\test\broken\004.png,2,layer3,0.25,0,1,59.232791900634766,30.672431491670153,2.2957061333190882,12.440773666302222,D:\Research\research-experiments\industrial-anomaly-detection\data\mvtec_ad\grid\ground_truth\broken\004_mask.png,4616,0.00440216064453125,-5.425659575849818
grid,broken,D:\Research\research-experiments\industrial-anomaly-detection\data\mvtec_ad\grid\test\broken\005.png,2,layer3,0.25,0,1,43.97397994995117,30.672431491670153,2.2957061333190882,5.794098933320308,D:\Research\research-experiments\industrial-anomaly-detection\data\mvtec_ad\grid\ground_truth\broken\005_mask.png,6628,0.006320953369140625,-5.063885074448482
grid,broken,D:\Research\research-experiments\industrial-anomaly-detection\data\mvtec_ad\grid\test\broken\006.png,2,layer3,0.25,0,1,52.2520751953125,30.672431491670153,2.2957061333190882,9.400002635547656,D:\Research\research-experiments\industrial-anomaly-detection\data\mvtec_ad\grid\ground_truth\broken\006_mask.png,5489,0.005234718322753906,-5.2524420516167885
grid,broken,D:\Research\research-experiments\industrial-anomaly-detection\data\mvtec_ad\grid\test\broken\007.png,2,layer3,0.25,0,1,47.115779876708984,30.672431491670153,2.2957061333190882,7.162653854683636,D:\Research\research-experiments\industrial-anomaly-detection\data\mvtec_ad\grid\ground_truth\broken\007_mask.png,4852,0.004627227783203125,-5.37579712502287
grid,broken,D:\Research\research-experiments\industrial-anomaly-detection\data\mvtec_ad\grid\test\broken\008.png,2,layer3,0.25,0,1,37.18541717529297,30.672431491670153,2.2957061333190882,2.8370293519260086,D:\Research\research-experiments\industrial-anomaly-detection\data\mvtec_ad\grid\ground_truth\broken\008_mask.png,4135,0.003943443298339844,-5.535700750155657
grid,broken,D:\Research\research-experiments\industrial-anomaly-detection\data\mvtec_ad\grid\test\broken\009.png,2,layer3,0.25,0,1,54.05869674682617,30.672431491670153,2.2957061333190882,10.1869594351541,D:\Research\research-experiments\industrial-anomaly-detection\data\mvtec_ad\grid\ground_truth\broken\009_mask.png,6307,0.006014823913574219,-5.113528038279362
grid,broken,D:\Research\research-experiments\industrial-anomaly-detection\data\mvtec_ad\grid\test\broken\010.png,2,layer3,0.25,0,1,52.384525299072266,30.672431491670153,2.2957061333190882,9.457697347356554,D:\Research\research-experiments\industrial-anomaly-detection\data\mvtec_ad\grid\ground_truth\broken\010_mask.png,5170,0.0049304962158203125,-5.31231544087711
grid,broken,D:\Research\research-experiments\industrial-anomaly-detection\data\mvtec_ad\grid\test\broken\011.png,2,layer3,0.25,0,1,46.29357147216797,30.672431491670153,2.2957061333190882,6.804503308928774,D:\Research\research-experiments\industrial-anomaly-detection\data\mvtec_ad\grid\ground_truth\broken\011_mask.png,4002,0.0038166046142578125,-5.5683938340422685
grid,glue,D:\Research\research-experiments\industrial-anomaly-detection\data\mvtec_ad\grid\test\glue\000.png,2,layer3,0.25,0,1,41.238101959228516,30.672431491670153,2.2957061333190882,4.602361911314284,D:\Research\research-experiments\industrial-anomaly-detection\data\mvtec_ad\grid\ground_truth\glue\000_mask.png,5771,0.005503654479980469,-5.2023427747905036
grid,glue,D:\Research\research-experiments\industrial-anomaly-detection\data\mvtec_ad\grid\test\glue\001.png,2,layer3,0.25,0,1,31.683622360229492,30.672431491670153,2.2957061333190882,0.4404705174949281,D:\Research\research-experiments\industrial-anomaly-detection\data\mvtec_ad\grid\ground_truth\glue\001_mask.png,5019,0.004786491394042969,-5.341957412622695
grid,glue,D:\Research\research-experiments\industrial-anomaly-detection\data\mvtec_ad\grid\test\glue\002.png,2,layer3,0.25,0,1,43.255008697509766,30.672431491670153,2.2957061333190882,5.48091805968561,D:\Research\research-experiments\industrial-anomaly-detection\data\mvtec_ad\grid\ground_truth\glue\002_mask.png,5399,0.005148887634277344,-5.268974386763931
grid,glue,D:\Research\research-experiments\industrial-anomaly-detection\data\mvtec_ad\grid\test\glue\003.png,2,layer3,0.25,0,1,43.31032943725586,30.672431491670153,2.2957061333190882,5.505015542783812,D:\Research\research-experiments\industrial-anomaly-detection\data\mvtec_ad\grid\ground_truth\glue\003_mask.png,4794,0.0045719146728515625,-5.3878229774778585
grid,glue,D:\Research\research-experiments\industrial-anomaly-detection\data\mvtec_ad\grid\test\glue\004.png,2,layer3,0.25,0,1,39.49567413330078,30.672431491670153,2.2957061333190882,3.8433676303657176,D:\Research\research-experiments\industrial-anomaly-detection\data\mvtec_ad\grid\ground_truth\glue\004_mask.png,7696,0.0073394775390625,-4.914487482603893
grid,glue,D:\Research\research-experiments\industrial-anomaly-detection\data\mvtec_ad\grid\test\glue\005.png,2,layer3,0.25,0,1,46.6080207824707,30.672431491670153,2.2957061333190882,6.9414761146981725,D:\Research\research-experiments\industrial-anomaly-detection\data\mvtec_ad\grid\ground_truth\glue\005_mask.png,2542,0.0024242401123046875,-6.022236746949199
grid,glue,D:\Research\research-experiments\industrial-anomaly-detection\data\mvtec_ad\grid\test\glue\006.png,2,layer3,0.25,0,1,33.34267807006836,30.672431491670153,2.2957061333190882,1.1631482530116408,D:\Research\research-experiments\industrial-anomaly-detection\data\mvtec_ad\grid\ground_truth\glue\006_mask.png,4838,0.0046138763427734375,-5.3786867032914625
grid,glue,D:\Research\research-experiments\industrial-anomaly-detection\data\mvtec_ad\grid\test\glue\007.png,2,layer3,0.25,0,1,36.85899353027344,30.672431491670153,2.2957061333190882,2.6948405759838567,D:\Research\research-experiments\industrial-anomaly-detection\data\mvtec_ad\grid\ground_truth\glue\007_mask.png,5125,0.004887580871582031,-5.321057602592123
grid,glue,D:\Research\research-experiments\industrial-anomaly-detection\data\mvtec_ad\grid\test\glue\008.png,2,layer3,0.25,0,1,29.610828399658203,30.672431491670153,2.2957061333190882,-0.4624298714039259,D:\Research\research-experiments\industrial-anomaly-detection\data\mvtec_ad\grid\ground_truth\glue\008_mask.png,2384,0.0022735595703125,-6.086408143174836
grid,glue,D:\Research\research-experiments\industrial-anomaly-detection\data\mvtec_ad\grid\test\glue\009.png,2,layer3,0.25,0,1,47.829833984375,30.672431491670153,2.2957061333190882,7.473692840598462,D:\Research\research-experiments\industrial-anomaly-detection\data\mvtec_ad\grid\ground_truth\glue\009_mask.png,6548,0.006244659423828125,-5.076028512571058
grid,glue,D:\Research\research-experiments\industrial-anomaly-detection\data\mvtec_ad\grid\test\glue\010.png,2,layer3,0.25,0,1,48.182777404785156,30.672431491670153,2.2957061333190882,7.6274335198986805,D:\Research\research-experiments\industrial-anomaly-detection\data\mvtec_ad\grid\ground_truth\glue\010_mask.png,6811,0.006495475769042969,-5.036649226004289
grid,metal_contamination,D:\Research\research-experiments\industrial-anomaly-detection\data\mvtec_ad\grid\test\metal_contamination\000.png,2,layer3,0.25,0,1,50.47733688354492,30.672431491670153,2.2957061333190882,8.62693404196347,D:\Research\research-experiments\industrial-anomaly-detection\data\mvtec_ad\grid\ground_truth\metal_contamination\000_mask.png,2624,0.00250244140625,-5.990488061525251
grid,metal_contamination,D:\Research\research-experiments\industrial-anomaly-detection\data\mvtec_ad\grid\test\metal_contamination\001.png,2,layer3,0.25,0,1,57.87471008300781,30.672431491670153,2.2957061333190882,11.849198900736098,D:\Research\research-experiments\industrial-anomaly-detection\data\mvtec_ad\grid\ground_truth\metal_contamination\001_mask.png,7452,0.007106781005859375,-4.946705738766755
grid,metal_contamination,D:\Research\research-experiments\industrial-anomaly-detection\data\mvtec_ad\grid\test\metal_contamination\002.png,2,layer3,0.25,0,1,62.922000885009766,30.672431491670153,2.2957061333190882,14.047777686037628,D:\Research\research-experiments\industrial-anomaly-detection\data\mvtec_ad\grid\ground_truth\metal_contamination\002_mask.png,4647,0.004431724548339844,-5.418966256468161
grid,metal_contamination,D:\Research\research-experiments\industrial-anomaly-detection\data\mvtec_ad\grid\test\metal_contamination\003.png,2,layer3,0.25,0,1,50.16211700439453,30.672431491670153,2.2957061333190882,8.489625579623539,D:\Research\research-experiments\industrial-anomaly-detection\data\mvtec_ad\grid\ground_truth\metal_contamination\003_mask.png,8548,0.008152008056640625,-4.809490872090713
grid,metal_contamination,D:\Research\research-experiments\industrial-anomaly-detection\data\mvtec_ad\grid\test\metal_contamination\004.png,2,layer3,0.25,0,1,48.6889762878418,30.672431491670153,2.2957061333190882,7.8479316384121285,D:\Research\research-experiments\industrial-anomaly-detection\data\mvtec_ad\grid\ground_truth\metal_contamination\004_mask.png,4391,0.004187583923339844,-5.475631101836033
grid,metal_contamination,D:\Research\research-experiments\industrial-anomaly-detection\data\mvtec_ad\grid\test\metal_contamination\005.png,2,layer3,0.25,0,1,51.90951919555664,30.672431491670153,2.2957061333190882,9.250786673284837,D:\Research\research-experiments\industrial-anomaly-detection\data\mvtec_ad\grid\ground_truth\metal_contamination\005_mask.png,4072,0.00388336181640625,-5.551053795459739
grid,metal_contamination,D:\Research\research-experiments\industrial-anomaly-detection\data\mvtec_ad\grid\test\metal_contamination\006.png,2,layer3,0.25,0,1,43.306278228759766,30.672431491670153,2.2957061333190882,5.50325085328924,D:\Research\research-experiments\industrial-anomaly-detection\data\mvtec_ad\grid\ground_truth\metal_contamination\006_mask.png,3131,0.0029859542846679688,-5.813835554971247
grid,metal_contamination,D:\Research\research-experiments\industrial-anomaly-detection\data\mvtec_ad\grid\test\metal_contamination\007.png,2,layer3,0.25,0,1,41.239070892333984,30.672431491670153,2.2957061333190882,4.602783974526734,D:\Research\research-experiments\industrial-anomaly-detection\data\mvtec_ad\grid\ground_truth\metal_contamination\007_mask.png,1976,0.00188446044921875,-6.274113202235363
grid,metal_contamination,D:\Research\research-experiments\industrial-anomaly-detection\data\mvtec_ad\grid\test\metal_contamination\008.png,2,layer3,0.25,0,1,49.93159866333008,30.672431491670153,2.2957061333190882,8.389212753382937,D:\Research\research-experiments\industrial-anomaly-detection\data\mvtec_ad\grid\ground_truth\metal_contamination\008_mask.png,4243,0.004046440124511719,-5.509917518865808
grid,metal_contamination,D:\Research\research-experiments\industrial-anomaly-detection\data\mvtec_ad\grid\test\metal_contamination\009.png,2,layer3,0.25,0,1,37.340030670166016,30.672431491670153,2.2957061333190882,2.9043783443031423,D:\Research\research-experiments\industrial-anomaly-detection\data\mvtec_ad\grid\ground_truth\metal_contamination\009_mask.png,4249,0.004052162170410156,-5.508504424302294
grid,metal_contamination,D:\Research\research-experiments\industrial-anomaly-detection\data\mvtec_ad\grid\test\metal_contamination\010.png,2,layer3,0.25,0,1,45.540103912353516,30.672431491670153,2.2957061333190882,6.476295987931158,D:\Research\research-experiments\industrial-anomaly-detection\data\mvtec_ad\grid\ground_truth\metal_contamination\010_mask.png,5163,0.004923820495605469,-5.313670323224953
grid,thread,D:\Research\research-experiments\industrial-anomaly-detection\data\mvtec_ad\grid\test\thread\000.png,2,layer3,0.25,0,1,47.493682861328125,30.672431491670153,2.2957061333190882,7.3272668158699075,D:\Research\research-experiments\industrial-anomaly-detection\data\mvtec_ad\grid\ground_truth\thread\000_mask.png,7354,0.0070133209228515625,-4.9599438067518955
grid,thread,D:\Research\research-experiments\industrial-anomaly-detection\data\mvtec_ad\grid\test\thread\001.png,2,layer3,0.25,0,1,64.08140563964844,30.672431491670153,2.2957061333190882,14.55280955305731,D:\Research\research-experiments\industrial-anomaly-detection\data\mvtec_ad\grid\ground_truth\thread\001_mask.png,14256,0.0135955810546875,-4.298010387935007
grid,thread,D:\Research\research-experiments\industrial-anomaly-detection\data\mvtec_ad\grid\test\thread\002.png,2,layer3,0.25,0,1,37.05927658081055,30.672431491670153,2.2957061333190882,2.782083035996604,D:\Research\research-experiments\industrial-anomaly-detection\data\mvtec_ad\grid\ground_truth\thread\002_mask.png,15995,0.015254020690917969,-4.182912093258803
grid,thread,D:\Research\research-experiments\industrial-anomaly-detection\data\mvtec_ad\grid\test\thread\003.png,2,layer3,0.25,0,1,34.08622360229492,30.672431491670153,2.2957061333190882,1.4870335802471255,D:\Research\research-experiments\industrial-anomaly-detection\data\mvtec_ad\grid\ground_truth\thread\003_mask.png,18349,0.01749897003173828,-4.045613197967734
grid,thread,D:\Research\research-experiments\industrial-anomaly-detection\data\mvtec_ad\grid\test\thread\004.png,2,layer3,0.25,0,1,43.50276565551758,30.672431491670153,2.2957061333190882,5.588839955442194,D:\Research\research-experiments\industrial-anomaly-detection\data\mvtec_ad\grid\ground_truth\thread\004_mask.png,32883,0.03135967254638672,-3.4622324934269857
grid,thread,D:\Research\research-experiments\industrial-anomaly-detection\data\mvtec_ad\grid\test\thread\005.png,2,layer3,0.25,0,1,59.66284942626953,30.672431491670153,2.2957061333190882,12.628104927648376,D:\Research\research-experiments\industrial-anomaly-detection\data\mvtec_ad\grid\ground_truth\thread\005_mask.png,15724,0.014995574951171875,-4.2000000579708185
grid,thread,D:\Research\research-experiments\industrial-anomaly-detection\data\mvtec_ad\grid\test\thread\006.png,2,layer3,0.25,0,1,41.85514831542969,30.672431491670153,2.2957061333190882,4.871144725998434,D:\Research\research-experiments\industrial-anomaly-detection\data\mvtec_ad\grid\ground_truth\thread\006_mask.png,16043,0.015299797058105469,-4.179915649487488
grid,thread,D:\Research\research-experiments\industrial-anomaly-detection\data\mvtec_ad\grid\test\thread\007.png,2,layer3,0.25,0,1,38.064640045166016,30.672431491670153,2.2957061333190882,3.220015160567763,D:\Research\research-experiments\industrial-anomaly-detection\data\mvtec_ad\grid\ground_truth\thread\007_mask.png,33899,0.03232860565185547,-3.431802785858171
grid,thread,D:\Research\research-experiments\industrial-anomaly-detection\data\mvtec_ad\grid\test\thread\008.png,2,layer3,0.25,0,1,40.943199157714844,30.672431491670153,2.2957061333190882,4.473903483106268,D:\Research\research-experiments\industrial-anomaly-detection\data\mvtec_ad\grid\ground_truth\thread\008_mask.png,37555,0.03581523895263672,-3.3293817791577185
grid,thread,D:\Research\research-experiments\industrial-anomaly-detection\data\mvtec_ad\grid\test\thread\009.png,2,layer3,0.25,0,1,39.06875228881836,30.672431491670153,2.2957061333190882,3.657402258628357,D:\Research\research-experiments\industrial-anomaly-detection\data\mvtec_ad\grid\ground_truth\thread\009_mask.png,16580,0.015811920166015625,-4.146991119266197
grid,thread,D:\Research\research-experiments\industrial-anomaly-detection\data\mvtec_ad\grid\test\thread\010.png,2,layer3,0.25,0,1,44.5213508605957,30.672431491670153,2.2957061333190882,6.03253141503048,D:\Research\research-experiments\industrial-anomaly-detection\data\mvtec_ad\grid\ground_truth\thread\010_mask.png,25467,0.02428722381591797,-3.7178047946189183
grid,good,D:\Research\research-experiments\industrial-anomaly-detection\data\mvtec_ad\grid\test\good\000.png,2,layer3,0.5,1,0,33.853145599365234,36.49817457653227,3.763881774485315,-0.7027396543369715,,,,
grid,good,D:\Research\research-experiments\industrial-anomaly-detection\data\mvtec_ad\grid\test\good\001.png,2,layer3,0.5,1,0,47.399906158447266,36.49817457653227,3.763881774485315,2.8964064854044813,,,,
grid,good,D:\Research\research-experiments\industrial-anomaly-detection\data\mvtec_ad\grid\test\good\002.png,2,layer3,0.5,1,0,32.533939361572266,36.49817457653227,3.763881774485315,-1.0532305349846138,,,,
grid,good,D:\Research\research-experiments\industrial-anomaly-detection\data\mvtec_ad\grid\test\good\003.png,2,layer3,0.5,1,0,36.584381103515625,36.49817457653227,3.763881774485315,0.022903622416552066,,,,
grid,good,D:\Research\research-experiments\industrial-anomaly-detection\data\mvtec_ad\grid\test\good\004.png,2,layer3,0.5,1,0,41.24687576293945,36.49817457653227,3.763881774485315,1.261649932417586,,,,
grid,good,D:\Research\research-experiments\industrial-anomaly-detection\data\mvtec_ad\grid\test\good\005.png,2,layer3,0.5,1,0,39.50820541381836,36.49817457653227,3.763881774485315,0.7997145015793407,,,,
grid,good,D:\Research\research-experiments\industrial-anomaly-detection\data\mvtec_ad\grid\test\good\006.png,2,layer3,0.5,1,0,40.21996307373047,36.49817457653227,3.763881774485315,0.9888165251171117,,,,
grid,good,D:\Research\research-experiments\industrial-anomaly-detection\data\mvtec_ad\grid\test\good\007.png,2,layer3,0.5,1,0,35.20132827758789,36.49817457653227,3.763881774485315,-0.34455022145899245,,,,
grid,good,D:\Research\research-experiments\industrial-anomaly-detection\data\mvtec_ad\grid\test\good\008.png,2,layer3,0.5,1,0,36.858551025390625,36.49817457653227,3.763881774485315,0.09574595336688879,,,,
grid,good,D:\Research\research-experiments\industrial-anomaly-detection\data\mvtec_ad\grid\test\good\009.png,2,layer3,0.5,1,0,32.147457122802734,36.49817457653227,3.763881774485315,-1.1559123570836567,,,,
grid,good,D:\Research\research-experiments\industrial-anomaly-detection\data\mvtec_ad\grid\test\good\010.png,2,layer3,0.5,1,0,34.626216888427734,36.49817457653227,3.763881774485315,-0.4973476321159196,,,,
grid,good,D:\Research\research-experiments\industrial-anomaly-detection\data\mvtec_ad\grid\test\good\011.png,2,layer3,0.5,1,0,33.94404602050781,36.49817457653227,3.763881774485315,-0.6785889432921198,,,,
grid,good,D:\Research\research-experiments\industrial-anomaly-detection\data\mvtec_ad\grid\test\good\012.png,2,layer3,0.5,1,0,37.895267486572266,36.49817457653227,3.763881774485315,0.3711840577753102,,,,
grid,good,D:\Research\research-experiments\industrial-anomaly-detection\data\mvtec_ad\grid\test\good\013.png,2,layer3,0.5,1,0,33.190677642822266,36.49817457653227,3.763881774485315,-0.8787462337767724,,,,
grid,good,D:\Research\research-experiments\industrial-anomaly-detection\data\mvtec_ad\grid\test\good\014.png,2,layer3,0.5,1,0,33.0389289855957,36.49817457653227,3.763881774485315,-0.919063296404839,,,,
grid,good,D:\Research\research-experiments\industrial-anomaly-detection\data\mvtec_ad\grid\test\good\015.png,2,layer3,0.5,1,0,35.025089263916016,36.49817457653227,3.763881774485315,-0.3913739593528253,,,,
grid,good,D:\Research\research-experiments\industrial-anomaly-detection\data\mvtec_ad\grid\test\good\016.png,2,layer3,0.5,1,0,39.43092727661133,36.49817457653227,3.763881774485315,0.7791830019634691,,,,
grid,good,D:\Research\research-experiments\industrial-anomaly-detection\data\mvtec_ad\grid\test\good\017.png,2,layer3,0.5,1,0,37.6583366394043,36.49817457653227,3.763881774485315,0.3082355218318911,,,,
grid,good,D:\Research\research-experiments\industrial-anomaly-detection\data\mvtec_ad\grid\test\good\018.png,2,layer3,0.5,1,0,39.006961822509766,36.49817457653227,3.763881774485315,0.6665425208050149,,,,
grid,good,D:\Research\research-experiments\industrial-anomaly-detection\data\mvtec_ad\grid\test\good\019.png,2,layer3,0.5,1,0,35.10081481933594,36.49817457653227,3.763881774485315,-0.3712549545707804,,,,
grid,good,D:\Research\research-experiments\industrial-anomaly-detection\data\mvtec_ad\grid\test\good\020.png,2,layer3,0.5,1,0,31.990646362304688,36.49817457653227,3.763881774485315,-1.1975743353001456,,,,
grid,bent,D:\Research\research-experiments\industrial-anomaly-detection\data\mvtec_ad\grid\test\bent\000.png,2,layer3,0.5,0,1,40.8735237121582,36.49817457653227,3.763881774485315,1.1624565801417157,D:\Research\research-experiments\industrial-anomaly-detection\data\mvtec_ad\grid\ground_truth\bent\000_mask.png,5460,0.005207061767578125,-5.257739350413088
grid,bent,D:\Research\research-experiments\industrial-anomaly-detection\data\mvtec_ad\grid\test\bent\001.png,2,layer3,0.5,0,1,54.45271682739258,36.49817457653227,3.763881774485315,4.770219503856618,D:\Research\research-experiments\industrial-anomaly-detection\data\mvtec_ad\grid\ground_truth\bent\001_mask.png,4554,0.0043430328369140625,-5.439182134321405
grid,bent,D:\Research\research-experiments\industrial-anomaly-detection\data\mvtec_ad\grid\test\bent\002.png,2,layer3,0.5,0,1,44.66221237182617,36.49817457653227,3.763881774485315,2.1690473517623374,D:\Research\research-experiments\industrial-anomaly-detection\data\mvtec_ad\grid\ground_truth\bent\002_mask.png,4315,0.004115104675292969,-5.493090764674223
grid,bent,D:\Research\research-experiments\industrial-anomaly-detection\data\mvtec_ad\grid\test\bent\003.png,2,layer3,0.5,0,1,59.78618240356445,36.49817457653227,3.763881774485315,6.187231486625707,D:\Research\research-experiments\industrial-anomaly-detection\data\mvtec_ad\grid\ground_truth\bent\003_mask.png,7860,0.007495880126953125,-4.893401592369047
grid,bent,D:\Research\research-experiments\industrial-anomaly-detection\data\mvtec_ad\grid\test\bent\004.png,2,layer3,0.5,0,1,46.66163635253906,36.49817457653227,3.763881774485315,2.7002606311662314,D:\Research\research-experiments\industrial-anomaly-detection\data\mvtec_ad\grid\ground_truth\bent\004_mask.png,8709,0.008305549621582031,-4.79083123810475
grid,bent,D:\Research\research-experiments\industrial-anomaly-detection\data\mvtec_ad\grid\test\bent\005.png,2,layer3,0.5,0,1,57.33509063720703,36.49817457653227,3.763881774485315,5.536017683106974,D:\Research\research-experiments\industrial-anomaly-detection\data\mvtec_ad\grid\ground_truth\bent\005_mask.png,14959,0.014266014099121094,-4.249875136727783
grid,bent,D:\Research\research-experiments\industrial-anomaly-detection\data\mvtec_ad\grid\test\bent\006.png,2,layer3,0.5,0,1,54.5566291809082,36.49817457653227,3.763881774485315,4.797827266199215,D:\Research\research-experiments\industrial-anomaly-detection\data\mvtec_ad\grid\ground_truth\bent\006_mask.png,22629,0.02158069610595703,-3.8359560163394586
grid,bent,D:\Research\research-experiments\industrial-anomaly-detection\data\mvtec_ad\grid\test\bent\007.png,2,layer3,0.5,0,1,46.94448471069336,36.49817457653227,3.763881774485315,2.7754086764825523,D:\Research\research-experiments\industrial-anomaly-detection\data\mvtec_ad\grid\ground_truth\bent\007_mask.png,11967,0.011412620544433594,-4.473035383003099
grid,bent,D:\Research\research-experiments\industrial-anomaly-detection\data\mvtec_ad\grid\test\bent\008.png,2,layer3,0.5,0,1,41.093448638916016,36.49817457653227,3.763881774485315,1.220886929428626,D:\Research\research-experiments\industrial-anomaly-detection\data\mvtec_ad\grid\ground_truth\bent\008_mask.png,6220,0.005931854248046875,-5.1274182568843445
grid,bent,D:\Research\research-experiments\industrial-anomaly-detection\data\mvtec_ad\grid\test\bent\009.png,2,layer3,0.5,0,1,52.7331657409668,36.49817457653227,3.763881774485315,4.313363739129279,D:\Research\research-experiments\industrial-anomaly-detection\data\mvtec_ad\grid\ground_truth\bent\009_mask.png,14468,0.013797760009765625,-4.283248945651388
grid,bent,D:\Research\research-experiments\industrial-anomaly-detection\data\mvtec_ad\grid\test\bent\010.png,2,layer3,0.5,0,1,62.480255126953125,36.49817457653227,3.763881774485315,6.903001238388717,D:\Research\research-experiments\industrial-anomaly-detection\data\mvtec_ad\grid\ground_truth\bent\010_mask.png,19594,0.018686294555664062,-3.9799648817791624
grid,bent,D:\Research\research-experiments\industrial-anomaly-detection\data\mvtec_ad\grid\test\bent\011.png,2,layer3,0.5,0,1,57.99393844604492,36.49817457653227,3.763881774485315,5.711062450268393,D:\Research\research-experiments\industrial-anomaly-detection\data\mvtec_ad\grid\ground_truth\bent\011_mask.png,15136,0.014434814453125,-4.2381122506302935
grid,broken,D:\Research\research-experiments\industrial-anomaly-detection\data\mvtec_ad\grid\test\broken\000.png,2,layer3,0.5,0,1,52.13039016723633,36.49817457653227,3.763881774485315,4.153216420524169,D:\Research\research-experiments\industrial-anomaly-detection\data\mvtec_ad\grid\ground_truth\broken\000_mask.png,7428,0.007083892822265625,-4.9499315475609995
grid,broken,D:\Research\research-experiments\industrial-anomaly-detection\data\mvtec_ad\grid\test\broken\001.png,2,layer3,0.5,0,1,68.25756072998047,36.49817457653227,3.763881774485315,8.43793404158957,D:\Research\research-experiments\industrial-anomaly-detection\data\mvtec_ad\grid\ground_truth\broken\001_mask.png,24376,0.02324676513671875,-3.7615892475166244
grid,broken,D:\Research\research-experiments\industrial-anomaly-detection\data\mvtec_ad\grid\test\broken\002.png,2,layer3,0.5,0,1,49.333404541015625,36.49817457653227,3.763881774485315,3.410104443633457,D:\Research\research-experiments\industrial-anomaly-detection\data\mvtec_ad\grid\ground_truth\broken\002_mask.png,2682,0.0025577545166015625,-5.968625156389424
grid,broken,D:\Research\research-experiments\industrial-anomaly-detection\data\mvtec_ad\grid\test\broken\003.png,2,layer3,0.5,0,1,62.53474807739258,36.49817457653227,3.763881774485315,6.917479097605458,D:\Research\research-experiments\industrial-anomaly-detection\data\mvtec_ad\grid\ground_truth\broken\003_mask.png,11860,0.011310577392578125,-4.482016850234378
grid,broken,D:\Research\research-experiments\industrial-anomaly-detection\data\mvtec_ad\grid\test\broken\004.png,2,layer3,0.5,0,1,67.71163177490234,36.49817457653227,3.763881774485315,8.292889912207272,D:\Research\research-experiments\industrial-anomaly-detection\data\mvtec_ad\grid\ground_truth\broken\004_mask.png,4616,0.00440216064453125,-5.425659575849818
grid,broken,D:\Research\research-experiments\industrial-anomaly-detection\data\mvtec_ad\grid\test\broken\005.png,2,layer3,0.5,0,1,47.85825729370117,36.49817457653227,3.763881774485315,3.018182662956334,D:\Research\research-experiments\industrial-anomaly-detection\data\mvtec_ad\grid\ground_truth\broken\005_mask.png,6628,0.006320953369140625,-5.063885074448482
grid,broken,D:\Research\research-experiments\industrial-anomaly-detection\data\mvtec_ad\grid\test\broken\006.png,2,layer3,0.5,0,1,61.3963737487793,36.49817457653227,3.763881774485315,6.6150322098391845,D:\Research\research-experiments\industrial-anomaly-detection\data\mvtec_ad\grid\ground_truth\broken\006_mask.png,5489,0.005234718322753906,-5.2524420516167885
grid,broken,D:\Research\research-experiments\industrial-anomaly-detection\data\mvtec_ad\grid\test\broken\007.png,2,layer3,0.5,0,1,53.82379913330078,36.49817457653227,3.763881774485315,4.603126664130589,D:\Research\research-experiments\industrial-anomaly-detection\data\mvtec_ad\grid\ground_truth\broken\007_mask.png,4852,0.004627227783203125,-5.37579712502287
grid,broken,D:\Research\research-experiments\industrial-anomaly-detection\data\mvtec_ad\grid\test\broken\008.png,2,layer3,0.5,0,1,40.49302673339844,36.49817457653227,3.763881774485315,1.0613649408295867,D:\Research\research-experiments\industrial-anomaly-detection\data\mvtec_ad\grid\ground_truth\broken\008_mask.png,4135,0.003943443298339844,-5.535700750155657
grid,broken,D:\Research\research-experiments\industrial-anomaly-detection\data\mvtec_ad\grid\test\broken\009.png,2,layer3,0.5,0,1,59.23011779785156,36.49817457653227,3.763881774485315,6.039494485564103,D:\Research\research-experiments\industrial-anomaly-detection\data\mvtec_ad\grid\ground_truth\broken\009_mask.png,6307,0.006014823913574219,-5.113528038279362
grid,broken,D:\Research\research-experiments\industrial-anomaly-detection\data\mvtec_ad\grid\test\broken\010.png,2,layer3,0.5,0,1,59.552738189697266,36.49817457653227,3.763881774485315,6.125209290431963,D:\Research\research-experiments\industrial-anomaly-detection\data\mvtec_ad\grid\ground_truth\broken\010_mask.png,5170,0.0049304962158203125,-5.31231544087711
grid,broken,D:\Research\research-experiments\industrial-anomaly-detection\data\mvtec_ad\grid\test\broken\011.png,2,layer3,0.5,0,1,51.48981857299805,36.49817457653227,3.763881774485315,3.9830273357923893,D:\Research\research-experiments\industrial-anomaly-detection\data\mvtec_ad\grid\ground_truth\broken\011_mask.png,4002,0.0038166046142578125,-5.5683938340422685
grid,glue,D:\Research\research-experiments\industrial-anomaly-detection\data\mvtec_ad\grid\test\glue\000.png,2,layer3,0.5,0,1,47.95281219482422,36.49817457653227,3.763881774485315,3.0433043077869497,D:\Research\research-experiments\industrial-anomaly-detection\data\mvtec_ad\grid\ground_truth\glue\000_mask.png,5771,0.005503654479980469,-5.2023427747905036
grid,glue,D:\Research\research-experiments\industrial-anomaly-detection\data\mvtec_ad\grid\test\glue\001.png,2,layer3,0.5,0,1,34.597137451171875,36.49817457653227,3.763881774485315,-0.505073548868402,D:\Research\research-experiments\industrial-anomaly-detection\data\mvtec_ad\grid\ground_truth\glue\001_mask.png,5019,0.004786491394042969,-5.341957412622695
grid,glue,D:\Research\research-experiments\industrial-anomaly-detection\data\mvtec_ad\grid\test\glue\002.png,2,layer3,0.5,0,1,50.798274993896484,36.49817457653227,3.763881774485315,3.799295853100926,D:\Research\research-experiments\industrial-anomaly-detection\data\mvtec_ad\grid\ground_truth\glue\002_mask.png,5399,0.005148887634277344,-5.268974386763931
grid,glue,D:\Research\research-experiments\industrial-anomaly-detection\data\mvtec_ad\grid\test\glue\003.png,2,layer3,0.5,0,1,52.1165885925293,36.49817457653227,3.763881774485315,4.149549574556639,D:\Research\research-experiments\industrial-anomaly-detection\data\mvtec_ad\grid\ground_truth\glue\003_mask.png,4794,0.0045719146728515625,-5.3878229774778585
grid,glue,D:\Research\research-experiments\industrial-anomaly-detection\data\mvtec_ad\grid\test\glue\004.png,2,layer3,0.5,0,1,43.926780700683594,36.49817457653227,3.763881774485315,1.9736555421343258,D:\Research\research-experiments\industrial-anomaly-detection\data\mvtec_ad\grid\ground_truth\glue\004_mask.png,7696,0.0073394775390625,-4.914487482603893
grid,glue,D:\Research\research-experiments\industrial-anomaly-detection\data\mvtec_ad\grid\test\glue\005.png,2,layer3,0.5,0,1,52.978790283203125,36.49817457653227,3.763881774485315,4.378622043441964,D:\Research\research-experiments\industrial-anomaly-detection\data\mvtec_ad\grid\ground_truth\glue\005_mask.png,2542,0.0024242401123046875,-6.022236746949199
grid,glue,D:\Research\research-experiments\industrial-anomaly-detection\data\mvtec_ad\grid\test\glue\006.png,2,layer3,0.5,0,1,37.90379333496094,36.49817457653227,3.763881774485315,0.3734492321084859,D:\Research\research-experiments\industrial-anomaly-detection\data\mvtec_ad\grid\ground_truth\glue\006_mask.png,4838,0.0046138763427734375,-5.3786867032914625
grid,glue,D:\Research\research-experiments\industrial-anomaly-detection\data\mvtec_ad\grid\test\glue\007.png,2,layer3,0.5,0,1,40.92402267456055,36.49817457653227,3.763881774485315,1.1758733039996931,D:\Research\research-experiments\industrial-anomaly-detection\data\mvtec_ad\grid\ground_truth\glue\007_mask.png,5125,0.004887580871582031,-5.321057602592123
grid,glue,D:\Research\research-experiments\industrial-anomaly-detection\data\mvtec_ad\grid\test\glue\008.png,2,layer3,0.5,0,1,33.67341995239258,36.49817457653227,3.763881774485315,-0.7504897319804789,D:\Research\research-experiments\industrial-anomaly-detection\data\mvtec_ad\grid\ground_truth\glue\008_mask.png,2384,0.0022735595703125,-6.086408143174836
grid,glue,D:\Research\research-experiments\industrial-anomaly-detection\data\mvtec_ad\grid\test\glue\009.png,2,layer3,0.5,0,1,53.75379943847656,36.49817457653227,3.763881774485315,4.584528924079684,D:\Research\research-experiments\industrial-anomaly-detection\data\mvtec_ad\grid\ground_truth\glue\009_mask.png,6548,0.006244659423828125,-5.076028512571058
grid,glue,D:\Research\research-experiments\industrial-anomaly-detection\data\mvtec_ad\grid\test\glue\010.png,2,layer3,0.5,0,1,53.91963577270508,36.49817457653227,3.763881774485315,4.628588845236796,D:\Research\research-experiments\industrial-anomaly-detection\data\mvtec_ad\grid\ground_truth\glue\010_mask.png,6811,0.006495475769042969,-5.036649226004289
grid,metal_contamination,D:\Research\research-experiments\industrial-anomaly-detection\data\mvtec_ad\grid\test\metal_contamination\000.png,2,layer3,0.5,0,1,55.90618896484375,36.49817457653227,3.763881774485315,5.156382572873292,D:\Research\research-experiments\industrial-anomaly-detection\data\mvtec_ad\grid\ground_truth\metal_contamination\000_mask.png,2624,0.00250244140625,-5.990488061525251
grid,metal_contamination,D:\Research\research-experiments\industrial-anomaly-detection\data\mvtec_ad\grid\test\metal_contamination\001.png,2,layer3,0.5,0,1,68.16246032714844,36.49817457653227,3.763881774485315,8.412667466141665,D:\Research\research-experiments\industrial-anomaly-detection\data\mvtec_ad\grid\ground_truth\metal_contamination\001_mask.png,7452,0.007106781005859375,-4.946705738766755
grid,metal_contamination,D:\Research\research-experiments\industrial-anomaly-detection\data\mvtec_ad\grid\test\metal_contamination\002.png,2,layer3,0.5,0,1,73.26081848144531,36.49817457653227,3.763881774485315,9.767215366359396,D:\Research\research-experiments\industrial-anomaly-detection\data\mvtec_ad\grid\ground_truth\metal_contamination\002_mask.png,4647,0.004431724548339844,-5.418966256468161
grid,metal_contamination,D:\Research\research-experiments\industrial-anomaly-detection\data\mvtec_ad\grid\test\metal_contamination\003.png,2,layer3,0.5,0,1,55.3958854675293,36.49817457653227,3.763881774485315,5.02080352765096,D:\Research\research-experiments\industrial-anomaly-detection\data\mvtec_ad\grid\ground_truth\metal_contamination\003_mask.png,8548,0.008152008056640625,-4.809490872090713
grid,metal_contamination,D:\Research\research-experiments\industrial-anomaly-detection\data\mvtec_ad\grid\test\metal_contamination\004.png,2,layer3,0.5,0,1,57.86428451538086,36.49817457653227,3.763881774485315,5.676615584391,D:\Research\research-experiments\industrial-anomaly-detection\data\mvtec_ad\grid\ground_truth\metal_contamination\004_mask.png,4391,0.004187583923339844,-5.475631101836033
grid,metal_contamination,D:\Research\research-experiments\industrial-anomaly-detection\data\mvtec_ad\grid\test\metal_contamination\005.png,2,layer3,0.5,0,1,60.688419342041016,36.49817457653227,3.763881774485315,6.426940646619166,D:\Research\research-experiments\industrial-anomaly-detection\data\mvtec_ad\grid\ground_truth\metal_contamination\005_mask.png,4072,0.00388336181640625,-5.551053795459739
grid,metal_contamination,D:\Research\research-experiments\industrial-anomaly-detection\data\mvtec_ad\grid\test\metal_contamination\006.png,2,layer3,0.5,0,1,50.20755386352539,36.49817457653227,3.763881774485315,3.642351197087688,D:\Research\research-experiments\industrial-anomaly-detection\data\mvtec_ad\grid\ground_truth\metal_contamination\006_mask.png,3131,0.0029859542846679688,-5.813835554971247
grid,metal_contamination,D:\Research\research-experiments\industrial-anomaly-detection\data\mvtec_ad\grid\test\metal_contamination\007.png,2,layer3,0.5,0,1,48.71110153198242,36.49817457653227,3.763881774485315,3.244769014329677,D:\Research\research-experiments\industrial-anomaly-detection\data\mvtec_ad\grid\ground_truth\metal_contamination\007_mask.png,1976,0.00188446044921875,-6.274113202235363
grid,metal_contamination,D:\Research\research-experiments\industrial-anomaly-detection\data\mvtec_ad\grid\test\metal_contamination\008.png,2,layer3,0.5,0,1,58.10102462768555,36.49817457653227,3.763881774485315,5.739513445293408,D:\Research\research-experiments\industrial-anomaly-detection\data\mvtec_ad\grid\ground_truth\metal_contamination\008_mask.png,4243,0.004046440124511719,-5.509917518865808
grid,metal_contamination,D:\Research\research-experiments\industrial-anomaly-detection\data\mvtec_ad\grid\test\metal_contamination\009.png,2,layer3,0.5,0,1,40.69397735595703,36.49817457653227,3.763881774485315,1.1147541370367584,D:\Research\research-experiments\industrial-anomaly-detection\data\mvtec_ad\grid\ground_truth\metal_contamination\009_mask.png,4249,0.004052162170410156,-5.508504424302294
grid,metal_contamination,D:\Research\research-experiments\industrial-anomaly-detection\data\mvtec_ad\grid\test\metal_contamination\010.png,2,layer3,0.5,0,1,51.378501892089844,36.49817457653227,3.763881774485315,3.953452368357759,D:\Research\research-experiments\industrial-anomaly-detection\data\mvtec_ad\grid\ground_truth\metal_contamination\010_mask.png,5163,0.004923820495605469,-5.313670323224953
grid,thread,D:\Research\research-experiments\industrial-anomaly-detection\data\mvtec_ad\grid\test\thread\000.png,2,layer3,0.5,0,1,53.54572296142578,36.49817457653227,3.763881774485315,4.529246508340354,D:\Research\research-experiments\industrial-anomaly-detection\data\mvtec_ad\grid\ground_truth\thread\000_mask.png,7354,0.0070133209228515625,-4.9599438067518955
grid,thread,D:\Research\research-experiments\industrial-anomaly-detection\data\mvtec_ad\grid\test\thread\001.png,2,layer3,0.5,0,1,73.9953384399414,36.49817457653227,3.763881774485315,9.962364949291377,D:\Research\research-experiments\industrial-anomaly-detection\data\mvtec_ad\grid\ground_truth\thread\001_mask.png,14256,0.0135955810546875,-4.298010387935007
grid,thread,D:\Research\research-experiments\industrial-anomaly-detection\data\mvtec_ad\grid\test\thread\002.png,2,layer3,0.5,0,1,39.003875732421875,36.49817457653227,3.763881774485315,0.6657225986414627,D:\Research\research-experiments\industrial-anomaly-detection\data\mvtec_ad\grid\ground_truth\thread\002_mask.png,15995,0.015254020690917969,-4.182912093258803
grid,thread,D:\Research\research-experiments\industrial-anomaly-detection\data\mvtec_ad\grid\test\thread\003.png,2,layer3,0.5,0,1,36.264705657958984,36.49817457653227,3.763881774485315,-0.06202875981810355,D:\Research\research-experiments\industrial-anomaly-detection\data\mvtec_ad\grid\ground_truth\thread\003_mask.png,18349,0.01749897003173828,-4.045613197967734
grid,thread,D:\Research\research-experiments\industrial-anomaly-detection\data\mvtec_ad\grid\test\thread\004.png,2,layer3,0.5,0,1,47.52585983276367,36.49817457653227,3.763881774485315,2.929870255486269,D:\Research\research-experiments\industrial-anomaly-detection\data\mvtec_ad\grid\ground_truth\thread\004_mask.png,32883,0.03135967254638672,-3.4622324934269857
grid,thread,D:\Research\research-experiments\industrial-anomaly-detection\data\mvtec_ad\grid\test\thread\005.png,2,layer3,0.5,0,1,68.0916976928711,36.49817457653227,3.763881774485315,8.393867025926717,D:\Research\research-experiments\industrial-anomaly-detection\data\mvtec_ad\grid\ground_truth\thread\005_mask.png,15724,0.014995574951171875,-4.2000000579708185
grid,thread,D:\Research\research-experiments\industrial-anomaly-detection\data\mvtec_ad\grid\test\thread\006.png,2,layer3,0.5,0,1,48.30059814453125,36.49817457653227,3.763881774485315,3.135705177565754,D:\Research\research-experiments\industrial-anomaly-detection\data\mvtec_ad\grid\ground_truth\thread\006_mask.png,16043,0.015299797058105469,-4.179915649487488
grid,thread,D:\Research\research-experiments\industrial-anomaly-detection\data\mvtec_ad\grid\test\thread\007.png,2,layer3,0.5,0,1,41.55635070800781,36.49817457653227,3.763881774485315,1.3438722134589927,D:\Research\research-experiments\industrial-anomaly-detection\data\mvtec_ad\grid\ground_truth\thread\007_mask.png,33899,0.03232860565185547,-3.431802785858171
grid,thread,D:\Research\research-experiments\industrial-anomaly-detection\data\mvtec_ad\grid\test\thread\008.png,2,layer3,0.5,0,1,46.02909469604492,36.49817457653227,3.763881774485315,2.5322049656609997,D:\Research\research-experiments\industrial-anomaly-detection\data\mvtec_ad\grid\ground_truth\thread\008_mask.png,37555,0.03581523895263672,-3.3293817791577185
grid,thread,D:\Research\research-experiments\industrial-anomaly-detection\data\mvtec_ad\grid\test\thread\009.png,2,layer3,0.5,0,1,42.616024017333984,36.49817457653227,3.763881774485315,1.6254095658034549,D:\Research\research-experiments\industrial-anomaly-detection\data\mvtec_ad\grid\ground_truth\thread\009_mask.png,16580,0.015811920166015625,-4.146991119266197
grid,thread,D:\Research\research-experiments\industrial-anomaly-detection\data\mvtec_ad\grid\test\thread\010.png,2,layer3,0.5,0,1,49.69749450683594,36.49817457653227,3.763881774485315,3.5068370159178506,D:\Research\research-experiments\industrial-anomaly-detection\data\mvtec_ad\grid\ground_truth\thread\010_mask.png,25467,0.02428722381591797,-3.7178047946189183
grid,good,D:\Research\research-experiments\industrial-anomaly-detection\data\mvtec_ad\grid\test\good\000.png,2,layer3,0.75,1,0,40.43764877319336,44.66073226928711,5.304856858649605,-0.7960786895141165,,,,
grid,good,D:\Research\research-experiments\industrial-anomaly-detection\data\mvtec_ad\grid\test\good\001.png,2,layer3,0.75,1,0,58.16665267944336,44.66073226928711,5.304856858649605,2.5459537872609617,,,,
grid,good,D:\Research\research-experiments\industrial-anomaly-detection\data\mvtec_ad\grid\test\good\002.png,2,layer3,0.75,1,0,39.64710235595703,44.66073226928711,5.304856858649605,-0.94510182780056,,,,
grid,good,D:\Research\research-experiments\industrial-anomaly-detection\data\mvtec_ad\grid\test\good\003.png,2,layer3,0.75,1,0,43.56686019897461,44.66073226928711,5.304856858649605,-0.2062019955409229,,,,
grid,good,D:\Research\research-experiments\industrial-anomaly-detection\data\mvtec_ad\grid\test\good\004.png,2,layer3,0.75,1,0,55.46241760253906,44.66073226928711,5.304856858649605,2.0361878974434027,,,,
grid,good,D:\Research\research-experiments\industrial-anomaly-detection\data\mvtec_ad\grid\test\good\005.png,2,layer3,0.75,1,0,48.67170715332031,44.66073226928711,5.304856858649605,0.7560948374117356,,,,
grid,good,D:\Research\research-experiments\industrial-anomaly-detection\data\mvtec_ad\grid\test\good\006.png,2,layer3,0.75,1,0,47.80699920654297,44.66073226928711,5.304856858649605,0.5930917687488306,,,,
grid,good,D:\Research\research-experiments\industrial-anomaly-detection\data\mvtec_ad\grid\test\good\007.png,2,layer3,0.75,1,0,41.928035736083984,44.66073226928711,5.304856858649605,-0.5151310593324389,,,,
grid,good,D:\Research\research-experiments\industrial-anomaly-detection\data\mvtec_ad\grid\test\good\008.png,2,layer3,0.75,1,0,44.092369079589844,44.66073226928711,5.304856858649605,-0.1071401556802698,,,,
grid,good,D:\Research\research-experiments\industrial-anomaly-detection\data\mvtec_ad\grid\test\good\009.png,2,layer3,0.75,1,0,40.18659973144531,44.66073226928711,5.304856858649605,-0.8434030657296047,,,,
grid,good,D:\Research\research-experiments\industrial-anomaly-detection\data\mvtec_ad\grid\test\good\010.png,2,layer3,0.75,1,0,42.57563400268555,44.66073226928711,5.304856858649605,-0.39305457661912135,,,,
grid,good,D:\Research\research-experiments\industrial-anomaly-detection\data\mvtec_ad\grid\test\good\011.png,2,layer3,0.75,1,0,40.73241424560547,44.66073226928711,5.304856858649605,-0.7405134819569149,,,,
grid,good,D:\Research\research-experiments\industrial-anomaly-detection\data\mvtec_ad\grid\test\good\012.png,2,layer3,0.75,1,0,43.726932525634766,44.66073226928711,5.304856858649605,-0.17602732147801067,,,,
grid,good,D:\Research\research-experiments\industrial-anomaly-detection\data\mvtec_ad\grid\test\good\013.png,2,layer3,0.75,1,0,41.51922607421875,44.66073226928711,5.304856858649605,-0.5921943379011466,,,,
grid,good,D:\Research\research-experiments\industrial-anomaly-detection\data\mvtec_ad\grid\test\good\014.png,2,layer3,0.75,1,0,39.73379898071289,44.66073226928711,5.304856858649605,-0.9287589504966229,,,,
grid,good,D:\Research\research-experiments\industrial-anomaly-detection\data\mvtec_ad\grid\test\good\015.png,2,layer3,0.75,1,0,42.79527282714844,44.66073226928711,5.304856858649605,-0.35165123053170183,,,,
grid,good,D:\Research\research-experiments\industrial-anomaly-detection\data\mvtec_ad\grid\test\good\016.png,2,layer3,0.75,1,0,50.910240173339844,44.66073226928711,5.304856858649605,1.1780728623926713,,,,
grid,good,D:\Research\research-experiments\industrial-anomaly-detection\data\mvtec_ad\grid\test\good\017.png,2,layer3,0.75,1,0,47.233829498291016,44.66073226928711,5.304856858649605,0.48504555307811065,,,,
grid,good,D:\Research\research-experiments\industrial-anomaly-detection\data\mvtec_ad\grid\test\good\018.png,2,layer3,0.75,1,0,48.732200622558594,44.66073226928711,5.304856858649605,0.7674982495772582,,,,
grid,good,D:\Research\research-experiments\industrial-anomaly-detection\data\mvtec_ad\grid\test\good\019.png,2,layer3,0.75,1,0,40.79155731201172,44.66073226928711,5.304856858649605,-0.729364629502995,,,,
grid,good,D:\Research\research-experiments\industrial-anomaly-detection\data\mvtec_ad\grid\test\good\020.png,2,layer3,0.75,1,0,39.15787887573242,44.66073226928711,5.304856858649605,-1.037323633828545,,,,
grid,bent,D:\Research\research-experiments\industrial-anomaly-detection\data\mvtec_ad\grid\test\bent\000.png,2,layer3,0.75,0,1,48.359535217285156,44.66073226928711,5.304856858649605,0.6972483983176896,D:\Research\research-experiments\industrial-anomaly-detection\data\mvtec_ad\grid\ground_truth\bent\000_mask.png,5460,0.005207061767578125,-5.257739350413088
grid,bent,D:\Research\research-experiments\industrial-anomaly-detection\data\mvtec_ad\grid\test\bent\001.png,2,layer3,0.75,0,1,62.29842758178711,44.66073226928711,5.304856858649605,3.3248202133374476,D:\Research\research-experiments\industrial-anomaly-detection\data\mvtec_ad\grid\ground_truth\bent\001_mask.png,4554,0.0043430328369140625,-5.439182134321405
grid,bent,D:\Research\research-experiments\industrial-anomaly-detection\data\mvtec_ad\grid\test\bent\002.png,2,layer3,0.75,0,1,50.18678665161133,44.66073226928711,5.304856858649605,1.0416971710205432,D:\Research\research-experiments\industrial-anomaly-detection\data\mvtec_ad\grid\ground_truth\bent\002_mask.png,4315,0.004115104675292969,-5.493090764674223
grid,bent,D:\Research\research-experiments\industrial-anomaly-detection\data\mvtec_ad\grid\test\bent\003.png,2,layer3,0.75,0,1,68.04234313964844,44.66073226928711,5.304856858649605,4.40758563206799,D:\Research\research-experiments\industrial-anomaly-detection\data\mvtec_ad\grid\ground_truth\bent\003_mask.png,7860,0.007495880126953125,-4.893401592369047
grid,bent,D:\Research\research-experiments\industrial-anomaly-detection\data\mvtec_ad\grid\test\bent\004.png,2,layer3,0.75,0,1,53.167354583740234,44.66073226928711,5.304856858649605,1.6035536002414505,D:\Research\research-experiments\industrial-anomaly-detection\data\mvtec_ad\grid\ground_truth\bent\004_mask.png,8709,0.008305549621582031,-4.79083123810475
grid,bent,D:\Research\research-experiments\industrial-anomaly-detection\data\mvtec_ad\grid\test\bent\005.png,2,layer3,0.75,0,1,67.9453353881836,44.66073226928711,5.304856858649605,4.389299040355968,D:\Research\research-experiments\industrial-anomaly-detection\data\mvtec_ad\grid\ground_truth\bent\005_mask.png,14959,0.014266014099121094,-4.249875136727783
grid,bent,D:\Research\research-experiments\industrial-anomaly-detection\data\mvtec_ad\grid\test\bent\006.png,2,layer3,0.75,0,1,60.94767379760742,44.66073226928711,5.304856858649605,3.070194344973577,D:\Research\research-experiments\industrial-anomaly-detection\data\mvtec_ad\grid\ground_truth\bent\006_mask.png,22629,0.02158069610595703,-3.8359560163394586
grid,bent,D:\Research\research-experiments\industrial-anomaly-detection\data\mvtec_ad\grid\test\bent\007.png,2,layer3,0.75,0,1,54.45601272583008,44.66073226928711,5.304856858649605,1.8464740364429812,D:\Research\research-experiments\industrial-anomaly-detection\data\mvtec_ad\grid\ground_truth\bent\007_mask.png,11967,0.011412620544433594,-4.473035383003099
grid,bent,D:\Research\research-experiments\industrial-anomaly-detection\data\mvtec_ad\grid\test\bent\008.png,2,layer3,0.75,0,1,46.824119567871094,44.66073226928711,5.304856858649605,0.40781256803500116,D:\Research\research-experiments\industrial-anomaly-detection\data\mvtec_ad\grid\ground_truth\bent\008_mask.png,6220,0.005931854248046875,-5.1274182568843445
grid,bent,D:\Research\research-experiments\industrial-anomaly-detection\data\mvtec_ad\grid\test\bent\009.png,2,layer3,0.75,0,1,61.2034912109375,44.66073226928711,5.304856858649605,3.1184175902272107,D:\Research\research-experiments\industrial-anomaly-detection\data\mvtec_ad\grid\ground_truth\bent\009_mask.png,14468,0.013797760009765625,-4.283248945651388
grid,bent,D:\Research\research-experiments\industrial-anomaly-detection\data\mvtec_ad\grid\test\bent\010.png,2,layer3,0.75,0,1,72.47693634033203,44.66073226928711,5.304856858649605,5.243535275733296,D:\Research\research-experiments\industrial-anomaly-detection\data\mvtec_ad\grid\ground_truth\bent\010_mask.png,19594,0.018686294555664062,-3.9799648817791624
grid,bent,D:\Research\research-experiments\industrial-anomaly-detection\data\mvtec_ad\grid\test\bent\011.png,2,layer3,0.75,0,1,64.87313079833984,44.66073226928711,5.304856858649605,3.810168505507605,D:\Research\research-experiments\industrial-anomaly-detection\data\mvtec_ad\grid\ground_truth\bent\011_mask.png,15136,0.014434814453125,-4.2381122506302935
grid,broken,D:\Research\research-experiments\industrial-anomaly-detection\data\mvtec_ad\grid\test\broken\000.png,2,layer3,0.75,0,1,61.192787170410156,44.66073226928711,5.304856858649605,3.1163998090103826,D:\Research\research-experiments\industrial-anomaly-detection\data\mvtec_ad\grid\ground_truth\broken\000_mask.png,7428,0.007083892822265625,-4.9499315475609995
grid,broken,D:\Research\research-experiments\industrial-anomaly-detection\data\mvtec_ad\grid\test\broken\001.png,2,layer3,0.75,0,1,77.3179931640625,44.66073226928711,5.304856858649605,6.156105954400543,D:\Research\research-experiments\industrial-anomaly-detection\data\mvtec_ad\grid\ground_truth\broken\001_mask.png,24376,0.02324676513671875,-3.7615892475166244
grid,broken,D:\Research\research-experiments\industrial-anomaly-detection\data\mvtec_ad\grid\test\broken\002.png,2,layer3,0.75,0,1,57.307838439941406,44.66073226928711,5.304856858649605,2.384061720729204,D:\Research\research-experiments\industrial-anomaly-detection\data\mvtec_ad\grid\ground_truth\broken\002_mask.png,2682,0.0025577545166015625,-5.968625156389424
grid,broken,D:\Research\research-experiments\industrial-anomaly-detection\data\mvtec_ad\grid\test\broken\003.png,2,layer3,0.75,0,1,72.09710693359375,44.66073226928711,5.304856858649605,5.171934963630818,D:\Research\research-experiments\industrial-anomaly-detection\data\mvtec_ad\grid\ground_truth\broken\003_mask.png,11860,0.011310577392578125,-4.482016850234378
grid,broken,D:\Research\research-experiments\industrial-anomaly-detection\data\mvtec_ad\grid\test\broken\004.png,2,layer3,0.75,0,1,79.02356719970703,44.66073226928711,5.304856858649605,6.4776177465356275,D:\Research\research-experiments\industrial-anomaly-detection\data\mvtec_ad\grid\ground_truth\broken\004_mask.png,4616,0.00440216064453125,-5.425659575849818
grid,broken,D:\Research\research-experiments\industrial-anomaly-detection\data\mvtec_ad\grid\test\broken\005.png,2,layer3,0.75,0,1,54.77822494506836,44.66073226928711,5.304856858649605,1.9072131341837453,D:\Research\research-experiments\industrial-anomaly-detection\data\mvtec_ad\grid\ground_truth\broken\005_mask.png,6628,0.006320953369140625,-5.063885074448482
grid,broken,D:\Research\research-experiments\industrial-anomaly-detection\data\mvtec_ad\grid\test\broken\006.png,2,layer3,0.75,0,1,71.60530853271484,44.66073226928711,5.304856858649605,5.079227768322235,D:\Research\research-experiments\industrial-anomaly-detection\data\mvtec_ad\grid\ground_truth\broken\006_mask.png,5489,0.005234718322753906,-5.2524420516167885
grid,broken,D:\Research\research-experiments\industrial-anomaly-detection\data\mvtec_ad\grid\test\broken\007.png,2,layer3,0.75,0,1,62.441680908203125,44.66073226928711,5.304856858649605,3.3518243965290146,D:\Research\research-experiments\industrial-anomaly-detection\data\mvtec_ad\grid\ground_truth\broken\007_mask.png,4852,0.004627227783203125,-5.37579712502287
grid,broken,D:\Research\research-experiments\industrial-anomaly-detection\data\mvtec_ad\grid\test\broken\008.png,2,layer3,0.75,0,1,46.52199172973633,44.66073226928711,5.304856858649605,0.3508595066829037,D:\Research\research-experiments\industrial-anomaly-detection\data\mvtec_ad\grid\ground_truth\broken\008_mask.png,4135,0.003943443298339844,-5.535700750155657
grid,broken,D:\Research\research-experiments\industrial-anomaly-detection\data\mvtec_ad\grid\test\broken\009.png,2,layer3,0.75,0,1,66.83672332763672,44.66073226928711,5.304856858649605,4.180318460844331,D:\Research\research-experiments\industrial-anomaly-detection\data\mvtec_ad\grid\ground_truth\broken\009_mask.png,6307,0.006014823913574219,-5.113528038279362
grid,broken,D:\Research\research-experiments\industrial-anomaly-detection\data\mvtec_ad\grid\test\broken\010.png,2,layer3,0.75,0,1,69.12895202636719,44.66073226928711,5.304856858649605,4.61241847029001,D:\Research\research-experiments\industrial-anomaly-detection\data\mvtec_ad\grid\ground_truth\broken\010_mask.png,5170,0.0049304962158203125,-5.31231544087711
grid,broken,D:\Research\research-experiments\industrial-anomaly-detection\data\mvtec_ad\grid\test\broken\011.png,2,layer3,0.75,0,1,57.73651885986328,44.66073226928711,5.304856858649605,2.4648707663536698,D:\Research\research-experiments\industrial-anomaly-detection\data\mvtec_ad\grid\ground_truth\broken\011_mask.png,4002,0.0038166046142578125,-5.5683938340422685
grid,glue,D:\Research\research-experiments\industrial-anomaly-detection\data\mvtec_ad\grid\test\glue\000.png,2,layer3,0.75,0,1,55.58903884887695,44.66073226928711,5.304856858649605,2.0600568254299203,D:\Research\research-experiments\industrial-anomaly-detection\data\mvtec_ad\grid\ground_truth\glue\000_mask.png,5771,0.005503654479980469,-5.2023427747905036
grid,glue,D:\Research\research-experiments\industrial-anomaly-detection\data\mvtec_ad\grid\test\glue\001.png,2,layer3,0.75,0,1,42.687774658203125,44.66073226928711,5.304856858649605,-0.3719153341276426,D:\Research\research-experiments\industrial-anomaly-detection\data\mvtec_ad\grid\ground_truth\glue\001_mask.png,5019,0.004786491394042969,-5.341957412622695
grid,glue,D:\Research\research-experiments\industrial-anomaly-detection\data\mvtec_ad\grid\test\glue\002.png,2,layer3,0.75,0,1,60.2694091796875,44.66073226928711,5.304856858649605,2.9423370557021418,D:\Research\research-experiments\industrial-anomaly-detection\data\mvtec_ad\grid\ground_truth\glue\002_mask.png,5399,0.005148887634277344,-5.268974386763931
grid,glue,D:\Research\research-experiments\industrial-anomaly-detection\data\mvtec_ad\grid\test\glue\003.png,2,layer3,0.75,0,1,62.03316116333008,44.66073226928711,5.304856858649605,3.274815769197826,D:\Research\research-experiments\industrial-anomaly-detection\data\mvtec_ad\grid\ground_truth\glue\003_mask.png,4794,0.0045719146728515625,-5.3878229774778585
grid,glue,D:\Research\research-experiments\industrial-anomaly-detection\data\mvtec_ad\grid\test\glue\004.png,2,layer3,0.75,0,1,49.96902847290039,44.66073226928711,5.304856858649605,1.000648338881768,D:\Research\research-experiments\industrial-anomaly-detection\data\mvtec_ad\grid\ground_truth\glue\004_mask.png,7696,0.0073394775390625,-4.914487482603893
grid,glue,D:\Research\research-experiments\industrial-anomaly-detection\data\mvtec_ad\grid\test\glue\005.png,2,layer3,0.75,0,1,62.35378646850586,44.66073226928711,5.304856858649605,3.3352557233226956,D:\Research\research-experiments\industrial-anomaly-detection\data\mvtec_ad\grid\ground_truth\glue\005_mask.png,2542,0.0024242401123046875,-6.022236746949199
grid,glue,D:\Research\research-experiments\industrial-anomaly-detection\data\mvtec_ad\grid\test\glue\006.png,2,layer3,0.75,0,1,42.74873733520508,44.66073226928711,5.304856858649605,-0.3604234732487665,D:\Research\research-experiments\industrial-anomaly-detection\data\mvtec_ad\grid\ground_truth\glue\006_mask.png,4838,0.0046138763427734375,-5.3786867032914625
grid,glue,D:\Research\research-experiments\industrial-anomaly-detection\data\mvtec_ad\grid\test\glue\007.png,2,layer3,0.75,0,1,45.845733642578125,44.66073226928711,5.304856858649605,0.2233804615027195,D:\Research\research-experiments\industrial-anomaly-detection\data\mvtec_ad\grid\ground_truth\glue\007_mask.png,5125,0.004887580871582031,-5.321057602592123
grid,glue,D:\Research\research-experiments\industrial-anomaly-detection\data\mvtec_ad\grid\test\glue\008.png,2,layer3,0.75,0,1,41.636043548583984,44.66073226928711,5.304856858649605,-0.5701734846570553,D:\Research\research-experiments\industrial-anomaly-detection\data\mvtec_ad\grid\ground_truth\glue\008_mask.png,2384,0.0022735595703125,-6.086408143174836
grid,glue,D:\Research\research-experiments\industrial-anomaly-detection\data\mvtec_ad\grid\test\glue\009.png,2,layer3,0.75,0,1,61.50181198120117,44.66073226928711,5.304856858649605,3.174652994539253,D:\Research\research-experiments\industrial-anomaly-detection\data\mvtec_ad\grid\ground_truth\glue\009_mask.png,6548,0.006244659423828125,-5.076028512571058
grid,glue,D:\Research\research-experiments\industrial-anomaly-detection\data\mvtec_ad\grid\test\glue\010.png,2,layer3,0.75,0,1,63.215328216552734,44.66073226928711,5.304856858649605,3.4976619429442724,D:\Research\research-experiments\industrial-anomaly-detection\data\mvtec_ad\grid\ground_truth\glue\010_mask.png,6811,0.006495475769042969,-5.036649226004289
grid,metal_contamination,D:\Research\research-experiments\industrial-anomaly-detection\data\mvtec_ad\grid\test\metal_contamination\000.png,2,layer3,0.75,0,1,64.18681335449219,44.66073226928711,5.304856858649605,3.6807932062045503,D:\Research\research-experiments\industrial-anomaly-detection\data\mvtec_ad\grid\ground_truth\metal_contamination\000_mask.png,2624,0.00250244140625,-5.990488061525251
grid,metal_contamination,D:\Research\research-experiments\industrial-anomaly-detection\data\mvtec_ad\grid\test\metal_contamination\001.png,2,layer3,0.75,0,1,81.0458984375,44.66073226928711,5.304856858649605,6.858840330231839,D:\Research\research-experiments\industrial-anomaly-detection\data\mvtec_ad\grid\ground_truth\metal_contamination\001_mask.png,7452,0.007106781005859375,-4.946705738766755
grid,metal_contamination,D:\Research\research-experiments\industrial-anomaly-detection\data\mvtec_ad\grid\test\metal_contamination\002.png,2,layer3,0.75,0,1,87.03253936767578,44.66073226928711,5.304856858649605,7.987361059384884,D:\Research\research-experiments\industrial-anomaly-detection\data\mvtec_ad\grid\ground_truth\metal_contamination\002_mask.png,4647,0.004431724548339844,-5.418966256468161
grid,metal_contamination,D:\Research\research-experiments\industrial-anomaly-detection\data\mvtec_ad\grid\test\metal_contamination\003.png,2,layer3,0.75,0,1,62.73934555053711,44.66073226928711,5.304856858649605,3.4079361164614084,D:\Research\research-experiments\industrial-anomaly-detection\data\mvtec_ad\grid\ground_truth\metal_contamination\003_mask.png,8548,0.008152008056640625,-4.809490872090713
grid,metal_contamination,D:\Research\research-experiments\industrial-anomaly-detection\data\mvtec_ad\grid\test\metal_contamination\004.png,2,layer3,0.75,0,1,68.50408172607422,44.66073226928711,5.304856858649605,4.494626356960107,D:\Research\research-experiments\industrial-anomaly-detection\data\mvtec_ad\grid\ground_truth\metal_contamination\004_mask.png,4391,0.004187583923339844,-5.475631101836033
grid,metal_contamination,D:\Research\research-experiments\industrial-anomaly-detection\data\mvtec_ad\grid\test\metal_contamination\005.png,2,layer3,0.75,0,1,73.48766326904297,44.66073226928711,5.304856858649605,5.434063871629892,D:\Research\research-experiments\industrial-anomaly-detection\data\mvtec_ad\grid\ground_truth\metal_contamination\005_mask.png,4072,0.00388336181640625,-5.551053795459739
grid,metal_contamination,D:\Research\research-experiments\industrial-anomaly-detection\data\mvtec_ad\grid\test\metal_contamination\006.png,2,layer3,0.75,0,1,59.65262222290039,44.66073226928711,5.304856858649605,2.826068705165702,D:\Research\research-experiments\industrial-anomaly-detection\data\mvtec_ad\grid\ground_truth\metal_contamination\006_mask.png,3131,0.0029859542846679688,-5.813835554971247
grid,metal_contamination,D:\Research\research-experiments\industrial-anomaly-detection\data\mvtec_ad\grid\test\metal_contamination\007.png,2,layer3,0.75,0,1,59.433868408203125,44.66073226928711,5.304856858649605,2.784832189171762,D:\Research\research-experiments\industrial-anomaly-detection\data\mvtec_ad\grid\ground_truth\metal_contamination\007_mask.png,1976,0.00188446044921875,-6.274113202235363
grid,metal_contamination,D:\Research\research-experiments\industrial-anomaly-detection\data\mvtec_ad\grid\test\metal_contamination\008.png,2,layer3,0.75,0,1,67.42426300048828,44.66073226928711,5.304856858649605,4.291073508248405,D:\Research\research-experiments\industrial-anomaly-detection\data\mvtec_ad\grid\ground_truth\metal_contamination\008_mask.png,4243,0.004046440124511719,-5.509917518865808
grid,metal_contamination,D:\Research\research-experiments\industrial-anomaly-detection\data\mvtec_ad\grid\test\metal_contamination\009.png,2,layer3,0.75,0,1,46.884334564208984,44.66073226928711,5.304856858649605,0.41916348624869615,D:\Research\research-experiments\industrial-anomaly-detection\data\mvtec_ad\grid\ground_truth\metal_contamination\009_mask.png,4249,0.004052162170410156,-5.508504424302294
grid,metal_contamination,D:\Research\research-experiments\industrial-anomaly-detection\data\mvtec_ad\grid\test\metal_contamination\010.png,2,layer3,0.75,0,1,58.9193229675293,44.66073226928711,5.304856858649605,2.687837029003612,D:\Research\research-experiments\industrial-anomaly-detection\data\mvtec_ad\grid\ground_truth\metal_contamination\010_mask.png,5163,0.004923820495605469,-5.313670323224953
grid,thread,D:\Research\research-experiments\industrial-anomaly-detection\data\mvtec_ad\grid\test\thread\000.png,2,layer3,0.75,0,1,62.18254852294922,44.66073226928711,5.304856858649605,3.302976257520063,D:\Research\research-experiments\industrial-anomaly-detection\data\mvtec_ad\grid\ground_truth\thread\000_mask.png,7354,0.0070133209228515625,-4.9599438067518955
grid,thread,D:\Research\research-experiments\industrial-anomaly-detection\data\mvtec_ad\grid\test\thread\001.png,2,layer3,0.75,0,1,85.80165100097656,44.66073226928711,5.304856858649605,7.755330601354287,D:\Research\research-experiments\industrial-anomaly-detection\data\mvtec_ad\grid\ground_truth\thread\001_mask.png,14256,0.0135955810546875,-4.298010387935007
grid,thread,D:\Research\research-experiments\industrial-anomaly-detection\data\mvtec_ad\grid\test\thread\002.png,2,layer3,0.75,0,1,44.97526550292969,44.66073226928711,5.304856858649605,0.05929155904173542,D:\Research\research-experiments\industrial-anomaly-detection\data\mvtec_ad\grid\ground_truth\thread\002_mask.png,15995,0.015254020690917969,-4.182912093258803
grid,thread,D:\Research\research-experiments\industrial-anomaly-detection\data\mvtec_ad\grid\test\thread\003.png,2,layer3,0.75,0,1,42.650474548339844,44.66073226928711,5.304856858649605,-0.378946647291628,D:\Research\research-experiments\industrial-anomaly-detection\data\mvtec_ad\grid\ground_truth\thread\003_mask.png,18349,0.01749897003173828,-4.045613197967734
grid,thread,D:\Research\research-experiments\industrial-anomaly-detection\data\mvtec_ad\grid\test\thread\004.png,2,layer3,0.75,0,1,53.60285568237305,44.66073226928711,5.304856858649605,1.6856483881380786,D:\Research\research-experiments\industrial-anomaly-detection\data\mvtec_ad\grid\ground_truth\thread\004_mask.png,32883,0.03135967254638672,-3.4622324934269857
grid,thread,D:\Research\research-experiments\industrial-anomaly-detection\data\mvtec_ad\grid\test\thread\005.png,2,layer3,0.75,0,1,79.00736999511719,44.66073226928711,5.304856858649605,6.474564468186856,D:\Research\research-experiments\industrial-anomaly-detection\data\mvtec_ad\grid\ground_truth\thread\005_mask.png,15724,0.014995574951171875,-4.2000000579708185
grid,thread,D:\Research\research-experiments\industrial-anomaly-detection\data\mvtec_ad\grid\test\thread\006.png,2,layer3,0.75,0,1,55.02279281616211,44.66073226928711,5.304856858649605,1.9533157676025867,D:\Research\research-experiments\industrial-anomaly-detection\data\mvtec_ad\grid\ground_truth\thread\006_mask.png,16043,0.015299797058105469,-4.179915649487488
grid,thread,D:\Research\research-experiments\industrial-anomaly-detection\data\mvtec_ad\grid\test\thread\007.png,2,layer3,0.75,0,1,46.26519012451172,44.66073226928711,5.304856858649605,0.3024507348597974,D:\Research\research-experiments\industrial-anomaly-detection\data\mvtec_ad\grid\ground_truth\thread\007_mask.png,33899,0.03232860565185547,-3.431802785858171
grid,thread,D:\Research\research-experiments\industrial-anomaly-detection\data\mvtec_ad\grid\test\thread\008.png,2,layer3,0.75,0,1,52.597652435302734,44.66073226928711,5.304856858649605,1.4961610421352696,D:\Research\research-experiments\industrial-anomaly-detection\data\mvtec_ad\grid\ground_truth\thread\008_mask.png,37555,0.03581523895263672,-3.3293817791577185
grid,thread,D:\Research\research-experiments\industrial-anomaly-detection\data\mvtec_ad\grid\test\thread\009.png,2,layer3,0.75,0,1,51.52445983886719,44.66073226928711,5.304856858649605,1.2938572618389739,D:\Research\research-experiments\industrial-anomaly-detection\data\mvtec_ad\grid\ground_truth\thread\009_mask.png,16580,0.015811920166015625,-4.146991119266197
grid,thread,D:\Research\research-experiments\industrial-anomaly-detection\data\mvtec_ad\grid\test\thread\010.png,2,layer3,0.75,0,1,58.925392150878906,44.66073226928711,5.304856858649605,2.688981109515363,D:\Research\research-experiments\industrial-anomaly-detection\data\mvtec_ad\grid\ground_truth\thread\010_mask.png,25467,0.02428722381591797,-3.7178047946189183
grid,good,D:\Research\research-experiments\industrial-anomaly-detection\data\mvtec_ad\grid\test\good\000.png,2,layer3,1.0,1,0,48.7303581237793,53.690470740908665,6.655583086778513,-0.7452559080785514,,,,
grid,good,D:\Research\research-experiments\industrial-anomaly-detection\data\mvtec_ad\grid\test\good\001.png,2,layer3,1.0,1,0,70.36246490478516,53.690470740908665,6.655583086778513,2.5049637194066188,,,,
grid,good,D:\Research\research-experiments\industrial-anomaly-detection\data\mvtec_ad\grid\test\good\002.png,2,layer3,1.0,1,0,46.71445083618164,53.690470740908665,6.655583086778513,-1.048145566477123,,,,
grid,good,D:\Research\research-experiments\industrial-anomaly-detection\data\mvtec_ad\grid\test\good\003.png,2,layer3,1.0,1,0,51.09516525268555,53.690470740908665,6.655583086778513,-0.38994411975394905,,,,
grid,good,D:\Research\research-experiments\industrial-anomaly-detection\data\mvtec_ad\grid\test\good\004.png,2,layer3,1.0,1,0,68.49368286132812,53.690470740908665,6.655583086778513,2.224179598903426,,,,
grid,good,D:\Research\research-experiments\industrial-anomaly-detection\data\mvtec_ad\grid\test\good\005.png,2,layer3,1.0,1,0,58.66769027709961,53.690470740908665,6.655583086778513,0.7478262191750439,,,,
grid,good,D:\Research\research-experiments\industrial-anomaly-detection\data\mvtec_ad\grid\test\good\006.png,2,layer3,1.0,1,0,55.999717712402344,53.690470740908665,6.655583086778513,0.34696388601639677,,,,
grid,good,D:\Research\research-experiments\industrial-anomaly-detection\data\mvtec_ad\grid\test\good\007.png,2,layer3,1.0,1,0,50.46697998046875,53.690470740908665,6.655583086778513,-0.48432882865566845,,,,
grid,good,D:\Research\research-experiments\industrial-anomaly-detection\data\mvtec_ad\grid\test\good\008.png,2,layer3,1.0,1,0,52.88497543334961,53.690470740908665,6.655583086778513,-0.12102550551268651,,,,
grid,good,D:\Research\research-experiments\industrial-anomaly-detection\data\mvtec_ad\grid\test\good\009.png,2,layer3,1.0,1,0,48.713802337646484,53.690470740908665,6.655583086778513,-0.7477434115650153,,,,
grid,good,D:\Research\research-experiments\industrial-anomaly-detection\data\mvtec_ad\grid\test\good\010.png,2,layer3,1.0,1,0,50.35984802246094,53.690470740908665,6.655583086778513,-0.5004253834745291,,,,
grid,good,D:\Research\research-experiments\industrial-anomaly-detection\data\mvtec_ad\grid\test\good\011.png,2,layer3,1.0,1,0,48.56110382080078,53.690470740908665,6.655583086778513,-0.7706863325465056,,,,
grid,good,D:\Research\research-experiments\industrial-anomaly-detection\data\mvtec_ad\grid\test\good\012.png,2,layer3,1.0,1,0,54.63378143310547,53.690470740908665,6.655583086778513,0.1417322389184374,,,,
grid,good,D:\Research\research-experiments\industrial-anomaly-detection\data\mvtec_ad\grid\test\good\013.png,2,layer3,1.0,1,0,49.706180572509766,53.690470740908665,6.655583086778513,-0.5986387843784559,,,,
grid,good,D:\Research\research-experiments\industrial-anomaly-detection\data\mvtec_ad\grid\test\good\014.png,2,layer3,1.0,1,0,47.7763557434082,53.690470740908665,6.655583086778513,-0.8885945709623855,,,,
grid,good,D:\Research\research-experiments\industrial-anomaly-detection\data\mvtec_ad\grid\test\good\015.png,2,layer3,1.0,1,0,53.63441848754883,53.690470740908665,6.655583086778513,-0.008421839623816967,,,,
grid,good,D:\Research\research-experiments\industrial-anomaly-detection\data\mvtec_ad\grid\test\good\016.png,2,layer3,1.0,1,0,61.17652893066406,53.690470740908665,6.655583086778513,1.1247787146743977,,,,
grid,good,D:\Research\research-experiments\industrial-anomaly-detection\data\mvtec_ad\grid\test\good\017.png,2,layer3,1.0,1,0,57.36985397338867,53.690470740908665,6.655583086778513,0.5528265795057379,,,,
grid,good,D:\Research\research-experiments\industrial-anomaly-detection\data\mvtec_ad\grid\test\good\018.png,2,layer3,1.0,1,0,56.730873107910156,53.690470740908665,6.655583086778513,0.4568198349204487,,,,
grid,good,D:\Research\research-experiments\industrial-anomaly-detection\data\mvtec_ad\grid\test\good\019.png,2,layer3,1.0,1,0,49.02360534667969,53.690470740908665,6.655583086778513,-0.7011955727064434,,,,
grid,good,D:\Research\research-experiments\industrial-anomaly-detection\data\mvtec_ad\grid\test\good\020.png,2,layer3,1.0,1,0,46.398048400878906,53.690470740908665,6.655583086778513,-1.0956849677853686,,,,
grid,bent,D:\Research\research-experiments\industrial-anomaly-detection\data\mvtec_ad\grid\test\bent\000.png,2,layer3,1.0,0,1,60.158695220947266,53.690470740908665,6.655583086778513,0.9718494075880285,D:\Research\research-experiments\industrial-anomaly-detection\data\mvtec_ad\grid\ground_truth\bent\000_mask.png,5460,0.005207061767578125,-5.257739350413088
grid,bent,D:\Research\research-experiments\industrial-anomaly-detection\data\mvtec_ad\grid\test\bent\001.png,2,layer3,1.0,0,1,72.9307632446289,53.690470740908665,6.655583086778513,2.890850020630285,D:\Research\research-experiments\industrial-anomaly-detection\data\mvtec_ad\grid\ground_truth\bent\001_mask.png,4554,0.0043430328369140625,-5.439182134321405
grid,bent,D:\Research\research-experiments\industrial-anomaly-detection\data\mvtec_ad\grid\test\bent\002.png,2,layer3,1.0,0,1,56.65058517456055,53.690470740908665,6.655583086778513,0.44475658932606893,D:\Research\research-experiments\industrial-anomaly-detection\data\mvtec_ad\grid\ground_truth\bent\002_mask.png,4315,0.004115104675292969,-5.493090764674223
grid,bent,D:\Research\research-experiments\industrial-anomaly-detection\data\mvtec_ad\grid\test\bent\003.png,2,layer3,1.0,0,1,77.12459564208984,53.690470740908665,6.655583086778513,3.5209724821456545,D:\Research\research-experiments\industrial-anomaly-detection\data\mvtec_ad\grid\ground_truth\bent\003_mask.png,7860,0.007495880126953125,-4.893401592369047
grid,bent,D:\Research\research-experiments\industrial-anomaly-detection\data\mvtec_ad\grid\test\bent\004.png,2,layer3,1.0,0,1,61.87389373779297,53.690470740908665,6.655583086778513,1.2295576345731276,D:\Research\research-experiments\industrial-anomaly-detection\data\mvtec_ad\grid\ground_truth\bent\004_mask.png,8709,0.008305549621582031,-4.79083123810475
grid,bent,D:\Research\research-experiments\industrial-anomaly-detection\data\mvtec_ad\grid\test\bent\005.png,2,layer3,1.0,0,1,79.3004379272461,53.690470740908665,6.655583086778513,3.847892341275445,D:\Research\research-experiments\industrial-anomaly-detection\data\mvtec_ad\grid\ground_truth\bent\005_mask.png,14959,0.014266014099121094,-4.249875136727783
grid,bent,D:\Research\research-experiments\industrial-anomaly-detection\data\mvtec_ad\grid\test\bent\006.png,2,layer3,1.0,0,1,69.0507583618164,53.690470740908665,6.655583086778513,2.3078800791205425,D:\Research\research-experiments\industrial-anomaly-detection\data\mvtec_ad\grid\ground_truth\bent\006_mask.png,22629,0.02158069610595703,-3.8359560163394586
grid,bent,D:\Research\research-experiments\industrial-anomaly-detection\data\mvtec_ad\grid\test\bent\007.png,2,layer3,1.0,0,1,62.687129974365234,53.690470740908665,6.655583086778513,1.3517462130896787,D:\Research\research-experiments\industrial-anomaly-detection\data\mvtec_ad\grid\ground_truth\bent\007_mask.png,11967,0.011412620544433594,-4.473035383003099
grid,bent,D:\Research\research-experiments\industrial-anomaly-detection\data\mvtec_ad\grid\test\bent\008.png,2,layer3,1.0,0,1,53.746665954589844,53.690470740908665,6.655583086778513,0.008443319382912,D:\Research\research-experiments\industrial-anomaly-detection\data\mvtec_ad\grid\ground_truth\bent\008_mask.png,6220,0.005931854248046875,-5.1274182568843445
grid,bent,D:\Research\research-experiments\industrial-anomaly-detection\data\mvtec_ad\grid\test\bent\009.png,2,layer3,1.0,0,1,71.89170837402344,53.690470740908665,6.655583086778513,2.734732238452856,D:\Research\research-experiments\industrial-anomaly-detection\data\mvtec_ad\grid\ground_truth\bent\009_mask.png,14468,0.013797760009765625,-4.283248945651388
grid,bent,D:\Research\research-experiments\industrial-anomaly-detection\data\mvtec_ad\grid\test\bent\010.png,2,layer3,1.0,0,1,85.52536010742188,53.690470740908665,6.655583086778513,4.783185627981121,D:\Research\research-experiments\industrial-anomaly-detection\data\mvtec_ad\grid\ground_truth\bent\010_mask.png,19594,0.018686294555664062,-3.9799648817791624
grid,bent,D:\Research\research-experiments\industrial-anomaly-detection\data\mvtec_ad\grid\test\bent\011.png,2,layer3,1.0,0,1,74.43196105957031,53.690470740908665,6.655583086778513,3.1164046858441523,D:\Research\research-experiments\industrial-anomaly-detection\data\mvtec_ad\grid\ground_truth\bent\011_mask.png,15136,0.014434814453125,-4.2381122506302935
grid,broken,D:\Research\research-experiments\industrial-anomaly-detection\data\mvtec_ad\grid\test\broken\000.png,2,layer3,1.0,0,1,72.26322174072266,53.690470740908665,6.655583086778513,2.7905520459521025,D:\Research\research-experiments\industrial-anomaly-detection\data\mvtec_ad\grid\ground_truth\broken\000_mask.png,7428,0.007083892822265625,-4.9499315475609995
grid,broken,D:\Research\research-experiments\industrial-anomaly-detection\data\mvtec_ad\grid\test\broken\001.png,2,layer3,1.0,0,1,89.63993835449219,53.690470740908665,6.655583086778513,5.4014001695806435,D:\Research\research-experiments\industrial-anomaly-detection\data\mvtec_ad\grid\ground_truth\broken\001_mask.png,24376,0.02324676513671875,-3.7615892475166244
grid,broken,D:\Research\research-experiments\industrial-anomaly-detection\data\mvtec_ad\grid\test\broken\002.png,2,layer3,1.0,0,1,66.84911346435547,53.690470740908665,6.655583086778513,1.9770833827597742,D:\Research\research-experiments\industrial-anomaly-detection\data\mvtec_ad\grid\ground_truth\broken\002_mask.png,2682,0.0025577545166015625,-5.968625156389424
grid,broken,D:\Research\research-experiments\industrial-anomaly-detection\data\mvtec_ad\grid\test\broken\003.png,2,layer3,1.0,0,1,84.1984634399414,53.690470740908665,6.655583086778513,4.583819674588339,D:\Research\research-experiments\industrial-anomaly-detection\data\mvtec_ad\grid\ground_truth\broken\003_mask.png,11860,0.011310577392578125,-4.482016850234378
grid,broken,D:\Research\research-experiments\industrial-anomaly-detection\data\mvtec_ad\grid\test\broken\004.png,2,layer3,1.0,0,1,92.4554672241211,53.690470740908665,6.655583086778513,5.824432807430515,D:\Research\research-experiments\industrial-anomaly-detection\data\mvtec_ad\grid\ground_truth\broken\004_mask.png,4616,0.00440216064453125,-5.425659575849818
grid,broken,D:\Research\research-experiments\industrial-anomaly-detection\data\mvtec_ad\grid\test\broken\005.png,2,layer3,1.0,0,1,62.62541580200195,53.690470740908665,6.655583086778513,1.3424736712915184,D:\Research\research-experiments\industrial-anomaly-detection\data\mvtec_ad\grid\ground_truth\broken\005_mask.png,6628,0.006320953369140625,-5.063885074448482
grid,broken,D:\Research\research-experiments\industrial-anomaly-detection\data\mvtec_ad\grid\test\broken\006.png,2,layer3,1.0,0,1,85.67513275146484,53.690470740908665,6.655583086778513,4.80568893717134,D:\Research\research-experiments\industrial-anomaly-detection\data\mvtec_ad\grid\ground_truth\broken\006_mask.png,5489,0.005234718322753906,-5.2524420516167885
grid,broken,D:\Research\research-experiments\industrial-anomaly-detection\data\mvtec_ad\grid\test\broken\007.png,2,layer3,1.0,0,1,72.28475189208984,53.690470740908665,6.655583086778513,2.7937869467994765,D:\Research\research-experiments\industrial-anomaly-detection\data\mvtec_ad\grid\ground_truth\broken\007_mask.png,4852,0.004627227783203125,-5.37579712502287
grid,broken,D:\Research\research-experiments\industrial-anomaly-detection\data\mvtec_ad\grid\test\broken\008.png,2,layer3,1.0,0,1,57.15127182006836,53.690470740908665,6.655583086778513,0.5199846555945886,D:\Research\research-experiments\industrial-anomaly-detection\data\mvtec_ad\grid\ground_truth\broken\008_mask.png,4135,0.003943443298339844,-5.535700750155657
grid,broken,D:\Research\research-experiments\industrial-anomaly-detection\data\mvtec_ad\grid\test\broken\009.png,2,layer3,1.0,0,1,74.99372100830078,53.690470740908665,6.655583086778513,3.2008090034532914,D:\Research\research-experiments\industrial-anomaly-detection\data\mvtec_ad\grid\ground_truth\broken\009_mask.png,6307,0.006014823913574219,-5.113528038279362
grid,broken,D:\Research\research-experiments\industrial-anomaly-detection\data\mvtec_ad\grid\test\broken\010.png,2,layer3,1.0,0,1,80.25086212158203,53.690470740908665,6.655583086778513,3.9906933824380113,D:\Research\research-experiments\industrial-anomaly-detection\data\mvtec_ad\grid\ground_truth\broken\010_mask.png,5170,0.0049304962158203125,-5.31231544087711
grid,broken,D:\Research\research-experiments\industrial-anomaly-detection\data\mvtec_ad\grid\test\broken\011.png,2,layer3,1.0,0,1,64.85405731201172,53.690470740908665,6.655583086778513,1.6773266031761822,D:\Research\research-experiments\industrial-anomaly-detection\data\mvtec_ad\grid\ground_truth\broken\011_mask.png,4002,0.0038166046142578125,-5.5683938340422685
grid,glue,D:\Research\research-experiments\industrial-anomaly-detection\data\mvtec_ad\grid\test\glue\000.png,2,layer3,1.0,0,1,64.90279388427734,53.690470740908665,6.655583086778513,1.6846492632091463,D:\Research\research-experiments\industrial-anomaly-detection\data\mvtec_ad\grid\ground_truth\glue\000_mask.png,5771,0.005503654479980469,-5.2023427747905036
grid,glue,D:\Research\research-experiments\industrial-anomaly-detection\data\mvtec_ad\grid\test\glue\001.png,2,layer3,1.0,0,1,48.952579498291016,53.690470740908665,6.655583086778513,-0.7118671919263682,D:\Research\research-experiments\industrial-anomaly-detection\data\mvtec_ad\grid\ground_truth\glue\001_mask.png,5019,0.004786491394042969,-5.341957412622695
grid,glue,D:\Research\research-experiments\industrial-anomaly-detection\data\mvtec_ad\grid\test\glue\002.png,2,layer3,1.0,0,1,72.34405517578125,53.690470740908665,6.655583086778513,2.802697253066889,D:\Research\research-experiments\industrial-anomaly-detection\data\mvtec_ad\grid\ground_truth\glue\002_mask.png,5399,0.005148887634277344,-5.268974386763931
grid,glue,D:\Research\research-experiments\industrial-anomaly-detection\data\mvtec_ad\grid\test\glue\003.png,2,layer3,1.0,0,1,73.32646942138672,53.690470740908665,6.655583086778513,2.950304792901687,D:\Research\research-experiments\industrial-anomaly-detection\data\mvtec_ad\grid\ground_truth\glue\003_mask.png,4794,0.0045719146728515625,-5.3878229774778585
grid,glue,D:\Research\research-experiments\industrial-anomaly-detection\data\mvtec_ad\grid\test\glue\004.png,2,layer3,1.0,0,1,57.21678924560547,53.690470740908665,6.655583086778513,0.529828635405653,D:\Research\research-experiments\industrial-anomaly-detection\data\mvtec_ad\grid\ground_truth\glue\004_mask.png,7696,0.0073394775390625,-4.914487482603893
grid,glue,D:\Research\research-experiments\industrial-anomaly-detection\data\mvtec_ad\grid\test\glue\005.png,2,layer3,1.0,0,1,72.92192840576172,53.690470740908665,6.655583086778513,2.88952258789419,D:\Research\research-experiments\industrial-anomaly-detection\data\mvtec_ad\grid\ground_truth\glue\005_mask.png,2542,0.0024242401123046875,-6.022236746949199
grid,glue,D:\Research\research-experiments\industrial-anomaly-detection\data\mvtec_ad\grid\test\glue\006.png,2,layer3,1.0,0,1,49.805152893066406,53.690470740908665,6.655583086778513,-0.583768213420781,D:\Research\research-experiments\industrial-anomaly-detection\data\mvtec_ad\grid\ground_truth\glue\006_mask.png,4838,0.0046138763427734375,-5.3786867032914625
grid,glue,D:\Research\research-experiments\industrial-anomaly-detection\data\mvtec_ad\grid\test\glue\007.png,2,layer3,1.0,0,1,52.50539016723633,53.690470740908665,6.655583086778513,-0.17805811425095577,D:\Research\research-experiments\industrial-anomaly-detection\data\mvtec_ad\grid\ground_truth\glue\007_mask.png,5125,0.004887580871582031,-5.321057602592123
grid,glue,D:\Research\research-experiments\industrial-anomaly-detection\data\mvtec_ad\grid\test\glue\008.png,2,layer3,1.0,0,1,50.50905227661133,53.690470740908665,6.655583086778513,-0.4780074747496289,D:\Research\research-experiments\industrial-anomaly-detection\data\mvtec_ad\grid\ground_truth\glue\008_mask.png,2384,0.0022735595703125,-6.086408143174836
grid,glue,D:\Research\research-experiments\industrial-anomaly-detection\data\mvtec_ad\grid\test\glue\009.png,2,layer3,1.0,0,1,69.99564361572266,53.690470740908665,6.655583086778513,2.4498488956143656,D:\Research\research-experiments\industrial-anomaly-detection\data\mvtec_ad\grid\ground_truth\glue\009_mask.png,6548,0.006244659423828125,-5.076028512571058
grid,glue,D:\Research\research-experiments\industrial-anomaly-detection\data\mvtec_ad\grid\test\glue\010.png,2,layer3,1.0,0,1,73.69022369384766,53.690470740908665,6.655583086778513,3.0049587980757106,D:\Research\research-experiments\industrial-anomaly-detection\data\mvtec_ad\grid\ground_truth\glue\010_mask.png,6811,0.006495475769042969,-5.036649226004289
grid,metal_contamination,D:\Research\research-experiments\industrial-anomaly-detection\data\mvtec_ad\grid\test\metal_contamination\000.png,2,layer3,1.0,0,1,74.52938079833984,53.690470740908665,6.655583086778513,3.1310419817052857,D:\Research\research-experiments\industrial-anomaly-detection\data\mvtec_ad\grid\ground_truth\metal_contamination\000_mask.png,2624,0.00250244140625,-5.990488061525251
grid,metal_contamination,D:\Research\research-experiments\industrial-anomaly-detection\data\mvtec_ad\grid\test\metal_contamination\001.png,2,layer3,1.0,0,1,95.63024139404297,53.690470740908665,6.655583086778513,6.301441978306714,D:\Research\research-experiments\industrial-anomaly-detection\data\mvtec_ad\grid\ground_truth\metal_contamination\001_mask.png,7452,0.007106781005859375,-4.946705738766755
grid,metal_contamination,D:\Research\research-experiments\industrial-anomaly-detection\data\mvtec_ad\grid\test\metal_contamination\002.png,2,layer3,1.0,0,1,101.5629653930664,53.690470740908665,6.655583086778513,7.192832547948756,D:\Research\research-experiments\industrial-anomaly-detection\data\mvtec_ad\grid\ground_truth\metal_contamination\002_mask.png,4647,0.004431724548339844,-5.418966256468161
grid,metal_contamination,D:\Research\research-experiments\industrial-anomaly-detection\data\mvtec_ad\grid\test\metal_contamination\003.png,2,layer3,1.0,0,1,73.5003890991211,53.690470740908665,6.655583086778513,2.9764361889742372,D:\Research\research-experiments\industrial-anomaly-detection\data\mvtec_ad\grid\ground_truth\metal_contamination\003_mask.png,8548,0.008152008056640625,-4.809490872090713
grid,metal_contamination,D:\Research\research-experiments\industrial-anomaly-detection\data\mvtec_ad\grid\test\metal_contamination\004.png,2,layer3,1.0,0,1,79.3433837890625,53.690470740908665,6.655583086778513,3.8543449482456325,D:\Research\research-experiments\industrial-anomaly-detection\data\mvtec_ad\grid\ground_truth\metal_contamination\004_mask.png,4391,0.004187583923339844,-5.475631101836033
grid,metal_contamination,D:\Research\research-experiments\industrial-anomaly-detection\data\mvtec_ad\grid\test\metal_contamination\005.png,2,layer3,1.0,0,1,87.94949340820312,53.690470740908665,6.655583086778513,5.147411161518048,D:\Research\research-experiments\industrial-anomaly-detection\data\mvtec_ad\grid\ground_truth\metal_contamination\005_mask.png,4072,0.00388336181640625,-5.551053795459739
grid,metal_contamination,D:\Research\research-experiments\industrial-anomaly-detection\data\mvtec_ad\grid\test\metal_contamination\006.png,2,layer3,1.0,0,1,70.65800476074219,53.690470740908665,6.655583086778513,2.5493685224274283,D:\Research\research-experiments\industrial-anomaly-detection\data\mvtec_ad\grid\ground_truth\metal_contamination\006_mask.png,3131,0.0029859542846679688,-5.813835554971247
grid,metal_contamination,D:\Research\research-experiments\industrial-anomaly-detection\data\mvtec_ad\grid\test\metal_contamination\007.png,2,layer3,1.0,0,1,70.51844787597656,53.690470740908665,6.655583086778513,2.5284001289830047,D:\Research\research-experiments\industrial-anomaly-detection\data\mvtec_ad\grid\ground_truth\metal_contamination\007_mask.png,1976,0.00188446044921875,-6.274113202235363
grid,metal_contamination,D:\Research\research-experiments\industrial-anomaly-detection\data\mvtec_ad\grid\test\metal_contamination\008.png,2,layer3,1.0,0,1,79.8011245727539,53.690470740908665,6.655583086778513,3.9231204075439647,D:\Research\research-experiments\industrial-anomaly-detection\data\mvtec_ad\grid\ground_truth\metal_contamination\008_mask.png,4243,0.004046440124511719,-5.509917518865808
grid,metal_contamination,D:\Research\research-experiments\industrial-anomaly-detection\data\mvtec_ad\grid\test\metal_contamination\009.png,2,layer3,1.0,0,1,54.65428924560547,53.690470740908665,6.655583086778513,0.14481353355973475,D:\Research\research-experiments\industrial-anomaly-detection\data\mvtec_ad\grid\ground_truth\metal_contamination\009_mask.png,4249,0.004052162170410156,-5.508504424302294
grid,metal_contamination,D:\Research\research-experiments\industrial-anomaly-detection\data\mvtec_ad\grid\test\metal_contamination\010.png,2,layer3,1.0,0,1,68.15383911132812,53.690470740908665,6.655583086778513,2.173118144847641,D:\Research\research-experiments\industrial-anomaly-detection\data\mvtec_ad\grid\ground_truth\metal_contamination\010_mask.png,5163,0.004923820495605469,-5.313670323224953
grid,thread,D:\Research\research-experiments\industrial-anomaly-detection\data\mvtec_ad\grid\test\thread\000.png,2,layer3,1.0,0,1,70.7615737915039,53.690470740908665,6.655583086778513,2.5649297481549627,D:\Research\research-experiments\industrial-anomaly-detection\data\mvtec_ad\grid\ground_truth\thread\000_mask.png,7354,0.0070133209228515625,-4.9599438067518955
grid,thread,D:\Research\research-experiments\industrial-anomaly-detection\data\mvtec_ad\grid\test\thread\001.png,2,layer3,1.0,0,1,100.2192153930664,53.690470740908665,6.655583086778513,6.990934384785652,D:\Research\research-experiments\industrial-anomaly-detection\data\mvtec_ad\grid\ground_truth\thread\001_mask.png,14256,0.0135955810546875,-4.298010387935007
grid,thread,D:\Research\research-experiments\industrial-anomaly-detection\data\mvtec_ad\grid\test\thread\002.png,2,layer3,1.0,0,1,52.077186584472656,53.690470740908665,6.655583086778513,-0.24239561514014296,D:\Research\research-experiments\industrial-anomaly-detection\data\mvtec_ad\grid\ground_truth\thread\002_mask.png,15995,0.015254020690917969,-4.182912093258803
grid,thread,D:\Research\research-experiments\industrial-anomaly-detection\data\mvtec_ad\grid\test\thread\003.png,2,layer3,1.0,0,1,52.684234619140625,53.690470740908665,6.655583086778513,-0.15118677186480542,D:\Research\research-experiments\industrial-anomaly-detection\data\mvtec_ad\grid\ground_truth\thread\003_mask.png,18349,0.01749897003173828,-4.045613197967734
grid,thread,D:\Research\research-experiments\industrial-anomaly-detection\data\mvtec_ad\grid\test\thread\004.png,2,layer3,1.0,0,1,59.73367691040039,53.690470740908665,6.655583086778513,0.9079904931991172,D:\Research\research-experiments\industrial-anomaly-detection\data\mvtec_ad\grid\ground_truth\thread\004_mask.png,32883,0.03135967254638672,-3.4622324934269857
grid,thread,D:\Research\research-experiments\industrial-anomaly-detection\data\mvtec_ad\grid\test\thread\005.png,2,layer3,1.0,0,1,92.27059936523438,53.690470740908665,6.655583086778513,5.79665644937498,D:\Research\research-experiments\industrial-anomaly-detection\data\mvtec_ad\grid\ground_truth\thread\005_mask.png,15724,0.014995574951171875,-4.2000000579708185
grid,thread,D:\Research\research-experiments\industrial-anomaly-detection\data\mvtec_ad\grid\test\thread\006.png,2,layer3,1.0,0,1,65.01856994628906,53.690470740908665,6.655583086778513,1.7020445928898336,D:\Research\research-experiments\industrial-anomaly-detection\data\mvtec_ad\grid\ground_truth\thread\006_mask.png,16043,0.015299797058105469,-4.179915649487488
grid,thread,D:\Research\research-experiments\industrial-anomaly-detection\data\mvtec_ad\grid\test\thread\007.png,2,layer3,1.0,0,1,53.313961029052734,53.690470740908665,6.655583086778513,-0.05657050733900044,D:\Research\research-experiments\industrial-anomaly-detection\data\mvtec_ad\grid\ground_truth\thread\007_mask.png,33899,0.03232860565185547,-3.431802785858171
grid,thread,D:\Research\research-experiments\industrial-anomaly-detection\data\mvtec_ad\grid\test\thread\008.png,2,layer3,1.0,0,1,60.876747131347656,53.690470740908665,6.655583086778513,1.0797365605298674,D:\Research\research-experiments\industrial-anomaly-detection\data\mvtec_ad\grid\ground_truth\thread\008_mask.png,37555,0.03581523895263672,-3.3293817791577185
grid,thread,D:\Research\research-experiments\industrial-anomaly-detection\data\mvtec_ad\grid\test\thread\009.png,2,layer3,1.0,0,1,59.870365142822266,53.690470740908665,6.655583086778513,0.9285278722145501,D:\Research\research-experiments\industrial-anomaly-detection\data\mvtec_ad\grid\ground_truth\thread\009_mask.png,16580,0.015811920166015625,-4.146991119266197
grid,thread,D:\Research\research-experiments\industrial-anomaly-detection\data\mvtec_ad\grid\test\thread\010.png,2,layer3,1.0,0,1,69.67506408691406,53.690470740908665,6.655583086778513,2.4016818868596506,D:\Research\research-experiments\industrial-anomaly-detection\data\mvtec_ad\grid\ground_truth\thread\010_mask.png,25467,0.02428722381591797,-3.7178047946189183
