method,category,seed,subset,condition,severity,family,defect_type,image_path,score
M1_uniform,cable,2,val,none,,,good,011.png,28.846424102783203
M1_uniform,cable,2,val,none,,,good,012.png,28.208406448364258
M1_uniform,cable,2,val,none,,,good,015.png,28.9287052154541
M1_uniform,cable,2,val,none,,,good,018.png,28.422700881958008
M1_uniform,cable,2,val,none,,,good,038.png,28.770214080810547
M1_uniform,cable,2,val,none,,,good,050.png,28.135683059692383
M1_uniform,cable,2,val,none,,,good,051.png,28.964162826538086
M1_uniform,cable,2,val,none,,,good,072.png,28.761760711669922
M1_uniform,cable,2,val,none,,,good,074.png,28.430301666259766
M1_uniform,cable,2,val,none,,,good,101.png,28.931734085083008
M1_uniform,cable,2,val,none,,,good,107.png,29.153120040893555
M1_uniform,cable,2,val,none,,,good,111.png,28.78691864013672
M1_uniform,cable,2,val,none,,,good,121.png,28.761215209960938
M1_uniform,cable,2,val,none,,,good,160.png,28.79729652404785
M1_uniform,cable,2,val,none,,,good,167.png,29.419099807739258
M1_uniform,cable,2,val,none,,,good,182.png,28.554582595825195
M1_uniform,cable,2,val,none,,,good,187.png,29.025760650634766
M1_uniform,cable,2,val,none,,,good,189.png,28.612918853759766
M1_uniform,cable,2,val,none,,,good,197.png,28.562747955322266
M1_uniform,cable,2,val,none,,,good,203.png,28.914281845092773
M1_uniform,cable,2,clean_good,none,,,good,/root/autodl-tmp/research-experiments/industrial-anomaly-detection/data/mvtec_ad/cable/test/good/000.png,34.6049919128418
M1_uniform,cable,2,clean_good,none,,,good,/root/autodl-tmp/research-experiments/industrial-anomaly-detection/data/mvtec_ad/cable/test/good/001.png,38.99928665161133
M1_uniform,cable,2,clean_good,none,,,good,/root/autodl-tmp/research-experiments/industrial-anomaly-detection/data/mvtec_ad/cable/test/good/002.png,38.108726501464844
M1_uniform,cable,2,clean_good,none,,,good,/root/autodl-tmp/research-experiments/industrial-anomaly-detection/data/mvtec_ad/cable/test/good/003.png,34.83210754394531
M1_uniform,cable,2,clean_good,none,,,good,/root/autodl-tmp/research-experiments/industrial-anomaly-detection/data/mvtec_ad/cable/test/good/004.png,34.9794921875
M1_uniform,cable,2,clean_good,none,,,good,/root/autodl-tmp/research-experiments/industrial-anomaly-detection/data/mvtec_ad/cable/test/good/005.png,36.361427307128906
M1_uniform,cable,2,clean_good,none,,,good,/root/autodl-tmp/research-experiments/industrial-anomaly-detection/data/mvtec_ad/cable/test/good/006.png,36.05030822753906
M1_uniform,cable,2,clean_good,none,,,good,/root/autodl-tmp/research-experiments/industrial-anomaly-detection/data/mvtec_ad/cable/test/good/007.png,38.215641021728516
M1_uniform,cable,2,clean_good,none,,,good,/root/autodl-tmp/research-experiments/industrial-anomaly-detection/data/mvtec_ad/cable/test/good/008.png,37.446327209472656
M1_uniform,cable,2,clean_good,none,,,good,/root/autodl-tmp/research-experiments/industrial-anomaly-detection/data/mvtec_ad/cable/test/good/009.png,36.41532897949219
M1_uniform,cable,2,clean_good,none,,,good,/root/autodl-tmp/research-experiments/industrial-anomaly-detection/data/mvtec_ad/cable/test/good/010.png,34.387752532958984
M1_uniform,cable,2,clean_good,none,,,good,/root/autodl-tmp/research-experiments/industrial-anomaly-detection/data/mvtec_ad/cable/test/good/011.png,36.70512390136719
M1_uniform,cable,2,clean_good,none,,,good,/root/autodl-tmp/research-experiments/industrial-anomaly-detection/data/mvtec_ad/cable/test/good/012.png,37.66978073120117
M1_uniform,cable,2,clean_good,none,,,good,/root/autodl-tmp/research-experiments/industrial-anomaly-detection/data/mvtec_ad/cable/test/good/013.png,39.947505950927734
M1_uniform,cable,2,clean_good,none,,,good,/root/autodl-tmp/research-experiments/industrial-anomaly-detection/data/mvtec_ad/cable/test/good/014.png,38.67226791381836
M1_uniform,cable,2,clean_good,none,,,good,/root/autodl-tmp/research-experiments/industrial-anomaly-detection/data/mvtec_ad/cable/test/good/015.png,36.786563873291016
M1_uniform,cable,2,clean_good,none,,,good,/root/autodl-tmp/research-experiments/industrial-anomaly-detection/data/mvtec_ad/cable/test/good/016.png,37.33832931518555
M1_uniform,cable,2,clean_good,none,,,good,/root/autodl-tmp/research-experiments/industrial-anomaly-detection/data/mvtec_ad/cable/test/good/017.png,35.36448669433594
M1_uniform,cable,2,clean_good,none,,,good,/root/autodl-tmp/research-experiments/industrial-anomaly-detection/data/mvtec_ad/cable/test/good/018.png,38.93656539916992
M1_uniform,cable,2,clean_good,none,,,good,/root/autodl-tmp/research-experiments/industrial-anomaly-detection/data/mvtec_ad/cable/test/good/019.png,39.352622985839844
M1_uniform,cable,2,clean_good,none,,,good,/root/autodl-tmp/research-experiments/industrial-anomaly-detection/data/mvtec_ad/cable/test/good/020.png,35.84877395629883
M1_uniform,cable,2,clean_good,none,,,good,/root/autodl-tmp/research-experiments/industrial-anomaly-detection/data/mvtec_ad/cable/test/good/021.png,35.96355438232422
M1_uniform,cable,2,clean_good,none,,,good,/root/autodl-tmp/research-experiments/industrial-anomaly-detection/data/mvtec_ad/cable/test/good/022.png,38.1047477722168
M1_uniform,cable,2,clean_good,none,,,good,/root/autodl-tmp/research-experiments/industrial-anomaly-detection/data/mvtec_ad/cable/test/good/023.png,36.02190399169922
M1_uniform,cable,2,clean_good,none,,,good,/root/autodl-tmp/research-experiments/industrial-anomaly-detection/data/mvtec_ad/cable/test/good/024.png,38.14503860473633
M1_uniform,cable,2,clean_good,none,,,good,/root/autodl-tmp/research-experiments/industrial-anomaly-detection/data/mvtec_ad/cable/test/good/025.png,35.50202560424805
M1_uniform,cable,2,clean_good,none,,,good,/root/autodl-tmp/research-experiments/industrial-anomaly-detection/data/mvtec_ad/cable/test/good/026.png,35.220462799072266
M1_uniform,cable,2,clean_good,none,,,good,/root/autodl-tmp/research-experiments/industrial-anomaly-detection/data/mvtec_ad/cable/test/good/027.png,36.91665267944336
M1_uniform,cable,2,clean_good,none,,,good,/root/autodl-tmp/research-experiments/industrial-anomaly-detection/data/mvtec_ad/cable/test/good/028.png,35.557369232177734
M1_uniform,cable,2,clean_good,none,,,good,/root/autodl-tmp/research-experiments/industrial-anomaly-detection/data/mvtec_ad/cable/test/good/029.png,35.659271240234375
M1_uniform,cable,2,clean_good,none,,,good,/root/autodl-tmp/research-experiments/industrial-anomaly-detection/data/mvtec_ad/cable/test/good/030.png,41.46826171875
M1_uniform,cable,2,clean_good,none,,,good,/root/autodl-tmp/research-experiments/industrial-anomaly-detection/data/mvtec_ad/cable/test/good/031.png,37.06447982788086
M1_uniform,cable,2,clean_good,none,,,good,/root/autodl-tmp/research-experiments/industrial-anomaly-detection/data/mvtec_ad/cable/test/good/032.png,37.162288665771484
M1_uniform,cable,2,clean_good,none,,,good,/root/autodl-tmp/research-experiments/industrial-anomaly-detection/data/mvtec_ad/cable/test/good/033.png,36.44498825073242
M1_uniform,cable,2,clean_good,none,,,good,/root/autodl-tmp/research-experiments/industrial-anomaly-detection/data/mvtec_ad/cable/test/good/034.png,37.50307846069336
M1_uniform,cable,2,clean_good,none,,,good,/root/autodl-tmp/research-experiments/industrial-anomaly-detection/data/mvtec_ad/cable/test/good/035.png,36.02130889892578
M1_uniform,cable,2,clean_good,none,,,good,/root/autodl-tmp/research-experiments/industrial-anomaly-detection/data/mvtec_ad/cable/test/good/036.png,36.423805236816406
M1_uniform,cable,2,clean_good,none,,,good,/root/autodl-tmp/research-experiments/industrial-anomaly-detection/data/mvtec_ad/cable/test/good/037.png,37.39289855957031
M1_uniform,cable,2,clean_good,none,,,good,/root/autodl-tmp/research-experiments/industrial-anomaly-detection/data/mvtec_ad/cable/test/good/038.png,38.091102600097656
M1_uniform,cable,2,clean_good,none,,,good,/root/autodl-tmp/research-experiments/industrial-anomaly-detection/data/mvtec_ad/cable/test/good/039.png,40.96282958984375
M1_uniform,cable,2,clean_good,none,,,good,/root/autodl-tmp/research-experiments/industrial-anomaly-detection/data/mvtec_ad/cable/test/good/040.png,35.15492248535156
M1_uniform,cable,2,clean_good,none,,,good,/root/autodl-tmp/research-experiments/industrial-anomaly-detection/data/mvtec_ad/cable/test/good/041.png,37.976566314697266
M1_uniform,cable,2,clean_good,none,,,good,/root/autodl-tmp/research-experiments/industrial-anomaly-detection/data/mvtec_ad/cable/test/good/042.png,38.161556243896484
M1_uniform,cable,2,clean_good,none,,,good,/root/autodl-tmp/research-experiments/industrial-anomaly-detection/data/mvtec_ad/cable/test/good/043.png,36.85311508178711
M1_uniform,cable,2,clean_good,none,,,good,/root/autodl-tmp/research-experiments/industrial-anomaly-detection/data/mvtec_ad/cable/test/good/044.png,37.51417541503906
M1_uniform,cable,2,clean_good,none,,,good,/root/autodl-tmp/research-experiments/industrial-anomaly-detection/data/mvtec_ad/cable/test/good/045.png,38.04307556152344
M1_uniform,cable,2,clean_good,none,,,good,/root/autodl-tmp/research-experiments/industrial-anomaly-detection/data/mvtec_ad/cable/test/good/046.png,36.1596794128418
M1_uniform,cable,2,clean_good,none,,,good,/root/autodl-tmp/research-experiments/industrial-anomaly-detection/data/mvtec_ad/cable/test/good/047.png,36.41699981689453
M1_uniform,cable,2,clean_good,none,,,good,/root/autodl-tmp/research-experiments/industrial-anomaly-detection/data/mvtec_ad/cable/test/good/048.png,37.83879089355469
M1_uniform,cable,2,clean_good,none,,,good,/root/autodl-tmp/research-experiments/industrial-anomaly-detection/data/mvtec_ad/cable/test/good/049.png,37.1286735534668
M1_uniform,cable,2,clean_good,none,,,good,/root/autodl-tmp/research-experiments/industrial-anomaly-detection/data/mvtec_ad/cable/test/good/050.png,36.8974723815918
M1_uniform,cable,2,clean_good,none,,,good,/root/autodl-tmp/research-experiments/industrial-anomaly-detection/data/mvtec_ad/cable/test/good/051.png,38.2034912109375
M1_uniform,cable,2,clean_good,none,,,good,/root/autodl-tmp/research-experiments/industrial-anomaly-detection/data/mvtec_ad/cable/test/good/052.png,35.4560546875
M1_uniform,cable,2,clean_good,none,,,good,/root/autodl-tmp/research-experiments/industrial-anomaly-detection/data/mvtec_ad/cable/test/good/053.png,36.874046325683594
M1_uniform,cable,2,clean_good,none,,,good,/root/autodl-tmp/research-experiments/industrial-anomaly-detection/data/mvtec_ad/cable/test/good/054.png,36.43692398071289
M1_uniform,cable,2,clean_good,none,,,good,/root/autodl-tmp/research-experiments/industrial-anomaly-detection/data/mvtec_ad/cable/test/good/055.png,39.61905288696289
M1_uniform,cable,2,clean_good,none,,,good,/root/autodl-tmp/research-experiments/industrial-anomaly-detection/data/mvtec_ad/cable/test/good/056.png,36.7681770324707
M1_uniform,cable,2,clean_good,none,,,good,/root/autodl-tmp/research-experiments/industrial-anomaly-detection/data/mvtec_ad/cable/test/good/057.png,45.24432373046875
M1_uniform,cable,2,clean_defect,none,,,bent_wire,/root/autodl-tmp/research-experiments/industrial-anomaly-detection/data/mvtec_ad/cable/test/bent_wire/000.png,56.70219039916992
M1_uniform,cable,2,clean_defect,none,,,bent_wire,/root/autodl-tmp/research-experiments/industrial-anomaly-detection/data/mvtec_ad/cable/test/bent_wire/001.png,60.31052780151367
M1_uniform,cable,2,clean_defect,none,,,bent_wire,/root/autodl-tmp/research-experiments/industrial-anomaly-detection/data/mvtec_ad/cable/test/bent_wire/002.png,62.578346252441406
M1_uniform,cable,2,clean_defect,none,,,bent_wire,/root/autodl-tmp/research-experiments/industrial-anomaly-detection/data/mvtec_ad/cable/test/bent_wire/003.png,57.30059814453125
M1_uniform,cable,2,clean_defect,none,,,bent_wire,/root/autodl-tmp/research-experiments/industrial-anomaly-detection/data/mvtec_ad/cable/test/bent_wire/004.png,62.37015151977539
M1_uniform,cable,2,clean_defect,none,,,bent_wire,/root/autodl-tmp/research-experiments/industrial-anomaly-detection/data/mvtec_ad/cable/test/bent_wire/005.png,61.876556396484375
M1_uniform,cable,2,clean_defect,none,,,bent_wire,/root/autodl-tmp/research-experiments/industrial-anomaly-detection/data/mvtec_ad/cable/test/bent_wire/006.png,58.8497314453125
M1_uniform,cable,2,clean_defect,none,,,bent_wire,/root/autodl-tmp/research-experiments/industrial-anomaly-detection/data/mvtec_ad/cable/test/bent_wire/007.png,58.66716384887695
M1_uniform,cable,2,clean_defect,none,,,bent_wire,/root/autodl-tmp/research-experiments/industrial-anomaly-detection/data/mvtec_ad/cable/test/bent_wire/008.png,48.86542892456055
M1_uniform,cable,2,clean_defect,none,,,bent_wire,/root/autodl-tmp/research-experiments/industrial-anomaly-detection/data/mvtec_ad/cable/test/bent_wire/009.png,66.26566314697266
M1_uniform,cable,2,clean_defect,none,,,bent_wire,/root/autodl-tmp/research-experiments/industrial-anomaly-detection/data/mvtec_ad/cable/test/bent_wire/010.png,59.432254791259766
M1_uniform,cable,2,clean_defect,none,,,bent_wire,/root/autodl-tmp/research-experiments/industrial-anomaly-detection/data/mvtec_ad/cable/test/bent_wire/011.png,68.6595230102539
M1_uniform,cable,2,clean_defect,none,,,bent_wire,/root/autodl-tmp/research-experiments/industrial-anomaly-detection/data/mvtec_ad/cable/test/bent_wire/012.png,58.41179656982422
M1_uniform,cable,2,clean_defect,none,,,cable_swap,/root/autodl-tmp/research-experiments/industrial-anomaly-detection/data/mvtec_ad/cable/test/cable_swap/000.png,40.923797607421875
M1_uniform,cable,2,clean_defect,none,,,cable_swap,/root/autodl-tmp/research-experiments/industrial-anomaly-detection/data/mvtec_ad/cable/test/cable_swap/001.png,43.005672454833984
M1_uniform,cable,2,clean_defect,none,,,cable_swap,/root/autodl-tmp/research-experiments/industrial-anomaly-detection/data/mvtec_ad/cable/test/cable_swap/002.png,42.39804458618164
M1_uniform,cable,2,clean_defect,none,,,cable_swap,/root/autodl-tmp/research-experiments/industrial-anomaly-detection/data/mvtec_ad/cable/test/cable_swap/003.png,40.879825592041016
M1_uniform,cable,2,clean_defect,none,,,cable_swap,/root/autodl-tmp/research-experiments/industrial-anomaly-detection/data/mvtec_ad/cable/test/cable_swap/004.png,40.87744140625
M1_uniform,cable,2,clean_defect,none,,,cable_swap,/root/autodl-tmp/research-experiments/industrial-anomaly-detection/data/mvtec_ad/cable/test/cable_swap/005.png,40.862552642822266
M1_uniform,cable,2,clean_defect,none,,,cable_swap,/root/autodl-tmp/research-experiments/industrial-anomaly-detection/data/mvtec_ad/cable/test/cable_swap/006.png,37.68244552612305
M1_uniform,cable,2,clean_defect,none,,,cable_swap,/root/autodl-tmp/research-experiments/industrial-anomaly-detection/data/mvtec_ad/cable/test/cable_swap/007.png,40.64970779418945
M1_uniform,cable,2,clean_defect,none,,,cable_swap,/root/autodl-tmp/research-experiments/industrial-anomaly-detection/data/mvtec_ad/cable/test/cable_swap/008.png,42.40461349487305
M1_uniform,cable,2,clean_defect,none,,,cable_swap,/root/autodl-tmp/research-experiments/industrial-anomaly-detection/data/mvtec_ad/cable/test/cable_swap/009.png,42.42615509033203
M1_uniform,cable,2,clean_defect,none,,,cable_swap,/root/autodl-tmp/research-experiments/industrial-anomaly-detection/data/mvtec_ad/cable/test/cable_swap/010.png,40.1942138671875
M1_uniform,cable,2,clean_defect,none,,,cable_swap,/root/autodl-tmp/research-experiments/industrial-anomaly-detection/data/mvtec_ad/cable/test/cable_swap/011.png,41.18511962890625
M1_uniform,cable,2,clean_defect,none,,,combined,/root/autodl-tmp/research-experiments/industrial-anomaly-detection/data/mvtec_ad/cable/test/combined/000.png,63.206092834472656
M1_uniform,cable,2,clean_defect,none,,,combined,/root/autodl-tmp/research-experiments/industrial-anomaly-detection/data/mvtec_ad/cable/test/combined/001.png,60.32959747314453
M1_uniform,cable,2,clean_defect,none,,,combined,/root/autodl-tmp/research-experiments/industrial-anomaly-detection/data/mvtec_ad/cable/test/combined/002.png,53.484256744384766
M1_uniform,cable,2,clean_defect,none,,,combined,/root/autodl-tmp/research-experiments/industrial-anomaly-detection/data/mvtec_ad/cable/test/combined/003.png,56.11467361450195
M1_uniform,cable,2,clean_defect,none,,,combined,/root/autodl-tmp/research-experiments/industrial-anomaly-detection/data/mvtec_ad/cable/test/combined/004.png,49.771114349365234
M1_uniform,cable,2,clean_defect,none,,,combined,/root/autodl-tmp/research-experiments/industrial-anomaly-detection/data/mvtec_ad/cable/test/combined/005.png,59.94672393798828
M1_uniform,cable,2,clean_defect,none,,,combined,/root/autodl-tmp/research-experiments/industrial-anomaly-detection/data/mvtec_ad/cable/test/combined/006.png,59.22318649291992
M1_uniform,cable,2,clean_defect,none,,,combined,/root/autodl-tmp/research-experiments/industrial-anomaly-detection/data/mvtec_ad/cable/test/combined/007.png,51.68109893798828
M1_uniform,cable,2,clean_defect,none,,,combined,/root/autodl-tmp/research-experiments/industrial-anomaly-detection/data/mvtec_ad/cable/test/combined/008.png,68.0484390258789
M1_uniform,cable,2,clean_defect,none,,,combined,/root/autodl-tmp/research-experiments/industrial-anomaly-detection/data/mvtec_ad/cable/test/combined/009.png,48.10526657104492
M1_uniform,cable,2,clean_defect,none,,,combined,/root/autodl-tmp/research-experiments/industrial-anomaly-detection/data/mvtec_ad/cable/test/combined/010.png,59.06663131713867
M1_uniform,cable,2,clean_defect,none,,,cut_inner_insulation,/root/autodl-tmp/research-experiments/industrial-anomaly-detection/data/mvtec_ad/cable/test/cut_inner_insulation/000.png,44.6967887878418
M1_uniform,cable,2,clean_defect,none,,,cut_inner_insulation,/root/autodl-tmp/research-experiments/industrial-anomaly-detection/data/mvtec_ad/cable/test/cut_inner_insulation/001.png,50.53427505493164
M1_uniform,cable,2,clean_defect,none,,,cut_inner_insulation,/root/autodl-tmp/research-experiments/industrial-anomaly-detection/data/mvtec_ad/cable/test/cut_inner_insulation/002.png,44.136966705322266
M1_uniform,cable,2,clean_defect,none,,,cut_inner_insulation,/root/autodl-tmp/research-experiments/industrial-anomaly-detection/data/mvtec_ad/cable/test/cut_inner_insulation/003.png,49.70000076293945
M1_uniform,cable,2,clean_defect,none,,,cut_inner_insulation,/root/autodl-tmp/research-experiments/industrial-anomaly-detection/data/mvtec_ad/cable/test/cut_inner_insulation/004.png,55.95304489135742
M1_uniform,cable,2,clean_defect,none,,,cut_inner_insulation,/root/autodl-tmp/research-experiments/industrial-anomaly-detection/data/mvtec_ad/cable/test/cut_inner_insulation/005.png,47.40571975708008
M1_uniform,cable,2,clean_defect,none,,,cut_inner_insulation,/root/autodl-tmp/research-experiments/industrial-anomaly-detection/data/mvtec_ad/cable/test/cut_inner_insulation/006.png,45.8696403503418
M1_uniform,cable,2,clean_defect,none,,,cut_inner_insulation,/root/autodl-tmp/research-experiments/industrial-anomaly-detection/data/mvtec_ad/cable/test/cut_inner_insulation/007.png,51.57630920410156
M1_uniform,cable,2,clean_defect,none,,,cut_inner_insulation,/root/autodl-tmp/research-experiments/industrial-anomaly-detection/data/mvtec_ad/cable/test/cut_inner_insulation/008.png,42.37236022949219
M1_uniform,cable,2,clean_defect,none,,,cut_inner_insulation,/root/autodl-tmp/research-experiments/industrial-anomaly-detection/data/mvtec_ad/cable/test/cut_inner_insulation/009.png,47.496803283691406
M1_uniform,cable,2,clean_defect,none,,,cut_inner_insulation,/root/autodl-tmp/research-experiments/industrial-anomaly-detection/data/mvtec_ad/cable/test/cut_inner_insulation/010.png,51.332130432128906
M1_uniform,cable,2,clean_defect,none,,,cut_inner_insulation,/root/autodl-tmp/research-experiments/industrial-anomaly-detection/data/mvtec_ad/cable/test/cut_inner_insulation/011.png,53.735206604003906
M1_uniform,cable,2,clean_defect,none,,,cut_inner_insulation,/root/autodl-tmp/research-experiments/industrial-anomaly-detection/data/mvtec_ad/cable/test/cut_inner_insulation/012.png,45.91554260253906
M1_uniform,cable,2,clean_defect,none,,,cut_inner_insulation,/root/autodl-tmp/research-experiments/industrial-anomaly-detection/data/mvtec_ad/cable/test/cut_inner_insulation/013.png,53.21337890625
M1_uniform,cable,2,clean_defect,none,,,cut_outer_insulation,/root/autodl-tmp/research-experiments/industrial-anomaly-detection/data/mvtec_ad/cable/test/cut_outer_insulation/000.png,53.05592346191406
M1_uniform,cable,2,clean_defect,none,,,cut_outer_insulation,/root/autodl-tmp/research-experiments/industrial-anomaly-detection/data/mvtec_ad/cable/test/cut_outer_insulation/001.png,52.03620529174805
M1_uniform,cable,2,clean_defect,none,,,cut_outer_insulation,/root/autodl-tmp/research-experiments/industrial-anomaly-detection/data/mvtec_ad/cable/test/cut_outer_insulation/002.png,47.518043518066406
M1_uniform,cable,2,clean_defect,none,,,cut_outer_insulation,/root/autodl-tmp/research-experiments/industrial-anomaly-detection/data/mvtec_ad/cable/test/cut_outer_insulation/003.png,43.34347915649414
M1_uniform,cable,2,clean_defect,none,,,cut_outer_insulation,/root/autodl-tmp/research-experiments/industrial-anomaly-detection/data/mvtec_ad/cable/test/cut_outer_insulation/004.png,44.27171325683594
M1_uniform,cable,2,clean_defect,none,,,cut_outer_insulation,/root/autodl-tmp/research-experiments/industrial-anomaly-detection/data/mvtec_ad/cable/test/cut_outer_insulation/005.png,53.84244155883789
M1_uniform,cable,2,clean_defect,none,,,cut_outer_insulation,/root/autodl-tmp/research-experiments/industrial-anomaly-detection/data/mvtec_ad/cable/test/cut_outer_insulation/006.png,50.08145523071289
M1_uniform,cable,2,clean_defect,none,,,cut_outer_insulation,/root/autodl-tmp/research-experiments/industrial-anomaly-detection/data/mvtec_ad/cable/test/cut_outer_insulation/007.png,46.03794479370117
M1_uniform,cable,2,clean_defect,none,,,cut_outer_insulation,/root/autodl-tmp/research-experiments/industrial-anomaly-detection/data/mvtec_ad/cable/test/cut_outer_insulation/008.png,43.12614822387695
M1_uniform,cable,2,clean_defect,none,,,cut_outer_insulation,/root/autodl-tmp/research-experiments/industrial-anomaly-detection/data/mvtec_ad/cable/test/cut_outer_insulation/009.png,47.115501403808594
M1_uniform,cable,2,clean_defect,none,,,missing_cable,/root/autodl-tmp/research-experiments/industrial-anomaly-detection/data/mvtec_ad/cable/test/missing_cable/000.png,59.601863861083984
M1_uniform,cable,2,clean_defect,none,,,missing_cable,/root/autodl-tmp/research-experiments/industrial-anomaly-detection/data/mvtec_ad/cable/test/missing_cable/001.png,58.611576080322266
M1_uniform,cable,2,clean_defect,none,,,missing_cable,/root/autodl-tmp/research-experiments/industrial-anomaly-detection/data/mvtec_ad/cable/test/missing_cable/002.png,59.78781509399414
M1_uniform,cable,2,clean_defect,none,,,missing_cable,/root/autodl-tmp/research-experiments/industrial-anomaly-detection/data/mvtec_ad/cable/test/missing_cable/003.png,59.483154296875
M1_uniform,cable,2,clean_defect,none,,,missing_cable,/root/autodl-tmp/research-experiments/industrial-anomaly-detection/data/mvtec_ad/cable/test/missing_cable/004.png,57.41712188720703
M1_uniform,cable,2,clean_defect,none,,,missing_cable,/root/autodl-tmp/research-experiments/industrial-anomaly-detection/data/mvtec_ad/cable/test/missing_cable/005.png,61.68269729614258
M1_uniform,cable,2,clean_defect,none,,,missing_cable,/root/autodl-tmp/research-experiments/industrial-anomaly-detection/data/mvtec_ad/cable/test/missing_cable/006.png,56.23554229736328
M1_uniform,cable,2,clean_defect,none,,,missing_cable,/root/autodl-tmp/research-experiments/industrial-anomaly-detection/data/mvtec_ad/cable/test/missing_cable/007.png,57.619869232177734
M1_uniform,cable,2,clean_defect,none,,,missing_cable,/root/autodl-tmp/research-experiments/industrial-anomaly-detection/data/mvtec_ad/cable/test/missing_cable/008.png,56.717430114746094
M1_uniform,cable,2,clean_defect,none,,,missing_cable,/root/autodl-tmp/research-experiments/industrial-anomaly-detection/data/mvtec_ad/cable/test/missing_cable/009.png,57.00993728637695
M1_uniform,cable,2,clean_defect,none,,,missing_cable,/root/autodl-tmp/research-experiments/industrial-anomaly-detection/data/mvtec_ad/cable/test/missing_cable/010.png,60.604759216308594
M1_uniform,cable,2,clean_defect,none,,,missing_cable,/root/autodl-tmp/research-experiments/industrial-anomaly-detection/data/mvtec_ad/cable/test/missing_cable/011.png,59.32610321044922
M1_uniform,cable,2,clean_defect,none,,,missing_wire,/root/autodl-tmp/research-experiments/industrial-anomaly-detection/data/mvtec_ad/cable/test/missing_wire/000.png,45.17023468017578
M1_uniform,cable,2,clean_defect,none,,,missing_wire,/root/autodl-tmp/research-experiments/industrial-anomaly-detection/data/mvtec_ad/cable/test/missing_wire/001.png,50.18422317504883
M1_uniform,cable,2,clean_defect,none,,,missing_wire,/root/autodl-tmp/research-experiments/industrial-anomaly-detection/data/mvtec_ad/cable/test/missing_wire/002.png,48.60466384887695
M1_uniform,cable,2,clean_defect,none,,,missing_wire,/root/autodl-tmp/research-experiments/industrial-anomaly-detection/data/mvtec_ad/cable/test/missing_wire/003.png,54.09012985229492
M1_uniform,cable,2,clean_defect,none,,,missing_wire,/root/autodl-tmp/research-experiments/industrial-anomaly-detection/data/mvtec_ad/cable/test/missing_wire/004.png,55.59807586669922
M1_uniform,cable,2,clean_defect,none,,,missing_wire,/root/autodl-tmp/research-experiments/industrial-anomaly-detection/data/mvtec_ad/cable/test/missing_wire/005.png,52.846702575683594
M1_uniform,cable,2,clean_defect,none,,,missing_wire,/root/autodl-tmp/research-experiments/industrial-anomaly-detection/data/mvtec_ad/cable/test/missing_wire/006.png,50.3724250793457
M1_uniform,cable,2,clean_defect,none,,,missing_wire,/root/autodl-tmp/research-experiments/industrial-anomaly-detection/data/mvtec_ad/cable/test/missing_wire/007.png,48.44418716430664
M1_uniform,cable,2,clean_defect,none,,,missing_wire,/root/autodl-tmp/research-experiments/industrial-anomaly-detection/data/mvtec_ad/cable/test/missing_wire/008.png,48.95917510986328
M1_uniform,cable,2,clean_defect,none,,,missing_wire,/root/autodl-tmp/research-experiments/industrial-anomaly-detection/data/mvtec_ad/cable/test/missing_wire/009.png,55.13352966308594
M1_uniform,cable,2,clean_defect,none,,,poke_insulation,/root/autodl-tmp/research-experiments/industrial-anomaly-detection/data/mvtec_ad/cable/test/poke_insulation/000.png,43.57432556152344
M1_uniform,cable,2,clean_defect,none,,,poke_insulation,/root/autodl-tmp/research-experiments/industrial-anomaly-detection/data/mvtec_ad/cable/test/poke_insulation/001.png,46.63511657714844
M1_uniform,cable,2,clean_defect,none,,,poke_insulation,/root/autodl-tmp/research-experiments/industrial-anomaly-detection/data/mvtec_ad/cable/test/poke_insulation/002.png,38.18118667602539
M1_uniform,cable,2,clean_defect,none,,,poke_insulation,/root/autodl-tmp/research-experiments/industrial-anomaly-detection/data/mvtec_ad/cable/test/poke_insulation/003.png,41.74282455444336
M1_uniform,cable,2,clean_defect,none,,,poke_insulation,/root/autodl-tmp/research-experiments/industrial-anomaly-detection/data/mvtec_ad/cable/test/poke_insulation/004.png,41.39462661743164
M1_uniform,cable,2,clean_defect,none,,,poke_insulation,/root/autodl-tmp/research-experiments/industrial-anomaly-detection/data/mvtec_ad/cable/test/poke_insulation/005.png,46.85365676879883
M1_uniform,cable,2,clean_defect,none,,,poke_insulation,/root/autodl-tmp/research-experiments/industrial-anomaly-detection/data/mvtec_ad/cable/test/poke_insulation/006.png,42.10813522338867
M1_uniform,cable,2,clean_defect,none,,,poke_insulation,/root/autodl-tmp/research-experiments/industrial-anomaly-detection/data/mvtec_ad/cable/test/poke_insulation/007.png,42.900184631347656
M1_uniform,cable,2,clean_defect,none,,,poke_insulation,/root/autodl-tmp/research-experiments/industrial-anomaly-detection/data/mvtec_ad/cable/test/poke_insulation/008.png,46.978431701660156
M1_uniform,cable,2,clean_defect,none,,,poke_insulation,/root/autodl-tmp/research-experiments/industrial-anomaly-detection/data/mvtec_ad/cable/test/poke_insulation/009.png,43.28801345825195
M1_uniform,cable,2,shift_good,brightness_0.9,mild,brightness,good,/root/autodl-tmp/research-experiments/industrial-anomaly-detection/data/mvtec_ad/cable/test/good/000.png,34.26631164550781
M1_uniform,cable,2,shift_good,brightness_0.9,mild,brightness,good,/root/autodl-tmp/research-experiments/industrial-anomaly-detection/data/mvtec_ad/cable/test/good/001.png,38.71803665161133
M1_uniform,cable,2,shift_good,brightness_0.9,mild,brightness,good,/root/autodl-tmp/research-experiments/industrial-anomaly-detection/data/mvtec_ad/cable/test/good/002.png,37.723899841308594
M1_uniform,cable,2,shift_good,brightness_0.9,mild,brightness,good,/root/autodl-tmp/research-experiments/industrial-anomaly-detection/data/mvtec_ad/cable/test/good/003.png,34.64270782470703
M1_uniform,cable,2,shift_good,brightness_0.9,mild,brightness,good,/root/autodl-tmp/research-experiments/industrial-anomaly-detection/data/mvtec_ad/cable/test/good/004.png,34.61228561401367
M1_uniform,cable,2,shift_good,brightness_0.9,mild,brightness,good,/root/autodl-tmp/research-experiments/industrial-anomaly-detection/data/mvtec_ad/cable/test/good/005.png,36.0803337097168
M1_uniform,cable,2,shift_good,brightness_0.9,mild,brightness,good,/root/autodl-tmp/research-experiments/industrial-anomaly-detection/data/mvtec_ad/cable/test/good/006.png,36.249141693115234
M1_uniform,cable,2,shift_good,brightness_0.9,mild,brightness,good,/root/autodl-tmp/research-experiments/industrial-anomaly-detection/data/mvtec_ad/cable/test/good/007.png,37.962242126464844
M1_uniform,cable,2,shift_good,brightness_0.9,mild,brightness,good,/root/autodl-tmp/research-experiments/industrial-anomaly-detection/data/mvtec_ad/cable/test/good/008.png,37.019527435302734
M1_uniform,cable,2,shift_good,brightness_0.9,mild,brightness,good,/root/autodl-tmp/research-experiments/industrial-anomaly-detection/data/mvtec_ad/cable/test/good/009.png,35.93715286254883
M1_uniform,cable,2,shift_good,brightness_0.9,mild,brightness,good,/root/autodl-tmp/research-experiments/industrial-anomaly-detection/data/mvtec_ad/cable/test/good/010.png,34.306556701660156
M1_uniform,cable,2,shift_good,brightness_0.9,mild,brightness,good,/root/autodl-tmp/research-experiments/industrial-anomaly-detection/data/mvtec_ad/cable/test/good/011.png,36.783939361572266
M1_uniform,cable,2,shift_good,brightness_0.9,mild,brightness,good,/root/autodl-tmp/research-experiments/industrial-anomaly-detection/data/mvtec_ad/cable/test/good/012.png,37.16055679321289
M1_uniform,cable,2,shift_good,brightness_0.9,mild,brightness,good,/root/autodl-tmp/research-experiments/industrial-anomaly-detection/data/mvtec_ad/cable/test/good/013.png,40.69051742553711
M1_uniform,cable,2,shift_good,brightness_0.9,mild,brightness,good,/root/autodl-tmp/research-experiments/industrial-anomaly-detection/data/mvtec_ad/cable/test/good/014.png,38.54341125488281
M1_uniform,cable,2,shift_good,brightness_0.9,mild,brightness,good,/root/autodl-tmp/research-experiments/industrial-anomaly-detection/data/mvtec_ad/cable/test/good/015.png,36.92609786987305
M1_uniform,cable,2,shift_good,brightness_0.9,mild,brightness,good,/root/autodl-tmp/research-experiments/industrial-anomaly-detection/data/mvtec_ad/cable/test/good/016.png,37.393131256103516
M1_uniform,cable,2,shift_good,brightness_0.9,mild,brightness,good,/root/autodl-tmp/research-experiments/industrial-anomaly-detection/data/mvtec_ad/cable/test/good/017.png,35.36166763305664
M1_uniform,cable,2,shift_good,brightness_0.9,mild,brightness,good,/root/autodl-tmp/research-experiments/industrial-anomaly-detection/data/mvtec_ad/cable/test/good/018.png,38.977882385253906
M1_uniform,cable,2,shift_good,brightness_0.9,mild,brightness,good,/root/autodl-tmp/research-experiments/industrial-anomaly-detection/data/mvtec_ad/cable/test/good/019.png,40.13331604003906
M1_uniform,cable,2,shift_good,brightness_0.9,mild,brightness,good,/root/autodl-tmp/research-experiments/industrial-anomaly-detection/data/mvtec_ad/cable/test/good/020.png,36.1929931640625
M1_uniform,cable,2,shift_good,brightness_0.9,mild,brightness,good,/root/autodl-tmp/research-experiments/industrial-anomaly-detection/data/mvtec_ad/cable/test/good/021.png,36.62093734741211
M1_uniform,cable,2,shift_good,brightness_0.9,mild,brightness,good,/root/autodl-tmp/research-experiments/industrial-anomaly-detection/data/mvtec_ad/cable/test/good/022.png,37.70341110229492
M1_uniform,cable,2,shift_good,brightness_0.9,mild,brightness,good,/root/autodl-tmp/research-experiments/industrial-anomaly-detection/data/mvtec_ad/cable/test/good/023.png,35.89546585083008
M1_uniform,cable,2,shift_good,brightness_0.9,mild,brightness,good,/root/autodl-tmp/research-experiments/industrial-anomaly-detection/data/mvtec_ad/cable/test/good/024.png,38.294334411621094
M1_uniform,cable,2,shift_good,brightness_0.9,mild,brightness,good,/root/autodl-tmp/research-experiments/industrial-anomaly-detection/data/mvtec_ad/cable/test/good/025.png,34.95722579956055
M1_uniform,cable,2,shift_good,brightness_0.9,mild,brightness,good,/root/autodl-tmp/research-experiments/industrial-anomaly-detection/data/mvtec_ad/cable/test/good/026.png,35.19994354248047
M1_uniform,cable,2,shift_good,brightness_0.9,mild,brightness,good,/root/autodl-tmp/research-experiments/industrial-anomaly-detection/data/mvtec_ad/cable/test/good/027.png,36.95830535888672
M1_uniform,cable,2,shift_good,brightness_0.9,mild,brightness,good,/root/autodl-tmp/research-experiments/industrial-anomaly-detection/data/mvtec_ad/cable/test/good/028.png,36.089656829833984
M1_uniform,cable,2,shift_good,brightness_0.9,mild,brightness,good,/root/autodl-tmp/research-experiments/industrial-anomaly-detection/data/mvtec_ad/cable/test/good/029.png,35.52372360229492
M1_uniform,cable,2,shift_good,brightness_0.9,mild,brightness,good,/root/autodl-tmp/research-experiments/industrial-anomaly-detection/data/mvtec_ad/cable/test/good/030.png,41.355709075927734
M1_uniform,cable,2,shift_good,brightness_0.9,mild,brightness,good,/root/autodl-tmp/research-experiments/industrial-anomaly-detection/data/mvtec_ad/cable/test/good/031.png,36.5843505859375
M1_uniform,cable,2,shift_good,brightness_0.9,mild,brightness,good,/root/autodl-tmp/research-experiments/industrial-anomaly-detection/data/mvtec_ad/cable/test/good/032.png,37.17698669433594
M1_uniform,cable,2,shift_good,brightness_0.9,mild,brightness,good,/root/autodl-tmp/research-experiments/industrial-anomaly-detection/data/mvtec_ad/cable/test/good/033.png,36.6458854675293
M1_uniform,cable,2,shift_good,brightness_0.9,mild,brightness,good,/root/autodl-tmp/research-experiments/industrial-anomaly-detection/data/mvtec_ad/cable/test/good/034.png,37.56515884399414
M1_uniform,cable,2,shift_good,brightness_0.9,mild,brightness,good,/root/autodl-tmp/research-experiments/industrial-anomaly-detection/data/mvtec_ad/cable/test/good/035.png,35.64986801147461
M1_uniform,cable,2,shift_good,brightness_0.9,mild,brightness,good,/root/autodl-tmp/research-experiments/industrial-anomaly-detection/data/mvtec_ad/cable/test/good/036.png,36.75535583496094
M1_uniform,cable,2,shift_good,brightness_0.9,mild,brightness,good,/root/autodl-tmp/research-experiments/industrial-anomaly-detection/data/mvtec_ad/cable/test/good/037.png,37.51240921020508
M1_uniform,cable,2,shift_good,brightness_0.9,mild,brightness,good,/root/autodl-tmp/research-experiments/industrial-anomaly-detection/data/mvtec_ad/cable/test/good/038.png,37.72504425048828
M1_uniform,cable,2,shift_good,brightness_0.9,mild,brightness,good,/root/autodl-tmp/research-experiments/industrial-anomaly-detection/data/mvtec_ad/cable/test/good/039.png,41.06947326660156
M1_uniform,cable,2,shift_good,brightness_0.9,mild,brightness,good,/root/autodl-tmp/research-experiments/industrial-anomaly-detection/data/mvtec_ad/cable/test/good/040.png,34.66297149658203
M1_uniform,cable,2,shift_good,brightness_0.9,mild,brightness,good,/root/autodl-tmp/research-experiments/industrial-anomaly-detection/data/mvtec_ad/cable/test/good/041.png,37.72526550292969
M1_uniform,cable,2,shift_good,brightness_0.9,mild,brightness,good,/root/autodl-tmp/research-experiments/industrial-anomaly-detection/data/mvtec_ad/cable/test/good/042.png,39.210323333740234
M1_uniform,cable,2,shift_good,brightness_0.9,mild,brightness,good,/root/autodl-tmp/research-experiments/industrial-anomaly-detection/data/mvtec_ad/cable/test/good/043.png,36.77883529663086
M1_uniform,cable,2,shift_good,brightness_0.9,mild,brightness,good,/root/autodl-tmp/research-experiments/industrial-anomaly-detection/data/mvtec_ad/cable/test/good/044.png,37.31897735595703
M1_uniform,cable,2,shift_good,brightness_0.9,mild,brightness,good,/root/autodl-tmp/research-experiments/industrial-anomaly-detection/data/mvtec_ad/cable/test/good/045.png,38.51498031616211
M1_uniform,cable,2,shift_good,brightness_0.9,mild,brightness,good,/root/autodl-tmp/research-experiments/industrial-anomaly-detection/data/mvtec_ad/cable/test/good/046.png,35.98493576049805
M1_uniform,cable,2,shift_good,brightness_0.9,mild,brightness,good,/root/autodl-tmp/research-experiments/industrial-anomaly-detection/data/mvtec_ad/cable/test/good/047.png,37.2657585144043
M1_uniform,cable,2,shift_good,brightness_0.9,mild,brightness,good,/root/autodl-tmp/research-experiments/industrial-anomaly-detection/data/mvtec_ad/cable/test/good/048.png,37.991363525390625
M1_uniform,cable,2,shift_good,brightness_0.9,mild,brightness,good,/root/autodl-tmp/research-experiments/industrial-anomaly-detection/data/mvtec_ad/cable/test/good/049.png,37.355003356933594
M1_uniform,cable,2,shift_good,brightness_0.9,mild,brightness,good,/root/autodl-tmp/research-experiments/industrial-anomaly-detection/data/mvtec_ad/cable/test/good/050.png,36.72138214111328
M1_uniform,cable,2,shift_good,brightness_0.9,mild,brightness,good,/root/autodl-tmp/research-experiments/industrial-anomaly-detection/data/mvtec_ad/cable/test/good/051.png,38.100341796875
M1_uniform,cable,2,shift_good,brightness_0.9,mild,brightness,good,/root/autodl-tmp/research-experiments/industrial-anomaly-detection/data/mvtec_ad/cable/test/good/052.png,35.283050537109375
M1_uniform,cable,2,shift_good,brightness_0.9,mild,brightness,good,/root/autodl-tmp/research-experiments/industrial-anomaly-detection/data/mvtec_ad/cable/test/good/053.png,36.71330642700195
M1_uniform,cable,2,shift_good,brightness_0.9,mild,brightness,good,/root/autodl-tmp/research-experiments/industrial-anomaly-detection/data/mvtec_ad/cable/test/good/054.png,36.337528228759766
M1_uniform,cable,2,shift_good,brightness_0.9,mild,brightness,good,/root/autodl-tmp/research-experiments/industrial-anomaly-detection/data/mvtec_ad/cable/test/good/055.png,40.10082244873047
M1_uniform,cable,2,shift_good,brightness_0.9,mild,brightness,good,/root/autodl-tmp/research-experiments/industrial-anomaly-detection/data/mvtec_ad/cable/test/good/056.png,36.63298034667969
M1_uniform,cable,2,shift_good,brightness_0.9,mild,brightness,good,/root/autodl-tmp/research-experiments/industrial-anomaly-detection/data/mvtec_ad/cable/test/good/057.png,45.02005386352539
M1_uniform,cable,2,shift_good,brightness_1.1,mild,brightness,good,/root/autodl-tmp/research-experiments/industrial-anomaly-detection/data/mvtec_ad/cable/test/good/000.png,34.32202911376953
M1_uniform,cable,2,shift_good,brightness_1.1,mild,brightness,good,/root/autodl-tmp/research-experiments/industrial-anomaly-detection/data/mvtec_ad/cable/test/good/001.png,38.93201446533203
M1_uniform,cable,2,shift_good,brightness_1.1,mild,brightness,good,/root/autodl-tmp/research-experiments/industrial-anomaly-detection/data/mvtec_ad/cable/test/good/002.png,38.31886291503906
M1_uniform,cable,2,shift_good,brightness_1.1,mild,brightness,good,/root/autodl-tmp/research-experiments/industrial-anomaly-detection/data/mvtec_ad/cable/test/good/003.png,34.93852996826172
M1_uniform,cable,2,shift_good,brightness_1.1,mild,brightness,good,/root/autodl-tmp/research-experiments/industrial-anomaly-detection/data/mvtec_ad/cable/test/good/004.png,35.03850555419922
M1_uniform,cable,2,shift_good,brightness_1.1,mild,brightness,good,/root/autodl-tmp/research-experiments/industrial-anomaly-detection/data/mvtec_ad/cable/test/good/005.png,36.736961364746094
M1_uniform,cable,2,shift_good,brightness_1.1,mild,brightness,good,/root/autodl-tmp/research-experiments/industrial-anomaly-detection/data/mvtec_ad/cable/test/good/006.png,36.02350616455078
M1_uniform,cable,2,shift_good,brightness_1.1,mild,brightness,good,/root/autodl-tmp/research-experiments/industrial-anomaly-detection/data/mvtec_ad/cable/test/good/007.png,38.16293716430664
M1_uniform,cable,2,shift_good,brightness_1.1,mild,brightness,good,/root/autodl-tmp/research-experiments/industrial-anomaly-detection/data/mvtec_ad/cable/test/good/008.png,37.225440979003906
M1_uniform,cable,2,shift_good,brightness_1.1,mild,brightness,good,/root/autodl-tmp/research-experiments/industrial-anomaly-detection/data/mvtec_ad/cable/test/good/009.png,36.256797790527344
M1_uniform,cable,2,shift_good,brightness_1.1,mild,brightness,good,/root/autodl-tmp/research-experiments/industrial-anomaly-detection/data/mvtec_ad/cable/test/good/010.png,34.37966537475586
M1_uniform,cable,2,shift_good,brightness_1.1,mild,brightness,good,/root/autodl-tmp/research-experiments/industrial-anomaly-detection/data/mvtec_ad/cable/test/good/011.png,36.6038703918457
M1_uniform,cable,2,shift_good,brightness_1.1,mild,brightness,good,/root/autodl-tmp/research-experiments/industrial-anomaly-detection/data/mvtec_ad/cable/test/good/012.png,37.995418548583984
M1_uniform,cable,2,shift_good,brightness_1.1,mild,brightness,good,/root/autodl-tmp/research-experiments/industrial-anomaly-detection/data/mvtec_ad/cable/test/good/013.png,39.88279342651367
M1_uniform,cable,2,shift_good,brightness_1.1,mild,brightness,good,/root/autodl-tmp/research-experiments/industrial-anomaly-detection/data/mvtec_ad/cable/test/good/014.png,38.52157211303711
M1_uniform,cable,2,shift_good,brightness_1.1,mild,brightness,good,/root/autodl-tmp/research-experiments/industrial-anomaly-detection/data/mvtec_ad/cable/test/good/015.png,36.767635345458984
M1_uniform,cable,2,shift_good,brightness_1.1,mild,brightness,good,/root/autodl-tmp/research-experiments/industrial-anomaly-detection/data/mvtec_ad/cable/test/good/016.png,37.1632194519043
M1_uniform,cable,2,shift_good,brightness_1.1,mild,brightness,good,/root/autodl-tmp/research-experiments/industrial-anomaly-detection/data/mvtec_ad/cable/test/good/017.png,35.49319839477539
M1_uniform,cable,2,shift_good,brightness_1.1,mild,brightness,good,/root/autodl-tmp/research-experiments/industrial-anomaly-detection/data/mvtec_ad/cable/test/good/018.png,39.2179069519043
M1_uniform,cable,2,shift_good,brightness_1.1,mild,brightness,good,/root/autodl-tmp/research-experiments/industrial-anomaly-detection/data/mvtec_ad/cable/test/good/019.png,39.2779541015625
M1_uniform,cable,2,shift_good,brightness_1.1,mild,brightness,good,/root/autodl-tmp/research-experiments/industrial-anomaly-detection/data/mvtec_ad/cable/test/good/020.png,35.64817810058594
M1_uniform,cable,2,shift_good,brightness_1.1,mild,brightness,good,/root/autodl-tmp/research-experiments/industrial-anomaly-detection/data/mvtec_ad/cable/test/good/021.png,35.909828186035156
M1_uniform,cable,2,shift_good,brightness_1.1,mild,brightness,good,/root/autodl-tmp/research-experiments/industrial-anomaly-detection/data/mvtec_ad/cable/test/good/022.png,38.20256805419922
M1_uniform,cable,2,shift_good,brightness_1.1,mild,brightness,good,/root/autodl-tmp/research-experiments/industrial-anomaly-detection/data/mvtec_ad/cable/test/good/023.png,35.93583679199219
M1_uniform,cable,2,shift_good,brightness_1.1,mild,brightness,good,/root/autodl-tmp/research-experiments/industrial-anomaly-detection/data/mvtec_ad/cable/test/good/024.png,38.258460998535156
M1_uniform,cable,2,shift_good,brightness_1.1,mild,brightness,good,/root/autodl-tmp/research-experiments/industrial-anomaly-detection/data/mvtec_ad/cable/test/good/025.png,35.6776008605957
M1_uniform,cable,2,shift_good,brightness_1.1,mild,brightness,good,/root/autodl-tmp/research-experiments/industrial-anomaly-detection/data/mvtec_ad/cable/test/good/026.png,35.74481201171875
M1_uniform,cable,2,shift_good,brightness_1.1,mild,brightness,good,/root/autodl-tmp/research-experiments/industrial-anomaly-detection/data/mvtec_ad/cable/test/good/027.png,37.137664794921875
M1_uniform,cable,2,shift_good,brightness_1.1,mild,brightness,good,/root/autodl-tmp/research-experiments/industrial-anomaly-detection/data/mvtec_ad/cable/test/good/028.png,35.97010803222656
M1_uniform,cable,2,shift_good,brightness_1.1,mild,brightness,good,/root/autodl-tmp/research-experiments/industrial-anomaly-detection/data/mvtec_ad/cable/test/good/029.png,35.565773010253906
M1_uniform,cable,2,shift_good,brightness_1.1,mild,brightness,good,/root/autodl-tmp/research-experiments/industrial-anomaly-detection/data/mvtec_ad/cable/test/good/030.png,42.013816833496094
M1_uniform,cable,2,shift_good,brightness_1.1,mild,brightness,good,/root/autodl-tmp/research-experiments/industrial-anomaly-detection/data/mvtec_ad/cable/test/good/031.png,36.838592529296875
M1_uniform,cable,2,shift_good,brightness_1.1,mild,brightness,good,/root/autodl-tmp/research-experiments/industrial-anomaly-detection/data/mvtec_ad/cable/test/good/032.png,37.127567291259766
M1_uniform,cable,2,shift_good,brightness_1.1,mild,brightness,good,/root/autodl-tmp/research-experiments/industrial-anomaly-detection/data/mvtec_ad/cable/test/good/033.png,37.586116790771484
M1_uniform,cable,2,shift_good,brightness_1.1,mild,brightness,good,/root/autodl-tmp/research-experiments/industrial-anomaly-detection/data/mvtec_ad/cable/test/good/034.png,38.18699645996094
M1_uniform,cable,2,shift_good,brightness_1.1,mild,brightness,good,/root/autodl-tmp/research-experiments/industrial-anomaly-detection/data/mvtec_ad/cable/test/good/035.png,35.97074890136719
M1_uniform,cable,2,shift_good,brightness_1.1,mild,brightness,good,/root/autodl-tmp/research-experiments/industrial-anomaly-detection/data/mvtec_ad/cable/test/good/036.png,36.91822814941406
M1_uniform,cable,2,shift_good,brightness_1.1,mild,brightness,good,/root/autodl-tmp/research-experiments/industrial-anomaly-detection/data/mvtec_ad/cable/test/good/037.png,36.71220397949219
M1_uniform,cable,2,shift_good,brightness_1.1,mild,brightness,good,/root/autodl-tmp/research-experiments/industrial-anomaly-detection/data/mvtec_ad/cable/test/good/038.png,37.98429489135742
M1_uniform,cable,2,shift_good,brightness_1.1,mild,brightness,good,/root/autodl-tmp/research-experiments/industrial-anomaly-detection/data/mvtec_ad/cable/test/good/039.png,40.942962646484375
M1_uniform,cable,2,shift_good,brightness_1.1,mild,brightness,good,/root/autodl-tmp/research-experiments/industrial-anomaly-detection/data/mvtec_ad/cable/test/good/040.png,35.63319396972656
M1_uniform,cable,2,shift_good,brightness_1.1,mild,brightness,good,/root/autodl-tmp/research-experiments/industrial-anomaly-detection/data/mvtec_ad/cable/test/good/041.png,38.141204833984375
M1_uniform,cable,2,shift_good,brightness_1.1,mild,brightness,good,/root/autodl-tmp/research-experiments/industrial-anomaly-detection/data/mvtec_ad/cable/test/good/042.png,39.319244384765625
M1_uniform,cable,2,shift_good,brightness_1.1,mild,brightness,good,/root/autodl-tmp/research-experiments/industrial-anomaly-detection/data/mvtec_ad/cable/test/good/043.png,37.01925277709961
M1_uniform,cable,2,shift_good,brightness_1.1,mild,brightness,good,/root/autodl-tmp/research-experiments/industrial-anomaly-detection/data/mvtec_ad/cable/test/good/044.png,37.58425521850586
M1_uniform,cable,2,shift_good,brightness_1.1,mild,brightness,good,/root/autodl-tmp/research-experiments/industrial-anomaly-detection/data/mvtec_ad/cable/test/good/045.png,37.68846130371094
M1_uniform,cable,2,shift_good,brightness_1.1,mild,brightness,good,/root/autodl-tmp/research-experiments/industrial-anomaly-detection/data/mvtec_ad/cable/test/good/046.png,36.07434844970703
M1_uniform,cable,2,shift_good,brightness_1.1,mild,brightness,good,/root/autodl-tmp/research-experiments/industrial-anomaly-detection/data/mvtec_ad/cable/test/good/047.png,36.35830307006836
M1_uniform,cable,2,shift_good,brightness_1.1,mild,brightness,good,/root/autodl-tmp/research-experiments/industrial-anomaly-detection/data/mvtec_ad/cable/test/good/048.png,37.97624206542969
M1_uniform,cable,2,shift_good,brightness_1.1,mild,brightness,good,/root/autodl-tmp/research-experiments/industrial-anomaly-detection/data/mvtec_ad/cable/test/good/049.png,37.579708099365234
M1_uniform,cable,2,shift_good,brightness_1.1,mild,brightness,good,/root/autodl-tmp/research-experiments/industrial-anomaly-detection/data/mvtec_ad/cable/test/good/050.png,37.02291488647461
M1_uniform,cable,2,shift_good,brightness_1.1,mild,brightness,good,/root/autodl-tmp/research-experiments/industrial-anomaly-detection/data/mvtec_ad/cable/test/good/051.png,38.28341293334961
M1_uniform,cable,2,shift_good,brightness_1.1,mild,brightness,good,/root/autodl-tmp/research-experiments/industrial-anomaly-detection/data/mvtec_ad/cable/test/good/052.png,35.579620361328125
M1_uniform,cable,2,shift_good,brightness_1.1,mild,brightness,good,/root/autodl-tmp/research-experiments/industrial-anomaly-detection/data/mvtec_ad/cable/test/good/053.png,36.89311218261719
M1_uniform,cable,2,shift_good,brightness_1.1,mild,brightness,good,/root/autodl-tmp/research-experiments/industrial-anomaly-detection/data/mvtec_ad/cable/test/good/054.png,36.65678024291992
M1_uniform,cable,2,shift_good,brightness_1.1,mild,brightness,good,/root/autodl-tmp/research-experiments/industrial-anomaly-detection/data/mvtec_ad/cable/test/good/055.png,39.5908088684082
M1_uniform,cable,2,shift_good,brightness_1.1,mild,brightness,good,/root/autodl-tmp/research-experiments/industrial-anomaly-detection/data/mvtec_ad/cable/test/good/056.png,36.77495574951172
M1_uniform,cable,2,shift_good,brightness_1.1,mild,brightness,good,/root/autodl-tmp/research-experiments/industrial-anomaly-detection/data/mvtec_ad/cable/test/good/057.png,44.7442512512207
M1_uniform,cable,2,shift_good,brightness_0.7,medium,brightness,good,/root/autodl-tmp/research-experiments/industrial-anomaly-detection/data/mvtec_ad/cable/test/good/000.png,35.38018035888672
M1_uniform,cable,2,shift_good,brightness_0.7,medium,brightness,good,/root/autodl-tmp/research-experiments/industrial-anomaly-detection/data/mvtec_ad/cable/test/good/001.png,39.46674346923828
M1_uniform,cable,2,shift_good,brightness_0.7,medium,brightness,good,/root/autodl-tmp/research-experiments/industrial-anomaly-detection/data/mvtec_ad/cable/test/good/002.png,37.283973693847656
M1_uniform,cable,2,shift_good,brightness_0.7,medium,brightness,good,/root/autodl-tmp/research-experiments/industrial-anomaly-detection/data/mvtec_ad/cable/test/good/003.png,34.68842315673828
M1_uniform,cable,2,shift_good,brightness_0.7,medium,brightness,good,/root/autodl-tmp/research-experiments/industrial-anomaly-detection/data/mvtec_ad/cable/test/good/004.png,34.97283172607422
M1_uniform,cable,2,shift_good,brightness_0.7,medium,brightness,good,/root/autodl-tmp/research-experiments/industrial-anomaly-detection/data/mvtec_ad/cable/test/good/005.png,35.351619720458984
M1_uniform,cable,2,shift_good,brightness_0.7,medium,brightness,good,/root/autodl-tmp/research-experiments/industrial-anomaly-detection/data/mvtec_ad/cable/test/good/006.png,37.121124267578125
M1_uniform,cable,2,shift_good,brightness_0.7,medium,brightness,good,/root/autodl-tmp/research-experiments/industrial-anomaly-detection/data/mvtec_ad/cable/test/good/007.png,39.15839385986328
M1_uniform,cable,2,shift_good,brightness_0.7,medium,brightness,good,/root/autodl-tmp/research-experiments/industrial-anomaly-detection/data/mvtec_ad/cable/test/good/008.png,36.616153717041016
M1_uniform,cable,2,shift_good,brightness_0.7,medium,brightness,good,/root/autodl-tmp/research-experiments/industrial-anomaly-detection/data/mvtec_ad/cable/test/good/009.png,37.26365280151367
M1_uniform,cable,2,shift_good,brightness_0.7,medium,brightness,good,/root/autodl-tmp/research-experiments/industrial-anomaly-detection/data/mvtec_ad/cable/test/good/010.png,36.082183837890625
M1_uniform,cable,2,shift_good,brightness_0.7,medium,brightness,good,/root/autodl-tmp/research-experiments/industrial-anomaly-detection/data/mvtec_ad/cable/test/good/011.png,37.602474212646484
M1_uniform,cable,2,shift_good,brightness_0.7,medium,brightness,good,/root/autodl-tmp/research-experiments/industrial-anomaly-detection/data/mvtec_ad/cable/test/good/012.png,36.981746673583984
M1_uniform,cable,2,shift_good,brightness_0.7,medium,brightness,good,/root/autodl-tmp/research-experiments/industrial-anomaly-detection/data/mvtec_ad/cable/test/good/013.png,42.53745651245117
M1_uniform,cable,2,shift_good,brightness_0.7,medium,brightness,good,/root/autodl-tmp/research-experiments/industrial-anomaly-detection/data/mvtec_ad/cable/test/good/014.png,38.88022232055664
M1_uniform,cable,2,shift_good,brightness_0.7,medium,brightness,good,/root/autodl-tmp/research-experiments/industrial-anomaly-detection/data/mvtec_ad/cable/test/good/015.png,38.121891021728516
M1_uniform,cable,2,shift_good,brightness_0.7,medium,brightness,good,/root/autodl-tmp/research-experiments/industrial-anomaly-detection/data/mvtec_ad/cable/test/good/016.png,38.099544525146484
M1_uniform,cable,2,shift_good,brightness_0.7,medium,brightness,good,/root/autodl-tmp/research-experiments/industrial-anomaly-detection/data/mvtec_ad/cable/test/good/017.png,35.58184051513672
M1_uniform,cable,2,shift_good,brightness_0.7,medium,brightness,good,/root/autodl-tmp/research-experiments/industrial-anomaly-detection/data/mvtec_ad/cable/test/good/018.png,39.81468200683594
M1_uniform,cable,2,shift_good,brightness_0.7,medium,brightness,good,/root/autodl-tmp/research-experiments/industrial-anomaly-detection/data/mvtec_ad/cable/test/good/019.png,40.92943572998047
M1_uniform,cable,2,shift_good,brightness_0.7,medium,brightness,good,/root/autodl-tmp/research-experiments/industrial-anomaly-detection/data/mvtec_ad/cable/test/good/020.png,37.149436950683594
M1_uniform,cable,2,shift_good,brightness_0.7,medium,brightness,good,/root/autodl-tmp/research-experiments/industrial-anomaly-detection/data/mvtec_ad/cable/test/good/021.png,38.35951614379883
M1_uniform,cable,2,shift_good,brightness_0.7,medium,brightness,good,/root/autodl-tmp/research-experiments/industrial-anomaly-detection/data/mvtec_ad/cable/test/good/022.png,37.87022018432617
M1_uniform,cable,2,shift_good,brightness_0.7,medium,brightness,good,/root/autodl-tmp/research-experiments/industrial-anomaly-detection/data/mvtec_ad/cable/test/good/023.png,36.345237731933594
M1_uniform,cable,2,shift_good,brightness_0.7,medium,brightness,good,/root/autodl-tmp/research-experiments/industrial-anomaly-detection/data/mvtec_ad/cable/test/good/024.png,39.059024810791016
M1_uniform,cable,2,shift_good,brightness_0.7,medium,brightness,good,/root/autodl-tmp/research-experiments/industrial-anomaly-detection/data/mvtec_ad/cable/test/good/025.png,34.94329833984375
M1_uniform,cable,2,shift_good,brightness_0.7,medium,brightness,good,/root/autodl-tmp/research-experiments/industrial-anomaly-detection/data/mvtec_ad/cable/test/good/026.png,36.81196594238281
M1_uniform,cable,2,shift_good,brightness_0.7,medium,brightness,good,/root/autodl-tmp/research-experiments/industrial-anomaly-detection/data/mvtec_ad/cable/test/good/027.png,36.58708572387695
M1_uniform,cable,2,shift_good,brightness_0.7,medium,brightness,good,/root/autodl-tmp/research-experiments/industrial-anomaly-detection/data/mvtec_ad/cable/test/good/028.png,36.97123718261719
M1_uniform,cable,2,shift_good,brightness_0.7,medium,brightness,good,/root/autodl-tmp/research-experiments/industrial-anomaly-detection/data/mvtec_ad/cable/test/good/029.png,35.883872985839844
M1_uniform,cable,2,shift_good,brightness_0.7,medium,brightness,good,/root/autodl-tmp/research-experiments/industrial-anomaly-detection/data/mvtec_ad/cable/test/good/030.png,41.734474182128906
M1_uniform,cable,2,shift_good,brightness_0.7,medium,brightness,good,/root/autodl-tmp/research-experiments/industrial-anomaly-detection/data/mvtec_ad/cable/test/good/031.png,37.65078353881836
M1_uniform,cable,2,shift_good,brightness_0.7,medium,brightness,good,/root/autodl-tmp/research-experiments/industrial-anomaly-detection/data/mvtec_ad/cable/test/good/032.png,37.785972595214844
M1_uniform,cable,2,shift_good,brightness_0.7,medium,brightness,good,/root/autodl-tmp/research-experiments/industrial-anomaly-detection/data/mvtec_ad/cable/test/good/033.png,38.261070251464844
M1_uniform,cable,2,shift_good,brightness_0.7,medium,brightness,good,/root/autodl-tmp/research-experiments/industrial-anomaly-detection/data/mvtec_ad/cable/test/good/034.png,38.547752380371094
M1_uniform,cable,2,shift_good,brightness_0.7,medium,brightness,good,/root/autodl-tmp/research-experiments/industrial-anomaly-detection/data/mvtec_ad/cable/test/good/035.png,35.182273864746094
M1_uniform,cable,2,shift_good,brightness_0.7,medium,brightness,good,/root/autodl-tmp/research-experiments/industrial-anomaly-detection/data/mvtec_ad/cable/test/good/036.png,38.40754699707031
M1_uniform,cable,2,shift_good,brightness_0.7,medium,brightness,good,/root/autodl-tmp/research-experiments/industrial-anomaly-detection/data/mvtec_ad/cable/test/good/037.png,39.33317184448242
M1_uniform,cable,2,shift_good,brightness_0.7,medium,brightness,good,/root/autodl-tmp/research-experiments/industrial-anomaly-detection/data/mvtec_ad/cable/test/good/038.png,38.8996467590332
M1_uniform,cable,2,shift_good,brightness_0.7,medium,brightness,good,/root/autodl-tmp/research-experiments/industrial-anomaly-detection/data/mvtec_ad/cable/test/good/039.png,41.52253723144531
M1_uniform,cable,2,shift_good,brightness_0.7,medium,brightness,good,/root/autodl-tmp/research-experiments/industrial-anomaly-detection/data/mvtec_ad/cable/test/good/040.png,35.19349670410156
M1_uniform,cable,2,shift_good,brightness_0.7,medium,brightness,good,/root/autodl-tmp/research-experiments/industrial-anomaly-detection/data/mvtec_ad/cable/test/good/041.png,37.70867919921875
M1_uniform,cable,2,shift_good,brightness_0.7,medium,brightness,good,/root/autodl-tmp/research-experiments/industrial-anomaly-detection/data/mvtec_ad/cable/test/good/042.png,41.69107437133789
M1_uniform,cable,2,shift_good,brightness_0.7,medium,brightness,good,/root/autodl-tmp/research-experiments/industrial-anomaly-detection/data/mvtec_ad/cable/test/good/043.png,36.56605911254883
M1_uniform,cable,2,shift_good,brightness_0.7,medium,brightness,good,/root/autodl-tmp/research-experiments/industrial-anomaly-detection/data/mvtec_ad/cable/test/good/044.png,37.6175651550293
M1_uniform,cable,2,shift_good,brightness_0.7,medium,brightness,good,/root/autodl-tmp/research-experiments/industrial-anomaly-detection/data/mvtec_ad/cable/test/good/045.png,39.46021270751953
M1_uniform,cable,2,shift_good,brightness_0.7,medium,brightness,good,/root/autodl-tmp/research-experiments/industrial-anomaly-detection/data/mvtec_ad/cable/test/good/046.png,36.266441345214844
M1_uniform,cable,2,shift_good,brightness_0.7,medium,brightness,good,/root/autodl-tmp/research-experiments/industrial-anomaly-detection/data/mvtec_ad/cable/test/good/047.png,38.84782028198242
M1_uniform,cable,2,shift_good,brightness_0.7,medium,brightness,good,/root/autodl-tmp/research-experiments/industrial-anomaly-detection/data/mvtec_ad/cable/test/good/048.png,38.58683776855469
M1_uniform,cable,2,shift_good,brightness_0.7,medium,brightness,good,/root/autodl-tmp/research-experiments/industrial-anomaly-detection/data/mvtec_ad/cable/test/good/049.png,39.042518615722656
M1_uniform,cable,2,shift_good,brightness_0.7,medium,brightness,good,/root/autodl-tmp/research-experiments/industrial-anomaly-detection/data/mvtec_ad/cable/test/good/050.png,36.72494125366211
M1_uniform,cable,2,shift_good,brightness_0.7,medium,brightness,good,/root/autodl-tmp/research-experiments/industrial-anomaly-detection/data/mvtec_ad/cable/test/good/051.png,37.799713134765625
M1_uniform,cable,2,shift_good,brightness_0.7,medium,brightness,good,/root/autodl-tmp/research-experiments/industrial-anomaly-detection/data/mvtec_ad/cable/test/good/052.png,35.30139923095703
M1_uniform,cable,2,shift_good,brightness_0.7,medium,brightness,good,/root/autodl-tmp/research-experiments/industrial-anomaly-detection/data/mvtec_ad/cable/test/good/053.png,37.29475021362305
M1_uniform,cable,2,shift_good,brightness_0.7,medium,brightness,good,/root/autodl-tmp/research-experiments/industrial-anomaly-detection/data/mvtec_ad/cable/test/good/054.png,36.60107421875
M1_uniform,cable,2,shift_good,brightness_0.7,medium,brightness,good,/root/autodl-tmp/research-experiments/industrial-anomaly-detection/data/mvtec_ad/cable/test/good/055.png,41.14622116088867
M1_uniform,cable,2,shift_good,brightness_0.7,medium,brightness,good,/root/autodl-tmp/research-experiments/industrial-anomaly-detection/data/mvtec_ad/cable/test/good/056.png,37.2919807434082
M1_uniform,cable,2,shift_good,brightness_0.7,medium,brightness,good,/root/autodl-tmp/research-experiments/industrial-anomaly-detection/data/mvtec_ad/cable/test/good/057.png,45.33374786376953
M1_uniform,cable,2,shift_good,brightness_1.3,medium,brightness,good,/root/autodl-tmp/research-experiments/industrial-anomaly-detection/data/mvtec_ad/cable/test/good/000.png,34.61555480957031
M1_uniform,cable,2,shift_good,brightness_1.3,medium,brightness,good,/root/autodl-tmp/research-experiments/industrial-anomaly-detection/data/mvtec_ad/cable/test/good/001.png,39.16852951049805
M1_uniform,cable,2,shift_good,brightness_1.3,medium,brightness,good,/root/autodl-tmp/research-experiments/industrial-anomaly-detection/data/mvtec_ad/cable/test/good/002.png,38.43500900268555
M1_uniform,cable,2,shift_good,brightness_1.3,medium,brightness,good,/root/autodl-tmp/research-experiments/industrial-anomaly-detection/data/mvtec_ad/cable/test/good/003.png,35.44045639038086
M1_uniform,cable,2,shift_good,brightness_1.3,medium,brightness,good,/root/autodl-tmp/research-experiments/industrial-anomaly-detection/data/mvtec_ad/cable/test/good/004.png,35.21977233886719
M1_uniform,cable,2,shift_good,brightness_1.3,medium,brightness,good,/root/autodl-tmp/research-experiments/industrial-anomaly-detection/data/mvtec_ad/cable/test/good/005.png,36.965599060058594
M1_uniform,cable,2,shift_good,brightness_1.3,medium,brightness,good,/root/autodl-tmp/research-experiments/industrial-anomaly-detection/data/mvtec_ad/cable/test/good/006.png,36.20429611206055
M1_uniform,cable,2,shift_good,brightness_1.3,medium,brightness,good,/root/autodl-tmp/research-experiments/industrial-anomaly-detection/data/mvtec_ad/cable/test/good/007.png,37.92502212524414
M1_uniform,cable,2,shift_good,brightness_1.3,medium,brightness,good,/root/autodl-tmp/research-experiments/industrial-anomaly-detection/data/mvtec_ad/cable/test/good/008.png,36.988216400146484
M1_uniform,cable,2,shift_good,brightness_1.3,medium,brightness,good,/root/autodl-tmp/research-experiments/industrial-anomaly-detection/data/mvtec_ad/cable/test/good/009.png,36.21440124511719
M1_uniform,cable,2,shift_good,brightness_1.3,medium,brightness,good,/root/autodl-tmp/research-experiments/industrial-anomaly-detection/data/mvtec_ad/cable/test/good/010.png,34.919864654541016
M1_uniform,cable,2,shift_good,brightness_1.3,medium,brightness,good,/root/autodl-tmp/research-experiments/industrial-anomaly-detection/data/mvtec_ad/cable/test/good/011.png,36.556949615478516
M1_uniform,cable,2,shift_good,brightness_1.3,medium,brightness,good,/root/autodl-tmp/research-experiments/industrial-anomaly-detection/data/mvtec_ad/cable/test/good/012.png,38.74763488769531
M1_uniform,cable,2,shift_good,brightness_1.3,medium,brightness,good,/root/autodl-tmp/research-experiments/industrial-anomaly-detection/data/mvtec_ad/cable/test/good/013.png,40.27804183959961
M1_uniform,cable,2,shift_good,brightness_1.3,medium,brightness,good,/root/autodl-tmp/research-experiments/industrial-anomaly-detection/data/mvtec_ad/cable/test/good/014.png,38.24259567260742
M1_uniform,cable,2,shift_good,brightness_1.3,medium,brightness,good,/root/autodl-tmp/research-experiments/industrial-anomaly-detection/data/mvtec_ad/cable/test/good/015.png,37.40470886230469
M1_uniform,cable,2,shift_good,brightness_1.3,medium,brightness,good,/root/autodl-tmp/research-experiments/industrial-anomaly-detection/data/mvtec_ad/cable/test/good/016.png,36.49382019042969
M1_uniform,cable,2,shift_good,brightness_1.3,medium,brightness,good,/root/autodl-tmp/research-experiments/industrial-anomaly-detection/data/mvtec_ad/cable/test/good/017.png,35.80000305175781
M1_uniform,cable,2,shift_good,brightness_1.3,medium,brightness,good,/root/autodl-tmp/research-experiments/industrial-anomaly-detection/data/mvtec_ad/cable/test/good/018.png,40.04221725463867
M1_uniform,cable,2,shift_good,brightness_1.3,medium,brightness,good,/root/autodl-tmp/research-experiments/industrial-anomaly-detection/data/mvtec_ad/cable/test/good/019.png,39.060997009277344
M1_uniform,cable,2,shift_good,brightness_1.3,medium,brightness,good,/root/autodl-tmp/research-experiments/industrial-anomaly-detection/data/mvtec_ad/cable/test/good/020.png,36.02277374267578
M1_uniform,cable,2,shift_good,brightness_1.3,medium,brightness,good,/root/autodl-tmp/research-experiments/industrial-anomaly-detection/data/mvtec_ad/cable/test/good/021.png,35.26474380493164
M1_uniform,cable,2,shift_good,brightness_1.3,medium,brightness,good,/root/autodl-tmp/research-experiments/industrial-anomaly-detection/data/mvtec_ad/cable/test/good/022.png,38.282196044921875
M1_uniform,cable,2,shift_good,brightness_1.3,medium,brightness,good,/root/autodl-tmp/research-experiments/industrial-anomaly-detection/data/mvtec_ad/cable/test/good/023.png,35.656803131103516
M1_uniform,cable,2,shift_good,brightness_1.3,medium,brightness,good,/root/autodl-tmp/research-experiments/industrial-anomaly-detection/data/mvtec_ad/cable/test/good/024.png,39.087833404541016
M1_uniform,cable,2,shift_good,brightness_1.3,medium,brightness,good,/root/autodl-tmp/research-experiments/industrial-anomaly-detection/data/mvtec_ad/cable/test/good/025.png,36.37131118774414
M1_uniform,cable,2,shift_good,brightness_1.3,medium,brightness,good,/root/autodl-tmp/research-experiments/industrial-anomaly-detection/data/mvtec_ad/cable/test/good/026.png,36.54563903808594
M1_uniform,cable,2,shift_good,brightness_1.3,medium,brightness,good,/root/autodl-tmp/research-experiments/industrial-anomaly-detection/data/mvtec_ad/cable/test/good/027.png,36.68819046020508
M1_uniform,cable,2,shift_good,brightness_1.3,medium,brightness,good,/root/autodl-tmp/research-experiments/industrial-anomaly-detection/data/mvtec_ad/cable/test/good/028.png,36.340057373046875
M1_uniform,cable,2,shift_good,brightness_1.3,medium,brightness,good,/root/autodl-tmp/research-experiments/industrial-anomaly-detection/data/mvtec_ad/cable/test/good/029.png,36.01130294799805
M1_uniform,cable,2,shift_good,brightness_1.3,medium,brightness,good,/root/autodl-tmp/research-experiments/industrial-anomaly-detection/data/mvtec_ad/cable/test/good/030.png,42.83860778808594
M1_uniform,cable,2,shift_good,brightness_1.3,medium,brightness,good,/root/autodl-tmp/research-experiments/industrial-anomaly-detection/data/mvtec_ad/cable/test/good/031.png,37.136959075927734
M1_uniform,cable,2,shift_good,brightness_1.3,medium,brightness,good,/root/autodl-tmp/research-experiments/industrial-anomaly-detection/data/mvtec_ad/cable/test/good/032.png,37.617984771728516
M1_uniform,cable,2,shift_good,brightness_1.3,medium,brightness,good,/root/autodl-tmp/research-experiments/industrial-anomaly-detection/data/mvtec_ad/cable/test/good/033.png,37.914432525634766
M1_uniform,cable,2,shift_good,brightness_1.3,medium,brightness,good,/root/autodl-tmp/research-experiments/industrial-anomaly-detection/data/mvtec_ad/cable/test/good/034.png,38.22454071044922
M1_uniform,cable,2,shift_good,brightness_1.3,medium,brightness,good,/root/autodl-tmp/research-experiments/industrial-anomaly-detection/data/mvtec_ad/cable/test/good/035.png,36.683563232421875
M1_uniform,cable,2,shift_good,brightness_1.3,medium,brightness,good,/root/autodl-tmp/research-experiments/industrial-anomaly-detection/data/mvtec_ad/cable/test/good/036.png,37.88712692260742
M1_uniform,cable,2,shift_good,brightness_1.3,medium,brightness,good,/root/autodl-tmp/research-experiments/industrial-anomaly-detection/data/mvtec_ad/cable/test/good/037.png,36.404327392578125
M1_uniform,cable,2,shift_good,brightness_1.3,medium,brightness,good,/root/autodl-tmp/research-experiments/industrial-anomaly-detection/data/mvtec_ad/cable/test/good/038.png,38.59548568725586
M1_uniform,cable,2,shift_good,brightness_1.3,medium,brightness,good,/root/autodl-tmp/research-experiments/industrial-anomaly-detection/data/mvtec_ad/cable/test/good/039.png,41.176849365234375
M1_uniform,cable,2,shift_good,brightness_1.3,medium,brightness,good,/root/autodl-tmp/research-experiments/industrial-anomaly-detection/data/mvtec_ad/cable/test/good/040.png,36.584625244140625
M1_uniform,cable,2,shift_good,brightness_1.3,medium,brightness,good,/root/autodl-tmp/research-experiments/industrial-anomaly-detection/data/mvtec_ad/cable/test/good/041.png,38.441490173339844
M1_uniform,cable,2,shift_good,brightness_1.3,medium,brightness,good,/root/autodl-tmp/research-experiments/industrial-anomaly-detection/data/mvtec_ad/cable/test/good/042.png,42.292362213134766
M1_uniform,cable,2,shift_good,brightness_1.3,medium,brightness,good,/root/autodl-tmp/research-experiments/industrial-anomaly-detection/data/mvtec_ad/cable/test/good/043.png,37.363712310791016
M1_uniform,cable,2,shift_good,brightness_1.3,medium,brightness,good,/root/autodl-tmp/research-experiments/industrial-anomaly-detection/data/mvtec_ad/cable/test/good/044.png,37.35675811767578
M1_uniform,cable,2,shift_good,brightness_1.3,medium,brightness,good,/root/autodl-tmp/research-experiments/industrial-anomaly-detection/data/mvtec_ad/cable/test/good/045.png,38.024600982666016
M1_uniform,cable,2,shift_good,brightness_1.3,medium,brightness,good,/root/autodl-tmp/research-experiments/industrial-anomaly-detection/data/mvtec_ad/cable/test/good/046.png,36.82903289794922
M1_uniform,cable,2,shift_good,brightness_1.3,medium,brightness,good,/root/autodl-tmp/research-experiments/industrial-anomaly-detection/data/mvtec_ad/cable/test/good/047.png,36.36676788330078
M1_uniform,cable,2,shift_good,brightness_1.3,medium,brightness,good,/root/autodl-tmp/research-experiments/industrial-anomaly-detection/data/mvtec_ad/cable/test/good/048.png,38.324405670166016
M1_uniform,cable,2,shift_good,brightness_1.3,medium,brightness,good,/root/autodl-tmp/research-experiments/industrial-anomaly-detection/data/mvtec_ad/cable/test/good/049.png,38.475242614746094
M1_uniform,cable,2,shift_good,brightness_1.3,medium,brightness,good,/root/autodl-tmp/research-experiments/industrial-anomaly-detection/data/mvtec_ad/cable/test/good/050.png,37.59050369262695
M1_uniform,cable,2,shift_good,brightness_1.3,medium,brightness,good,/root/autodl-tmp/research-experiments/industrial-anomaly-detection/data/mvtec_ad/cable/test/good/051.png,38.268760681152344
M1_uniform,cable,2,shift_good,brightness_1.3,medium,brightness,good,/root/autodl-tmp/research-experiments/industrial-anomaly-detection/data/mvtec_ad/cable/test/good/052.png,35.67805099487305
M1_uniform,cable,2,shift_good,brightness_1.3,medium,brightness,good,/root/autodl-tmp/research-experiments/industrial-anomaly-detection/data/mvtec_ad/cable/test/good/053.png,37.30617904663086
M1_uniform,cable,2,shift_good,brightness_1.3,medium,brightness,good,/root/autodl-tmp/research-experiments/industrial-anomaly-detection/data/mvtec_ad/cable/test/good/054.png,37.167415618896484
M1_uniform,cable,2,shift_good,brightness_1.3,medium,brightness,good,/root/autodl-tmp/research-experiments/industrial-anomaly-detection/data/mvtec_ad/cable/test/good/055.png,39.94673156738281
M1_uniform,cable,2,shift_good,brightness_1.3,medium,brightness,good,/root/autodl-tmp/research-experiments/industrial-anomaly-detection/data/mvtec_ad/cable/test/good/056.png,38.43871307373047
M1_uniform,cable,2,shift_good,brightness_1.3,medium,brightness,good,/root/autodl-tmp/research-experiments/industrial-anomaly-detection/data/mvtec_ad/cable/test/good/057.png,43.490657806396484
M1_uniform,cable,2,shift_good,brightness_0.5,strong,brightness,good,/root/autodl-tmp/research-experiments/industrial-anomaly-detection/data/mvtec_ad/cable/test/good/000.png,36.8256950378418
M1_uniform,cable,2,shift_good,brightness_0.5,strong,brightness,good,/root/autodl-tmp/research-experiments/industrial-anomaly-detection/data/mvtec_ad/cable/test/good/001.png,40.264217376708984
M1_uniform,cable,2,shift_good,brightness_0.5,strong,brightness,good,/root/autodl-tmp/research-experiments/industrial-anomaly-detection/data/mvtec_ad/cable/test/good/002.png,37.60877227783203
M1_uniform,cable,2,shift_good,brightness_0.5,strong,brightness,good,/root/autodl-tmp/research-experiments/industrial-anomaly-detection/data/mvtec_ad/cable/test/good/003.png,35.3791618347168
M1_uniform,cable,2,shift_good,brightness_0.5,strong,brightness,good,/root/autodl-tmp/research-experiments/industrial-anomaly-detection/data/mvtec_ad/cable/test/good/004.png,35.50177764892578
M1_uniform,cable,2,shift_good,brightness_0.5,strong,brightness,good,/root/autodl-tmp/research-experiments/industrial-anomaly-detection/data/mvtec_ad/cable/test/good/005.png,37.340518951416016
M1_uniform,cable,2,shift_good,brightness_0.5,strong,brightness,good,/root/autodl-tmp/research-experiments/industrial-anomaly-detection/data/mvtec_ad/cable/test/good/006.png,37.525699615478516
M1_uniform,cable,2,shift_good,brightness_0.5,strong,brightness,good,/root/autodl-tmp/research-experiments/industrial-anomaly-detection/data/mvtec_ad/cable/test/good/007.png,40.21297073364258
M1_uniform,cable,2,shift_good,brightness_0.5,strong,brightness,good,/root/autodl-tmp/research-experiments/industrial-anomaly-detection/data/mvtec_ad/cable/test/good/008.png,37.113624572753906
M1_uniform,cable,2,shift_good,brightness_0.5,strong,brightness,good,/root/autodl-tmp/research-experiments/industrial-anomaly-detection/data/mvtec_ad/cable/test/good/009.png,38.11384201049805
M1_uniform,cable,2,shift_good,brightness_0.5,strong,brightness,good,/root/autodl-tmp/research-experiments/industrial-anomaly-detection/data/mvtec_ad/cable/test/good/010.png,37.18598556518555
M1_uniform,cable,2,shift_good,brightness_0.5,strong,brightness,good,/root/autodl-tmp/research-experiments/industrial-anomaly-detection/data/mvtec_ad/cable/test/good/011.png,38.29725646972656
M1_uniform,cable,2,shift_good,brightness_0.5,strong,brightness,good,/root/autodl-tmp/research-experiments/industrial-anomaly-detection/data/mvtec_ad/cable/test/good/012.png,38.01912307739258
M1_uniform,cable,2,shift_good,brightness_0.5,strong,brightness,good,/root/autodl-tmp/research-experiments/industrial-anomaly-detection/data/mvtec_ad/cable/test/good/013.png,44.33987045288086
M1_uniform,cable,2,shift_good,brightness_0.5,strong,brightness,good,/root/autodl-tmp/research-experiments/industrial-anomaly-detection/data/mvtec_ad/cable/test/good/014.png,39.36053466796875
M1_uniform,cable,2,shift_good,brightness_0.5,strong,brightness,good,/root/autodl-tmp/research-experiments/industrial-anomaly-detection/data/mvtec_ad/cable/test/good/015.png,38.66069030761719
M1_uniform,cable,2,shift_good,brightness_0.5,strong,brightness,good,/root/autodl-tmp/research-experiments/industrial-anomaly-detection/data/mvtec_ad/cable/test/good/016.png,39.35042190551758
M1_uniform,cable,2,shift_good,brightness_0.5,strong,brightness,good,/root/autodl-tmp/research-experiments/industrial-anomaly-detection/data/mvtec_ad/cable/test/good/017.png,37.430908203125
M1_uniform,cable,2,shift_good,brightness_0.5,strong,brightness,good,/root/autodl-tmp/research-experiments/industrial-anomaly-detection/data/mvtec_ad/cable/test/good/018.png,41.560630798339844
M1_uniform,cable,2,shift_good,brightness_0.5,strong,brightness,good,/root/autodl-tmp/research-experiments/industrial-anomaly-detection/data/mvtec_ad/cable/test/good/019.png,41.40861129760742
M1_uniform,cable,2,shift_good,brightness_0.5,strong,brightness,good,/root/autodl-tmp/research-experiments/industrial-anomaly-detection/data/mvtec_ad/cable/test/good/020.png,38.6982536315918
M1_uniform,cable,2,shift_good,brightness_0.5,strong,brightness,good,/root/autodl-tmp/research-experiments/industrial-anomaly-detection/data/mvtec_ad/cable/test/good/021.png,39.98215866088867
M1_uniform,cable,2,shift_good,brightness_0.5,strong,brightness,good,/root/autodl-tmp/research-experiments/industrial-anomaly-detection/data/mvtec_ad/cable/test/good/022.png,39.226627349853516
M1_uniform,cable,2,shift_good,brightness_0.5,strong,brightness,good,/root/autodl-tmp/research-experiments/industrial-anomaly-detection/data/mvtec_ad/cable/test/good/023.png,36.635780334472656
M1_uniform,cable,2,shift_good,brightness_0.5,strong,brightness,good,/root/autodl-tmp/research-experiments/industrial-anomaly-detection/data/mvtec_ad/cable/test/good/024.png,39.30476379394531
M1_uniform,cable,2,shift_good,brightness_0.5,strong,brightness,good,/root/autodl-tmp/research-experiments/industrial-anomaly-detection/data/mvtec_ad/cable/test/good/025.png,35.00986862182617
M1_uniform,cable,2,shift_good,brightness_0.5,strong,brightness,good,/root/autodl-tmp/research-experiments/industrial-anomaly-detection/data/mvtec_ad/cable/test/good/026.png,38.08182144165039
M1_uniform,cable,2,shift_good,brightness_0.5,strong,brightness,good,/root/autodl-tmp/research-experiments/industrial-anomaly-detection/data/mvtec_ad/cable/test/good/027.png,37.11579513549805
M1_uniform,cable,2,shift_good,brightness_0.5,strong,brightness,good,/root/autodl-tmp/research-experiments/industrial-anomaly-detection/data/mvtec_ad/cable/test/good/028.png,37.584800720214844
M1_uniform,cable,2,shift_good,brightness_0.5,strong,brightness,good,/root/autodl-tmp/research-experiments/industrial-anomaly-detection/data/mvtec_ad/cable/test/good/029.png,36.82038879394531
M1_uniform,cable,2,shift_good,brightness_0.5,strong,brightness,good,/root/autodl-tmp/research-experiments/industrial-anomaly-detection/data/mvtec_ad/cable/test/good/030.png,42.47946548461914
M1_uniform,cable,2,shift_good,brightness_0.5,strong,brightness,good,/root/autodl-tmp/research-experiments/industrial-anomaly-detection/data/mvtec_ad/cable/test/good/031.png,38.71623611450195
M1_uniform,cable,2,shift_good,brightness_0.5,strong,brightness,good,/root/autodl-tmp/research-experiments/industrial-anomaly-detection/data/mvtec_ad/cable/test/good/032.png,38.53369140625
M1_uniform,cable,2,shift_good,brightness_0.5,strong,brightness,good,/root/autodl-tmp/research-experiments/industrial-anomaly-detection/data/mvtec_ad/cable/test/good/033.png,40.04117965698242
M1_uniform,cable,2,shift_good,brightness_0.5,strong,brightness,good,/root/autodl-tmp/research-experiments/industrial-anomaly-detection/data/mvtec_ad/cable/test/good/034.png,39.43876647949219
M1_uniform,cable,2,shift_good,brightness_0.5,strong,brightness,good,/root/autodl-tmp/research-experiments/industrial-anomaly-detection/data/mvtec_ad/cable/test/good/035.png,35.70444869995117
M1_uniform,cable,2,shift_good,brightness_0.5,strong,brightness,good,/root/autodl-tmp/research-experiments/industrial-anomaly-detection/data/mvtec_ad/cable/test/good/036.png,39.37281036376953
M1_uniform,cable,2,shift_good,brightness_0.5,strong,brightness,good,/root/autodl-tmp/research-experiments/industrial-anomaly-detection/data/mvtec_ad/cable/test/good/037.png,40.61266326904297
M1_uniform,cable,2,shift_good,brightness_0.5,strong,brightness,good,/root/autodl-tmp/research-experiments/industrial-anomaly-detection/data/mvtec_ad/cable/test/good/038.png,40.681217193603516
M1_uniform,cable,2,shift_good,brightness_0.5,strong,brightness,good,/root/autodl-tmp/research-experiments/industrial-anomaly-detection/data/mvtec_ad/cable/test/good/039.png,41.728477478027344
M1_uniform,cable,2,shift_good,brightness_0.5,strong,brightness,good,/root/autodl-tmp/research-experiments/industrial-anomaly-detection/data/mvtec_ad/cable/test/good/040.png,35.85629653930664
M1_uniform,cable,2,shift_good,brightness_0.5,strong,brightness,good,/root/autodl-tmp/research-experiments/industrial-anomaly-detection/data/mvtec_ad/cable/test/good/041.png,39.05704116821289
M1_uniform,cable,2,shift_good,brightness_0.5,strong,brightness,good,/root/autodl-tmp/research-experiments/industrial-anomaly-detection/data/mvtec_ad/cable/test/good/042.png,43.74100112915039
M1_uniform,cable,2,shift_good,brightness_0.5,strong,brightness,good,/root/autodl-tmp/research-experiments/industrial-anomaly-detection/data/mvtec_ad/cable/test/good/043.png,37.199615478515625
M1_uniform,cable,2,shift_good,brightness_0.5,strong,brightness,good,/root/autodl-tmp/research-experiments/industrial-anomaly-detection/data/mvtec_ad/cable/test/good/044.png,38.38616943359375
M1_uniform,cable,2,shift_good,brightness_0.5,strong,brightness,good,/root/autodl-tmp/research-experiments/industrial-anomaly-detection/data/mvtec_ad/cable/test/good/045.png,39.95975875854492
M1_uniform,cable,2,shift_good,brightness_0.5,strong,brightness,good,/root/autodl-tmp/research-experiments/industrial-anomaly-detection/data/mvtec_ad/cable/test/good/046.png,37.6921501159668
M1_uniform,cable,2,shift_good,brightness_0.5,strong,brightness,good,/root/autodl-tmp/research-experiments/industrial-anomaly-detection/data/mvtec_ad/cable/test/good/047.png,40.1802864074707
M1_uniform,cable,2,shift_good,brightness_0.5,strong,brightness,good,/root/autodl-tmp/research-experiments/industrial-anomaly-detection/data/mvtec_ad/cable/test/good/048.png,39.672367095947266
M1_uniform,cable,2,shift_good,brightness_0.5,strong,brightness,good,/root/autodl-tmp/research-experiments/industrial-anomaly-detection/data/mvtec_ad/cable/test/good/049.png,39.736331939697266
M1_uniform,cable,2,shift_good,brightness_0.5,strong,brightness,good,/root/autodl-tmp/research-experiments/industrial-anomaly-detection/data/mvtec_ad/cable/test/good/050.png,36.97507095336914
M1_uniform,cable,2,shift_good,brightness_0.5,strong,brightness,good,/root/autodl-tmp/research-experiments/industrial-anomaly-detection/data/mvtec_ad/cable/test/good/051.png,38.68433380126953
M1_uniform,cable,2,shift_good,brightness_0.5,strong,brightness,good,/root/autodl-tmp/research-experiments/industrial-anomaly-detection/data/mvtec_ad/cable/test/good/052.png,36.07643127441406
M1_uniform,cable,2,shift_good,brightness_0.5,strong,brightness,good,/root/autodl-tmp/research-experiments/industrial-anomaly-detection/data/mvtec_ad/cable/test/good/053.png,37.84078598022461
M1_uniform,cable,2,shift_good,brightness_0.5,strong,brightness,good,/root/autodl-tmp/research-experiments/industrial-anomaly-detection/data/mvtec_ad/cable/test/good/054.png,36.408966064453125
M1_uniform,cable,2,shift_good,brightness_0.5,strong,brightness,good,/root/autodl-tmp/research-experiments/industrial-anomaly-detection/data/mvtec_ad/cable/test/good/055.png,41.54299545288086
M1_uniform,cable,2,shift_good,brightness_0.5,strong,brightness,good,/root/autodl-tmp/research-experiments/industrial-anomaly-detection/data/mvtec_ad/cable/test/good/056.png,38.98066711425781
M1_uniform,cable,2,shift_good,brightness_0.5,strong,brightness,good,/root/autodl-tmp/research-experiments/industrial-anomaly-detection/data/mvtec_ad/cable/test/good/057.png,45.77256393432617
M1_uniform,cable,2,shift_good,brightness_1.5,strong,brightness,good,/root/autodl-tmp/research-experiments/industrial-anomaly-detection/data/mvtec_ad/cable/test/good/000.png,36.81924819946289
M1_uniform,cable,2,shift_good,brightness_1.5,strong,brightness,good,/root/autodl-tmp/research-experiments/industrial-anomaly-detection/data/mvtec_ad/cable/test/good/001.png,39.359249114990234
M1_uniform,cable,2,shift_good,brightness_1.5,strong,brightness,good,/root/autodl-tmp/research-experiments/industrial-anomaly-detection/data/mvtec_ad/cable/test/good/002.png,38.73924255371094
M1_uniform,cable,2,shift_good,brightness_1.5,strong,brightness,good,/root/autodl-tmp/research-experiments/industrial-anomaly-detection/data/mvtec_ad/cable/test/good/003.png,37.09668731689453
M1_uniform,cable,2,shift_good,brightness_1.5,strong,brightness,good,/root/autodl-tmp/research-experiments/industrial-anomaly-detection/data/mvtec_ad/cable/test/good/004.png,35.825477600097656
M1_uniform,cable,2,shift_good,brightness_1.5,strong,brightness,good,/root/autodl-tmp/research-experiments/industrial-anomaly-detection/data/mvtec_ad/cable/test/good/005.png,36.834861755371094
M1_uniform,cable,2,shift_good,brightness_1.5,strong,brightness,good,/root/autodl-tmp/research-experiments/industrial-anomaly-detection/data/mvtec_ad/cable/test/good/006.png,36.28291320800781
M1_uniform,cable,2,shift_good,brightness_1.5,strong,brightness,good,/root/autodl-tmp/research-experiments/industrial-anomaly-detection/data/mvtec_ad/cable/test/good/007.png,37.663570404052734
M1_uniform,cable,2,shift_good,brightness_1.5,strong,brightness,good,/root/autodl-tmp/research-experiments/industrial-anomaly-detection/data/mvtec_ad/cable/test/good/008.png,37.24543380737305
M1_uniform,cable,2,shift_good,brightness_1.5,strong,brightness,good,/root/autodl-tmp/research-experiments/industrial-anomaly-detection/data/mvtec_ad/cable/test/good/009.png,37.992820739746094
M1_uniform,cable,2,shift_good,brightness_1.5,strong,brightness,good,/root/autodl-tmp/research-experiments/industrial-anomaly-detection/data/mvtec_ad/cable/test/good/010.png,36.622520446777344
M1_uniform,cable,2,shift_good,brightness_1.5,strong,brightness,good,/root/autodl-tmp/research-experiments/industrial-anomaly-detection/data/mvtec_ad/cable/test/good/011.png,37.12287139892578
M1_uniform,cable,2,shift_good,brightness_1.5,strong,brightness,good,/root/autodl-tmp/research-experiments/industrial-anomaly-detection/data/mvtec_ad/cable/test/good/012.png,39.58889389038086
M1_uniform,cable,2,shift_good,brightness_1.5,strong,brightness,good,/root/autodl-tmp/research-experiments/industrial-anomaly-detection/data/mvtec_ad/cable/test/good/013.png,41.052818298339844
M1_uniform,cable,2,shift_good,brightness_1.5,strong,brightness,good,/root/autodl-tmp/research-experiments/industrial-anomaly-detection/data/mvtec_ad/cable/test/good/014.png,37.90005111694336
M1_uniform,cable,2,shift_good,brightness_1.5,strong,brightness,good,/root/autodl-tmp/research-experiments/industrial-anomaly-detection/data/mvtec_ad/cable/test/good/015.png,37.8707389831543
M1_uniform,cable,2,shift_good,brightness_1.5,strong,brightness,good,/root/autodl-tmp/research-experiments/industrial-anomaly-detection/data/mvtec_ad/cable/test/good/016.png,36.82290267944336
M1_uniform,cable,2,shift_good,brightness_1.5,strong,brightness,good,/root/autodl-tmp/research-experiments/industrial-anomaly-detection/data/mvtec_ad/cable/test/good/017.png,36.91536331176758
M1_uniform,cable,2,shift_good,brightness_1.5,strong,brightness,good,/root/autodl-tmp/research-experiments/industrial-anomaly-detection/data/mvtec_ad/cable/test/good/018.png,41.14262008666992
M1_uniform,cable,2,shift_good,brightness_1.5,strong,brightness,good,/root/autodl-tmp/research-experiments/industrial-anomaly-detection/data/mvtec_ad/cable/test/good/019.png,38.70596694946289
M1_uniform,cable,2,shift_good,brightness_1.5,strong,brightness,good,/root/autodl-tmp/research-experiments/industrial-anomaly-detection/data/mvtec_ad/cable/test/good/020.png,37.29972839355469
M1_uniform,cable,2,shift_good,brightness_1.5,strong,brightness,good,/root/autodl-tmp/research-experiments/industrial-anomaly-detection/data/mvtec_ad/cable/test/good/021.png,37.98936080932617
M1_uniform,cable,2,shift_good,brightness_1.5,strong,brightness,good,/root/autodl-tmp/research-experiments/industrial-anomaly-detection/data/mvtec_ad/cable/test/good/022.png,38.7739372253418
M1_uniform,cable,2,shift_good,brightness_1.5,strong,brightness,good,/root/autodl-tmp/research-experiments/industrial-anomaly-detection/data/mvtec_ad/cable/test/good/023.png,38.68391418457031
M1_uniform,cable,2,shift_good,brightness_1.5,strong,brightness,good,/root/autodl-tmp/research-experiments/industrial-anomaly-detection/data/mvtec_ad/cable/test/good/024.png,39.90117645263672
M1_uniform,cable,2,shift_good,brightness_1.5,strong,brightness,good,/root/autodl-tmp/research-experiments/industrial-anomaly-detection/data/mvtec_ad/cable/test/good/025.png,36.81215286254883
M1_uniform,cable,2,shift_good,brightness_1.5,strong,brightness,good,/root/autodl-tmp/research-experiments/industrial-anomaly-detection/data/mvtec_ad/cable/test/good/026.png,37.82611083984375
M1_uniform,cable,2,shift_good,brightness_1.5,strong,brightness,good,/root/autodl-tmp/research-experiments/industrial-anomaly-detection/data/mvtec_ad/cable/test/good/027.png,38.38926696777344
M1_uniform,cable,2,shift_good,brightness_1.5,strong,brightness,good,/root/autodl-tmp/research-experiments/industrial-anomaly-detection/data/mvtec_ad/cable/test/good/028.png,38.83498001098633
M1_uniform,cable,2,shift_good,brightness_1.5,strong,brightness,good,/root/autodl-tmp/research-experiments/industrial-anomaly-detection/data/mvtec_ad/cable/test/good/029.png,37.10871505737305
M1_uniform,cable,2,shift_good,brightness_1.5,strong,brightness,good,/root/autodl-tmp/research-experiments/industrial-anomaly-detection/data/mvtec_ad/cable/test/good/030.png,43.688804626464844
M1_uniform,cable,2,shift_good,brightness_1.5,strong,brightness,good,/root/autodl-tmp/research-experiments/industrial-anomaly-detection/data/mvtec_ad/cable/test/good/031.png,38.06722640991211
M1_uniform,cable,2,shift_good,brightness_1.5,strong,brightness,good,/root/autodl-tmp/research-experiments/industrial-anomaly-detection/data/mvtec_ad/cable/test/good/032.png,38.397281646728516
M1_uniform,cable,2,shift_good,brightness_1.5,strong,brightness,good,/root/autodl-tmp/research-experiments/industrial-anomaly-detection/data/mvtec_ad/cable/test/good/033.png,40.62975311279297
M1_uniform,cable,2,shift_good,brightness_1.5,strong,brightness,good,/root/autodl-tmp/research-experiments/industrial-anomaly-detection/data/mvtec_ad/cable/test/good/034.png,42.79009246826172
M1_uniform,cable,2,shift_good,brightness_1.5,strong,brightness,good,/root/autodl-tmp/research-experiments/industrial-anomaly-detection/data/mvtec_ad/cable/test/good/035.png,40.07345199584961
M1_uniform,cable,2,shift_good,brightness_1.5,strong,brightness,good,/root/autodl-tmp/research-experiments/industrial-anomaly-detection/data/mvtec_ad/cable/test/good/036.png,41.066139221191406
M1_uniform,cable,2,shift_good,brightness_1.5,strong,brightness,good,/root/autodl-tmp/research-experiments/industrial-anomaly-detection/data/mvtec_ad/cable/test/good/037.png,38.26301574707031
M1_uniform,cable,2,shift_good,brightness_1.5,strong,brightness,good,/root/autodl-tmp/research-experiments/industrial-anomaly-detection/data/mvtec_ad/cable/test/good/038.png,40.676246643066406
M1_uniform,cable,2,shift_good,brightness_1.5,strong,brightness,good,/root/autodl-tmp/research-experiments/industrial-anomaly-detection/data/mvtec_ad/cable/test/good/039.png,41.278900146484375
M1_uniform,cable,2,shift_good,brightness_1.5,strong,brightness,good,/root/autodl-tmp/research-experiments/industrial-anomaly-detection/data/mvtec_ad/cable/test/good/040.png,39.74464797973633
M1_uniform,cable,2,shift_good,brightness_1.5,strong,brightness,good,/root/autodl-tmp/research-experiments/industrial-anomaly-detection/data/mvtec_ad/cable/test/good/041.png,39.6861686706543
M1_uniform,cable,2,shift_good,brightness_1.5,strong,brightness,good,/root/autodl-tmp/research-experiments/industrial-anomaly-detection/data/mvtec_ad/cable/test/good/042.png,44.863914489746094
M1_uniform,cable,2,shift_good,brightness_1.5,strong,brightness,good,/root/autodl-tmp/research-experiments/industrial-anomaly-detection/data/mvtec_ad/cable/test/good/043.png,42.157493591308594
M1_uniform,cable,2,shift_good,brightness_1.5,strong,brightness,good,/root/autodl-tmp/research-experiments/industrial-anomaly-detection/data/mvtec_ad/cable/test/good/044.png,38.23960876464844
M1_uniform,cable,2,shift_good,brightness_1.5,strong,brightness,good,/root/autodl-tmp/research-experiments/industrial-anomaly-detection/data/mvtec_ad/cable/test/good/045.png,38.16166687011719
M1_uniform,cable,2,shift_good,brightness_1.5,strong,brightness,good,/root/autodl-tmp/research-experiments/industrial-anomaly-detection/data/mvtec_ad/cable/test/good/046.png,37.16259765625
M1_uniform,cable,2,shift_good,brightness_1.5,strong,brightness,good,/root/autodl-tmp/research-experiments/industrial-anomaly-detection/data/mvtec_ad/cable/test/good/047.png,36.76888656616211
M1_uniform,cable,2,shift_good,brightness_1.5,strong,brightness,good,/root/autodl-tmp/research-experiments/industrial-anomaly-detection/data/mvtec_ad/cable/test/good/048.png,38.48250198364258
M1_uniform,cable,2,shift_good,brightness_1.5,strong,brightness,good,/root/autodl-tmp/research-experiments/industrial-anomaly-detection/data/mvtec_ad/cable/test/good/049.png,39.216552734375
M1_uniform,cable,2,shift_good,brightness_1.5,strong,brightness,good,/root/autodl-tmp/research-experiments/industrial-anomaly-detection/data/mvtec_ad/cable/test/good/050.png,37.73809814453125
M1_uniform,cable,2,shift_good,brightness_1.5,strong,brightness,good,/root/autodl-tmp/research-experiments/industrial-anomaly-detection/data/mvtec_ad/cable/test/good/051.png,38.85504913330078
M1_uniform,cable,2,shift_good,brightness_1.5,strong,brightness,good,/root/autodl-tmp/research-experiments/industrial-anomaly-detection/data/mvtec_ad/cable/test/good/052.png,36.79983139038086
M1_uniform,cable,2,shift_good,brightness_1.5,strong,brightness,good,/root/autodl-tmp/research-experiments/industrial-anomaly-detection/data/mvtec_ad/cable/test/good/053.png,37.78182601928711
M1_uniform,cable,2,shift_good,brightness_1.5,strong,brightness,good,/root/autodl-tmp/research-experiments/industrial-anomaly-detection/data/mvtec_ad/cable/test/good/054.png,37.34805679321289
M1_uniform,cable,2,shift_good,brightness_1.5,strong,brightness,good,/root/autodl-tmp/research-experiments/industrial-anomaly-detection/data/mvtec_ad/cable/test/good/055.png,40.72611999511719
M1_uniform,cable,2,shift_good,brightness_1.5,strong,brightness,good,/root/autodl-tmp/research-experiments/industrial-anomaly-detection/data/mvtec_ad/cable/test/good/056.png,38.84080123901367
M1_uniform,cable,2,shift_good,brightness_1.5,strong,brightness,good,/root/autodl-tmp/research-experiments/industrial-anomaly-detection/data/mvtec_ad/cable/test/good/057.png,43.25433349609375
M1_uniform,cable,2,shift_good,gamma_0.9,mild,gamma,good,/root/autodl-tmp/research-experiments/industrial-anomaly-detection/data/mvtec_ad/cable/test/good/000.png,34.950469970703125
M1_uniform,cable,2,shift_good,gamma_0.9,mild,gamma,good,/root/autodl-tmp/research-experiments/industrial-anomaly-detection/data/mvtec_ad/cable/test/good/001.png,39.069602966308594
M1_uniform,cable,2,shift_good,gamma_0.9,mild,gamma,good,/root/autodl-tmp/research-experiments/industrial-anomaly-detection/data/mvtec_ad/cable/test/good/002.png,38.04948043823242
M1_uniform,cable,2,shift_good,gamma_0.9,mild,gamma,good,/root/autodl-tmp/research-experiments/industrial-anomaly-detection/data/mvtec_ad/cable/test/good/003.png,34.93159866333008
M1_uniform,cable,2,shift_good,gamma_0.9,mild,gamma,good,/root/autodl-tmp/research-experiments/industrial-anomaly-detection/data/mvtec_ad/cable/test/good/004.png,34.967830657958984
M1_uniform,cable,2,shift_good,gamma_0.9,mild,gamma,good,/root/autodl-tmp/research-experiments/industrial-anomaly-detection/data/mvtec_ad/cable/test/good/005.png,36.392906188964844
M1_uniform,cable,2,shift_good,gamma_0.9,mild,gamma,good,/root/autodl-tmp/research-experiments/industrial-anomaly-detection/data/mvtec_ad/cable/test/good/006.png,36.2950325012207
M1_uniform,cable,2,shift_good,gamma_0.9,mild,gamma,good,/root/autodl-tmp/research-experiments/industrial-anomaly-detection/data/mvtec_ad/cable/test/good/007.png,38.41524124145508
M1_uniform,cable,2,shift_good,gamma_0.9,mild,gamma,good,/root/autodl-tmp/research-experiments/industrial-anomaly-detection/data/mvtec_ad/cable/test/good/008.png,37.59244155883789
M1_uniform,cable,2,shift_good,gamma_0.9,mild,gamma,good,/root/autodl-tmp/research-experiments/industrial-anomaly-detection/data/mvtec_ad/cable/test/good/009.png,36.68833923339844
M1_uniform,cable,2,shift_good,gamma_0.9,mild,gamma,good,/root/autodl-tmp/research-experiments/industrial-anomaly-detection/data/mvtec_ad/cable/test/good/010.png,34.3759880065918
M1_uniform,cable,2,shift_good,gamma_0.9,mild,gamma,good,/root/autodl-tmp/research-experiments/industrial-anomaly-detection/data/mvtec_ad/cable/test/good/011.png,37.006103515625
M1_uniform,cable,2,shift_good,gamma_0.9,mild,gamma,good,/root/autodl-tmp/research-experiments/industrial-anomaly-detection/data/mvtec_ad/cable/test/good/012.png,37.56418991088867
M1_uniform,cable,2,shift_good,gamma_0.9,mild,gamma,good,/root/autodl-tmp/research-experiments/industrial-anomaly-detection/data/mvtec_ad/cable/test/good/013.png,40.08821105957031
M1_uniform,cable,2,shift_good,gamma_0.9,mild,gamma,good,/root/autodl-tmp/research-experiments/industrial-anomaly-detection/data/mvtec_ad/cable/test/good/014.png,39.03314208984375
M1_uniform,cable,2,shift_good,gamma_0.9,mild,gamma,good,/root/autodl-tmp/research-experiments/industrial-anomaly-detection/data/mvtec_ad/cable/test/good/015.png,36.7149772644043
M1_uniform,cable,2,shift_good,gamma_0.9,mild,gamma,good,/root/autodl-tmp/research-experiments/industrial-anomaly-detection/data/mvtec_ad/cable/test/good/016.png,37.78427505493164
M1_uniform,cable,2,shift_good,gamma_0.9,mild,gamma,good,/root/autodl-tmp/research-experiments/industrial-anomaly-detection/data/mvtec_ad/cable/test/good/017.png,35.494937896728516
M1_uniform,cable,2,shift_good,gamma_0.9,mild,gamma,good,/root/autodl-tmp/research-experiments/industrial-anomaly-detection/data/mvtec_ad/cable/test/good/018.png,38.909244537353516
M1_uniform,cable,2,shift_good,gamma_0.9,mild,gamma,good,/root/autodl-tmp/research-experiments/industrial-anomaly-detection/data/mvtec_ad/cable/test/good/019.png,39.56901550292969
M1_uniform,cable,2,shift_good,gamma_0.9,mild,gamma,good,/root/autodl-tmp/research-experiments/industrial-anomaly-detection/data/mvtec_ad/cable/test/good/020.png,35.700836181640625
M1_uniform,cable,2,shift_good,gamma_0.9,mild,gamma,good,/root/autodl-tmp/research-experiments/industrial-anomaly-detection/data/mvtec_ad/cable/test/good/021.png,35.9089469909668
M1_uniform,cable,2,shift_good,gamma_0.9,mild,gamma,good,/root/autodl-tmp/research-experiments/industrial-anomaly-detection/data/mvtec_ad/cable/test/good/022.png,38.33878707885742
M1_uniform,cable,2,shift_good,gamma_0.9,mild,gamma,good,/root/autodl-tmp/research-experiments/industrial-anomaly-detection/data/mvtec_ad/cable/test/good/023.png,36.21883773803711
M1_uniform,cable,2,shift_good,gamma_0.9,mild,gamma,good,/root/autodl-tmp/research-experiments/industrial-anomaly-detection/data/mvtec_ad/cable/test/good/024.png,37.99199295043945
M1_uniform,cable,2,shift_good,gamma_0.9,mild,gamma,good,/root/autodl-tmp/research-experiments/industrial-anomaly-detection/data/mvtec_ad/cable/test/good/025.png,35.63653564453125
M1_uniform,cable,2,shift_good,gamma_0.9,mild,gamma,good,/root/autodl-tmp/research-experiments/industrial-anomaly-detection/data/mvtec_ad/cable/test/good/026.png,35.410560607910156
M1_uniform,cable,2,shift_good,gamma_0.9,mild,gamma,good,/root/autodl-tmp/research-experiments/industrial-anomaly-detection/data/mvtec_ad/cable/test/good/027.png,36.71779251098633
M1_uniform,cable,2,shift_good,gamma_0.9,mild,gamma,good,/root/autodl-tmp/research-experiments/industrial-anomaly-detection/data/mvtec_ad/cable/test/good/028.png,35.531455993652344
M1_uniform,cable,2,shift_good,gamma_0.9,mild,gamma,good,/root/autodl-tmp/research-experiments/industrial-anomaly-detection/data/mvtec_ad/cable/test/good/029.png,35.89750289916992
M1_uniform,cable,2,shift_good,gamma_0.9,mild,gamma,good,/root/autodl-tmp/research-experiments/industrial-anomaly-detection/data/mvtec_ad/cable/test/good/030.png,41.37549591064453
M1_uniform,cable,2,shift_good,gamma_0.9,mild,gamma,good,/root/autodl-tmp/research-experiments/industrial-anomaly-detection/data/mvtec_ad/cable/test/good/031.png,37.562538146972656
M1_uniform,cable,2,shift_good,gamma_0.9,mild,gamma,good,/root/autodl-tmp/research-experiments/industrial-anomaly-detection/data/mvtec_ad/cable/test/good/032.png,37.23724365234375
M1_uniform,cable,2,shift_good,gamma_0.9,mild,gamma,good,/root/autodl-tmp/research-experiments/industrial-anomaly-detection/data/mvtec_ad/cable/test/good/033.png,36.590553283691406
M1_uniform,cable,2,shift_good,gamma_0.9,mild,gamma,good,/root/autodl-tmp/research-experiments/industrial-anomaly-detection/data/mvtec_ad/cable/test/good/034.png,37.94300842285156
M1_uniform,cable,2,shift_good,gamma_0.9,mild,gamma,good,/root/autodl-tmp/research-experiments/industrial-anomaly-detection/data/mvtec_ad/cable/test/good/035.png,36.302146911621094
M1_uniform,cable,2,shift_good,gamma_0.9,mild,gamma,good,/root/autodl-tmp/research-experiments/industrial-anomaly-detection/data/mvtec_ad/cable/test/good/036.png,36.83866882324219
M1_uniform,cable,2,shift_good,gamma_0.9,mild,gamma,good,/root/autodl-tmp/research-experiments/industrial-anomaly-detection/data/mvtec_ad/cable/test/good/037.png,37.61225509643555
M1_uniform,cable,2,shift_good,gamma_0.9,mild,gamma,good,/root/autodl-tmp/research-experiments/industrial-anomaly-detection/data/mvtec_ad/cable/test/good/038.png,38.508201599121094
M1_uniform,cable,2,shift_good,gamma_0.9,mild,gamma,good,/root/autodl-tmp/research-experiments/industrial-anomaly-detection/data/mvtec_ad/cable/test/good/039.png,41.24467468261719
M1_uniform,cable,2,shift_good,gamma_0.9,mild,gamma,good,/root/autodl-tmp/research-experiments/industrial-anomaly-detection/data/mvtec_ad/cable/test/good/040.png,35.61309051513672
M1_uniform,cable,2,shift_good,gamma_0.9,mild,gamma,good,/root/autodl-tmp/research-experiments/industrial-anomaly-detection/data/mvtec_ad/cable/test/good/041.png,37.80644607543945
M1_uniform,cable,2,shift_good,gamma_0.9,mild,gamma,good,/root/autodl-tmp/research-experiments/industrial-anomaly-detection/data/mvtec_ad/cable/test/good/042.png,38.114356994628906
M1_uniform,cable,2,shift_good,gamma_0.9,mild,gamma,good,/root/autodl-tmp/research-experiments/industrial-anomaly-detection/data/mvtec_ad/cable/test/good/043.png,36.763328552246094
M1_uniform,cable,2,shift_good,gamma_0.9,mild,gamma,good,/root/autodl-tmp/research-experiments/industrial-anomaly-detection/data/mvtec_ad/cable/test/good/044.png,37.54462814331055
M1_uniform,cable,2,shift_good,gamma_0.9,mild,gamma,good,/root/autodl-tmp/research-experiments/industrial-anomaly-detection/data/mvtec_ad/cable/test/good/045.png,38.23850631713867
M1_uniform,cable,2,shift_good,gamma_0.9,mild,gamma,good,/root/autodl-tmp/research-experiments/industrial-anomaly-detection/data/mvtec_ad/cable/test/good/046.png,36.37677764892578
M1_uniform,cable,2,shift_good,gamma_0.9,mild,gamma,good,/root/autodl-tmp/research-experiments/industrial-anomaly-detection/data/mvtec_ad/cable/test/good/047.png,36.305850982666016
M1_uniform,cable,2,shift_good,gamma_0.9,mild,gamma,good,/root/autodl-tmp/research-experiments/industrial-anomaly-detection/data/mvtec_ad/cable/test/good/048.png,37.97540283203125
M1_uniform,cable,2,shift_good,gamma_0.9,mild,gamma,good,/root/autodl-tmp/research-experiments/industrial-anomaly-detection/data/mvtec_ad/cable/test/good/049.png,37.289947509765625
M1_uniform,cable,2,shift_good,gamma_0.9,mild,gamma,good,/root/autodl-tmp/research-experiments/industrial-anomaly-detection/data/mvtec_ad/cable/test/good/050.png,36.65730285644531
M1_uniform,cable,2,shift_good,gamma_0.9,mild,gamma,good,/root/autodl-tmp/research-experiments/industrial-anomaly-detection/data/mvtec_ad/cable/test/good/051.png,38.689231872558594
M1_uniform,cable,2,shift_good,gamma_0.9,mild,gamma,good,/root/autodl-tmp/research-experiments/industrial-anomaly-detection/data/mvtec_ad/cable/test/good/052.png,35.78966522216797
M1_uniform,cable,2,shift_good,gamma_0.9,mild,gamma,good,/root/autodl-tmp/research-experiments/industrial-anomaly-detection/data/mvtec_ad/cable/test/good/053.png,36.91869354248047
M1_uniform,cable,2,shift_good,gamma_0.9,mild,gamma,good,/root/autodl-tmp/research-experiments/industrial-anomaly-detection/data/mvtec_ad/cable/test/good/054.png,37.03611373901367
M1_uniform,cable,2,shift_good,gamma_0.9,mild,gamma,good,/root/autodl-tmp/research-experiments/industrial-anomaly-detection/data/mvtec_ad/cable/test/good/055.png,39.502464294433594
M1_uniform,cable,2,shift_good,gamma_0.9,mild,gamma,good,/root/autodl-tmp/research-experiments/industrial-anomaly-detection/data/mvtec_ad/cable/test/good/056.png,36.7773551940918
M1_uniform,cable,2,shift_good,gamma_0.9,mild,gamma,good,/root/autodl-tmp/research-experiments/industrial-anomaly-detection/data/mvtec_ad/cable/test/good/057.png,45.74058151245117
M1_uniform,cable,2,shift_good,gamma_1.1,mild,gamma,good,/root/autodl-tmp/research-experiments/industrial-anomaly-detection/data/mvtec_ad/cable/test/good/000.png,34.53225326538086
M1_uniform,cable,2,shift_good,gamma_1.1,mild,gamma,good,/root/autodl-tmp/research-experiments/industrial-anomaly-detection/data/mvtec_ad/cable/test/good/001.png,39.07201385498047
M1_uniform,cable,2,shift_good,gamma_1.1,mild,gamma,good,/root/autodl-tmp/research-experiments/industrial-anomaly-detection/data/mvtec_ad/cable/test/good/002.png,38.15069580078125
M1_uniform,cable,2,shift_good,gamma_1.1,mild,gamma,good,/root/autodl-tmp/research-experiments/industrial-anomaly-detection/data/mvtec_ad/cable/test/good/003.png,34.758609771728516
M1_uniform,cable,2,shift_good,gamma_1.1,mild,gamma,good,/root/autodl-tmp/research-experiments/industrial-anomaly-detection/data/mvtec_ad/cable/test/good/004.png,34.98426818847656
M1_uniform,cable,2,shift_good,gamma_1.1,mild,gamma,good,/root/autodl-tmp/research-experiments/industrial-anomaly-detection/data/mvtec_ad/cable/test/good/005.png,36.45070266723633
M1_uniform,cable,2,shift_good,gamma_1.1,mild,gamma,good,/root/autodl-tmp/research-experiments/industrial-anomaly-detection/data/mvtec_ad/cable/test/good/006.png,36.06928634643555
M1_uniform,cable,2,shift_good,gamma_1.1,mild,gamma,good,/root/autodl-tmp/research-experiments/industrial-anomaly-detection/data/mvtec_ad/cable/test/good/007.png,38.06418228149414
M1_uniform,cable,2,shift_good,gamma_1.1,mild,gamma,good,/root/autodl-tmp/research-experiments/industrial-anomaly-detection/data/mvtec_ad/cable/test/good/008.png,37.35176086425781
M1_uniform,cable,2,shift_good,gamma_1.1,mild,gamma,good,/root/autodl-tmp/research-experiments/industrial-anomaly-detection/data/mvtec_ad/cable/test/good/009.png,36.13294982910156
M1_uniform,cable,2,shift_good,gamma_1.1,mild,gamma,good,/root/autodl-tmp/research-experiments/industrial-anomaly-detection/data/mvtec_ad/cable/test/good/010.png,34.355133056640625
M1_uniform,cable,2,shift_good,gamma_1.1,mild,gamma,good,/root/autodl-tmp/research-experiments/industrial-anomaly-detection/data/mvtec_ad/cable/test/good/011.png,36.57780456542969
M1_uniform,cable,2,shift_good,gamma_1.1,mild,gamma,good,/root/autodl-tmp/research-experiments/industrial-anomaly-detection/data/mvtec_ad/cable/test/good/012.png,37.83638000488281
M1_uniform,cable,2,shift_good,gamma_1.1,mild,gamma,good,/root/autodl-tmp/research-experiments/industrial-anomaly-detection/data/mvtec_ad/cable/test/good/013.png,39.99285888671875
M1_uniform,cable,2,shift_good,gamma_1.1,mild,gamma,good,/root/autodl-tmp/research-experiments/industrial-anomaly-detection/data/mvtec_ad/cable/test/good/014.png,38.48369598388672
M1_uniform,cable,2,shift_good,gamma_1.1,mild,gamma,good,/root/autodl-tmp/research-experiments/industrial-anomaly-detection/data/mvtec_ad/cable/test/good/015.png,36.8004035949707
M1_uniform,cable,2,shift_good,gamma_1.1,mild,gamma,good,/root/autodl-tmp/research-experiments/industrial-anomaly-detection/data/mvtec_ad/cable/test/good/016.png,37.13469314575195
M1_uniform,cable,2,shift_good,gamma_1.1,mild,gamma,good,/root/autodl-tmp/research-experiments/industrial-anomaly-detection/data/mvtec_ad/cable/test/good/017.png,35.23274230957031
M1_uniform,cable,2,shift_good,gamma_1.1,mild,gamma,good,/root/autodl-tmp/research-experiments/industrial-anomaly-detection/data/mvtec_ad/cable/test/good/018.png,39.06531524658203
M1_uniform,cable,2,shift_good,gamma_1.1,mild,gamma,good,/root/autodl-tmp/research-experiments/industrial-anomaly-detection/data/mvtec_ad/cable/test/good/019.png,39.394309997558594
M1_uniform,cable,2,shift_good,gamma_1.1,mild,gamma,good,/root/autodl-tmp/research-experiments/industrial-anomaly-detection/data/mvtec_ad/cable/test/good/020.png,35.83140563964844
M1_uniform,cable,2,shift_good,gamma_1.1,mild,gamma,good,/root/autodl-tmp/research-experiments/industrial-anomaly-detection/data/mvtec_ad/cable/test/good/021.png,36.038307189941406
M1_uniform,cable,2,shift_good,gamma_1.1,mild,gamma,good,/root/autodl-tmp/research-experiments/industrial-anomaly-detection/data/mvtec_ad/cable/test/good/022.png,37.97054672241211
M1_uniform,cable,2,shift_good,gamma_1.1,mild,gamma,good,/root/autodl-tmp/research-experiments/industrial-anomaly-detection/data/mvtec_ad/cable/test/good/023.png,35.88014602661133
M1_uniform,cable,2,shift_good,gamma_1.1,mild,gamma,good,/root/autodl-tmp/research-experiments/industrial-anomaly-detection/data/mvtec_ad/cable/test/good/024.png,38.45768737792969
M1_uniform,cable,2,shift_good,gamma_1.1,mild,gamma,good,/root/autodl-tmp/research-experiments/industrial-anomaly-detection/data/mvtec_ad/cable/test/good/025.png,35.437564849853516
M1_uniform,cable,2,shift_good,gamma_1.1,mild,gamma,good,/root/autodl-tmp/research-experiments/industrial-anomaly-detection/data/mvtec_ad/cable/test/good/026.png,35.094261169433594
M1_uniform,cable,2,shift_good,gamma_1.1,mild,gamma,good,/root/autodl-tmp/research-experiments/industrial-anomaly-detection/data/mvtec_ad/cable/test/good/027.png,36.99012756347656
M1_uniform,cable,2,shift_good,gamma_1.1,mild,gamma,good,/root/autodl-tmp/research-experiments/industrial-anomaly-detection/data/mvtec_ad/cable/test/good/028.png,35.62901306152344
M1_uniform,cable,2,shift_good,gamma_1.1,mild,gamma,good,/root/autodl-tmp/research-experiments/industrial-anomaly-detection/data/mvtec_ad/cable/test/good/029.png,35.61103820800781
M1_uniform,cable,2,shift_good,gamma_1.1,mild,gamma,good,/root/autodl-tmp/research-experiments/industrial-anomaly-detection/data/mvtec_ad/cable/test/good/030.png,41.55448913574219
M1_uniform,cable,2,shift_good,gamma_1.1,mild,gamma,good,/root/autodl-tmp/research-experiments/industrial-anomaly-detection/data/mvtec_ad/cable/test/good/031.png,36.74516296386719
M1_uniform,cable,2,shift_good,gamma_1.1,mild,gamma,good,/root/autodl-tmp/research-experiments/industrial-anomaly-detection/data/mvtec_ad/cable/test/good/032.png,37.03152847290039
M1_uniform,cable,2,shift_good,gamma_1.1,mild,gamma,good,/root/autodl-tmp/research-experiments/industrial-anomaly-detection/data/mvtec_ad/cable/test/good/033.png,36.40244674682617
M1_uniform,cable,2,shift_good,gamma_1.1,mild,gamma,good,/root/autodl-tmp/research-experiments/industrial-anomaly-detection/data/mvtec_ad/cable/test/good/034.png,37.50394821166992
M1_uniform,cable,2,shift_good,gamma_1.1,mild,gamma,good,/root/autodl-tmp/research-experiments/industrial-anomaly-detection/data/mvtec_ad/cable/test/good/035.png,36.01533889770508
M1_uniform,cable,2,shift_good,gamma_1.1,mild,gamma,good,/root/autodl-tmp/research-experiments/industrial-anomaly-detection/data/mvtec_ad/cable/test/good/036.png,36.35850143432617
M1_uniform,cable,2,shift_good,gamma_1.1,mild,gamma,good,/root/autodl-tmp/research-experiments/industrial-anomaly-detection/data/mvtec_ad/cable/test/good/037.png,37.345314025878906
M1_uniform,cable,2,shift_good,gamma_1.1,mild,gamma,good,/root/autodl-tmp/research-experiments/industrial-anomaly-detection/data/mvtec_ad/cable/test/good/038.png,37.77287292480469
M1_uniform,cable,2,shift_good,gamma_1.1,mild,gamma,good,/root/autodl-tmp/research-experiments/industrial-anomaly-detection/data/mvtec_ad/cable/test/good/039.png,40.55665588378906
M1_uniform,cable,2,shift_good,gamma_1.1,mild,gamma,good,/root/autodl-tmp/research-experiments/industrial-anomaly-detection/data/mvtec_ad/cable/test/good/040.png,35.099578857421875
M1_uniform,cable,2,shift_good,gamma_1.1,mild,gamma,good,/root/autodl-tmp/research-experiments/industrial-anomaly-detection/data/mvtec_ad/cable/test/good/041.png,38.049217224121094
M1_uniform,cable,2,shift_good,gamma_1.1,mild,gamma,good,/root/autodl-tmp/research-experiments/industrial-anomaly-detection/data/mvtec_ad/cable/test/good/042.png,38.419334411621094
M1_uniform,cable,2,shift_good,gamma_1.1,mild,gamma,good,/root/autodl-tmp/research-experiments/industrial-anomaly-detection/data/mvtec_ad/cable/test/good/043.png,36.68515396118164
M1_uniform,cable,2,shift_good,gamma_1.1,mild,gamma,good,/root/autodl-tmp/research-experiments/industrial-anomaly-detection/data/mvtec_ad/cable/test/good/044.png,37.41962814331055
M1_uniform,cable,2,shift_good,gamma_1.1,mild,gamma,good,/root/autodl-tmp/research-experiments/industrial-anomaly-detection/data/mvtec_ad/cable/test/good/045.png,38.02404022216797
M1_uniform,cable,2,shift_good,gamma_1.1,mild,gamma,good,/root/autodl-tmp/research-experiments/industrial-anomaly-detection/data/mvtec_ad/cable/test/good/046.png,35.79586410522461
M1_uniform,cable,2,shift_good,gamma_1.1,mild,gamma,good,/root/autodl-tmp/research-experiments/industrial-anomaly-detection/data/mvtec_ad/cable/test/good/047.png,36.58717346191406
M1_uniform,cable,2,shift_good,gamma_1.1,mild,gamma,good,/root/autodl-tmp/research-experiments/industrial-anomaly-detection/data/mvtec_ad/cable/test/good/048.png,37.66492462158203
M1_uniform,cable,2,shift_good,gamma_1.1,mild,gamma,good,/root/autodl-tmp/research-experiments/industrial-anomaly-detection/data/mvtec_ad/cable/test/good/049.png,37.12042999267578
M1_uniform,cable,2,shift_good,gamma_1.1,mild,gamma,good,/root/autodl-tmp/research-experiments/industrial-anomaly-detection/data/mvtec_ad/cable/test/good/050.png,36.746456146240234
M1_uniform,cable,2,shift_good,gamma_1.1,mild,gamma,good,/root/autodl-tmp/research-experiments/industrial-anomaly-detection/data/mvtec_ad/cable/test/good/051.png,37.797481536865234
M1_uniform,cable,2,shift_good,gamma_1.1,mild,gamma,good,/root/autodl-tmp/research-experiments/industrial-anomaly-detection/data/mvtec_ad/cable/test/good/052.png,35.22673416137695
M1_uniform,cable,2,shift_good,gamma_1.1,mild,gamma,good,/root/autodl-tmp/research-experiments/industrial-anomaly-detection/data/mvtec_ad/cable/test/good/053.png,36.87510681152344
M1_uniform,cable,2,shift_good,gamma_1.1,mild,gamma,good,/root/autodl-tmp/research-experiments/industrial-anomaly-detection/data/mvtec_ad/cable/test/good/054.png,36.48225784301758
M1_uniform,cable,2,shift_good,gamma_1.1,mild,gamma,good,/root/autodl-tmp/research-experiments/industrial-anomaly-detection/data/mvtec_ad/cable/test/good/055.png,39.47195816040039
M1_uniform,cable,2,shift_good,gamma_1.1,mild,gamma,good,/root/autodl-tmp/research-experiments/industrial-anomaly-detection/data/mvtec_ad/cable/test/good/056.png,36.8051872253418
M1_uniform,cable,2,shift_good,gamma_1.1,mild,gamma,good,/root/autodl-tmp/research-experiments/industrial-anomaly-detection/data/mvtec_ad/cable/test/good/057.png,44.87131118774414
M1_uniform,cable,2,shift_good,gamma_0.7,medium,gamma,good,/root/autodl-tmp/research-experiments/industrial-anomaly-detection/data/mvtec_ad/cable/test/good/000.png,35.89381408691406
M1_uniform,cable,2,shift_good,gamma_0.7,medium,gamma,good,/root/autodl-tmp/research-experiments/industrial-anomaly-detection/data/mvtec_ad/cable/test/good/001.png,39.59687805175781
M1_uniform,cable,2,shift_good,gamma_0.7,medium,gamma,good,/root/autodl-tmp/research-experiments/industrial-anomaly-detection/data/mvtec_ad/cable/test/good/002.png,37.527652740478516
M1_uniform,cable,2,shift_good,gamma_0.7,medium,gamma,good,/root/autodl-tmp/research-experiments/industrial-anomaly-detection/data/mvtec_ad/cable/test/good/003.png,36.05080032348633
M1_uniform,cable,2,shift_good,gamma_0.7,medium,gamma,good,/root/autodl-tmp/research-experiments/industrial-anomaly-detection/data/mvtec_ad/cable/test/good/004.png,35.55136489868164
M1_uniform,cable,2,shift_good,gamma_0.7,medium,gamma,good,/root/autodl-tmp/research-experiments/industrial-anomaly-detection/data/mvtec_ad/cable/test/good/005.png,35.79875183105469
M1_uniform,cable,2,shift_good,gamma_0.7,medium,gamma,good,/root/autodl-tmp/research-experiments/industrial-anomaly-detection/data/mvtec_ad/cable/test/good/006.png,37.80935287475586
M1_uniform,cable,2,shift_good,gamma_0.7,medium,gamma,good,/root/autodl-tmp/research-experiments/industrial-anomaly-detection/data/mvtec_ad/cable/test/good/007.png,39.09177780151367
M1_uniform,cable,2,shift_good,gamma_0.7,medium,gamma,good,/root/autodl-tmp/research-experiments/industrial-anomaly-detection/data/mvtec_ad/cable/test/good/008.png,38.195274353027344
M1_uniform,cable,2,shift_good,gamma_0.7,medium,gamma,good,/root/autodl-tmp/research-experiments/industrial-anomaly-detection/data/mvtec_ad/cable/test/good/009.png,36.77777099609375
M1_uniform,cable,2,shift_good,gamma_0.7,medium,gamma,good,/root/autodl-tmp/research-experiments/industrial-anomaly-detection/data/mvtec_ad/cable/test/good/010.png,34.744049072265625
M1_uniform,cable,2,shift_good,gamma_0.7,medium,gamma,good,/root/autodl-tmp/research-experiments/industrial-anomaly-detection/data/mvtec_ad/cable/test/good/011.png,37.077491760253906
M1_uniform,cable,2,shift_good,gamma_0.7,medium,gamma,good,/root/autodl-tmp/research-experiments/industrial-anomaly-detection/data/mvtec_ad/cable/test/good/012.png,37.78801727294922
M1_uniform,cable,2,shift_good,gamma_0.7,medium,gamma,good,/root/autodl-tmp/research-experiments/industrial-anomaly-detection/data/mvtec_ad/cable/test/good/013.png,40.77804946899414
M1_uniform,cable,2,shift_good,gamma_0.7,medium,gamma,good,/root/autodl-tmp/research-experiments/industrial-anomaly-detection/data/mvtec_ad/cable/test/good/014.png,39.851219177246094
M1_uniform,cable,2,shift_good,gamma_0.7,medium,gamma,good,/root/autodl-tmp/research-experiments/industrial-anomaly-detection/data/mvtec_ad/cable/test/good/015.png,36.557106018066406
M1_uniform,cable,2,shift_good,gamma_0.7,medium,gamma,good,/root/autodl-tmp/research-experiments/industrial-anomaly-detection/data/mvtec_ad/cable/test/good/016.png,39.38618850708008
M1_uniform,cable,2,shift_good,gamma_0.7,medium,gamma,good,/root/autodl-tmp/research-experiments/industrial-anomaly-detection/data/mvtec_ad/cable/test/good/017.png,36.17508316040039
M1_uniform,cable,2,shift_good,gamma_0.7,medium,gamma,good,/root/autodl-tmp/research-experiments/industrial-anomaly-detection/data/mvtec_ad/cable/test/good/018.png,39.24287033081055
M1_uniform,cable,2,shift_good,gamma_0.7,medium,gamma,good,/root/autodl-tmp/research-experiments/industrial-anomaly-detection/data/mvtec_ad/cable/test/good/019.png,39.72709274291992
M1_uniform,cable,2,shift_good,gamma_0.7,medium,gamma,good,/root/autodl-tmp/research-experiments/industrial-anomaly-detection/data/mvtec_ad/cable/test/good/020.png,35.786834716796875
M1_uniform,cable,2,shift_good,gamma_0.7,medium,gamma,good,/root/autodl-tmp/research-experiments/industrial-anomaly-detection/data/mvtec_ad/cable/test/good/021.png,36.49174118041992
M1_uniform,cable,2,shift_good,gamma_0.7,medium,gamma,good,/root/autodl-tmp/research-experiments/industrial-anomaly-detection/data/mvtec_ad/cable/test/good/022.png,39.06927490234375
M1_uniform,cable,2,shift_good,gamma_0.7,medium,gamma,good,/root/autodl-tmp/research-experiments/industrial-anomaly-detection/data/mvtec_ad/cable/test/good/023.png,36.59428787231445
M1_uniform,cable,2,shift_good,gamma_0.7,medium,gamma,good,/root/autodl-tmp/research-experiments/industrial-anomaly-detection/data/mvtec_ad/cable/test/good/024.png,38.465328216552734
M1_uniform,cable,2,shift_good,gamma_0.7,medium,gamma,good,/root/autodl-tmp/research-experiments/industrial-anomaly-detection/data/mvtec_ad/cable/test/good/025.png,36.09595489501953
M1_uniform,cable,2,shift_good,gamma_0.7,medium,gamma,good,/root/autodl-tmp/research-experiments/industrial-anomaly-detection/data/mvtec_ad/cable/test/good/026.png,35.917518615722656
M1_uniform,cable,2,shift_good,gamma_0.7,medium,gamma,good,/root/autodl-tmp/research-experiments/industrial-anomaly-detection/data/mvtec_ad/cable/test/good/027.png,37.0101432800293
M1_uniform,cable,2,shift_good,gamma_0.7,medium,gamma,good,/root/autodl-tmp/research-experiments/industrial-anomaly-detection/data/mvtec_ad/cable/test/good/028.png,36.05698776245117
M1_uniform,cable,2,shift_good,gamma_0.7,medium,gamma,good,/root/autodl-tmp/research-experiments/industrial-anomaly-detection/data/mvtec_ad/cable/test/good/029.png,36.41735076904297
M1_uniform,cable,2,shift_good,gamma_0.7,medium,gamma,good,/root/autodl-tmp/research-experiments/industrial-anomaly-detection/data/mvtec_ad/cable/test/good/030.png,41.074058532714844
M1_uniform,cable,2,shift_good,gamma_0.7,medium,gamma,good,/root/autodl-tmp/research-experiments/industrial-anomaly-detection/data/mvtec_ad/cable/test/good/031.png,39.27399826049805
M1_uniform,cable,2,shift_good,gamma_0.7,medium,gamma,good,/root/autodl-tmp/research-experiments/industrial-anomaly-detection/data/mvtec_ad/cable/test/good/032.png,37.70212173461914
M1_uniform,cable,2,shift_good,gamma_0.7,medium,gamma,good,/root/autodl-tmp/research-experiments/industrial-anomaly-detection/data/mvtec_ad/cable/test/good/033.png,37.141971588134766
M1_uniform,cable,2,shift_good,gamma_0.7,medium,gamma,good,/root/autodl-tmp/research-experiments/industrial-anomaly-detection/data/mvtec_ad/cable/test/good/034.png,39.63203430175781
M1_uniform,cable,2,shift_good,gamma_0.7,medium,gamma,good,/root/autodl-tmp/research-experiments/industrial-anomaly-detection/data/mvtec_ad/cable/test/good/035.png,37.00285720825195
M1_uniform,cable,2,shift_good,gamma_0.7,medium,gamma,good,/root/autodl-tmp/research-experiments/industrial-anomaly-detection/data/mvtec_ad/cable/test/good/036.png,37.47431945800781
M1_uniform,cable,2,shift_good,gamma_0.7,medium,gamma,good,/root/autodl-tmp/research-experiments/industrial-anomaly-detection/data/mvtec_ad/cable/test/good/037.png,38.692848205566406
M1_uniform,cable,2,shift_good,gamma_0.7,medium,gamma,good,/root/autodl-tmp/research-experiments/industrial-anomaly-detection/data/mvtec_ad/cable/test/good/038.png,39.27260971069336
M1_uniform,cable,2,shift_good,gamma_0.7,medium,gamma,good,/root/autodl-tmp/research-experiments/industrial-anomaly-detection/data/mvtec_ad/cable/test/good/039.png,41.85634231567383
M1_uniform,cable,2,shift_good,gamma_0.7,medium,gamma,good,/root/autodl-tmp/research-experiments/industrial-anomaly-detection/data/mvtec_ad/cable/test/good/040.png,36.95787811279297
M1_uniform,cable,2,shift_good,gamma_0.7,medium,gamma,good,/root/autodl-tmp/research-experiments/industrial-anomaly-detection/data/mvtec_ad/cable/test/good/041.png,38.46648406982422
M1_uniform,cable,2,shift_good,gamma_0.7,medium,gamma,good,/root/autodl-tmp/research-experiments/industrial-anomaly-detection/data/mvtec_ad/cable/test/good/042.png,39.023502349853516
M1_uniform,cable,2,shift_good,gamma_0.7,medium,gamma,good,/root/autodl-tmp/research-experiments/industrial-anomaly-detection/data/mvtec_ad/cable/test/good/043.png,37.526092529296875
M1_uniform,cable,2,shift_good,gamma_0.7,medium,gamma,good,/root/autodl-tmp/research-experiments/industrial-anomaly-detection/data/mvtec_ad/cable/test/good/044.png,38.190086364746094
M1_uniform,cable,2,shift_good,gamma_0.7,medium,gamma,good,/root/autodl-tmp/research-experiments/industrial-anomaly-detection/data/mvtec_ad/cable/test/good/045.png,38.95292663574219
M1_uniform,cable,2,shift_good,gamma_0.7,medium,gamma,good,/root/autodl-tmp/research-experiments/industrial-anomaly-detection/data/mvtec_ad/cable/test/good/046.png,36.65827941894531
M1_uniform,cable,2,shift_good,gamma_0.7,medium,gamma,good,/root/autodl-tmp/research-experiments/industrial-anomaly-detection/data/mvtec_ad/cable/test/good/047.png,37.52309799194336
M1_uniform,cable,2,shift_good,gamma_0.7,medium,gamma,good,/root/autodl-tmp/research-experiments/industrial-anomaly-detection/data/mvtec_ad/cable/test/good/048.png,38.05278015136719
M1_uniform,cable,2,shift_good,gamma_0.7,medium,gamma,good,/root/autodl-tmp/research-experiments/industrial-anomaly-detection/data/mvtec_ad/cable/test/good/049.png,38.43159866333008
M1_uniform,cable,2,shift_good,gamma_0.7,medium,gamma,good,/root/autodl-tmp/research-experiments/industrial-anomaly-detection/data/mvtec_ad/cable/test/good/050.png,37.17705154418945
M1_uniform,cable,2,shift_good,gamma_0.7,medium,gamma,good,/root/autodl-tmp/research-experiments/industrial-anomaly-detection/data/mvtec_ad/cable/test/good/051.png,39.92866516113281
M1_uniform,cable,2,shift_good,gamma_0.7,medium,gamma,good,/root/autodl-tmp/research-experiments/industrial-anomaly-detection/data/mvtec_ad/cable/test/good/052.png,36.053531646728516
M1_uniform,cable,2,shift_good,gamma_0.7,medium,gamma,good,/root/autodl-tmp/research-experiments/industrial-anomaly-detection/data/mvtec_ad/cable/test/good/053.png,37.99231719970703
M1_uniform,cable,2,shift_good,gamma_0.7,medium,gamma,good,/root/autodl-tmp/research-experiments/industrial-anomaly-detection/data/mvtec_ad/cable/test/good/054.png,38.274513244628906
M1_uniform,cable,2,shift_good,gamma_0.7,medium,gamma,good,/root/autodl-tmp/research-experiments/industrial-anomaly-detection/data/mvtec_ad/cable/test/good/055.png,39.07107162475586
M1_uniform,cable,2,shift_good,gamma_0.7,medium,gamma,good,/root/autodl-tmp/research-experiments/industrial-anomaly-detection/data/mvtec_ad/cable/test/good/056.png,36.80861282348633
M1_uniform,cable,2,shift_good,gamma_0.7,medium,gamma,good,/root/autodl-tmp/research-experiments/industrial-anomaly-detection/data/mvtec_ad/cable/test/good/057.png,47.33891296386719
M1_uniform,cable,2,shift_good,gamma_1.3,medium,gamma,good,/root/autodl-tmp/research-experiments/industrial-anomaly-detection/data/mvtec_ad/cable/test/good/000.png,34.713592529296875
M1_uniform,cable,2,shift_good,gamma_1.3,medium,gamma,good,/root/autodl-tmp/research-experiments/industrial-anomaly-detection/data/mvtec_ad/cable/test/good/001.png,39.53533172607422
M1_uniform,cable,2,shift_good,gamma_1.3,medium,gamma,good,/root/autodl-tmp/research-experiments/industrial-anomaly-detection/data/mvtec_ad/cable/test/good/002.png,38.11739730834961
M1_uniform,cable,2,shift_good,gamma_1.3,medium,gamma,good,/root/autodl-tmp/research-experiments/industrial-anomaly-detection/data/mvtec_ad/cable/test/good/003.png,35.378421783447266
M1_uniform,cable,2,shift_good,gamma_1.3,medium,gamma,good,/root/autodl-tmp/research-experiments/industrial-anomaly-detection/data/mvtec_ad/cable/test/good/004.png,34.95805740356445
M1_uniform,cable,2,shift_good,gamma_1.3,medium,gamma,good,/root/autodl-tmp/research-experiments/industrial-anomaly-detection/data/mvtec_ad/cable/test/good/005.png,36.08662796020508
M1_uniform,cable,2,shift_good,gamma_1.3,medium,gamma,good,/root/autodl-tmp/research-experiments/industrial-anomaly-detection/data/mvtec_ad/cable/test/good/006.png,36.38739013671875
M1_uniform,cable,2,shift_good,gamma_1.3,medium,gamma,good,/root/autodl-tmp/research-experiments/industrial-anomaly-detection/data/mvtec_ad/cable/test/good/007.png,37.898414611816406
M1_uniform,cable,2,shift_good,gamma_1.3,medium,gamma,good,/root/autodl-tmp/research-experiments/industrial-anomaly-detection/data/mvtec_ad/cable/test/good/008.png,37.062095642089844
M1_uniform,cable,2,shift_good,gamma_1.3,medium,gamma,good,/root/autodl-tmp/research-experiments/industrial-anomaly-detection/data/mvtec_ad/cable/test/good/009.png,36.43777084350586
M1_uniform,cable,2,shift_good,gamma_1.3,medium,gamma,good,/root/autodl-tmp/research-experiments/industrial-anomaly-detection/data/mvtec_ad/cable/test/good/010.png,34.47265625
M1_uniform,cable,2,shift_good,gamma_1.3,medium,gamma,good,/root/autodl-tmp/research-experiments/industrial-anomaly-detection/data/mvtec_ad/cable/test/good/011.png,36.743228912353516
M1_uniform,cable,2,shift_good,gamma_1.3,medium,gamma,good,/root/autodl-tmp/research-experiments/industrial-anomaly-detection/data/mvtec_ad/cable/test/good/012.png,38.123863220214844
M1_uniform,cable,2,shift_good,gamma_1.3,medium,gamma,good,/root/autodl-tmp/research-experiments/industrial-anomaly-detection/data/mvtec_ad/cable/test/good/013.png,40.3352165222168
M1_uniform,cable,2,shift_good,gamma_1.3,medium,gamma,good,/root/autodl-tmp/research-experiments/industrial-anomaly-detection/data/mvtec_ad/cable/test/good/014.png,38.58338165283203
M1_uniform,cable,2,shift_good,gamma_1.3,medium,gamma,good,/root/autodl-tmp/research-experiments/industrial-anomaly-detection/data/mvtec_ad/cable/test/good/015.png,36.736900329589844
M1_uniform,cable,2,shift_good,gamma_1.3,medium,gamma,good,/root/autodl-tmp/research-experiments/industrial-anomaly-detection/data/mvtec_ad/cable/test/good/016.png,36.98843765258789
M1_uniform,cable,2,shift_good,gamma_1.3,medium,gamma,good,/root/autodl-tmp/research-experiments/industrial-anomaly-detection/data/mvtec_ad/cable/test/good/017.png,35.2807731628418
M1_uniform,cable,2,shift_good,gamma_1.3,medium,gamma,good,/root/autodl-tmp/research-experiments/industrial-anomaly-detection/data/mvtec_ad/cable/test/good/018.png,39.108245849609375
M1_uniform,cable,2,shift_good,gamma_1.3,medium,gamma,good,/root/autodl-tmp/research-experiments/industrial-anomaly-detection/data/mvtec_ad/cable/test/good/019.png,39.520729064941406
M1_uniform,cable,2,shift_good,gamma_1.3,medium,gamma,good,/root/autodl-tmp/research-experiments/industrial-anomaly-detection/data/mvtec_ad/cable/test/good/020.png,35.879852294921875
M1_uniform,cable,2,shift_good,gamma_1.3,medium,gamma,good,/root/autodl-tmp/research-experiments/industrial-anomaly-detection/data/mvtec_ad/cable/test/good/021.png,35.96940994262695
M1_uniform,cable,2,shift_good,gamma_1.3,medium,gamma,good,/root/autodl-tmp/research-experiments/industrial-anomaly-detection/data/mvtec_ad/cable/test/good/022.png,37.928951263427734
M1_uniform,cable,2,shift_good,gamma_1.3,medium,gamma,good,/root/autodl-tmp/research-experiments/industrial-anomaly-detection/data/mvtec_ad/cable/test/good/023.png,35.78339767456055
M1_uniform,cable,2,shift_good,gamma_1.3,medium,gamma,good,/root/autodl-tmp/research-experiments/industrial-anomaly-detection/data/mvtec_ad/cable/test/good/024.png,38.97639083862305
M1_uniform,cable,2,shift_good,gamma_1.3,medium,gamma,good,/root/autodl-tmp/research-experiments/industrial-anomaly-detection/data/mvtec_ad/cable/test/good/025.png,35.585514068603516
M1_uniform,cable,2,shift_good,gamma_1.3,medium,gamma,good,/root/autodl-tmp/research-experiments/industrial-anomaly-detection/data/mvtec_ad/cable/test/good/026.png,35.087059020996094
M1_uniform,cable,2,shift_good,gamma_1.3,medium,gamma,good,/root/autodl-tmp/research-experiments/industrial-anomaly-detection/data/mvtec_ad/cable/test/good/027.png,36.60697555541992
M1_uniform,cable,2,shift_good,gamma_1.3,medium,gamma,good,/root/autodl-tmp/research-experiments/industrial-anomaly-detection/data/mvtec_ad/cable/test/good/028.png,35.86515808105469
M1_uniform,cable,2,shift_good,gamma_1.3,medium,gamma,good,/root/autodl-tmp/research-experiments/industrial-anomaly-detection/data/mvtec_ad/cable/test/good/029.png,35.86335754394531
M1_uniform,cable,2,shift_good,gamma_1.3,medium,gamma,good,/root/autodl-tmp/research-experiments/industrial-anomaly-detection/data/mvtec_ad/cable/test/good/030.png,41.76525115966797
M1_uniform,cable,2,shift_good,gamma_1.3,medium,gamma,good,/root/autodl-tmp/research-experiments/industrial-anomaly-detection/data/mvtec_ad/cable/test/good/031.png,36.30913543701172
M1_uniform,cable,2,shift_good,gamma_1.3,medium,gamma,good,/root/autodl-tmp/research-experiments/industrial-anomaly-detection/data/mvtec_ad/cable/test/good/032.png,36.831607818603516
M1_uniform,cable,2,shift_good,gamma_1.3,medium,gamma,good,/root/autodl-tmp/research-experiments/industrial-anomaly-detection/data/mvtec_ad/cable/test/good/033.png,36.448001861572266
M1_uniform,cable,2,shift_good,gamma_1.3,medium,gamma,good,/root/autodl-tmp/research-experiments/industrial-anomaly-detection/data/mvtec_ad/cable/test/good/034.png,37.90451431274414
M1_uniform,cable,2,shift_good,gamma_1.3,medium,gamma,good,/root/autodl-tmp/research-experiments/industrial-anomaly-detection/data/mvtec_ad/cable/test/good/035.png,36.2337646484375
M1_uniform,cable,2,shift_good,gamma_1.3,medium,gamma,good,/root/autodl-tmp/research-experiments/industrial-anomaly-detection/data/mvtec_ad/cable/test/good/036.png,36.670257568359375
M1_uniform,cable,2,shift_good,gamma_1.3,medium,gamma,good,/root/autodl-tmp/research-experiments/industrial-anomaly-detection/data/mvtec_ad/cable/test/good/037.png,37.07072830200195
M1_uniform,cable,2,shift_good,gamma_1.3,medium,gamma,good,/root/autodl-tmp/research-experiments/industrial-anomaly-detection/data/mvtec_ad/cable/test/good/038.png,37.51117706298828
M1_uniform,cable,2,shift_good,gamma_1.3,medium,gamma,good,/root/autodl-tmp/research-experiments/industrial-anomaly-detection/data/mvtec_ad/cable/test/good/039.png,40.218353271484375
M1_uniform,cable,2,shift_good,gamma_1.3,medium,gamma,good,/root/autodl-tmp/research-experiments/industrial-anomaly-detection/data/mvtec_ad/cable/test/good/040.png,35.36135482788086
M1_uniform,cable,2,shift_good,gamma_1.3,medium,gamma,good,/root/autodl-tmp/research-experiments/industrial-anomaly-detection/data/mvtec_ad/cable/test/good/041.png,38.061702728271484
M1_uniform,cable,2,shift_good,gamma_1.3,medium,gamma,good,/root/autodl-tmp/research-experiments/industrial-anomaly-detection/data/mvtec_ad/cable/test/good/042.png,38.85370635986328
M1_uniform,cable,2,shift_good,gamma_1.3,medium,gamma,good,/root/autodl-tmp/research-experiments/industrial-anomaly-detection/data/mvtec_ad/cable/test/good/043.png,36.86665344238281
M1_uniform,cable,2,shift_good,gamma_1.3,medium,gamma,good,/root/autodl-tmp/research-experiments/industrial-anomaly-detection/data/mvtec_ad/cable/test/good/044.png,37.01213073730469
M1_uniform,cable,2,shift_good,gamma_1.3,medium,gamma,good,/root/autodl-tmp/research-experiments/industrial-anomaly-detection/data/mvtec_ad/cable/test/good/045.png,38.0194206237793
M1_uniform,cable,2,shift_good,gamma_1.3,medium,gamma,good,/root/autodl-tmp/research-experiments/industrial-anomaly-detection/data/mvtec_ad/cable/test/good/046.png,35.3245964050293
M1_uniform,cable,2,shift_good,gamma_1.3,medium,gamma,good,/root/autodl-tmp/research-experiments/industrial-anomaly-detection/data/mvtec_ad/cable/test/good/047.png,36.78770446777344
M1_uniform,cable,2,shift_good,gamma_1.3,medium,gamma,good,/root/autodl-tmp/research-experiments/industrial-anomaly-detection/data/mvtec_ad/cable/test/good/048.png,37.76642608642578
M1_uniform,cable,2,shift_good,gamma_1.3,medium,gamma,good,/root/autodl-tmp/research-experiments/industrial-anomaly-detection/data/mvtec_ad/cable/test/good/049.png,37.373504638671875
M1_uniform,cable,2,shift_good,gamma_1.3,medium,gamma,good,/root/autodl-tmp/research-experiments/industrial-anomaly-detection/data/mvtec_ad/cable/test/good/050.png,36.65336608886719
M1_uniform,cable,2,shift_good,gamma_1.3,medium,gamma,good,/root/autodl-tmp/research-experiments/industrial-anomaly-detection/data/mvtec_ad/cable/test/good/051.png,37.473114013671875
M1_uniform,cable,2,shift_good,gamma_1.3,medium,gamma,good,/root/autodl-tmp/research-experiments/industrial-anomaly-detection/data/mvtec_ad/cable/test/good/052.png,35.04945755004883
M1_uniform,cable,2,shift_good,gamma_1.3,medium,gamma,good,/root/autodl-tmp/research-experiments/industrial-anomaly-detection/data/mvtec_ad/cable/test/good/053.png,36.81907272338867
M1_uniform,cable,2,shift_good,gamma_1.3,medium,gamma,good,/root/autodl-tmp/research-experiments/industrial-anomaly-detection/data/mvtec_ad/cable/test/good/054.png,36.53782272338867
M1_uniform,cable,2,shift_good,gamma_1.3,medium,gamma,good,/root/autodl-tmp/research-experiments/industrial-anomaly-detection/data/mvtec_ad/cable/test/good/055.png,39.38304901123047
M1_uniform,cable,2,shift_good,gamma_1.3,medium,gamma,good,/root/autodl-tmp/research-experiments/industrial-anomaly-detection/data/mvtec_ad/cable/test/good/056.png,37.05485534667969
M1_uniform,cable,2,shift_good,gamma_1.3,medium,gamma,good,/root/autodl-tmp/research-experiments/industrial-anomaly-detection/data/mvtec_ad/cable/test/good/057.png,44.14683151245117
M1_uniform,cable,2,shift_good,gamma_0.5,strong,gamma,good,/root/autodl-tmp/research-experiments/industrial-anomaly-detection/data/mvtec_ad/cable/test/good/000.png,39.275020599365234
M1_uniform,cable,2,shift_good,gamma_0.5,strong,gamma,good,/root/autodl-tmp/research-experiments/industrial-anomaly-detection/data/mvtec_ad/cable/test/good/001.png,41.22835922241211
M1_uniform,cable,2,shift_good,gamma_0.5,strong,gamma,good,/root/autodl-tmp/research-experiments/industrial-anomaly-detection/data/mvtec_ad/cable/test/good/002.png,38.09709548950195
M1_uniform,cable,2,shift_good,gamma_0.5,strong,gamma,good,/root/autodl-tmp/research-experiments/industrial-anomaly-detection/data/mvtec_ad/cable/test/good/003.png,37.10324478149414
M1_uniform,cable,2,shift_good,gamma_0.5,strong,gamma,good,/root/autodl-tmp/research-experiments/industrial-anomaly-detection/data/mvtec_ad/cable/test/good/004.png,37.659446716308594
M1_uniform,cable,2,shift_good,gamma_0.5,strong,gamma,good,/root/autodl-tmp/research-experiments/industrial-anomaly-detection/data/mvtec_ad/cable/test/good/005.png,39.07260513305664
M1_uniform,cable,2,shift_good,gamma_0.5,strong,gamma,good,/root/autodl-tmp/research-experiments/industrial-anomaly-detection/data/mvtec_ad/cable/test/good/006.png,40.19702911376953
M1_uniform,cable,2,shift_good,gamma_0.5,strong,gamma,good,/root/autodl-tmp/research-experiments/industrial-anomaly-detection/data/mvtec_ad/cable/test/good/007.png,40.08469772338867
M1_uniform,cable,2,shift_good,gamma_0.5,strong,gamma,good,/root/autodl-tmp/research-experiments/industrial-anomaly-detection/data/mvtec_ad/cable/test/good/008.png,40.02411651611328
M1_uniform,cable,2,shift_good,gamma_0.5,strong,gamma,good,/root/autodl-tmp/research-experiments/industrial-anomaly-detection/data/mvtec_ad/cable/test/good/009.png,38.72419738769531
M1_uniform,cable,2,shift_good,gamma_0.5,strong,gamma,good,/root/autodl-tmp/research-experiments/industrial-anomaly-detection/data/mvtec_ad/cable/test/good/010.png,37.18934631347656
M1_uniform,cable,2,shift_good,gamma_0.5,strong,gamma,good,/root/autodl-tmp/research-experiments/industrial-anomaly-detection/data/mvtec_ad/cable/test/good/011.png,39.044490814208984
M1_uniform,cable,2,shift_good,gamma_0.5,strong,gamma,good,/root/autodl-tmp/research-experiments/industrial-anomaly-detection/data/mvtec_ad/cable/test/good/012.png,40.421607971191406
M1_uniform,cable,2,shift_good,gamma_0.5,strong,gamma,good,/root/autodl-tmp/research-experiments/industrial-anomaly-detection/data/mvtec_ad/cable/test/good/013.png,42.650150299072266
M1_uniform,cable,2,shift_good,gamma_0.5,strong,gamma,good,/root/autodl-tmp/research-experiments/industrial-anomaly-detection/data/mvtec_ad/cable/test/good/014.png,41.05524444580078
M1_uniform,cable,2,shift_good,gamma_0.5,strong,gamma,good,/root/autodl-tmp/research-experiments/industrial-anomaly-detection/data/mvtec_ad/cable/test/good/015.png,37.315391540527344
M1_uniform,cable,2,shift_good,gamma_0.5,strong,gamma,good,/root/autodl-tmp/research-experiments/industrial-anomaly-detection/data/mvtec_ad/cable/test/good/016.png,41.65077590942383
M1_uniform,cable,2,shift_good,gamma_0.5,strong,gamma,good,/root/autodl-tmp/research-experiments/industrial-anomaly-detection/data/mvtec_ad/cable/test/good/017.png,38.108829498291016
M1_uniform,cable,2,shift_good,gamma_0.5,strong,gamma,good,/root/autodl-tmp/research-experiments/industrial-anomaly-detection/data/mvtec_ad/cable/test/good/018.png,39.4022331237793
M1_uniform,cable,2,shift_good,gamma_0.5,strong,gamma,good,/root/autodl-tmp/research-experiments/industrial-anomaly-detection/data/mvtec_ad/cable/test/good/019.png,40.67012023925781
M1_uniform,cable,2,shift_good,gamma_0.5,strong,gamma,good,/root/autodl-tmp/research-experiments/industrial-anomaly-detection/data/mvtec_ad/cable/test/good/020.png,36.935935974121094
M1_uniform,cable,2,shift_good,gamma_0.5,strong,gamma,good,/root/autodl-tmp/research-experiments/industrial-anomaly-detection/data/mvtec_ad/cable/test/good/021.png,38.27037048339844
M1_uniform,cable,2,shift_good,gamma_0.5,strong,gamma,good,/root/autodl-tmp/research-experiments/industrial-anomaly-detection/data/mvtec_ad/cable/test/good/022.png,40.23396301269531
M1_uniform,cable,2,shift_good,gamma_0.5,strong,gamma,good,/root/autodl-tmp/research-experiments/industrial-anomaly-detection/data/mvtec_ad/cable/test/good/023.png,37.80672836303711
M1_uniform,cable,2,shift_good,gamma_0.5,strong,gamma,good,/root/autodl-tmp/research-experiments/industrial-anomaly-detection/data/mvtec_ad/cable/test/good/024.png,40.357295989990234
M1_uniform,cable,2,shift_good,gamma_0.5,strong,gamma,good,/root/autodl-tmp/research-experiments/industrial-anomaly-detection/data/mvtec_ad/cable/test/good/025.png,38.20539474487305
M1_uniform,cable,2,shift_good,gamma_0.5,strong,gamma,good,/root/autodl-tmp/research-experiments/industrial-anomaly-detection/data/mvtec_ad/cable/test/good/026.png,36.950469970703125
M1_uniform,cable,2,shift_good,gamma_0.5,strong,gamma,good,/root/autodl-tmp/research-experiments/industrial-anomaly-detection/data/mvtec_ad/cable/test/good/027.png,38.4696159362793
M1_uniform,cable,2,shift_good,gamma_0.5,strong,gamma,good,/root/autodl-tmp/research-experiments/industrial-anomaly-detection/data/mvtec_ad/cable/test/good/028.png,38.00545883178711
M1_uniform,cable,2,shift_good,gamma_0.5,strong,gamma,good,/root/autodl-tmp/research-experiments/industrial-anomaly-detection/data/mvtec_ad/cable/test/good/029.png,38.75682067871094
M1_uniform,cable,2,shift_good,gamma_0.5,strong,gamma,good,/root/autodl-tmp/research-experiments/industrial-anomaly-detection/data/mvtec_ad/cable/test/good/030.png,41.18909454345703
M1_uniform,cable,2,shift_good,gamma_0.5,strong,gamma,good,/root/autodl-tmp/research-experiments/industrial-anomaly-detection/data/mvtec_ad/cable/test/good/031.png,39.859214782714844
M1_uniform,cable,2,shift_good,gamma_0.5,strong,gamma,good,/root/autodl-tmp/research-experiments/industrial-anomaly-detection/data/mvtec_ad/cable/test/good/032.png,39.231231689453125
M1_uniform,cable,2,shift_good,gamma_0.5,strong,gamma,good,/root/autodl-tmp/research-experiments/industrial-anomaly-detection/data/mvtec_ad/cable/test/good/033.png,38.41096115112305
M1_uniform,cable,2,shift_good,gamma_0.5,strong,gamma,good,/root/autodl-tmp/research-experiments/industrial-anomaly-detection/data/mvtec_ad/cable/test/good/034.png,42.406883239746094
M1_uniform,cable,2,shift_good,gamma_0.5,strong,gamma,good,/root/autodl-tmp/research-experiments/industrial-anomaly-detection/data/mvtec_ad/cable/test/good/035.png,40.01924514770508
M1_uniform,cable,2,shift_good,gamma_0.5,strong,gamma,good,/root/autodl-tmp/research-experiments/industrial-anomaly-detection/data/mvtec_ad/cable/test/good/036.png,38.87723922729492
M1_uniform,cable,2,shift_good,gamma_0.5,strong,gamma,good,/root/autodl-tmp/research-experiments/industrial-anomaly-detection/data/mvtec_ad/cable/test/good/037.png,40.53160858154297
M1_uniform,cable,2,shift_good,gamma_0.5,strong,gamma,good,/root/autodl-tmp/research-experiments/industrial-anomaly-detection/data/mvtec_ad/cable/test/good/038.png,39.85272979736328
M1_uniform,cable,2,shift_good,gamma_0.5,strong,gamma,good,/root/autodl-tmp/research-experiments/industrial-anomaly-detection/data/mvtec_ad/cable/test/good/039.png,43.489437103271484
M1_uniform,cable,2,shift_good,gamma_0.5,strong,gamma,good,/root/autodl-tmp/research-experiments/industrial-anomaly-detection/data/mvtec_ad/cable/test/good/040.png,38.97888946533203
M1_uniform,cable,2,shift_good,gamma_0.5,strong,gamma,good,/root/autodl-tmp/research-experiments/industrial-anomaly-detection/data/mvtec_ad/cable/test/good/041.png,39.83842849731445
M1_uniform,cable,2,shift_good,gamma_0.5,strong,gamma,good,/root/autodl-tmp/research-experiments/industrial-anomaly-detection/data/mvtec_ad/cable/test/good/042.png,41.035152435302734
M1_uniform,cable,2,shift_good,gamma_0.5,strong,gamma,good,/root/autodl-tmp/research-experiments/industrial-anomaly-detection/data/mvtec_ad/cable/test/good/043.png,41.37886047363281
M1_uniform,cable,2,shift_good,gamma_0.5,strong,gamma,good,/root/autodl-tmp/research-experiments/industrial-anomaly-detection/data/mvtec_ad/cable/test/good/044.png,39.727108001708984
M1_uniform,cable,2,shift_good,gamma_0.5,strong,gamma,good,/root/autodl-tmp/research-experiments/industrial-anomaly-detection/data/mvtec_ad/cable/test/good/045.png,39.999549865722656
M1_uniform,cable,2,shift_good,gamma_0.5,strong,gamma,good,/root/autodl-tmp/research-experiments/industrial-anomaly-detection/data/mvtec_ad/cable/test/good/046.png,37.98820114135742
M1_uniform,cable,2,shift_good,gamma_0.5,strong,gamma,good,/root/autodl-tmp/research-experiments/industrial-anomaly-detection/data/mvtec_ad/cable/test/good/047.png,39.691890716552734
M1_uniform,cable,2,shift_good,gamma_0.5,strong,gamma,good,/root/autodl-tmp/research-experiments/industrial-anomaly-detection/data/mvtec_ad/cable/test/good/048.png,38.4873161315918
M1_uniform,cable,2,shift_good,gamma_0.5,strong,gamma,good,/root/autodl-tmp/research-experiments/industrial-anomaly-detection/data/mvtec_ad/cable/test/good/049.png,40.36184310913086
M1_uniform,cable,2,shift_good,gamma_0.5,strong,gamma,good,/root/autodl-tmp/research-experiments/industrial-anomaly-detection/data/mvtec_ad/cable/test/good/050.png,40.03083801269531
M1_uniform,cable,2,shift_good,gamma_0.5,strong,gamma,good,/root/autodl-tmp/research-experiments/industrial-anomaly-detection/data/mvtec_ad/cable/test/good/051.png,42.024810791015625
M1_uniform,cable,2,shift_good,gamma_0.5,strong,gamma,good,/root/autodl-tmp/research-experiments/industrial-anomaly-detection/data/mvtec_ad/cable/test/good/052.png,38.68252182006836
M1_uniform,cable,2,shift_good,gamma_0.5,strong,gamma,good,/root/autodl-tmp/research-experiments/industrial-anomaly-detection/data/mvtec_ad/cable/test/good/053.png,39.82859802246094
M1_uniform,cable,2,shift_good,gamma_0.5,strong,gamma,good,/root/autodl-tmp/research-experiments/industrial-anomaly-detection/data/mvtec_ad/cable/test/good/054.png,40.09383773803711
M1_uniform,cable,2,shift_good,gamma_0.5,strong,gamma,good,/root/autodl-tmp/research-experiments/industrial-anomaly-detection/data/mvtec_ad/cable/test/good/055.png,41.64324951171875
M1_uniform,cable,2,shift_good,gamma_0.5,strong,gamma,good,/root/autodl-tmp/research-experiments/industrial-anomaly-detection/data/mvtec_ad/cable/test/good/056.png,37.595462799072266
M1_uniform,cable,2,shift_good,gamma_0.5,strong,gamma,good,/root/autodl-tmp/research-experiments/industrial-anomaly-detection/data/mvtec_ad/cable/test/good/057.png,49.736629486083984
M1_uniform,cable,2,shift_good,gamma_1.5,strong,gamma,good,/root/autodl-tmp/research-experiments/industrial-anomaly-detection/data/mvtec_ad/cable/test/good/000.png,34.525672912597656
M1_uniform,cable,2,shift_good,gamma_1.5,strong,gamma,good,/root/autodl-tmp/research-experiments/industrial-anomaly-detection/data/mvtec_ad/cable/test/good/001.png,40.02733612060547
M1_uniform,cable,2,shift_good,gamma_1.5,strong,gamma,good,/root/autodl-tmp/research-experiments/industrial-anomaly-detection/data/mvtec_ad/cable/test/good/002.png,38.33161926269531
M1_uniform,cable,2,shift_good,gamma_1.5,strong,gamma,good,/root/autodl-tmp/research-experiments/industrial-anomaly-detection/data/mvtec_ad/cable/test/good/003.png,35.96415328979492
M1_uniform,cable,2,shift_good,gamma_1.5,strong,gamma,good,/root/autodl-tmp/research-experiments/industrial-anomaly-detection/data/mvtec_ad/cable/test/good/004.png,35.18682098388672
M1_uniform,cable,2,shift_good,gamma_1.5,strong,gamma,good,/root/autodl-tmp/research-experiments/industrial-anomaly-detection/data/mvtec_ad/cable/test/good/005.png,35.87156677246094
M1_uniform,cable,2,shift_good,gamma_1.5,strong,gamma,good,/root/autodl-tmp/research-experiments/industrial-anomaly-detection/data/mvtec_ad/cable/test/good/006.png,36.682525634765625
M1_uniform,cable,2,shift_good,gamma_1.5,strong,gamma,good,/root/autodl-tmp/research-experiments/industrial-anomaly-detection/data/mvtec_ad/cable/test/good/007.png,37.94554138183594
M1_uniform,cable,2,shift_good,gamma_1.5,strong,gamma,good,/root/autodl-tmp/research-experiments/industrial-anomaly-detection/data/mvtec_ad/cable/test/good/008.png,36.95774459838867
M1_uniform,cable,2,shift_good,gamma_1.5,strong,gamma,good,/root/autodl-tmp/research-experiments/industrial-anomaly-detection/data/mvtec_ad/cable/test/good/009.png,36.56036376953125
M1_uniform,cable,2,shift_good,gamma_1.5,strong,gamma,good,/root/autodl-tmp/research-experiments/industrial-anomaly-detection/data/mvtec_ad/cable/test/good/010.png,34.71055603027344
M1_uniform,cable,2,shift_good,gamma_1.5,strong,gamma,good,/root/autodl-tmp/research-experiments/industrial-anomaly-detection/data/mvtec_ad/cable/test/good/011.png,37.07248306274414
M1_uniform,cable,2,shift_good,gamma_1.5,strong,gamma,good,/root/autodl-tmp/research-experiments/industrial-anomaly-detection/data/mvtec_ad/cable/test/good/012.png,38.07857894897461
M1_uniform,cable,2,shift_good,gamma_1.5,strong,gamma,good,/root/autodl-tmp/research-experiments/industrial-anomaly-detection/data/mvtec_ad/cable/test/good/013.png,40.66532897949219
M1_uniform,cable,2,shift_good,gamma_1.5,strong,gamma,good,/root/autodl-tmp/research-experiments/industrial-anomaly-detection/data/mvtec_ad/cable/test/good/014.png,38.85416793823242
M1_uniform,cable,2,shift_good,gamma_1.5,strong,gamma,good,/root/autodl-tmp/research-experiments/industrial-anomaly-detection/data/mvtec_ad/cable/test/good/015.png,36.888206481933594
M1_uniform,cable,2,shift_good,gamma_1.5,strong,gamma,good,/root/autodl-tmp/research-experiments/industrial-anomaly-detection/data/mvtec_ad/cable/test/good/016.png,36.924983978271484
M1_uniform,cable,2,shift_good,gamma_1.5,strong,gamma,good,/root/autodl-tmp/research-experiments/industrial-anomaly-detection/data/mvtec_ad/cable/test/good/017.png,35.68691635131836
M1_uniform,cable,2,shift_good,gamma_1.5,strong,gamma,good,/root/autodl-tmp/research-experiments/industrial-anomaly-detection/data/mvtec_ad/cable/test/good/018.png,39.249961853027344
M1_uniform,cable,2,shift_good,gamma_1.5,strong,gamma,good,/root/autodl-tmp/research-experiments/industrial-anomaly-detection/data/mvtec_ad/cable/test/good/019.png,39.49067687988281
M1_uniform,cable,2,shift_good,gamma_1.5,strong,gamma,good,/root/autodl-tmp/research-experiments/industrial-anomaly-detection/data/mvtec_ad/cable/test/good/020.png,36.10285949707031
M1_uniform,cable,2,shift_good,gamma_1.5,strong,gamma,good,/root/autodl-tmp/research-experiments/industrial-anomaly-detection/data/mvtec_ad/cable/test/good/021.png,35.82820510864258
M1_uniform,cable,2,shift_good,gamma_1.5,strong,gamma,good,/root/autodl-tmp/research-experiments/industrial-anomaly-detection/data/mvtec_ad/cable/test/good/022.png,38.01212692260742
M1_uniform,cable,2,shift_good,gamma_1.5,strong,gamma,good,/root/autodl-tmp/research-experiments/industrial-anomaly-detection/data/mvtec_ad/cable/test/good/023.png,36.13107681274414
M1_uniform,cable,2,shift_good,gamma_1.5,strong,gamma,good,/root/autodl-tmp/research-experiments/industrial-anomaly-detection/data/mvtec_ad/cable/test/good/024.png,39.50423812866211
M1_uniform,cable,2,shift_good,gamma_1.5,strong,gamma,good,/root/autodl-tmp/research-experiments/industrial-anomaly-detection/data/mvtec_ad/cable/test/good/025.png,35.802162170410156
M1_uniform,cable,2,shift_good,gamma_1.5,strong,gamma,good,/root/autodl-tmp/research-experiments/industrial-anomaly-detection/data/mvtec_ad/cable/test/good/026.png,35.23839569091797
M1_uniform,cable,2,shift_good,gamma_1.5,strong,gamma,good,/root/autodl-tmp/research-experiments/industrial-anomaly-detection/data/mvtec_ad/cable/test/good/027.png,36.21592330932617
M1_uniform,cable,2,shift_good,gamma_1.5,strong,gamma,good,/root/autodl-tmp/research-experiments/industrial-anomaly-detection/data/mvtec_ad/cable/test/good/028.png,36.1219482421875
M1_uniform,cable,2,shift_good,gamma_1.5,strong,gamma,good,/root/autodl-tmp/research-experiments/industrial-anomaly-detection/data/mvtec_ad/cable/test/good/029.png,36.0393180847168
M1_uniform,cable,2,shift_good,gamma_1.5,strong,gamma,good,/root/autodl-tmp/research-experiments/industrial-anomaly-detection/data/mvtec_ad/cable/test/good/030.png,41.9471321105957
M1_uniform,cable,2,shift_good,gamma_1.5,strong,gamma,good,/root/autodl-tmp/research-experiments/industrial-anomaly-detection/data/mvtec_ad/cable/test/good/031.png,36.21240997314453
M1_uniform,cable,2,shift_good,gamma_1.5,strong,gamma,good,/root/autodl-tmp/research-experiments/industrial-anomaly-detection/data/mvtec_ad/cable/test/good/032.png,36.71499252319336
M1_uniform,cable,2,shift_good,gamma_1.5,strong,gamma,good,/root/autodl-tmp/research-experiments/industrial-anomaly-detection/data/mvtec_ad/cable/test/good/033.png,36.48167037963867
M1_uniform,cable,2,shift_good,gamma_1.5,strong,gamma,good,/root/autodl-tmp/research-experiments/industrial-anomaly-detection/data/mvtec_ad/cable/test/good/034.png,38.40079879760742
M1_uniform,cable,2,shift_good,gamma_1.5,strong,gamma,good,/root/autodl-tmp/research-experiments/industrial-anomaly-detection/data/mvtec_ad/cable/test/good/035.png,36.526084899902344
M1_uniform,cable,2,shift_good,gamma_1.5,strong,gamma,good,/root/autodl-tmp/research-experiments/industrial-anomaly-detection/data/mvtec_ad/cable/test/good/036.png,36.94051742553711
M1_uniform,cable,2,shift_good,gamma_1.5,strong,gamma,good,/root/autodl-tmp/research-experiments/industrial-anomaly-detection/data/mvtec_ad/cable/test/good/037.png,36.88853454589844
M1_uniform,cable,2,shift_good,gamma_1.5,strong,gamma,good,/root/autodl-tmp/research-experiments/industrial-anomaly-detection/data/mvtec_ad/cable/test/good/038.png,37.71784591674805
M1_uniform,cable,2,shift_good,gamma_1.5,strong,gamma,good,/root/autodl-tmp/research-experiments/industrial-anomaly-detection/data/mvtec_ad/cable/test/good/039.png,40.28565216064453
M1_uniform,cable,2,shift_good,gamma_1.5,strong,gamma,good,/root/autodl-tmp/research-experiments/industrial-anomaly-detection/data/mvtec_ad/cable/test/good/040.png,36.05136489868164
M1_uniform,cable,2,shift_good,gamma_1.5,strong,gamma,good,/root/autodl-tmp/research-experiments/industrial-anomaly-detection/data/mvtec_ad/cable/test/good/041.png,38.057918548583984
M1_uniform,cable,2,shift_good,gamma_1.5,strong,gamma,good,/root/autodl-tmp/research-experiments/industrial-anomaly-detection/data/mvtec_ad/cable/test/good/042.png,39.209434509277344
M1_uniform,cable,2,shift_good,gamma_1.5,strong,gamma,good,/root/autodl-tmp/research-experiments/industrial-anomaly-detection/data/mvtec_ad/cable/test/good/043.png,37.15803146362305
M1_uniform,cable,2,shift_good,gamma_1.5,strong,gamma,good,/root/autodl-tmp/research-experiments/industrial-anomaly-detection/data/mvtec_ad/cable/test/good/044.png,36.95259475708008
M1_uniform,cable,2,shift_good,gamma_1.5,strong,gamma,good,/root/autodl-tmp/research-experiments/industrial-anomaly-detection/data/mvtec_ad/cable/test/good/045.png,38.031944274902344
M1_uniform,cable,2,shift_good,gamma_1.5,strong,gamma,good,/root/autodl-tmp/research-experiments/industrial-anomaly-detection/data/mvtec_ad/cable/test/good/046.png,35.3217658996582
M1_uniform,cable,2,shift_good,gamma_1.5,strong,gamma,good,/root/autodl-tmp/research-experiments/industrial-anomaly-detection/data/mvtec_ad/cable/test/good/047.png,36.89105224609375
M1_uniform,cable,2,shift_good,gamma_1.5,strong,gamma,good,/root/autodl-tmp/research-experiments/industrial-anomaly-detection/data/mvtec_ad/cable/test/good/048.png,38.112579345703125
M1_uniform,cable,2,shift_good,gamma_1.5,strong,gamma,good,/root/autodl-tmp/research-experiments/industrial-anomaly-detection/data/mvtec_ad/cable/test/good/049.png,37.726200103759766
M1_uniform,cable,2,shift_good,gamma_1.5,strong,gamma,good,/root/autodl-tmp/research-experiments/industrial-anomaly-detection/data/mvtec_ad/cable/test/good/050.png,36.67919921875
M1_uniform,cable,2,shift_good,gamma_1.5,strong,gamma,good,/root/autodl-tmp/research-experiments/industrial-anomaly-detection/data/mvtec_ad/cable/test/good/051.png,37.4350471496582
M1_uniform,cable,2,shift_good,gamma_1.5,strong,gamma,good,/root/autodl-tmp/research-experiments/industrial-anomaly-detection/data/mvtec_ad/cable/test/good/052.png,35.14341354370117
M1_uniform,cable,2,shift_good,gamma_1.5,strong,gamma,good,/root/autodl-tmp/research-experiments/industrial-anomaly-detection/data/mvtec_ad/cable/test/good/053.png,37.36841583251953
M1_uniform,cable,2,shift_good,gamma_1.5,strong,gamma,good,/root/autodl-tmp/research-experiments/industrial-anomaly-detection/data/mvtec_ad/cable/test/good/054.png,36.20532989501953
M1_uniform,cable,2,shift_good,gamma_1.5,strong,gamma,good,/root/autodl-tmp/research-experiments/industrial-anomaly-detection/data/mvtec_ad/cable/test/good/055.png,39.373287200927734
M1_uniform,cable,2,shift_good,gamma_1.5,strong,gamma,good,/root/autodl-tmp/research-experiments/industrial-anomaly-detection/data/mvtec_ad/cable/test/good/056.png,37.24921798706055
M1_uniform,cable,2,shift_good,gamma_1.5,strong,gamma,good,/root/autodl-tmp/research-experiments/industrial-anomaly-detection/data/mvtec_ad/cable/test/good/057.png,43.764259338378906
